architecture,seed,node_id,label,success,degree,clean_margin,trigger_margin,delta_margin,c_v,b_norm,b_q_cos,trigger_norm,trigger_victim_cos,edge_clean_percentile,edge_survives_tau_0_1,negative_ratio,density,nnz,actual_residual_norm_ratio,actual_residual_q_cos,knn_score,knn_percentile,mahalanobis_score,mahalanobis_percentile,pca_residual_score,pca_residual_percentile,ood_score,ood_percentile,payload_residual_l2,payload_residual_cos,total_residual_q_cos,total_residual_norm_ratio,payload_amp_ratio,trigger_l1,victim_l1,trigger_l1_ratio
GCN,265,1370,6,1,8,-1.5366575717926025,1.6687440872192383,3.205401659011841,0.6123723983764648,0.021423550322651863,-0.0019321450963616371,1.328260064125061,0.0,0.10837438423645321,0,0.0,0.0034891835310537334,5,1.000295877456665,0.9996533989906311,1.280008691668803,1.0,154.60775756835938,1.0,1.3181915283203125,1.0,1.3181915283203125,1.0,1.825012141409843e-08,1.0000001192092896,0.9996533989906311,1.000295877456665,5.144328594207764,2.279775619506836,1.0,2.279775619506836
GCN,265,1376,0,1,3,2.5286593437194824,5.819013595581055,3.2903542518615723,0.8017836213111877,0.0350797064602375,0.0,1.0144754648208618,0.0,0.10837438423645321,0,0.0,0.0034891835310537334,5,1.000929594039917,0.9990713000297546,0.9723540606496855,1.0,118.04334259033203,1.0,1.0064208507537842,1.0,1.0064208507537842,1.0,0.0,1.0000001192092896,0.9990713000297546,1.000929594039917,4.758311748504639,1.741207480430603,1.0,1.741207480430603
GCN,265,1378,2,1,3,-3.9487266540527344,2.413069248199463,6.361795902252197,0.8017836213111877,0.052128564566373825,0.0,1.0144754648208618,0.0,0.10837438423645321,0,0.0,0.0034891835310537334,5,1.0020514726638794,0.9979527592658997,0.9723540606496855,1.0,118.04334259033203,1.0,1.0064208507537842,1.0,1.0064208507537842,1.0,3.725290298461914e-09,1.0000001192092896,0.9979527592658997,1.0020514726638794,4.865253448486328,1.741207480430603,1.0,1.741207480430603
GCN,265,1392,3,1,3,-1.9379453659057617,4.476703643798828,6.41464900970459,0.8017836213111877,0.035835810005664825,-0.035771168768405914,1.0144754648208618,0.0,0.10837438423645321,0,0.0,0.0034891835310537334,5,0.999394416809082,0.9990290403366089,0.9723540606496855,1.0,118.04334259033203,1.0,1.0064208507537842,1.0,1.0064208507537842,1.0,7.450580596923828e-09,1.0000001192092896,0.9990290403366089,0.999394416809082,4.758311748504639,1.741207480430603,1.0,1.741207480430603
GCN,265,1393,3,1,1,-2.4180970191955566,4.01298189163208,6.431078910827637,0.9486831426620483,0.08223089575767517,0.0,0.8573882579803467,0.0,0.10837438423645321,0,0.0,0.0034891835310537334,5,1.0050972700119019,0.9949285387992859,0.8200823869837026,1.0,99.74270629882812,1.0,0.8503942489624023,1.0,0.8503942489624023,1.0,6.006850128414953e-08,1.0000001192092896,0.9949285387992859,1.0050972700119019,3.929046630859375,1.4715889692306519,1.0,1.4715889692306519
GCN,265,1400,3,1,2,-6.892312049865723,0.8017547130584717,7.694066762924194,0.8660253286361694,0.058645207434892654,-0.03206624463200569,0.9392216801643372,0.0,0.10837438423645321,0,0.0,0.0034891835310537334,5,1.0002870559692383,0.9974016547203064,0.8992005135073163,1.0,109.27578735351562,1.0,0.9316691160202026,1.0,0.9316691160202026,1.0,6.705522537231445e-08,1.0,0.9974016547203064,1.0002870559692383,3.8725101947784424,1.6120448112487793,1.0,1.6120448112487793
GCN,265,1416,0,1,18,3.8236241340637207,8.242166519165039,4.418542385101318,0.4522669315338135,0.013079440221190453,-0.03321823477745056,1.7984728813171387,0.0,0.10837438423645321,0,0.0,0.0034891835310537334,5,0.999595046043396,0.9998708367347717,1.7451267509006285,1.0,209.41043090820312,1.0,1.7855104207992554,1.0,1.7855104207992554,1.0,1.5722534385531617e-08,1.0000001192092896,0.9998708367347717,0.999595046043396,8.24163818359375,3.0868310928344727,1.0,3.0868310928344727
GCN,265,1422,4,1,1,-4.333569526672363,3.688948631286621,8.022518157958984,0.9486831426620483,0.0850110873579979,0.0,0.8573882579803467,0.0,0.10837438423645321,0,0.0,0.0034891835310537334,5,1.0054467916488647,0.9945827126502991,0.8200823869837026,1.0,99.74270629882812,1.0,0.8503942489624023,1.0,0.8503942489624023,1.0,6.006850128414953e-08,1.0000001192092896,0.9945827126502991,1.0054467916488647,3.320650100708008,1.4715889692306519,1.0000001192092896,1.4715888500213623
GCN,265,1423,3,1,2,0.14769601821899414,5.243964195251465,5.096268177032471,0.8660253286361694,0.046310484409332275,0.0,0.9392216801643372,0.0,0.10837438423645321,0,0.0,0.0034891835310537334,5,1.0016194581985474,0.9983832240104675,0.8992005135073163,1.0,109.27578735351562,1.0,0.9316691160202026,1.0,0.9316691160202026,1.0,6.705522537231445e-08,1.0,0.9983832240104675,1.0016194581985474,4.200326919555664,1.6120448112487793,1.0,1.6120448112487793
GCN,265,1425,4,1,2,-3.029417037963867,5.260934352874756,8.290351390838623,0.8660253286361694,0.04911937192082405,-0.009211077354848385,0.9392216801643372,0.0,0.10837438423645321,0,0.0,0.0034891835310537334,5,1.0012662410736084,0.9981797933578491,0.8992005135073163,1.0,109.27578735351562,1.0,0.9316691160202026,1.0,0.9316691160202026,1.0,6.705522537231445e-08,1.0,0.9981797933578491,1.0012662410736084,4.3040547370910645,1.6120448112487793,1.0,1.6120448112487793
GCN,265,1429,4,1,3,-3.0384044647216797,4.814387798309326,7.852792263031006,0.8017836213111877,0.04172129929065704,0.0,1.0144754648208618,0.0,0.10837438423645321,0,0.0,0.0034891835310537334,5,1.001314640045166,0.9986871480941772,0.9723540606496855,1.0,118.04334259033203,1.0,1.0064208507537842,1.0,1.0064208507537842,1.0,0.0,1.0000001192092896,0.9986871480941772,1.001314640045166,4.9698944091796875,1.741207480430603,1.0,1.741207480430603
GCN,265,1434,3,1,2,-4.718190670013428,2.3430795669555664,7.061270236968994,0.8660253286361694,0.0720544308423996,0.0,0.9392216801643372,0.0,0.10837438423645321,0,0.0,0.0034891835310537334,5,1.0039160251617432,0.9960992932319641,0.8992005135073163,1.0,109.27578735351562,1.0,0.9316691160202026,1.0,0.9316691160202026,1.0,6.705522537231445e-08,1.0,0.9960992932319641,1.0039160251617432,2.3006138801574707,1.6120448112487793,1.0,1.6120448112487793
GCN,265,1436,5,1,1,-4.013643741607666,5.229363918304443,9.24300765991211,0.9486831426620483,0.08288966119289398,0.0,0.8573882579803467,0.0,0.10837438423645321,0,0.0,0.0034891835310537334,5,1.0051789283752441,0.9948477745056152,0.8200823869837026,1.0,99.74270629882812,1.0,0.8503942489624023,1.0,0.8503942489624023,1.0,6.006850128414953e-08,1.0000001192092896,0.9948477745056152,1.0051789283752441,4.021507263183594,1.4715889692306519,1.0,1.4715889692306519
GCN,265,1437,4,1,1,-1.1113371849060059,5.006083011627197,6.117420196533203,0.9486831426620483,0.07450384646654129,0.0,0.8573882579803467,0.0,0.10837438423645321,0,0.0,0.0034891835310537334,5,1.0041861534118652,0.995831310749054,0.8200823869837026,1.0,99.74270629882812,1.0,0.8503942489624023,1.0,0.8503942489624023,1.0,6.006850128414953e-08,1.0000001192092896,0.995831310749054,1.0041861534118652,4.3718390464782715,1.4715889692306519,1.0,1.4715889692306519
GCN,265,1441,5,1,23,-2.339541435241699,1.963136911392212,4.302678346633911,0.40824824571609497,0.016554512083530426,-0.004676199518144131,1.9923902750015259,0.0,0.10837438423645321,0,0.0,0.0034891835310537334,5,1.0001120567321777,0.9997929334640503,1.9376594108713874,1.0,232.01303100585938,1.0,1.9782558679580688,1.0,1.9782558679580688,1.0,6.384826178873482e-08,1.0,0.9997929334640503,1.0001120567321777,8.452996253967285,3.419663429260254,1.0,3.419663429260254
GCN,265,1442,3,1,2,-3.054427146911621,3.1339633464813232,6.188390493392944,0.8660253286361694,0.056303102523088455,0.0,0.9392216801643372,0.0,0.10837438423645321,0,0.0,0.0034891835310537334,5,1.0023927688598633,0.9976129531860352,0.8992005135073163,1.0,109.27578735351562,1.0,0.9316691160202026,1.0,0.9316691160202026,1.0,6.705522537231445e-08,1.0,0.9976129531860352,1.0023927688598633,4.3040547370910645,1.6120448112487793,1.0,1.6120448112487793
GCN,265,1444,2,1,4,-2.777592897415161,4.1455230712890625,6.923115968704224,0.7499998807907104,0.03330957144498825,-0.014205431565642357,1.084519863128662,0.0,0.10837438423645321,0,0.0,0.0034891835310537334,5,1.0002567768096924,0.9991617798805237,1.0407128672118384,1.0,126.20463562011719,1.0,1.076006293296814,1.0,1.076006293296814,1.0,8.33000246558413e-09,1.0000001192092896,0.9991617798805237,1.0002567768096924,5.201174259185791,1.861429214477539,1.0,1.861429214477539
GCN,265,1448,1,1,5,-2.089604139328003,3.1623196601867676,5.2519237995147705,0.7071066498756409,0.02160467952489853,-0.01093592494726181,1.150307059288025,0.017534777522087097,0.10837438423645321,0,0.0,0.0034891835310537334,5,1.000062346458435,0.999647319316864,1.1051090585391374,1.0,133.870361328125,1.0,1.1413679122924805,1.0,1.1413679122924805,1.0,1.4901161193847656e-08,1.0000001192092896,0.999647319316864,1.000062346458435,4.742837429046631,1.9743437767028809,1.0,1.9743437767028809
GCN,265,1450,3,1,3,-4.55482816696167,2.0568785667419434,6.611706733703613,0.8017836213111877,0.04063565284013748,0.0,1.0144754648208618,0.0,0.10837438423645321,0,0.0,0.0034891835310537334,5,1.0012471675872803,0.9987544417381287,0.9723540606496855,1.0,118.04334259033203,1.0,1.0064208507537842,1.0,1.0064208507537842,1.0,0.0,1.0000001192092896,0.9987544417381287,1.0012471675872803,4.865253448486328,1.741207480430603,1.0,1.741207480430603
GCN,265,1452,4,1,3,-3.1596059799194336,4.325884819030762,7.485490798950195,0.8017836213111877,0.039163362234830856,0.0,1.0144754648208618,0.0,0.10837438423645321,0,0.0,0.0034891835310537334,5,1.001158595085144,0.9988428354263306,0.9723540606496855,1.0,118.04334259033203,1.0,1.0064208507537842,1.0,1.0064208507537842,1.0,0.0,1.0000001192092896,0.9988428354263306,1.001158595085144,4.057901859283447,1.741207480430603,1.0,1.741207480430603
GCN,265,1457,3,1,3,-4.852271556854248,2.832488536834717,7.684760093688965,0.8017836213111877,0.044011928141117096,-0.0061630792915821075,1.0144754648208618,0.0,0.10837438423645321,0,0.0,0.0034891835310537334,5,1.0011297464370728,0.9985384941101074,0.9723540606496855,1.0,118.04334259033203,1.0,1.0064208507537842,1.0,1.0064208507537842,1.0,0.0,1.0000001192092896,0.9985384941101074,1.0011297464370728,4.536871910095215,1.741207480430603,1.0,1.741207480430603
GCN,265,1476,6,1,2,-2.679079532623291,1.5791850090026855,4.258264541625977,0.8660253286361694,0.0553131178021431,-0.02618725597858429,0.9392216801643372,0.0,0.10837438423645321,0,0.0,0.0034891835310537334,5,1.0005310773849487,0.9976892471313477,0.8992005135073163,1.0,109.27578735351562,1.0,0.9316691160202026,1.0,0.9316691160202026,1.0,6.828570064953965e-08,1.0,0.9976892471313477,1.0005310773849487,4.504349231719971,1.6120448112487793,1.0,1.6120448112487793
GCN,265,1486,2,1,3,-3.7531824111938477,3.346217393875122,7.09939980506897,0.8017836213111877,0.03606593608856201,-0.05883978679776192,1.0144754648208618,0.0,0.10837438423645321,0,0.0,0.0034891835310537334,5,0.9983726739883423,0.9990167617797852,0.9723540606496855,1.0,118.04334259033203,1.0,1.0064208507537842,1.0,1.0064208507537842,1.0,3.725290298461914e-09,1.0000001192092896,0.9990167617797852,0.9983726739883423,3.657742977142334,1.741207480430603,1.0,1.741207480430603
GCN,265,1487,6,1,4,-0.9520609974861145,2.00559663772583,2.9576576352119446,0.7499998807907104,0.027274535968899727,-0.007952223531901836,1.084519863128662,0.014459549449384212,0.10837438423645321,0,0.0,0.0034891835310537334,5,1.0002955198287964,0.9994380474090576,1.0407128672118384,1.0,126.20463562011719,1.0,1.076006293296814,1.0,1.076006293296814,1.0,8.33000246558413e-09,1.0000001192092896,0.9994380474090576,1.0002955198287964,5.4225993156433105,1.861429214477539,1.0,1.861429214477539
GCN,265,1493,4,1,1,-1.0547367334365845,5.010319232940674,6.065055966377258,0.9486831426620483,0.07283671945333481,0.0,0.8573882579803467,0.0,0.10837438423645321,0,0.0,0.0034891835310537334,5,1.004001259803772,0.9960146546363831,0.8200823869837026,1.0,99.74270629882812,1.0,0.8503942489624023,1.0,0.8503942489624023,1.0,6.006850128414953e-08,1.0000001192092896,0.9960146546363831,1.004001259803772,3.7372686862945557,1.4715889692306519,1.0,1.4715889692306519
GCN,265,1499,2,1,4,-3.278981924057007,3.4414124488830566,6.7203943729400635,0.7499998807907104,0.032199643552303314,0.0,1.084519863128662,0.0,0.10837438423645321,0,0.0,0.0034891835310537334,5,1.0007833242416382,0.9992173910140991,1.0407128672118384,1.0,126.20463562011719,1.0,1.076006293296814,1.0,1.076006293296814,1.0,7.450580596923828e-09,1.0000001192092896,0.9992173910140991,1.0007833242416382,5.086849212646484,1.861429214477539,1.0,1.861429214477539
GCN,265,1501,6,1,7,-1.3226866722106934,1.9243658781051636,3.247052550315857,0.6396021246910095,0.021951092407107353,-0.0030661781784147024,1.2717121839523315,0.0,0.10837438423645321,0,0.0,0.0034891835310537334,5,1.0002814531326294,0.9996359348297119,1.2243356596549602,1.0,148.01780700683594,1.0,1.2619996070861816,1.0,1.2619996070861816,1.0,1.5359765015432458e-08,1.0000001192092896,0.9996359348297119,1.0002814531326294,5.3954176902771,2.1827187538146973,1.0,2.1827187538146973
GCN,265,1506,2,1,2,-2.17222261428833,3.722196102142334,5.894418716430664,0.8660253286361694,0.05089077353477478,0.0,0.9392216801643372,0.0,0.10837438423645321,0,0.0,0.0034891835310537334,5,1.001955270767212,0.9980485439300537,0.8992005135073163,1.0,109.27578735351562,1.0,0.9316691160202026,1.0,0.9316691160202026,1.0,6.705522537231445e-08,1.0,0.9980485439300537,1.001955270767212,3.9847800731658936,1.6120448112487793,1.0,1.6120448112487793
GCN,265,1507,0,1,6,-1.3493720293045044,2.041869640350342,3.391241669654846,0.6708203554153442,0.028268294408917427,0.0,1.2125300168991089,0.0,0.10837438423645321,0,0.0,0.0034891835310537334,5,1.0006039142608643,0.9993966221809387,1.166159309467222,1.0,141.12112426757812,1.0,1.2031928300857544,1.0,1.2031928300857544,1.0,6.052880507922964e-08,1.0,0.9993966221809387,1.0006039142608643,4.536871433258057,2.0811409950256348,1.0,2.0811409950256348
GCN,265,1523,0,1,2,0.5453547239303589,4.191291809082031,3.6459370851516724,0.8660253286361694,0.05808721482753754,-0.07805012911558151,0.9392216801643372,0.0,0.10837438423645321,0,0.0,0.0034891835310537334,5,0.9969714879989624,0.9974469542503357,0.8992005135073163,1.0,109.27578735351562,1.0,0.9316691160202026,1.0,0.9316691160202026,1.0,3.0719530030864917e-08,1.0,0.9974469542503357,0.9969714879989624,4.093972206115723,1.6120448112487793,1.0,1.6120448112487793
GCN,265,1541,3,1,1,-5.317115783691406,2.829118490219116,8.146234273910522,0.9486831426620483,0.09069238603115082,0.0,0.8573882579803467,0.0,0.10837438423645321,0,0.0,0.0034891835310537334,5,1.0061967372894287,0.9938413500785828,0.8200823869837026,1.0,99.74270629882812,1.0,0.8503942489624023,1.0,0.8503942489624023,1.0,6.006850128414953e-08,1.0000001192092896,0.9938413500785828,1.0061967372894287,3.7372689247131348,1.4715889692306519,1.0,1.4715889692306519
GCN,265,1546,2,1,5,-5.410221576690674,2.2523412704467773,7.662562847137451,0.7071066498756409,0.025761853903532028,-0.05751637741923332,1.150307059288025,0.0,0.10837438423645321,0,0.0,0.0034891835310537334,5,0.998678982257843,0.9994986653327942,1.1051090585391374,1.0,133.870361328125,1.0,1.1413679122924805,1.0,1.1413679122924805,1.0,1.4901161193847656e-08,1.0000001192092896,0.9994986653327942,0.998678982257843,4.742837429046631,1.9743437767028809,1.0,1.9743437767028809
GCN,265,1554,3,0,4,-8.359511375427246,-2.2557170391082764,6.10379433631897,0.7499998807907104,0.057508327066898346,0.0,1.084519863128662,0.0,0.10837438423645321,0,0.0,0.0034891835310537334,5,1.002496361732483,0.9975098967552185,1.0407128672118384,1.0,126.20463562011719,1.0,1.076006293296814,1.0,1.076006293296814,1.0,7.450580596923828e-09,1.0000001192092896,0.9975098967552185,1.002496361732483,1.8784433603286743,1.861429214477539,1.0,1.861429214477539
GCN,265,1561,1,1,2,-1.605287790298462,3.424123525619507,5.029411315917969,0.8660253286361694,0.04245861992239952,0.0,0.9392216801643372,0.0,0.10837438423645321,0,0.0,0.0034891835310537334,5,1.0013614892959595,0.9986404180526733,0.8992005135073163,1.0,109.27578735351562,1.0,0.9316691160202026,1.0,0.9316691160202026,1.0,6.705522537231445e-08,1.0,0.9986404180526733,1.0013614892959595,4.093972206115723,1.6120448112487793,1.0,1.6120448112487793
GCN,265,1565,2,1,2,-4.336117744445801,1.0701804161071777,5.4062981605529785,0.8660253286361694,0.12177783250808716,0.0,0.9392216801643372,0.0,0.10837438423645321,0,0.0,0.0034891835310537334,5,1.0111452341079712,0.9889775514602661,0.8992005135073163,1.0,109.27578735351562,1.0,0.9316691160202026,1.0,0.9316691160202026,1.0,6.705522537231445e-08,1.0,0.9889775514602661,1.0111452341079712,1.328260064125061,1.6120448112487793,1.0,1.6120448112487793
GCN,265,1567,3,0,4,-5.799283504486084,-0.4082601070404053,5.391023397445679,0.7499998807907104,0.048893678933382034,0.0,1.084519863128662,0.0,0.10837438423645321,0,0.0,0.0034891835310537334,5,1.0018051862716675,0.9981981515884399,1.0407128672118384,1.0,126.20463562011719,1.0,1.076006293296814,1.0,1.076006293296814,1.0,7.450580596923828e-09,1.0000001192092896,0.9981981515884399,1.0018051862716675,3.0674853324890137,1.861429214477539,1.0,1.861429214477539
GCN,265,1568,2,1,4,-3.2293808460235596,3.266019344329834,6.4954001903533936,0.7499998807907104,0.026322316378355026,-0.00445927307009697,1.084519863128662,0.0,0.10837438423645321,0,0.0,0.0034891835310537334,5,1.0003793239593506,0.9994765520095825,1.0407128672118384,1.0,126.20463562011719,1.0,1.076006293296814,1.0,1.076006293296814,1.0,8.33000246558413e-09,1.0000001192092896,0.9994765520095825,1.0003793239593506,4.6012282371521,1.861429214477539,1.0,1.861429214477539
GCN,265,1583,0,1,10,-0.7466988563537598,2.72566556930542,3.4723644256591797,0.5669466257095337,0.01588885299861431,-0.01873493194580078,1.4346848726272583,0.0,0.10837438423645321,0,0.0,0.0034891835310537334,5,0.9998248815536499,0.999809205532074,1.384979188535478,1.0,167.0106658935547,1.0,1.4239519834518433,1.0,1.4239519834518433,1.0,3.4142850324769825e-08,1.0000001192092896,0.999809205532074,0.9998248815536499,6.416105270385742,2.4624390602111816,1.0,2.4624390602111816
GCN,265,1589,2,1,3,-4.373357772827148,3.515511989593506,7.888869762420654,0.8017836213111877,0.032903023064136505,-0.004309309180825949,1.0144754648208618,0.0,0.10837438423645321,0,0.0,0.0034891835310537334,5,1.0006437301635742,0.9991825819015503,0.9723540606496855,1.0,118.04334259033203,1.0,1.0064208507537842,1.0,1.0064208507537842,1.0,3.725290298461914e-09,1.0000001192092896,0.9991825819015503,1.0006437301635742,4.865253448486328,1.741207480430603,1.0,1.741207480430603
GCN,265,1591,3,1,1,-6.059260368347168,2.4921722412109375,8.551432609558105,0.9486831426620483,0.07737024128437042,-0.1019594669342041,0.8573882579803467,0.08089875429868698,0.22110647972716937,0,0.0,0.0034891835310537334,5,0.9948119521141052,0.9954659938812256,0.8200823869837026,1.0,99.74270629882812,1.0,0.8503942489624023,1.0,0.8503942489624023,1.0,6.705522537231445e-08,1.0,0.9954659938812256,0.9948119521141052,4.286941051483154,1.4715889692306519,0.9999999403953552,1.4715890884399414
GCN,265,1597,3,1,2,-2.813945770263672,4.442630767822266,7.2565765380859375,0.8660253286361694,0.07410874962806702,-0.014098221436142921,0.9392216801643372,0.030064154416322708,0.10837438423645321,0,0.0,0.0034891835310537334,5,1.0028619766235352,0.9958654046058655,0.8992005135073163,1.0,109.27578735351562,1.0,0.9316691160202026,1.0,0.9316691160202026,1.0,6.705522537231445e-08,1.0,0.9958654046058655,1.0028619766235352,4.5043487548828125,1.6120448112487793,1.0,1.6120448112487793
GCN,265,1600,3,1,1,-3.7203047275543213,4.264267921447754,7.984572649002075,0.9486831426620483,0.08537032455205917,0.0,0.8573882579803467,0.0,0.10837438423645321,0,0.0,0.0034891835310537334,5,1.0054928064346313,0.9945371747016907,0.8200823869837026,1.0,99.74270629882812,1.0,0.8503942489624023,1.0,0.8503942489624023,1.0,6.006850128414953e-08,1.0000001192092896,0.9945371747016907,1.0054928064346313,3.8343565464019775,1.4715889692306519,1.0,1.4715889692306519
GCN,265,1602,0,1,10,4.287445545196533,7.700204849243164,3.412759304046631,0.5669466257095337,0.01875675655901432,-0.019438061863183975,1.4346848726272583,0.08434279263019562,0.22735884804850323,0,0.0,0.0034891835310537334,5,0.9998176693916321,0.999734103679657,1.384979188535478,1.0,167.0106658935547,1.0,1.4239519834518433,1.0,1.4239519834518433,1.0,1.493023660259496e-08,1.0000001192092896,0.999734103679657,0.9998176693916321,6.88050651550293,2.4624390602111816,1.0,2.4624390602111816
GCN,265,1605,3,1,3,-4.069244384765625,2.7724380493164062,6.841682434082031,0.8017836213111877,0.034807637333869934,0.0,1.0144754648208618,0.0,0.10837438423645321,0,0.0,0.0034891835310537334,5,1.0009151697158813,0.9990857243537903,0.9723540606496855,1.0,118.04334259033203,1.0,1.0064208507537842,1.0,1.0064208507537842,1.0,0.0,1.0000001192092896,0.9990857243537903,1.0009151697158813,4.648910999298096,1.741207480430603,1.0,1.741207480430603
GCN,265,1611,3,1,2,-3.707123279571533,4.231648921966553,7.938772201538086,0.8660253286361694,0.08774266391992569,0.0,0.9392216801643372,0.0,0.10837438423645321,0,0.0,0.0034891835310537334,5,1.0058013200759888,0.9942320585250854,0.8992005135073163,1.0,109.27578735351562,1.0,0.9316691160202026,1.0,0.9316691160202026,1.0,6.705522537231445e-08,1.0,0.9942320585250854,1.0058013200759888,2.3006138801574707,1.6120448112487793,1.0,1.6120448112487793
GCN,265,1628,0,1,17,4.5949296951293945,9.25404167175293,4.659111976623535,0.462909996509552,0.013872211799025536,-0.018686281517148018,1.7571229934692383,0.0,0.10837438423645321,0,0.0,0.0034891835310537334,5,0.9998266696929932,0.9998546242713928,1.7041127551566526,1.0,204.59085083007812,1.0,1.7444112300872803,1.0,1.7444112300872803,1.0,6.009737063550347e-08,1.0000001192092896,0.9998546242713928,0.9998266696929932,7.858092308044434,3.015859603881836,1.0,3.015859603881836
GCN,265,1629,2,1,3,-3.3000619411468506,4.523674964904785,7.823736906051636,0.8017836213111877,0.040660664439201355,-0.049624036997556686,1.0144754648208618,0.04466484859585762,0.11708980674497915,0,0.0,0.0034891835310537334,5,0.9987680912017822,0.9987497925758362,0.9723540606496855,1.0,118.04334259033203,1.0,1.0064208507537842,1.0,1.0064208507537842,1.0,0.0,1.0000001192092896,0.9987497925758362,0.9987680912017822,5.0723772048950195,1.741207480430603,0.9999999403953552,1.7412075996398926
GCN,265,1632,2,1,3,-4.373703479766846,3.3071558475494385,7.680859327316284,0.8017836213111877,0.0515323206782341,0.0,1.0144754648208618,0.0,0.10837438423645321,0,0.0,0.0034891835310537334,5,1.0020049810409546,0.9979991912841797,0.9723540606496855,1.0,118.04334259033203,1.0,1.0064208507537842,1.0,1.0064208507537842,1.0,0.0,1.0000001192092896,0.9979991912841797,1.0020049810409546,2.6840498447418213,1.741207480430603,1.0,1.741207480430603
GCN,265,1637,0,1,2,-1.2602014541625977,2.7431774139404297,4.003378868103027,0.8660253286361694,0.07311322540044785,0.0,0.9392216801643372,0.0,0.10837438423645321,0,0.0,0.0034891835310537334,5,1.0040316581726074,0.9959845542907715,0.8992005135073163,1.0,109.27578735351562,1.0,0.9316691160202026,1.0,0.9316691160202026,1.0,6.705522537231445e-08,1.0,0.9959845542907715,1.0040316581726074,2.656520128250122,1.6120448112487793,1.0,1.6120448112487793
GCN,265,1644,0,1,2,0.8210665583610535,4.658792018890381,3.8377254605293274,0.8660253286361694,0.042852409183979034,0.0,0.9392216801643372,0.0,0.10837438423645321,0,0.0,0.0034891835310537334,5,1.0013867616653442,0.9986151456832886,0.8992005135073163,1.0,109.27578735351562,1.0,0.9316691160202026,1.0,0.9316691160202026,1.0,6.705522537231445e-08,1.0,0.9986151456832886,1.0013867616653442,3.9847800731658936,1.6120448112487793,1.0,1.6120448112487793
GCN,265,1645,3,1,4,-1.7742807865142822,1.9937880039215088,3.768068790435791,0.7499998807907104,0.03293371573090553,0.0,1.084519863128662,0.0,0.10837438423645321,0,0.0,0.0034891835310537334,5,1.000819444656372,0.99918133020401,1.0407128672118384,1.0,126.20463562011719,1.0,1.076006293296814,1.0,1.076006293296814,1.0,7.902533738501916e-09,1.0000001192092896,0.99918133020401,1.000819444656372,4.6012282371521,1.861429214477539,1.0,1.861429214477539
GCN,265,1653,4,1,5,-4.100403308868408,3.4426589012145996,7.543062210083008,0.7071066498756409,0.027107518166303635,-0.007055750582367182,1.150307059288025,0.015776662155985832,0.10837438423645321,0,0.0,0.0034891835310537334,5,1.0003201961517334,0.9994449615478516,1.1051090585391374,1.0,133.870361328125,1.0,1.1413679122924805,1.0,1.1413679122924805,1.0,1.580506747700383e-08,1.0000001192092896,0.9994449615478516,1.0003201961517334,5.271369457244873,1.9743437767028809,1.0,1.9743437767028809
GCN,265,1661,5,1,4,0.10422754287719727,3.5980141162872314,3.493786573410034,0.7499998807907104,0.024772167205810547,-0.01216044556349516,1.084519863128662,0.017040744423866272,0.10837438423645321,0,0.0,0.0034891835310537334,5,1.0000934600830078,0.9995362758636475,1.0407128672118384,1.0,126.20463562011719,1.0,1.076006293296814,1.0,1.076006293296814,1.0,8.33000246558413e-09,1.0000001192092896,0.9995362758636475,1.0000934600830078,4.6012282371521,1.861429214477539,1.0,1.861429214477539
GCN,265,1668,2,1,2,-1.8751986026763916,3.4659810066223145,5.341179609298706,0.8660253286361694,0.052428293973207474,-0.02425406686961651,0.9392216801643372,0.0,0.10837438423645321,0,0.0,0.0034891835310537334,5,1.0005137920379639,0.9979239702224731,0.8992005135073163,1.0,109.27578735351562,1.0,0.9316691160202026,1.0,0.9316691160202026,1.0,6.869095869888042e-08,1.0,0.9979239702224731,1.0005137920379639,4.601227760314941,1.6120448112487793,1.0,1.6120448112487793
GCN,265,1675,6,1,4,-0.9332482814788818,2.967985153198242,3.901233434677124,0.7499998807907104,0.028180701658129692,0.0,1.084519863128662,0.0,0.10837438423645321,0,0.0,0.0034891835310537334,5,1.000599980354309,0.9994003772735596,1.0407128672118384,1.0,126.20463562011719,1.0,1.076006293296814,1.0,1.076006293296814,1.0,7.450580596923828e-09,1.0000001192092896,0.9994003772735596,1.000599980354309,4.8501200675964355,1.861429214477539,1.0,1.861429214477539
GCN,265,1679,3,1,3,-5.74964714050293,1.634047269821167,7.383694410324097,0.8017836213111877,0.04936723783612251,-0.02054540440440178,1.0144754648208618,0.0,0.10837438423645321,0,0.0,0.0034891835310537334,5,1.0005947351455688,0.9981594085693359,0.9723540606496855,1.0,118.04334259033203,1.0,1.0064208507537842,1.0,1.0064208507537842,1.0,1.4901161193847656e-08,1.0000001192092896,0.9981594085693359,1.0005947351455688,4.1827898025512695,1.741207480430603,1.0,1.741207480430603
GCN,265,1684,3,1,2,-5.608506679534912,1.5612995624542236,7.169806241989136,0.8660253286361694,0.07073012739419937,0.0,0.9392216801643372,0.0,0.10837438423645321,0,0.0,0.0034891835310537334,5,1.00377357006073,0.9962406158447266,0.8992005135073163,1.0,109.27578735351562,1.0,0.9316691160202026,1.0,0.9316691160202026,1.0,6.705522537231445e-08,1.0,0.9962406158447266,1.00377357006073,3.1150457859039307,1.6120448112487793,1.0,1.6120448112487793
GCN,265,1688,4,1,3,-1.925782322883606,5.527264595031738,7.453046917915344,0.8017836213111877,0.042996279895305634,0.0,1.0144754648208618,0.0,0.10837438423645321,0,0.0,0.0034891835310537334,5,1.0013962984085083,0.9986057281494141,0.9723540606496855,1.0,118.04334259033203,1.0,1.0064208507537842,1.0,1.0064208507537842,1.0,0.0,1.0000001192092896,0.9986057281494141,1.0013962984085083,4.6489105224609375,1.741207480430603,1.0,1.741207480430603
GCN,265,1695,0,1,3,1.8295385837554932,5.563450336456299,3.7339117527008057,0.8017836213111877,0.03938470408320427,0.0,1.0144754648208618,0.0,0.10837438423645321,0,0.0,0.0034891835310537334,5,1.001171588897705,0.9988298416137695,0.9723540606496855,1.0,118.04334259033203,1.0,1.0064208507537842,1.0,1.0064208507537842,1.0,0.0,1.0000001192092896,0.9988298416137695,1.001171588897705,4.1827898025512695,1.741207480430603,1.0,1.741207480430603
GCN,265,1705,1,1,7,-1.7798726558685303,3.6034469604492188,5.383319616317749,0.6396021246910095,0.022932209074497223,0.0,1.2717121839523315,0.0,0.10837438423645321,0,0.0,0.0034891835310537334,5,1.0003974437713623,0.9996028542518616,1.2243356596549602,1.0,148.01780700683594,1.0,1.2619996070861816,1.0,1.2619996070861816,1.0,1.4901161193847656e-08,1.0000001192092896,0.9996028542518616,1.0003974437713623,4.40533971786499,2.1827187538146973,1.0,2.1827187538146973
GCN,265,1707,5,1,1,-2.444636344909668,3.147015333175659,5.591651678085327,0.9486831426620483,0.06727758795022964,0.0,0.8573882579803467,0.0,0.10837438423645321,0,0.0,0.0034891835310537334,5,1.0034148693084717,0.9965968132019043,0.8200823869837026,1.0,99.74270629882812,1.0,0.8503942489624023,1.0,0.8503942489624023,1.0,6.006850128414953e-08,1.0000001192092896,0.9965968132019043,1.0034148693084717,3.929046630859375,1.4715889692306519,1.0,1.4715889692306519
GCN,265,1726,2,1,3,-3.390632390975952,3.532287359237671,6.922919750213623,0.8017836213111877,0.029439043253660202,0.0,1.0144754648208618,0.0,0.10837438423645321,0,0.0,0.0034891835310537334,5,1.0006548166275024,0.9993456602096558,0.9723540606496855,1.0,118.04334259033203,1.0,1.0064208507537842,1.0,1.0064208507537842,1.0,0.0,1.0000001192092896,0.9993456602096558,1.0006548166275024,4.7583112716674805,1.741207480430603,1.0,1.741207480430603
GCN,265,1727,2,1,3,-4.002167701721191,3.134843587875366,7.137011289596558,0.8017836213111877,0.041580550372600555,-0.034270256757736206,1.0144754648208618,0.0,0.10837438423645321,0,0.0,0.0034891835310537334,5,0.9995546936988831,0.9986928701400757,0.9723540606496855,1.0,118.04334259033203,1.0,1.0064208507537842,1.0,1.0064208507537842,1.0,2.9802322387695312e-08,1.0,0.9986928701400757,0.9995546936988831,3.929046154022217,1.741207480430603,1.0000001192092896,1.741207242012024
GCN,265,1734,2,1,4,-4.733575820922852,2.8375792503356934,7.571155071258545,0.7499998807907104,0.049600232392549515,0.0,1.084519863128662,0.0,0.10837438423645321,0,0.0,0.0034891835310537334,5,1.0018575191497803,0.9981459975242615,1.0407128672118384,1.0,126.20463562011719,1.0,1.076006293296814,1.0,1.076006293296814,1.0,7.450580596923828e-09,1.0000001192092896,0.9981459975242615,1.0018575191497803,1.8784433603286743,1.861429214477539,1.0,1.861429214477539
GCN,265,1749,2,1,4,-4.663897514343262,3.093580722808838,7.7574782371521,0.7499998807907104,0.02372104860842228,-0.045910097658634186,1.084519863128662,0.0,0.10837438423645321,0,0.0,0.0034891835310537334,5,0.9990859627723694,0.9995747804641724,1.0407128672118384,1.0,126.20463562011719,1.0,1.076006293296814,1.0,1.076006293296814,1.0,7.450580596923828e-09,1.0000001192092896,0.9995747804641724,0.9990859627723694,4.727312088012695,1.861429214477539,1.0,1.861429214477539
GCN,265,1752,2,1,3,-4.736313343048096,3.7291693687438965,8.465482711791992,0.8017836213111877,0.04047592729330063,-0.0037785270251333714,1.0144754648208618,0.0,0.10837438423645321,0,0.0,0.0034891835310537334,5,1.0010496377944946,0.9987637996673584,0.9723540606496855,1.0,118.04334259033203,1.0,1.0064208507537842,1.0,1.0064208507537842,1.0,0.0,1.0000001192092896,0.9987637996673584,1.0010496377944946,4.057901859283447,1.741207480430603,1.0,1.741207480430603
GCN,265,1753,2,1,3,-4.107181072235107,3.645442485809326,7.752623558044434,0.8017836213111877,0.03781340271234512,-0.0040445816703140736,1.0144754648208618,0.0,0.10837438423645321,0,0.0,0.0034891835310537334,5,1.000892162322998,0.9989207983016968,0.9723540606496855,1.0,118.04334259033203,1.0,1.0064208507537842,1.0,1.0064208507537842,1.0,0.0,1.0000001192092896,0.9989207983016968,1.000892162322998,4.7583112716674805,1.741207480430603,1.0,1.741207480430603
GCN,265,1760,2,1,2,-2.835270881652832,3.4587392807006836,6.294010162353516,0.8660253286361694,0.03895721957087517,0.0,0.9392216801643372,0.0,0.10837438423645321,0,0.0,0.0034891835310537334,5,1.0011461973190308,0.9988550543785095,0.8992005135073163,1.0,109.27578735351562,1.0,0.9316691160202026,1.0,0.9316691160202026,1.0,6.705522537231445e-08,1.0,0.9988550543785095,1.0011461973190308,4.200326919555664,1.6120448112487793,1.0,1.6120448112487793
GCN,265,1764,5,1,2,-2.766178607940674,3.0790226459503174,5.845201253890991,0.8660253286361694,0.04298344999551773,0.0,0.9392216801643372,0.0,0.10837438423645321,0,0.0,0.0034891835310537334,5,1.0013952255249023,0.9986066818237305,0.8992005135073163,1.0,109.27578735351562,1.0,0.9316691160202026,1.0,0.9316691160202026,1.0,6.705522537231445e-08,1.0,0.9986066818237305,1.0013952255249023,4.304054260253906,1.6120448112487793,1.0,1.6120448112487793
GCN,265,1768,1,1,3,-2.4265379905700684,3.5776448249816895,6.004182815551758,0.8017836213111877,0.0384545661509037,-0.05635043606162071,1.0144754648208618,0.0904475674033165,0.24820007578628267,0,0.0,0.0034891835310537334,5,0.998452365398407,0.9988819360733032,0.9723540606496855,1.0,118.04334259033203,1.0,1.0064208507537842,1.0,1.0064208507537842,1.0,0.0,1.0000001192092896,0.9988819360733032,0.998452365398407,4.536871910095215,1.741207480430603,1.0,1.741207480430603
GCN,265,1771,1,1,3,-2.4243955612182617,3.256117343902588,5.68051290512085,0.8017836213111877,0.02847922407090664,0.0,1.0144754648208618,0.0,0.10837438423645321,0,0.0,0.0034891835310537334,5,1.0006128549575806,0.9993876218795776,0.9723540606496855,1.0,118.04334259033203,1.0,1.0064208507537842,1.0,1.0064208507537842,1.0,0.0,1.0000001192092896,0.9993876218795776,1.0006128549575806,4.6489105224609375,1.741207480430603,1.0,1.741207480430603
GCN,265,1777,1,1,5,-3.099705457687378,2.3222689628601074,5.421974420547485,0.7071066498756409,0.02049332670867443,0.0,1.150307059288025,0.0,0.10837438423645321,0,0.0,0.0034891835310537334,5,1.0003173351287842,0.9996827840805054,1.1051090585391374,1.0,133.870361328125,1.0,1.1413679122924805,1.0,1.1413679122924805,1.0,1.5017125321037383e-08,1.0000001192092896,0.9996827840805054,1.0003173351287842,5.516678810119629,1.9743437767028809,1.0,1.9743437767028809
GCN,265,1779,1,1,6,-2.3926055431365967,2.5929806232452393,4.985586166381836,0.6708203554153442,0.01649351790547371,0.0,1.2125300168991089,0.0,0.10837438423645321,0,0.0,0.0034891835310537334,5,1.000205636024475,0.9997944831848145,1.166159309467222,1.0,141.12112426757812,1.0,1.2031928300857544,1.0,1.2031928300857544,1.0,6.052880507922964e-08,1.0,0.9997944831848145,1.000205636024475,5.14432954788208,2.0811409950256348,1.0,2.0811409950256348
GCN,265,1781,1,1,5,-2.4046876430511475,2.9783592224121094,5.383046865463257,0.7071066498756409,0.020358622074127197,0.0,1.150307059288025,0.0,0.10837438423645321,0,0.0,0.0034891835310537334,5,1.00031316280365,0.9996869564056396,1.1051090585391374,1.0,133.870361328125,1.0,1.1413679122924805,1.0,1.1413679122924805,1.0,1.4901161193847656e-08,1.0000001192092896,0.9996869564056396,1.00031316280365,5.271368980407715,1.9743437767028809,1.0,1.9743437767028809
GCN,265,1783,1,1,2,-2.5671026706695557,3.403071880340576,5.970174551010132,0.8660253286361694,0.05284871533513069,0.0,0.9392216801643372,0.0,0.10837438423645321,0,0.0,0.0034891835310537334,5,1.0021083354949951,0.9978960752487183,0.8992005135073163,1.0,109.27578735351562,1.0,0.9316691160202026,1.0,0.9316691160202026,1.0,6.705522537231445e-08,1.0,0.9978960752487183,1.0021083354949951,3.8725101947784424,1.6120448112487793,1.0,1.6120448112487793
GCN,265,1786,1,1,3,-2.5327231884002686,3.7226498126983643,6.255373001098633,0.8017836213111877,0.04280943050980568,-0.14467501640319824,1.0144754648208618,0.22723962366580963,0.7459264873057977,1,0.0,0.0034891835310537334,5,0.9937511682510376,0.9986259341239929,0.9723540606496855,1.0,118.04334259033203,1.0,1.0064208507537842,1.0,1.0064208507537842,1.0,0.0,1.0000001192092896,0.9986259341239929,0.9937511682510376,4.536871910095215,1.741207480430603,1.0,1.741207480430603
GCN,265,1794,4,1,4,-2.525753974914551,3.9548370838165283,6.480591058731079,0.7499998807907104,0.032362084835767746,-0.016533197835087776,1.084519863128662,0.0,0.10837438423645321,0,0.0,0.0034891835310537334,5,1.000133752822876,0.9992086291313171,1.0407128672118384,1.0,126.20463562011719,1.0,1.076006293296814,1.0,1.076006293296814,1.0,2.2351741790771484e-08,1.0000001192092896,0.9992086291313171,1.000133752822876,5.529987335205078,1.861429214477539,1.0,1.861429214477539
GCN,265,1803,0,1,4,-0.0033562183380126953,3.1901180744171143,3.193474292755127,0.7499998807907104,0.03411750867962837,0.0,1.084519863128662,0.0,0.10837438423645321,0,0.0,0.0034891835310537334,5,1.0008792877197266,0.9991215467453003,1.0407128672118384,1.0,126.20463562011719,1.0,1.076006293296814,1.0,1.076006293296814,1.0,7.450580596923828e-09,1.0000001192092896,0.9991215467453003,1.0008792877197266,5.086849212646484,1.861429214477539,1.0,1.861429214477539
GCN,265,1807,3,1,5,-3.5761666297912598,2.7074570655822754,6.283623695373535,0.7071066498756409,0.027405831962823868,0.0,1.150307059288025,0.0,0.10837438423645321,0,0.0,0.0034891835310537334,5,1.0005674362182617,0.9994329214096069,1.1051090585391374,1.0,133.870361328125,1.0,1.1413679122924805,1.0,1.1413679122924805,1.0,1.4901161193847656e-08,1.0000001192092896,0.9994329214096069,1.0005674362182617,2.8176653385162354,1.9743437767028809,1.0,1.9743437767028809
GCN,265,1809,3,1,3,-3.8131866455078125,3.3773393630981445,7.190526008605957,0.8017836213111877,0.030296210199594498,-0.12336252629756927,1.0144754648208618,0.1744127720594406,0.5939749905267147,1,0.0,0.0034891835310537334,5,0.9960911870002747,0.9993113279342651,0.9723540606496855,1.0,118.04334259033203,1.0,1.0064208507537842,1.0,1.0064208507537842,1.0,0.0,1.0000001192092896,0.9993113279342651,0.9960911870002747,5.0723772048950195,1.741207480430603,1.0,1.741207480430603
GCN,265,1810,3,0,44,-9.76294231414795,-4.435297966003418,5.327644348144531,0.3061861991882324,0.00793925765901804,-0.02324853464961052,2.656520128250122,0.0,0.10837438423645321,0,0.0,0.0034891835310537334,5,0.9998207688331604,0.9999524354934692,2.5986078570062525,1.0,309.4266662597656,1.0,2.638422727584839,1.0,2.638422727584839,1.0,1.971788243793071e-08,1.0000001192092896,0.9999524354934692,0.9998207688331604,11.57950210571289,4.559551239013672,1.0,4.559551239013672
GCN,265,1817,3,1,2,-3.0606303215026855,3.3955509662628174,6.456181287765503,0.8660253286361694,0.040711306035518646,0.0,0.9392216801643372,0.0,0.10837438423645321,0,0.0,0.0034891835310537334,5,1.0012518167495728,0.9987497925758362,0.8992005135073163,1.0,109.27578735351562,1.0,0.9316691160202026,1.0,0.9316691160202026,1.0,6.705522537231445e-08,1.0,0.9987497925758362,1.0012518167495728,4.093972682952881,1.6120448112487793,1.0,1.6120448112487793
GCN,265,1822,3,1,2,-5.3268890380859375,1.6516817808151245,6.978570818901062,0.8660253286361694,0.04931676387786865,0.0,0.9392216801643372,0.0,0.10837438423645321,0,0.0,0.0034891835310537334,5,1.0018362998962402,0.9981670379638672,0.8992005135073163,1.0,109.27578735351562,1.0,0.9316691160202026,1.0,0.9316691160202026,1.0,6.705522537231445e-08,1.0,0.9981670379638672,1.0018362998962402,4.504349231719971,1.6120448112487793,1.0,1.6120448112487793
GCN,265,1825,5,1,4,-3.5392045974731445,2.2251572608947754,5.76436185836792,0.7499998807907104,0.026812797412276268,-0.08817124366760254,1.084519863128662,0.0,0.10837438423645321,0,0.0,0.0034891835310537334,5,0.9976340532302856,0.9994583129882812,1.0407128672118384,1.0,126.20463562011719,1.0,1.076006293296814,1.0,1.076006293296814,1.0,3.0719530030864917e-08,1.0,0.9994583129882812,0.9976340532302856,4.6012282371521,1.861429214477539,1.0,1.861429214477539
GCN,265,1829,5,1,5,-2.3049583435058594,3.066577911376953,5.3715362548828125,0.7071066498756409,0.027531038969755173,-0.017012443393468857,1.150307059288025,0.0,0.10837438423645321,0,0.0,0.0034891835310537334,5,0.9999970197677612,0.9994272589683533,1.1051090585391374,1.0,133.870361328125,1.0,1.1413679122924805,1.0,1.1413679122924805,1.0,0.0,1.0000001192092896,0.9994272589683533,0.9999970197677612,5.395418167114258,1.9743437767028809,1.0,1.9743437767028809
GCN,265,1836,6,1,2,-2.132737159729004,1.8627724647521973,3.995509624481201,0.8660253286361694,0.05269947648048401,-0.005151493940502405,0.9392216801643372,0.0,0.10837438423645321,0,0.0,0.0034891835310537334,5,1.0017634630203247,0.9979064464569092,0.8992005135073163,1.0,109.27578735351562,1.0,0.9316691160202026,1.0,0.9316691160202026,1.0,6.708108912789612e-08,1.0,0.9979064464569092,1.0017634630203247,4.093972206115723,1.6120448112487793,1.0,1.6120448112487793
GCN,265,1838,0,1,4,2.1402547359466553,5.615597248077393,3.4753425121307373,0.7499998807907104,0.02996130846440792,-0.07300977408885956,1.084519863128662,0.11973102390766144,0.39674118984463813,1,0.0,0.0034891835310537334,5,0.9979870915412903,0.9993222951889038,1.0407128672118384,1.0,126.20463562011719,1.0,1.076006293296814,1.0,1.076006293296814,1.0,1.5359765015432458e-08,1.0000001192092896,0.9993222951889038,0.9979870915412903,4.9698944091796875,1.861429214477539,1.0,1.861429214477539
GCN,265,1841,0,1,5,3.212674856185913,6.305544853210449,3.092869997024536,0.7071066498756409,0.02428826130926609,0.0,1.150307059288025,0.0,0.10837438423645321,0,0.0,0.0034891835310537334,5,1.0004457235336304,0.9995545148849487,1.1051090585391374,1.0,133.870361328125,1.0,1.1413679122924805,1.0,1.1413679122924805,1.0,1.4901161193847656e-08,1.0000001192092896,0.9995545148849487,1.0004457235336304,5.271369457244873,1.9743437767028809,1.0,1.9743437767028809
GCN,265,1845,5,1,2,0.31700432300567627,3.8914642333984375,3.5744599103927612,0.8660253286361694,0.04723455011844635,0.0,0.9392216801643372,0.0,0.10837438423645321,0,0.0,0.0034891835310537334,5,1.0016846656799316,0.9983181953430176,0.8992005135073163,1.0,109.27578735351562,1.0,0.9316691160202026,1.0,0.9316691160202026,1.0,6.705522537231445e-08,1.0,0.9983181953430176,1.0016846656799316,4.093972206115723,1.6120448112487793,1.0,1.6120448112487793
GCN,265,1852,3,1,2,-2.5702426433563232,3.193812131881714,5.764054775238037,0.8660253286361694,0.04241049662232399,0.0,0.9392216801643372,0.0,0.10837438423645321,0,0.0,0.0034891835310537334,5,1.0013582706451416,0.9986435174942017,0.8992005135073163,1.0,109.27578735351562,1.0,0.9316691160202026,1.0,0.9316691160202026,1.0,6.705522537231445e-08,1.0,0.9986435174942017,1.0013582706451416,3.8725099563598633,1.6120448112487793,1.0,1.6120448112487793
GCN,265,1853,3,1,1,-3.2450108528137207,3.335745096206665,6.580755949020386,0.9486831426620483,0.07529958337545395,-0.018002523109316826,0.8573882579803467,0.018074436113238335,0.10837438423645321,0,0.0,0.0034891835310537334,5,1.0026150941848755,0.9957295656204224,0.8200823869837026,1.0,99.74270629882812,1.0,0.8503942489624023,1.0,0.8503942489624023,1.0,6.018390763529169e-08,1.0000001192092896,0.9957295656204224,1.0026150941848755,3.4295530319213867,1.4715889692306519,1.0,1.4715889692306519
GCN,265,1858,3,1,2,-3.8515658378601074,3.6395976543426514,7.491163492202759,0.8660253286361694,0.04219500720500946,0.0,0.9392216801643372,0.0,0.10837438423645321,0,0.0,0.0034891835310537334,5,1.0013445615768433,0.9986572265625,0.8992005135073163,1.0,109.27578735351562,1.0,0.9316691160202026,1.0,0.9316691160202026,1.0,6.705522537231445e-08,1.0,0.9986572265625,1.0013445615768433,4.40533971786499,1.6120448112487793,1.0,1.6120448112487793
GCN,265,1862,3,1,4,-6.8644843101501465,0.02900528907775879,6.893489599227905,0.7499998807907104,0.03824695572257042,-0.07894592732191086,1.084519863128662,0.1044398620724678,0.34444865479348236,1,0.0,0.0034891835310537334,5,0.9973899126052856,0.9988950490951538,1.0407128672118384,1.0,126.20463562011719,1.0,1.076006293296814,1.0,1.076006293296814,1.0,3.0719530030864917e-08,1.0,0.9988950490951538,0.9973899126052856,4.200326919555664,1.861429214477539,1.0000001192092896,1.86142897605896
GCN,265,1866,3,1,2,-4.6831769943237305,2.4010305404663086,7.084207534790039,0.8660253286361694,0.050968583673238754,-0.013134040869772434,0.9392216801643372,0.017040744423866272,0.10837438423645321,0,0.0,0.0034891835310537334,5,1.001139521598816,0.9980396628379822,0.8992005135073163,1.0,109.27578735351562,1.0,0.9316691160202026,1.0,0.9316691160202026,1.0,6.715862355122226e-08,1.0,0.9980396628379822,1.001139521598816,3.9847800731658936,1.6120448112487793,1.0,1.6120448112487793
GCN,265,1870,3,1,4,-4.500226020812988,2.064052104949951,6.5642781257629395,0.7499998807907104,0.035886626690626144,0.0,1.084519863128662,0.0,0.10837438423645321,0,0.0,0.0034891835310537334,5,1.000972867012024,0.999028205871582,1.0407128672118384,1.0,126.20463562011719,1.0,1.076006293296814,1.0,1.076006293296814,1.0,7.450580596923828e-09,1.0000001192092896,0.999028205871582,1.000972867012024,2.656520128250122,1.861429214477539,1.0,1.861429214477539
GCN,265,1872,3,1,1,-2.987065076828003,3.8540945053100586,6.8411595821380615,0.9486831426620483,0.06322353333234787,0.0,0.8573882579803467,0.0,0.10837438423645321,0,0.0,0.0034891835310537334,5,1.0030162334442139,0.996992826461792,0.8200823869837026,1.0,99.74270629882812,1.0,0.8503942489624023,1.0,0.8503942489624023,1.0,6.006850128414953e-08,1.0000001192092896,0.996992826461792,1.0030162334442139,4.111889362335205,1.4715889692306519,1.0,1.4715889692306519
GCN,265,1878,5,1,3,-1.5671780109405518,3.401508092880249,4.968686103820801,0.8017836213111877,0.03861081600189209,0.0,1.0144754648208618,0.0,0.10837438423645321,0,0.0,0.0034891835310537334,5,1.0011260509490967,0.9988752603530884,0.9723540606496855,1.0,118.04334259033203,1.0,1.0064208507537842,1.0,1.0064208507537842,1.0,0.0,1.0000001192092896,0.9988752603530884,1.0011260509490967,4.9698944091796875,1.741207480430603,1.0,1.741207480430603
GCN,265,1879,5,1,4,-0.14567017555236816,3.6065926551818848,3.752262830734253,0.7499998807907104,0.02803422138094902,-0.004320821724832058,1.084519863128662,0.0,0.10837438423645321,0,0.0,0.0034891835310537334,5,1.000445008277893,0.9994064569473267,1.0407128672118384,1.0,126.20463562011719,1.0,1.076006293296814,1.0,1.076006293296814,1.0,7.450580596923828e-09,1.0000001192092896,0.9994064569473267,1.000445008277893,3.910291910171509,1.861429214477539,1.0,1.861429214477539
GCN,265,1881,5,1,5,-4.2796478271484375,1.2278947830200195,5.507542610168457,0.7071066498756409,0.03032173216342926,-0.01862216927111149,1.150307059288025,0.0,0.10837438423645321,0,0.0,0.0034891835310537334,5,1.0000007152557373,0.9993051290512085,1.1051090585391374,1.0,133.870361328125,1.0,1.1413679122924805,1.0,1.1413679122924805,1.0,3.357931177561113e-08,1.0,0.9993051290512085,1.0000007152557373,4.742837429046631,1.9743437767028809,1.0,1.9743437767028809
GCN,265,1891,4,1,3,-1.7967573404312134,4.845487594604492,6.642244935035706,0.8017836213111877,0.03477390855550766,0.0,1.0144754648208618,0.0,0.10837438423645321,0,0.0,0.0034891835310537334,5,1.000913381576538,0.9990875124931335,0.9723540606496855,1.0,118.04334259033203,1.0,1.0064208507537842,1.0,1.0064208507537842,1.0,0.0,1.0000001192092896,0.9990875124931335,1.000913381576538,3.929046154022217,1.741207480430603,1.0,1.741207480430603
GCN,265,1899,5,1,5,-1.9104138612747192,3.175356388092041,5.08577024936676,0.7071066498756409,0.03274163976311684,-0.012321190908551216,1.150307059288025,0.0,0.10837438423645321,0,0.0,0.0034891835310537334,5,1.0003141164779663,0.9991902112960815,1.1051090585391374,1.0,133.870361328125,1.0,1.1413679122924805,1.0,1.1413679122924805,1.0,0.0,1.0000001192092896,0.9991902112960815,1.0003141164779663,5.395418167114258,1.9743437767028809,1.0,1.9743437767028809
GCN,265,1901,5,1,6,-4.009479999542236,0.9382398128509521,4.9477198123931885,0.6708203554153442,0.02412213757634163,-0.007926142774522305,1.2125300168991089,0.0,0.10837438423645321,0,0.0,0.0034891835310537334,5,1.0002048015594482,0.9995603561401367,1.166159309467222,1.0,141.12112426757812,1.0,1.2031928300857544,1.0,1.2031928300857544,1.0,6.233602789507131e-08,1.0,0.9995603561401367,1.0002048015594482,5.556510925292969,2.0811409950256348,1.0,2.0811409950256348
GCN,265,1904,5,1,3,-3.362818479537964,1.6595876216888428,5.022406101226807,0.8017836213111877,0.03409658744931221,-0.008189139887690544,1.0144754648208618,0.0,0.10837438423645321,0,0.0,0.0034891835310537334,5,1.000535249710083,0.9991220235824585,0.9723540606496855,1.0,118.04334259033203,1.0,1.0064208507537842,1.0,1.0064208507537842,1.0,0.0,1.0000001192092896,0.9991220235824585,1.000535249710083,4.7583112716674805,1.741207480430603,1.0,1.741207480430603
GCN,265,1906,4,1,5,-1.3395664691925049,5.319211006164551,6.658777475357056,0.7071066498756409,0.022715983912348747,-0.02192159742116928,1.150307059288025,0.0,0.10837438423645321,0,0.0,0.0034891835310537334,5,0.9997777342796326,0.9996099472045898,1.1051090585391374,1.0,133.870361328125,1.0,1.1413679122924805,1.0,1.1413679122924805,1.0,3.332000986233652e-08,1.0,0.9996099472045898,0.9997777342796326,5.144329071044922,1.9743437767028809,1.0,1.9743437767028809
GCN,265,1909,0,1,6,0.36723482608795166,4.97993278503418,4.612697958946228,0.6708203554153442,0.02229304611682892,0.0,1.2125300168991089,0.0,0.10837438423645321,0,0.0,0.0034891835310537334,5,1.0003756284713745,0.9996246099472046,1.166159309467222,1.0,141.12112426757812,1.0,1.2031928300857544,1.0,1.2031928300857544,1.0,6.052880507922964e-08,1.0,0.9996246099472046,1.0003756284713745,5.422598838806152,2.0811409950256348,1.0,2.0811409950256348
GCN,265,1911,5,1,4,-0.21262192726135254,3.993253469467163,4.205875396728516,0.7499998807907104,0.03258530795574188,0.0,1.084519863128662,0.0,0.10837438423645321,0,0.0,0.0034891835310537334,5,1.0008021593093872,0.9991984963417053,1.0407128672118384,1.0,126.20463562011719,1.0,1.076006293296814,1.0,1.076006293296814,1.0,7.450580596923828e-09,1.0000001192092896,0.9991984963417053,1.0008021593093872,4.9698944091796875,1.861429214477539,1.0,1.861429214477539
GCN,265,1913,0,1,4,2.0504236221313477,5.890829086303711,3.8404054641723633,0.7499998807907104,0.026215925812721252,0.0,1.084519863128662,0.0,0.10837438423645321,0,0.0,0.0034891835310537334,5,1.0005192756652832,0.9994809627532959,1.0407128672118384,1.0,126.20463562011719,1.0,1.076006293296814,1.0,1.076006293296814,1.0,7.450580596923828e-09,1.0000001192092896,0.9994809627532959,1.0005192756652832,5.201174259185791,1.861429214477539,1.0,1.861429214477539
GCN,265,1916,6,1,3,-0.35919255018234253,3.503520965576172,3.8627135157585144,0.8017836213111877,0.0381162203848362,0.0,1.0144754648208618,0.0,0.10837438423645321,0,0.0,0.0034891835310537334,5,1.0010974407196045,0.9989038109779358,0.9723540606496855,1.0,118.04334259033203,1.0,1.0064208507537842,1.0,1.0064208507537842,1.0,0.0,1.0000001192092896,0.9989038109779358,1.0010974407196045,4.421995639801025,1.741207480430603,1.0,1.741207480430603
GCN,265,1918,6,1,2,-0.6353029012680054,3.202080011367798,3.8373829126358032,0.8660253286361694,0.09712883830070496,0.0,0.9392216801643372,0.0,0.10837438423645321,0,0.0,0.0034891835310537334,5,1.0071043968200684,0.9929457306861877,0.8992005135073163,1.0,109.27578735351562,1.0,0.9316691160202026,1.0,0.9316691160202026,1.0,6.705522537231445e-08,1.0,0.9929457306861877,1.0071043968200684,2.100163459777832,1.6120448112487793,1.0,1.6120448112487793
GCN,265,1920,0,1,6,-0.25157010555267334,2.818188190460205,3.0697582960128784,0.6708203554153442,0.023431699723005295,-0.0947934091091156,1.2125300168991089,0.19029997289180756,0.6371731716559302,1,0.0,0.0034891835310537334,5,0.9976816773414612,0.999586820602417,1.166159309467222,1.0,141.12112426757812,1.0,1.2031928300857544,1.0,1.2031928300857544,1.0,6.052880507922964e-08,1.0,0.999586820602417,0.9976816773414612,5.556510925292969,2.0811409950256348,1.0,2.0811409950256348
GCN,265,1925,0,1,3,0.8772889971733093,5.185631275177002,4.308342278003693,0.8017836213111877,0.033570628613233566,-0.030467145144939423,1.0144754648208618,0.0,0.10837438423645321,0,0.0,0.0034891835310537334,5,0.9995942711830139,0.9991480112075806,0.9723540606496855,1.0,118.04334259033203,1.0,1.0064208507537842,1.0,1.0064208507537842,1.0,3.725290298461914e-09,1.0000001192092896,0.9991480112075806,0.9995942711830139,4.421995639801025,1.741207480430603,1.0,1.741207480430603
GCN,265,1931,3,1,3,-3.2734270095825195,3.5763959884643555,6.849822998046875,0.8017836213111877,0.02676834538578987,0.0,1.0144754648208618,0.0,0.10837438423645321,0,0.0,0.0034891835310537334,5,1.0005414485931396,0.999458909034729,0.9723540606496855,1.0,118.04334259033203,1.0,1.0064208507537842,1.0,1.0064208507537842,1.0,0.0,1.0000001192092896,0.999458909034729,1.0005414485931396,4.6489105224609375,1.741207480430603,1.0,1.741207480430603
GCN,265,1932,3,1,3,-3.439455032348633,3.5149073600769043,6.954362392425537,0.8017836213111877,0.037597812712192535,0.0,1.0144754648208618,0.0,0.10837438423645321,0,0.0,0.0034891835310537334,5,1.001067876815796,0.9989333748817444,0.9723540606496855,1.0,118.04334259033203,1.0,1.0064208507537842,1.0,1.0064208507537842,1.0,0.0,1.0000001192092896,0.9989333748817444,1.001067876815796,4.421995639801025,1.741207480430603,1.0,1.741207480430603
GCN,265,1936,3,1,5,-4.1363983154296875,1.761907935142517,5.898306250572205,0.7071066498756409,0.024816513061523438,0.0,1.150307059288025,0.0,0.10837438423645321,0,0.0,0.0034891835310537334,5,1.0004653930664062,0.9995349049568176,1.1051090585391374,1.0,133.870361328125,1.0,1.1413679122924805,1.0,1.1413679122924805,1.0,1.4901161193847656e-08,1.0000001192092896,0.9995349049568176,1.0004653930664062,4.742837429046631,1.9743437767028809,1.0,1.9743437767028809
GCN,265,1938,3,1,1,-3.684558153152466,3.6443400382995605,7.328898191452026,0.9486831426620483,0.09287750720977783,0.0,0.8573882579803467,0.0,0.10837438423645321,0,0.0,0.0034891835310537334,5,1.006498098373413,0.9935439229011536,0.8200823869837026,1.0,99.74270629882812,1.0,0.8503942489624023,1.0,0.8503942489624023,1.0,6.006850128414953e-08,1.0000001192092896,0.9935439229011536,1.006498098373413,3.320650577545166,1.4715889692306519,1.0000001192092896,1.4715888500213623
GCN,265,1942,3,1,3,-3.53604793548584,3.973890781402588,7.509938716888428,0.8017836213111877,0.03432358801364899,-0.052633706480264664,1.0144754648208618,0.054164089262485504,0.1856763925729443,0,0.0,0.0034891835310537334,5,0.9986684322357178,0.9991093873977661,0.9723540606496855,1.0,118.04334259033203,1.0,1.0064208507537842,1.0,1.0064208507537842,1.0,7.450580596923828e-09,1.0000001192092896,0.9991093873977661,0.9986684322357178,4.182789325714111,1.741207480430603,1.0,1.741207480430603
GCN,265,1947,3,1,4,-5.82397985458374,0.41055798530578613,6.234537839889526,0.7499998807907104,0.028092721477150917,-0.004794941283762455,1.084519863128662,0.0,0.10837438423645321,0,0.0,0.0034891835310537334,5,1.0004308223724365,0.9994039535522461,1.0407128672118384,1.0,126.20463562011719,1.0,1.076006293296814,1.0,1.076006293296814,1.0,7.450580596923828e-09,1.0000001192092896,0.9994039535522461,1.0004308223724365,4.727312088012695,1.861429214477539,1.0,1.861429214477539
GCN,265,1959,5,1,5,-5.030910968780518,0.367983341217041,5.398894309997559,0.7071066498756409,0.02964317612349987,-0.018144803121685982,1.150307059288025,0.0,0.10837438423645321,0,0.0,0.0034891835310537334,5,1.0000029802322388,0.9993358850479126,1.1051090585391374,1.0,133.870361328125,1.0,1.1413679122924805,1.0,1.1413679122924805,1.0,3.3527612686157227e-08,1.0,0.9993358850479126,1.0000029802322388,5.271368980407715,1.9743437767028809,1.0,1.9743437767028809
GCN,265,1961,5,1,3,-3.701789617538452,2.6379146575927734,6.339704275131226,0.8017836213111877,0.03412124142050743,0.0,1.0144754648208618,0.0,0.10837438423645321,0,0.0,0.0034891835310537334,5,1.0008795261383057,0.9991213083267212,0.9723540606496855,1.0,118.04334259033203,1.0,1.0064208507537842,1.0,1.0064208507537842,1.0,0.0,1.0000001192092896,0.9991213083267212,1.0008795261383057,4.9698944091796875,1.741207480430603,1.0,1.741207480430603
GCN,265,1962,5,1,3,-3.0039048194885254,2.9377055168151855,5.941610336303711,0.8017836213111877,0.0409243181347847,0.0,1.0144754648208618,0.0,0.10837438423645321,0,0.0,0.0034891835310537334,5,1.0012649297714233,0.9987367391586304,0.9723540606496855,1.0,118.04334259033203,1.0,1.0064208507537842,1.0,1.0064208507537842,1.0,0.0,1.0000001192092896,0.9987367391586304,1.0012649297714233,4.9698944091796875,1.741207480430603,1.0,1.741207480430603
GCN,265,1969,4,1,3,-2.980912446975708,4.879235744476318,7.860148191452026,0.8017836213111877,0.042418550699949265,0.0,1.0144754648208618,0.0,0.10837438423645321,0,0.0,0.0034891835310537334,5,1.001358985900879,0.9986429810523987,0.9723540606496855,1.0,118.04334259033203,1.0,1.0064208507537842,1.0,1.0064208507537842,1.0,0.0,1.0000001192092896,0.9986429810523987,1.001358985900879,4.1827898025512695,1.741207480430603,1.0,1.741207480430603
GCN,265,1972,6,1,3,-1.2124652862548828,2.300422430038452,3.512887716293335,0.8017836213111877,0.03172735869884491,0.0,1.0144754648208618,0.0,0.10837438423645321,0,0.0,0.0034891835310537334,5,1.0007604360580444,0.9992401599884033,0.9723540606496855,1.0,118.04334259033203,1.0,1.0064208507537842,1.0,1.0064208507537842,1.0,0.0,1.0000001192092896,0.9992401599884033,1.0007604360580444,4.865253448486328,1.741207480430603,1.0,1.741207480430603
GCN,265,1977,3,1,2,0.36038923263549805,3.5447161197662354,3.1843268871307373,0.8660253286361694,0.04147058352828026,0.0,0.9392216801643372,0.0,0.10837438423645321,0,0.0,0.0034891835310537334,5,1.0012989044189453,0.998702883720398,0.8992005135073163,1.0,109.27578735351562,1.0,0.9316691160202026,1.0,0.9316691160202026,1.0,6.705522537231445e-08,1.0,0.998702883720398,1.0012989044189453,4.304054260253906,1.6120448112487793,1.0,1.6120448112487793
GCN,265,1983,0,1,4,0.31851714849472046,4.9816975593566895,4.663180410861969,0.7499998807907104,0.02255108952522278,-0.06405989825725555,1.084519863128662,0.08826780319213867,0.23796892762410005,0,0.0,0.0034891835310537334,5,0.998607337474823,0.9996161460876465,1.0407128672118384,1.0,126.20463562011719,1.0,1.076006293296814,1.0,1.076006293296814,1.0,3.0719530030864917e-08,1.0,0.9996161460876465,0.998607337474823,4.9698944091796875,1.861429214477539,1.0,1.861429214477539
GCN,265,1996,3,0,5,-8.708049774169922,-2.4121878147125244,6.2958619594573975,0.7071066498756409,0.035515155643224716,-0.0038125852588564157,1.150307059288025,0.0,0.10837438423645321,0,0.0,0.0034891835310537334,5,1.000786542892456,0.9990478754043579,1.1051090585391374,1.0,133.870361328125,1.0,1.1413679122924805,1.0,1.1413679122924805,1.0,1.4901161193847656e-08,1.0000001192092896,0.9990478754043579,1.000786542892456,3.9847803115844727,1.9743437767028809,1.0,1.9743437767028809
GCN,265,2004,3,1,4,-5.882188320159912,0.7817734479904175,6.66396176815033,0.7499998807907104,0.029339484870433807,0.0,1.084519863128662,0.0,0.10837438423645321,0,0.0,0.0034891835310537334,5,1.000650405883789,0.9993501901626587,1.0407128672118384,1.0,126.20463562011719,1.0,1.076006293296814,1.0,1.076006293296814,1.0,7.450580596923828e-09,1.0000001192092896,0.9993501901626587,1.000650405883789,4.9698944091796875,1.861429214477539,1.0,1.861429214477539
GCN,265,2006,3,1,3,-6.632130146026611,0.8173491358757019,7.449479281902313,0.8017836213111877,0.043684832751750946,0.0,1.0144754648208618,0.0,0.10837438423645321,0,0.0,0.0034891835310537334,5,1.001441240310669,0.998560905456543,0.9723540606496855,1.0,118.04334259033203,1.0,1.0064208507537842,1.0,1.0064208507537842,1.0,0.0,1.0000001192092896,0.998560905456543,1.001441240310669,4.6489105224609375,1.741207480430603,1.0,1.741207480430603
GCN,265,2010,0,1,4,0.21923136711120605,3.542483329772949,3.323251962661743,0.7499998807907104,0.028498560190200806,-0.004409189336001873,1.084519863128662,0.0,0.10837438423645321,0,0.0,0.0034891835310537334,5,1.0004593133926392,0.9993865489959717,1.0407128672118384,1.0,126.20463562011719,1.0,1.076006293296814,1.0,1.076006293296814,1.0,8.33000246558413e-09,1.0000001192092896,0.9993865489959717,1.0004593133926392,4.9698944091796875,1.861429214477539,1.0,1.861429214477539
GCN,265,2011,3,1,3,-1.6060397624969482,3.998566150665283,5.6046059131622314,0.8017836213111877,0.028305912390351295,-0.057641953229904175,1.0144754648208618,0.0,0.10837438423645321,0,0.0,0.0034891835310537334,5,0.9985986351966858,0.9993947148323059,0.9723540606496855,1.0,118.04334259033203,1.0,1.0064208507537842,1.0,1.0064208507537842,1.0,2.9802322387695312e-08,1.0,0.9993947148323059,0.9985986351966858,4.9698944091796875,1.741207480430603,1.0,1.741207480430603
GCN,265,2014,3,1,2,0.63179612159729,4.119701385498047,3.487905263900757,0.8660253286361694,0.04926475137472153,0.0,0.9392216801643372,0.0,0.10837438423645321,0,0.0,0.0034891835310537334,5,1.0018324851989746,0.9981708526611328,0.8992005135073163,1.0,109.27578735351562,1.0,0.9316691160202026,1.0,0.9316691160202026,1.0,6.705522537231445e-08,1.0,0.9981708526611328,1.0018324851989746,3.386411666870117,1.6120448112487793,1.0,1.6120448112487793
GCN,265,2015,6,1,3,0.5199381113052368,3.630859851837158,3.1109217405319214,0.8017836213111877,0.027811937034130096,0.0,1.0144754648208618,0.0,0.10837438423645321,0,0.0,0.0034891835310537334,5,1.0005844831466675,0.999415934085846,0.9723540606496855,1.0,118.04334259033203,1.0,1.0064208507537842,1.0,1.0064208507537842,1.0,0.0,1.0000001192092896,0.999415934085846,1.0005844831466675,5.172829627990723,1.741207480430603,1.0000001192092896,1.741207242012024
GCN,265,2019,0,1,2,0.15119397640228271,3.1823227405548096,3.031128764152527,0.8660253286361694,0.0535748191177845,-0.011328076012432575,0.9392216801643372,0.0,0.10837438423645321,0,0.0,0.0034891835310537334,5,1.0014219284057617,0.9978349804878235,0.8992005135073163,1.0,109.27578735351562,1.0,0.9316691160202026,1.0,0.9316691160202026,1.0,6.869095869888042e-08,1.0,0.9978349804878235,1.0014219284057617,3.253559112548828,1.6120448112487793,1.0,1.6120448112487793
GCN,265,2038,3,1,2,-2.0222930908203125,5.335379600524902,7.357672691345215,0.8660253286361694,0.05329085513949394,-0.006759187206625938,0.9392216801643372,0.0,0.10837438423645321,0,0.0,0.0034891835310537334,5,1.001701831817627,0.997859001159668,0.8992005135073163,1.0,109.27578735351562,1.0,0.9316691160202026,1.0,0.9316691160202026,1.0,6.705522537231445e-08,1.0,0.997859001159668,1.001701831817627,4.304054260253906,1.6120448112487793,1.0,1.6120448112487793
GCN,265,2043,4,1,2,-2.0147197246551514,4.948051929473877,6.962771654129028,0.8660253286361694,0.05481059476733208,0.0,0.9392216801643372,0.0,0.10837438423645321,0,0.0,0.0034891835310537334,5,1.002267837524414,0.9977372884750366,0.8992005135073163,1.0,109.27578735351562,1.0,0.9316691160202026,1.0,0.9316691160202026,1.0,6.705522537231445e-08,1.0,0.9977372884750366,1.002267837524414,3.5142457485198975,1.6120448112487793,1.0,1.6120448112487793
GCN,265,2045,1,1,32,-2.7994394302368164,1.3009388446807861,4.1003782749176025,0.35355332493782043,0.008514119312167168,-0.061982348561286926,2.30061411857605,0.0,0.10837438423645321,0,0.0,0.0034891835310537334,5,0.9994058609008789,0.9999454021453857,2.2441732405906096,1.0,267.94024658203125,1.0,2.2846333980560303,1.0,2.2846333980560303,1.0,7.957223324694951e-09,1.0000001192092896,0.9999454021453857,0.9994058609008789,10.542738914489746,3.9486875534057617,1.0,3.9486875534057617
GCN,265,2051,0,1,3,1.1420402526855469,4.254931449890137,3.11289119720459,0.8017836213111877,0.03236551210284233,-0.05856287479400635,1.0144754648208618,0.0,0.10837438423645321,0,0.0,0.0034891835310537334,5,0.9984601736068726,0.999208390712738,0.9723540606496855,1.0,118.04334259033203,1.0,1.0064208507537842,1.0,1.0064208507537842,1.0,3.725290298461914e-09,1.0000001192092896,0.999208390712738,0.9984601736068726,4.6489105224609375,1.741207480430603,1.0,1.741207480430603
GCN,265,2054,0,1,9,3.6531548500061035,6.492283821105957,2.8391289710998535,0.588348388671875,0.016404271125793457,-0.03823583200573921,1.382496953010559,0.0,0.10837438423645321,0,0.0,0.0034891835310537334,5,0.9994320869445801,0.9997968077659607,1.333475532498934,1.0,160.9285125732422,1.0,1.37208890914917,1.0,1.37208890914917,1.0,9.125060707049215e-09,1.0000001192092896,0.9997968077659607,0.9994320869445801,6.182713985443115,2.372865676879883,1.0,2.372865676879883
GCN,265,2055,0,1,4,1.5455081462860107,5.691867828369141,4.14635968208313,0.7499998807907104,0.027869442477822304,-0.028166430070996284,1.084519863128662,0.0,0.10837438423645321,0,0.0,0.0034891835310537334,5,0.9996218681335449,0.9994128942489624,1.0407128672118384,1.0,126.20463562011719,1.0,1.076006293296814,1.0,1.076006293296814,1.0,7.450580596923828e-09,1.0000001192092896,0.9994128942489624,0.9996218681335449,4.6012282371521,1.861429214477539,1.0,1.861429214477539
GCN,265,2058,5,1,3,-3.9359335899353027,2.6794629096984863,6.615396499633789,0.8017836213111877,0.05248594656586647,0.0,1.0144754648208618,0.0,0.10837438423645321,0,0.0,0.0034891835310537334,5,1.002079725265503,0.9979246854782104,0.9723540606496855,1.0,118.04334259033203,1.0,1.0064208507537842,1.0,1.0064208507537842,1.0,0.0,1.0000001192092896,0.9979246854782104,1.002079725265503,4.758311748504639,1.741207480430603,1.0,1.741207480430603
GCN,265,2059,0,1,6,1.6291464567184448,5.741694450378418,4.112547993659973,0.6708203554153442,0.024539889767766,-0.0756620541214943,1.2125300168991089,0.08434278517961502,0.22735884804850323,0,0.0,0.0034891835310537334,5,0.9981706738471985,0.9995458722114563,1.166159309467222,1.0,141.12112426757812,1.0,1.2031928300857544,1.0,1.2031928300857544,1.0,8.33000246558413e-09,1.0000001192092896,0.9995458722114563,0.9981706738471985,5.815089702606201,2.0811409950256348,1.0,2.0811409950256348
GCN,265,2071,2,1,8,0.6024208068847656,3.2867419719696045,2.684321165084839,0.6123723983764648,0.02076597884297371,-0.037686776369810104,1.328260064125061,0.0,0.10837438423645321,0,0.0,0.0034891835310537334,5,0.9993634819984436,0.9996742010116577,1.280008691668803,1.0,154.60775756835938,1.0,1.3181915283203125,1.0,1.3181915283203125,1.0,1.862645149230957e-08,1.0000001192092896,0.9996742010116577,0.9993634819984436,5.313040256500244,2.279775619506836,1.0,2.279775619506836
GCN,265,2072,0,1,3,2.6653761863708496,5.868723392486572,3.2033472061157227,0.8017836213111877,0.03359357640147209,-0.025769347324967384,1.0144754648208618,0.0,0.10837438423645321,0,0.0,0.0034891835310537334,5,0.9997885823249817,0.9991469979286194,0.9723540606496855,1.0,118.04334259033203,1.0,1.0064208507537842,1.0,1.0064208507537842,1.0,3.0719530030864917e-08,1.0,0.9991469979286194,0.9997885823249817,4.421996116638184,1.741207480430603,1.0,1.741207480430603
GCN,265,2075,3,1,8,-3.7389674186706543,2.447239637374878,6.186207056045532,0.6123723983764648,0.019943196326494217,-0.015561310574412346,1.328260064125061,0.0,0.10837438423645321,0,0.0,0.0034891835310537334,5,0.9999191164970398,0.9996993541717529,1.280008691668803,1.0,154.60775756835938,1.0,1.3181915283203125,1.0,1.3181915283203125,1.0,1.825012141409843e-08,1.0000001192092896,0.9996993541717529,0.9999191164970398,5.476556777954102,2.279775619506836,1.0,2.279775619506836
GCN,265,2082,1,1,2,-2.240633487701416,4.090961933135986,6.331595420837402,0.8660253286361694,0.09021378308534622,0.0,0.9392216801643372,0.0,0.10837438423645321,0,0.0,0.0034891835310537334,5,1.006131649017334,0.9939056634902954,0.8992005135073163,1.0,109.27578735351562,1.0,0.9316691160202026,1.0,0.9316691160202026,1.0,6.705522537231445e-08,1.0,0.9939056634902954,1.006131649017334,1.8784433603286743,1.6120448112487793,1.0,1.6120448112487793
GCN,265,2087,1,1,2,-2.430086612701416,3.0079100131988525,5.4379966259002686,0.8660253286361694,0.04726164788007736,0.0,0.9392216801643372,0.0,0.10837438423645321,0,0.0,0.0034891835310537334,5,1.0016865730285645,0.9983162879943848,0.8992005135073163,1.0,109.27578735351562,1.0,0.9316691160202026,1.0,0.9316691160202026,1.0,6.705522537231445e-08,1.0,0.9983162879943848,1.0016865730285645,4.200326919555664,1.6120448112487793,1.0,1.6120448112487793
GCN,265,2096,1,1,6,-2.10176420211792,3.1913561820983887,5.293120384216309,0.6708203554153442,0.02250227890908718,-0.03931508958339691,1.2125300168991089,0.08089875429868698,0.22110647972716937,0,0.0,0.0034891835310537334,5,0.9992948174476624,0.999617338180542,1.166159309467222,1.0,141.12112426757812,1.0,1.2031928300857544,1.0,1.2031928300857544,1.0,6.052880507922964e-08,1.0,0.999617338180542,0.9992948174476624,6.062650203704834,2.0811409950256348,1.0,2.0811409950256348
GCN,265,2105,5,1,2,0.2673306465148926,4.559489727020264,4.292159080505371,0.8660253286361694,0.04772282764315605,-0.04695663973689079,0.9392216801643372,0.015075122937560081,0.10837438423645321,0,0.0,0.0034891835310537334,5,0.9989655017852783,0.9982776641845703,0.8992005135073163,1.0,109.27578735351562,1.0,0.9316691160202026,1.0,0.9316691160202026,1.0,6.705522537231445e-08,1.0,0.9982776641845703,0.9989655017852783,4.5043487548828125,1.6120448112487793,1.0,1.6120448112487793
GCN,265,2107,1,1,4,-1.251967430114746,3.5956249237060547,4.847592353820801,0.7499998807907104,0.02664438635110855,-0.027641799300909042,1.084519863128662,0.0,0.10837438423645321,0,0.0,0.0034891835310537334,5,0.9996309876441956,0.9994634389877319,1.0407128672118384,1.0,126.20463562011719,1.0,1.076006293296814,1.0,1.076006293296814,1.0,7.450580596923828e-09,1.0000001192092896,0.9994634389877319,0.9996309876441956,4.727312088012695,1.861429214477539,1.0,1.861429214477539
GCN,265,2113,2,1,6,-2.667619228363037,3.3864731788635254,6.0540924072265625,0.6708203554153442,0.02168796956539154,-0.03019251488149166,1.2125300168991089,0.0,0.10837438423645321,0,0.0,0.0034891835310537334,5,0.9995502829551697,0.9996446371078491,1.166159309467222,1.0,141.12112426757812,1.0,1.2031928300857544,1.0,1.2031928300857544,1.0,1.053671194739536e-08,1.0000001192092896,0.9996446371078491,0.9995502829551697,6.182713985443115,2.0811409950256348,1.0,2.0811409950256348
GCN,265,2120,4,1,5,-2.1963038444519043,4.4851250648498535,6.681428909301758,0.7071066498756409,0.03176762908697128,0.0,1.150307059288025,0.0,0.10837438423645321,0,0.0,0.0034891835310537334,5,1.0007623434066772,0.9992382526397705,1.1051090585391374,1.0,133.870361328125,1.0,1.1413679122924805,1.0,1.1413679122924805,1.0,1.5359765015432458e-08,1.0000001192092896,0.9992382526397705,1.0007623434066772,5.144329071044922,1.9743437767028809,1.0,1.9743437767028809
GCN,265,2122,4,1,10,-4.113643646240234,2.8259568214416504,6.939600467681885,0.5669466257095337,0.015233487822115421,-0.0775538980960846,1.4346848726272583,0.1780093014240265,0.6023114816218265,1,0.0,0.0034891835310537334,5,0.9987221360206604,0.9998252391815186,1.384979188535478,1.0,167.0106658935547,1.0,1.4239519834518433,1.0,1.4239519834518433,1.0,1.6686016124367598e-08,1.0000001192092896,0.9998252391815186,0.9987221360206604,7.028491497039795,2.4624390602111816,1.0,2.4624390602111816
GCN,265,2130,4,1,12,-4.469466209411621,2.4653615951538086,6.93482780456543,0.5303300619125366,0.021718839183449745,0.0,1.5337426662445068,0.0,0.10837438423645321,0,0.0,0.0034891835310537334,5,1.0003563165664673,0.9996438026428223,1.4828695593770052,1.0,178.5554656982422,1.0,1.5223971605300903,1.0,1.5223971605300903,1.0,6.233602789507131e-08,1.0000001192092896,0.9996438026428223,1.0003563165664673,6.507119178771973,2.632457971572876,1.0,2.632457971572876
GCN,265,2131,0,1,3,1.8369210958480835,5.344557762145996,3.5076366662979126,0.8017836213111877,0.034073006361722946,-0.021571127697825432,1.0144754648208618,0.018667196854948997,0.10837438423645321,0,0.0,0.0034891835310537334,5,0.9999738335609436,0.9991226196289062,0.9723540606496855,1.0,118.04334259033203,1.0,1.0064208507537842,1.0,1.0064208507537842,1.0,7.450580596923828e-09,1.0000001192092896,0.9991226196289062,0.9999738335609436,3.929046154022217,1.741207480430603,1.0,1.741207480430603
GCN,265,2139,3,0,4,-6.4819722175598145,-0.5076653957366943,5.97430682182312,0.7499998807907104,0.0377153716981411,0.0,1.084519863128662,0.0,0.10837438423645321,0,0.0,0.0034891835310537334,5,1.0010744333267212,0.9989267587661743,1.0407128672118384,1.0,126.20463562011719,1.0,1.076006293296814,1.0,1.076006293296814,1.0,7.450580596923828e-09,1.0000001192092896,0.9989267587661743,1.0010744333267212,4.8501200675964355,1.861429214477539,1.0,1.861429214477539
GCN,265,2141,3,0,4,-7.4719767570495605,-0.5313735008239746,6.940603256225586,0.7499998807907104,0.04076368361711502,0.0,1.084519863128662,0.0,0.10837438423645321,0,0.0,0.0034891835310537334,5,1.0012550354003906,0.9987465739250183,1.0407128672118384,1.0,126.20463562011719,1.0,1.076006293296814,1.0,1.076006293296814,1.0,7.902533738501916e-09,1.0000001192092896,0.9987465739250183,1.0012550354003906,4.850120544433594,1.861429214477539,1.0,1.861429214477539
GCN,265,2153,4,1,3,0.43426334857940674,4.407209396362305,3.972946047782898,0.8017836213111877,0.034706272184848785,0.0,1.0144754648208618,0.0,0.10837438423645321,0,0.0,0.0034891835310537334,5,1.0009099245071411,0.9990909695625305,0.9723540606496855,1.0,118.04334259033203,1.0,1.0064208507537842,1.0,1.0064208507537842,1.0,0.0,1.0000001192092896,0.9990909695625305,1.0009099245071411,4.421995639801025,1.741207480430603,1.0,1.741207480430603
GCN,265,2156,0,1,4,0.9360652565956116,4.024852275848389,3.088787019252777,0.7499998807907104,0.028042687103152275,0.0,1.084519863128662,0.0,0.10837438423645321,0,0.0,0.0034891835310537334,5,1.0005940198898315,0.9994063377380371,1.0407128672118384,1.0,126.20463562011719,1.0,1.076006293296814,1.0,1.076006293296814,1.0,7.450580596923828e-09,1.0000001192092896,0.9994063377380371,1.0005940198898315,5.201174259185791,1.861429214477539,1.0,1.861429214477539
GCN,265,2157,6,1,5,-2.5264461040496826,0.807434618473053,3.3338807225227356,0.7071066498756409,0.02939080260694027,-0.0224135834723711,1.150307059288025,0.0,0.10837438423645321,0,0.0,0.0034891835310537334,5,0.9998429417610168,0.9993470907211304,1.1051090585391374,1.0,133.870361328125,1.0,1.1413679122924805,1.0,1.1413679122924805,1.0,1.4901161193847656e-08,1.0000001192092896,0.9993470907211304,0.9998429417610168,5.144329071044922,1.9743437767028809,1.0,1.9743437767028809
GCN,265,2158,6,1,1,-1.9098597764968872,2.3168344497680664,4.226694226264954,0.9486831426620483,0.07506507635116577,0.0,0.8573882579803467,0.0,0.10837438423645321,0,0.0,0.0034891835310537334,5,1.0042494535446167,0.9957684874534607,0.8200823869837026,1.0,99.74270629882812,1.0,0.8503942489624023,1.0,0.8503942489624023,1.0,6.006850128414953e-08,1.0000001192092896,0.9957684874534607,1.0042494535446167,3.7372686862945557,1.4715889692306519,1.0,1.4715889692306519
GCN,265,2160,6,1,8,-2.767556667327881,0.3852815628051758,3.1528382301330566,0.6123723983764648,0.02421741746366024,-0.08057090640068054,1.328260064125061,0.0,0.10837438423645321,0,0.0,0.0034891835310537334,5,0.9980424642562866,0.9995577931404114,1.280008691668803,1.0,154.60775756835938,1.0,1.3181915283203125,1.0,1.3181915283203125,1.0,1.8719351402296525e-08,1.0000001192092896,0.9995577931404114,0.9980424642562866,5.789751052856445,2.279775619506836,1.0,2.279775619506836
GCN,265,2164,6,1,3,-2.790865898132324,0.6724072098731995,3.4632731080055237,0.8017836213111877,0.03696797415614128,0.0,1.0144754648208618,0.0,0.10837438423645321,0,0.0,0.0034891835310537334,5,1.0010323524475098,0.998968780040741,0.9723540606496855,1.0,118.04334259033203,1.0,1.0064208507537842,1.0,1.0064208507537842,1.0,0.0,1.0000001192092896,0.998968780040741,1.0010323524475098,4.758311748504639,1.741207480430603,1.0,1.741207480430603
GCN,265,2165,6,1,3,-0.8828639984130859,2.7617154121398926,3.6445794105529785,0.8017836213111877,0.030789891257882118,0.0,1.0144754648208618,0.0,0.10837438423645321,0,0.0,0.0034891835310537334,5,1.000716209411621,0.9992843270301819,0.9723540606496855,1.0,118.04334259033203,1.0,1.0064208507537842,1.0,1.0064208507537842,1.0,0.0,1.0000001192092896,0.9992843270301819,1.000716209411621,4.758311748504639,1.741207480430603,1.0,1.741207480430603
GCN,265,2166,5,1,2,-2.8653464317321777,1.7438042163848877,4.609150648117065,0.8660253286361694,0.08365887403488159,0.0,0.9392216801643372,0.0,0.10837438423645321,0,0.0,0.0034891835310537334,5,1.0052752494812012,0.9947524070739746,0.8992005135073163,1.0,109.27578735351562,1.0,0.9316691160202026,1.0,0.9316691160202026,1.0,6.705522537231445e-08,1.0,0.9947524070739746,1.0052752494812012,2.100163459777832,1.6120448112487793,1.0,1.6120448112487793
GCN,265,2172,0,1,5,3.3671045303344727,6.822731971740723,3.45562744140625,0.7071066498756409,0.03074590489268303,-0.004364220425486565,1.150307059288025,0.0,0.10837438423645321,0,0.0,0.0034891835310537334,5,1.00054931640625,0.9992860555648804,1.1051090585391374,1.0,133.870361328125,1.0,1.1413679122924805,1.0,1.1413679122924805,1.0,1.4901161193847656e-08,1.0000001192092896,0.9992860555648804,1.00054931640625,5.516678810119629,1.9743437767028809,1.0,1.9743437767028809
GCN,265,2177,3,1,4,0.32270193099975586,2.9237377643585205,2.6010358333587646,0.7499998807907104,0.060897283256053925,0.0,1.084519863128662,0.0,0.10837438423645321,0,0.0,0.0034891835310537334,5,1.0027987957000732,0.9972091317176819,1.0407128672118384,1.0,126.20463562011719,1.0,1.076006293296814,1.0,1.076006293296814,1.0,7.450580596923828e-09,1.0000001192092896,0.9972091317176819,1.0027987957000732,1.5337426662445068,1.861429214477539,1.0,1.861429214477539
GCN,265,2181,0,1,8,4.285524368286133,7.184038162231445,2.8985137939453125,0.6123723983764648,0.027886128053069115,-0.0010285244788974524,1.328260064125061,0.0,0.10837438423645321,0,0.0,0.0034891835310537334,5,1.0005522966384888,0.9994127750396729,1.280008691668803,1.0,154.60775756835938,1.0,1.3181915283203125,1.0,1.3181915283203125,1.0,1.825012141409843e-08,1.0000001192092896,0.9994127750396729,1.0005522966384888,6.370111465454102,2.279775619506836,1.0,2.279775619506836
GCN,265,2189,0,1,6,1.2086663246154785,4.367926120758057,3.159259796142578,0.6708203554153442,0.02135578542947769,-0.03513854742050171,1.2125300168991089,0.032240211963653564,0.10837438423645321,0,0.0,0.0034891835310537334,5,0.9994220733642578,0.9996553659439087,1.166159309467222,1.0,141.12112426757812,1.0,1.2031928300857544,1.0,1.2031928300857544,1.0,6.064333035737945e-08,1.0,0.9996553659439087,0.9994220733642578,5.422598838806152,2.0811409950256348,1.0,2.0811409950256348
GCN,265,2195,0,1,4,-0.4819004535675049,3.0344128608703613,3.516313314437866,0.7499998807907104,0.03672810643911362,-0.010568035766482353,1.084519863128662,0.0,0.10837438423645321,0,0.0,0.0034891835310537334,5,1.000542163848877,0.998981237411499,1.0407128672118384,1.0,126.20463562011719,1.0,1.076006293296814,1.0,1.076006293296814,1.0,1.666000493116826e-08,1.0000001192092896,0.998981237411499,1.000542163848877,4.057901859283447,1.861429214477539,1.0,1.861429214477539
GCN,265,2198,0,1,5,2.5560920238494873,5.895909786224365,3.339817762374878,0.7071066498756409,0.023195475339889526,-0.03285370022058487,1.150307059288025,0.0,0.10837438423645321,0,0.0,0.0034891835310537334,5,0.9994695782661438,0.9995933771133423,1.1051090585391374,1.0,133.870361328125,1.0,1.1413679122924805,1.0,1.1413679122924805,1.0,6.143906006172983e-08,1.0,0.9995933771133423,0.9994695782661438,4.742837429046631,1.9743437767028809,1.0,1.9743437767028809
GCN,265,2212,3,1,4,-2.879915237426758,3.3229434490203857,6.2028586864471436,0.7499998807907104,0.032489582896232605,-0.009294134564697742,1.084519863128662,0.0,0.10837438423645321,0,0.0,0.0034891835310537334,5,1.0004265308380127,0.9992026090621948,1.0407128672118384,1.0,126.20463562011719,1.0,1.076006293296814,1.0,1.076006293296814,1.0,0.0,1.0000001192092896,0.9992026090621948,1.0004265308380127,4.8501200675964355,1.861429214477539,1.0,1.861429214477539
GCN,265,2215,3,1,4,-3.2164735794067383,3.5541434288024902,6.7706170082092285,0.7499998807907104,0.031249022111296654,-0.02182038128376007,1.084519863128662,0.0,0.10837438423645321,0,0.0,0.0034891835310537334,5,0.999899685382843,0.9992620348930359,1.0407128672118384,1.0,126.20463562011719,1.0,1.076006293296814,1.0,1.076006293296814,1.0,7.450580596923828e-09,1.0000001192092896,0.9992620348930359,0.999899685382843,4.338079452514648,1.861429214477539,1.0,1.861429214477539
GCN,265,2218,1,1,2,-1.432283878326416,4.340668678283691,5.772952556610107,0.8660253286361694,0.10057755559682846,0.0,0.9392216801643372,0.0,0.10837438423645321,0,0.0,0.0034891835310537334,5,1.0076159238815308,0.9924416542053223,0.8992005135073163,1.0,109.27578735351562,1.0,0.9316691160202026,1.0,0.9316691160202026,1.0,6.705522537231445e-08,1.0,0.9924416542053223,1.0076159238815308,1.8784433603286743,1.6120448112487793,1.0,1.6120448112487793
GCN,265,2224,4,1,8,-2.5282552242279053,2.4958178997039795,5.024073123931885,0.6123723983764648,0.01864817552268505,-0.11286211758852005,1.328260064125061,0.20554743707180023,0.6962864721485411,1,0.0,0.0034891835310537334,5,0.9976725578308105,0.9997393488883972,1.280008691668803,1.0,154.60775756835938,1.0,1.3181915283203125,1.0,1.3181915283203125,1.0,1.8533084400473854e-08,1.0000001192092896,0.9997393488883972,0.9976725578308105,5.6353302001953125,2.279775619506836,1.0,2.279775619506836
GCN,265,2228,6,1,6,-1.3291637897491455,1.9062644243240356,3.235428214073181,0.6708203554153442,0.02134540118277073,0.0,1.2125300168991089,0.0,0.10837438423645321,0,0.0,0.0034891835310537334,5,1.0003442764282227,0.9996559619903564,1.166159309467222,1.0,141.12112426757812,1.0,1.2031928300857544,1.0,1.2031928300857544,1.0,6.052880507922964e-08,1.0,0.9996559619903564,1.0003442764282227,5.940159320831299,2.0811409950256348,1.0,2.0811409950256348
GCN,265,2229,3,1,3,-3.0143938064575195,3.3242576122283936,6.338651418685913,0.8017836213111877,0.04354128986597061,0.0,1.0144754648208618,0.0,0.10837438423645321,0,0.0,0.0034891835310537334,5,1.0014318227767944,0.9985703229904175,0.9723540606496855,1.0,118.04334259033203,1.0,1.0064208507537842,1.0,1.0064208507537842,1.0,0.0,1.0000001192092896,0.9985703229904175,1.0014318227767944,4.182789325714111,1.741207480430603,1.0,1.741207480430603
GCN,265,2231,0,1,2,-1.726285696029663,5.265745639801025,6.9920313358306885,0.8660253286361694,0.04434539005160332,-0.006830077152699232,0.9392216801643372,0.0,0.10837438423645321,0,0.0,0.0034891835310537334,5,1.0011130571365356,0.9985162019729614,0.8992005135073163,1.0,109.27578735351562,1.0,0.9316691160202026,1.0,0.9316691160202026,1.0,6.705522537231445e-08,1.0,0.9985162019729614,1.0011130571365356,4.601227760314941,1.6120448112487793,1.0,1.6120448112487793
GCN,265,2232,0,1,3,2.864636182785034,6.168061256408691,3.3034250736236572,0.8017836213111877,0.03898737207055092,-0.005606446880847216,1.0144754648208618,0.0,0.10837438423645321,0,0.0,0.0034891835310537334,5,1.0008796453475952,0.9988527297973633,0.9723540606496855,1.0,118.04334259033203,1.0,1.0064208507537842,1.0,1.0064208507537842,1.0,7.450580596923828e-09,1.0000001192092896,0.9988527297973633,1.0008796453475952,4.536871910095215,1.741207480430603,1.0,1.741207480430603
GCN,265,2235,5,1,3,-4.544185638427734,2.0909552574157715,6.635140895843506,0.8017836213111877,0.04306357726454735,-0.18328547477722168,1.0144754648208618,0.21801596879959106,0.7281167108753316,1,0.0,0.0034891835310537334,5,0.9916630983352661,0.9986217617988586,0.9723540606496855,1.0,118.04334259033203,1.0,1.0064208507537842,1.0,1.0064208507537842,1.0,2.9802322387695312e-08,1.0,0.9986217617988586,0.9916630983352661,4.057901859283447,1.741207480430603,1.0,1.741207480430603
GCN,265,2249,4,1,6,-3.8892722129821777,3.6098363399505615,7.499108552932739,0.6708203554153442,0.019440261647105217,0.0,1.2125300168991089,0.0,0.10837438423645321,0,0.0,0.0034891835310537334,5,1.0002856254577637,0.9997146129608154,1.166159309467222,1.0,141.12112426757812,1.0,1.2031928300857544,1.0,1.2031928300857544,1.0,6.052880507922964e-08,1.0,0.9997146129608154,1.0002856254577637,5.422598838806152,2.0811409950256348,1.0,2.0811409950256348
GCN,265,2264,4,1,1,0.09151220321655273,5.346580982208252,5.255068778991699,0.9486831426620483,0.07057054340839386,0.0,0.8573882579803467,0.0,0.10837438423645321,0,0.0,0.0034891835310537334,5,1.0037566423416138,0.996257483959198,0.8200823869837026,1.0,99.74270629882812,1.0,0.8503942489624023,1.0,0.8503942489624023,1.0,6.006850128414953e-08,1.0000001192092896,0.996257483959198,1.0037566423416138,4.111889362335205,1.4715889692306519,0.9999999403953552,1.4715890884399414
GCN,265,2274,0,1,3,-0.682870626449585,2.8239994049072266,3.5068700313568115,0.8017836213111877,0.03593374043703079,0.0,1.0144754648208618,0.0,0.10837438423645321,0,0.0,0.0034891835310537334,5,1.0009753704071045,0.9990255832672119,0.9723540606496855,1.0,118.04334259033203,1.0,1.0064208507537842,1.0,1.0064208507537842,1.0,0.0,1.0000001192092896,0.9990255832672119,1.0009753704071045,4.182789325714111,1.741207480430603,1.0,1.741207480430603
GCN,265,2279,2,1,3,-5.3111042976379395,2.9808294773101807,8.29193377494812,0.8017836213111877,0.0312647819519043,-0.031888384371995926,1.0144754648208618,0.04558587074279785,0.12182644941265632,0,0.0,0.0034891835310537334,5,0.9995129108428955,0.9992610812187195,0.9723540606496855,1.0,118.04334259033203,1.0,1.0064208507537842,1.0,1.0064208507537842,1.0,1.4901161193847656e-08,1.0000001192092896,0.9992610812187195,0.9995129108428955,4.9698944091796875,1.741207480430603,1.0,1.741207480430603
GCN,265,2288,5,1,3,-1.7978309392929077,3.5546696186065674,5.352500557899475,0.8017836213111877,0.040046680718660355,0.0,1.0144754648208618,0.0,0.10837438423645321,0,0.0,0.0034891835310537334,5,1.0012112855911255,0.9987902641296387,0.9723540606496855,1.0,118.04334259033203,1.0,1.0064208507537842,1.0,1.0064208507537842,1.0,0.0,1.0000001192092896,0.9987902641296387,1.0012112855911255,4.536871910095215,1.741207480430603,1.0,1.741207480430603
GCN,265,2293,0,1,3,-0.5169956684112549,3.1224162578582764,3.6394119262695312,0.8017836213111877,0.03955579921603203,0.0,1.0144754648208618,0.0,0.10837438423645321,0,0.0,0.0034891835310537334,5,1.001181721687317,0.9988197088241577,0.9723540606496855,1.0,118.04334259033203,1.0,1.0064208507537842,1.0,1.0064208507537842,1.0,0.0,1.0000001192092896,0.9988197088241577,1.001181721687317,4.3040547370910645,1.741207480430603,1.0,1.741207480430603
GCN,265,2297,4,1,3,-3.3351387977600098,5.041440486907959,8.376579284667969,0.8017836213111877,0.05695796385407448,0.0,1.0144754648208618,0.0,0.10837438423645321,0,0.0,0.0034891835310537334,5,1.0024487972259521,0.9975572228431702,0.9723540606496855,1.0,118.04334259033203,1.0,1.0064208507537842,1.0,1.0064208507537842,1.0,0.0,1.0000001192092896,0.9975572228431702,1.0024487972259521,4.9698944091796875,1.741207480430603,1.0,1.741207480430603
GCN,265,2299,4,1,2,-2.4726309776306152,4.5711798667907715,7.043810844421387,0.8660253286361694,0.04767318069934845,0.0,0.9392216801643372,0.0,0.10837438423645321,0,0.0,0.0034891835310537334,5,1.0017160177230835,0.9982868432998657,0.8992005135073163,1.0,109.27578735351562,1.0,0.9316691160202026,1.0,0.9316691160202026,1.0,6.705522537231445e-08,1.0,0.9982868432998657,1.0017160177230835,4.093972206115723,1.6120448112487793,1.0,1.6120448112487793
GCN,265,2302,3,1,2,-2.239905595779419,4.085273742675781,6.3251793384552,0.8660253286361694,0.03836897388100624,0.0,0.9392216801643372,0.0,0.10837438423645321,0,0.0,0.0034891835310537334,5,1.0011118650436401,0.9988893270492554,0.8992005135073163,1.0,109.27578735351562,1.0,0.9316691160202026,1.0,0.9316691160202026,1.0,6.705522537231445e-08,1.0,0.9988893270492554,1.0011118650436401,4.5043487548828125,1.6120448112487793,1.0,1.6120448112487793
GCN,265,2310,3,1,2,-0.5234719514846802,2.9823520183563232,3.5058239698410034,0.8660253286361694,0.05637802183628082,-0.04707808792591095,0.9392216801643372,0.0,0.10837438423645321,0,0.0,0.0034891835310537334,5,0.999138593673706,0.9975962042808533,0.8992005135073163,1.0,109.27578735351562,1.0,0.9316691160202026,1.0,0.9316691160202026,1.0,3.0719530030864917e-08,1.0,0.9975962042808533,0.999138593673706,3.9847800731658936,1.6120448112487793,1.0,1.6120448112487793
GCN,265,2316,3,1,1,-3.1444482803344727,3.002915620803833,6.147363901138306,0.9486831426620483,0.08433899283409119,0.0,0.8573882579803467,0.0,0.10837438423645321,0,0.0,0.0034891835310537334,5,1.0053613185882568,0.9946672916412354,0.8200823869837026,1.0,99.74270629882812,1.0,0.8503942489624023,1.0,0.8503942489624023,1.0,6.006850128414953e-08,1.0000001192092896,0.9946672916412354,1.0053613185882568,3.8343565464019775,1.4715889692306519,1.0,1.4715889692306519
GCN,265,2318,1,1,2,-1.0441720485687256,4.478279113769531,5.522451162338257,0.8660253286361694,0.04087688401341438,0.0,0.9392216801643372,0.0,0.10837438423645321,0,0.0,0.0034891835310537334,5,1.0012619495391846,0.9987396597862244,0.8992005135073163,1.0,109.27578735351562,1.0,0.9316691160202026,1.0,0.9316691160202026,1.0,6.705522537231445e-08,1.0,0.9987396597862244,1.0012619495391846,4.696108341217041,1.6120448112487793,1.0,1.6120448112487793
GCN,265,2320,3,1,2,-0.6532378196716309,4.524012565612793,5.177250385284424,0.8660253286361694,0.0470731146633625,0.0,0.9392216801643372,0.0,0.10837438423645321,0,0.0,0.0034891835310537334,5,1.0016732215881348,0.9983295798301697,0.8992005135073163,1.0,109.27578735351562,1.0,0.9316691160202026,1.0,0.9316691160202026,1.0,6.705522537231445e-08,1.0,0.9983295798301697,1.0016732215881348,3.9847800731658936,1.6120448112487793,1.0,1.6120448112487793
GCN,265,2321,0,1,2,1.483123540878296,5.221445083618164,3.738321542739868,0.8660253286361694,0.04849979281425476,-0.031535934656858444,0.9392216801643372,0.0,0.10837438423645321,0,0.0,0.0034891835310537334,5,0.9998972415924072,0.9982221722602844,0.8992005135073163,1.0,109.27578735351562,1.0,0.9316691160202026,1.0,0.9316691160202026,1.0,6.705522537231445e-08,1.0,0.9982221722602844,0.9998972415924072,4.093972206115723,1.6120448112487793,1.0,1.6120448112487793
GCN,265,2330,0,1,3,0.7251090407371521,5.596458435058594,4.871349394321442,0.8017836213111877,0.034849561750888824,-0.019273076206445694,1.0144754648208618,0.03006415255367756,0.10837438423645321,0,0.0,0.0034891835310537334,5,1.0000921487808228,0.9990823268890381,0.9723540606496855,1.0,118.04334259033203,1.0,1.0064208507537842,1.0,1.0064208507537842,1.0,0.0,1.0000001192092896,0.9990822672843933,1.0000921487808228,4.865253448486328,1.741207480430603,1.0,1.741207480430603
GCN,265,2331,1,1,2,-1.9746806621551514,3.825146198272705,5.7998268604278564,0.8660253286361694,0.055538635700941086,0.0,0.9392216801643372,0.0,0.10837438423645321,0,0.0,0.0034891835310537334,5,1.0023283958435059,0.9976770877838135,0.8992005135073163,1.0,109.27578735351562,1.0,0.9316691160202026,1.0,0.9316691160202026,1.0,6.705522537231445e-08,1.0,0.9976770877838135,1.0023283958435059,3.8725101947784424,1.6120448112487793,1.0,1.6120448112487793
GCN,265,2337,4,1,1,-3.8311805725097656,5.589649200439453,9.420829772949219,0.9486831426620483,0.08601745963096619,-0.011461373418569565,0.8573882579803467,0.015413930639624596,0.10837438423645321,0,0.0,0.0034891835310537334,5,1.004370093345642,0.9944421648979187,0.8200823869837026,1.0,99.74270629882812,1.0,0.8503942489624023,1.0,0.8503942489624023,1.0,6.006850128414953e-08,1.0000001192092896,0.9944421648979187,1.004370093345642,4.021507263183594,1.4715889692306519,1.0,1.4715889692306519
GCN,265,2341,4,1,1,-3.6603221893310547,3.067086935043335,6.72740912437439,0.9486831426620483,0.14220845699310303,0.0,0.8573882579803467,0.0,0.10837438423645321,0,0.0,0.0034891835310537334,5,1.0151684284210205,0.9850581884384155,0.8200823869837026,1.0,99.74270629882812,1.0,0.8503942489624023,1.0,0.8503942489624023,1.0,6.006850128414953e-08,1.0000001192092896,0.9850581884384155,1.0151684284210205,3.535102367401123,1.4715889692306519,1.0,1.4715889692306519
GCN,265,2342,0,1,1,1.5989046096801758,5.074282646179199,3.4753780364990234,0.9486831426620483,0.07826709002256393,-0.03522820770740509,0.8573882579803467,0.0,0.10837438423645321,0,0.0,0.0034891835310537334,5,1.0012388229370117,0.9953770637512207,0.8200823869837026,1.0,99.74270629882812,1.0,0.8503942489624023,1.0,0.8503942489624023,1.0,6.188916756855178e-08,1.0000001192092896,0.9953770637512207,1.0012388229370117,3.6375904083251953,1.4715889692306519,1.0,1.4715889692306519
GCN,265,2346,3,1,3,-2.7589025497436523,3.859251022338867,6.6181535720825195,0.8017836213111877,0.035053856670856476,0.0,1.0144754648208618,0.0,0.10837438423645321,0,0.0,0.0034891835310537334,5,1.000928282737732,0.9990726709365845,0.9723540606496855,1.0,118.04334259033203,1.0,1.0064208507537842,1.0,1.0064208507537842,1.0,3.725290298461914e-09,1.0000001192092896,0.9990726709365845,1.000928282737732,4.865253448486328,1.741207480430603,1.0,1.741207480430603
GCN,265,2347,0,1,3,1.1364102363586426,5.987732887268066,4.851322650909424,0.8017836213111877,0.03370118513703346,0.0,1.0144754648208618,0.0,0.10837438423645321,0,0.0,0.0034891835310537334,5,1.0008580684661865,0.9991427659988403,0.9723540606496855,1.0,118.04334259033203,1.0,1.0064208507537842,1.0,1.0064208507537842,1.0,1.862645149230957e-09,1.0000001192092896,0.9991427659988403,1.0008580684661865,5.271368980407715,1.741207480430603,1.0,1.741207480430603
GCN,265,2353,4,1,3,-2.4387004375457764,3.79718279838562,6.2358832359313965,0.8017836213111877,0.03555407375097275,-0.03334144130349159,1.0144754648208618,0.0,0.10837438423645321,0,0.0,0.0034891835310537334,5,0.9994978904724121,0.9990442991256714,0.9723540606496855,1.0,118.04334259033203,1.0,1.0064208507537842,1.0,1.0064208507537842,1.0,0.0,1.0000001192092896,0.9990442991256714,0.9994978904724121,4.536871910095215,1.741207480430603,1.0,1.741207480430603
GCN,265,2359,2,0,11,-7.817837238311768,-2.6441619396209717,5.173675298690796,0.5477225184440613,0.024233287200331688,-0.004985189996659756,1.4850399494171143,0.0,0.10837438423645321,0,0.0,0.0034891835310537334,5,1.0002951622009277,0.9995564222335815,1.4347207111959182,1.0,172.87930297851562,1.0,1.4739949703216553,1.0,1.4739949703216553,1.0,6.202915869835124e-08,1.0000001192092896,0.9995564222335815,1.0002951622009277,2.9700798988342285,2.5488665103912354,1.0,2.5488665103912354
GCN,265,2365,2,0,7,-7.349781036376953,-0.8822970390319824,6.467483997344971,0.6396021246910095,0.03492196649312973,-0.024664677679538727,1.2717121839523315,0.0,0.10837438423645321,0,0.0,0.0034891835310537334,5,0.9998627305030823,0.9990782141685486,1.2243356596549602,1.0,148.01780700683594,1.0,1.2619996070861816,1.0,1.2619996070861816,1.0,1.4901161193847656e-08,1.0000001192092896,0.9990782141685486,0.9998627305030823,2.543424367904663,2.1827187538146973,1.0,2.1827187538146973
GCN,265,2368,3,1,2,-0.38836240768432617,4.100125312805176,4.488487720489502,0.8660253286361694,0.05734952166676521,0.0,0.9392216801643372,0.0,0.10837438423645321,0,0.0,0.0034891835310537334,5,1.0024824142456055,0.9975237846374512,0.8992005135073163,1.0,109.27578735351562,1.0,0.9316691160202026,1.0,0.9316691160202026,1.0,6.705522537231445e-08,1.0,0.9975237846374512,1.0024824142456055,4.200326919555664,1.6120448112487793,1.0,1.6120448112487793
GCN,265,2383,4,1,10,-5.103729724884033,1.8861291408538818,6.989858865737915,0.5669466257095337,0.02022654190659523,-0.019092503935098648,1.4346848726272583,0.0,0.10837438423645321,0,0.0,0.0034891835310537334,5,0.9998344779014587,0.99969083070755,1.384979188535478,1.0,167.0106658935547,1.0,1.4239519834518433,1.0,1.4239519834518433,1.0,3.4193618603239884e-08,1.0000001192092896,0.99969083070755,0.9998344779014587,6.880506992340088,2.4624390602111816,1.0,2.4624390602111816
GCN,265,2384,0,1,1,1.0840778350830078,5.059349060058594,3.975271224975586,0.9486831426620483,0.0686800554394722,-0.01768859103322029,0.8573882579803467,0.0,0.10837438423645321,0,0.0,0.0034891835310537334,5,1.0020689964294434,0.9964447021484375,0.8200823869837026,1.0,99.74270629882812,1.0,0.8503942489624023,1.0,0.8503942489624023,1.0,6.006850128414953e-08,1.0000001192092896,0.9964447021484375,1.0020689964294434,4.021507263183594,1.4715889692306519,1.0,1.4715889692306519
GCN,265,2389,2,1,2,-3.9420199394226074,2.5706162452697754,6.512636184692383,0.8660253286361694,0.04658159986138344,-0.032242391258478165,0.9392216801643372,0.036045655608177185,0.10837438423645321,0,0.0,0.0034891835310537334,5,0.999793291091919,0.9983599185943604,0.8992005135073163,1.0,109.27578735351562,1.0,0.9316691160202026,1.0,0.9316691160202026,1.0,6.705522537231445e-08,1.0,0.9983599185943604,0.999793291091919,3.7568867206573486,1.6120448112487793,1.0,1.6120448112487793
GCN,265,2392,2,1,3,-3.9821245670318604,2.3106257915496826,6.292750358581543,0.8017836213111877,0.03611104562878609,-0.025164436548948288,1.0144754648208618,0.03496941924095154,0.10837438423645321,0,0.0,0.0034891835310537334,5,0.9998683929443359,0.9990143775939941,0.9723540606496855,1.0,118.04334259033203,1.0,1.0064208507537842,1.0,1.0064208507537842,1.0,0.0,1.0000001192092896,0.9990143775939941,0.9998683929443359,4.182789325714111,1.741207480430603,1.0,1.741207480430603
GCN,265,2411,3,1,1,-2.4456076622009277,4.308101654052734,6.753709316253662,0.9486831426620483,0.0862840935587883,0.0,0.8573882579803467,0.0,0.10837438423645321,0,0.0,0.0034891835310537334,5,1.0056105852127075,0.9944206476211548,0.8200823869837026,1.0,99.74270629882812,1.0,0.8503942489624023,1.0,0.8503942489624023,1.0,6.006850128414953e-08,1.0000001192092896,0.9944206476211548,1.0056105852127075,3.929046630859375,1.4715889692306519,1.0,1.4715889692306519
GCN,265,2425,3,1,5,0.7311204671859741,4.314080238342285,3.582959771156311,0.7071066498756409,0.03545233607292175,0.0,1.150307059288025,0.0,0.10837438423645321,0,0.0,0.0034891835310537334,5,1.000949501991272,0.9990514516830444,1.1051090585391374,1.0,133.870361328125,1.0,1.1413679122924805,1.0,1.1413679122924805,1.0,1.4901161193847656e-08,1.0000001192092896,0.9990514516830444,1.000949501991272,5.014071941375732,1.9743437767028809,1.0,1.9743437767028809
GCN,265,2427,3,1,3,-0.8711702227592468,4.821325778961182,5.6924960017204285,0.8017836213111877,0.05776606500148773,-0.023897897452116013,1.0144754648208618,0.015413930639624596,0.10837438423645321,0,0.0,0.0034891835310537334,5,1.0008243322372437,0.9974806308746338,0.9723540606496855,1.0,118.04334259033203,1.0,1.0064208507537842,1.0,1.0064208507537842,1.0,3.725290298461914e-09,1.0000001192092896,0.9974806308746338,1.0008243322372437,4.758311748504639,1.741207480430603,1.0,1.741207480430603
GCN,265,2428,5,1,1,-0.828602135181427,4.371420860290527,5.200022995471954,0.9486831426620483,0.15541410446166992,-0.0027477454859763384,0.8573882579803467,0.0,0.10837438423645321,0,0.0,0.0034891835310537334,5,1.0175743103027344,0.9822132587432861,0.8200823869837026,1.0,99.74270629882812,1.0,0.8503942489624023,1.0,0.8503942489624023,1.0,6.018390763529169e-08,1.0000001192092896,0.9822132587432861,1.0175743103027344,1.7147765159606934,1.4715889692306519,1.0,1.4715889692306519
GCN,265,2431,4,1,1,-3.11049747467041,5.675784111022949,8.78628158569336,0.9486831426620483,0.11249000579118729,0.0,0.8573882579803467,0.0,0.10837438423645321,0,0.0,0.0034891835310537334,5,1.009517788887024,0.990571916103363,0.8200823869837026,1.0,99.74270629882812,1.0,0.8503942489624023,1.0,0.8503942489624023,1.0,6.006850128414953e-08,1.0000001192092896,0.990571916103363,1.009517788887024,2.843635082244873,1.4715889692306519,1.0,1.4715889692306519
GCN,265,2433,2,1,1,0.11564064025878906,4.920566558837891,4.804925918579102,0.9486831426620483,0.08693026006221771,0.0,0.8573882579803467,0.0,0.10837438423645321,0,0.0,0.0034891835310537334,5,1.0056946277618408,0.9943375587463379,0.8200823869837026,1.0,99.74270629882812,1.0,0.8503942489624023,1.0,0.8503942489624023,1.0,6.006850128414953e-08,1.0000001192092896,0.9943375587463379,1.0056946277618408,3.6375904083251953,1.4715889692306519,1.0,1.4715889692306519
GCN,265,2435,4,1,2,-2.197226047515869,3.9671528339385986,6.164378881454468,0.8660253286361694,0.047886963933706284,0.0,0.9392216801643372,0.0,0.10837438423645321,0,0.0,0.0034891835310537334,5,1.001731514930725,0.9982714653015137,0.8992005135073163,1.0,109.27578735351562,1.0,0.9316691160202026,1.0,0.9316691160202026,1.0,6.705522537231445e-08,1.0,0.9982714653015137,1.001731514930725,4.405340194702148,1.6120448112487793,1.0,1.6120448112487793
GCN,265,2438,3,1,2,-3.0946333408355713,4.412907123565674,7.507540464401245,0.8660253286361694,0.06340334564447403,-0.007416311651468277,0.9392216801643372,0.0,0.10837438423645321,0,0.0,0.0034891835310537334,5,1.002456784248352,0.9969724416732788,0.8992005135073163,1.0,109.27578735351562,1.0,0.9316691160202026,1.0,0.9316691160202026,1.0,6.715862355122226e-08,1.0,0.9969724416732788,1.002456784248352,3.7568867206573486,1.6120448112487793,1.0,1.6120448112487793
GCN,265,2445,2,1,4,-4.787696838378906,3.2058141231536865,7.993510961532593,0.7499998807907104,0.026136137545108795,0.0,1.084519863128662,0.0,0.10837438423645321,0,0.0,0.0034891835310537334,5,1.0005161762237549,0.999484121799469,1.0407128672118384,1.0,126.20463562011719,1.0,1.076006293296814,1.0,1.076006293296814,1.0,7.450580596923828e-09,1.0000001192092896,0.999484121799469,1.0005161762237549,5.201174736022949,1.861429214477539,1.0,1.861429214477539
GCN,265,2446,2,1,8,-6.548496723175049,1.3513686656951904,7.899865388870239,0.6123723983764648,0.021225398406386375,-0.04565094783902168,1.328260064125061,0.1744127720594406,0.5939749905267147,1,0.0,0.0034891835310537334,5,0.9991488456726074,0.9996596574783325,1.280008691668803,1.0,154.60775756835938,1.0,1.3181915283203125,1.0,1.3181915283203125,1.0,1.862645149230957e-08,1.0000001192092896,0.9996596574783325,0.9991488456726074,6.641300201416016,2.279775619506836,1.0,2.279775619506836
GCN,265,2448,2,1,5,-5.988441467285156,2.153897762298584,8.14233922958374,0.7071066498756409,0.027096303179860115,-0.03214738145470619,1.150307059288025,0.0,0.10837438423645321,0,0.0,0.0034891835310537334,5,0.9994838237762451,0.9994449615478516,1.1051090585391374,1.0,133.870361328125,1.0,1.1413679122924805,1.0,1.1413679122924805,1.0,1.4901161193847656e-08,1.0000001192092896,0.9994449615478516,0.9994838237762451,5.516678810119629,1.9743437767028809,1.0,1.9743437767028809
GCN,265,2456,5,1,2,-1.47431218624115,3.811304807662964,5.285616993904114,0.8660253286361694,0.046375006437301636,-0.0944882333278656,0.9392216801643372,0.014757716096937656,0.10837438423645321,0,0.0,0.0034891835310537334,5,0.9962309002876282,0.9983757734298706,0.8992005135073163,1.0,109.27578735351562,1.0,0.9316691160202026,1.0,0.9316691160202026,1.0,8.470428980444922e-08,1.0,0.9983757734298706,0.9962309002876282,4.601227760314941,1.6120448112487793,1.0,1.6120448112487793
GCN,265,2459,3,1,2,-6.082698822021484,0.24897241592407227,6.331671237945557,0.8660253286361694,0.08521057665348053,0.0,0.9392216801643372,0.0,0.10837438423645321,0,0.0,0.0034891835310537334,5,1.0054723024368286,0.9945574998855591,0.8992005135073163,1.0,109.27578735351562,1.0,0.9316691160202026,1.0,0.9316691160202026,1.0,6.705522537231445e-08,1.0,0.9945574998855591,1.0054723024368286,2.656520128250122,1.6120448112487793,1.0,1.6120448112487793
GCN,265,2461,6,1,1,-4.036762714385986,0.7846803665161133,4.8214430809021,0.9486831426620483,0.08985865861177444,0.0,0.8573882579803467,0.0,0.10837438423645321,0,0.0,0.0034891835310537334,5,1.0060837268829346,0.9939530491828918,0.8200823869837026,1.0,99.74270629882812,1.0,0.8503942489624023,1.0,0.8503942489624023,1.0,6.006850128414953e-08,1.0000001192092896,0.9939530491828918,1.0060837268829346,3.929046630859375,1.4715889692306519,1.0,1.4715889692306519
GCN,265,2467,6,1,2,-0.9056473970413208,3.5800235271453857,4.4856709241867065,0.8660253286361694,0.05142149329185486,-0.00976377073675394,0.9392216801643372,0.014757716096937656,0.10837438423645321,0,0.0,0.0034891835310537334,5,1.0013800859451294,0.9980053901672363,0.8992005135073163,1.0,109.27578735351562,1.0,0.9316691160202026,1.0,0.9316691160202026,1.0,6.715862355122226e-08,1.0,0.9980053901672363,1.0013800859451294,4.601227760314941,1.6120448112487793,1.0,1.6120448112487793
GCN,265,2474,4,1,2,-4.81536340713501,3.4424147605895996,8.25777816772461,0.8660253286361694,0.07218801975250244,0.0,0.9392216801643372,0.0,0.10837438423645321,0,0.0,0.0034891835310537334,5,1.0039304494857788,0.9960849285125732,0.8992005135073163,1.0,109.27578735351562,1.0,0.9316691160202026,1.0,0.9316691160202026,1.0,6.705522537231445e-08,1.0,0.9960849285125732,1.0039304494857788,2.656520128250122,1.6120448112487793,1.0,1.6120448112487793
GCN,265,2479,6,1,1,-3.1595261096954346,1.705956220626831,4.865482330322266,0.9486831426620483,0.09083700180053711,0.0,0.8573882579803467,0.0,0.10837438423645321,0,0.0,0.0034891835310537334,5,1.0062165260314941,0.993821918964386,0.8200823869837026,1.0,99.74270629882812,1.0,0.8503942489624023,1.0,0.8503942489624023,1.0,6.006850128414953e-08,1.0000001192092896,0.993821918964386,1.0062165260314941,3.535102367401123,1.4715889692306519,1.0,1.4715889692306519
GCN,265,2483,4,1,2,-2.7701873779296875,5.019852638244629,7.790040016174316,0.8660253286361694,0.10451503098011017,0.0,0.9392216801643372,0.0,0.10837438423645321,0,0.0,0.0034891835310537334,5,1.0082213878631592,0.9918456673622131,0.8992005135073163,1.0,109.27578735351562,1.0,0.9316691160202026,1.0,0.9316691160202026,1.0,6.705522537231445e-08,1.0,0.9918456673622131,1.0082213878631592,2.100163459777832,1.6120448112487793,1.0,1.6120448112487793
GCN,265,2489,3,1,1,-3.701003313064575,5.231244087219238,8.932247400283813,0.9486831426620483,0.11761264503002167,0.0,0.8573882579803467,0.0,0.10837438423645321,0,0.0,0.0034891835310537334,5,1.0103998184204102,0.9897072315216064,0.8200823869837026,1.0,99.74270629882812,1.0,0.8503942489624023,1.0,0.8503942489624023,1.0,6.006850128414953e-08,1.0000001192092896,0.9897072315216064,1.0103998184204102,2.843635082244873,1.4715889692306519,1.0,1.4715889692306519
GCN,265,2490,4,1,2,-2.4003820419311523,5.978576183319092,8.378958225250244,0.8660253286361694,0.045974187552928925,0.0,0.9392216801643372,0.0,0.10837438423645321,0,0.0,0.0034891835310537334,5,1.0015959739685059,0.9984065294265747,0.8992005135073163,1.0,109.27578735351562,1.0,0.9316691160202026,1.0,0.9316691160202026,1.0,6.705522537231445e-08,1.0,0.9984065294265747,1.0015959739685059,4.5043487548828125,1.6120448112487793,1.0,1.6120448112487793
GCN,265,2496,4,1,1,-0.9165524244308472,4.101080894470215,5.017633318901062,0.9486831426620483,0.0761379599571228,-0.004380411002784967,0.8573882579803467,0.0,0.10837438423645321,0,0.0,0.0034891835310537334,5,1.0039631128311157,0.9956440925598145,0.8200823869837026,1.0,99.74270629882812,1.0,0.8503942489624023,1.0,0.8503942489624023,1.0,6.018390763529169e-08,1.0000001192092896,0.9956440925598145,1.0039631128311157,3.6375904083251953,1.4715889692306519,1.0,1.4715889692306519
GCN,265,2505,1,1,1,-3.1678271293640137,3.356811046600342,6.5246381759643555,0.9486831426620483,0.0778270959854126,0.0,0.8573882579803467,0.0,0.10837438423645321,0,0.0,0.0034891835310537334,5,1.00456702709198,0.9954537153244019,0.8200823869837026,1.0,99.74270629882812,1.0,0.8503942489624023,1.0,0.8503942489624023,1.0,6.006850128414953e-08,1.0000001192092896,0.9954537153244019,1.00456702709198,3.929046630859375,1.4715889692306519,1.0,1.4715889692306519
GCN,265,2508,3,1,3,-4.483870506286621,2.048628330230713,6.532498836517334,0.8017836213111877,0.05790316313505173,0.0,1.0144754648208618,0.0,0.10837438423645321,0,0.0,0.0034891835310537334,5,1.0025306940078735,0.9974757432937622,0.9723540606496855,1.0,118.04334259033203,1.0,1.0064208507537842,1.0,1.0064208507537842,1.0,3.725290298461914e-09,1.0000001192092896,0.9974757432937622,1.0025306940078735,2.8693699836730957,1.741207480430603,1.0,1.741207480430603
GCN,265,2509,3,1,5,-6.7037739753723145,0.24240469932556152,6.946178674697876,0.7071066498756409,0.02911454066634178,0.0,1.150307059288025,0.0,0.10837438423645321,0,0.0,0.0034891835310537334,5,1.0006403923034668,0.9993600845336914,1.1051090585391374,1.0,133.870361328125,1.0,1.1413679122924805,1.0,1.1413679122924805,1.0,1.5359765015432458e-08,1.0000001192092896,0.9993600845336914,1.0006403923034668,5.516678810119629,1.9743437767028809,1.0,1.9743437767028809
GCN,265,2514,2,1,2,-3.910951852798462,3.7023136615753174,7.613265514373779,0.8660253286361694,0.05017181858420372,-0.010347006842494011,0.9392216801643372,0.0,0.10837438423645321,0,0.0,0.0034891835310537334,5,1.0012632608413696,0.9981008768081665,0.8992005135073163,1.0,109.27578735351562,1.0,0.9316691160202026,1.0,0.9316691160202026,1.0,6.705522537231445e-08,1.0,0.9981008768081665,1.0012632608413696,3.9847800731658936,1.6120448112487793,1.0,1.6120448112487793
GCN,265,2523,2,1,2,-3.3452115058898926,3.38887882232666,6.734090328216553,0.8660253286361694,0.05218149349093437,0.0,0.9392216801643372,0.0,0.10837438423645321,0,0.0,0.0034891835310537334,5,1.0020556449890137,0.9979485273361206,0.8992005135073163,1.0,109.27578735351562,1.0,0.9316691160202026,1.0,0.9316691160202026,1.0,6.705522537231445e-08,1.0,0.9979485273361206,1.0020556449890137,4.304054260253906,1.6120448112487793,1.0,1.6120448112487793
GCN,265,2533,0,1,1,-2.887166738510132,4.6882829666137695,7.575449705123901,0.9486831426620483,0.0822051614522934,-0.035954929888248444,0.8573882579803467,0.033984165638685226,0.10837438423645321,0,0.0,0.0034891835310537334,5,1.0014721155166626,0.9949016571044922,0.8200823869837026,1.0,99.74270629882812,1.0,0.8503942489624023,1.0,0.8503942489624023,1.0,6.155189424816854e-08,1.0000001192092896,0.9949015974998474,1.0014721155166626,3.6375904083251953,1.4715889692306519,1.0,1.4715889692306519
GCN,265,2540,3,0,1,-8.413490295410156,-1.4492161273956299,6.964274168014526,0.9486831426620483,0.13973881304264069,0.0,0.8573882579803467,0.0,0.10837438423645321,0,0.0,0.0034891835310537334,5,1.0146498680114746,0.9855615496635437,0.8200823869837026,1.0,99.74270629882812,1.0,0.8503942489624023,1.0,0.8503942489624023,1.0,6.006850128414953e-08,1.0000001192092896,0.9855615496635437,1.0146498680114746,2.2684361934661865,1.4715889692306519,1.0,1.4715889692306519
GCN,265,2543,3,1,3,-5.386653900146484,2.715341806411743,8.101995706558228,0.8017836213111877,0.03918425366282463,0.0,1.0144754648208618,0.0,0.10837438423645321,0,0.0,0.0034891835310537334,5,1.0011597871780396,0.9988416433334351,0.9723540606496855,1.0,118.04334259033203,1.0,1.0064208507537842,1.0,1.0064208507537842,1.0,0.0,1.0000001192092896,0.9988416433334351,1.0011597871780396,4.9698944091796875,1.741207480430603,1.0,1.741207480430603
GCN,265,2549,4,1,1,-3.3540279865264893,4.438224792480469,7.792252779006958,0.9486831426620483,0.07610095292329788,0.0,0.8573882579803467,0.0,0.10837438423645321,0,0.0,0.0034891835310537334,5,1.0043671131134033,0.9956518411636353,0.8200823869837026,1.0,99.74270629882812,1.0,0.8503942489624023,1.0,0.8503942489624023,1.0,6.006850128414953e-08,1.0000001192092896,0.9956518411636353,1.0043671131134033,3.929046630859375,1.4715889692306519,1.0,1.4715889692306519
GCN,265,2552,3,1,1,-3.0004806518554688,4.303594589233398,7.304075241088867,0.9486831426620483,0.15586954355239868,-0.02473404072225094,0.8573882579803467,0.0,0.10837438423645321,0,0.0,0.0034891835310537334,5,1.0135295391082764,0.9819745421409607,0.8200823869837026,1.0,99.74270629882812,1.0,0.8503942489624023,1.0,0.8503942489624023,1.0,6.006850128414953e-08,1.0000001192092896,0.9819745421409607,1.0135295391082764,1.7147765159606934,1.4715889692306519,1.0,1.4715889692306519
GCN,265,2557,2,1,1,-4.720396041870117,3.6697611808776855,8.390157222747803,0.9486831426620483,0.08323174715042114,0.0,0.8573882579803467,0.0,0.10837438423645321,0,0.0,0.0034891835310537334,5,1.0052218437194824,0.9948053359985352,0.8200823869837026,1.0,99.74270629882812,1.0,0.8503942489624023,1.0,0.8503942489624023,1.0,6.006850128414953e-08,1.0000001192092896,0.9948053359985352,1.0052218437194824,3.4295530319213867,1.4715889692306519,1.0,1.4715889692306519
GCN,265,2561,2,1,1,-1.8055050373077393,4.912008285522461,6.7175133228302,0.9486831426620483,0.15477439761161804,-0.0024280098732560873,0.8573882579803467,0.0,0.10837438423645321,0,0.0,0.0034891835310537334,5,1.0174888372421265,0.9823577404022217,0.8200823869837026,1.0,99.74270629882812,1.0,0.8503942489624023,1.0,0.8503942489624023,1.0,6.006850128414953e-08,1.0000001192092896,0.9823577404022217,1.0174888372421265,1.7147765159606934,1.4715889692306519,1.0,1.4715889692306519
GCN,265,2562,0,1,2,-1.0995097160339355,3.4765424728393555,4.576052188873291,0.8660253286361694,0.08063244819641113,0.0,0.9392216801643372,0.0,0.10837438423645321,0,0.0,0.0034891835310537334,5,1.00490140914917,0.9951224327087402,0.8992005135073163,1.0,109.27578735351562,1.0,0.9316691160202026,1.0,0.9316691160202026,1.0,6.705522537231445e-08,1.0,0.9951224327087402,1.00490140914917,3.9847800731658936,1.6120448112487793,1.0,1.6120448112487793
GCN,265,2566,3,1,2,-2.039057731628418,4.709708213806152,6.74876594543457,0.8660253286361694,0.06715395301580429,0.0,0.9392216801643372,0.0,0.10837438423645321,0,0.0,0.0034891835310537334,5,1.0034022331237793,0.9966092109680176,0.8992005135073163,1.0,109.27578735351562,1.0,0.9316691160202026,1.0,0.9316691160202026,1.0,6.705522537231445e-08,1.0,0.9966092109680176,1.0034022331237793,4.304054260253906,1.6120448112487793,1.0,1.6120448112487793
GCN,265,2568,3,1,1,-5.650345802307129,2.349898338317871,8.000244140625,0.9486831426620483,0.07965358346700668,0.0,0.8573882579803467,0.0,0.10837438423645321,0,0.0,0.0034891835310537334,5,1.0047835111618042,0.9952393770217896,0.8200823869837026,1.0,99.74270629882812,1.0,0.8503942489624023,1.0,0.8503942489624023,1.0,6.006850128414953e-08,1.0000001192092896,0.9952393770217896,1.0047835111618042,3.637590169906616,1.4715889692306519,1.0,1.4715889692306519
GCN,265,2578,0,1,2,-1.8301706314086914,3.551133394241333,5.381304025650024,0.8660253286361694,0.049117445945739746,-0.1286570131778717,0.9392216801643372,0.18183790147304535,0.6095111784766957,1,0.0,0.0034891835310537334,5,0.9940363168716431,0.9981837868690491,0.8992005135073163,1.0,109.27578735351562,1.0,0.9316691160202026,1.0,0.9316691160202026,1.0,6.705522537231445e-08,1.0,0.9981837868690491,0.9940363168716431,4.5043487548828125,1.6120448112487793,1.0,1.6120448112487793
GCN,265,2582,3,1,3,-7.281488418579102,0.8027749061584473,8.084263324737549,0.8017836213111877,0.044431619346141815,-0.08445987850427628,1.0144754648208618,0.09279724210500717,0.2624100037893141,0,0.0,0.0034891835310537334,5,0.9968734383583069,0.9985083341598511,0.9723540606496855,1.0,118.04334259033203,1.0,1.0064208507537842,1.0,1.0064208507537842,1.0,2.9802322387695312e-08,1.0,0.9985083341598511,0.9968734383583069,4.421995639801025,1.741207480430603,1.0,1.741207480430603
GCN,265,2586,5,1,1,-2.5420584678649902,3.2406721115112305,5.782730579376221,0.9486831426620483,0.12263746559619904,0.0,0.8573882579803467,0.0,0.10837438423645321,0,0.0,0.0034891835310537334,5,1.0113023519515991,0.9888239502906799,0.8200823869837026,1.0,99.74270629882812,1.0,0.8503942489624023,1.0,0.8503942489624023,1.0,6.006850128414953e-08,1.0000001192092896,0.9888239502906799,1.0113023519515991,4.021507263183594,1.4715889692306519,1.0,1.4715889692306519
GCN,265,2592,5,1,2,-3.5050902366638184,2.48051118850708,5.985601425170898,0.8660253286361694,0.05470056086778641,-0.04577379673719406,0.9392216801643372,0.03722779080271721,0.10837438423645321,0,0.0,0.0034891835310537334,5,0.9991825819015503,0.9977372884750366,0.8992005135073163,1.0,109.27578735351562,1.0,0.9316691160202026,1.0,0.9316691160202026,1.0,6.828570064953965e-08,1.0,0.9977372884750366,0.9991825819015503,3.637589454650879,1.6120448112487793,1.0000001192092896,1.6120445728302002
GCN,265,2598,1,1,1,-1.684518814086914,4.324548721313477,6.009067535400391,0.9486831426620483,0.08357597142457962,0.0,0.8573882579803467,0.0,0.10837438423645321,0,0.0,0.0034891835310537334,5,1.0052648782730103,0.994762659072876,0.8200823869837026,1.0,99.74270629882812,1.0,0.8503942489624023,1.0,0.8503942489624023,1.0,6.006850128414953e-08,1.0000001192092896,0.994762659072876,1.0052648782730103,3.4295530319213867,1.4715889692306519,1.0,1.4715889692306519
GCN,265,2599,3,1,3,-4.160618782043457,2.82210636138916,6.982725143432617,0.8017836213111877,0.04320725426077843,0.0,1.0144754648208618,0.0,0.10837438423645321,0,0.0,0.0034891835310537334,5,1.001409888267517,0.99859219789505,0.9723540606496855,1.0,118.04334259033203,1.0,1.0064208507537842,1.0,1.0064208507537842,1.0,0.0,1.0000001192092896,0.99859219789505,1.001409888267517,4.421995639801025,1.741207480430603,1.0,1.741207480430603
GCN,265,2603,3,1,1,-2.4504506587982178,4.4430646896362305,6.893515348434448,0.9486831426620483,0.07365676015615463,-0.025326808914542198,0.8573882579803467,0.0,0.10837438423645321,0,0.0,0.0034891835310537334,5,1.0018049478530884,0.9959089756011963,0.8200823869837026,1.0,99.74270629882812,1.0,0.8503942489624023,1.0,0.8503942489624023,1.0,6.188916756855178e-08,1.0000001192092896,0.9959089756011963,1.0018049478530884,4.455120086669922,1.4715889692306519,1.0,1.4715889692306519
GCN,265,2604,6,1,3,-0.8227096796035767,2.498605728149414,3.3213154077529907,0.8017836213111877,0.04394714534282684,0.0,1.0144754648208618,0.0,0.10837438423645321,0,0.0,0.0034891835310537334,5,1.0014585256576538,0.9985436797142029,0.9723540606496855,1.0,118.04334259033203,1.0,1.0064208507537842,1.0,1.0064208507537842,1.0,0.0,1.0000001192092896,0.9985436797142029,1.0014585256576538,5.0723772048950195,1.741207480430603,1.0,1.741207480430603
GCN,265,2614,2,1,5,-4.888547897338867,2.0676076412200928,6.95615553855896,0.7071066498756409,0.04686826467514038,0.0,1.150307059288025,0.0,0.10837438423645321,0,0.0,0.0034891835310537334,5,1.0016587972640991,0.9983440637588501,1.1051090585391374,1.0,133.870361328125,1.0,1.1413679122924805,1.0,1.1413679122924805,1.0,1.4901161193847656e-08,1.0000001192092896,0.9983440637588501,1.0016587972640991,5.144329071044922,1.9743437767028809,1.0,1.9743437767028809
GCN,265,2618,2,1,1,-1.3680304288864136,5.796847820281982,7.164878249168396,0.9486831426620483,0.16227637231349945,0.0,0.8573882579803467,0.0,0.10837438423645321,0,0.0,0.0034891835310537334,5,1.019707202911377,0.9806736707687378,0.8200823869837026,1.0,99.74270629882812,1.0,0.8503942489624023,1.0,0.8503942489624023,1.0,6.006850128414953e-08,1.0000001192092896,0.9806736707687378,1.019707202911377,1.7147765159606934,1.4715889692306519,1.0,1.4715889692306519
GCN,265,2631,4,1,1,-4.645662784576416,4.3704400062561035,9.01610279083252,0.9486831426620483,0.10608096420764923,0.0,0.8573882579803467,0.0,0.10837438423645321,0,0.0,0.0034891835310537334,5,1.0084686279296875,0.9916025400161743,0.8200823869837026,1.0,99.74270629882812,1.0,0.8503942489624023,1.0,0.8503942489624023,1.0,6.006850128414953e-08,1.0000001192092896,0.9916025400161743,1.0084686279296875,3.2080531120300293,1.4715889692306519,1.0,1.4715889692306519
GCN,265,2641,2,1,2,-3.394129753112793,2.470036506652832,5.864166259765625,0.8660253286361694,0.05231768637895584,-0.015509824268519878,0.9392216801643372,0.0,0.10837438423645321,0,0.0,0.0034891835310537334,5,1.0010703802108765,0.9979342222213745,0.8992005135073163,1.0,109.27578735351562,1.0,0.9316691160202026,1.0,0.9316691160202026,1.0,6.705522537231445e-08,1.0,0.9979342222213745,1.0010703802108765,3.8725099563598633,1.6120448112487793,1.0,1.6120448112487793
GCN,265,2642,2,1,4,-5.711723804473877,3.5430703163146973,9.254794120788574,0.7499998807907104,0.03427194803953171,0.0,1.084519863128662,0.0,0.10837438423645321,0,0.0,0.0034891835310537334,5,1.000887393951416,0.9991134405136108,1.0407128672118384,1.0,126.20463562011719,1.0,1.076006293296814,1.0,1.076006293296814,1.0,8.33000246558413e-09,1.0000001192092896,0.9991134405136108,1.000887393951416,4.6012282371521,1.861429214477539,1.0,1.861429214477539
GCN,265,2646,4,1,1,-3.867727756500244,4.886958122253418,8.754685878753662,0.9486831426620483,0.0707089975476265,0.0,0.8573882579803467,0.0,0.10837438423645321,0,0.0,0.0034891835310537334,5,1.0037713050842285,0.9962428212165833,0.8200823869837026,1.0,99.74270629882812,1.0,0.8503942489624023,1.0,0.8503942489624023,1.0,6.006850128414953e-08,1.0000001192092896,0.9962428212165833,1.0037713050842285,4.111889362335205,1.4715889692306519,1.0,1.4715889692306519
GCN,265,2647,4,1,3,-3.601658344268799,4.3368072509765625,7.938465595245361,0.8017836213111877,0.0396854393184185,0.0,1.0144754648208618,0.0,0.10837438423645321,0,0.0,0.0034891835310537334,5,1.0011895895004272,0.9988119006156921,0.9723540606496855,1.0,118.04334259033203,1.0,1.0064208507537842,1.0,1.0064208507537842,1.0,0.0,1.0000001192092896,0.9988119006156921,1.0011895895004272,4.9698944091796875,1.741207480430603,1.0,1.741207480430603
GCN,265,2653,0,1,2,-0.304165244102478,3.770570755004883,4.074735999107361,0.8660253286361694,0.05294527858495712,-0.05013042688369751,0.9392216801643372,0.0,0.10837438423645321,0,0.0,0.0034891835310537334,5,0.9988546967506409,0.9978797435760498,0.8992005135073163,1.0,109.27578735351562,1.0,0.9316691160202026,1.0,0.9316691160202026,1.0,6.705522537231445e-08,1.0,0.9978797435760498,0.9988546371459961,3.9847800731658936,1.6120448112487793,1.0,1.6120448112487793
GCN,265,2658,2,1,1,-4.911467552185059,4.409909725189209,9.321377277374268,0.9486831426620483,0.07463280111551285,0.0,0.8573882579803467,0.0,0.10837438423645321,0,0.0,0.0034891835310537334,5,1.0042006969451904,0.9958169460296631,0.8200823869837026,1.0,99.74270629882812,1.0,0.8503942489624023,1.0,0.8503942489624023,1.0,6.006850128414953e-08,1.0000001192092896,0.9958169460296631,1.0042006969451904,4.021507263183594,1.4715889692306519,1.0,1.4715889692306519
GCN,265,2668,3,1,5,-4.016774654388428,2.3754866123199463,6.392261266708374,0.7071066498756409,0.02500685304403305,-0.020818522199988365,1.150307059288025,0.0,0.10837438423645321,0,0.0,0.0034891835310537334,5,0.9998325705528259,0.9995273947715759,1.1051090585391374,1.0,133.870361328125,1.0,1.1413679122924805,1.0,1.1413679122924805,1.0,1.4901161193847656e-08,1.0000001192092896,0.9995273947715759,0.9998325705528259,5.516678810119629,1.9743437767028809,1.0,1.9743437767028809
GCN,265,2669,3,1,1,-4.161121368408203,3.937819480895996,8.0989408493042,0.9486831426620483,0.08908270299434662,0.0,0.8573882579803467,0.0,0.10837438423645321,0,0.0,0.0034891835310537334,5,1.0059794187545776,0.9940560460090637,0.8200823869837026,1.0,99.74270629882812,1.0,0.8503942489624023,1.0,0.8503942489624023,1.0,6.006850128414953e-08,1.0000001192092896,0.9940560460090637,1.0059794187545776,3.7372686862945557,1.4715889692306519,1.0,1.4715889692306519
GCN,265,2681,4,1,5,-2.1303200721740723,5.429144859313965,7.559464931488037,0.7071066498756409,0.04261180758476257,-0.05168008431792259,1.150307059288025,0.18592466413974762,0.6218264494126563,1,0.0,0.0034891835310537334,5,0.9986639618873596,0.9986268281936646,1.1051090585391374,1.0,133.870361328125,1.0,1.1413679122924805,1.0,1.1413679122924805,1.0,1.4901161193847656e-08,1.0000001192092896,0.9986268281936646,0.9986639618873596,5.395418167114258,1.9743437767028809,1.0,1.9743437767028809
GCN,265,2685,2,1,4,-6.613323211669922,2.0765984058380127,8.689921617507935,0.7499998807907104,0.05934588238596916,0.0,1.084519863128662,0.0,0.10837438423645321,0,0.0,0.0034891835310537334,5,1.0026581287384033,0.997348964214325,1.0407128672118384,1.0,126.20463562011719,1.0,1.076006293296814,1.0,1.076006293296814,1.0,7.450580596923828e-09,1.0000001192092896,0.997348964214325,1.0026581287384033,2.8693699836730957,1.861429214477539,1.0,1.861429214477539
GCN,265,2686,3,1,2,-5.905407905578613,2.228888988494873,8.134296894073486,0.8660253286361694,0.09780437499284744,0.0,0.9392216801643372,0.0,0.10837438423645321,0,0.0,0.0034891835310537334,5,1.0072031021118164,0.9928483366966248,0.8992005135073163,1.0,109.27578735351562,1.0,0.9316691160202026,1.0,0.9316691160202026,1.0,6.705522537231445e-08,1.0,0.9928483366966248,1.0072031021118164,1.8784433603286743,1.6120448112487793,1.0,1.6120448112487793
GCN,265,2689,2,1,2,-4.599140167236328,3.323652744293213,7.922792911529541,0.8660253286361694,0.08940719068050385,0.0,0.9392216801643372,0.0,0.10837438423645321,0,0.0,0.0034891835310537334,5,1.0060229301452637,0.9940131902694702,0.8992005135073163,1.0,109.27578735351562,1.0,0.9316691160202026,1.0,0.9316691160202026,1.0,6.705522537231445e-08,1.0,0.9940131902694702,1.0060229301452637,2.100163459777832,1.6120448112487793,1.0,1.6120448112487793
GCN,265,2690,6,1,1,0.34768426418304443,4.296004772186279,3.948320508003235,0.9486831426620483,0.15704141557216644,0.0,0.8573882579803467,0.0,0.10837438423645321,0,0.0,0.0034891835310537334,5,1.0184674263000488,0.9818674325942993,0.8200823869837026,1.0,99.74270629882812,1.0,0.8503942489624023,1.0,0.8503942489624023,1.0,6.006850128414953e-08,1.0000001192092896,0.9818674325942993,1.0184674263000488,1.9171782732009888,1.4715889692306519,1.0,1.4715889692306519
GCN,265,2699,3,1,1,-2.9986157417297363,3.8365283012390137,6.83514404296875,0.9486831426620483,0.08612877875566483,0.0,0.8573882579803467,0.0,0.10837438423645321,0,0.0,0.0034891835310537334,5,1.0055904388427734,0.9944406151771545,0.8200823869837026,1.0,99.74270629882812,1.0,0.8503942489624023,1.0,0.8503942489624023,1.0,6.006850128414953e-08,1.0000001192092896,0.9944406151771545,1.0055904388427734,3.7372686862945557,1.4715889692306519,1.0,1.4715889692306519
GCN,265,2700,3,1,1,-2.190277099609375,4.1815924644470215,6.3718695640563965,0.9486831426620483,0.08699715882539749,-0.023676076903939247,0.8573882579803467,0.031463224440813065,0.10837438423645321,0,0.0,0.0034891835310537334,5,1.0031824111938477,0.9943034648895264,0.8200823869837026,1.0,99.74270629882812,1.0,0.8503942489624023,1.0,0.8503942489624023,1.0,6.143906006172983e-08,1.0000001192092896,0.9943034648895264,1.0031824111938477,3.929046630859375,1.4715889692306519,1.0,1.4715889692306519
GCN,265,2702,0,1,2,0.14744830131530762,5.212848663330078,5.0654003620147705,0.8660253286361694,0.05912607163190842,-0.00616478780284524,0.9392216801643372,0.0,0.10837438423645321,0,0.0,0.0034891835310537334,5,1.0021913051605225,0.9973662495613098,0.8992005135073163,1.0,109.27578735351562,1.0,0.9316691160202026,1.0,0.9316691160202026,1.0,6.705522537231445e-08,1.0,0.9973662495613098,1.0021913051605225,3.9847800731658936,1.6120448112487793,1.0,1.6120448112487793
GCN,265,2707,3,1,4,-5.826903343200684,0.6545482277870178,6.481451570987701,0.7499998807907104,0.03268706426024437,0.0,1.084519863128662,0.0,0.10837438423645321,0,0.0,0.0034891835310537334,5,1.0008071660995483,0.999193549156189,1.0407128672118384,1.0,126.20463562011719,1.0,1.076006293296814,1.0,1.076006293296814,1.0,7.450580596923828e-09,1.0000001192092896,0.999193549156189,1.0008071660995483,3.9102916717529297,1.861429214477539,1.0,1.861429214477539
GCN,125,1370,6,1,8,-1.2438926696777344,1.4032037258148193,2.6470963954925537,0.6123723983764648,0.021423548460006714,-0.0019321453291922808,1.328260064125061,0.0,0.10837438423645321,0,0.0,0.0034891835310537334,5,1.000295877456665,0.9996533989906311,1.280008691668803,1.0,154.60775756835938,1.0,1.3181915283203125,1.0,1.3181915283203125,1.0,1.862645149230957e-08,1.0000001192092896,0.9996533989906311,1.000295877456665,5.144328594207764,2.279775619506836,1.0,2.279775619506836
GCN,125,1376,0,1,3,2.2829060554504395,4.796302795410156,2.513396739959717,0.8017836213111877,0.0350797064602375,0.0,1.0144754648208618,0.0,0.10837438423645321,0,0.0,0.0034891835310537334,5,1.000929594039917,0.9990713000297546,0.9723540606496855,1.0,118.04334259033203,1.0,1.0064208507537842,1.0,1.0064208507537842,1.0,0.0,1.0000001192092896,0.9990713000297546,1.000929594039917,4.758311748504639,1.741207480430603,1.0,1.741207480430603
GCN,125,1378,2,1,3,-3.6818673610687256,2.089663028717041,5.771530389785767,0.8017836213111877,0.052128564566373825,0.0,1.0144754648208618,0.0,0.10837438423645321,0,0.0,0.0034891835310537334,5,1.0020514726638794,0.9979527592658997,0.9723540606496855,1.0,118.04334259033203,1.0,1.0064208507537842,1.0,1.0064208507537842,1.0,5.26835597369768e-09,1.0000001192092896,0.9979527592658997,1.0020514726638794,4.865253448486328,1.741207480430603,1.0,1.741207480430603
GCN,125,1392,3,1,3,-1.8625850677490234,3.895387649536133,5.757972717285156,0.8017836213111877,0.035835810005664825,-0.035771168768405914,1.0144754648208618,0.0,0.10837438423645321,0,0.0,0.0034891835310537334,5,0.999394416809082,0.9990290403366089,0.9723540606496855,1.0,118.04334259033203,1.0,1.0064208507537842,1.0,1.0064208507537842,1.0,7.450580596923828e-09,1.0000001192092896,0.9990290403366089,0.999394416809082,4.758311748504639,1.741207480430603,1.0,1.741207480430603
GCN,125,1393,3,1,1,-2.154000759124756,3.256405830383301,5.410406589508057,0.9486831426620483,0.08223089575767517,0.0,0.8573882579803467,0.0,0.10837438423645321,0,0.0,0.0034891835310537334,5,1.0050972700119019,0.9949285387992859,0.8200823869837026,1.0,99.74270629882812,1.0,0.8503942489624023,1.0,0.8503942489624023,1.0,6.006850128414953e-08,1.0000001192092896,0.9949285387992859,1.0050972700119019,3.929046630859375,1.4715889692306519,1.0,1.4715889692306519
GCN,125,1400,3,1,2,-6.431712627410889,0.8651902675628662,7.296902894973755,0.8660253286361694,0.058645207434892654,-0.03206624463200569,0.9392216801643372,0.0,0.10837438423645321,0,0.0,0.0034891835310537334,5,1.0002870559692383,0.9974016547203064,0.8992005135073163,1.0,109.27578735351562,1.0,0.9316691160202026,1.0,0.9316691160202026,1.0,6.705522537231445e-08,1.0,0.9974016547203064,1.0002870559692383,3.8725101947784424,1.6120448112487793,1.0,1.6120448112487793
GCN,125,1416,0,1,18,3.656024932861328,7.367620944976807,3.7115960121154785,0.4522669315338135,0.013079438358545303,-0.03321824222803116,1.7984728813171387,0.0,0.10837438423645321,0,0.0,0.0034891835310537334,5,0.999595046043396,0.9998708367347717,1.7451267509006285,1.0,209.41043090820312,1.0,1.7855104207992554,1.0,1.7855104207992554,1.0,3.359222588983357e-08,1.0000001192092896,0.9998708367347717,0.999595046043396,8.24163818359375,3.0868310928344727,1.0,3.0868310928344727
GCN,125,1422,4,1,1,-3.9075140953063965,2.760760545730591,6.668274641036987,0.9486831426620483,0.0850110873579979,0.0,0.8573882579803467,0.0,0.10837438423645321,0,0.0,0.0034891835310537334,5,1.0054467916488647,0.9945827126502991,0.8200823869837026,1.0,99.74270629882812,1.0,0.8503942489624023,1.0,0.8503942489624023,1.0,6.006850128414953e-08,1.0000001192092896,0.9945827126502991,1.0054467916488647,3.320650100708008,1.4715889692306519,1.0000001192092896,1.4715888500213623
GCN,125,1423,3,1,2,0.08410382270812988,4.406065940856934,4.321962118148804,0.8660253286361694,0.046310484409332275,0.0,0.9392216801643372,0.0,0.10837438423645321,0,0.0,0.0034891835310537334,5,1.0016194581985474,0.9983832240104675,0.8992005135073163,1.0,109.27578735351562,1.0,0.9316691160202026,1.0,0.9316691160202026,1.0,6.705522537231445e-08,1.0,0.9983832240104675,1.0016194581985474,4.200326919555664,1.6120448112487793,1.0,1.6120448112487793
GCN,125,1425,4,1,2,-2.857250928878784,4.28634786605835,7.143598794937134,0.8660253286361694,0.04911937192082405,-0.009211077354848385,0.9392216801643372,0.0,0.10837438423645321,0,0.0,0.0034891835310537334,5,1.0012662410736084,0.9981797933578491,0.8992005135073163,1.0,109.27578735351562,1.0,0.9316691160202026,1.0,0.9316691160202026,1.0,6.715862355122226e-08,1.0,0.9981797933578491,1.0012662410736084,4.3040547370910645,1.6120448112487793,1.0,1.6120448112487793
GCN,125,1429,4,1,3,-2.697641372680664,4.612173080444336,7.309814453125,0.8017836213111877,0.04172129929065704,0.0,1.0144754648208618,0.0,0.10837438423645321,0,0.0,0.0034891835310537334,5,1.001314640045166,0.9986871480941772,0.9723540606496855,1.0,118.04334259033203,1.0,1.0064208507537842,1.0,1.0064208507537842,1.0,0.0,1.0000001192092896,0.9986871480941772,1.001314640045166,4.9698944091796875,1.741207480430603,1.0,1.741207480430603
GCN,125,1434,3,1,2,-4.484191417694092,2.2109076976776123,6.695099115371704,0.8660253286361694,0.0720544308423996,0.0,0.9392216801643372,0.0,0.10837438423645321,0,0.0,0.0034891835310537334,5,1.0039160251617432,0.9960992932319641,0.8992005135073163,1.0,109.27578735351562,1.0,0.9316691160202026,1.0,0.9316691160202026,1.0,6.705522537231445e-08,1.0,0.9960992932319641,1.0039160251617432,2.3006138801574707,1.6120448112487793,1.0,1.6120448112487793
GCN,125,1436,5,1,1,-3.6433510780334473,3.9647910594940186,7.608142137527466,0.9486831426620483,0.08288966119289398,0.0,0.8573882579803467,0.0,0.10837438423645321,0,0.0,0.0034891835310537334,5,1.0051789283752441,0.9948477745056152,0.8200823869837026,1.0,99.74270629882812,1.0,0.8503942489624023,1.0,0.8503942489624023,1.0,6.006850128414953e-08,1.0000001192092896,0.9948477745056152,1.0051789283752441,4.021507263183594,1.4715889692306519,1.0,1.4715889692306519
GCN,125,1437,4,1,1,-1.0791406631469727,4.031887054443359,5.111027717590332,0.9486831426620483,0.07450384646654129,0.0,0.8573882579803467,0.0,0.10837438423645321,0,0.0,0.0034891835310537334,5,1.0041861534118652,0.995831310749054,0.8200823869837026,1.0,99.74270629882812,1.0,0.8503942489624023,1.0,0.8503942489624023,1.0,6.006850128414953e-08,1.0000001192092896,0.995831310749054,1.0041861534118652,4.3718390464782715,1.4715889692306519,1.0,1.4715889692306519
GCN,125,1441,5,1,23,-2.5444905757904053,1.5566649436950684,4.101155519485474,0.40824824571609497,0.016554513946175575,-0.004676199052482843,1.9923902750015259,0.0,0.10837438423645321,0,0.0,0.0034891835310537334,5,1.0001120567321777,0.9997929334640503,1.9376594108713874,1.0,232.01303100585938,1.0,1.9782558679580688,1.0,1.9782558679580688,1.0,6.390257567545632e-08,1.0,0.9997929334640503,1.0001120567321777,8.452996253967285,3.419663429260254,1.0,3.419663429260254
GCN,125,1442,3,1,2,-3.1549365520477295,2.607997417449951,5.762933969497681,0.8660253286361694,0.056303102523088455,0.0,0.9392216801643372,0.0,0.10837438423645321,0,0.0,0.0034891835310537334,5,1.0023927688598633,0.9976129531860352,0.8992005135073163,1.0,109.27578735351562,1.0,0.9316691160202026,1.0,0.9316691160202026,1.0,6.705522537231445e-08,1.0,0.9976129531860352,1.0023927688598633,4.3040547370910645,1.6120448112487793,1.0,1.6120448112487793
GCN,125,1444,2,1,4,-1.8802014589309692,3.9593231678009033,5.839524626731873,0.7499998807907104,0.03330957144498825,-0.014205431565642357,1.084519863128662,0.0,0.10837438423645321,0,0.0,0.0034891835310537334,5,1.0002567768096924,0.9991617798805237,1.0407128672118384,1.0,126.20463562011719,1.0,1.076006293296814,1.0,1.076006293296814,1.0,8.33000246558413e-09,1.0000001192092896,0.9991617798805237,1.0002567768096924,5.201174259185791,1.861429214477539,1.0,1.861429214477539
GCN,125,1448,1,1,5,-2.109994411468506,2.5104928016662598,4.620487213134766,0.7071066498756409,0.02160467952489853,-0.01093592494726181,1.150307059288025,0.017534777522087097,0.10837438423645321,0,0.0,0.0034891835310537334,5,1.000062346458435,0.999647319316864,1.1051090585391374,1.0,133.870361328125,1.0,1.1413679122924805,1.0,1.1413679122924805,1.0,1.493023660259496e-08,1.0000001192092896,0.999647319316864,1.000062346458435,4.742837429046631,1.9743437767028809,1.0,1.9743437767028809
GCN,125,1450,3,1,3,-4.184274196624756,2.058328151702881,6.242602348327637,0.8017836213111877,0.04063565284013748,0.0,1.0144754648208618,0.0,0.10837438423645321,0,0.0,0.0034891835310537334,5,1.0012471675872803,0.9987544417381287,0.9723540606496855,1.0,118.04334259033203,1.0,1.0064208507537842,1.0,1.0064208507537842,1.0,0.0,1.0000001192092896,0.9987544417381287,1.0012471675872803,4.865253448486328,1.741207480430603,1.0,1.741207480430603
GCN,125,1452,4,1,3,-2.961055278778076,3.965346574783325,6.926401853561401,0.8017836213111877,0.039163362234830856,0.0,1.0144754648208618,0.0,0.10837438423645321,0,0.0,0.0034891835310537334,5,1.001158595085144,0.9988428354263306,0.9723540606496855,1.0,118.04334259033203,1.0,1.0064208507537842,1.0,1.0064208507537842,1.0,0.0,1.0000001192092896,0.9988428354263306,1.001158595085144,4.057901859283447,1.741207480430603,1.0,1.741207480430603
GCN,125,1457,3,1,3,-4.708889007568359,2.530150890350342,7.239039897918701,0.8017836213111877,0.044011928141117096,-0.0061630792915821075,1.0144754648208618,0.0,0.10837438423645321,0,0.0,0.0034891835310537334,5,1.0011297464370728,0.9985384941101074,0.9723540606496855,1.0,118.04334259033203,1.0,1.0064208507537842,1.0,1.0064208507537842,1.0,1.862645149230957e-09,1.0000001192092896,0.9985384941101074,1.0011297464370728,4.536871910095215,1.741207480430603,1.0,1.741207480430603
GCN,125,1476,6,1,2,-2.237698793411255,1.232203483581543,3.469902276992798,0.8660253286361694,0.0553131178021431,-0.02618725597858429,0.9392216801643372,0.0,0.10837438423645321,0,0.0,0.0034891835310537334,5,1.0005310773849487,0.9976892471313477,0.8992005135073163,1.0,109.27578735351562,1.0,0.9316691160202026,1.0,0.9316691160202026,1.0,6.828570064953965e-08,1.0,0.9976892471313477,1.0005310773849487,4.504349231719971,1.6120448112487793,1.0,1.6120448112487793
GCN,125,1486,2,1,3,-3.2461097240448,3.005340814590454,6.251450538635254,0.8017836213111877,0.03606593608856201,-0.05883978679776192,1.0144754648208618,0.0,0.10837438423645321,0,0.0,0.0034891835310537334,5,0.9983726739883423,0.9990167617797852,0.9723540606496855,1.0,118.04334259033203,1.0,1.0064208507537842,1.0,1.0064208507537842,1.0,3.725290298461914e-09,1.0000001192092896,0.9990167617797852,0.9983726739883423,3.657742977142334,1.741207480430603,1.0,1.741207480430603
GCN,125,1487,6,1,4,-0.8232662081718445,1.5855567455291748,2.4088229537010193,0.7499998807907104,0.027274535968899727,-0.007952223531901836,1.084519863128662,0.014459549449384212,0.10837438423645321,0,0.0,0.0034891835310537334,5,1.0002955198287964,0.9994380474090576,1.0407128672118384,1.0,126.20463562011719,1.0,1.076006293296814,1.0,1.076006293296814,1.0,8.33000246558413e-09,1.0000001192092896,0.9994380474090576,1.0002955198287964,5.4225993156433105,1.861429214477539,1.0,1.861429214477539
GCN,125,1493,4,1,1,-1.2025302648544312,3.9370462894439697,5.139576554298401,0.9486831426620483,0.07283671945333481,0.0,0.8573882579803467,0.0,0.10837438423645321,0,0.0,0.0034891835310537334,5,1.004001259803772,0.9960146546363831,0.8200823869837026,1.0,99.74270629882812,1.0,0.8503942489624023,1.0,0.8503942489624023,1.0,6.006850128414953e-08,1.0000001192092896,0.9960146546363831,1.004001259803772,3.7372686862945557,1.4715889692306519,1.0,1.4715889692306519
GCN,125,1499,2,1,4,-3.0784008502960205,2.950422525405884,6.028823375701904,0.7499998807907104,0.032199643552303314,0.0,1.084519863128662,0.0,0.10837438423645321,0,0.0,0.0034891835310537334,5,1.0007833242416382,0.9992173910140991,1.0407128672118384,1.0,126.20463562011719,1.0,1.076006293296814,1.0,1.076006293296814,1.0,7.450580596923828e-09,1.0000001192092896,0.9992173910140991,1.0007833242416382,5.086849212646484,1.861429214477539,1.0,1.861429214477539
GCN,125,1501,6,1,7,-1.1393208503723145,1.5732924938201904,2.712613344192505,0.6396021246910095,0.021951094269752502,-0.0030661779455840588,1.2717121839523315,0.0,0.10837438423645321,0,0.0,0.0034891835310537334,5,1.0002814531326294,0.9996359348297119,1.2243356596549602,1.0,148.01780700683594,1.0,1.2619996070861816,1.0,1.2619996070861816,1.0,1.5914446649389902e-08,1.0000001192092896,0.9996359348297119,1.0002814531326294,5.3954176902771,2.1827187538146973,1.0,2.1827187538146973
GCN,125,1506,2,1,2,-1.9835244417190552,3.2820048332214355,5.265529274940491,0.8660253286361694,0.05089077726006508,0.0,0.9392216801643372,0.0,0.10837438423645321,0,0.0,0.0034891835310537334,5,1.001955270767212,0.9980485439300537,0.8992005135073163,1.0,109.27578735351562,1.0,0.9316691160202026,1.0,0.9316691160202026,1.0,6.705522537231445e-08,1.0,0.9980485439300537,1.001955270767212,3.9847800731658936,1.6120448112487793,1.0,1.6120448112487793
GCN,125,1507,0,1,6,-1.1088663339614868,1.5606882572174072,2.669554591178894,0.6708203554153442,0.028268294408917427,0.0,1.2125300168991089,0.0,0.10837438423645321,0,0.0,0.0034891835310537334,5,1.0006039142608643,0.9993966221809387,1.166159309467222,1.0,141.12112426757812,1.0,1.2031928300857544,1.0,1.2031928300857544,1.0,6.052880507922964e-08,1.0,0.9993966221809387,1.0006039142608643,4.536871433258057,2.0811409950256348,1.0,2.0811409950256348
GCN,125,1523,0,1,2,0.3419044017791748,3.4786903858184814,3.1367859840393066,0.8660253286361694,0.05808721482753754,-0.07805012911558151,0.9392216801643372,0.0,0.10837438423645321,0,0.0,0.0034891835310537334,5,0.9969714879989624,0.9974469542503357,0.8992005135073163,1.0,109.27578735351562,1.0,0.9316691160202026,1.0,0.9316691160202026,1.0,3.0719530030864917e-08,1.0,0.9974469542503357,0.9969714879989624,4.093972206115723,1.6120448112487793,1.0,1.6120448112487793
GCN,125,1541,3,1,1,-5.067041873931885,2.7292561531066895,7.796298027038574,0.9486831426620483,0.09069238603115082,0.0,0.8573882579803467,0.0,0.10837438423645321,0,0.0,0.0034891835310537334,5,1.0061967372894287,0.9938413500785828,0.8200823869837026,1.0,99.74270629882812,1.0,0.8503942489624023,1.0,0.8503942489624023,1.0,6.006850128414953e-08,1.0000001192092896,0.9938413500785828,1.0061967372894287,3.7372689247131348,1.4715889692306519,1.0,1.4715889692306519
GCN,125,1546,2,1,5,-4.858978271484375,2.1607484817504883,7.019726753234863,0.7071066498756409,0.025761853903532028,-0.05751637741923332,1.150307059288025,0.0,0.10837438423645321,0,0.0,0.0034891835310537334,5,0.998678982257843,0.9994986653327942,1.1051090585391374,1.0,133.870361328125,1.0,1.1413679122924805,1.0,1.1413679122924805,1.0,6.143906006172983e-08,1.0,0.9994986653327942,0.9986790418624878,4.742837429046631,1.9743437767028809,1.0,1.9743437767028809
GCN,125,1554,3,0,4,-8.009217262268066,-2.1699576377868652,5.839259624481201,0.7499998807907104,0.057508327066898346,0.0,1.084519863128662,0.0,0.10837438423645321,0,0.0,0.0034891835310537334,5,1.002496361732483,0.9975098967552185,1.0407128672118384,1.0,126.20463562011719,1.0,1.076006293296814,1.0,1.076006293296814,1.0,7.450580596923828e-09,1.0000001192092896,0.9975098967552185,1.002496361732483,1.8784433603286743,1.861429214477539,1.0,1.861429214477539
GCN,125,1561,1,1,2,-1.5963139533996582,2.827730178833008,4.424044132232666,0.8660253286361694,0.04245861992239952,0.0,0.9392216801643372,0.0,0.10837438423645321,0,0.0,0.0034891835310537334,5,1.0013614892959595,0.9986404180526733,0.8992005135073163,1.0,109.27578735351562,1.0,0.9316691160202026,1.0,0.9316691160202026,1.0,6.705522537231445e-08,1.0,0.9986404180526733,1.0013614892959595,4.093972206115723,1.6120448112487793,1.0,1.6120448112487793
GCN,125,1565,2,1,2,-3.7722630500793457,0.5338289737701416,4.306092023849487,0.8660253286361694,0.12177783250808716,0.0,0.9392216801643372,0.0,0.10837438423645321,0,0.0,0.0034891835310537334,5,1.0111452341079712,0.9889775514602661,0.8992005135073163,1.0,109.27578735351562,1.0,0.9316691160202026,1.0,0.9316691160202026,1.0,6.705522537231445e-08,1.0,0.9889775514602661,1.0111452341079712,1.328260064125061,1.6120448112487793,1.0,1.6120448112487793
GCN,125,1567,3,0,4,-5.693909645080566,-0.3457059860229492,5.348203659057617,0.7499998807907104,0.048893678933382034,0.0,1.084519863128662,0.0,0.10837438423645321,0,0.0,0.0034891835310537334,5,1.0018051862716675,0.9981981515884399,1.0407128672118384,1.0,126.20463562011719,1.0,1.076006293296814,1.0,1.076006293296814,1.0,7.450580596923828e-09,1.0000001192092896,0.9981981515884399,1.0018051862716675,3.0674853324890137,1.861429214477539,1.0,1.861429214477539
GCN,125,1568,2,1,4,-2.7660460472106934,2.8200037479400635,5.586049795150757,0.7499998807907104,0.026322316378355026,-0.00445927307009697,1.084519863128662,0.0,0.10837438423645321,0,0.0,0.0034891835310537334,5,1.0003793239593506,0.9994765520095825,1.0407128672118384,1.0,126.20463562011719,1.0,1.076006293296814,1.0,1.076006293296814,1.0,8.33000246558413e-09,1.0000001192092896,0.9994765520095825,1.0003793239593506,4.6012282371521,1.861429214477539,1.0,1.861429214477539
GCN,125,1583,0,1,10,-0.5663338303565979,2.7027978897094727,3.2691317200660706,0.5669466257095337,0.015888851135969162,-0.01873493380844593,1.4346848726272583,0.0,0.10837438423645321,0,0.0,0.0034891835310537334,5,0.9998248815536499,0.999809205532074,1.384979188535478,1.0,167.0106658935547,1.0,1.4239519834518433,1.0,1.4239519834518433,1.0,3.4142850324769825e-08,1.0000001192092896,0.999809205532074,0.9998248815536499,6.416105270385742,2.4624390602111816,1.0,2.4624390602111816
GCN,125,1589,2,1,3,-3.956799268722534,3.1032040119171143,7.060003280639648,0.8017836213111877,0.03290301933884621,-0.004309309646487236,1.0144754648208618,0.0,0.10837438423645321,0,0.0,0.0034891835310537334,5,1.0006437301635742,0.9991825819015503,0.9723540606496855,1.0,118.04334259033203,1.0,1.0064208507537842,1.0,1.0064208507537842,1.0,3.725290298461914e-09,1.0000001192092896,0.9991825819015503,1.0006437301635742,4.865253448486328,1.741207480430603,1.0,1.741207480430603
GCN,125,1591,3,1,1,-5.914707183837891,2.3026514053344727,8.217358589172363,0.9486831426620483,0.07737024128437042,-0.1019594669342041,0.8573882579803467,0.08089875429868698,0.22110647972716937,0,0.0,0.0034891835310537334,5,0.9948119521141052,0.9954659938812256,0.8200823869837026,1.0,99.74270629882812,1.0,0.8503942489624023,1.0,0.8503942489624023,1.0,6.705522537231445e-08,1.0,0.9954659938812256,0.9948119521141052,4.286941051483154,1.4715889692306519,0.9999999403953552,1.4715890884399414
GCN,125,1597,3,1,2,-2.8533811569213867,3.476755142211914,6.330136299133301,0.8660253286361694,0.07410874962806702,-0.014098221436142921,0.9392216801643372,0.030064154416322708,0.10837438423645321,0,0.0,0.0034891835310537334,5,1.0028619766235352,0.9958654046058655,0.8992005135073163,1.0,109.27578735351562,1.0,0.9316691160202026,1.0,0.9316691160202026,1.0,6.705522537231445e-08,1.0,0.9958654046058655,1.0028619766235352,4.5043487548828125,1.6120448112487793,1.0,1.6120448112487793
GCN,125,1600,3,1,1,-3.6171176433563232,3.5472021102905273,7.164319753646851,0.9486831426620483,0.08537032455205917,0.0,0.8573882579803467,0.0,0.10837438423645321,0,0.0,0.0034891835310537334,5,1.0054928064346313,0.9945371747016907,0.8200823869837026,1.0,99.74270629882812,1.0,0.8503942489624023,1.0,0.8503942489624023,1.0,6.006850128414953e-08,1.0000001192092896,0.9945371747016907,1.0054928064346313,3.8343565464019775,1.4715889692306519,1.0,1.4715889692306519
GCN,125,1602,0,1,10,4.001343250274658,6.881941318511963,2.8805980682373047,0.5669466257095337,0.018756752833724022,-0.019438065588474274,1.4346848726272583,0.08434279263019562,0.22735884804850323,0,0.0,0.0034891835310537334,5,0.9998176693916321,0.999734103679657,1.384979188535478,1.0,167.0106658935547,1.0,1.4239519834518433,1.0,1.4239519834518433,1.0,1.5017125321037383e-08,1.0000001192092896,0.999734103679657,0.9998176693916321,6.88050651550293,2.4624390602111816,1.0,2.4624390602111816
GCN,125,1605,3,1,3,-3.8046064376831055,2.6236724853515625,6.428278923034668,0.8017836213111877,0.034807637333869934,0.0,1.0144754648208618,0.0,0.10837438423645321,0,0.0,0.0034891835310537334,5,1.0009151697158813,0.9990857243537903,0.9723540606496855,1.0,118.04334259033203,1.0,1.0064208507537842,1.0,1.0064208507537842,1.0,0.0,1.0000001192092896,0.9990857243537903,1.0009151697158813,4.648910999298096,1.741207480430603,1.0,1.741207480430603
GCN,125,1611,3,1,2,-3.7689342498779297,3.622335910797119,7.391270160675049,0.8660253286361694,0.08774266391992569,0.0,0.9392216801643372,0.0,0.10837438423645321,0,0.0,0.0034891835310537334,5,1.0058013200759888,0.9942320585250854,0.8992005135073163,1.0,109.27578735351562,1.0,0.9316691160202026,1.0,0.9316691160202026,1.0,6.705522537231445e-08,1.0,0.9942320585250854,1.0058013200759888,2.3006138801574707,1.6120448112487793,1.0,1.6120448112487793
GCN,125,1628,0,1,17,4.669439792633057,8.26254653930664,3.593106746673584,0.462909996509552,0.013872208073735237,-0.018686287105083466,1.7571229934692383,0.0,0.10837438423645321,0,0.0,0.0034891835310537334,5,0.9998266696929932,0.9998546242713928,1.7041127551566526,1.0,204.59085083007812,1.0,1.7444112300872803,1.0,1.7444112300872803,1.0,6.006850128414953e-08,1.0000001192092896,0.9998546242713928,0.9998266696929932,7.858092308044434,3.015859603881836,1.0,3.015859603881836
GCN,125,1629,2,1,3,-3.047147750854492,3.9642529487609863,7.0114006996154785,0.8017836213111877,0.040660664439201355,-0.049624036997556686,1.0144754648208618,0.04466484859585762,0.11708980674497915,0,0.0,0.0034891835310537334,5,0.9987680912017822,0.9987497925758362,0.9723540606496855,1.0,118.04334259033203,1.0,1.0064208507537842,1.0,1.0064208507537842,1.0,0.0,1.0000001192092896,0.9987497925758362,0.9987680912017822,5.0723772048950195,1.741207480430603,0.9999999403953552,1.7412075996398926
GCN,125,1632,2,1,3,-3.870664596557617,3.1587538719177246,7.029418468475342,0.8017836213111877,0.0515323206782341,0.0,1.0144754648208618,0.0,0.10837438423645321,0,0.0,0.0034891835310537334,5,1.0020049810409546,0.9979991912841797,0.9723540606496855,1.0,118.04334259033203,1.0,1.0064208507537842,1.0,1.0064208507537842,1.0,0.0,1.0000001192092896,0.9979991912841797,1.0020049810409546,2.6840498447418213,1.741207480430603,1.0,1.741207480430603
GCN,125,1637,0,1,2,-1.2130464315414429,2.3610434532165527,3.5740898847579956,0.8660253286361694,0.07311322540044785,0.0,0.9392216801643372,0.0,0.10837438423645321,0,0.0,0.0034891835310537334,5,1.0040316581726074,0.9959845542907715,0.8992005135073163,1.0,109.27578735351562,1.0,0.9316691160202026,1.0,0.9316691160202026,1.0,6.705522537231445e-08,1.0,0.9959845542907715,1.0040316581726074,2.656520128250122,1.6120448112487793,1.0,1.6120448112487793
GCN,125,1644,0,1,2,0.7379342317581177,3.9091930389404297,3.171258807182312,0.8660253286361694,0.042852409183979034,0.0,0.9392216801643372,0.0,0.10837438423645321,0,0.0,0.0034891835310537334,5,1.0013867616653442,0.9986151456832886,0.8992005135073163,1.0,109.27578735351562,1.0,0.9316691160202026,1.0,0.9316691160202026,1.0,6.705522537231445e-08,1.0,0.9986151456832886,1.0013867616653442,3.9847800731658936,1.6120448112487793,1.0,1.6120448112487793
GCN,125,1645,3,1,4,-1.3790370225906372,1.5807687044143677,2.959805727005005,0.7499998807907104,0.03293371573090553,0.0,1.084519863128662,0.0,0.10837438423645321,0,0.0,0.0034891835310537334,5,1.000819444656372,0.99918133020401,1.0407128672118384,1.0,126.20463562011719,1.0,1.076006293296814,1.0,1.076006293296814,1.0,7.450580596923828e-09,1.0000001192092896,0.99918133020401,1.000819444656372,4.6012282371521,1.861429214477539,1.0,1.861429214477539
GCN,125,1653,4,1,5,-3.7286527156829834,3.502182722091675,7.230835437774658,0.7071066498756409,0.027107516303658485,-0.007055751048028469,1.150307059288025,0.015776662155985832,0.10837438423645321,0,0.0,0.0034891835310537334,5,1.0003201961517334,0.9994449615478516,1.1051090585391374,1.0,133.870361328125,1.0,1.1413679122924805,1.0,1.1413679122924805,1.0,1.5359765015432458e-08,1.0000001192092896,0.9994449615478516,1.0003201961517334,5.271369457244873,1.9743437767028809,1.0,1.9743437767028809
GCN,125,1661,5,1,4,0.20248448848724365,3.0551161766052246,2.852631688117981,0.7499998807907104,0.024772167205810547,-0.01216044556349516,1.084519863128662,0.017040744423866272,0.10837438423645321,0,0.0,0.0034891835310537334,5,1.0000934600830078,0.9995362758636475,1.0407128672118384,1.0,126.20463562011719,1.0,1.076006293296814,1.0,1.076006293296814,1.0,8.33000246558413e-09,1.0000001192092896,0.9995362758636475,1.0000934600830078,4.6012282371521,1.861429214477539,1.0,1.861429214477539
GCN,125,1668,2,1,2,-1.7627356052398682,2.877469062805176,4.640204668045044,0.8660253286361694,0.052428293973207474,-0.02425406686961651,0.9392216801643372,0.0,0.10837438423645321,0,0.0,0.0034891835310537334,5,1.0005137920379639,0.9979239702224731,0.8992005135073163,1.0,109.27578735351562,1.0,0.9316691160202026,1.0,0.9316691160202026,1.0,6.705522537231445e-08,1.0,0.9979239702224731,1.0005137920379639,4.601227760314941,1.6120448112487793,1.0,1.6120448112487793
GCN,125,1675,6,1,4,-0.8580050468444824,2.372769355773926,3.230774402618408,0.7499998807907104,0.028180701658129692,0.0,1.084519863128662,0.0,0.10837438423645321,0,0.0,0.0034891835310537334,5,1.000599980354309,0.9994003772735596,1.0407128672118384,1.0,126.20463562011719,1.0,1.076006293296814,1.0,1.076006293296814,1.0,7.450580596923828e-09,1.0000001192092896,0.9994003772735596,1.000599980354309,4.8501200675964355,1.861429214477539,1.0,1.861429214477539
GCN,125,1679,3,1,3,-5.415254592895508,1.6223937273025513,7.037648320198059,0.8017836213111877,0.04936723783612251,-0.02054540440440178,1.0144754648208618,0.0,0.10837438423645321,0,0.0,0.0034891835310537334,5,1.0005947351455688,0.9981594085693359,0.9723540606496855,1.0,118.04334259033203,1.0,1.0064208507537842,1.0,1.0064208507537842,1.0,1.4901161193847656e-08,1.0000001192092896,0.9981594085693359,1.0005947351455688,4.1827898025512695,1.741207480430603,1.0,1.741207480430603
GCN,125,1684,3,1,2,-5.351504325866699,1.3316588401794434,6.683163166046143,0.8660253286361694,0.07073012739419937,0.0,0.9392216801643372,0.0,0.10837438423645321,0,0.0,0.0034891835310537334,5,1.00377357006073,0.9962406158447266,0.8992005135073163,1.0,109.27578735351562,1.0,0.9316691160202026,1.0,0.9316691160202026,1.0,6.705522537231445e-08,1.0,0.9962406158447266,1.00377357006073,3.1150457859039307,1.6120448112487793,1.0,1.6120448112487793
GCN,125,1688,4,1,3,-1.756146788597107,4.385517597198486,6.141664385795593,0.8017836213111877,0.042996279895305634,0.0,1.0144754648208618,0.0,0.10837438423645321,0,0.0,0.0034891835310537334,5,1.0013962984085083,0.9986057281494141,0.9723540606496855,1.0,118.04334259033203,1.0,1.0064208507537842,1.0,1.0064208507537842,1.0,0.0,1.0000001192092896,0.9986057281494141,1.0013962984085083,4.6489105224609375,1.741207480430603,1.0,1.741207480430603
GCN,125,1695,0,1,3,1.635623574256897,4.620818138122559,2.9851945638656616,0.8017836213111877,0.03938470408320427,0.0,1.0144754648208618,0.0,0.10837438423645321,0,0.0,0.0034891835310537334,5,1.001171588897705,0.9988298416137695,0.9723540606496855,1.0,118.04334259033203,1.0,1.0064208507537842,1.0,1.0064208507537842,1.0,0.0,1.0000001192092896,0.9988298416137695,1.001171588897705,4.1827898025512695,1.741207480430603,1.0,1.741207480430603
GCN,125,1705,1,1,7,-1.7067837715148926,2.9842538833618164,4.691037654876709,0.6396021246910095,0.022932209074497223,0.0,1.2717121839523315,0.0,0.10837438423645321,0,0.0,0.0034891835310537334,5,1.0003974437713623,0.9996028542518616,1.2243356596549602,1.0,148.01780700683594,1.0,1.2619996070861816,1.0,1.2619996070861816,1.0,1.4901161193847656e-08,1.0000001192092896,0.9996028542518616,1.0003974437713623,4.40533971786499,2.1827187538146973,1.0,2.1827187538146973
GCN,125,1707,5,1,1,-2.3630361557006836,2.7074413299560547,5.070477485656738,0.9486831426620483,0.06727758795022964,0.0,0.8573882579803467,0.0,0.10837438423645321,0,0.0,0.0034891835310537334,5,1.0034148693084717,0.9965968132019043,0.8200823869837026,1.0,99.74270629882812,1.0,0.8503942489624023,1.0,0.8503942489624023,1.0,6.006850128414953e-08,1.0000001192092896,0.9965968132019043,1.0034148693084717,3.929046630859375,1.4715889692306519,1.0,1.4715889692306519
GCN,125,1726,2,1,3,-2.9925432205200195,3.067692279815674,6.060235500335693,0.8017836213111877,0.029439043253660202,0.0,1.0144754648208618,0.0,0.10837438423645321,0,0.0,0.0034891835310537334,5,1.0006548166275024,0.9993456602096558,0.9723540606496855,1.0,118.04334259033203,1.0,1.0064208507537842,1.0,1.0064208507537842,1.0,0.0,1.0000001192092896,0.9993456602096558,1.0006548166275024,4.7583112716674805,1.741207480430603,1.0,1.741207480430603
GCN,125,1727,2,1,3,-3.5641393661499023,2.6961307525634766,6.260270118713379,0.8017836213111877,0.041580550372600555,-0.034270256757736206,1.0144754648208618,0.0,0.10837438423645321,0,0.0,0.0034891835310537334,5,0.9995546936988831,0.9986928701400757,0.9723540606496855,1.0,118.04334259033203,1.0,1.0064208507537842,1.0,1.0064208507537842,1.0,2.9802322387695312e-08,1.0,0.9986928701400757,0.9995546936988831,3.929046154022217,1.741207480430603,1.0000001192092896,1.741207242012024
GCN,125,1734,2,1,4,-4.261732578277588,2.5885355472564697,6.850268125534058,0.7499998807907104,0.049600232392549515,0.0,1.084519863128662,0.0,0.10837438423645321,0,0.0,0.0034891835310537334,5,1.0018575191497803,0.9981459975242615,1.0407128672118384,1.0,126.20463562011719,1.0,1.076006293296814,1.0,1.076006293296814,1.0,7.450580596923828e-09,1.0000001192092896,0.9981459975242615,1.0018575191497803,1.8784433603286743,1.861429214477539,1.0,1.861429214477539
GCN,125,1749,2,1,4,-4.239251613616943,2.582549571990967,6.82180118560791,0.7499998807907104,0.02372104860842228,-0.045910097658634186,1.084519863128662,0.0,0.10837438423645321,0,0.0,0.0034891835310537334,5,0.9990859627723694,0.9995747804641724,1.0407128672118384,1.0,126.20463562011719,1.0,1.076006293296814,1.0,1.076006293296814,1.0,7.450580596923828e-09,1.0000001192092896,0.9995747804641724,0.9990859627723694,4.727312088012695,1.861429214477539,1.0,1.861429214477539
GCN,125,1752,2,1,3,-4.22592830657959,3.418456554412842,7.644384860992432,0.8017836213111877,0.04047592729330063,-0.0037785270251333714,1.0144754648208618,0.0,0.10837438423645321,0,0.0,0.0034891835310537334,5,1.0010496377944946,0.9987637996673584,0.9723540606496855,1.0,118.04334259033203,1.0,1.0064208507537842,1.0,1.0064208507537842,1.0,0.0,1.0000001192092896,0.9987637996673584,1.0010496377944946,4.057901859283447,1.741207480430603,1.0,1.741207480430603
GCN,125,1753,2,1,3,-3.5930166244506836,3.1869616508483887,6.779978275299072,0.8017836213111877,0.03781340271234512,-0.0040445816703140736,1.0144754648208618,0.0,0.10837438423645321,0,0.0,0.0034891835310537334,5,1.000892162322998,0.9989207983016968,0.9723540606496855,1.0,118.04334259033203,1.0,1.0064208507537842,1.0,1.0064208507537842,1.0,0.0,1.0000001192092896,0.9989207983016968,1.000892162322998,4.7583112716674805,1.741207480430603,1.0,1.741207480430603
GCN,125,1760,2,1,2,-2.501180410385132,3.0014872550964355,5.502667665481567,0.8660253286361694,0.03895721957087517,0.0,0.9392216801643372,0.0,0.10837438423645321,0,0.0,0.0034891835310537334,5,1.0011461973190308,0.9988550543785095,0.8992005135073163,1.0,109.27578735351562,1.0,0.9316691160202026,1.0,0.9316691160202026,1.0,6.705522537231445e-08,1.0,0.9988550543785095,1.0011461973190308,4.200326919555664,1.6120448112487793,1.0,1.6120448112487793
GCN,125,1764,5,1,2,-2.559417247772217,2.695302963256836,5.254720211029053,0.8660253286361694,0.04298344999551773,0.0,0.9392216801643372,0.0,0.10837438423645321,0,0.0,0.0034891835310537334,5,1.0013952255249023,0.9986066818237305,0.8992005135073163,1.0,109.27578735351562,1.0,0.9316691160202026,1.0,0.9316691160202026,1.0,6.705522537231445e-08,1.0,0.9986066818237305,1.0013952255249023,4.304054260253906,1.6120448112487793,1.0,1.6120448112487793
GCN,125,1768,1,1,3,-2.2128496170043945,3.0323381423950195,5.245187759399414,0.8017836213111877,0.0384545661509037,-0.05635043606162071,1.0144754648208618,0.0904475674033165,0.24820007578628267,0,0.0,0.0034891835310537334,5,0.998452365398407,0.9988819360733032,0.9723540606496855,1.0,118.04334259033203,1.0,1.0064208507537842,1.0,1.0064208507537842,1.0,0.0,1.0000001192092896,0.9988819360733032,0.998452365398407,4.536871910095215,1.741207480430603,1.0,1.741207480430603
GCN,125,1771,1,1,3,-2.397287607192993,2.602944850921631,5.000232458114624,0.8017836213111877,0.02847922407090664,0.0,1.0144754648208618,0.0,0.10837438423645321,0,0.0,0.0034891835310537334,5,1.0006128549575806,0.9993876218795776,0.9723540606496855,1.0,118.04334259033203,1.0,1.0064208507537842,1.0,1.0064208507537842,1.0,0.0,1.0000001192092896,0.9993876218795776,1.0006128549575806,4.6489105224609375,1.741207480430603,1.0,1.741207480430603
GCN,125,1777,1,1,5,-2.8415329456329346,1.943424105644226,4.784957051277161,0.7071066498756409,0.02049332670867443,0.0,1.150307059288025,0.0,0.10837438423645321,0,0.0,0.0034891835310537334,5,1.0003173351287842,0.9996827840805054,1.1051090585391374,1.0,133.870361328125,1.0,1.1413679122924805,1.0,1.1413679122924805,1.0,1.4901161193847656e-08,1.0000001192092896,0.9996827840805054,1.0003173351287842,5.516678810119629,1.9743437767028809,1.0,1.9743437767028809
GCN,125,1779,1,1,6,-2.2843809127807617,2.0884292125701904,4.372810125350952,0.6708203554153442,0.01649351790547371,0.0,1.2125300168991089,0.0,0.10837438423645321,0,0.0,0.0034891835310537334,5,1.000205636024475,0.9997944831848145,1.166159309467222,1.0,141.12112426757812,1.0,1.2031928300857544,1.0,1.2031928300857544,1.0,6.052880507922964e-08,1.0,0.9997944831848145,1.000205636024475,5.14432954788208,2.0811409950256348,1.0,2.0811409950256348
GCN,125,1781,1,1,5,-2.3718483448028564,2.3726866245269775,4.744534969329834,0.7071066498756409,0.020358620211482048,0.0,1.150307059288025,0.0,0.10837438423645321,0,0.0,0.0034891835310537334,5,1.00031316280365,0.9996869564056396,1.1051090585391374,1.0,133.870361328125,1.0,1.1413679122924805,1.0,1.1413679122924805,1.0,1.4901161193847656e-08,1.0000001192092896,0.9996869564056396,1.00031316280365,5.271368980407715,1.9743437767028809,1.0,1.9743437767028809
GCN,125,1783,1,1,2,-2.481081962585449,2.7742745876312256,5.255356550216675,0.8660253286361694,0.05284871533513069,0.0,0.9392216801643372,0.0,0.10837438423645321,0,0.0,0.0034891835310537334,5,1.0021083354949951,0.9978960752487183,0.8992005135073163,1.0,109.27578735351562,1.0,0.9316691160202026,1.0,0.9316691160202026,1.0,6.705522537231445e-08,1.0,0.9978960752487183,1.0021083354949951,3.8725101947784424,1.6120448112487793,1.0,1.6120448112487793
GCN,125,1786,1,1,3,-2.3416004180908203,3.1671841144561768,5.508784532546997,0.8017836213111877,0.04280943050980568,-0.14467501640319824,1.0144754648208618,0.22723962366580963,0.7459264873057977,1,0.0,0.0034891835310537334,5,0.9937511682510376,0.9986259341239929,0.9723540606496855,1.0,118.04334259033203,1.0,1.0064208507537842,1.0,1.0064208507537842,1.0,0.0,1.0000001192092896,0.9986259341239929,0.9937511682510376,4.536871910095215,1.741207480430603,1.0,1.741207480430603
GCN,125,1794,4,1,4,-2.2764720916748047,3.088707447052002,5.365179538726807,0.7499998807907104,0.03236208111047745,-0.016533199697732925,1.084519863128662,0.0,0.10837438423645321,0,0.0,0.0034891835310537334,5,1.000133752822876,0.9992086291313171,1.0407128672118384,1.0,126.20463562011719,1.0,1.076006293296814,1.0,1.076006293296814,1.0,2.2351741790771484e-08,1.0000001192092896,0.9992086291313171,1.000133752822876,5.529987335205078,1.861429214477539,1.0,1.861429214477539
GCN,125,1803,0,1,4,0.1342768669128418,2.6937801837921143,2.5595033168792725,0.7499998807907104,0.03411750867962837,0.0,1.084519863128662,0.0,0.10837438423645321,0,0.0,0.0034891835310537334,5,1.0008792877197266,0.9991215467453003,1.0407128672118384,1.0,126.20463562011719,1.0,1.076006293296814,1.0,1.076006293296814,1.0,7.450580596923828e-09,1.0000001192092896,0.9991215467453003,1.0008792877197266,5.086849212646484,1.861429214477539,1.0,1.861429214477539
GCN,125,1807,3,1,5,-3.4096860885620117,2.5790889263153076,5.988775014877319,0.7071066498756409,0.027405831962823868,0.0,1.150307059288025,0.0,0.10837438423645321,0,0.0,0.0034891835310537334,5,1.0005674362182617,0.9994329214096069,1.1051090585391374,1.0,133.870361328125,1.0,1.1413679122924805,1.0,1.1413679122924805,1.0,1.4901161193847656e-08,1.0000001192092896,0.9994329214096069,1.0005674362182617,2.8176653385162354,1.9743437767028809,1.0,1.9743437767028809
GCN,125,1809,3,1,3,-3.5738983154296875,3.1602630615234375,6.734161376953125,0.8017836213111877,0.030296210199594498,-0.12336252629756927,1.0144754648208618,0.1744127720594406,0.5939749905267147,1,0.0,0.0034891835310537334,5,0.9960911870002747,0.9993113279342651,0.9723540606496855,1.0,118.04334259033203,1.0,1.0064208507537842,1.0,1.0064208507537842,1.0,0.0,1.0000001192092896,0.9993113279342651,0.9960911870002747,5.0723772048950195,1.741207480430603,1.0,1.741207480430603
GCN,125,1810,3,0,44,-9.236307144165039,-4.190332412719727,5.0459747314453125,0.3061861991882324,0.007939251139760017,-0.02324855327606201,2.656520128250122,0.0,0.10837438423645321,0,0.0,0.0034891835310537334,5,0.9998207688331604,0.9999524354934692,2.5986078570062525,1.0,309.4266662597656,1.0,2.638422727584839,1.0,2.638422727584839,1.0,2.1920730119973086e-08,1.0000001192092896,0.9999524354934692,0.9998207688331604,11.57950210571289,4.559551239013672,1.0,4.559551239013672
GCN,125,1817,3,1,2,-2.861058235168457,3.042437791824341,5.903496026992798,0.8660253286361694,0.040711306035518646,0.0,0.9392216801643372,0.0,0.10837438423645321,0,0.0,0.0034891835310537334,5,1.0012518167495728,0.9987497925758362,0.8992005135073163,1.0,109.27578735351562,1.0,0.9316691160202026,1.0,0.9316691160202026,1.0,6.705522537231445e-08,1.0,0.9987497925758362,1.0012518167495728,4.093972682952881,1.6120448112487793,1.0,1.6120448112487793
GCN,125,1822,3,1,2,-5.141694068908691,1.520643949508667,6.662338018417358,0.8660253286361694,0.04931676387786865,0.0,0.9392216801643372,0.0,0.10837438423645321,0,0.0,0.0034891835310537334,5,1.0018362998962402,0.9981670379638672,0.8992005135073163,1.0,109.27578735351562,1.0,0.9316691160202026,1.0,0.9316691160202026,1.0,6.705522537231445e-08,1.0,0.9981670379638672,1.0018362998962402,4.504349231719971,1.6120448112487793,1.0,1.6120448112487793
GCN,125,1825,5,1,4,-3.389279842376709,2.129209518432617,5.518489360809326,0.7499998807907104,0.026812797412276268,-0.08817124366760254,1.084519863128662,0.0,0.10837438423645321,0,0.0,0.0034891835310537334,5,0.9976340532302856,0.9994583129882812,1.0407128672118384,1.0,126.20463562011719,1.0,1.076006293296814,1.0,1.076006293296814,1.0,3.0719530030864917e-08,1.0,0.9994583129882812,0.9976340532302856,4.6012282371521,1.861429214477539,1.0,1.861429214477539
GCN,125,1829,5,1,5,-2.259122848510742,2.735377788543701,4.994500637054443,0.7071066498756409,0.027531038969755173,-0.017012443393468857,1.150307059288025,0.0,0.10837438423645321,0,0.0,0.0034891835310537334,5,0.9999970197677612,0.9994272589683533,1.1051090585391374,1.0,133.870361328125,1.0,1.1413679122924805,1.0,1.1413679122924805,1.0,0.0,1.0000001192092896,0.9994272589683533,0.9999970197677612,5.395418167114258,1.9743437767028809,1.0,1.9743437767028809
GCN,125,1836,6,1,2,-1.8768932819366455,1.4324069023132324,3.309300184249878,0.8660253286361694,0.05269947648048401,-0.005151493940502405,0.9392216801643372,0.0,0.10837438423645321,0,0.0,0.0034891835310537334,5,1.0017634630203247,0.9979064464569092,0.8992005135073163,1.0,109.27578735351562,1.0,0.9316691160202026,1.0,0.9316691160202026,1.0,6.705522537231445e-08,1.0,0.9979064464569092,1.0017634630203247,4.093972206115723,1.6120448112487793,1.0,1.6120448112487793
GCN,125,1838,0,1,4,2.1615891456604004,4.957813262939453,2.7962241172790527,0.7499998807907104,0.02996130846440792,-0.07300977408885956,1.084519863128662,0.11973102390766144,0.39674118984463813,1,0.0,0.0034891835310537334,5,0.9979870915412903,0.9993222951889038,1.0407128672118384,1.0,126.20463562011719,1.0,1.076006293296814,1.0,1.076006293296814,1.0,1.5359765015432458e-08,1.0000001192092896,0.9993222951889038,0.9979870915412903,4.9698944091796875,1.861429214477539,1.0,1.861429214477539
GCN,125,1841,0,1,5,3.0700597763061523,5.551891326904297,2.4818315505981445,0.7071066498756409,0.02428826130926609,0.0,1.150307059288025,0.0,0.10837438423645321,0,0.0,0.0034891835310537334,5,1.0004457235336304,0.9995545148849487,1.1051090585391374,1.0,133.870361328125,1.0,1.1413679122924805,1.0,1.1413679122924805,1.0,1.4901161193847656e-08,1.0000001192092896,0.9995545148849487,1.0004457235336304,5.271369457244873,1.9743437767028809,1.0,1.9743437767028809
GCN,125,1845,5,1,2,0.3108416795730591,3.183215379714966,2.8723737001419067,0.8660253286361694,0.04723455011844635,0.0,0.9392216801643372,0.0,0.10837438423645321,0,0.0,0.0034891835310537334,5,1.0016846656799316,0.9983181953430176,0.8992005135073163,1.0,109.27578735351562,1.0,0.9316691160202026,1.0,0.9316691160202026,1.0,6.705522537231445e-08,1.0,0.9983181953430176,1.0016846656799316,4.093972206115723,1.6120448112487793,1.0,1.6120448112487793
GCN,125,1852,3,1,2,-2.5513033866882324,2.9382004737854004,5.489503860473633,0.8660253286361694,0.04241049662232399,0.0,0.9392216801643372,0.0,0.10837438423645321,0,0.0,0.0034891835310537334,5,1.0013582706451416,0.9986435174942017,0.8992005135073163,1.0,109.27578735351562,1.0,0.9316691160202026,1.0,0.9316691160202026,1.0,6.705522537231445e-08,1.0,0.9986435174942017,1.0013582706451416,3.8725099563598633,1.6120448112487793,1.0,1.6120448112487793
GCN,125,1853,3,1,1,-2.9938464164733887,2.9189233779907227,5.912769794464111,0.9486831426620483,0.07529958337545395,-0.018002523109316826,0.8573882579803467,0.018074436113238335,0.10837438423645321,0,0.0,0.0034891835310537334,5,1.0026150941848755,0.9957295656204224,0.8200823869837026,1.0,99.74270629882812,1.0,0.8503942489624023,1.0,0.8503942489624023,1.0,6.018390763529169e-08,1.0000001192092896,0.9957295656204224,1.0026150941848755,3.4295530319213867,1.4715889692306519,1.0,1.4715889692306519
GCN,125,1858,3,1,2,-3.63393497467041,3.213690757751465,6.847625732421875,0.8660253286361694,0.04219500720500946,0.0,0.9392216801643372,0.0,0.10837438423645321,0,0.0,0.0034891835310537334,5,1.0013445615768433,0.9986572265625,0.8992005135073163,1.0,109.27578735351562,1.0,0.9316691160202026,1.0,0.9316691160202026,1.0,6.705522537231445e-08,1.0,0.9986572265625,1.0013445615768433,4.40533971786499,1.6120448112487793,1.0,1.6120448112487793
GCN,125,1862,3,1,4,-6.3164286613464355,0.33631062507629395,6.6527392864227295,0.7499998807907104,0.03824695572257042,-0.07894592732191086,1.084519863128662,0.1044398620724678,0.34444865479348236,1,0.0,0.0034891835310537334,5,0.9973899126052856,0.9988950490951538,1.0407128672118384,1.0,126.20463562011719,1.0,1.076006293296814,1.0,1.076006293296814,1.0,3.0719530030864917e-08,1.0,0.9988950490951538,0.9973899126052856,4.200326919555664,1.861429214477539,1.0000001192092896,1.86142897605896
GCN,125,1866,3,1,2,-4.353076934814453,2.4098691940307617,6.762946128845215,0.8660253286361694,0.050968583673238754,-0.013134040869772434,0.9392216801643372,0.017040744423866272,0.10837438423645321,0,0.0,0.0034891835310537334,5,1.001139521598816,0.9980396628379822,0.8992005135073163,1.0,109.27578735351562,1.0,0.9316691160202026,1.0,0.9316691160202026,1.0,6.715862355122226e-08,1.0,0.9980396628379822,1.001139521598816,3.9847800731658936,1.6120448112487793,1.0,1.6120448112487793
GCN,125,1870,3,1,4,-4.185135841369629,1.9741418361663818,6.159277677536011,0.7499998807907104,0.035886626690626144,0.0,1.084519863128662,0.0,0.10837438423645321,0,0.0,0.0034891835310537334,5,1.000972867012024,0.999028205871582,1.0407128672118384,1.0,126.20463562011719,1.0,1.076006293296814,1.0,1.076006293296814,1.0,7.450580596923828e-09,1.0000001192092896,0.999028205871582,1.000972867012024,2.656520128250122,1.861429214477539,1.0,1.861429214477539
GCN,125,1872,3,1,1,-2.8128886222839355,3.3004281520843506,6.113316774368286,0.9486831426620483,0.06322353333234787,0.0,0.8573882579803467,0.0,0.10837438423645321,0,0.0,0.0034891835310537334,5,1.0030162334442139,0.996992826461792,0.8200823869837026,1.0,99.74270629882812,1.0,0.8503942489624023,1.0,0.8503942489624023,1.0,6.006850128414953e-08,1.0000001192092896,0.996992826461792,1.0030162334442139,4.111889362335205,1.4715889692306519,1.0,1.4715889692306519
GCN,125,1878,5,1,3,-1.6112314462661743,2.8542487621307373,4.465480208396912,0.8017836213111877,0.03861081600189209,0.0,1.0144754648208618,0.0,0.10837438423645321,0,0.0,0.0034891835310537334,5,1.0011260509490967,0.9988752603530884,0.9723540606496855,1.0,118.04334259033203,1.0,1.0064208507537842,1.0,1.0064208507537842,1.0,1.862645149230957e-09,1.0000001192092896,0.9988752603530884,1.0011260509490967,4.9698944091796875,1.741207480430603,1.0,1.741207480430603
GCN,125,1879,5,1,4,-0.23739278316497803,3.037970542907715,3.275363326072693,0.7499998807907104,0.02803421951830387,-0.004320821724832058,1.084519863128662,0.0,0.10837438423645321,0,0.0,0.0034891835310537334,5,1.000445008277893,0.9994064569473267,1.0407128672118384,1.0,126.20463562011719,1.0,1.076006293296814,1.0,1.076006293296814,1.0,7.450580596923828e-09,1.0000001192092896,0.9994064569473267,1.000445008277893,3.910291910171509,1.861429214477539,1.0,1.861429214477539
GCN,125,1881,5,1,5,-4.0653791427612305,1.2228219509124756,5.288201093673706,0.7071066498756409,0.03032173030078411,-0.01862216927111149,1.150307059288025,0.0,0.10837438423645321,0,0.0,0.0034891835310537334,5,1.0000007152557373,0.9993051290512085,1.1051090585391374,1.0,133.870361328125,1.0,1.1413679122924805,1.0,1.1413679122924805,1.0,3.3372032248735195e-08,1.0,0.9993051290512085,1.0000007152557373,4.742837429046631,1.9743437767028809,1.0,1.9743437767028809
GCN,125,1891,4,1,3,-1.7883121967315674,3.7491931915283203,5.537505388259888,0.8017836213111877,0.03477390855550766,0.0,1.0144754648208618,0.0,0.10837438423645321,0,0.0,0.0034891835310537334,5,1.000913381576538,0.9990875124931335,0.9723540606496855,1.0,118.04334259033203,1.0,1.0064208507537842,1.0,1.0064208507537842,1.0,0.0,1.0000001192092896,0.9990875124931335,1.000913381576538,3.929046154022217,1.741207480430603,1.0,1.741207480430603
GCN,125,1899,5,1,5,-1.9546732902526855,2.973540782928467,4.928214073181152,0.7071066498756409,0.03274163976311684,-0.012321190908551216,1.150307059288025,0.0,0.10837438423645321,0,0.0,0.0034891835310537334,5,1.0003141164779663,0.9991902112960815,1.1051090585391374,1.0,133.870361328125,1.0,1.1413679122924805,1.0,1.1413679122924805,1.0,0.0,1.0000001192092896,0.9991902112960815,1.0003141164779663,5.395418167114258,1.9743437767028809,1.0,1.9743437767028809
GCN,125,1901,5,1,6,-3.915795087814331,0.8553509712219238,4.771146059036255,0.6708203554153442,0.02412213571369648,-0.00792614370584488,1.2125300168991089,0.0,0.10837438423645321,0,0.0,0.0034891835310537334,5,1.0002048015594482,0.9995603561401367,1.166159309467222,1.0,141.12112426757812,1.0,1.2031928300857544,1.0,1.2031928300857544,1.0,6.233602789507131e-08,1.0,0.9995603561401367,1.0002048015594482,5.556510925292969,2.0811409950256348,1.0,2.0811409950256348
GCN,125,1904,5,1,3,-3.2884535789489746,1.5497398376464844,4.838193416595459,0.8017836213111877,0.03409658744931221,-0.008189139887690544,1.0144754648208618,0.0,0.10837438423645321,0,0.0,0.0034891835310537334,5,1.000535249710083,0.9991220235824585,0.9723540606496855,1.0,118.04334259033203,1.0,1.0064208507537842,1.0,1.0064208507537842,1.0,0.0,1.0000001192092896,0.9991220235824585,1.000535249710083,4.7583112716674805,1.741207480430603,1.0,1.741207480430603
GCN,125,1906,4,1,5,-1.4078803062438965,4.108668327331543,5.5165486335754395,0.7071066498756409,0.022715983912348747,-0.02192159742116928,1.150307059288025,0.0,0.10837438423645321,0,0.0,0.0034891835310537334,5,0.9997777342796326,0.9996099472045898,1.1051090585391374,1.0,133.870361328125,1.0,1.1413679122924805,1.0,1.1413679122924805,1.0,1.5017125321037383e-08,1.0000001192092896,0.9996100068092346,0.9997777342796326,5.144329071044922,1.9743437767028809,1.0,1.9743437767028809
GCN,125,1909,0,1,6,0.44921934604644775,4.379199028015137,3.929979681968689,0.6708203554153442,0.02229304611682892,0.0,1.2125300168991089,0.0,0.10837438423645321,0,0.0,0.0034891835310537334,5,1.0003756284713745,0.9996246099472046,1.166159309467222,1.0,141.12112426757812,1.0,1.2031928300857544,1.0,1.2031928300857544,1.0,6.052880507922964e-08,1.0,0.9996246099472046,1.0003756284713745,5.422598838806152,2.0811409950256348,1.0,2.0811409950256348
GCN,125,1911,5,1,4,-0.3860177993774414,3.469533681869507,3.8555514812469482,0.7499998807907104,0.03258531168103218,0.0,1.084519863128662,0.0,0.10837438423645321,0,0.0,0.0034891835310537334,5,1.0008021593093872,0.9991984963417053,1.0407128672118384,1.0,126.20463562011719,1.0,1.076006293296814,1.0,1.076006293296814,1.0,7.679882507716229e-09,1.0000001192092896,0.9991984963417053,1.0008021593093872,4.9698944091796875,1.861429214477539,1.0,1.861429214477539
GCN,125,1913,0,1,4,1.7560418844223022,4.882988452911377,3.1269465684890747,0.7499998807907104,0.026215925812721252,0.0,1.084519863128662,0.0,0.10837438423645321,0,0.0,0.0034891835310537334,5,1.0005192756652832,0.9994809627532959,1.0407128672118384,1.0,126.20463562011719,1.0,1.076006293296814,1.0,1.076006293296814,1.0,7.450580596923828e-09,1.0000001192092896,0.9994809627532959,1.0005192756652832,5.201174259185791,1.861429214477539,1.0,1.861429214477539
GCN,125,1916,6,1,3,-0.36687570810317993,2.856668472290039,3.223544180393219,0.8017836213111877,0.0381162203848362,0.0,1.0144754648208618,0.0,0.10837438423645321,0,0.0,0.0034891835310537334,5,1.0010974407196045,0.9989038109779358,0.9723540606496855,1.0,118.04334259033203,1.0,1.0064208507537842,1.0,1.0064208507537842,1.0,0.0,1.0000001192092896,0.9989038109779358,1.0010974407196045,4.421995639801025,1.741207480430603,1.0,1.741207480430603
GCN,125,1918,6,1,2,-0.2935795783996582,3.009331703186035,3.3029112815856934,0.8660253286361694,0.09712883830070496,0.0,0.9392216801643372,0.0,0.10837438423645321,0,0.0,0.0034891835310537334,5,1.0071043968200684,0.9929457306861877,0.8992005135073163,1.0,109.27578735351562,1.0,0.9316691160202026,1.0,0.9316691160202026,1.0,6.705522537231445e-08,1.0,0.9929457306861877,1.0071043968200684,2.100163459777832,1.6120448112487793,1.0,1.6120448112487793
GCN,125,1920,0,1,6,-0.12816715240478516,2.419461488723755,2.54762864112854,0.6708203554153442,0.023431697860360146,-0.0947934165596962,1.2125300168991089,0.19029997289180756,0.6371731716559302,1,0.0,0.0034891835310537334,5,0.9976816773414612,0.999586820602417,1.166159309467222,1.0,141.12112426757812,1.0,1.2031928300857544,1.0,1.2031928300857544,1.0,6.052880507922964e-08,1.0,0.999586820602417,0.9976816773414612,5.556510925292969,2.0811409950256348,1.0,2.0811409950256348
GCN,125,1925,0,1,3,0.606858491897583,4.4471893310546875,3.8403308391571045,0.8017836213111877,0.033570628613233566,-0.030467145144939423,1.0144754648208618,0.0,0.10837438423645321,0,0.0,0.0034891835310537334,5,0.9995942711830139,0.9991480112075806,0.9723540606496855,1.0,118.04334259033203,1.0,1.0064208507537842,1.0,1.0064208507537842,1.0,3.725290298461914e-09,1.0000001192092896,0.9991480112075806,0.9995942711830139,4.421995639801025,1.741207480430603,1.0,1.741207480430603
GCN,125,1931,3,1,3,-3.0837597846984863,3.2408857345581055,6.324645519256592,0.8017836213111877,0.02676834538578987,0.0,1.0144754648208618,0.0,0.10837438423645321,0,0.0,0.0034891835310537334,5,1.0005414485931396,0.999458909034729,0.9723540606496855,1.0,118.04334259033203,1.0,1.0064208507537842,1.0,1.0064208507537842,1.0,0.0,1.0000001192092896,0.999458909034729,1.0005414485931396,4.6489105224609375,1.741207480430603,1.0,1.741207480430603
GCN,125,1932,3,1,3,-3.239332675933838,2.994769334793091,6.234102010726929,0.8017836213111877,0.03759780898690224,0.0,1.0144754648208618,0.0,0.10837438423645321,0,0.0,0.0034891835310537334,5,1.001067876815796,0.9989333748817444,0.9723540606496855,1.0,118.04334259033203,1.0,1.0064208507537842,1.0,1.0064208507537842,1.0,1.862645149230957e-09,1.0000001192092896,0.9989333748817444,1.001067876815796,4.421995639801025,1.741207480430603,1.0,1.741207480430603
GCN,125,1936,3,1,5,-3.8769407272338867,1.7513116598129272,5.628252387046814,0.7071066498756409,0.024816514924168587,0.0,1.150307059288025,0.0,0.10837438423645321,0,0.0,0.0034891835310537334,5,1.0004653930664062,0.9995349049568176,1.1051090585391374,1.0,133.870361328125,1.0,1.1413679122924805,1.0,1.1413679122924805,1.0,1.513220126980741e-08,1.0000001192092896,0.9995349049568176,1.0004653930664062,4.742837429046631,1.9743437767028809,1.0,1.9743437767028809
GCN,125,1938,3,1,1,-3.5755906105041504,3.2838597297668457,6.859450340270996,0.9486831426620483,0.09287750720977783,0.0,0.8573882579803467,0.0,0.10837438423645321,0,0.0,0.0034891835310537334,5,1.006498098373413,0.9935439229011536,0.8200823869837026,1.0,99.74270629882812,1.0,0.8503942489624023,1.0,0.8503942489624023,1.0,6.006850128414953e-08,1.0000001192092896,0.9935439229011536,1.006498098373413,3.320650577545166,1.4715889692306519,1.0000001192092896,1.4715888500213623
GCN,125,1942,3,1,3,-3.3269600868225098,3.4409008026123047,6.7678608894348145,0.8017836213111877,0.03432358801364899,-0.052633706480264664,1.0144754648208618,0.054164089262485504,0.1856763925729443,0,0.0,0.0034891835310537334,5,0.9986684322357178,0.9991093873977661,0.9723540606496855,1.0,118.04334259033203,1.0,1.0064208507537842,1.0,1.0064208507537842,1.0,7.450580596923828e-09,1.0000001192092896,0.9991093873977661,0.9986684322357178,4.182789325714111,1.741207480430603,1.0,1.741207480430603
GCN,125,1947,3,1,4,-5.481120586395264,0.5456456542015076,6.026766240596771,0.7499998807907104,0.028092721477150917,-0.004794941283762455,1.084519863128662,0.0,0.10837438423645321,0,0.0,0.0034891835310537334,5,1.0004308223724365,0.9994039535522461,1.0407128672118384,1.0,126.20463562011719,1.0,1.076006293296814,1.0,1.076006293296814,1.0,7.450580596923828e-09,1.0000001192092896,0.9994039535522461,1.0004308223724365,4.727312088012695,1.861429214477539,1.0,1.861429214477539
GCN,125,1959,5,1,5,-4.651500225067139,0.47226983308792114,5.12377005815506,0.7071066498756409,0.02964317612349987,-0.018144803121685982,1.150307059288025,0.0,0.10837438423645321,0,0.0,0.0034891835310537334,5,1.0000029802322388,0.9993358850479126,1.1051090585391374,1.0,133.870361328125,1.0,1.1413679122924805,1.0,1.1413679122924805,1.0,3.332000986233652e-08,1.0,0.9993358850479126,1.0000029802322388,5.271368980407715,1.9743437767028809,1.0,1.9743437767028809
GCN,125,1961,5,1,3,-3.500088930130005,2.563985586166382,6.064074516296387,0.8017836213111877,0.03412124142050743,0.0,1.0144754648208618,0.0,0.10837438423645321,0,0.0,0.0034891835310537334,5,1.0008795261383057,0.9991213083267212,0.9723540606496855,1.0,118.04334259033203,1.0,1.0064208507537842,1.0,1.0064208507537842,1.0,0.0,1.0000001192092896,0.9991213083267212,1.0008795261383057,4.9698944091796875,1.741207480430603,1.0,1.741207480430603
GCN,125,1962,5,1,3,-2.860914945602417,2.692972183227539,5.553887128829956,0.8017836213111877,0.0409243181347847,0.0,1.0144754648208618,0.0,0.10837438423645321,0,0.0,0.0034891835310537334,5,1.0012649297714233,0.9987367391586304,0.9723540606496855,1.0,118.04334259033203,1.0,1.0064208507537842,1.0,1.0064208507537842,1.0,0.0,1.0000001192092896,0.9987367391586304,1.0012649297714233,4.9698944091796875,1.741207480430603,1.0,1.741207480430603
GCN,125,1969,4,1,3,-3.0188612937927246,4.453447341918945,7.47230863571167,0.8017836213111877,0.042418546974658966,0.0,1.0144754648208618,0.0,0.10837438423645321,0,0.0,0.0034891835310537334,5,1.001358985900879,0.9986429810523987,0.9723540606496855,1.0,118.04334259033203,1.0,1.0064208507537842,1.0,1.0064208507537842,1.0,0.0,1.0000001192092896,0.9986429810523987,1.001358985900879,4.1827898025512695,1.741207480430603,1.0,1.741207480430603
GCN,125,1972,6,1,3,-0.9760283827781677,1.9257476329803467,2.9017760157585144,0.8017836213111877,0.03172735869884491,0.0,1.0144754648208618,0.0,0.10837438423645321,0,0.0,0.0034891835310537334,5,1.0007604360580444,0.9992401599884033,0.9723540606496855,1.0,118.04334259033203,1.0,1.0064208507537842,1.0,1.0064208507537842,1.0,0.0,1.0000001192092896,0.9992401599884033,1.0007604360580444,4.865253448486328,1.741207480430603,1.0,1.741207480430603
GCN,125,1977,3,1,2,0.2864488363265991,3.061741590499878,2.775292754173279,0.8660253286361694,0.04147058352828026,0.0,0.9392216801643372,0.0,0.10837438423645321,0,0.0,0.0034891835310537334,5,1.0012989044189453,0.998702883720398,0.8992005135073163,1.0,109.27578735351562,1.0,0.9316691160202026,1.0,0.9316691160202026,1.0,6.705522537231445e-08,1.0,0.998702883720398,1.0012989044189453,4.304054260253906,1.6120448112487793,1.0,1.6120448112487793
GCN,125,1983,0,1,4,0.16024482250213623,4.076365947723389,3.9161211252212524,0.7499998807907104,0.02255108952522278,-0.06405989825725555,1.084519863128662,0.08826780319213867,0.23796892762410005,0,0.0,0.0034891835310537334,5,0.998607337474823,0.9996161460876465,1.0407128672118384,1.0,126.20463562011719,1.0,1.076006293296814,1.0,1.076006293296814,1.0,3.0719530030864917e-08,1.0,0.9996161460876465,0.998607337474823,4.9698944091796875,1.861429214477539,1.0,1.861429214477539
GCN,125,1996,3,0,5,-8.325826644897461,-2.2154381275177,6.110388517379761,0.7071066498756409,0.035515155643224716,-0.0038125852588564157,1.150307059288025,0.0,0.10837438423645321,0,0.0,0.0034891835310537334,5,1.000786542892456,0.9990478754043579,1.1051090585391374,1.0,133.870361328125,1.0,1.1413679122924805,1.0,1.1413679122924805,1.0,1.4901161193847656e-08,1.0000001192092896,0.9990478754043579,1.000786542892456,3.9847803115844727,1.9743437767028809,1.0,1.9743437767028809
GCN,125,2004,3,1,4,-5.607930660247803,0.8025791049003601,6.410509765148163,0.7499998807907104,0.029339484870433807,0.0,1.084519863128662,0.0,0.10837438423645321,0,0.0,0.0034891835310537334,5,1.000650405883789,0.9993501901626587,1.0407128672118384,1.0,126.20463562011719,1.0,1.076006293296814,1.0,1.076006293296814,1.0,7.450580596923828e-09,1.0000001192092896,0.9993501901626587,1.000650405883789,4.9698944091796875,1.861429214477539,1.0,1.861429214477539
GCN,125,2006,3,1,3,-6.151278495788574,0.950080931186676,7.10135942697525,0.8017836213111877,0.043684832751750946,0.0,1.0144754648208618,0.0,0.10837438423645321,0,0.0,0.0034891835310537334,5,1.001441240310669,0.998560905456543,0.9723540606496855,1.0,118.04334259033203,1.0,1.0064208507537842,1.0,1.0064208507537842,1.0,0.0,1.0000001192092896,0.998560905456543,1.001441240310669,4.6489105224609375,1.741207480430603,1.0,1.741207480430603
GCN,125,2010,0,1,4,0.17149865627288818,2.8884119987487793,2.716913342475891,0.7499998807907104,0.028498560190200806,-0.004409189336001873,1.084519863128662,0.0,0.10837438423645321,0,0.0,0.0034891835310537334,5,1.0004593133926392,0.9993865489959717,1.0407128672118384,1.0,126.20463562011719,1.0,1.076006293296814,1.0,1.076006293296814,1.0,8.33000246558413e-09,1.0000001192092896,0.9993865489959717,1.0004593133926392,4.9698944091796875,1.861429214477539,1.0,1.861429214477539
GCN,125,2011,3,1,3,-1.42453932762146,3.463501453399658,4.888040781021118,0.8017836213111877,0.028305912390351295,-0.057641953229904175,1.0144754648208618,0.0,0.10837438423645321,0,0.0,0.0034891835310537334,5,0.9985986351966858,0.9993947148323059,0.9723540606496855,1.0,118.04334259033203,1.0,1.0064208507537842,1.0,1.0064208507537842,1.0,2.9802322387695312e-08,1.0,0.9993947148323059,0.9985986351966858,4.9698944091796875,1.741207480430603,1.0,1.741207480430603
GCN,125,2014,3,1,2,0.5365618467330933,3.5102429389953613,2.973681092262268,0.8660253286361694,0.04926475137472153,0.0,0.9392216801643372,0.0,0.10837438423645321,0,0.0,0.0034891835310537334,5,1.0018324851989746,0.9981708526611328,0.8992005135073163,1.0,109.27578735351562,1.0,0.9316691160202026,1.0,0.9316691160202026,1.0,6.705522537231445e-08,1.0,0.9981708526611328,1.0018324851989746,3.386411666870117,1.6120448112487793,1.0,1.6120448112487793
GCN,125,2015,6,1,3,0.4405099153518677,3.143031597137451,2.7025216817855835,0.8017836213111877,0.027811937034130096,0.0,1.0144754648208618,0.0,0.10837438423645321,0,0.0,0.0034891835310537334,5,1.0005844831466675,0.999415934085846,0.9723540606496855,1.0,118.04334259033203,1.0,1.0064208507537842,1.0,1.0064208507537842,1.0,0.0,1.0000001192092896,0.999415934085846,1.0005844831466675,5.172829627990723,1.741207480430603,1.0000001192092896,1.741207242012024
GCN,125,2019,0,1,2,0.3066842555999756,2.7289960384368896,2.422311782836914,0.8660253286361694,0.0535748191177845,-0.011328076012432575,0.9392216801643372,0.0,0.10837438423645321,0,0.0,0.0034891835310537334,5,1.0014219284057617,0.9978349804878235,0.8992005135073163,1.0,109.27578735351562,1.0,0.9316691160202026,1.0,0.9316691160202026,1.0,6.869095869888042e-08,1.0,0.9978349804878235,1.0014219284057617,3.253559112548828,1.6120448112487793,1.0,1.6120448112487793
GCN,125,2038,3,1,2,-2.0857691764831543,4.438811302185059,6.524580478668213,0.8660253286361694,0.05329085513949394,-0.006759187206625938,0.9392216801643372,0.0,0.10837438423645321,0,0.0,0.0034891835310537334,5,1.001701831817627,0.997859001159668,0.8992005135073163,1.0,109.27578735351562,1.0,0.9316691160202026,1.0,0.9316691160202026,1.0,6.705522537231445e-08,1.0,0.997859001159668,1.001701831817627,4.304054260253906,1.6120448112487793,1.0,1.6120448112487793
GCN,125,2043,4,1,2,-1.8632481098175049,4.365800380706787,6.229048490524292,0.8660253286361694,0.05481059476733208,0.0,0.9392216801643372,0.0,0.10837438423645321,0,0.0,0.0034891835310537334,5,1.002267837524414,0.9977372884750366,0.8992005135073163,1.0,109.27578735351562,1.0,0.9316691160202026,1.0,0.9316691160202026,1.0,6.705522537231445e-08,1.0,0.9977372884750366,1.002267837524414,3.5142457485198975,1.6120448112487793,1.0,1.6120448112487793
GCN,125,2045,1,1,32,-2.739407777786255,0.91986083984375,3.659268617630005,0.35355332493782043,0.008514121174812317,-0.061982329934835434,2.30061411857605,0.0,0.10837438423645321,0,0.0,0.0034891835310537334,5,0.9994058609008789,0.9999454021453857,2.2441732405906096,1.0,267.94024658203125,1.0,2.2846333980560303,1.0,2.2846333980560303,1.0,7.450580596923828e-09,1.0000001192092896,0.9999454021453857,0.9994058609008789,10.542738914489746,3.9486875534057617,1.0,3.9486875534057617
GCN,125,2051,0,1,3,0.9847673177719116,3.698591709136963,2.7138243913650513,0.8017836213111877,0.03236551210284233,-0.05856287479400635,1.0144754648208618,0.0,0.10837438423645321,0,0.0,0.0034891835310537334,5,0.9984601736068726,0.999208390712738,0.9723540606496855,1.0,118.04334259033203,1.0,1.0064208507537842,1.0,1.0064208507537842,1.0,3.725290298461914e-09,1.0000001192092896,0.999208390712738,0.9984601736068726,4.6489105224609375,1.741207480430603,1.0,1.741207480430603
GCN,125,2054,0,1,9,3.3958852291107178,5.71276330947876,2.316878080368042,0.588348388671875,0.016404269263148308,-0.03823583573102951,1.382496953010559,0.0,0.10837438423645321,0,0.0,0.0034891835310537334,5,0.9994320869445801,0.9997968077659607,1.333475532498934,1.0,160.9285125732422,1.0,1.37208890914917,1.0,1.37208890914917,1.0,8.33000246558413e-09,1.0000001192092896,0.9997968077659607,0.9994320869445801,6.182713985443115,2.372865676879883,1.0,2.372865676879883
GCN,125,2055,0,1,4,1.427597165107727,5.11345100402832,3.6858538389205933,0.7499998807907104,0.027869442477822304,-0.028166430070996284,1.084519863128662,0.0,0.10837438423645321,0,0.0,0.0034891835310537334,5,0.9996218681335449,0.9994128942489624,1.0407128672118384,1.0,126.20463562011719,1.0,1.076006293296814,1.0,1.076006293296814,1.0,7.450580596923828e-09,1.0000001192092896,0.9994128942489624,0.9996218681335449,4.6012282371521,1.861429214477539,1.0,1.861429214477539
GCN,125,2058,5,1,3,-3.749582290649414,2.3115625381469727,6.061144828796387,0.8017836213111877,0.05248594656586647,0.0,1.0144754648208618,0.0,0.10837438423645321,0,0.0,0.0034891835310537334,5,1.002079725265503,0.9979246854782104,0.9723540606496855,1.0,118.04334259033203,1.0,1.0064208507537842,1.0,1.0064208507537842,1.0,0.0,1.0000001192092896,0.9979246854782104,1.002079725265503,4.758311748504639,1.741207480430603,1.0,1.741207480430603
GCN,125,2059,0,1,6,1.5918349027633667,4.74171257019043,3.149877667427063,0.6708203554153442,0.024539893493056297,-0.0756620392203331,1.2125300168991089,0.08434278517961502,0.22735884804850323,0,0.0,0.0034891835310537334,5,0.9981706738471985,0.9995458722114563,1.166159309467222,1.0,141.12112426757812,1.0,1.2031928300857544,1.0,1.2031928300857544,1.0,9.313225746154785e-09,1.0000001192092896,0.9995458722114563,0.9981706738471985,5.815089702606201,2.0811409950256348,1.0,2.0811409950256348
GCN,125,2071,2,1,8,0.7391015291213989,2.9873054027557373,2.2482038736343384,0.6123723983764648,0.02076597884297371,-0.037686776369810104,1.328260064125061,0.0,0.10837438423645321,0,0.0,0.0034891835310537334,5,0.9993634819984436,0.9996742010116577,1.280008691668803,1.0,154.60775756835938,1.0,1.3181915283203125,1.0,1.3181915283203125,1.0,1.825012141409843e-08,1.0000001192092896,0.9996742010116577,0.9993634819984436,5.313040256500244,2.279775619506836,1.0,2.279775619506836
GCN,125,2072,0,1,3,2.598339557647705,5.132321357727051,2.5339818000793457,0.8017836213111877,0.03359357640147209,-0.025769347324967384,1.0144754648208618,0.0,0.10837438423645321,0,0.0,0.0034891835310537334,5,0.9997885823249817,0.9991469979286194,0.9723540606496855,1.0,118.04334259033203,1.0,1.0064208507537842,1.0,1.0064208507537842,1.0,2.9802322387695312e-08,1.0,0.9991469979286194,0.9997885823249817,4.421996116638184,1.741207480430603,1.0,1.741207480430603
GCN,125,2075,3,1,8,-3.5158324241638184,2.3963143825531006,5.912146806716919,0.6123723983764648,0.019943196326494217,-0.015561310574412346,1.328260064125061,0.0,0.10837438423645321,0,0.0,0.0034891835310537334,5,0.9999191164970398,0.9996993541717529,1.280008691668803,1.0,154.60775756835938,1.0,1.3181915283203125,1.0,1.3181915283203125,1.0,1.825012141409843e-08,1.0000001192092896,0.9996993541717529,0.9999191164970398,5.476556777954102,2.279775619506836,1.0,2.279775619506836
GCN,125,2082,1,1,2,-2.1738674640655518,3.5347843170166016,5.708651781082153,0.8660253286361694,0.09021378308534622,0.0,0.9392216801643372,0.0,0.10837438423645321,0,0.0,0.0034891835310537334,5,1.006131649017334,0.9939056634902954,0.8992005135073163,1.0,109.27578735351562,1.0,0.9316691160202026,1.0,0.9316691160202026,1.0,6.705522537231445e-08,1.0,0.9939056634902954,1.006131649017334,1.8784433603286743,1.6120448112487793,1.0,1.6120448112487793
GCN,125,2087,1,1,2,-2.4475433826446533,2.3319106101989746,4.779453992843628,0.8660253286361694,0.04726164788007736,0.0,0.9392216801643372,0.0,0.10837438423645321,0,0.0,0.0034891835310537334,5,1.0016865730285645,0.9983162879943848,0.8992005135073163,1.0,109.27578735351562,1.0,0.9316691160202026,1.0,0.9316691160202026,1.0,6.705522537231445e-08,1.0,0.9983162879943848,1.0016865730285645,4.200326919555664,1.6120448112487793,1.0,1.6120448112487793
GCN,125,2096,1,1,6,-2.0351109504699707,2.5984511375427246,4.633562088012695,0.6708203554153442,0.02250227890908718,-0.03931508958339691,1.2125300168991089,0.08089875429868698,0.22110647972716937,0,0.0,0.0034891835310537334,5,0.9992948174476624,0.999617338180542,1.166159309467222,1.0,141.12112426757812,1.0,1.2031928300857544,1.0,1.2031928300857544,1.0,6.055745416233549e-08,1.0,0.999617338180542,0.9992948174476624,6.062650203704834,2.0811409950256348,1.0,2.0811409950256348
GCN,125,2105,5,1,2,0.40520644187927246,3.9134902954101562,3.508283853530884,0.8660253286361694,0.04772282764315605,-0.04695663973689079,0.9392216801643372,0.015075122937560081,0.10837438423645321,0,0.0,0.0034891835310537334,5,0.9989655017852783,0.9982776641845703,0.8992005135073163,1.0,109.27578735351562,1.0,0.9316691160202026,1.0,0.9316691160202026,1.0,6.705522537231445e-08,1.0,0.9982776641845703,0.9989655017852783,4.5043487548828125,1.6120448112487793,1.0,1.6120448112487793
GCN,125,2107,1,1,4,-1.2771031856536865,3.204538583755493,4.48164176940918,0.7499998807907104,0.02664438635110855,-0.027641799300909042,1.084519863128662,0.0,0.10837438423645321,0,0.0,0.0034891835310537334,5,0.9996309876441956,0.9994634389877319,1.0407128672118384,1.0,126.20463562011719,1.0,1.076006293296814,1.0,1.076006293296814,1.0,7.679882507716229e-09,1.0000001192092896,0.9994634389877319,0.9996309876441956,4.727312088012695,1.861429214477539,1.0,1.861429214477539
GCN,125,2113,2,1,6,-2.7226381301879883,3.1457197666168213,5.86835789680481,0.6708203554153442,0.02168797142803669,-0.030192511156201363,1.2125300168991089,0.0,0.10837438423645321,0,0.0,0.0034891835310537334,5,0.9995502829551697,0.9996446371078491,1.166159309467222,1.0,141.12112426757812,1.0,1.2031928300857544,1.0,1.2031928300857544,1.0,1.053671194739536e-08,1.0000001192092896,0.9996446371078491,0.9995502829551697,6.182713985443115,2.0811409950256348,1.0,2.0811409950256348
GCN,125,2120,4,1,5,-2.0424606800079346,4.029318809509277,6.071779489517212,0.7071066498756409,0.03176763281226158,0.0,1.150307059288025,0.0,0.10837438423645321,0,0.0,0.0034891835310537334,5,1.0007623434066772,0.9992382526397705,1.1051090585391374,1.0,133.870361328125,1.0,1.1413679122924805,1.0,1.1413679122924805,1.0,1.580506747700383e-08,1.0000001192092896,0.9992382526397705,1.0007623434066772,5.144329071044922,1.9743437767028809,1.0,1.9743437767028809
GCN,125,2122,4,1,10,-3.6152267456054688,2.7924156188964844,6.407642364501953,0.5669466257095337,0.01523348968476057,-0.077553890645504,1.4346848726272583,0.1780093014240265,0.6023114816218265,1,0.0,0.0034891835310537334,5,0.9987221360206604,0.9998252391815186,1.384979188535478,1.0,167.0106658935547,1.0,1.4239519834518433,1.0,1.4239519834518433,1.0,1.6686016124367598e-08,1.0000001192092896,0.9998252391815186,0.9987221360206604,7.028491497039795,2.4624390602111816,1.0,2.4624390602111816
GCN,125,2130,4,1,12,-3.7740890979766846,2.8606815338134766,6.634770631790161,0.5303300619125366,0.021718842908740044,0.0,1.5337426662445068,0.0,0.10837438423645321,0,0.0,0.0034891835310537334,5,1.0003563165664673,0.9996438026428223,1.4828695593770052,1.0,178.5554656982422,1.0,1.5223971605300903,1.0,1.5223971605300903,1.0,6.2558264346535e-08,1.0000001192092896,0.9996438026428223,1.0003563165664673,6.507119178771973,2.632457971572876,1.0,2.632457971572876
GCN,125,2131,0,1,3,1.6355928182601929,4.5329718589782715,2.8973790407180786,0.8017836213111877,0.034073006361722946,-0.021571127697825432,1.0144754648208618,0.018667196854948997,0.10837438423645321,0,0.0,0.0034891835310537334,5,0.9999738335609436,0.9991226196289062,0.9723540606496855,1.0,118.04334259033203,1.0,1.0064208507537842,1.0,1.0064208507537842,1.0,7.679882507716229e-09,1.0000001192092896,0.9991226196289062,0.9999738335609436,3.929046154022217,1.741207480430603,1.0,1.741207480430603
GCN,125,2139,3,0,4,-6.277998447418213,-0.5060594081878662,5.771939039230347,0.7499998807907104,0.0377153716981411,0.0,1.084519863128662,0.0,0.10837438423645321,0,0.0,0.0034891835310537334,5,1.0010744333267212,0.9989267587661743,1.0407128672118384,1.0,126.20463562011719,1.0,1.076006293296814,1.0,1.076006293296814,1.0,7.450580596923828e-09,1.0000001192092896,0.9989267587661743,1.0010744333267212,4.8501200675964355,1.861429214477539,1.0,1.861429214477539
GCN,125,2141,3,0,4,-7.328273773193359,-0.6564004421234131,6.671873331069946,0.7499998807907104,0.04076368361711502,0.0,1.084519863128662,0.0,0.10837438423645321,0,0.0,0.0034891835310537334,5,1.0012550354003906,0.9987465739250183,1.0407128672118384,1.0,126.20463562011719,1.0,1.076006293296814,1.0,1.076006293296814,1.0,8.535712581192456e-09,1.0000001192092896,0.9987465739250183,1.0012550354003906,4.850120544433594,1.861429214477539,1.0,1.861429214477539
GCN,125,2153,4,1,3,0.4627317786216736,3.65310001373291,3.1903682351112366,0.8017836213111877,0.034706272184848785,0.0,1.0144754648208618,0.0,0.10837438423645321,0,0.0,0.0034891835310537334,5,1.0009099245071411,0.9990909695625305,0.9723540606496855,1.0,118.04334259033203,1.0,1.0064208507537842,1.0,1.0064208507537842,1.0,0.0,1.0000001192092896,0.9990909695625305,1.0009099245071411,4.421995639801025,1.741207480430603,1.0,1.741207480430603
GCN,125,2156,0,1,4,0.8636910319328308,3.3774681091308594,2.5137770771980286,0.7499998807907104,0.028042683377861977,0.0,1.084519863128662,0.0,0.10837438423645321,0,0.0,0.0034891835310537334,5,1.0005940198898315,0.9994063377380371,1.0407128672118384,1.0,126.20463562011719,1.0,1.076006293296814,1.0,1.076006293296814,1.0,8.119082295365843e-09,1.0000001192092896,0.9994063377380371,1.0005940198898315,5.201174259185791,1.861429214477539,1.0,1.861429214477539
GCN,125,2157,6,1,5,-2.2529821395874023,0.563301146030426,2.8162832856178284,0.7071066498756409,0.02939080074429512,-0.02241358533501625,1.150307059288025,0.0,0.10837438423645321,0,0.0,0.0034891835310537334,5,0.9998429417610168,0.9993470907211304,1.1051090585391374,1.0,133.870361328125,1.0,1.1413679122924805,1.0,1.1413679122924805,1.0,1.5017125321037383e-08,1.0000001192092896,0.9993470907211304,0.9998429417610168,5.144329071044922,1.9743437767028809,1.0,1.9743437767028809
GCN,125,2158,6,1,1,-1.7852327823638916,1.656935453414917,3.4421682357788086,0.9486831426620483,0.07506507635116577,0.0,0.8573882579803467,0.0,0.10837438423645321,0,0.0,0.0034891835310537334,5,1.0042494535446167,0.9957684874534607,0.8200823869837026,1.0,99.74270629882812,1.0,0.8503942489624023,1.0,0.8503942489624023,1.0,6.006850128414953e-08,1.0000001192092896,0.9957684874534607,1.0042494535446167,3.7372686862945557,1.4715889692306519,1.0,1.4715889692306519
GCN,125,2160,6,1,8,-2.4150137901306152,0.2806837558746338,2.695697546005249,0.6123723983764648,0.02421741932630539,-0.08057089895009995,1.328260064125061,0.0,0.10837438423645321,0,0.0,0.0034891835310537334,5,0.9980424642562866,0.9995577931404114,1.280008691668803,1.0,154.60775756835938,1.0,1.3181915283203125,1.0,1.3181915283203125,1.0,1.8811793012218914e-08,1.0000001192092896,0.9995577931404114,0.9980424642562866,5.789751052856445,2.279775619506836,1.0,2.279775619506836
GCN,125,2164,6,1,3,-2.418717384338379,0.4973878860473633,2.916105270385742,0.8017836213111877,0.03696797415614128,0.0,1.0144754648208618,0.0,0.10837438423645321,0,0.0,0.0034891835310537334,5,1.0010323524475098,0.998968780040741,0.9723540606496855,1.0,118.04334259033203,1.0,1.0064208507537842,1.0,1.0064208507537842,1.0,3.725290298461914e-09,1.0000001192092896,0.998968780040741,1.0010323524475098,4.758311748504639,1.741207480430603,1.0,1.741207480430603
GCN,125,2165,6,1,3,-0.7634716033935547,2.2355144023895264,2.998986005783081,0.8017836213111877,0.030789891257882118,0.0,1.0144754648208618,0.0,0.10837438423645321,0,0.0,0.0034891835310537334,5,1.000716209411621,0.9992843270301819,0.9723540606496855,1.0,118.04334259033203,1.0,1.0064208507537842,1.0,1.0064208507537842,1.0,0.0,1.0000001192092896,0.9992843270301819,1.000716209411621,4.758311748504639,1.741207480430603,1.0,1.741207480430603
GCN,125,2166,5,1,2,-2.5423660278320312,1.440230131149292,3.9825961589813232,0.8660253286361694,0.08365887403488159,0.0,0.9392216801643372,0.0,0.10837438423645321,0,0.0,0.0034891835310537334,5,1.0052752494812012,0.9947524070739746,0.8992005135073163,1.0,109.27578735351562,1.0,0.9316691160202026,1.0,0.9316691160202026,1.0,6.705522537231445e-08,1.0,0.9947524070739746,1.0052752494812012,2.100163459777832,1.6120448112487793,1.0,1.6120448112487793
GCN,125,2172,0,1,5,3.350524663925171,5.960574150085449,2.6100494861602783,0.7071066498756409,0.03074590116739273,-0.004364220891147852,1.150307059288025,0.0,0.10837438423645321,0,0.0,0.0034891835310537334,5,1.00054931640625,0.9992860555648804,1.1051090585391374,1.0,133.870361328125,1.0,1.1413679122924805,1.0,1.1413679122924805,1.0,1.666000493116826e-08,1.0000001192092896,0.9992860555648804,1.00054931640625,5.516678810119629,1.9743437767028809,1.0,1.9743437767028809
GCN,125,2177,3,1,4,0.6725433468818665,2.8587474822998047,2.1862041354179382,0.7499998807907104,0.060897283256053925,0.0,1.084519863128662,0.0,0.10837438423645321,0,0.0,0.0034891835310537334,5,1.0027987957000732,0.9972091317176819,1.0407128672118384,1.0,126.20463562011719,1.0,1.076006293296814,1.0,1.076006293296814,1.0,7.450580596923828e-09,1.0000001192092896,0.9972091317176819,1.0027987957000732,1.5337426662445068,1.861429214477539,1.0,1.861429214477539
GCN,125,2181,0,1,8,3.9755358695983887,6.339726448059082,2.3641905784606934,0.6123723983764648,0.027886128053069115,-0.0010285244788974524,1.328260064125061,0.0,0.10837438423645321,0,0.0,0.0034891835310537334,5,1.0005522966384888,0.9994127750396729,1.280008691668803,1.0,154.60775756835938,1.0,1.3181915283203125,1.0,1.3181915283203125,1.0,1.8649719990548874e-08,1.0000001192092896,0.9994127750396729,1.0005522966384888,6.370111465454102,2.279775619506836,1.0,2.279775619506836
GCN,125,2189,0,1,6,1.1949535608291626,3.792062759399414,2.5971091985702515,0.6708203554153442,0.02135578542947769,-0.03513854742050171,1.2125300168991089,0.032240211963653564,0.10837438423645321,0,0.0,0.0034891835310537334,5,0.9994220733642578,0.9996553659439087,1.166159309467222,1.0,141.12112426757812,1.0,1.2031928300857544,1.0,1.2031928300857544,1.0,6.064333035737945e-08,1.0,0.9996553659439087,0.9994220733642578,5.422598838806152,2.0811409950256348,1.0,2.0811409950256348
GCN,125,2195,0,1,4,-0.42402029037475586,2.469698190689087,2.8937184810638428,0.7499998807907104,0.03672810643911362,-0.010568035766482353,1.084519863128662,0.0,0.10837438423645321,0,0.0,0.0034891835310537334,5,1.000542163848877,0.998981237411499,1.0407128672118384,1.0,126.20463562011719,1.0,1.076006293296814,1.0,1.076006293296814,1.0,1.666000493116826e-08,1.0000001192092896,0.998981237411499,1.000542163848877,4.057901859283447,1.861429214477539,1.0,1.861429214477539
GCN,125,2198,0,1,5,2.4262821674346924,5.3051934242248535,2.878911256790161,0.7071066498756409,0.023195473477244377,-0.03285370394587517,1.150307059288025,0.0,0.10837438423645321,0,0.0,0.0034891835310537334,5,0.9994695782661438,0.9995933771133423,1.1051090585391374,1.0,133.870361328125,1.0,1.1413679122924805,1.0,1.1413679122924805,1.0,6.143906006172983e-08,1.0,0.9995933771133423,0.9994695782661438,4.742837429046631,1.9743437767028809,1.0,1.9743437767028809
GCN,125,2212,3,1,4,-2.66098690032959,3.2354671955108643,5.896454095840454,0.7499998807907104,0.032489582896232605,-0.009294134564697742,1.084519863128662,0.0,0.10837438423645321,0,0.0,0.0034891835310537334,5,1.0004265308380127,0.9992026090621948,1.0407128672118384,1.0,126.20463562011719,1.0,1.076006293296814,1.0,1.076006293296814,1.0,0.0,1.0000001192092896,0.9992026090621948,1.0004265308380127,4.8501200675964355,1.861429214477539,1.0,1.861429214477539
GCN,125,2215,3,1,4,-3.0040082931518555,3.3425354957580566,6.346543788909912,0.7499998807907104,0.031249022111296654,-0.02182038128376007,1.084519863128662,0.0,0.10837438423645321,0,0.0,0.0034891835310537334,5,0.999899685382843,0.9992620348930359,1.0407128672118384,1.0,126.20463562011719,1.0,1.076006293296814,1.0,1.076006293296814,1.0,7.450580596923828e-09,1.0000001192092896,0.9992620348930359,0.999899685382843,4.338079452514648,1.861429214477539,1.0,1.861429214477539
GCN,125,2218,1,1,2,-1.364898920059204,3.552154541015625,4.917053461074829,0.8660253286361694,0.10057755559682846,0.0,0.9392216801643372,0.0,0.10837438423645321,0,0.0,0.0034891835310537334,5,1.0076159238815308,0.9924416542053223,0.8992005135073163,1.0,109.27578735351562,1.0,0.9316691160202026,1.0,0.9316691160202026,1.0,6.705522537231445e-08,1.0,0.9924416542053223,1.0076159238815308,1.8784433603286743,1.6120448112487793,1.0,1.6120448112487793
GCN,125,2224,4,1,8,-2.437451124191284,1.8479228019714355,4.28537392616272,0.6123723983764648,0.01864817552268505,-0.11286211758852005,1.328260064125061,0.20554743707180023,0.6962864721485411,1,0.0,0.0034891835310537334,5,0.9976725578308105,0.9997393488883972,1.280008691668803,1.0,154.60775756835938,1.0,1.3181915283203125,1.0,1.3181915283203125,1.0,1.825012141409843e-08,1.0000001192092896,0.9997393488883972,0.9976725578308105,5.6353302001953125,2.279775619506836,1.0,2.279775619506836
GCN,125,2228,6,1,6,-1.1534185409545898,1.4876415729522705,2.6410601139068604,0.6708203554153442,0.02134539932012558,0.0,1.2125300168991089,0.0,0.10837438423645321,0,0.0,0.0034891835310537334,5,1.0003442764282227,0.9996559619903564,1.166159309467222,1.0,141.12112426757812,1.0,1.2031928300857544,1.0,1.2031928300857544,1.0,6.052880507922964e-08,1.0,0.9996559619903564,1.0003442764282227,5.940159320831299,2.0811409950256348,1.0,2.0811409950256348
GCN,125,2229,3,1,3,-2.7848870754241943,3.1866660118103027,5.971553087234497,0.8017836213111877,0.04354128986597061,0.0,1.0144754648208618,0.0,0.10837438423645321,0,0.0,0.0034891835310537334,5,1.0014318227767944,0.9985703229904175,0.9723540606496855,1.0,118.04334259033203,1.0,1.0064208507537842,1.0,1.0064208507537842,1.0,0.0,1.0000001192092896,0.9985703229904175,1.0014318227767944,4.182789325714111,1.741207480430603,1.0,1.741207480430603
GCN,125,2231,0,1,2,-1.645862340927124,4.114120960235596,5.75998330116272,0.8660253286361694,0.04434539005160332,-0.006830077152699232,0.9392216801643372,0.0,0.10837438423645321,0,0.0,0.0034891835310537334,5,1.0011130571365356,0.9985162019729614,0.8992005135073163,1.0,109.27578735351562,1.0,0.9316691160202026,1.0,0.9316691160202026,1.0,6.705522537231445e-08,1.0,0.9985162019729614,1.0011130571365356,4.601227760314941,1.6120448112487793,1.0,1.6120448112487793
GCN,125,2232,0,1,3,2.5905256271362305,5.217825412750244,2.6272997856140137,0.8017836213111877,0.03898736834526062,-0.005606447346508503,1.0144754648208618,0.0,0.10837438423645321,0,0.0,0.0034891835310537334,5,1.0008796453475952,0.9988527297973633,0.9723540606496855,1.0,118.04334259033203,1.0,1.0064208507537842,1.0,1.0064208507537842,1.0,0.0,1.0000001192092896,0.9988527297973633,1.0008796453475952,4.536871910095215,1.741207480430603,1.0,1.741207480430603
GCN,125,2235,5,1,3,-4.278934478759766,2.050607204437256,6.3295416831970215,0.8017836213111877,0.04306357726454735,-0.18328547477722168,1.0144754648208618,0.21801596879959106,0.7281167108753316,1,0.0,0.0034891835310537334,5,0.9916630983352661,0.9986217617988586,0.9723540606496855,1.0,118.04334259033203,1.0,1.0064208507537842,1.0,1.0064208507537842,1.0,3.003425064207477e-08,1.0,0.9986217617988586,0.9916630983352661,4.057901859283447,1.741207480430603,1.0,1.741207480430603
GCN,125,2249,4,1,6,-3.6488919258117676,3.551845073699951,7.200736999511719,0.6708203554153442,0.019440261647105217,0.0,1.2125300168991089,0.0,0.10837438423645321,0,0.0,0.0034891835310537334,5,1.0002856254577637,0.9997146129608154,1.166159309467222,1.0,141.12112426757812,1.0,1.2031928300857544,1.0,1.2031928300857544,1.0,6.052880507922964e-08,1.0,0.9997146129608154,1.0002856254577637,5.422598838806152,2.0811409950256348,1.0,2.0811409950256348
GCN,125,2264,4,1,1,-0.20153182744979858,4.197406768798828,4.398938596248627,0.9486831426620483,0.07057054340839386,0.0,0.8573882579803467,0.0,0.10837438423645321,0,0.0,0.0034891835310537334,5,1.0037566423416138,0.996257483959198,0.8200823869837026,1.0,99.74270629882812,1.0,0.8503942489624023,1.0,0.8503942489624023,1.0,6.006850128414953e-08,1.0000001192092896,0.996257483959198,1.0037566423416138,4.111889362335205,1.4715889692306519,0.9999999403953552,1.4715890884399414
GCN,125,2274,0,1,3,-0.8314324617385864,2.4538164138793945,3.285248875617981,0.8017836213111877,0.03593374043703079,0.0,1.0144754648208618,0.0,0.10837438423645321,0,0.0,0.0034891835310537334,5,1.0009753704071045,0.9990255832672119,0.9723540606496855,1.0,118.04334259033203,1.0,1.0064208507537842,1.0,1.0064208507537842,1.0,0.0,1.0000001192092896,0.9990255832672119,1.0009753704071045,4.182789325714111,1.741207480430603,1.0,1.741207480430603
GCN,125,2279,2,1,3,-4.858157634735107,2.472139835357666,7.330297470092773,0.8017836213111877,0.0312647819519043,-0.031888384371995926,1.0144754648208618,0.04558587074279785,0.12182644941265632,0,0.0,0.0034891835310537334,5,0.9995129108428955,0.9992610812187195,0.9723540606496855,1.0,118.04334259033203,1.0,1.0064208507537842,1.0,1.0064208507537842,1.0,1.4901161193847656e-08,1.0000001192092896,0.9992610812187195,0.9995129108428955,4.9698944091796875,1.741207480430603,1.0,1.741207480430603
GCN,125,2288,5,1,3,-1.9261282682418823,3.017914295196533,4.9440425634384155,0.8017836213111877,0.040046680718660355,0.0,1.0144754648208618,0.0,0.10837438423645321,0,0.0,0.0034891835310537334,5,1.0012112855911255,0.9987902641296387,0.9723540606496855,1.0,118.04334259033203,1.0,1.0064208507537842,1.0,1.0064208507537842,1.0,0.0,1.0000001192092896,0.9987902641296387,1.0012112855911255,4.536871910095215,1.741207480430603,1.0,1.741207480430603
GCN,125,2293,0,1,3,-0.45171236991882324,2.540846824645996,2.9925591945648193,0.8017836213111877,0.03955579921603203,0.0,1.0144754648208618,0.0,0.10837438423645321,0,0.0,0.0034891835310537334,5,1.001181721687317,0.9988197088241577,0.9723540606496855,1.0,118.04334259033203,1.0,1.0064208507537842,1.0,1.0064208507537842,1.0,0.0,1.0000001192092896,0.9988197088241577,1.001181721687317,4.3040547370910645,1.741207480430603,1.0,1.741207480430603
GCN,125,2297,4,1,3,-2.9116642475128174,4.186676025390625,7.098340272903442,0.8017836213111877,0.05695796385407448,0.0,1.0144754648208618,0.0,0.10837438423645321,0,0.0,0.0034891835310537334,5,1.0024487972259521,0.9975572228431702,0.9723540606496855,1.0,118.04334259033203,1.0,1.0064208507537842,1.0,1.0064208507537842,1.0,0.0,1.0000001192092896,0.9975572228431702,1.0024487972259521,4.9698944091796875,1.741207480430603,1.0,1.741207480430603
GCN,125,2299,4,1,2,-2.3147192001342773,3.557559013366699,5.872278213500977,0.8660253286361694,0.04767318069934845,0.0,0.9392216801643372,0.0,0.10837438423645321,0,0.0,0.0034891835310537334,5,1.0017160177230835,0.9982868432998657,0.8992005135073163,1.0,109.27578735351562,1.0,0.9316691160202026,1.0,0.9316691160202026,1.0,6.705522537231445e-08,1.0,0.9982868432998657,1.0017160177230835,4.093972206115723,1.6120448112487793,1.0,1.6120448112487793
GCN,125,2302,3,1,2,-2.184492588043213,3.810930013656616,5.995422601699829,0.8660253286361694,0.03836897388100624,0.0,0.9392216801643372,0.0,0.10837438423645321,0,0.0,0.0034891835310537334,5,1.0011118650436401,0.9988893270492554,0.8992005135073163,1.0,109.27578735351562,1.0,0.9316691160202026,1.0,0.9316691160202026,1.0,6.705522537231445e-08,1.0,0.9988893270492554,1.0011118650436401,4.5043487548828125,1.6120448112487793,1.0,1.6120448112487793
GCN,125,2310,3,1,2,-0.5999706983566284,2.509554624557495,3.1095253229141235,0.8660253286361694,0.05637802183628082,-0.04707808792591095,0.9392216801643372,0.0,0.10837438423645321,0,0.0,0.0034891835310537334,5,0.9991385340690613,0.997596263885498,0.8992005135073163,1.0,109.27578735351562,1.0,0.9316691160202026,1.0,0.9316691160202026,1.0,6.705522537231445e-08,1.0,0.997596263885498,0.9991385340690613,3.9847800731658936,1.6120448112487793,1.0,1.6120448112487793
GCN,125,2316,3,1,1,-2.7390875816345215,2.3438942432403564,5.082981824874878,0.9486831426620483,0.08433899283409119,0.0,0.8573882579803467,0.0,0.10837438423645321,0,0.0,0.0034891835310537334,5,1.0053613185882568,0.9946672916412354,0.8200823869837026,1.0,99.74270629882812,1.0,0.8503942489624023,1.0,0.8503942489624023,1.0,6.006850128414953e-08,1.0000001192092896,0.9946672916412354,1.0053613185882568,3.8343565464019775,1.4715889692306519,1.0,1.4715889692306519
GCN,125,2318,1,1,2,-1.1102359294891357,3.951340436935425,5.0615763664245605,0.8660253286361694,0.04087688401341438,0.0,0.9392216801643372,0.0,0.10837438423645321,0,0.0,0.0034891835310537334,5,1.0012619495391846,0.9987396597862244,0.8992005135073163,1.0,109.27578735351562,1.0,0.9316691160202026,1.0,0.9316691160202026,1.0,6.705522537231445e-08,1.0,0.9987396597862244,1.0012619495391846,4.696108341217041,1.6120448112487793,1.0,1.6120448112487793
GCN,125,2320,3,1,2,-0.7600945234298706,3.921335220336914,4.681429743766785,0.8660253286361694,0.0470731146633625,0.0,0.9392216801643372,0.0,0.10837438423645321,0,0.0,0.0034891835310537334,5,1.0016732215881348,0.9983295798301697,0.8992005135073163,1.0,109.27578735351562,1.0,0.9316691160202026,1.0,0.9316691160202026,1.0,6.705522537231445e-08,1.0,0.9983295798301697,1.0016732215881348,3.9847800731658936,1.6120448112487793,1.0,1.6120448112487793
GCN,125,2321,0,1,2,1.446059226989746,4.483043670654297,3.036984443664551,0.8660253286361694,0.04849979281425476,-0.031535934656858444,0.9392216801643372,0.0,0.10837438423645321,0,0.0,0.0034891835310537334,5,0.9998972415924072,0.9982221722602844,0.8992005135073163,1.0,109.27578735351562,1.0,0.9316691160202026,1.0,0.9316691160202026,1.0,6.705522537231445e-08,1.0,0.9982221722602844,0.9998972415924072,4.093972206115723,1.6120448112487793,1.0,1.6120448112487793
GCN,125,2330,0,1,3,0.8212858438491821,4.836320400238037,4.015034556388855,0.8017836213111877,0.034849561750888824,-0.019273076206445694,1.0144754648208618,0.03006415255367756,0.10837438423645321,0,0.0,0.0034891835310537334,5,1.0000921487808228,0.9990822672843933,0.9723540606496855,1.0,118.04334259033203,1.0,1.0064208507537842,1.0,1.0064208507537842,1.0,1.4901161193847656e-08,1.0000001192092896,0.9990823268890381,1.0000921487808228,4.865253448486328,1.741207480430603,1.0,1.741207480430603
GCN,125,2331,1,1,2,-1.9953827857971191,3.0953965187072754,5.0907793045043945,0.8660253286361694,0.055538635700941086,0.0,0.9392216801643372,0.0,0.10837438423645321,0,0.0,0.0034891835310537334,5,1.0023283958435059,0.9976770877838135,0.8992005135073163,1.0,109.27578735351562,1.0,0.9316691160202026,1.0,0.9316691160202026,1.0,6.705522537231445e-08,1.0,0.9976770877838135,1.0023283958435059,3.8725101947784424,1.6120448112487793,1.0,1.6120448112487793
GCN,125,2337,4,1,1,-3.469001531600952,4.317083358764648,7.786084890365601,0.9486831426620483,0.08601745963096619,-0.011461373418569565,0.8573882579803467,0.015413930639624596,0.10837438423645321,0,0.0,0.0034891835310537334,5,1.004370093345642,0.9944421648979187,0.8200823869837026,1.0,99.74270629882812,1.0,0.8503942489624023,1.0,0.8503942489624023,1.0,6.006850128414953e-08,1.0000001192092896,0.9944421648979187,1.004370093345642,4.021507263183594,1.4715889692306519,1.0,1.4715889692306519
GCN,125,2341,4,1,1,-3.3540279865264893,2.5628280639648438,5.916856050491333,0.9486831426620483,0.14220845699310303,0.0,0.8573882579803467,0.0,0.10837438423645321,0,0.0,0.0034891835310537334,5,1.0151684284210205,0.9850581884384155,0.8200823869837026,1.0,99.74270629882812,1.0,0.8503942489624023,1.0,0.8503942489624023,1.0,6.006850128414953e-08,1.0000001192092896,0.9850581884384155,1.0151684284210205,3.535102367401123,1.4715889692306519,1.0,1.4715889692306519
GCN,125,2342,0,1,1,1.391074776649475,4.151576042175293,2.760501265525818,0.9486831426620483,0.07826709002256393,-0.03522820770740509,0.8573882579803467,0.0,0.10837438423645321,0,0.0,0.0034891835310537334,5,1.0012388229370117,0.9953770637512207,0.8200823869837026,1.0,99.74270629882812,1.0,0.8503942489624023,1.0,0.8503942489624023,1.0,6.188916756855178e-08,1.0000001192092896,0.9953770637512207,1.0012388229370117,3.6375904083251953,1.4715889692306519,1.0,1.4715889692306519
GCN,125,2346,3,1,3,-2.8590211868286133,3.26576566696167,6.124786853790283,0.8017836213111877,0.03505385294556618,0.0,1.0144754648208618,0.0,0.10837438423645321,0,0.0,0.0034891835310537334,5,1.000928282737732,0.9990726709365845,0.9723540606496855,1.0,118.04334259033203,1.0,1.0064208507537842,1.0,1.0064208507537842,1.0,3.2261959770352178e-09,1.0000001192092896,0.9990726709365845,1.000928282737732,4.865253448486328,1.741207480430603,1.0,1.741207480430603
GCN,125,2347,0,1,3,0.723900556564331,4.948957920074463,4.225057363510132,0.8017836213111877,0.033701181411743164,0.0,1.0144754648208618,0.0,0.10837438423645321,0,0.0,0.0034891835310537334,5,1.0008580684661865,0.9991427659988403,0.9723540606496855,1.0,118.04334259033203,1.0,1.0064208507537842,1.0,1.0064208507537842,1.0,0.0,1.0000001192092896,0.9991427659988403,1.0008580684661865,5.271368980407715,1.741207480430603,1.0,1.741207480430603
GCN,125,2353,4,1,3,-2.503330707550049,2.948270797729492,5.451601505279541,0.8017836213111877,0.03555407375097275,-0.03334144130349159,1.0144754648208618,0.0,0.10837438423645321,0,0.0,0.0034891835310537334,5,0.9994978904724121,0.9990442991256714,0.9723540606496855,1.0,118.04334259033203,1.0,1.0064208507537842,1.0,1.0064208507537842,1.0,0.0,1.0000001192092896,0.9990442991256714,0.9994978904724121,4.536871910095215,1.741207480430603,1.0,1.741207480430603
GCN,125,2359,2,0,11,-7.296714782714844,-2.3207242488861084,4.975990533828735,0.5477225184440613,0.024233289062976837,-0.004985189530998468,1.4850399494171143,0.0,0.10837438423645321,0,0.0,0.0034891835310537334,5,1.0002951622009277,0.9995564222335815,1.4347207111959182,1.0,172.87930297851562,1.0,1.4739949703216553,1.0,1.4739949703216553,1.0,6.202915869835124e-08,1.0000001192092896,0.9995564222335815,1.0002951622009277,2.9700798988342285,2.5488665103912354,1.0,2.5488665103912354
GCN,125,2365,2,0,7,-6.7848429679870605,-0.8078415989875793,5.977001368999481,0.6396021246910095,0.03492196649312973,-0.024664677679538727,1.2717121839523315,0.0,0.10837438423645321,0,0.0,0.0034891835310537334,5,0.9998627305030823,0.9990782141685486,1.2243356596549602,1.0,148.01780700683594,1.0,1.2619996070861816,1.0,1.2619996070861816,1.0,1.4901161193847656e-08,1.0000001192092896,0.9990782141685486,0.9998627305030823,2.543424367904663,2.1827187538146973,1.0,2.1827187538146973
GCN,125,2368,3,1,2,-0.4323770999908447,3.3798985481262207,3.8122756481170654,0.8660253286361694,0.05734952166676521,0.0,0.9392216801643372,0.0,0.10837438423645321,0,0.0,0.0034891835310537334,5,1.0024824142456055,0.9975237846374512,0.8992005135073163,1.0,109.27578735351562,1.0,0.9316691160202026,1.0,0.9316691160202026,1.0,6.705522537231445e-08,1.0,0.9975237846374512,1.0024824142456055,4.200326919555664,1.6120448112487793,1.0,1.6120448112487793
GCN,125,2383,4,1,10,-4.1289448738098145,2.5559849739074707,6.684929847717285,0.5669466257095337,0.02022654190659523,-0.019092503935098648,1.4346848726272583,0.0,0.10837438423645321,0,0.0,0.0034891835310537334,5,0.9998344779014587,0.99969083070755,1.384979188535478,1.0,167.0106658935547,1.0,1.4239519834518433,1.0,1.4239519834518433,1.0,3.4142850324769825e-08,1.0000001192092896,0.99969083070755,0.9998344779014587,6.880506992340088,2.4624390602111816,1.0,2.4624390602111816
GCN,125,2384,0,1,1,1.0688060522079468,4.251918792724609,3.1831127405166626,0.9486831426620483,0.0686800554394722,-0.01768859103322029,0.8573882579803467,0.0,0.10837438423645321,0,0.0,0.0034891835310537334,5,1.0020689964294434,0.9964447021484375,0.8200823869837026,1.0,99.74270629882812,1.0,0.8503942489624023,1.0,0.8503942489624023,1.0,6.006850128414953e-08,1.0000001192092896,0.9964447021484375,1.0020689964294434,4.021507263183594,1.4715889692306519,1.0,1.4715889692306519
GCN,125,2389,2,1,2,-3.5079898834228516,2.0016260147094727,5.509615898132324,0.8660253286361694,0.04658159986138344,-0.032242391258478165,0.9392216801643372,0.036045655608177185,0.10837438423645321,0,0.0,0.0034891835310537334,5,0.999793291091919,0.9983599185943604,0.8992005135073163,1.0,109.27578735351562,1.0,0.9316691160202026,1.0,0.9316691160202026,1.0,6.705522537231445e-08,1.0,0.9983599185943604,0.999793291091919,3.7568867206573486,1.6120448112487793,1.0,1.6120448112487793
GCN,125,2392,2,1,3,-3.632511615753174,1.7887251377105713,5.421236753463745,0.8017836213111877,0.03611104562878609,-0.025164436548948288,1.0144754648208618,0.03496941924095154,0.10837438423645321,0,0.0,0.0034891835310537334,5,0.9998683929443359,0.9990143775939941,0.9723540606496855,1.0,118.04334259033203,1.0,1.0064208507537842,1.0,1.0064208507537842,1.0,0.0,1.0000001192092896,0.9990143775939941,0.9998683929443359,4.182789325714111,1.741207480430603,1.0,1.741207480430603
GCN,125,2411,3,1,1,-2.258244514465332,3.5748987197875977,5.83314323425293,0.9486831426620483,0.0862840935587883,0.0,0.8573882579803467,0.0,0.10837438423645321,0,0.0,0.0034891835310537334,5,1.0056105852127075,0.9944206476211548,0.8200823869837026,1.0,99.74270629882812,1.0,0.8503942489624023,1.0,0.8503942489624023,1.0,6.006850128414953e-08,1.0000001192092896,0.9944206476211548,1.0056105852127075,3.929046630859375,1.4715889692306519,1.0,1.4715889692306519
GCN,125,2425,3,1,5,0.6083431839942932,3.8994739055633545,3.2911307215690613,0.7071066498756409,0.03545233607292175,0.0,1.150307059288025,0.0,0.10837438423645321,0,0.0,0.0034891835310537334,5,1.000949501991272,0.9990514516830444,1.1051090585391374,1.0,133.870361328125,1.0,1.1413679122924805,1.0,1.1413679122924805,1.0,1.4901161193847656e-08,1.0000001192092896,0.9990514516830444,1.000949501991272,5.014071941375732,1.9743437767028809,1.0,1.9743437767028809
GCN,125,2427,3,1,3,-0.8662111163139343,4.481805801391602,5.348016917705536,0.8017836213111877,0.05776606872677803,-0.023897895589470863,1.0144754648208618,0.015413930639624596,0.10837438423645321,0,0.0,0.0034891835310537334,5,1.0008243322372437,0.9974806308746338,0.9723540606496855,1.0,118.04334259033203,1.0,1.0064208507537842,1.0,1.0064208507537842,1.0,3.725290298461914e-09,1.0000001192092896,0.9974806308746338,1.0008243322372437,4.758311748504639,1.741207480430603,1.0,1.741207480430603
GCN,125,2428,5,1,1,-0.8852142095565796,4.079550743103027,4.964764952659607,0.9486831426620483,0.15541410446166992,-0.0027477454859763384,0.8573882579803467,0.0,0.10837438423645321,0,0.0,0.0034891835310537334,5,1.0175743103027344,0.9822132587432861,0.8200823869837026,1.0,99.74270629882812,1.0,0.8503942489624023,1.0,0.8503942489624023,1.0,6.018390763529169e-08,1.0000001192092896,0.9822132587432861,1.0175743103027344,1.7147765159606934,1.4715889692306519,1.0,1.4715889692306519
GCN,125,2431,4,1,1,-3.0687949657440186,4.946701526641846,8.015496492385864,0.9486831426620483,0.11249000579118729,0.0,0.8573882579803467,0.0,0.10837438423645321,0,0.0,0.0034891835310537334,5,1.009517788887024,0.990571916103363,0.8200823869837026,1.0,99.74270629882812,1.0,0.8503942489624023,1.0,0.8503942489624023,1.0,6.006850128414953e-08,1.0000001192092896,0.990571916103363,1.009517788887024,2.843635082244873,1.4715889692306519,1.0,1.4715889692306519
GCN,125,2433,2,1,1,0.18044233322143555,4.038020610809326,3.8575782775878906,0.9486831426620483,0.08693026006221771,0.0,0.8573882579803467,0.0,0.10837438423645321,0,0.0,0.0034891835310537334,5,1.0056946277618408,0.9943375587463379,0.8200823869837026,1.0,99.74270629882812,1.0,0.8503942489624023,1.0,0.8503942489624023,1.0,6.006850128414953e-08,1.0000001192092896,0.9943375587463379,1.0056946277618408,3.6375904083251953,1.4715889692306519,1.0,1.4715889692306519
GCN,125,2435,4,1,2,-2.362421989440918,3.0295355319976807,5.391957521438599,0.8660253286361694,0.047886960208415985,0.0,0.9392216801643372,0.0,0.10837438423645321,0,0.0,0.0034891835310537334,5,1.001731514930725,0.9982714653015137,0.8992005135073163,1.0,109.27578735351562,1.0,0.9316691160202026,1.0,0.9316691160202026,1.0,6.705522537231445e-08,1.0,0.9982714653015137,1.001731514930725,4.405340194702148,1.6120448112487793,1.0,1.6120448112487793
GCN,125,2438,3,1,2,-2.8837599754333496,3.7606520652770996,6.644412040710449,0.8660253286361694,0.06340334564447403,-0.007416311651468277,0.9392216801643372,0.0,0.10837438423645321,0,0.0,0.0034891835310537334,5,1.002456784248352,0.9969724416732788,0.8992005135073163,1.0,109.27578735351562,1.0,0.9316691160202026,1.0,0.9316691160202026,1.0,6.736495095083228e-08,1.0,0.9969724416732788,1.002456784248352,3.7568867206573486,1.6120448112487793,1.0,1.6120448112487793
GCN,125,2445,2,1,4,-4.277957916259766,2.719585657119751,6.997543573379517,0.7499998807907104,0.026136135682463646,0.0,1.084519863128662,0.0,0.10837438423645321,0,0.0,0.0034891835310537334,5,1.0005161762237549,0.999484121799469,1.0407128672118384,1.0,126.20463562011719,1.0,1.076006293296814,1.0,1.076006293296814,1.0,7.450580596923828e-09,1.0000001192092896,0.999484121799469,1.0005161762237549,5.201174736022949,1.861429214477539,1.0,1.861429214477539
GCN,125,2446,2,1,8,-6.103014945983887,1.178895115852356,7.281910061836243,0.6123723983764648,0.021225398406386375,-0.04565094783902168,1.328260064125061,0.1744127720594406,0.5939749905267147,1,0.0,0.0034891835310537334,5,0.9991488456726074,0.9996596574783325,1.280008691668803,1.0,154.60775756835938,1.0,1.3181915283203125,1.0,1.3181915283203125,1.0,1.825012141409843e-08,1.0000001192092896,0.9996596574783325,0.9991488456726074,6.641300201416016,2.279775619506836,1.0,2.279775619506836
GCN,125,2448,2,1,5,-5.507541656494141,1.934136986732483,7.4416786432266235,0.7071066498756409,0.027096306905150414,-0.032147377729415894,1.150307059288025,0.0,0.10837438423645321,0,0.0,0.0034891835310537334,5,0.9994838237762451,0.9994449615478516,1.1051090585391374,1.0,133.870361328125,1.0,1.1413679122924805,1.0,1.1413679122924805,1.0,1.4901161193847656e-08,1.0000001192092896,0.9994449615478516,0.9994838237762451,5.516678810119629,1.9743437767028809,1.0,1.9743437767028809
GCN,125,2456,5,1,2,-1.5407756567001343,3.226572036743164,4.767347693443298,0.8660253286361694,0.046375006437301636,-0.0944882333278656,0.9392216801643372,0.014757716096937656,0.10837438423645321,0,0.0,0.0034891835310537334,5,0.9962309002876282,0.9983757734298706,0.8992005135073163,1.0,109.27578735351562,1.0,0.9316691160202026,1.0,0.9316691160202026,1.0,8.470428980444922e-08,1.0,0.9983757734298706,0.9962309002876282,4.601227760314941,1.6120448112487793,1.0,1.6120448112487793
GCN,125,2459,3,1,2,-5.998003959655762,0.1912238597869873,6.189227819442749,0.8660253286361694,0.08521057665348053,0.0,0.9392216801643372,0.0,0.10837438423645321,0,0.0,0.0034891835310537334,5,1.0054723024368286,0.9945574998855591,0.8992005135073163,1.0,109.27578735351562,1.0,0.9316691160202026,1.0,0.9316691160202026,1.0,6.705522537231445e-08,1.0,0.9945574998855591,1.0054723024368286,2.656520128250122,1.6120448112487793,1.0,1.6120448112487793
GCN,125,2461,6,1,1,-3.3324480056762695,0.4971921443939209,3.8296401500701904,0.9486831426620483,0.08985865861177444,0.0,0.8573882579803467,0.0,0.10837438423645321,0,0.0,0.0034891835310537334,5,1.0060837268829346,0.9939530491828918,0.8200823869837026,1.0,99.74270629882812,1.0,0.8503942489624023,1.0,0.8503942489624023,1.0,6.006850128414953e-08,1.0000001192092896,0.9939530491828918,1.0060837268829346,3.929046630859375,1.4715889692306519,1.0,1.4715889692306519
GCN,125,2467,6,1,2,-0.933596134185791,2.892132043838501,3.825728178024292,0.8660253286361694,0.05142149329185486,-0.00976377073675394,0.9392216801643372,0.014757716096937656,0.10837438423645321,0,0.0,0.0034891835310537334,5,1.0013800859451294,0.9980053901672363,0.8992005135073163,1.0,109.27578735351562,1.0,0.9316691160202026,1.0,0.9316691160202026,1.0,6.715862355122226e-08,1.0,0.9980053901672363,1.0013800859451294,4.601227760314941,1.6120448112487793,1.0,1.6120448112487793
GCN,125,2474,4,1,2,-4.7207441329956055,3.1898624897003174,7.910606622695923,0.8660253286361694,0.07218801975250244,0.0,0.9392216801643372,0.0,0.10837438423645321,0,0.0,0.0034891835310537334,5,1.0039304494857788,0.9960849285125732,0.8992005135073163,1.0,109.27578735351562,1.0,0.9316691160202026,1.0,0.9316691160202026,1.0,6.705522537231445e-08,1.0,0.9960849285125732,1.0039304494857788,2.656520128250122,1.6120448112487793,1.0,1.6120448112487793
GCN,125,2479,6,1,1,-2.991882801055908,1.214522361755371,4.206405162811279,0.9486831426620483,0.09083700180053711,0.0,0.8573882579803467,0.0,0.10837438423645321,0,0.0,0.0034891835310537334,5,1.0062165260314941,0.993821918964386,0.8200823869837026,1.0,99.74270629882812,1.0,0.8503942489624023,1.0,0.8503942489624023,1.0,6.006850128414953e-08,1.0000001192092896,0.993821918964386,1.0062165260314941,3.535102367401123,1.4715889692306519,1.0,1.4715889692306519
GCN,125,2483,4,1,2,-3.0871832370758057,4.425899028778076,7.513082265853882,0.8660253286361694,0.10451503098011017,0.0,0.9392216801643372,0.0,0.10837438423645321,0,0.0,0.0034891835310537334,5,1.0082213878631592,0.9918456673622131,0.8992005135073163,1.0,109.27578735351562,1.0,0.9316691160202026,1.0,0.9316691160202026,1.0,6.705522537231445e-08,1.0,0.9918456673622131,1.0082213878631592,2.100163459777832,1.6120448112487793,1.0,1.6120448112487793
GCN,125,2489,3,1,1,-3.792492151260376,3.950301170349121,7.742793321609497,0.9486831426620483,0.11761264503002167,0.0,0.8573882579803467,0.0,0.10837438423645321,0,0.0,0.0034891835310537334,5,1.0103998184204102,0.9897072315216064,0.8200823869837026,1.0,99.74270629882812,1.0,0.8503942489624023,1.0,0.8503942489624023,1.0,6.006850128414953e-08,1.0000001192092896,0.9897072315216064,1.0103998184204102,2.843635082244873,1.4715889692306519,1.0,1.4715889692306519
GCN,125,2490,4,1,2,-2.3173890113830566,4.679327011108398,6.996716022491455,0.8660253286361694,0.045974187552928925,0.0,0.9392216801643372,0.0,0.10837438423645321,0,0.0,0.0034891835310537334,5,1.0015959739685059,0.9984065294265747,0.8992005135073163,1.0,109.27578735351562,1.0,0.9316691160202026,1.0,0.9316691160202026,1.0,6.705522537231445e-08,1.0,0.9984065294265747,1.0015959739685059,4.5043487548828125,1.6120448112487793,1.0,1.6120448112487793
GCN,125,2496,4,1,1,-1.1219160556793213,3.1103081703186035,4.232224225997925,0.9486831426620483,0.0761379599571228,-0.004380411002784967,0.8573882579803467,0.0,0.10837438423645321,0,0.0,0.0034891835310537334,5,1.0039631128311157,0.9956440925598145,0.8200823869837026,1.0,99.74270629882812,1.0,0.8503942489624023,1.0,0.8503942489624023,1.0,6.018390763529169e-08,1.0000001192092896,0.9956440925598145,1.0039631128311157,3.6375904083251953,1.4715889692306519,1.0,1.4715889692306519
GCN,125,2505,1,1,1,-3.0672614574432373,2.6805405616760254,5.747802019119263,0.9486831426620483,0.0778270959854126,0.0,0.8573882579803467,0.0,0.10837438423645321,0,0.0,0.0034891835310537334,5,1.00456702709198,0.9954537153244019,0.8200823869837026,1.0,99.74270629882812,1.0,0.8503942489624023,1.0,0.8503942489624023,1.0,6.006850128414953e-08,1.0000001192092896,0.9954537153244019,1.00456702709198,3.929046630859375,1.4715889692306519,1.0,1.4715889692306519
GCN,125,2508,3,1,3,-4.298185348510742,1.8472723960876465,6.145457744598389,0.8017836213111877,0.05790316313505173,0.0,1.0144754648208618,0.0,0.10837438423645321,0,0.0,0.0034891835310537334,5,1.0025306940078735,0.9974757432937622,0.9723540606496855,1.0,118.04334259033203,1.0,1.0064208507537842,1.0,1.0064208507537842,1.0,0.0,1.0000001192092896,0.9974757432937622,1.0025306940078735,2.8693699836730957,1.741207480430603,1.0,1.741207480430603
GCN,125,2509,3,1,5,-6.260952949523926,0.35212016105651855,6.613073110580444,0.7071066498756409,0.02911454252898693,0.0,1.150307059288025,0.0,0.10837438423645321,0,0.0,0.0034891835310537334,5,1.0006403923034668,0.9993600845336914,1.1051090585391374,1.0,133.870361328125,1.0,1.1413679122924805,1.0,1.1413679122924805,1.0,1.4901161193847656e-08,1.0000001192092896,0.9993600845336914,1.0006403923034668,5.516678810119629,1.9743437767028809,1.0,1.9743437767028809
GCN,125,2514,2,1,2,-3.4099435806274414,3.3457863330841064,6.755729913711548,0.8660253286361694,0.05017181858420372,-0.010347006842494011,0.9392216801643372,0.0,0.10837438423645321,0,0.0,0.0034891835310537334,5,1.0012632608413696,0.9981008768081665,0.8992005135073163,1.0,109.27578735351562,1.0,0.9316691160202026,1.0,0.9316691160202026,1.0,6.705522537231445e-08,1.0,0.9981008768081665,1.0012632608413696,3.9847800731658936,1.6120448112487793,1.0,1.6120448112487793
GCN,125,2523,2,1,2,-2.96016788482666,2.6704318523406982,5.630599737167358,0.8660253286361694,0.05218149349093437,0.0,0.9392216801643372,0.0,0.10837438423645321,0,0.0,0.0034891835310537334,5,1.0020556449890137,0.9979485273361206,0.8992005135073163,1.0,109.27578735351562,1.0,0.9316691160202026,1.0,0.9316691160202026,1.0,6.705522537231445e-08,1.0,0.9979485273361206,1.0020556449890137,4.304054260253906,1.6120448112487793,1.0,1.6120448112487793
GCN,125,2533,0,1,1,-2.707548141479492,4.0177998542785645,6.725347995758057,0.9486831426620483,0.0822051614522934,-0.035954929888248444,0.8573882579803467,0.033984165638685226,0.10837438423645321,0,0.0,0.0034891835310537334,5,1.0014721155166626,0.9949015974998474,0.8200823869837026,1.0,99.74270629882812,1.0,0.8503942489624023,1.0,0.8503942489624023,1.0,5.972094641037984e-08,1.0000001192092896,0.9949016571044922,1.0014721155166626,3.6375904083251953,1.4715889692306519,1.0,1.4715889692306519
GCN,125,2540,3,0,1,-7.918674468994141,-1.1555917263031006,6.76308274269104,0.9486831426620483,0.13973881304264069,0.0,0.8573882579803467,0.0,0.10837438423645321,0,0.0,0.0034891835310537334,5,1.0146498680114746,0.9855615496635437,0.8200823869837026,1.0,99.74270629882812,1.0,0.8503942489624023,1.0,0.8503942489624023,1.0,6.006850128414953e-08,1.0000001192092896,0.9855615496635437,1.0146498680114746,2.2684361934661865,1.4715889692306519,1.0,1.4715889692306519
GCN,125,2543,3,1,3,-5.17106819152832,2.4660863876342773,7.637154579162598,0.8017836213111877,0.03918425366282463,0.0,1.0144754648208618,0.0,0.10837438423645321,0,0.0,0.0034891835310537334,5,1.0011597871780396,0.9988416433334351,0.9723540606496855,1.0,118.04334259033203,1.0,1.0064208507537842,1.0,1.0064208507537842,1.0,0.0,1.0000001192092896,0.9988416433334351,1.0011597871780396,4.9698944091796875,1.741207480430603,1.0,1.741207480430603
GCN,125,2549,4,1,1,-3.286656618118286,3.285310745239258,6.571967363357544,0.9486831426620483,0.07610095292329788,0.0,0.8573882579803467,0.0,0.10837438423645321,0,0.0,0.0034891835310537334,5,1.0043671131134033,0.9956518411636353,0.8200823869837026,1.0,99.74270629882812,1.0,0.8503942489624023,1.0,0.8503942489624023,1.0,6.006850128414953e-08,1.0000001192092896,0.9956518411636353,1.0043671131134033,3.929046630859375,1.4715889692306519,1.0,1.4715889692306519
GCN,125,2552,3,1,1,-3.243081569671631,3.7087979316711426,6.951879501342773,0.9486831426620483,0.15586954355239868,-0.02473404072225094,0.8573882579803467,0.0,0.10837438423645321,0,0.0,0.0034891835310537334,5,1.0135295391082764,0.9819745421409607,0.8200823869837026,1.0,99.74270629882812,1.0,0.8503942489624023,1.0,0.8503942489624023,1.0,6.006850128414953e-08,1.0000001192092896,0.9819745421409607,1.0135295391082764,1.7147765159606934,1.4715889692306519,1.0,1.4715889692306519
GCN,125,2557,2,1,1,-4.231273651123047,3.033900737762451,7.265174388885498,0.9486831426620483,0.08323174715042114,0.0,0.8573882579803467,0.0,0.10837438423645321,0,0.0,0.0034891835310537334,5,1.0052218437194824,0.9948053359985352,0.8200823869837026,1.0,99.74270629882812,1.0,0.8503942489624023,1.0,0.8503942489624023,1.0,6.006850128414953e-08,1.0000001192092896,0.9948053359985352,1.0052218437194824,3.4295530319213867,1.4715889692306519,1.0,1.4715889692306519
GCN,125,2561,2,1,1,-1.505622148513794,4.373688220977783,5.879310369491577,0.9486831426620483,0.15477439761161804,-0.0024280098732560873,0.8573882579803467,0.0,0.10837438423645321,0,0.0,0.0034891835310537334,5,1.0174888372421265,0.9823577404022217,0.8200823869837026,1.0,99.74270629882812,1.0,0.8503942489624023,1.0,0.8503942489624023,1.0,6.006850128414953e-08,1.0000001192092896,0.9823577404022217,1.0174888372421265,1.7147765159606934,1.4715889692306519,1.0,1.4715889692306519
GCN,125,2562,0,1,2,-0.49280035495758057,2.8366241455078125,3.329424500465393,0.8660253286361694,0.08063244819641113,0.0,0.9392216801643372,0.0,0.10837438423645321,0,0.0,0.0034891835310537334,5,1.00490140914917,0.9951224327087402,0.8992005135073163,1.0,109.27578735351562,1.0,0.9316691160202026,1.0,0.9316691160202026,1.0,6.705522537231445e-08,1.0,0.9951224327087402,1.00490140914917,3.9847800731658936,1.6120448112487793,1.0,1.6120448112487793
GCN,125,2566,3,1,2,-1.9437828063964844,4.087157249450684,6.030940055847168,0.8660253286361694,0.06715395301580429,0.0,0.9392216801643372,0.0,0.10837438423645321,0,0.0,0.0034891835310537334,5,1.0034022331237793,0.9966092109680176,0.8992005135073163,1.0,109.27578735351562,1.0,0.9316691160202026,1.0,0.9316691160202026,1.0,6.705522537231445e-08,1.0,0.9966092109680176,1.0034022331237793,4.304054260253906,1.6120448112487793,1.0,1.6120448112487793
GCN,125,2568,3,1,1,-5.536828517913818,2.1363415718078613,7.67317008972168,0.9486831426620483,0.07965358346700668,0.0,0.8573882579803467,0.0,0.10837438423645321,0,0.0,0.0034891835310537334,5,1.0047835111618042,0.9952393770217896,0.8200823869837026,1.0,99.74270629882812,1.0,0.8503942489624023,1.0,0.8503942489624023,1.0,6.006850128414953e-08,1.0000001192092896,0.9952393770217896,1.0047835111618042,3.637590169906616,1.4715889692306519,1.0,1.4715889692306519
GCN,125,2578,0,1,2,-1.7542526721954346,3.000444173812866,4.754696846008301,0.8660253286361694,0.049117445945739746,-0.1286570131778717,0.9392216801643372,0.18183790147304535,0.6095111784766957,1,0.0,0.0034891835310537334,5,0.9940363168716431,0.9981837868690491,0.8992005135073163,1.0,109.27578735351562,1.0,0.9316691160202026,1.0,0.9316691160202026,1.0,6.705522537231445e-08,1.0,0.9981837868690491,0.9940363168716431,4.5043487548828125,1.6120448112487793,1.0,1.6120448112487793
GCN,125,2582,3,1,3,-6.856715202331543,0.890670120716095,7.747385323047638,0.8017836213111877,0.044431619346141815,-0.08445987850427628,1.0144754648208618,0.09279724210500717,0.2624100037893141,0,0.0,0.0034891835310537334,5,0.9968734383583069,0.9985083341598511,0.9723540606496855,1.0,118.04334259033203,1.0,1.0064208507537842,1.0,1.0064208507537842,1.0,3.003425064207477e-08,1.0,0.9985083341598511,0.9968734383583069,4.421995639801025,1.741207480430603,1.0,1.741207480430603
GCN,125,2586,5,1,1,-2.3482232093811035,2.730586528778076,5.07880973815918,0.9486831426620483,0.12263746559619904,0.0,0.8573882579803467,0.0,0.10837438423645321,0,0.0,0.0034891835310537334,5,1.0113023519515991,0.9888239502906799,0.8200823869837026,1.0,99.74270629882812,1.0,0.8503942489624023,1.0,0.8503942489624023,1.0,6.006850128414953e-08,1.0000001192092896,0.9888239502906799,1.0113023519515991,4.021507263183594,1.4715889692306519,1.0,1.4715889692306519
GCN,125,2592,5,1,2,-3.3889260292053223,2.322782516479492,5.7117085456848145,0.8660253286361694,0.05470056086778641,-0.04577379673719406,0.9392216801643372,0.03722779080271721,0.10837438423645321,0,0.0,0.0034891835310537334,5,0.9991825819015503,0.9977372884750366,0.8992005135073163,1.0,109.27578735351562,1.0,0.9316691160202026,1.0,0.9316691160202026,1.0,6.828570064953965e-08,1.0,0.9977372884750366,0.9991825819015503,3.637589454650879,1.6120448112487793,1.0000001192092896,1.6120445728302002
GCN,125,2598,1,1,1,-1.7212860584259033,3.7085769176483154,5.429862976074219,0.9486831426620483,0.08357597142457962,0.0,0.8573882579803467,0.0,0.10837438423645321,0,0.0,0.0034891835310537334,5,1.0052648782730103,0.994762659072876,0.8200823869837026,1.0,99.74270629882812,1.0,0.8503942489624023,1.0,0.8503942489624023,1.0,6.006850128414953e-08,1.0000001192092896,0.994762659072876,1.0052648782730103,3.4295530319213867,1.4715889692306519,1.0,1.4715889692306519
GCN,125,2599,3,1,3,-4.166092872619629,2.522310733795166,6.688403606414795,0.8017836213111877,0.04320725053548813,0.0,1.0144754648208618,0.0,0.10837438423645321,0,0.0,0.0034891835310537334,5,1.001409888267517,0.99859219789505,0.9723540606496855,1.0,118.04334259033203,1.0,1.0064208507537842,1.0,1.0064208507537842,1.0,3.725290298461914e-09,1.0000001192092896,0.99859219789505,1.001409888267517,4.421995639801025,1.741207480430603,1.0,1.741207480430603
GCN,125,2603,3,1,1,-2.3814713954925537,3.7600650787353516,6.141536474227905,0.9486831426620483,0.07365676015615463,-0.025326808914542198,0.8573882579803467,0.0,0.10837438423645321,0,0.0,0.0034891835310537334,5,1.0018049478530884,0.9959089756011963,0.8200823869837026,1.0,99.74270629882812,1.0,0.8503942489624023,1.0,0.8503942489624023,1.0,6.188916756855178e-08,1.0000001192092896,0.9959089756011963,1.0018049478530884,4.455120086669922,1.4715889692306519,1.0,1.4715889692306519
GCN,125,2604,6,1,3,-0.8659555912017822,1.8711131811141968,2.737068772315979,0.8017836213111877,0.043947141617536545,0.0,1.0144754648208618,0.0,0.10837438423645321,0,0.0,0.0034891835310537334,5,1.0014585256576538,0.9985436797142029,0.9723540606496855,1.0,118.04334259033203,1.0,1.0064208507537842,1.0,1.0064208507537842,1.0,3.725290298461914e-09,1.0000001192092896,0.9985436797142029,1.0014585256576538,5.0723772048950195,1.741207480430603,1.0,1.741207480430603
GCN,125,2614,2,1,5,-4.8863420486450195,1.5163953304290771,6.402737379074097,0.7071066498756409,0.04686826467514038,0.0,1.150307059288025,0.0,0.10837438423645321,0,0.0,0.0034891835310537334,5,1.0016587972640991,0.9983440637588501,1.1051090585391374,1.0,133.870361328125,1.0,1.1413679122924805,1.0,1.1413679122924805,1.0,1.4901161193847656e-08,1.0000001192092896,0.9983440637588501,1.0016587972640991,5.144329071044922,1.9743437767028809,1.0,1.9743437767028809
GCN,125,2618,2,1,1,-1.3409563302993774,5.0881667137146,6.429123044013977,0.9486831426620483,0.16227637231349945,0.0,0.8573882579803467,0.0,0.10837438423645321,0,0.0,0.0034891835310537334,5,1.019707202911377,0.9806736707687378,0.8200823869837026,1.0,99.74270629882812,1.0,0.8503942489624023,1.0,0.8503942489624023,1.0,6.006850128414953e-08,1.0000001192092896,0.9806736707687378,1.019707202911377,1.7147765159606934,1.4715889692306519,1.0,1.4715889692306519
GCN,125,2631,4,1,1,-3.9178407192230225,3.58210825920105,7.499948978424072,0.9486831426620483,0.10608096420764923,0.0,0.8573882579803467,0.0,0.10837438423645321,0,0.0,0.0034891835310537334,5,1.0084686279296875,0.9916025400161743,0.8200823869837026,1.0,99.74270629882812,1.0,0.8503942489624023,1.0,0.8503942489624023,1.0,6.006850128414953e-08,1.0000001192092896,0.9916025400161743,1.0084686279296875,3.2080531120300293,1.4715889692306519,1.0,1.4715889692306519
GCN,125,2641,2,1,2,-3.0934486389160156,1.961857557296753,5.0553061962127686,0.8660253286361694,0.05231768637895584,-0.015509824268519878,0.9392216801643372,0.0,0.10837438423645321,0,0.0,0.0034891835310537334,5,1.0010703802108765,0.9979342222213745,0.8992005135073163,1.0,109.27578735351562,1.0,0.9316691160202026,1.0,0.9316691160202026,1.0,6.705522537231445e-08,1.0,0.9979342222213745,1.0010703802108765,3.8725099563598633,1.6120448112487793,1.0,1.6120448112487793
GCN,125,2642,2,1,4,-5.204991340637207,3.309821844100952,8.51481318473816,0.7499998807907104,0.034271951764822006,0.0,1.084519863128662,0.0,0.10837438423645321,0,0.0,0.0034891835310537334,5,1.000887393951416,0.9991134405136108,1.0407128672118384,1.0,126.20463562011719,1.0,1.076006293296814,1.0,1.076006293296814,1.0,7.450580596923828e-09,1.0000001192092896,0.9991134405136108,1.000887393951416,4.6012282371521,1.861429214477539,1.0,1.861429214477539
GCN,125,2646,4,1,1,-3.782755136489868,3.8606719970703125,7.643427133560181,0.9486831426620483,0.0707089975476265,0.0,0.8573882579803467,0.0,0.10837438423645321,0,0.0,0.0034891835310537334,5,1.0037713050842285,0.9962428212165833,0.8200823869837026,1.0,99.74270629882812,1.0,0.8503942489624023,1.0,0.8503942489624023,1.0,6.006850128414953e-08,1.0000001192092896,0.9962428212165833,1.0037713050842285,4.111889362335205,1.4715889692306519,1.0,1.4715889692306519
GCN,125,2647,4,1,3,-3.5004172325134277,4.087723731994629,7.588140964508057,0.8017836213111877,0.0396854393184185,0.0,1.0144754648208618,0.0,0.10837438423645321,0,0.0,0.0034891835310537334,5,1.0011895895004272,0.9988119006156921,0.9723540606496855,1.0,118.04334259033203,1.0,1.0064208507537842,1.0,1.0064208507537842,1.0,0.0,1.0000001192092896,0.9988119006156921,1.0011895895004272,4.9698944091796875,1.741207480430603,1.0,1.741207480430603
GCN,125,2653,0,1,2,-0.29572558403015137,3.0757241249084473,3.3714497089385986,0.8660253286361694,0.05294527858495712,-0.05013042688369751,0.9392216801643372,0.0,0.10837438423645321,0,0.0,0.0034891835310537334,5,0.9988546967506409,0.9978797435760498,0.8992005135073163,1.0,109.27578735351562,1.0,0.9316691160202026,1.0,0.9316691160202026,1.0,3.0719530030864917e-08,1.0,0.9978797435760498,0.9988546967506409,3.9847800731658936,1.6120448112487793,1.0,1.6120448112487793
GCN,125,2658,2,1,1,-4.498591423034668,3.9321396350860596,8.430731058120728,0.9486831426620483,0.07463280111551285,0.0,0.8573882579803467,0.0,0.10837438423645321,0,0.0,0.0034891835310537334,5,1.0042006969451904,0.9958169460296631,0.8200823869837026,1.0,99.74270629882812,1.0,0.8503942489624023,1.0,0.8503942489624023,1.0,6.006850128414953e-08,1.0000001192092896,0.9958169460296631,1.0042006969451904,4.021507263183594,1.4715889692306519,1.0,1.4715889692306519
GCN,125,2668,3,1,5,-3.7769486904144287,2.347592353820801,6.1245410442352295,0.7071066498756409,0.02500685304403305,-0.020818522199988365,1.150307059288025,0.0,0.10837438423645321,0,0.0,0.0034891835310537334,5,0.9998325705528259,0.9995273947715759,1.1051090585391374,1.0,133.870361328125,1.0,1.1413679122924805,1.0,1.1413679122924805,1.0,1.5017125321037383e-08,1.0000001192092896,0.9995273947715759,0.9998325705528259,5.516678810119629,1.9743437767028809,1.0,1.9743437767028809
GCN,125,2669,3,1,1,-3.8015575408935547,3.343566417694092,7.1451239585876465,0.9486831426620483,0.08908270299434662,0.0,0.8573882579803467,0.0,0.10837438423645321,0,0.0,0.0034891835310537334,5,1.0059794187545776,0.9940560460090637,0.8200823869837026,1.0,99.74270629882812,1.0,0.8503942489624023,1.0,0.8503942489624023,1.0,6.006850128414953e-08,1.0000001192092896,0.9940560460090637,1.0059794187545776,3.7372686862945557,1.4715889692306519,1.0,1.4715889692306519
GCN,125,2681,4,1,5,-1.6192057132720947,5.29853630065918,6.917742013931274,0.7071066498756409,0.04261181131005287,-0.051680080592632294,1.150307059288025,0.18592466413974762,0.6218264494126563,1,0.0,0.0034891835310537334,5,0.9986639618873596,0.9986268281936646,1.1051090585391374,1.0,133.870361328125,1.0,1.1413679122924805,1.0,1.1413679122924805,1.0,1.580506747700383e-08,1.0000001192092896,0.9986268281936646,0.9986639618873596,5.395418167114258,1.9743437767028809,1.0,1.9743437767028809
GCN,125,2685,2,1,4,-6.364825248718262,1.6166110038757324,7.981436252593994,0.7499998807907104,0.05934588238596916,0.0,1.084519863128662,0.0,0.10837438423645321,0,0.0,0.0034891835310537334,5,1.0026581287384033,0.997348964214325,1.0407128672118384,1.0,126.20463562011719,1.0,1.076006293296814,1.0,1.076006293296814,1.0,7.450580596923828e-09,1.0000001192092896,0.997348964214325,1.0026581287384033,2.8693699836730957,1.861429214477539,1.0,1.861429214477539
GCN,125,2686,3,1,2,-5.7111616134643555,2.0075325965881348,7.71869421005249,0.8660253286361694,0.09780437499284744,0.0,0.9392216801643372,0.0,0.10837438423645321,0,0.0,0.0034891835310537334,5,1.0072031021118164,0.9928483366966248,0.8992005135073163,1.0,109.27578735351562,1.0,0.9316691160202026,1.0,0.9316691160202026,1.0,6.705522537231445e-08,1.0,0.9928483366966248,1.0072031021118164,1.8784433603286743,1.6120448112487793,1.0,1.6120448112487793
GCN,125,2689,2,1,2,-4.459646701812744,3.0876293182373047,7.547276020050049,0.8660253286361694,0.08940719068050385,0.0,0.9392216801643372,0.0,0.10837438423645321,0,0.0,0.0034891835310537334,5,1.0060229301452637,0.9940131902694702,0.8992005135073163,1.0,109.27578735351562,1.0,0.9316691160202026,1.0,0.9316691160202026,1.0,6.705522537231445e-08,1.0,0.9940131902694702,1.0060229301452637,2.100163459777832,1.6120448112487793,1.0,1.6120448112487793
GCN,125,2690,6,1,1,0.18038296699523926,3.408726692199707,3.2283437252044678,0.9486831426620483,0.15704141557216644,0.0,0.8573882579803467,0.0,0.10837438423645321,0,0.0,0.0034891835310537334,5,1.0184674263000488,0.9818674325942993,0.8200823869837026,1.0,99.74270629882812,1.0,0.8503942489624023,1.0,0.8503942489624023,1.0,6.006850128414953e-08,1.0000001192092896,0.9818674325942993,1.0184674263000488,1.9171782732009888,1.4715889692306519,1.0,1.4715889692306519
GCN,125,2699,3,1,1,-2.7447009086608887,3.241992473602295,5.986693382263184,0.9486831426620483,0.08612877875566483,0.0,0.8573882579803467,0.0,0.10837438423645321,0,0.0,0.0034891835310537334,5,1.0055904388427734,0.9944406151771545,0.8200823869837026,1.0,99.74270629882812,1.0,0.8503942489624023,1.0,0.8503942489624023,1.0,6.006850128414953e-08,1.0000001192092896,0.9944406151771545,1.0055904388427734,3.7372686862945557,1.4715889692306519,1.0,1.4715889692306519
GCN,125,2700,3,1,1,-1.8563086986541748,3.373979091644287,5.230287790298462,0.9486831426620483,0.08699715882539749,-0.023676076903939247,0.8573882579803467,0.031463224440813065,0.10837438423645321,0,0.0,0.0034891835310537334,5,1.0031824111938477,0.9943034648895264,0.8200823869837026,1.0,99.74270629882812,1.0,0.8503942489624023,1.0,0.8503942489624023,1.0,6.143906006172983e-08,1.0000001192092896,0.9943034648895264,1.0031824111938477,3.929046630859375,1.4715889692306519,1.0,1.4715889692306519
GCN,125,2702,0,1,2,-0.1325855255126953,4.093514442443848,4.226099967956543,0.8660253286361694,0.05912607163190842,-0.00616478780284524,0.9392216801643372,0.0,0.10837438423645321,0,0.0,0.0034891835310537334,5,1.0021913051605225,0.9973662495613098,0.8992005135073163,1.0,109.27578735351562,1.0,0.9316691160202026,1.0,0.9316691160202026,1.0,6.705522537231445e-08,1.0,0.9973662495613098,1.0021913051605225,3.9847800731658936,1.6120448112487793,1.0,1.6120448112487793
GCN,125,2707,3,1,4,-5.575984954833984,0.6893606781959534,6.265345633029938,0.7499998807907104,0.03268706426024437,0.0,1.084519863128662,0.0,0.10837438423645321,0,0.0,0.0034891835310537334,5,1.0008071660995483,0.999193549156189,1.0407128672118384,1.0,126.20463562011719,1.0,1.076006293296814,1.0,1.076006293296814,1.0,8.33000246558413e-09,1.0000001192092896,0.999193549156189,1.0008071660995483,3.9102916717529297,1.861429214477539,1.0,1.861429214477539
GCN,996,1370,6,1,8,-1.383422613143921,1.5043437480926514,2.8877663612365723,0.6123723983764648,0.021423548460006714,-0.0019321453291922808,1.328260064125061,0.0,0.10837438423645321,0,0.0,0.0034891835310537334,5,1.000295877456665,0.9996533989906311,1.280008691668803,1.0,154.60775756835938,1.0,1.3181915283203125,1.0,1.3181915283203125,1.0,1.862645149230957e-08,1.0000001192092896,0.9996533989906311,1.000295877456665,5.144328594207764,2.279775619506836,1.0,2.279775619506836
GCN,996,1376,0,1,3,2.027824640274048,5.118553161621094,3.090728521347046,0.8017836213111877,0.0350797064602375,0.0,1.0144754648208618,0.0,0.10837438423645321,0,0.0,0.0034891835310537334,5,1.000929594039917,0.9990713000297546,0.9723540606496855,1.0,118.04334259033203,1.0,1.0064208507537842,1.0,1.0064208507537842,1.0,0.0,1.0000001192092896,0.9990713000297546,1.000929594039917,4.758311748504639,1.741207480430603,1.0,1.741207480430603
GCN,996,1378,2,1,3,-3.4845616817474365,2.141791820526123,5.62635350227356,0.8017836213111877,0.052128564566373825,0.0,1.0144754648208618,0.0,0.10837438423645321,0,0.0,0.0034891835310537334,5,1.0020514726638794,0.9979527592658997,0.9723540606496855,1.0,118.04334259033203,1.0,1.0064208507537842,1.0,1.0064208507537842,1.0,5.26835597369768e-09,1.0000001192092896,0.9979527592658997,1.0020514726638794,4.865253448486328,1.741207480430603,1.0,1.741207480430603
GCN,996,1392,3,1,3,-1.893996000289917,4.028861999511719,5.922857999801636,0.8017836213111877,0.035835810005664825,-0.035771168768405914,1.0144754648208618,0.0,0.10837438423645321,0,0.0,0.0034891835310537334,5,0.999394416809082,0.9990290403366089,0.9723540606496855,1.0,118.04334259033203,1.0,1.0064208507537842,1.0,1.0064208507537842,1.0,7.450580596923828e-09,1.0000001192092896,0.9990290403366089,0.999394416809082,4.758311748504639,1.741207480430603,1.0,1.741207480430603
GCN,996,1393,3,1,1,-1.998776912689209,3.524562358856201,5.52333927154541,0.9486831426620483,0.08223089575767517,0.0,0.8573882579803467,0.0,0.10837438423645321,0,0.0,0.0034891835310537334,5,1.0050972700119019,0.9949285387992859,0.8200823869837026,1.0,99.74270629882812,1.0,0.8503942489624023,1.0,0.8503942489624023,1.0,6.006850128414953e-08,1.0000001192092896,0.9949285387992859,1.0050972700119019,3.929046630859375,1.4715889692306519,1.0,1.4715889692306519
GCN,996,1400,3,1,2,-5.536141872406006,0.8713998794555664,6.407541751861572,0.8660253286361694,0.058645207434892654,-0.03206624463200569,0.9392216801643372,0.0,0.10837438423645321,0,0.0,0.0034891835310537334,5,1.0002870559692383,0.9974016547203064,0.8992005135073163,1.0,109.27578735351562,1.0,0.9316691160202026,1.0,0.9316691160202026,1.0,6.705522537231445e-08,1.0,0.9974016547203064,1.0002870559692383,3.8725101947784424,1.6120448112487793,1.0,1.6120448112487793
GCN,996,1416,0,1,18,2.8073267936706543,7.186718463897705,4.379391670227051,0.4522669315338135,0.013079441152513027,-0.03321823105216026,1.7984728813171387,0.0,0.10837438423645321,0,0.0,0.0034891835310537334,5,0.999595046043396,0.9998708367347717,1.7451267509006285,1.0,209.41043090820312,1.0,1.7855104207992554,1.0,1.7855104207992554,1.0,3.364382550330447e-08,1.0000001192092896,0.9998708367347717,0.999595046043396,8.24163818359375,3.0868310928344727,1.0,3.0868310928344727
GCN,996,1422,4,1,1,-4.848139762878418,2.663917064666748,7.512056827545166,0.9486831426620483,0.0850110873579979,0.0,0.8573882579803467,0.0,0.10837438423645321,0,0.0,0.0034891835310537334,5,1.0054467916488647,0.9945827126502991,0.8200823869837026,1.0,99.74270629882812,1.0,0.8503942489624023,1.0,0.8503942489624023,1.0,6.006850128414953e-08,1.0000001192092896,0.9945827126502991,1.0054467916488647,3.320650100708008,1.4715889692306519,1.0000001192092896,1.4715888500213623
GCN,996,1423,3,1,2,-0.09859097003936768,4.744658470153809,4.843249440193176,0.8660253286361694,0.046310484409332275,0.0,0.9392216801643372,0.0,0.10837438423645321,0,0.0,0.0034891835310537334,5,1.0016194581985474,0.9983832240104675,0.8992005135073163,1.0,109.27578735351562,1.0,0.9316691160202026,1.0,0.9316691160202026,1.0,6.705522537231445e-08,1.0,0.9983832240104675,1.0016194581985474,4.200326919555664,1.6120448112487793,1.0,1.6120448112487793
GCN,996,1425,4,1,2,-3.025465965270996,4.3240838050842285,7.349549770355225,0.8660253286361694,0.04911937192082405,-0.009211077354848385,0.9392216801643372,0.0,0.10837438423645321,0,0.0,0.0034891835310537334,5,1.0012662410736084,0.9981797933578491,0.8992005135073163,1.0,109.27578735351562,1.0,0.9316691160202026,1.0,0.9316691160202026,1.0,6.705522537231445e-08,1.0,0.9981797933578491,1.0012662410736084,4.3040547370910645,1.6120448112487793,1.0,1.6120448112487793
GCN,996,1429,4,1,3,-3.2919557094573975,4.608439922332764,7.900395631790161,0.8017836213111877,0.04172129929065704,0.0,1.0144754648208618,0.0,0.10837438423645321,0,0.0,0.0034891835310537334,5,1.001314640045166,0.9986871480941772,0.9723540606496855,1.0,118.04334259033203,1.0,1.0064208507537842,1.0,1.0064208507537842,1.0,0.0,1.0000001192092896,0.9986871480941772,1.001314640045166,4.9698944091796875,1.741207480430603,1.0,1.741207480430603
GCN,996,1434,3,1,2,-4.051926612854004,2.028174877166748,6.080101490020752,0.8660253286361694,0.0720544308423996,0.0,0.9392216801643372,0.0,0.10837438423645321,0,0.0,0.0034891835310537334,5,1.0039160251617432,0.9960992932319641,0.8992005135073163,1.0,109.27578735351562,1.0,0.9316691160202026,1.0,0.9316691160202026,1.0,6.705522537231445e-08,1.0,0.9960992932319641,1.0039160251617432,2.3006138801574707,1.6120448112487793,1.0,1.6120448112487793
GCN,996,1436,5,1,1,-4.023273468017578,4.176520347595215,8.199793815612793,0.9486831426620483,0.08288966119289398,0.0,0.8573882579803467,0.0,0.10837438423645321,0,0.0,0.0034891835310537334,5,1.0051789283752441,0.9948477745056152,0.8200823869837026,1.0,99.74270629882812,1.0,0.8503942489624023,1.0,0.8503942489624023,1.0,6.006850128414953e-08,1.0000001192092896,0.9948477745056152,1.0051789283752441,4.021507263183594,1.4715889692306519,1.0,1.4715889692306519
GCN,996,1437,4,1,1,-1.2664463520050049,4.314803123474121,5.581249475479126,0.9486831426620483,0.07450384646654129,0.0,0.8573882579803467,0.0,0.10837438423645321,0,0.0,0.0034891835310537334,5,1.0041861534118652,0.995831310749054,0.8200823869837026,1.0,99.74270629882812,1.0,0.8503942489624023,1.0,0.8503942489624023,1.0,6.006850128414953e-08,1.0000001192092896,0.995831310749054,1.0041861534118652,4.3718390464782715,1.4715889692306519,1.0,1.4715889692306519
GCN,996,1441,5,0,23,-4.75831413269043,-0.436582088470459,4.321732044219971,0.40824824571609497,0.016554515808820724,-0.004676198586821556,1.9923902750015259,0.0,0.10837438423645321,0,0.0,0.0034891835310537334,5,1.0001120567321777,0.9997929334640503,1.9376594108713874,1.0,232.01303100585938,1.0,1.9782558679580688,1.0,1.9782558679580688,1.0,6.376669858809692e-08,1.0,0.9997929334640503,1.0001120567321777,8.452996253967285,3.419663429260254,1.0,3.419663429260254
GCN,996,1442,3,1,2,-3.1503818035125732,2.707117795944214,5.857499599456787,0.8660253286361694,0.056303102523088455,0.0,0.9392216801643372,0.0,0.10837438423645321,0,0.0,0.0034891835310537334,5,1.0023927688598633,0.9976129531860352,0.8992005135073163,1.0,109.27578735351562,1.0,0.9316691160202026,1.0,0.9316691160202026,1.0,6.705522537231445e-08,1.0,0.9976129531860352,1.0023927688598633,4.3040547370910645,1.6120448112487793,1.0,1.6120448112487793
GCN,996,1444,2,1,4,-2.891990900039673,3.4240076541900635,6.315998554229736,0.7499998807907104,0.03330957144498825,-0.014205431565642357,1.084519863128662,0.0,0.10837438423645321,0,0.0,0.0034891835310537334,5,1.0002567768096924,0.9991617798805237,1.0407128672118384,1.0,126.20463562011719,1.0,1.076006293296814,1.0,1.076006293296814,1.0,8.33000246558413e-09,1.0000001192092896,0.9991617798805237,1.0002567768096924,5.201174259185791,1.861429214477539,1.0,1.861429214477539
GCN,996,1448,1,1,5,-1.7556973695755005,2.613670825958252,4.369368195533752,0.7071066498756409,0.02160467952489853,-0.01093592494726181,1.150307059288025,0.017534777522087097,0.10837438423645321,0,0.0,0.0034891835310537334,5,1.000062346458435,0.999647319316864,1.1051090585391374,1.0,133.870361328125,1.0,1.1413679122924805,1.0,1.1413679122924805,1.0,1.4901161193847656e-08,1.0000001192092896,0.999647319316864,1.000062346458435,4.742837429046631,1.9743437767028809,1.0,1.9743437767028809
GCN,996,1450,3,1,3,-3.984409809112549,1.7426941394805908,5.72710394859314,0.8017836213111877,0.04063565284013748,0.0,1.0144754648208618,0.0,0.10837438423645321,0,0.0,0.0034891835310537334,5,1.0012471675872803,0.9987544417381287,0.9723540606496855,1.0,118.04334259033203,1.0,1.0064208507537842,1.0,1.0064208507537842,1.0,0.0,1.0000001192092896,0.9987544417381287,1.0012471675872803,4.865253448486328,1.741207480430603,1.0,1.741207480430603
GCN,996,1452,4,1,3,-3.2077465057373047,3.619786024093628,6.827532529830933,0.8017836213111877,0.039163362234830856,0.0,1.0144754648208618,0.0,0.10837438423645321,0,0.0,0.0034891835310537334,5,1.001158595085144,0.9988428354263306,0.9723540606496855,1.0,118.04334259033203,1.0,1.0064208507537842,1.0,1.0064208507537842,1.0,0.0,1.0000001192092896,0.9988428354263306,1.001158595085144,4.057901859283447,1.741207480430603,1.0,1.741207480430603
GCN,996,1457,3,1,3,-4.415678024291992,2.190638780593872,6.606316804885864,0.8017836213111877,0.044011928141117096,-0.0061630792915821075,1.0144754648208618,0.0,0.10837438423645321,0,0.0,0.0034891835310537334,5,1.0011297464370728,0.9985384941101074,0.9723540606496855,1.0,118.04334259033203,1.0,1.0064208507537842,1.0,1.0064208507537842,1.0,0.0,1.0000001192092896,0.9985384941101074,1.0011297464370728,4.536871910095215,1.741207480430603,1.0,1.741207480430603
GCN,996,1476,6,1,2,-2.5824995040893555,1.2967989444732666,3.879298448562622,0.8660253286361694,0.0553131178021431,-0.02618725597858429,0.9392216801643372,0.0,0.10837438423645321,0,0.0,0.0034891835310537334,5,1.0005310773849487,0.9976892471313477,0.8992005135073163,1.0,109.27578735351562,1.0,0.9316691160202026,1.0,0.9316691160202026,1.0,6.705522537231445e-08,1.0,0.9976892471313477,1.0005310773849487,4.504349231719971,1.6120448112487793,1.0,1.6120448112487793
GCN,996,1486,2,1,3,-3.2621116638183594,3.032806873321533,6.294918537139893,0.8017836213111877,0.03606593608856201,-0.05883978679776192,1.0144754648208618,0.0,0.10837438423645321,0,0.0,0.0034891835310537334,5,0.9983726739883423,0.9990167617797852,0.9723540606496855,1.0,118.04334259033203,1.0,1.0064208507537842,1.0,1.0064208507537842,1.0,3.725290298461914e-09,1.0000001192092896,0.9990167617797852,0.9983726739883423,3.657742977142334,1.741207480430603,1.0,1.741207480430603
GCN,996,1487,6,1,4,-0.9402782917022705,1.7188842296600342,2.6591625213623047,0.7499998807907104,0.027274535968899727,-0.007952223531901836,1.084519863128662,0.014459549449384212,0.10837438423645321,0,0.0,0.0034891835310537334,5,1.0002955198287964,0.9994380474090576,1.0407128672118384,1.0,126.20463562011719,1.0,1.076006293296814,1.0,1.076006293296814,1.0,8.33000246558413e-09,1.0000001192092896,0.9994380474090576,1.0002955198287964,5.4225993156433105,1.861429214477539,1.0,1.861429214477539
GCN,996,1493,4,1,1,-1.1715315580368042,4.260986804962158,5.432518362998962,0.9486831426620483,0.07283671945333481,0.0,0.8573882579803467,0.0,0.10837438423645321,0,0.0,0.0034891835310537334,5,1.004001259803772,0.9960146546363831,0.8200823869837026,1.0,99.74270629882812,1.0,0.8503942489624023,1.0,0.8503942489624023,1.0,6.006850128414953e-08,1.0000001192092896,0.9960146546363831,1.004001259803772,3.7372686862945557,1.4715889692306519,1.0,1.4715889692306519
GCN,996,1499,2,1,4,-2.863886833190918,2.9682693481445312,5.832156181335449,0.7499998807907104,0.032199643552303314,0.0,1.084519863128662,0.0,0.10837438423645321,0,0.0,0.0034891835310537334,5,1.0007833242416382,0.9992173910140991,1.0407128672118384,1.0,126.20463562011719,1.0,1.076006293296814,1.0,1.076006293296814,1.0,7.450580596923828e-09,1.0000001192092896,0.9992173910140991,1.0007833242416382,5.086849212646484,1.861429214477539,1.0,1.861429214477539
GCN,996,1501,6,1,7,-1.3643784523010254,1.6055951118469238,2.969973564147949,0.6396021246910095,0.021951090544462204,-0.003066178411245346,1.2717121839523315,0.0,0.10837438423645321,0,0.0,0.0034891835310537334,5,1.0002814531326294,0.9996359348297119,1.2243356596549602,1.0,148.01780700683594,1.0,1.2619996070861816,1.0,1.2619996070861816,1.0,1.5472291892137946e-08,1.0000001192092896,0.9996359348297119,1.0002814531326294,5.3954176902771,2.1827187538146973,1.0,2.1827187538146973
GCN,996,1506,2,1,2,-1.7849087715148926,3.283687114715576,5.068595886230469,0.8660253286361694,0.05089077353477478,0.0,0.9392216801643372,0.0,0.10837438423645321,0,0.0,0.0034891835310537334,5,1.001955270767212,0.9980485439300537,0.8992005135073163,1.0,109.27578735351562,1.0,0.9316691160202026,1.0,0.9316691160202026,1.0,6.705522537231445e-08,1.0,0.9980485439300537,1.001955270767212,3.9847800731658936,1.6120448112487793,1.0,1.6120448112487793
GCN,996,1507,0,1,6,-1.9056551456451416,1.1855058670043945,3.091161012649536,0.6708203554153442,0.028268294408917427,0.0,1.2125300168991089,0.0,0.10837438423645321,0,0.0,0.0034891835310537334,5,1.0006039142608643,0.9993966221809387,1.166159309467222,1.0,141.12112426757812,1.0,1.2031928300857544,1.0,1.2031928300857544,1.0,6.052880507922964e-08,1.0,0.9993966221809387,1.0006039142608643,4.536871433258057,2.0811409950256348,1.0,2.0811409950256348
GCN,996,1523,0,1,2,0.15793955326080322,3.7156219482421875,3.5576823949813843,0.8660253286361694,0.05808721482753754,-0.07805012911558151,0.9392216801643372,0.0,0.10837438423645321,0,0.0,0.0034891835310537334,5,0.9969714879989624,0.9974469542503357,0.8992005135073163,1.0,109.27578735351562,1.0,0.9316691160202026,1.0,0.9316691160202026,1.0,3.0719530030864917e-08,1.0,0.9974469542503357,0.9969714879989624,4.093972206115723,1.6120448112487793,1.0,1.6120448112487793
GCN,996,1541,3,1,1,-4.292668342590332,2.493482828140259,6.786151170730591,0.9486831426620483,0.09069238603115082,0.0,0.8573882579803467,0.0,0.10837438423645321,0,0.0,0.0034891835310537334,5,1.0061967372894287,0.9938413500785828,0.8200823869837026,1.0,99.74270629882812,1.0,0.8503942489624023,1.0,0.8503942489624023,1.0,6.006850128414953e-08,1.0000001192092896,0.9938413500785828,1.0061967372894287,3.7372689247131348,1.4715889692306519,1.0,1.4715889692306519
GCN,996,1546,2,1,5,-3.988306999206543,2.6854970455169678,6.673804044723511,0.7071066498756409,0.025761853903532028,-0.05751637741923332,1.150307059288025,0.0,0.10837438423645321,0,0.0,0.0034891835310537334,5,0.998678982257843,0.9994986653327942,1.1051090585391374,1.0,133.870361328125,1.0,1.1413679122924805,1.0,1.1413679122924805,1.0,1.4901161193847656e-08,1.0000001192092896,0.9994986653327942,0.998678982257843,4.742837429046631,1.9743437767028809,1.0,1.9743437767028809
GCN,996,1554,3,0,4,-7.057676315307617,-1.9713255167007446,5.086350798606873,0.7499998807907104,0.057508327066898346,0.0,1.084519863128662,0.0,0.10837438423645321,0,0.0,0.0034891835310537334,5,1.002496361732483,0.9975098967552185,1.0407128672118384,1.0,126.20463562011719,1.0,1.076006293296814,1.0,1.076006293296814,1.0,7.450580596923828e-09,1.0000001192092896,0.9975098967552185,1.002496361732483,1.8784433603286743,1.861429214477539,1.0,1.861429214477539
GCN,996,1561,1,1,2,-1.5332307815551758,2.9945459365844727,4.527776718139648,0.8660253286361694,0.04245861992239952,0.0,0.9392216801643372,0.0,0.10837438423645321,0,0.0,0.0034891835310537334,5,1.0013614892959595,0.9986404180526733,0.8992005135073163,1.0,109.27578735351562,1.0,0.9316691160202026,1.0,0.9316691160202026,1.0,6.705522537231445e-08,1.0,0.9986404180526733,1.0013614892959595,4.093972206115723,1.6120448112487793,1.0,1.6120448112487793
GCN,996,1565,2,1,2,-3.748237133026123,0.7629641890525818,4.511201322078705,0.8660253286361694,0.12177783250808716,0.0,0.9392216801643372,0.0,0.10837438423645321,0,0.0,0.0034891835310537334,5,1.0111452341079712,0.9889775514602661,0.8992005135073163,1.0,109.27578735351562,1.0,0.9316691160202026,1.0,0.9316691160202026,1.0,6.705522537231445e-08,1.0,0.9889775514602661,1.0111452341079712,1.328260064125061,1.6120448112487793,1.0,1.6120448112487793
GCN,996,1567,3,0,4,-5.187676429748535,-0.4007718563079834,4.786904573440552,0.7499998807907104,0.048893678933382034,0.0,1.084519863128662,0.0,0.10837438423645321,0,0.0,0.0034891835310537334,5,1.0018051862716675,0.9981981515884399,1.0407128672118384,1.0,126.20463562011719,1.0,1.076006293296814,1.0,1.076006293296814,1.0,7.450580596923828e-09,1.0000001192092896,0.9981981515884399,1.0018051862716675,3.0674853324890137,1.861429214477539,1.0,1.861429214477539
GCN,996,1568,2,1,4,-2.79740309715271,2.8389534950256348,5.636356592178345,0.7499998807907104,0.026322316378355026,-0.00445927307009697,1.084519863128662,0.0,0.10837438423645321,0,0.0,0.0034891835310537334,5,1.0003793239593506,0.9994765520095825,1.0407128672118384,1.0,126.20463562011719,1.0,1.076006293296814,1.0,1.076006293296814,1.0,8.33000246558413e-09,1.0000001192092896,0.9994765520095825,1.0003793239593506,4.6012282371521,1.861429214477539,1.0,1.861429214477539
GCN,996,1583,0,1,10,-0.8773045539855957,2.77998685836792,3.6572914123535156,0.5669466257095337,0.015888851135969162,-0.01873493380844593,1.4346848726272583,0.0,0.10837438423645321,0,0.0,0.0034891835310537334,5,0.9998248815536499,0.999809205532074,1.384979188535478,1.0,167.0106658935547,1.0,1.4239519834518433,1.0,1.4239519834518433,1.0,3.4142850324769825e-08,1.0000001192092896,0.999809205532074,0.9998248815536499,6.416105270385742,2.4624390602111816,1.0,2.4624390602111816
GCN,996,1589,2,1,3,-3.6857359409332275,3.247476577758789,6.933212518692017,0.8017836213111877,0.03290301933884621,-0.004309309646487236,1.0144754648208618,0.0,0.10837438423645321,0,0.0,0.0034891835310537334,5,1.0006437301635742,0.9991825819015503,0.9723540606496855,1.0,118.04334259033203,1.0,1.0064208507537842,1.0,1.0064208507537842,1.0,3.725290298461914e-09,1.0000001192092896,0.9991825819015503,1.0006437301635742,4.865253448486328,1.741207480430603,1.0,1.741207480430603
GCN,996,1591,3,1,1,-5.427123546600342,2.0124924182891846,7.439615964889526,0.9486831426620483,0.07737024128437042,-0.1019594669342041,0.8573882579803467,0.08089875429868698,0.22110647972716937,0,0.0,0.0034891835310537334,5,0.9948119521141052,0.9954659938812256,0.8200823869837026,1.0,99.74270629882812,1.0,0.8503942489624023,1.0,0.8503942489624023,1.0,6.705522537231445e-08,1.0,0.9954659938812256,0.9948119521141052,4.286941051483154,1.4715889692306519,0.9999999403953552,1.4715890884399414
GCN,996,1597,3,1,2,-3.021277666091919,3.6530001163482666,6.6742777824401855,0.8660253286361694,0.07410874962806702,-0.014098221436142921,0.9392216801643372,0.030064154416322708,0.10837438423645321,0,0.0,0.0034891835310537334,5,1.0028619766235352,0.9958654046058655,0.8992005135073163,1.0,109.27578735351562,1.0,0.9316691160202026,1.0,0.9316691160202026,1.0,6.705522537231445e-08,1.0,0.9958654046058655,1.0028619766235352,4.5043487548828125,1.6120448112487793,1.0,1.6120448112487793
GCN,996,1600,3,1,1,-3.8946704864501953,3.312612533569336,7.207283020019531,0.9486831426620483,0.08537032455205917,0.0,0.8573882579803467,0.0,0.10837438423645321,0,0.0,0.0034891835310537334,5,1.0054928064346313,0.9945371747016907,0.8200823869837026,1.0,99.74270629882812,1.0,0.8503942489624023,1.0,0.8503942489624023,1.0,6.006850128414953e-08,1.0000001192092896,0.9945371747016907,1.0054928064346313,3.8343565464019775,1.4715889692306519,1.0,1.4715889692306519
GCN,996,1602,0,1,10,3.207106828689575,7.016737461090088,3.8096306324005127,0.5669466257095337,0.01875675655901432,-0.019438061863183975,1.4346848726272583,0.08434279263019562,0.22735884804850323,0,0.0,0.0034891835310537334,5,0.9998176693916321,0.999734103679657,1.384979188535478,1.0,167.0106658935547,1.0,1.4239519834518433,1.0,1.4239519834518433,1.0,1.5045976908822922e-08,1.0000001192092896,0.999734103679657,0.9998176693916321,6.88050651550293,2.4624390602111816,1.0,2.4624390602111816
GCN,996,1605,3,1,3,-3.5047831535339355,2.362694025039673,5.867477178573608,0.8017836213111877,0.034807637333869934,0.0,1.0144754648208618,0.0,0.10837438423645321,0,0.0,0.0034891835310537334,5,1.0009151697158813,0.9990857243537903,0.9723540606496855,1.0,118.04334259033203,1.0,1.0064208507537842,1.0,1.0064208507537842,1.0,0.0,1.0000001192092896,0.9990857243537903,1.0009151697158813,4.648910999298096,1.741207480430603,1.0,1.741207480430603
GCN,996,1611,3,1,2,-3.7072174549102783,3.1208086013793945,6.828026056289673,0.8660253286361694,0.08774266391992569,0.0,0.9392216801643372,0.0,0.10837438423645321,0,0.0,0.0034891835310537334,5,1.0058013200759888,0.9942320585250854,0.8992005135073163,1.0,109.27578735351562,1.0,0.9316691160202026,1.0,0.9316691160202026,1.0,6.705522537231445e-08,1.0,0.9942320585250854,1.0058013200759888,2.3006138801574707,1.6120448112487793,1.0,1.6120448112487793
GCN,996,1628,0,1,17,3.6843626499176025,8.013545989990234,4.329183340072632,0.462909996509552,0.013872209005057812,-0.018686285242438316,1.7571229934692383,0.0,0.10837438423645321,0,0.0,0.0034891835310537334,5,0.9998266696929932,0.9998546242713928,1.7041127551566526,1.0,204.59085083007812,1.0,1.7444112300872803,1.0,1.7444112300872803,1.0,6.006850128414953e-08,1.0000001192092896,0.9998546242713928,0.9998266696929932,7.858092308044434,3.015859603881836,1.0,3.015859603881836
GCN,996,1629,2,1,3,-2.8475091457366943,4.081515312194824,6.9290244579315186,0.8017836213111877,0.040660664439201355,-0.049624036997556686,1.0144754648208618,0.04466484859585762,0.11708980674497915,0,0.0,0.0034891835310537334,5,0.9987680912017822,0.9987497925758362,0.9723540606496855,1.0,118.04334259033203,1.0,1.0064208507537842,1.0,1.0064208507537842,1.0,0.0,1.0000001192092896,0.9987497925758362,0.9987680912017822,5.0723772048950195,1.741207480430603,0.9999999403953552,1.7412075996398926
GCN,996,1632,2,1,3,-3.908550977706909,3.1790876388549805,7.08763861656189,0.8017836213111877,0.0515323206782341,0.0,1.0144754648208618,0.0,0.10837438423645321,0,0.0,0.0034891835310537334,5,1.0020049810409546,0.9979991912841797,0.9723540606496855,1.0,118.04334259033203,1.0,1.0064208507537842,1.0,1.0064208507537842,1.0,0.0,1.0000001192092896,0.9979991912841797,1.0020049810409546,2.6840498447418213,1.741207480430603,1.0,1.741207480430603
GCN,996,1637,0,1,2,-1.277998685836792,2.4216275215148926,3.6996262073516846,0.8660253286361694,0.07311322540044785,0.0,0.9392216801643372,0.0,0.10837438423645321,0,0.0,0.0034891835310537334,5,1.0040316581726074,0.9959845542907715,0.8992005135073163,1.0,109.27578735351562,1.0,0.9316691160202026,1.0,0.9316691160202026,1.0,6.705522537231445e-08,1.0,0.9959845542907715,1.0040316581726074,2.656520128250122,1.6120448112487793,1.0,1.6120448112487793
GCN,996,1644,0,1,2,0.8224164247512817,4.244202613830566,3.4217861890792847,0.8660253286361694,0.042852409183979034,0.0,0.9392216801643372,0.0,0.10837438423645321,0,0.0,0.0034891835310537334,5,1.0013867616653442,0.9986151456832886,0.8992005135073163,1.0,109.27578735351562,1.0,0.9316691160202026,1.0,0.9316691160202026,1.0,6.705522537231445e-08,1.0,0.9986151456832886,1.0013867616653442,3.9847800731658936,1.6120448112487793,1.0,1.6120448112487793
GCN,996,1645,3,1,4,-1.96687912940979,1.3283190727233887,3.2951982021331787,0.7499998807907104,0.03293371573090553,0.0,1.084519863128662,0.0,0.10837438423645321,0,0.0,0.0034891835310537334,5,1.000819444656372,0.99918133020401,1.0407128672118384,1.0,126.20463562011719,1.0,1.076006293296814,1.0,1.076006293296814,1.0,7.679882507716229e-09,1.0000001192092896,0.99918133020401,1.000819444656372,4.6012282371521,1.861429214477539,1.0,1.861429214477539
GCN,996,1653,4,1,5,-4.408524513244629,3.1643762588500977,7.572900772094727,0.7071066498756409,0.027107518166303635,-0.007055750582367182,1.150307059288025,0.015776662155985832,0.10837438423645321,0,0.0,0.0034891835310537334,5,1.0003201961517334,0.9994449615478516,1.1051090585391374,1.0,133.870361328125,1.0,1.1413679122924805,1.0,1.1413679122924805,1.0,1.5359765015432458e-08,1.0000001192092896,0.9994449615478516,1.0003201961517334,5.271369457244873,1.9743437767028809,1.0,1.9743437767028809
GCN,996,1661,5,1,4,0.171281099319458,3.268876314163208,3.09759521484375,0.7499998807907104,0.024772167205810547,-0.01216044556349516,1.084519863128662,0.017040744423866272,0.10837438423645321,0,0.0,0.0034891835310537334,5,1.0000934600830078,0.9995362758636475,1.0407128672118384,1.0,126.20463562011719,1.0,1.076006293296814,1.0,1.076006293296814,1.0,8.33000246558413e-09,1.0000001192092896,0.9995362758636475,1.0000934600830078,4.6012282371521,1.861429214477539,1.0,1.861429214477539
GCN,996,1668,2,1,2,-1.6632899045944214,3.0996766090393066,4.762966513633728,0.8660253286361694,0.052428293973207474,-0.02425406686961651,0.9392216801643372,0.0,0.10837438423645321,0,0.0,0.0034891835310537334,5,1.0005137920379639,0.9979239702224731,0.8992005135073163,1.0,109.27578735351562,1.0,0.9316691160202026,1.0,0.9316691160202026,1.0,6.869095869888042e-08,1.0,0.9979239702224731,1.0005137920379639,4.601227760314941,1.6120448112487793,1.0,1.6120448112487793
GCN,996,1675,6,1,4,-0.8433024287223816,2.634464740753174,3.4777671694755554,0.7499998807907104,0.028180701658129692,0.0,1.084519863128662,0.0,0.10837438423645321,0,0.0,0.0034891835310537334,5,1.000599980354309,0.9994003772735596,1.0407128672118384,1.0,126.20463562011719,1.0,1.076006293296814,1.0,1.076006293296814,1.0,7.450580596923828e-09,1.0000001192092896,0.9994003772735596,1.000599980354309,4.8501200675964355,1.861429214477539,1.0,1.861429214477539
GCN,996,1679,3,1,3,-5.195985794067383,1.1825785636901855,6.378564357757568,0.8017836213111877,0.04936723783612251,-0.02054540440440178,1.0144754648208618,0.0,0.10837438423645321,0,0.0,0.0034891835310537334,5,1.0005947351455688,0.9981594085693359,0.9723540606496855,1.0,118.04334259033203,1.0,1.0064208507537842,1.0,1.0064208507537842,1.0,1.4901161193847656e-08,1.0000001192092896,0.9981594085693359,1.0005947351455688,4.1827898025512695,1.741207480430603,1.0,1.741207480430603
GCN,996,1684,3,1,2,-4.6060404777526855,1.2214176654815674,5.827458143234253,0.8660253286361694,0.07073012739419937,0.0,0.9392216801643372,0.0,0.10837438423645321,0,0.0,0.0034891835310537334,5,1.00377357006073,0.9962406158447266,0.8992005135073163,1.0,109.27578735351562,1.0,0.9316691160202026,1.0,0.9316691160202026,1.0,6.705522537231445e-08,1.0,0.9962406158447266,1.00377357006073,3.1150457859039307,1.6120448112487793,1.0,1.6120448112487793
GCN,996,1688,4,1,3,-2.151374340057373,4.516763210296631,6.668137550354004,0.8017836213111877,0.042996279895305634,0.0,1.0144754648208618,0.0,0.10837438423645321,0,0.0,0.0034891835310537334,5,1.0013962984085083,0.9986057281494141,0.9723540606496855,1.0,118.04334259033203,1.0,1.0064208507537842,1.0,1.0064208507537842,1.0,0.0,1.0000001192092896,0.9986057281494141,1.0013962984085083,4.6489105224609375,1.741207480430603,1.0,1.741207480430603
GCN,996,1695,0,1,3,1.810164213180542,5.044007301330566,3.2338430881500244,0.8017836213111877,0.03938470408320427,0.0,1.0144754648208618,0.0,0.10837438423645321,0,0.0,0.0034891835310537334,5,1.001171588897705,0.9988298416137695,0.9723540606496855,1.0,118.04334259033203,1.0,1.0064208507537842,1.0,1.0064208507537842,1.0,0.0,1.0000001192092896,0.9988298416137695,1.001171588897705,4.1827898025512695,1.741207480430603,1.0,1.741207480430603
GCN,996,1705,1,1,7,-1.4199609756469727,3.0579793453216553,4.477940320968628,0.6396021246910095,0.022932209074497223,0.0,1.2717121839523315,0.0,0.10837438423645321,0,0.0,0.0034891835310537334,5,1.0003974437713623,0.9996028542518616,1.2243356596549602,1.0,148.01780700683594,1.0,1.2619996070861816,1.0,1.2619996070861816,1.0,1.4901161193847656e-08,1.0000001192092896,0.9996028542518616,1.0003974437713623,4.40533971786499,2.1827187538146973,1.0,2.1827187538146973
GCN,996,1707,5,1,1,-2.6508450508117676,2.6998043060302734,5.350649356842041,0.9486831426620483,0.06727758795022964,0.0,0.8573882579803467,0.0,0.10837438423645321,0,0.0,0.0034891835310537334,5,1.0034148693084717,0.9965968132019043,0.8200823869837026,1.0,99.74270629882812,1.0,0.8503942489624023,1.0,0.8503942489624023,1.0,6.006850128414953e-08,1.0000001192092896,0.9965968132019043,1.0034148693084717,3.929046630859375,1.4715889692306519,1.0,1.4715889692306519
GCN,996,1726,2,1,3,-2.9680118560791016,2.9979848861694336,5.965996742248535,0.8017836213111877,0.029439043253660202,0.0,1.0144754648208618,0.0,0.10837438423645321,0,0.0,0.0034891835310537334,5,1.0006548166275024,0.9993456602096558,0.9723540606496855,1.0,118.04334259033203,1.0,1.0064208507537842,1.0,1.0064208507537842,1.0,0.0,1.0000001192092896,0.9993456602096558,1.0006548166275024,4.7583112716674805,1.741207480430603,1.0,1.741207480430603
GCN,996,1727,2,1,3,-3.6676580905914307,2.690474510192871,6.358132600784302,0.8017836213111877,0.041580550372600555,-0.034270256757736206,1.0144754648208618,0.0,0.10837438423645321,0,0.0,0.0034891835310537334,5,0.9995546936988831,0.9986928701400757,0.9723540606496855,1.0,118.04334259033203,1.0,1.0064208507537842,1.0,1.0064208507537842,1.0,2.9802322387695312e-08,1.0,0.9986928701400757,0.9995546936988831,3.929046154022217,1.741207480430603,1.0000001192092896,1.741207242012024
GCN,996,1734,2,1,4,-4.10395622253418,2.601576805114746,6.705533027648926,0.7499998807907104,0.049600232392549515,0.0,1.084519863128662,0.0,0.10837438423645321,0,0.0,0.0034891835310537334,5,1.0018575191497803,0.9981459975242615,1.0407128672118384,1.0,126.20463562011719,1.0,1.076006293296814,1.0,1.076006293296814,1.0,7.450580596923828e-09,1.0000001192092896,0.9981459975242615,1.0018575191497803,1.8784433603286743,1.861429214477539,1.0,1.861429214477539
GCN,996,1749,2,1,4,-3.982659101486206,2.7136011123657227,6.696260213851929,0.7499998807907104,0.02372104860842228,-0.045910097658634186,1.084519863128662,0.0,0.10837438423645321,0,0.0,0.0034891835310537334,5,0.9990859627723694,0.9995747804641724,1.0407128672118384,1.0,126.20463562011719,1.0,1.076006293296814,1.0,1.076006293296814,1.0,7.679882507716229e-09,1.0000001192092896,0.9995747804641724,0.9990859627723694,4.727312088012695,1.861429214477539,1.0,1.861429214477539
GCN,996,1752,2,1,3,-3.9553110599517822,3.5239834785461426,7.479294538497925,0.8017836213111877,0.04047592729330063,-0.0037785270251333714,1.0144754648208618,0.0,0.10837438423645321,0,0.0,0.0034891835310537334,5,1.0010496377944946,0.9987637996673584,0.9723540606496855,1.0,118.04334259033203,1.0,1.0064208507537842,1.0,1.0064208507537842,1.0,0.0,1.0000001192092896,0.9987637996673584,1.0010496377944946,4.057901859283447,1.741207480430603,1.0,1.741207480430603
GCN,996,1753,2,1,3,-3.503619432449341,3.2505619525909424,6.754181385040283,0.8017836213111877,0.03781340271234512,-0.0040445816703140736,1.0144754648208618,0.0,0.10837438423645321,0,0.0,0.0034891835310537334,5,1.000892162322998,0.9989207983016968,0.9723540606496855,1.0,118.04334259033203,1.0,1.0064208507537842,1.0,1.0064208507537842,1.0,0.0,1.0000001192092896,0.9989207983016968,1.000892162322998,4.7583112716674805,1.741207480430603,1.0,1.741207480430603
GCN,996,1760,2,1,2,-2.4893436431884766,3.148703098297119,5.638046741485596,0.8660253286361694,0.03895721957087517,0.0,0.9392216801643372,0.0,0.10837438423645321,0,0.0,0.0034891835310537334,5,1.0011461973190308,0.9988550543785095,0.8992005135073163,1.0,109.27578735351562,1.0,0.9316691160202026,1.0,0.9316691160202026,1.0,6.705522537231445e-08,1.0,0.9988550543785095,1.0011461973190308,4.200326919555664,1.6120448112487793,1.0,1.6120448112487793
GCN,996,1764,5,1,2,-2.5705013275146484,2.7730324268341064,5.343533754348755,0.8660253286361694,0.04298344999551773,0.0,0.9392216801643372,0.0,0.10837438423645321,0,0.0,0.0034891835310537334,5,1.0013952255249023,0.9986066818237305,0.8992005135073163,1.0,109.27578735351562,1.0,0.9316691160202026,1.0,0.9316691160202026,1.0,6.705522537231445e-08,1.0,0.9986066818237305,1.0013952255249023,4.304054260253906,1.6120448112487793,1.0,1.6120448112487793
GCN,996,1768,1,1,3,-1.9530879259109497,2.9884145259857178,4.9415024518966675,0.8017836213111877,0.0384545661509037,-0.05635043606162071,1.0144754648208618,0.0904475674033165,0.24820007578628267,0,0.0,0.0034891835310537334,5,0.998452365398407,0.9988819360733032,0.9723540606496855,1.0,118.04334259033203,1.0,1.0064208507537842,1.0,1.0064208507537842,1.0,3.725290298461914e-09,1.0000001192092896,0.9988819360733032,0.998452365398407,4.536871910095215,1.741207480430603,1.0,1.741207480430603
GCN,996,1771,1,1,3,-2.0548667907714844,2.668248176574707,4.723114967346191,0.8017836213111877,0.02847922407090664,0.0,1.0144754648208618,0.0,0.10837438423645321,0,0.0,0.0034891835310537334,5,1.0006128549575806,0.9993876218795776,0.9723540606496855,1.0,118.04334259033203,1.0,1.0064208507537842,1.0,1.0064208507537842,1.0,0.0,1.0000001192092896,0.9993876218795776,1.0006128549575806,4.6489105224609375,1.741207480430603,1.0,1.741207480430603
GCN,996,1777,1,1,5,-2.8345789909362793,1.6887195110321045,4.523298501968384,0.7071066498756409,0.02049332670867443,0.0,1.150307059288025,0.0,0.10837438423645321,0,0.0,0.0034891835310537334,5,1.0003173351287842,0.9996827840805054,1.1051090585391374,1.0,133.870361328125,1.0,1.1413679122924805,1.0,1.1413679122924805,1.0,1.5017125321037383e-08,1.0000001192092896,0.9996827840805054,1.0003173351287842,5.516678810119629,1.9743437767028809,1.0,1.9743437767028809
GCN,996,1779,1,1,6,-2.018256664276123,2.099443197250366,4.117699861526489,0.6708203554153442,0.01649351976811886,0.0,1.2125300168991089,0.0,0.10837438423645321,0,0.0,0.0034891835310537334,5,1.000205636024475,0.9997944831848145,1.166159309467222,1.0,141.12112426757812,1.0,1.2031928300857544,1.0,1.2031928300857544,1.0,6.05359673500061e-08,1.0,0.9997944831848145,1.000205636024475,5.14432954788208,2.0811409950256348,1.0,2.0811409950256348
GCN,996,1781,1,1,5,-2.033848762512207,2.4049630165100098,4.438811779022217,0.7071066498756409,0.020358620211482048,0.0,1.150307059288025,0.0,0.10837438423645321,0,0.0,0.0034891835310537334,5,1.00031316280365,0.9996869564056396,1.1051090585391374,1.0,133.870361328125,1.0,1.1413679122924805,1.0,1.1413679122924805,1.0,1.493023660259496e-08,1.0000001192092896,0.9996869564056396,1.00031316280365,5.271368980407715,1.9743437767028809,1.0,1.9743437767028809
GCN,996,1783,1,1,2,-2.17764949798584,2.7665607929229736,4.9442102909088135,0.8660253286361694,0.05284871533513069,0.0,0.9392216801643372,0.0,0.10837438423645321,0,0.0,0.0034891835310537334,5,1.0021083354949951,0.9978960752487183,0.8992005135073163,1.0,109.27578735351562,1.0,0.9316691160202026,1.0,0.9316691160202026,1.0,6.705522537231445e-08,1.0,0.9978960752487183,1.0021083354949951,3.8725101947784424,1.6120448112487793,1.0,1.6120448112487793
GCN,996,1786,1,1,3,-2.295569896697998,2.929725170135498,5.225295066833496,0.8017836213111877,0.04280943050980568,-0.14467501640319824,1.0144754648208618,0.22723962366580963,0.7459264873057977,1,0.0,0.0034891835310537334,5,0.9937511682510376,0.9986259341239929,0.9723540606496855,1.0,118.04334259033203,1.0,1.0064208507537842,1.0,1.0064208507537842,1.0,0.0,1.0000001192092896,0.9986259341239929,0.9937511682510376,4.536871910095215,1.741207480430603,1.0,1.741207480430603
GCN,996,1794,4,1,4,-2.844292640686035,3.0490145683288574,5.893307209014893,0.7499998807907104,0.032362084835767746,-0.016533197835087776,1.084519863128662,0.0,0.10837438423645321,0,0.0,0.0034891835310537334,5,1.000133752822876,0.9992086291313171,1.0407128672118384,1.0,126.20463562011719,1.0,1.076006293296814,1.0,1.076006293296814,1.0,2.2351741790771484e-08,1.0000001192092896,0.9992086291313171,1.000133752822876,5.529987335205078,1.861429214477539,1.0,1.861429214477539
GCN,996,1803,0,1,4,0.00911402702331543,2.858016014099121,2.8489019870758057,0.7499998807907104,0.03411750867962837,0.0,1.084519863128662,0.0,0.10837438423645321,0,0.0,0.0034891835310537334,5,1.0008792877197266,0.9991215467453003,1.0407128672118384,1.0,126.20463562011719,1.0,1.076006293296814,1.0,1.076006293296814,1.0,7.450580596923828e-09,1.0000001192092896,0.9991215467453003,1.0008792877197266,5.086849212646484,1.861429214477539,1.0,1.861429214477539
GCN,996,1807,3,1,5,-3.377591609954834,2.001270294189453,5.378861904144287,0.7071066498756409,0.027405831962823868,0.0,1.150307059288025,0.0,0.10837438423645321,0,0.0,0.0034891835310537334,5,1.0005674362182617,0.9994329214096069,1.1051090585391374,1.0,133.870361328125,1.0,1.1413679122924805,1.0,1.1413679122924805,1.0,1.4901161193847656e-08,1.0000001192092896,0.9994329214096069,1.0005674362182617,2.8176653385162354,1.9743437767028809,1.0,1.9743437767028809
GCN,996,1809,3,1,3,-3.3812308311462402,2.7632241249084473,6.1444549560546875,0.8017836213111877,0.030296210199594498,-0.12336252629756927,1.0144754648208618,0.1744127720594406,0.5939749905267147,1,0.0,0.0034891835310537334,5,0.9960911870002747,0.9993113279342651,0.9723540606496855,1.0,118.04334259033203,1.0,1.0064208507537842,1.0,1.0064208507537842,1.0,0.0,1.0000001192092896,0.9993113279342651,0.9960911870002747,5.0723772048950195,1.741207480430603,1.0,1.741207480430603
GCN,996,1810,3,0,44,-9.063243865966797,-4.5486040115356445,4.514639854431152,0.3061861991882324,0.007939254865050316,-0.023248542100191116,2.656520128250122,0.0,0.10837438423645321,0,0.0,0.0034891835310537334,5,0.9998207688331604,0.9999524354934692,2.5986078570062525,1.0,309.4266662597656,1.0,2.638422727584839,1.0,2.638422727584839,1.0,1.8034983284564987e-08,1.0000001192092896,0.9999524354934692,0.9998207688331604,11.57950210571289,4.559551239013672,1.0,4.559551239013672
GCN,996,1817,3,1,2,-2.6762027740478516,2.949370861053467,5.625573635101318,0.8660253286361694,0.040711306035518646,0.0,0.9392216801643372,0.0,0.10837438423645321,0,0.0,0.0034891835310537334,5,1.0012518167495728,0.9987497925758362,0.8992005135073163,1.0,109.27578735351562,1.0,0.9316691160202026,1.0,0.9316691160202026,1.0,6.705522537231445e-08,1.0,0.9987497925758362,1.0012518167495728,4.093972682952881,1.6120448112487793,1.0,1.6120448112487793
GCN,996,1822,3,1,2,-4.34243106842041,1.4241068363189697,5.76653790473938,0.8660253286361694,0.04931676387786865,0.0,0.9392216801643372,0.0,0.10837438423645321,0,0.0,0.0034891835310537334,5,1.0018362998962402,0.9981670379638672,0.8992005135073163,1.0,109.27578735351562,1.0,0.9316691160202026,1.0,0.9316691160202026,1.0,6.705522537231445e-08,1.0,0.9981670379638672,1.0018362998962402,4.504349231719971,1.6120448112487793,1.0,1.6120448112487793
GCN,996,1825,5,1,4,-3.706084728240967,1.806329607963562,5.512414336204529,0.7499998807907104,0.026812797412276268,-0.08817124366760254,1.084519863128662,0.0,0.10837438423645321,0,0.0,0.0034891835310537334,5,0.9976340532302856,0.9994583129882812,1.0407128672118384,1.0,126.20463562011719,1.0,1.076006293296814,1.0,1.076006293296814,1.0,7.450580596923828e-09,1.0000001192092896,0.9994583129882812,0.9976340532302856,4.6012282371521,1.861429214477539,1.0,1.861429214477539
GCN,996,1829,5,1,5,-2.6613552570343018,2.525930643081665,5.187285900115967,0.7071066498756409,0.027531038969755173,-0.017012443393468857,1.150307059288025,0.0,0.10837438423645321,0,0.0,0.0034891835310537334,5,0.9999970197677612,0.9994272589683533,1.1051090585391374,1.0,133.870361328125,1.0,1.1413679122924805,1.0,1.1413679122924805,1.0,0.0,1.0000001192092896,0.9994272589683533,0.9999970197677612,5.395418167114258,1.9743437767028809,1.0,1.9743437767028809
GCN,996,1836,6,1,2,-1.8732690811157227,1.6711316108703613,3.544400691986084,0.8660253286361694,0.05269947648048401,-0.005151493940502405,0.9392216801643372,0.0,0.10837438423645321,0,0.0,0.0034891835310537334,5,1.0017634630203247,0.9979064464569092,0.8992005135073163,1.0,109.27578735351562,1.0,0.9316691160202026,1.0,0.9316691160202026,1.0,6.705522537231445e-08,1.0,0.9979064464569092,1.0017634630203247,4.093972206115723,1.6120448112487793,1.0,1.6120448112487793
GCN,996,1838,0,1,4,1.8019499778747559,5.178399562835693,3.3764495849609375,0.7499998807907104,0.02996130846440792,-0.07300977408885956,1.084519863128662,0.11973102390766144,0.39674118984463813,1,0.0,0.0034891835310537334,5,0.9979870915412903,0.9993222951889038,1.0407128672118384,1.0,126.20463562011719,1.0,1.076006293296814,1.0,1.076006293296814,1.0,3.3527612686157227e-08,1.0,0.9993222951889038,0.9979870915412903,4.9698944091796875,1.861429214477539,1.0,1.861429214477539
GCN,996,1841,0,1,5,2.788771867752075,5.875404357910156,3.086632490158081,0.7071066498756409,0.02428826317191124,0.0,1.150307059288025,0.0,0.10837438423645321,0,0.0,0.0034891835310537334,5,1.0004457235336304,0.9995545148849487,1.1051090585391374,1.0,133.870361328125,1.0,1.1413679122924805,1.0,1.1413679122924805,1.0,1.4901161193847656e-08,1.0000001192092896,0.9995545148849487,1.0004457235336304,5.271369457244873,1.9743437767028809,1.0,1.9743437767028809
GCN,996,1845,5,1,2,0.31806349754333496,3.5881378650665283,3.2700743675231934,0.8660253286361694,0.04723455011844635,0.0,0.9392216801643372,0.0,0.10837438423645321,0,0.0,0.0034891835310537334,5,1.0016846656799316,0.9983181953430176,0.8992005135073163,1.0,109.27578735351562,1.0,0.9316691160202026,1.0,0.9316691160202026,1.0,6.705522537231445e-08,1.0,0.9983181953430176,1.0016846656799316,4.093972206115723,1.6120448112487793,1.0,1.6120448112487793
GCN,996,1852,3,1,2,-1.9334633350372314,3.2823398113250732,5.215803146362305,0.8660253286361694,0.04241049662232399,0.0,0.9392216801643372,0.0,0.10837438423645321,0,0.0,0.0034891835310537334,5,1.0013582706451416,0.9986435174942017,0.8992005135073163,1.0,109.27578735351562,1.0,0.9316691160202026,1.0,0.9316691160202026,1.0,6.705522537231445e-08,1.0,0.9986435174942017,1.0013582706451416,3.8725099563598633,1.6120448112487793,1.0,1.6120448112487793
GCN,996,1853,3,1,1,-2.6528077125549316,3.245455026626587,5.8982627391815186,0.9486831426620483,0.07529958337545395,-0.018002523109316826,0.8573882579803467,0.018074436113238335,0.10837438423645321,0,0.0,0.0034891835310537334,5,1.0026150941848755,0.9957295656204224,0.8200823869837026,1.0,99.74270629882812,1.0,0.8503942489624023,1.0,0.8503942489624023,1.0,6.018390763529169e-08,1.0000001192092896,0.9957295656204224,1.0026150941848755,3.4295530319213867,1.4715889692306519,1.0,1.4715889692306519
GCN,996,1858,3,1,2,-3.3184189796447754,3.2253429889678955,6.543761968612671,0.8660253286361694,0.04219500720500946,0.0,0.9392216801643372,0.0,0.10837438423645321,0,0.0,0.0034891835310537334,5,1.0013445615768433,0.9986572265625,0.8992005135073163,1.0,109.27578735351562,1.0,0.9316691160202026,1.0,0.9316691160202026,1.0,6.705522537231445e-08,1.0,0.9986572265625,1.0013445615768433,4.40533971786499,1.6120448112487793,1.0,1.6120448112487793
GCN,996,1862,3,0,4,-5.959346771240234,-0.047818660736083984,5.91152811050415,0.7499998807907104,0.03824695572257042,-0.07894592732191086,1.084519863128662,0.1044398620724678,0.34444865479348236,1,0.0,0.0034891835310537334,5,0.9973899126052856,0.9988951086997986,1.0407128672118384,1.0,126.20463562011719,1.0,1.076006293296814,1.0,1.076006293296814,1.0,7.450580596923828e-09,1.0000001192092896,0.9988951086997986,0.9973899126052856,4.200326919555664,1.861429214477539,1.0000001192092896,1.86142897605896
GCN,996,1866,3,1,2,-3.93805193901062,2.1863460540771484,6.1243979930877686,0.8660253286361694,0.050968583673238754,-0.013134040869772434,0.9392216801643372,0.017040744423866272,0.10837438423645321,0,0.0,0.0034891835310537334,5,1.001139521598816,0.9980396628379822,0.8992005135073163,1.0,109.27578735351562,1.0,0.9316691160202026,1.0,0.9316691160202026,1.0,6.715862355122226e-08,1.0,0.9980396628379822,1.001139521598816,3.9847800731658936,1.6120448112487793,1.0,1.6120448112487793
GCN,996,1870,3,1,4,-3.620171546936035,1.9965815544128418,5.616753101348877,0.7499998807907104,0.035886626690626144,0.0,1.084519863128662,0.0,0.10837438423645321,0,0.0,0.0034891835310537334,5,1.000972867012024,0.999028205871582,1.0407128672118384,1.0,126.20463562011719,1.0,1.076006293296814,1.0,1.076006293296814,1.0,7.450580596923828e-09,1.0000001192092896,0.999028205871582,1.000972867012024,2.656520128250122,1.861429214477539,1.0,1.861429214477539
GCN,996,1872,3,1,1,-2.547316074371338,3.7048017978668213,6.252117872238159,0.9486831426620483,0.06322353333234787,0.0,0.8573882579803467,0.0,0.10837438423645321,0,0.0,0.0034891835310537334,5,1.0030162334442139,0.996992826461792,0.8200823869837026,1.0,99.74270629882812,1.0,0.8503942489624023,1.0,0.8503942489624023,1.0,6.006850128414953e-08,1.0000001192092896,0.996992826461792,1.0030162334442139,4.111889362335205,1.4715889692306519,1.0,1.4715889692306519
GCN,996,1878,5,1,3,-1.96551513671875,2.8619003295898438,4.827415466308594,0.8017836213111877,0.03861081600189209,0.0,1.0144754648208618,0.0,0.10837438423645321,0,0.0,0.0034891835310537334,5,1.0011260509490967,0.9988752603530884,0.9723540606496855,1.0,118.04334259033203,1.0,1.0064208507537842,1.0,1.0064208507537842,1.0,0.0,1.0000001192092896,0.9988752603530884,1.0011260509490967,4.9698944091796875,1.741207480430603,1.0,1.741207480430603
GCN,996,1879,5,1,4,-0.40032899379730225,3.1426868438720703,3.5430158376693726,0.7499998807907104,0.02803421951830387,-0.004320821724832058,1.084519863128662,0.0,0.10837438423645321,0,0.0,0.0034891835310537334,5,1.000445008277893,0.9994064569473267,1.0407128672118384,1.0,126.20463562011719,1.0,1.076006293296814,1.0,1.076006293296814,1.0,7.450580596923828e-09,1.0000001192092896,0.9994064569473267,1.000445008277893,3.910291910171509,1.861429214477539,1.0,1.861429214477539
GCN,996,1881,5,1,5,-4.926116943359375,0.3870546817779541,5.313171625137329,0.7071066498756409,0.03032173216342926,-0.01862216927111149,1.150307059288025,0.0,0.10837438423645321,0,0.0,0.0034891835310537334,5,1.0000007152557373,0.9993051290512085,1.1051090585391374,1.0,133.870361328125,1.0,1.1413679122924805,1.0,1.1413679122924805,1.0,3.3372032248735195e-08,1.0,0.9993051290512085,1.0000007152557373,4.742837429046631,1.9743437767028809,1.0,1.9743437767028809
GCN,996,1891,4,1,3,-1.9558385610580444,3.997620105743408,5.953458666801453,0.8017836213111877,0.03477390855550766,0.0,1.0144754648208618,0.0,0.10837438423645321,0,0.0,0.0034891835310537334,5,1.000913381576538,0.9990875124931335,0.9723540606496855,1.0,118.04334259033203,1.0,1.0064208507537842,1.0,1.0064208507537842,1.0,0.0,1.0000001192092896,0.9990875124931335,1.000913381576538,3.929046154022217,1.741207480430603,1.0,1.741207480430603
GCN,996,1899,5,1,5,-2.4862289428710938,2.448988914489746,4.93521785736084,0.7071066498756409,0.03274163976311684,-0.012321190908551216,1.150307059288025,0.0,0.10837438423645321,0,0.0,0.0034891835310537334,5,1.0003141164779663,0.9991902112960815,1.1051090585391374,1.0,133.870361328125,1.0,1.1413679122924805,1.0,1.1413679122924805,1.0,0.0,1.0000001192092896,0.9991902112960815,1.0003141164779663,5.395418167114258,1.9743437767028809,1.0,1.9743437767028809
GCN,996,1901,5,1,6,-4.703911781311035,0.06759786605834961,4.771509647369385,0.6708203554153442,0.02412213571369648,-0.00792614370584488,1.2125300168991089,0.0,0.10837438423645321,0,0.0,0.0034891835310537334,5,1.0002048015594482,0.9995603561401367,1.166159309467222,1.0,141.12112426757812,1.0,1.2031928300857544,1.0,1.2031928300857544,1.0,6.233602789507131e-08,1.0,0.9995603561401367,1.0002048015594482,5.556510925292969,2.0811409950256348,1.0,2.0811409950256348
GCN,996,1904,5,1,3,-3.700605630874634,1.0742511749267578,4.774856805801392,0.8017836213111877,0.03409658744931221,-0.008189139887690544,1.0144754648208618,0.0,0.10837438423645321,0,0.0,0.0034891835310537334,5,1.000535249710083,0.9991220235824585,0.9723540606496855,1.0,118.04334259033203,1.0,1.0064208507537842,1.0,1.0064208507537842,1.0,1.862645149230957e-09,1.0000001192092896,0.9991220235824585,1.000535249710083,4.7583112716674805,1.741207480430603,1.0,1.741207480430603
GCN,996,1906,4,1,5,-1.5060502290725708,4.309511184692383,5.815561413764954,0.7071066498756409,0.022715983912348747,-0.02192159742116928,1.150307059288025,0.0,0.10837438423645321,0,0.0,0.0034891835310537334,5,0.9997777342796326,0.9996099472045898,1.1051090585391374,1.0,133.870361328125,1.0,1.1413679122924805,1.0,1.1413679122924805,1.0,3.3372032248735195e-08,1.0,0.9996099472045898,0.9997777342796326,5.144329071044922,1.9743437767028809,1.0,1.9743437767028809
GCN,996,1909,0,1,6,0.26720714569091797,4.632124900817871,4.364917755126953,0.6708203554153442,0.02229304611682892,0.0,1.2125300168991089,0.0,0.10837438423645321,0,0.0,0.0034891835310537334,5,1.0003756284713745,0.9996246099472046,1.166159309467222,1.0,141.12112426757812,1.0,1.2031928300857544,1.0,1.2031928300857544,1.0,6.052880507922964e-08,1.0,0.9996246099472046,1.0003756284713745,5.422598838806152,2.0811409950256348,1.0,2.0811409950256348
GCN,996,1911,5,1,4,-0.6255730390548706,3.552912950515747,4.178485989570618,0.7499998807907104,0.03258531168103218,0.0,1.084519863128662,0.0,0.10837438423645321,0,0.0,0.0034891835310537334,5,1.0008021593093872,0.9991984963417053,1.0407128672118384,1.0,126.20463562011719,1.0,1.076006293296814,1.0,1.076006293296814,1.0,7.450580596923828e-09,1.0000001192092896,0.9991984963417053,1.0008021593093872,4.9698944091796875,1.861429214477539,1.0,1.861429214477539
GCN,996,1913,0,1,4,1.7154970169067383,5.211005687713623,3.4955086708068848,0.7499998807907104,0.026215925812721252,0.0,1.084519863128662,0.0,0.10837438423645321,0,0.0,0.0034891835310537334,5,1.0005192756652832,0.9994809627532959,1.0407128672118384,1.0,126.20463562011719,1.0,1.076006293296814,1.0,1.076006293296814,1.0,7.450580596923828e-09,1.0000001192092896,0.9994809627532959,1.0005192756652832,5.201174259185791,1.861429214477539,1.0,1.861429214477539
GCN,996,1916,6,1,3,-0.3891807794570923,3.154207706451416,3.5433884859085083,0.8017836213111877,0.0381162203848362,0.0,1.0144754648208618,0.0,0.10837438423645321,0,0.0,0.0034891835310537334,5,1.0010974407196045,0.9989038109779358,0.9723540606496855,1.0,118.04334259033203,1.0,1.0064208507537842,1.0,1.0064208507537842,1.0,0.0,1.0000001192092896,0.9989038109779358,1.0010974407196045,4.421995639801025,1.741207480430603,1.0,1.741207480430603
GCN,996,1918,6,1,2,-0.3834989070892334,3.279176950454712,3.6626758575439453,0.8660253286361694,0.09712883830070496,0.0,0.9392216801643372,0.0,0.10837438423645321,0,0.0,0.0034891835310537334,5,1.0071043968200684,0.9929457306861877,0.8992005135073163,1.0,109.27578735351562,1.0,0.9316691160202026,1.0,0.9316691160202026,1.0,6.705522537231445e-08,1.0,0.9929457306861877,1.0071043968200684,2.100163459777832,1.6120448112487793,1.0,1.6120448112487793
GCN,996,1920,0,1,6,-0.3461862802505493,2.4335789680480957,2.779765248298645,0.6708203554153442,0.023431699723005295,-0.0947934091091156,1.2125300168991089,0.19029997289180756,0.6371731716559302,1,0.0,0.0034891835310537334,5,0.9976816773414612,0.999586820602417,1.166159309467222,1.0,141.12112426757812,1.0,1.2031928300857544,1.0,1.2031928300857544,1.0,6.052880507922964e-08,1.0,0.999586820602417,0.9976816773414612,5.556510925292969,2.0811409950256348,1.0,2.0811409950256348
GCN,996,1925,0,1,3,0.45922768115997314,4.7404093742370605,4.281181693077087,0.8017836213111877,0.033570628613233566,-0.030467145144939423,1.0144754648208618,0.0,0.10837438423645321,0,0.0,0.0034891835310537334,5,0.9995942711830139,0.9991480112075806,0.9723540606496855,1.0,118.04334259033203,1.0,1.0064208507537842,1.0,1.0064208507537842,1.0,3.725290298461914e-09,1.0000001192092896,0.9991480112075806,0.9995942711830139,4.421995639801025,1.741207480430603,1.0,1.741207480430603
GCN,996,1931,3,1,3,-2.9947738647460938,2.8758065700531006,5.870580434799194,0.8017836213111877,0.02676834538578987,0.0,1.0144754648208618,0.0,0.10837438423645321,0,0.0,0.0034891835310537334,5,1.0005414485931396,0.999458909034729,0.9723540606496855,1.0,118.04334259033203,1.0,1.0064208507537842,1.0,1.0064208507537842,1.0,0.0,1.0000001192092896,0.999458909034729,1.0005414485931396,4.6489105224609375,1.741207480430603,1.0,1.741207480430603
GCN,996,1932,3,1,3,-3.1543331146240234,2.904820442199707,6.0591535568237305,0.8017836213111877,0.037597812712192535,0.0,1.0144754648208618,0.0,0.10837438423645321,0,0.0,0.0034891835310537334,5,1.001067876815796,0.9989333748817444,0.9723540606496855,1.0,118.04334259033203,1.0,1.0064208507537842,1.0,1.0064208507537842,1.0,2.63417798684884e-09,1.0000001192092896,0.9989333748817444,1.001067876815796,4.421995639801025,1.741207480430603,1.0,1.741207480430603
GCN,996,1936,3,1,5,-3.7693891525268555,1.335841417312622,5.1052305698394775,0.7071066498756409,0.024816513061523438,0.0,1.150307059288025,0.0,0.10837438423645321,0,0.0,0.0034891835310537334,5,1.0004653930664062,0.9995349049568176,1.1051090585391374,1.0,133.870361328125,1.0,1.1413679122924805,1.0,1.1413679122924805,1.0,1.5017125321037383e-08,1.0000001192092896,0.9995349049568176,1.0004653930664062,4.742837429046631,1.9743437767028809,1.0,1.9743437767028809
GCN,996,1938,3,1,1,-3.1942880153656006,3.396686315536499,6.5909743309021,0.9486831426620483,0.09287750720977783,0.0,0.8573882579803467,0.0,0.10837438423645321,0,0.0,0.0034891835310537334,5,1.006498098373413,0.9935439229011536,0.8200823869837026,1.0,99.74270629882812,1.0,0.8503942489624023,1.0,0.8503942489624023,1.0,6.006850128414953e-08,1.0000001192092896,0.9935439229011536,1.006498098373413,3.320650577545166,1.4715889692306519,1.0000001192092896,1.4715888500213623
GCN,996,1942,3,1,3,-3.217393398284912,3.2297115325927734,6.4471049308776855,0.8017836213111877,0.03432358801364899,-0.052633706480264664,1.0144754648208618,0.054164089262485504,0.1856763925729443,0,0.0,0.0034891835310537334,5,0.9986684322357178,0.9991093873977661,0.9723540606496855,1.0,118.04334259033203,1.0,1.0064208507537842,1.0,1.0064208507537842,1.0,7.450580596923828e-09,1.0000001192092896,0.9991093873977661,0.9986684322357178,4.182789325714111,1.741207480430603,1.0,1.741207480430603
GCN,996,1947,3,1,4,-5.160918235778809,0.29471302032470703,5.455631256103516,0.7499998807907104,0.028092721477150917,-0.004794941283762455,1.084519863128662,0.0,0.10837438423645321,0,0.0,0.0034891835310537334,5,1.0004308223724365,0.9994039535522461,1.0407128672118384,1.0,126.20463562011719,1.0,1.076006293296814,1.0,1.076006293296814,1.0,7.450580596923828e-09,1.0000001192092896,0.9994039535522461,1.0004308223724365,4.727312088012695,1.861429214477539,1.0,1.861429214477539
GCN,996,1959,5,0,5,-5.833477973937988,-0.5515617728233337,5.2819162011146545,0.7071066498756409,0.02964317426085472,-0.018144803121685982,1.150307059288025,0.0,0.10837438423645321,0,0.0,0.0034891835310537334,5,1.0000029802322388,0.9993358850479126,1.1051090585391374,1.0,133.870361328125,1.0,1.1413679122924805,1.0,1.1413679122924805,1.0,3.3527612686157227e-08,1.0,0.9993358850479126,1.0000029802322388,5.271368980407715,1.9743437767028809,1.0,1.9743437767028809
GCN,996,1961,5,1,3,-4.085644721984863,2.056290626525879,6.141935348510742,0.8017836213111877,0.03412124142050743,0.0,1.0144754648208618,0.0,0.10837438423645321,0,0.0,0.0034891835310537334,5,1.0008795261383057,0.9991213083267212,0.9723540606496855,1.0,118.04334259033203,1.0,1.0064208507537842,1.0,1.0064208507537842,1.0,0.0,1.0000001192092896,0.9991213083267212,1.0008795261383057,4.9698944091796875,1.741207480430603,1.0,1.741207480430603
GCN,996,1962,5,1,3,-3.3476762771606445,2.4035849571228027,5.751261234283447,0.8017836213111877,0.0409243181347847,0.0,1.0144754648208618,0.0,0.10837438423645321,0,0.0,0.0034891835310537334,5,1.0012649297714233,0.9987367391586304,0.9723540606496855,1.0,118.04334259033203,1.0,1.0064208507537842,1.0,1.0064208507537842,1.0,0.0,1.0000001192092896,0.9987367391586304,1.0012649297714233,4.9698944091796875,1.741207480430603,1.0,1.741207480430603
GCN,996,1969,4,1,3,-3.096329927444458,4.252634525299072,7.34896445274353,0.8017836213111877,0.042418550699949265,0.0,1.0144754648208618,0.0,0.10837438423645321,0,0.0,0.0034891835310537334,5,1.001358985900879,0.9986429810523987,0.9723540606496855,1.0,118.04334259033203,1.0,1.0064208507537842,1.0,1.0064208507537842,1.0,3.725290298461914e-09,1.0000001192092896,0.9986429810523987,1.001358985900879,4.1827898025512695,1.741207480430603,1.0,1.741207480430603
GCN,996,1972,6,1,3,-1.0401029586791992,2.1077568531036377,3.147859811782837,0.8017836213111877,0.03172735869884491,0.0,1.0144754648208618,0.0,0.10837438423645321,0,0.0,0.0034891835310537334,5,1.0007604360580444,0.9992401599884033,0.9723540606496855,1.0,118.04334259033203,1.0,1.0064208507537842,1.0,1.0064208507537842,1.0,0.0,1.0000001192092896,0.9992401599884033,1.0007604360580444,4.865253448486328,1.741207480430603,1.0,1.741207480430603
GCN,996,1977,3,1,2,0.15703535079956055,3.2907917499542236,3.133756399154663,0.8660253286361694,0.04147058352828026,0.0,0.9392216801643372,0.0,0.10837438423645321,0,0.0,0.0034891835310537334,5,1.0012989044189453,0.998702883720398,0.8992005135073163,1.0,109.27578735351562,1.0,0.9316691160202026,1.0,0.9316691160202026,1.0,6.705522537231445e-08,1.0,0.998702883720398,1.0012989044189453,4.304054260253906,1.6120448112487793,1.0,1.6120448112487793
GCN,996,1983,0,1,4,0.2288355827331543,4.308565616607666,4.079730033874512,0.7499998807907104,0.02255108952522278,-0.06405989825725555,1.084519863128662,0.08826780319213867,0.23796892762410005,0,0.0,0.0034891835310537334,5,0.998607337474823,0.9996161460876465,1.0407128672118384,1.0,126.20463562011719,1.0,1.076006293296814,1.0,1.076006293296814,1.0,7.450580596923828e-09,1.0000001192092896,0.9996161460876465,0.998607337474823,4.9698944091796875,1.861429214477539,1.0,1.861429214477539
GCN,996,1996,3,0,5,-7.141660213470459,-1.752443552017212,5.389216661453247,0.7071066498756409,0.035515155643224716,-0.0038125852588564157,1.150307059288025,0.0,0.10837438423645321,0,0.0,0.0034891835310537334,5,1.000786542892456,0.9990478754043579,1.1051090585391374,1.0,133.870361328125,1.0,1.1413679122924805,1.0,1.1413679122924805,1.0,1.4901161193847656e-08,1.0000001192092896,0.9990478754043579,1.000786542892456,3.9847803115844727,1.9743437767028809,1.0,1.9743437767028809
GCN,996,2004,3,1,4,-4.945394515991211,0.8487441539764404,5.794138669967651,0.7499998807907104,0.029339483007788658,0.0,1.084519863128662,0.0,0.10837438423645321,0,0.0,0.0034891835310537334,5,1.000650405883789,0.9993501901626587,1.0407128672118384,1.0,126.20463562011719,1.0,1.076006293296814,1.0,1.076006293296814,1.0,7.450580596923828e-09,1.0000001192092896,0.9993501901626587,1.000650405883789,4.9698944091796875,1.861429214477539,1.0,1.861429214477539
GCN,996,2006,3,1,3,-5.342309474945068,0.9424991607666016,6.28480863571167,0.8017836213111877,0.043684832751750946,0.0,1.0144754648208618,0.0,0.10837438423645321,0,0.0,0.0034891835310537334,5,1.001441240310669,0.998560905456543,0.9723540606496855,1.0,118.04334259033203,1.0,1.0064208507537842,1.0,1.0064208507537842,1.0,0.0,1.0000001192092896,0.998560905456543,1.001441240310669,4.6489105224609375,1.741207480430603,1.0,1.741207480430603
GCN,996,2010,0,1,4,0.07083094120025635,3.0617425441741943,2.990911602973938,0.7499998807907104,0.028498560190200806,-0.004409189336001873,1.084519863128662,0.0,0.10837438423645321,0,0.0,0.0034891835310537334,5,1.0004593133926392,0.9993865489959717,1.0407128672118384,1.0,126.20463562011719,1.0,1.076006293296814,1.0,1.076006293296814,1.0,8.33000246558413e-09,1.0000001192092896,0.9993865489959717,1.0004593133926392,4.9698944091796875,1.861429214477539,1.0,1.861429214477539
GCN,996,2011,3,1,3,-1.5109174251556396,3.6507840156555176,5.161701440811157,0.8017836213111877,0.028305912390351295,-0.057641953229904175,1.0144754648208618,0.0,0.10837438423645321,0,0.0,0.0034891835310537334,5,0.9985986351966858,0.9993947148323059,0.9723540606496855,1.0,118.04334259033203,1.0,1.0064208507537842,1.0,1.0064208507537842,1.0,2.9802322387695312e-08,1.0,0.9993947148323059,0.9985986351966858,4.9698944091796875,1.741207480430603,1.0,1.741207480430603
GCN,996,2014,3,1,2,0.7768255472183228,3.864828109741211,3.088002562522888,0.8660253286361694,0.04926475137472153,0.0,0.9392216801643372,0.0,0.10837438423645321,0,0.0,0.0034891835310537334,5,1.0018324851989746,0.9981708526611328,0.8992005135073163,1.0,109.27578735351562,1.0,0.9316691160202026,1.0,0.9316691160202026,1.0,6.705522537231445e-08,1.0,0.9981708526611328,1.0018324851989746,3.386411666870117,1.6120448112487793,1.0,1.6120448112487793
GCN,996,2015,6,1,3,0.7425580024719238,3.4418785572052,2.6993205547332764,0.8017836213111877,0.027811937034130096,0.0,1.0144754648208618,0.0,0.10837438423645321,0,0.0,0.0034891835310537334,5,1.0005844831466675,0.999415934085846,0.9723540606496855,1.0,118.04334259033203,1.0,1.0064208507537842,1.0,1.0064208507537842,1.0,0.0,1.0000001192092896,0.999415934085846,1.0005844831466675,5.172829627990723,1.741207480430603,1.0000001192092896,1.741207242012024
GCN,996,2019,0,1,2,0.21670496463775635,2.86771821975708,2.6510132551193237,0.8660253286361694,0.0535748191177845,-0.011328076012432575,0.9392216801643372,0.0,0.10837438423645321,0,0.0,0.0034891835310537334,5,1.0014219284057617,0.9978349804878235,0.8992005135073163,1.0,109.27578735351562,1.0,0.9316691160202026,1.0,0.9316691160202026,1.0,6.869095869888042e-08,1.0,0.9978349804878235,1.0014219284057617,3.253559112548828,1.6120448112487793,1.0,1.6120448112487793
GCN,996,2038,3,1,2,-2.0976216793060303,4.21072244644165,6.308344125747681,0.8660253286361694,0.05329085513949394,-0.006759187206625938,0.9392216801643372,0.0,0.10837438423645321,0,0.0,0.0034891835310537334,5,1.001701831817627,0.997859001159668,0.8992005135073163,1.0,109.27578735351562,1.0,0.9316691160202026,1.0,0.9316691160202026,1.0,6.705522537231445e-08,1.0,0.997859001159668,1.001701831817627,4.304054260253906,1.6120448112487793,1.0,1.6120448112487793
GCN,996,2043,4,1,2,-2.138258695602417,3.893765926361084,6.032024621963501,0.8660253286361694,0.05481059476733208,0.0,0.9392216801643372,0.0,0.10837438423645321,0,0.0,0.0034891835310537334,5,1.002267837524414,0.9977372884750366,0.8992005135073163,1.0,109.27578735351562,1.0,0.9316691160202026,1.0,0.9316691160202026,1.0,6.705522537231445e-08,1.0,0.9977372884750366,1.002267837524414,3.5142457485198975,1.6120448112487793,1.0,1.6120448112487793
GCN,996,2045,1,1,32,-2.030148506164551,1.3958442211151123,3.425992727279663,0.35355332493782043,0.00851412396878004,-0.0619824081659317,2.30061411857605,0.0,0.10837438423645321,0,0.0,0.0034891835310537334,5,0.9994058609008789,0.9999454021453857,2.2441732405906096,1.0,267.94024658203125,1.0,2.2846333980560303,1.0,2.2846333980560303,1.0,7.957223324694951e-09,1.0000001192092896,0.9999454021453857,0.9994058609008789,10.542738914489746,3.9486875534057617,1.0,3.9486875534057617
GCN,996,2051,0,1,3,1.2467446327209473,4.020089626312256,2.7733449935913086,0.8017836213111877,0.03236551210284233,-0.05856287479400635,1.0144754648208618,0.0,0.10837438423645321,0,0.0,0.0034891835310537334,5,0.9984601736068726,0.999208390712738,0.9723540606496855,1.0,118.04334259033203,1.0,1.0064208507537842,1.0,1.0064208507537842,1.0,3.725290298461914e-09,1.0000001192092896,0.999208390712738,0.9984601736068726,4.6489105224609375,1.741207480430603,1.0,1.741207480430603
GCN,996,2054,0,1,9,2.9552009105682373,5.814766883850098,2.8595659732818604,0.588348388671875,0.016404271125793457,-0.03823583200573921,1.382496953010559,0.0,0.10837438423645321,0,0.0,0.0034891835310537334,5,0.9994320869445801,0.9997968077659607,1.333475532498934,1.0,160.9285125732422,1.0,1.37208890914917,1.0,1.37208890914917,1.0,9.125060707049215e-09,1.0000001192092896,0.9997968077659607,0.9994320869445801,6.182713985443115,2.372865676879883,1.0,2.372865676879883
GCN,996,2055,0,1,4,1.2253402471542358,5.453187465667725,4.227847218513489,0.7499998807907104,0.027869442477822304,-0.028166430070996284,1.084519863128662,0.0,0.10837438423645321,0,0.0,0.0034891835310537334,5,0.9996218681335449,0.9994128942489624,1.0407128672118384,1.0,126.20463562011719,1.0,1.076006293296814,1.0,1.076006293296814,1.0,7.450580596923828e-09,1.0000001192092896,0.9994128942489624,0.9996218681335449,4.6012282371521,1.861429214477539,1.0,1.861429214477539
GCN,996,2058,5,1,3,-3.460204839706421,2.3453621864318848,5.805567026138306,0.8017836213111877,0.05248594656586647,0.0,1.0144754648208618,0.0,0.10837438423645321,0,0.0,0.0034891835310537334,5,1.002079725265503,0.9979246854782104,0.9723540606496855,1.0,118.04334259033203,1.0,1.0064208507537842,1.0,1.0064208507537842,1.0,0.0,1.0000001192092896,0.9979246854782104,1.002079725265503,4.758311748504639,1.741207480430603,1.0,1.741207480430603
GCN,996,2059,0,1,6,1.5467991828918457,4.963590145111084,3.4167909622192383,0.6708203554153442,0.024539893493056297,-0.0756620392203331,1.2125300168991089,0.08434278517961502,0.22735884804850323,0,0.0,0.0034891835310537334,5,0.9981706738471985,0.9995458722114563,1.166159309467222,1.0,141.12112426757812,1.0,1.2031928300857544,1.0,1.2031928300857544,1.0,8.33000246558413e-09,1.0000001192092896,0.9995458722114563,0.9981706738471985,5.815089702606201,2.0811409950256348,1.0,2.0811409950256348
GCN,996,2071,2,1,8,0.46975958347320557,3.0127944946289062,2.5430349111557007,0.6123723983764648,0.02076598070561886,-0.037686772644519806,1.328260064125061,0.0,0.10837438423645321,0,0.0,0.0034891835310537334,5,0.9993634819984436,0.9996742010116577,1.280008691668803,1.0,154.60775756835938,1.0,1.3181915283203125,1.0,1.3181915283203125,1.0,1.8811793012218914e-08,1.0000001192092896,0.9996742010116577,0.9993634819984436,5.313040256500244,2.279775619506836,1.0,2.279775619506836
GCN,996,2072,0,1,3,2.1362624168395996,5.373054027557373,3.2367916107177734,0.8017836213111877,0.03359357640147209,-0.025769347324967384,1.0144754648208618,0.0,0.10837438423645321,0,0.0,0.0034891835310537334,5,0.9997885823249817,0.9991469979286194,0.9723540606496855,1.0,118.04334259033203,1.0,1.0064208507537842,1.0,1.0064208507537842,1.0,3.0719530030864917e-08,1.0,0.9991469979286194,0.9997885823249817,4.421996116638184,1.741207480430603,1.0,1.741207480430603
GCN,996,2075,3,1,8,-3.5466370582580566,1.8035883903503418,5.350225448608398,0.6123723983764648,0.019943196326494217,-0.015561310574412346,1.328260064125061,0.0,0.10837438423645321,0,0.0,0.0034891835310537334,5,0.9999191164970398,0.9996993541717529,1.280008691668803,1.0,154.60775756835938,1.0,1.3181915283203125,1.0,1.3181915283203125,1.0,1.825012141409843e-08,1.0000001192092896,0.9996993541717529,0.9999191164970398,5.476556777954102,2.279775619506836,1.0,2.279775619506836
GCN,996,2082,1,1,2,-1.9600239992141724,3.357656478881836,5.317680478096008,0.8660253286361694,0.09021378308534622,0.0,0.9392216801643372,0.0,0.10837438423645321,0,0.0,0.0034891835310537334,5,1.006131649017334,0.9939056634902954,0.8992005135073163,1.0,109.27578735351562,1.0,0.9316691160202026,1.0,0.9316691160202026,1.0,6.705522537231445e-08,1.0,0.9939056634902954,1.006131649017334,1.8784433603286743,1.6120448112487793,1.0,1.6120448112487793
GCN,996,2087,1,1,2,-2.026311159133911,2.437398672103882,4.463709831237793,0.8660253286361694,0.04726164788007736,0.0,0.9392216801643372,0.0,0.10837438423645321,0,0.0,0.0034891835310537334,5,1.0016865730285645,0.9983162879943848,0.8992005135073163,1.0,109.27578735351562,1.0,0.9316691160202026,1.0,0.9316691160202026,1.0,6.705522537231445e-08,1.0,0.9983162879943848,1.0016865730285645,4.200326919555664,1.6120448112487793,1.0,1.6120448112487793
GCN,996,2096,1,1,6,-1.6575429439544678,2.69112229347229,4.348665237426758,0.6708203554153442,0.022502277046442032,-0.03931509330868721,1.2125300168991089,0.08089875429868698,0.22110647972716937,0,0.0,0.0034891835310537334,5,0.9992948174476624,0.999617338180542,1.166159309467222,1.0,141.12112426757812,1.0,1.2031928300857544,1.0,1.2031928300857544,1.0,6.052880507922964e-08,1.0,0.999617338180542,0.9992948174476624,6.062650203704834,2.0811409950256348,1.0,2.0811409950256348
GCN,996,2105,5,1,2,0.11939716339111328,4.222453594207764,4.10305643081665,0.8660253286361694,0.04772282764315605,-0.04695663973689079,0.9392216801643372,0.015075122937560081,0.10837438423645321,0,0.0,0.0034891835310537334,5,0.9989655017852783,0.9982776641845703,0.8992005135073163,1.0,109.27578735351562,1.0,0.9316691160202026,1.0,0.9316691160202026,1.0,6.705522537231445e-08,1.0,0.9982776641845703,0.9989655017852783,4.5043487548828125,1.6120448112487793,1.0,1.6120448112487793
GCN,996,2107,1,1,4,-1.2301685810089111,3.2447946071624756,4.474963188171387,0.7499998807907104,0.0266443882137537,-0.027641795575618744,1.084519863128662,0.0,0.10837438423645321,0,0.0,0.0034891835310537334,5,0.9996309876441956,0.9994634389877319,1.0407128672118384,1.0,126.20463562011719,1.0,1.076006293296814,1.0,1.076006293296814,1.0,7.679882507716229e-09,1.0000001192092896,0.9994634389877319,0.9996309876441956,4.727312088012695,1.861429214477539,1.0,1.861429214477539
GCN,996,2113,2,1,6,-2.7772305011749268,2.8970487117767334,5.67427921295166,0.6708203554153442,0.02168796956539154,-0.03019251488149166,1.2125300168991089,0.0,0.10837438423645321,0,0.0,0.0034891835310537334,5,0.9995502829551697,0.9996446371078491,1.166159309467222,1.0,141.12112426757812,1.0,1.2031928300857544,1.0,1.2031928300857544,1.0,1.053671194739536e-08,1.0000001192092896,0.9996446371078491,0.9995502829551697,6.182713985443115,2.0811409950256348,1.0,2.0811409950256348
GCN,996,2120,4,1,5,-2.406450033187866,3.238281726837158,5.644731760025024,0.7071066498756409,0.03176762908697128,0.0,1.150307059288025,0.0,0.10837438423645321,0,0.0,0.0034891835310537334,5,1.0007623434066772,0.9992382526397705,1.1051090585391374,1.0,133.870361328125,1.0,1.1413679122924805,1.0,1.1413679122924805,1.0,1.4901161193847656e-08,1.0000001192092896,0.9992382526397705,1.0007623434066772,5.144329071044922,1.9743437767028809,1.0,1.9743437767028809
GCN,996,2122,4,1,10,-4.49241828918457,1.6458410024642944,6.138259291648865,0.5669466257095337,0.015233490616083145,-0.0775538831949234,1.4346848726272583,0.1780093014240265,0.6023114816218265,1,0.0,0.0034891835310537334,5,0.9987221360206604,0.9998252391815186,1.384979188535478,1.0,167.0106658935547,1.0,1.4239519834518433,1.0,1.4239519834518433,1.0,1.666000493116826e-08,1.0000001192092896,0.9998252391815186,0.9987221360206604,7.028491497039795,2.4624390602111816,1.0,2.4624390602111816
GCN,996,2130,4,1,12,-5.134901523590088,1.5644965171813965,6.699398040771484,0.5303300619125366,0.021718842908740044,0.0,1.5337426662445068,0.0,0.10837438423645321,0,0.0,0.0034891835310537334,5,1.0003563165664673,0.9996438026428223,1.4828695593770052,1.0,178.5554656982422,1.0,1.5223971605300903,1.0,1.5223971605300903,1.0,6.244724204407248e-08,1.0000001192092896,0.9996438026428223,1.0003563165664673,6.507119178771973,2.632457971572876,1.0,2.632457971572876
GCN,996,2131,0,1,3,1.8554399013519287,4.87924861907959,3.023808717727661,0.8017836213111877,0.034073006361722946,-0.021571127697825432,1.0144754648208618,0.018667196854948997,0.10837438423645321,0,0.0,0.0034891835310537334,5,0.9999738335609436,0.9991226196289062,0.9723540606496855,1.0,118.04334259033203,1.0,1.0064208507537842,1.0,1.0064208507537842,1.0,7.450580596923828e-09,1.0000001192092896,0.9991226196289062,0.9999738335609436,3.929046154022217,1.741207480430603,1.0,1.741207480430603
GCN,996,2139,3,0,4,-5.753439903259277,-0.5445482730865479,5.2088916301727295,0.7499998807907104,0.0377153716981411,0.0,1.084519863128662,0.0,0.10837438423645321,0,0.0,0.0034891835310537334,5,1.0010744333267212,0.9989267587661743,1.0407128672118384,1.0,126.20463562011719,1.0,1.076006293296814,1.0,1.076006293296814,1.0,7.450580596923828e-09,1.0000001192092896,0.9989267587661743,1.0010744333267212,4.8501200675964355,1.861429214477539,1.0,1.861429214477539
GCN,996,2141,3,0,4,-6.633144378662109,-0.5812485218048096,6.0518958568573,0.7499998807907104,0.04076367989182472,0.0,1.084519863128662,0.0,0.10837438423645321,0,0.0,0.0034891835310537334,5,1.0012550354003906,0.9987465739250183,1.0407128672118384,1.0,126.20463562011719,1.0,1.076006293296814,1.0,1.076006293296814,1.0,7.679882507716229e-09,1.0000001192092896,0.9987465739250183,1.0012550354003906,4.850120544433594,1.861429214477539,1.0,1.861429214477539
GCN,996,2153,4,1,3,0.47979724407196045,3.9537947177886963,3.473997473716736,0.8017836213111877,0.034706272184848785,0.0,1.0144754648208618,0.0,0.10837438423645321,0,0.0,0.0034891835310537334,5,1.0009099245071411,0.9990909695625305,0.9723540606496855,1.0,118.04334259033203,1.0,1.0064208507537842,1.0,1.0064208507537842,1.0,0.0,1.0000001192092896,0.9990909695625305,1.0009099245071411,4.421995639801025,1.741207480430603,1.0,1.741207480430603
GCN,996,2156,0,1,4,0.6937073469161987,3.5459144115448,2.852207064628601,0.7499998807907104,0.028042687103152275,0.0,1.084519863128662,0.0,0.10837438423645321,0,0.0,0.0034891835310537334,5,1.0005940198898315,0.9994063377380371,1.0407128672118384,1.0,126.20463562011719,1.0,1.076006293296814,1.0,1.076006293296814,1.0,7.450580596923828e-09,1.0000001192092896,0.9994063377380371,1.0005940198898315,5.201174259185791,1.861429214477539,1.0,1.861429214477539
GCN,996,2157,6,1,5,-2.3073134422302246,0.6715526580810547,2.9788661003112793,0.7071066498756409,0.02939080260694027,-0.0224135834723711,1.150307059288025,0.0,0.10837438423645321,0,0.0,0.0034891835310537334,5,0.9998429417610168,0.9993470907211304,1.1051090585391374,1.0,133.870361328125,1.0,1.1413679122924805,1.0,1.1413679122924805,1.0,1.4901161193847656e-08,1.0000001192092896,0.9993470907211304,0.9998429417610168,5.144329071044922,1.9743437767028809,1.0,1.9743437767028809
GCN,996,2158,6,1,1,-1.7722654342651367,1.9646397829055786,3.7369052171707153,0.9486831426620483,0.07506507635116577,0.0,0.8573882579803467,0.0,0.10837438423645321,0,0.0,0.0034891835310537334,5,1.0042494535446167,0.9957684874534607,0.8200823869837026,1.0,99.74270629882812,1.0,0.8503942489624023,1.0,0.8503942489624023,1.0,6.006850128414953e-08,1.0000001192092896,0.9957684874534607,1.0042494535446167,3.7372686862945557,1.4715889692306519,1.0,1.4715889692306519
GCN,996,2160,6,1,8,-2.5183749198913574,0.33180761337280273,2.85018253326416,0.6123723983764648,0.02421741746366024,-0.08057090640068054,1.328260064125061,0.0,0.10837438423645321,0,0.0,0.0034891835310537334,5,0.9980424642562866,0.9995577931404114,1.280008691668803,1.0,154.60775756835938,1.0,1.3181915283203125,1.0,1.3181915283203125,1.0,1.9177106125312093e-08,1.0000001192092896,0.9995577931404114,0.9980424642562866,5.789751052856445,2.279775619506836,1.0,2.279775619506836
GCN,996,2164,6,1,3,-2.520350694656372,0.561039924621582,3.081390619277954,0.8017836213111877,0.03696797415614128,0.0,1.0144754648208618,0.0,0.10837438423645321,0,0.0,0.0034891835310537334,5,1.0010323524475098,0.998968780040741,0.9723540606496855,1.0,118.04334259033203,1.0,1.0064208507537842,1.0,1.0064208507537842,1.0,0.0,1.0000001192092896,0.998968780040741,1.0010323524475098,4.758311748504639,1.741207480430603,1.0,1.741207480430603
GCN,996,2165,6,1,3,-1.0389727354049683,2.25620174407959,3.295174479484558,0.8017836213111877,0.030789891257882118,0.0,1.0144754648208618,0.0,0.10837438423645321,0,0.0,0.0034891835310537334,5,1.000716209411621,0.9992843270301819,0.9723540606496855,1.0,118.04334259033203,1.0,1.0064208507537842,1.0,1.0064208507537842,1.0,0.0,1.0000001192092896,0.9992843270301819,1.000716209411621,4.758311748504639,1.741207480430603,1.0,1.741207480430603
GCN,996,2166,5,1,2,-3.0870652198791504,1.2704942226409912,4.357559442520142,0.8660253286361694,0.08365887403488159,0.0,0.9392216801643372,0.0,0.10837438423645321,0,0.0,0.0034891835310537334,5,1.0052752494812012,0.9947524070739746,0.8992005135073163,1.0,109.27578735351562,1.0,0.9316691160202026,1.0,0.9316691160202026,1.0,6.705522537231445e-08,1.0,0.9947524070739746,1.0052752494812012,2.100163459777832,1.6120448112487793,1.0,1.6120448112487793
GCN,996,2172,0,1,5,2.7101612091064453,6.15266752243042,3.4425063133239746,0.7071066498756409,0.030745897442102432,-0.004364221356809139,1.150307059288025,0.0,0.10837438423645321,0,0.0,0.0034891835310537334,5,1.00054931640625,0.9992860555648804,1.1051090585391374,1.0,133.870361328125,1.0,1.1413679122924805,1.0,1.1413679122924805,1.0,1.666000493116826e-08,1.0000001192092896,0.9992860555648804,1.00054931640625,5.516678810119629,1.9743437767028809,1.0,1.9743437767028809
GCN,996,2177,3,1,4,0.43408334255218506,2.9967041015625,2.562620759010315,0.7499998807907104,0.060897283256053925,0.0,1.084519863128662,0.0,0.10837438423645321,0,0.0,0.0034891835310537334,5,1.0027987957000732,0.9972091317176819,1.0407128672118384,1.0,126.20463562011719,1.0,1.076006293296814,1.0,1.076006293296814,1.0,7.450580596923828e-09,1.0000001192092896,0.9972091317176819,1.0027987957000732,1.5337426662445068,1.861429214477539,1.0,1.861429214477539
GCN,996,2181,0,1,8,3.597639560699463,6.459445953369141,2.8618063926696777,0.6123723983764648,0.027886133641004562,-0.0010285243624821305,1.328260064125061,0.0,0.10837438423645321,0,0.0,0.0034891835310537334,5,1.0005522966384888,0.9994127750396729,1.280008691668803,1.0,154.60775756835938,1.0,1.3181915283203125,1.0,1.3181915283203125,1.0,2.014758848645215e-08,1.0000001192092896,0.9994127750396729,1.0005522966384888,6.370111465454102,2.279775619506836,1.0,2.279775619506836
GCN,996,2189,0,1,6,1.0327212810516357,3.8784561157226562,2.8457348346710205,0.6708203554153442,0.02135578542947769,-0.03513854742050171,1.2125300168991089,0.032240211963653564,0.10837438423645321,0,0.0,0.0034891835310537334,5,0.9994220733642578,0.9996553659439087,1.166159309467222,1.0,141.12112426757812,1.0,1.2031928300857544,1.0,1.2031928300857544,1.0,6.052880507922964e-08,1.0,0.9996553659439087,0.9994220733642578,5.422598838806152,2.0811409950256348,1.0,2.0811409950256348
GCN,996,2195,0,1,4,-0.6796921491622925,2.5216362476348877,3.20132839679718,0.7499998807907104,0.03672810643911362,-0.010568035766482353,1.084519863128662,0.0,0.10837438423645321,0,0.0,0.0034891835310537334,5,1.000542163848877,0.998981237411499,1.0407128672118384,1.0,126.20463562011719,1.0,1.076006293296814,1.0,1.076006293296814,1.0,1.666000493116826e-08,1.0000001192092896,0.998981237411499,1.000542163848877,4.057901859283447,1.861429214477539,1.0,1.861429214477539
GCN,996,2198,0,1,5,2.1583633422851562,5.585946083068848,3.4275827407836914,0.7071066498756409,0.023195473477244377,-0.03285370394587517,1.150307059288025,0.0,0.10837438423645321,0,0.0,0.0034891835310537334,5,0.9994695782661438,0.9995933771133423,1.1051090585391374,1.0,133.870361328125,1.0,1.1413679122924805,1.0,1.1413679122924805,1.0,6.143906006172983e-08,1.0,0.9995933771133423,0.9994695782661438,4.742837429046631,1.9743437767028809,1.0,1.9743437767028809
GCN,996,2212,3,1,4,-2.585069417953491,2.788909912109375,5.373979330062866,0.7499998807907104,0.032489582896232605,-0.009294134564697742,1.084519863128662,0.0,0.10837438423645321,0,0.0,0.0034891835310537334,5,1.0004265308380127,0.9992026090621948,1.0407128672118384,1.0,126.20463562011719,1.0,1.076006293296814,1.0,1.076006293296814,1.0,0.0,1.0000001192092896,0.9992026090621948,1.0004265308380127,4.8501200675964355,1.861429214477539,1.0,1.861429214477539
GCN,996,2215,3,1,4,-2.6230835914611816,3.179596424102783,5.802680015563965,0.7499998807907104,0.031249020248651505,-0.02182038314640522,1.084519863128662,0.0,0.10837438423645321,0,0.0,0.0034891835310537334,5,0.999899685382843,0.9992620348930359,1.0407128672118384,1.0,126.20463562011719,1.0,1.076006293296814,1.0,1.076006293296814,1.0,7.450580596923828e-09,1.0000001192092896,0.9992620348930359,0.999899685382843,4.338079452514648,1.861429214477539,1.0,1.861429214477539
GCN,996,2218,1,1,2,-1.3499860763549805,3.590240716934204,4.940226793289185,0.8660253286361694,0.10057755559682846,0.0,0.9392216801643372,0.0,0.10837438423645321,0,0.0,0.0034891835310537334,5,1.0076159238815308,0.9924416542053223,0.8992005135073163,1.0,109.27578735351562,1.0,0.9316691160202026,1.0,0.9316691160202026,1.0,6.705522537231445e-08,1.0,0.9924416542053223,1.0076159238815308,1.8784433603286743,1.6120448112487793,1.0,1.6120448112487793
GCN,996,2224,4,1,8,-3.117541790008545,1.6410151720046997,4.758556962013245,0.6123723983764648,0.01864817552268505,-0.11286211013793945,1.328260064125061,0.20554743707180023,0.6962864721485411,1,0.0,0.0034891835310537334,5,0.9976725578308105,0.9997393488883972,1.280008691668803,1.0,154.60775756835938,1.0,1.3181915283203125,1.0,1.3181915283203125,1.0,1.666000493116826e-08,1.0000001192092896,0.9997393488883972,0.9976725578308105,5.6353302001953125,2.279775619506836,1.0,2.279775619506836
GCN,996,2228,6,1,6,-1.3022191524505615,1.5618939399719238,2.8641130924224854,0.6708203554153442,0.02134540118277073,0.0,1.2125300168991089,0.0,0.10837438423645321,0,0.0,0.0034891835310537334,5,1.0003442764282227,0.9996559619903564,1.166159309467222,1.0,141.12112426757812,1.0,1.2031928300857544,1.0,1.2031928300857544,1.0,6.058609614001398e-08,1.0,0.9996559619903564,1.0003442764282227,5.940159320831299,2.0811409950256348,1.0,2.0811409950256348
GCN,996,2229,3,1,3,-2.6750986576080322,2.823281764984131,5.498380422592163,0.8017836213111877,0.04354128986597061,0.0,1.0144754648208618,0.0,0.10837438423645321,0,0.0,0.0034891835310537334,5,1.0014318227767944,0.9985703229904175,0.9723540606496855,1.0,118.04334259033203,1.0,1.0064208507537842,1.0,1.0064208507537842,1.0,0.0,1.0000001192092896,0.9985703229904175,1.0014318227767944,4.182789325714111,1.741207480430603,1.0,1.741207480430603
GCN,996,2231,0,1,2,-1.9313316345214844,4.291069984436035,6.2224016189575195,0.8660253286361694,0.04434539005160332,-0.006830077152699232,0.9392216801643372,0.0,0.10837438423645321,0,0.0,0.0034891835310537334,5,1.0011130571365356,0.9985162019729614,0.8992005135073163,1.0,109.27578735351562,1.0,0.9316691160202026,1.0,0.9316691160202026,1.0,6.705522537231445e-08,1.0,0.9985162019729614,1.0011130571365356,4.601227760314941,1.6120448112487793,1.0,1.6120448112487793
GCN,996,2232,0,1,3,2.069331169128418,5.5070695877075195,3.4377384185791016,0.8017836213111877,0.03898737207055092,-0.005606446880847216,1.0144754648208618,0.0,0.10837438423645321,0,0.0,0.0034891835310537334,5,1.0008796453475952,0.9988527297973633,0.9723540606496855,1.0,118.04334259033203,1.0,1.0064208507537842,1.0,1.0064208507537842,1.0,7.450580596923828e-09,1.0000001192092896,0.9988527297973633,1.0008796453475952,4.536871910095215,1.741207480430603,1.0,1.741207480430603
GCN,996,2235,5,1,3,-4.774165630340576,1.7035558223724365,6.477721452713013,0.8017836213111877,0.043063580989837646,-0.18328545987606049,1.0144754648208618,0.21801596879959106,0.7281167108753316,1,0.0,0.0034891835310537334,5,0.9916630983352661,0.9986217617988586,0.9723540606496855,1.0,118.04334259033203,1.0,1.0064208507537842,1.0,1.0064208507537842,1.0,3.003425064207477e-08,1.0,0.9986217617988586,0.9916630983352661,4.057901859283447,1.741207480430603,1.0,1.741207480430603
GCN,996,2249,4,1,6,-4.258240699768066,3.219442367553711,7.477683067321777,0.6708203554153442,0.019440259784460068,0.0,1.2125300168991089,0.0,0.10837438423645321,0,0.0,0.0034891835310537334,5,1.0002856254577637,0.9997146129608154,1.166159309467222,1.0,141.12112426757812,1.0,1.2031928300857544,1.0,1.2031928300857544,1.0,6.055745416233549e-08,1.0,0.9997146129608154,1.0002856254577637,5.422598838806152,2.0811409950256348,1.0,2.0811409950256348
GCN,996,2264,4,1,1,-0.16172659397125244,4.438938140869141,4.600664734840393,0.9486831426620483,0.07057054340839386,0.0,0.8573882579803467,0.0,0.10837438423645321,0,0.0,0.0034891835310537334,5,1.0037566423416138,0.996257483959198,0.8200823869837026,1.0,99.74270629882812,1.0,0.8503942489624023,1.0,0.8503942489624023,1.0,6.006850128414953e-08,1.0000001192092896,0.996257483959198,1.0037566423416138,4.111889362335205,1.4715889692306519,0.9999999403953552,1.4715890884399414
GCN,996,2274,0,1,3,-0.7603871822357178,2.5427026748657227,3.3030898571014404,0.8017836213111877,0.03593374043703079,0.0,1.0144754648208618,0.0,0.10837438423645321,0,0.0,0.0034891835310537334,5,1.0009753704071045,0.9990255832672119,0.9723540606496855,1.0,118.04334259033203,1.0,1.0064208507537842,1.0,1.0064208507537842,1.0,0.0,1.0000001192092896,0.9990255832672119,1.0009753704071045,4.182789325714111,1.741207480430603,1.0,1.741207480430603
GCN,996,2279,2,1,3,-4.4006123542785645,2.595839500427246,6.9964518547058105,0.8017836213111877,0.0312647819519043,-0.031888384371995926,1.0144754648208618,0.04558587074279785,0.12182644941265632,0,0.0,0.0034891835310537334,5,0.9995129108428955,0.9992610812187195,0.9723540606496855,1.0,118.04334259033203,1.0,1.0064208507537842,1.0,1.0064208507537842,1.0,1.5017125321037383e-08,1.0000001192092896,0.9992610812187195,0.9995129108428955,4.9698944091796875,1.741207480430603,1.0,1.741207480430603
GCN,996,2288,5,1,3,-2.297905445098877,2.677417516708374,4.975322961807251,0.8017836213111877,0.040046680718660355,0.0,1.0144754648208618,0.0,0.10837438423645321,0,0.0,0.0034891835310537334,5,1.0012112855911255,0.9987902641296387,0.9723540606496855,1.0,118.04334259033203,1.0,1.0064208507537842,1.0,1.0064208507537842,1.0,0.0,1.0000001192092896,0.9987902641296387,1.0012112855911255,4.536871910095215,1.741207480430603,1.0,1.741207480430603
GCN,996,2293,0,1,3,-0.49103105068206787,2.786214828491211,3.277245879173279,0.8017836213111877,0.03955579921603203,0.0,1.0144754648208618,0.0,0.10837438423645321,0,0.0,0.0034891835310537334,5,1.001181721687317,0.9988197088241577,0.9723540606496855,1.0,118.04334259033203,1.0,1.0064208507537842,1.0,1.0064208507537842,1.0,0.0,1.0000001192092896,0.9988197088241577,1.001181721687317,4.3040547370910645,1.741207480430603,1.0,1.741207480430603
GCN,996,2297,4,1,3,-3.7450032234191895,4.288109302520752,8.033112525939941,0.8017836213111877,0.05695796385407448,0.0,1.0144754648208618,0.0,0.10837438423645321,0,0.0,0.0034891835310537334,5,1.0024487972259521,0.9975572228431702,0.9723540606496855,1.0,118.04334259033203,1.0,1.0064208507537842,1.0,1.0064208507537842,1.0,0.0,1.0000001192092896,0.9975572228431702,1.0024487972259521,4.9698944091796875,1.741207480430603,1.0,1.741207480430603
GCN,996,2299,4,1,2,-2.7862017154693604,3.6219992637634277,6.408200979232788,0.8660253286361694,0.04767318069934845,0.0,0.9392216801643372,0.0,0.10837438423645321,0,0.0,0.0034891835310537334,5,1.0017160177230835,0.9982868432998657,0.8992005135073163,1.0,109.27578735351562,1.0,0.9316691160202026,1.0,0.9316691160202026,1.0,6.705522537231445e-08,1.0,0.9982868432998657,1.0017160177230835,4.093972206115723,1.6120448112487793,1.0,1.6120448112487793
GCN,996,2302,3,1,2,-2.280867099761963,3.2053236961364746,5.4861907958984375,0.8660253286361694,0.03836897388100624,0.0,0.9392216801643372,0.0,0.10837438423645321,0,0.0,0.0034891835310537334,5,1.0011118650436401,0.9988893270492554,0.8992005135073163,1.0,109.27578735351562,1.0,0.9316691160202026,1.0,0.9316691160202026,1.0,6.705522537231445e-08,1.0,0.9988893270492554,1.0011118650436401,4.5043487548828125,1.6120448112487793,1.0,1.6120448112487793
GCN,996,2310,3,1,2,-0.6366667747497559,2.721485137939453,3.358151912689209,0.8660253286361694,0.05637802183628082,-0.04707808792591095,0.9392216801643372,0.0,0.10837438423645321,0,0.0,0.0034891835310537334,5,0.9991385340690613,0.997596263885498,0.8992005135073163,1.0,109.27578735351562,1.0,0.9316691160202026,1.0,0.9316691160202026,1.0,6.705522537231445e-08,1.0,0.997596263885498,0.9991385340690613,3.9847800731658936,1.6120448112487793,1.0,1.6120448112487793
GCN,996,2316,3,1,1,-3.263369083404541,2.202955722808838,5.466324806213379,0.9486831426620483,0.08433899283409119,0.0,0.8573882579803467,0.0,0.10837438423645321,0,0.0,0.0034891835310537334,5,1.0053613185882568,0.9946672916412354,0.8200823869837026,1.0,99.74270629882812,1.0,0.8503942489624023,1.0,0.8503942489624023,1.0,6.006850128414953e-08,1.0000001192092896,0.9946672916412354,1.0053613185882568,3.8343565464019775,1.4715889692306519,1.0,1.4715889692306519
GCN,996,2318,1,1,2,-0.9317112565040588,4.224392414093018,5.156103670597076,0.8660253286361694,0.04087688401341438,0.0,0.9392216801643372,0.0,0.10837438423645321,0,0.0,0.0034891835310537334,5,1.0012619495391846,0.9987396597862244,0.8992005135073163,1.0,109.27578735351562,1.0,0.9316691160202026,1.0,0.9316691160202026,1.0,6.705522537231445e-08,1.0,0.9987396597862244,1.0012619495391846,4.696108341217041,1.6120448112487793,1.0,1.6120448112487793
GCN,996,2320,3,1,2,-0.7970617413520813,4.181321144104004,4.978382885456085,0.8660253286361694,0.0470731146633625,0.0,0.9392216801643372,0.0,0.10837438423645321,0,0.0,0.0034891835310537334,5,1.0016732215881348,0.9983295798301697,0.8992005135073163,1.0,109.27578735351562,1.0,0.9316691160202026,1.0,0.9316691160202026,1.0,6.705522537231445e-08,1.0,0.9983295798301697,1.0016732215881348,3.9847800731658936,1.6120448112487793,1.0,1.6120448112487793
GCN,996,2321,0,1,2,1.0848214626312256,4.8717427253723145,3.786921262741089,0.8660253286361694,0.04849979281425476,-0.031535934656858444,0.9392216801643372,0.0,0.10837438423645321,0,0.0,0.0034891835310537334,5,0.9998972415924072,0.9982221722602844,0.8992005135073163,1.0,109.27578735351562,1.0,0.9316691160202026,1.0,0.9316691160202026,1.0,6.705522537231445e-08,1.0,0.9982221722602844,0.9998972415924072,4.093972206115723,1.6120448112487793,1.0,1.6120448112487793
GCN,996,2330,0,1,3,0.6387317180633545,4.933206558227539,4.294474840164185,0.8017836213111877,0.034849561750888824,-0.019273076206445694,1.0144754648208618,0.03006415255367756,0.10837438423645321,0,0.0,0.0034891835310537334,5,1.0000921487808228,0.9990822672843933,0.9723540606496855,1.0,118.04334259033203,1.0,1.0064208507537842,1.0,1.0064208507537842,1.0,1.4901161193847656e-08,1.0000001192092896,0.9990823268890381,1.0000921487808228,4.865253448486328,1.741207480430603,1.0,1.741207480430603
GCN,996,2331,1,1,2,-1.6797244548797607,3.127817392349243,4.807541847229004,0.8660253286361694,0.055538635700941086,0.0,0.9392216801643372,0.0,0.10837438423645321,0,0.0,0.0034891835310537334,5,1.0023283958435059,0.9976770877838135,0.8992005135073163,1.0,109.27578735351562,1.0,0.9316691160202026,1.0,0.9316691160202026,1.0,6.705522537231445e-08,1.0,0.9976770877838135,1.0023283958435059,3.8725101947784424,1.6120448112487793,1.0,1.6120448112487793
GCN,996,2337,4,1,1,-3.8941173553466797,4.479310035705566,8.373427391052246,0.9486831426620483,0.08601745963096619,-0.011461373418569565,0.8573882579803467,0.015413930639624596,0.10837438423645321,0,0.0,0.0034891835310537334,5,1.004370093345642,0.9944421648979187,0.8200823869837026,1.0,99.74270629882812,1.0,0.8503942489624023,1.0,0.8503942489624023,1.0,6.006850128414953e-08,1.0000001192092896,0.9944421648979187,1.004370093345642,4.021507263183594,1.4715889692306519,1.0,1.4715889692306519
GCN,996,2341,4,1,1,-3.597424268722534,2.6535000801086426,6.250924348831177,0.9486831426620483,0.14220845699310303,0.0,0.8573882579803467,0.0,0.10837438423645321,0,0.0,0.0034891835310537334,5,1.0151684284210205,0.9850581884384155,0.8200823869837026,1.0,99.74270629882812,1.0,0.8503942489624023,1.0,0.8503942489624023,1.0,6.006850128414953e-08,1.0000001192092896,0.9850581884384155,1.0151684284210205,3.535102367401123,1.4715889692306519,1.0,1.4715889692306519
GCN,996,2342,0,1,1,1.088758945465088,4.524079322814941,3.4353203773498535,0.9486831426620483,0.07826709002256393,-0.03522820770740509,0.8573882579803467,0.0,0.10837438423645321,0,0.0,0.0034891835310537334,5,1.0012388229370117,0.9953770637512207,0.8200823869837026,1.0,99.74270629882812,1.0,0.8503942489624023,1.0,0.8503942489624023,1.0,6.188916756855178e-08,1.0000001192092896,0.9953770637512207,1.0012388229370117,3.6375904083251953,1.4715889692306519,1.0,1.4715889692306519
GCN,996,2346,3,1,3,-2.7774558067321777,3.1261956691741943,5.903651475906372,0.8017836213111877,0.03505385294556618,0.0,1.0144754648208618,0.0,0.10837438423645321,0,0.0,0.0034891835310537334,5,1.000928282737732,0.9990726709365845,0.9723540606496855,1.0,118.04334259033203,1.0,1.0064208507537842,1.0,1.0064208507537842,1.0,1.862645149230957e-09,1.0000001192092896,0.9990726709365845,1.000928282737732,4.865253448486328,1.741207480430603,1.0,1.741207480430603
GCN,996,2347,0,1,3,0.7865833044052124,5.300559043884277,4.513975739479065,0.8017836213111877,0.033701181411743164,0.0,1.0144754648208618,0.0,0.10837438423645321,0,0.0,0.0034891835310537334,5,1.0008580684661865,0.9991427659988403,0.9723540606496855,1.0,118.04334259033203,1.0,1.0064208507537842,1.0,1.0064208507537842,1.0,0.0,1.0000001192092896,0.9991427659988403,1.0008580684661865,5.271368980407715,1.741207480430603,1.0,1.741207480430603
GCN,996,2353,4,1,3,-2.520148754119873,3.1020545959472656,5.622203350067139,0.8017836213111877,0.03555407375097275,-0.03334144130349159,1.0144754648208618,0.0,0.10837438423645321,0,0.0,0.0034891835310537334,5,0.9994978904724121,0.9990442991256714,0.9723540606496855,1.0,118.04334259033203,1.0,1.0064208507537842,1.0,1.0064208507537842,1.0,0.0,1.0000001192092896,0.9990442991256714,0.9994978904724121,4.536871910095215,1.741207480430603,1.0,1.741207480430603
GCN,996,2359,2,0,11,-5.49600887298584,-1.1242821216583252,4.371726751327515,0.5477225184440613,0.024233289062976837,-0.004985189530998468,1.4850399494171143,0.0,0.10837438423645321,0,0.0,0.0034891835310537334,5,1.0002951622009277,0.9995564222335815,1.4347207111959182,1.0,172.87930297851562,1.0,1.4739949703216553,1.0,1.4739949703216553,1.0,6.247501715961334e-08,1.0000001192092896,0.9995564222335815,1.0002951622009277,2.9700798988342285,2.5488665103912354,1.0,2.5488665103912354
GCN,996,2365,2,0,7,-6.145631313323975,-0.15895986557006836,5.986671447753906,0.6396021246910095,0.03492196649312973,-0.024664677679538727,1.2717121839523315,0.0,0.10837438423645321,0,0.0,0.0034891835310537334,5,0.9998627305030823,0.9990782141685486,1.2243356596549602,1.0,148.01780700683594,1.0,1.2619996070861816,1.0,1.2619996070861816,1.0,1.4901161193847656e-08,1.0000001192092896,0.9990782141685486,0.9998627305030823,2.543424367904663,2.1827187538146973,1.0,2.1827187538146973
GCN,996,2368,3,1,2,-0.45707976818084717,3.754269599914551,4.211349368095398,0.8660253286361694,0.05734952166676521,0.0,0.9392216801643372,0.0,0.10837438423645321,0,0.0,0.0034891835310537334,5,1.0024824142456055,0.9975237846374512,0.8992005135073163,1.0,109.27578735351562,1.0,0.9316691160202026,1.0,0.9316691160202026,1.0,6.705522537231445e-08,1.0,0.9975237846374512,1.0024824142456055,4.200326919555664,1.6120448112487793,1.0,1.6120448112487793
GCN,996,2383,4,1,10,-5.688563346862793,1.3062766790390015,6.994840025901794,0.5669466257095337,0.02022654376924038,-0.0190925020724535,1.4346848726272583,0.0,0.10837438423645321,0,0.0,0.0034891835310537334,5,0.9998344779014587,0.99969083070755,1.384979188535478,1.0,167.0106658935547,1.0,1.4239519834518433,1.0,1.4239519834518433,1.0,3.4193618603239884e-08,1.0000001192092896,0.99969083070755,0.9998344779014587,6.880506992340088,2.4624390602111816,1.0,2.4624390602111816
GCN,996,2384,0,1,1,0.8540480732917786,4.614215850830078,3.7601677775382996,0.9486831426620483,0.0686800554394722,-0.01768859103322029,0.8573882579803467,0.0,0.10837438423645321,0,0.0,0.0034891835310537334,5,1.0020689964294434,0.9964447021484375,0.8200823869837026,1.0,99.74270629882812,1.0,0.8503942489624023,1.0,0.8503942489624023,1.0,6.006850128414953e-08,1.0000001192092896,0.9964447021484375,1.0020689964294434,4.021507263183594,1.4715889692306519,1.0,1.4715889692306519
GCN,996,2389,2,1,2,-3.3756418228149414,2.188323736190796,5.563965559005737,0.8660253286361694,0.04658159986138344,-0.032242391258478165,0.9392216801643372,0.036045655608177185,0.10837438423645321,0,0.0,0.0034891835310537334,5,0.999793291091919,0.9983599185943604,0.8992005135073163,1.0,109.27578735351562,1.0,0.9316691160202026,1.0,0.9316691160202026,1.0,6.705522537231445e-08,1.0,0.9983599185943604,0.999793291091919,3.7568867206573486,1.6120448112487793,1.0,1.6120448112487793
GCN,996,2392,2,1,3,-3.518588066101074,1.897118091583252,5.415706157684326,0.8017836213111877,0.03611104562878609,-0.025164436548948288,1.0144754648208618,0.03496941924095154,0.10837438423645321,0,0.0,0.0034891835310537334,5,0.9998683929443359,0.9990143775939941,0.9723540606496855,1.0,118.04334259033203,1.0,1.0064208507537842,1.0,1.0064208507537842,1.0,0.0,1.0000001192092896,0.9990143775939941,0.9998683929443359,4.182789325714111,1.741207480430603,1.0,1.741207480430603
GCN,996,2411,3,1,1,-2.3970494270324707,3.8844220638275146,6.281471490859985,0.9486831426620483,0.0862840935587883,0.0,0.8573882579803467,0.0,0.10837438423645321,0,0.0,0.0034891835310537334,5,1.0056105852127075,0.9944206476211548,0.8200823869837026,1.0,99.74270629882812,1.0,0.8503942489624023,1.0,0.8503942489624023,1.0,6.006850128414953e-08,1.0000001192092896,0.9944206476211548,1.0056105852127075,3.929046630859375,1.4715889692306519,1.0,1.4715889692306519
GCN,996,2425,3,1,5,0.29317373037338257,4.086300373077393,3.79312664270401,0.7071066498756409,0.03545233607292175,0.0,1.150307059288025,0.0,0.10837438423645321,0,0.0,0.0034891835310537334,5,1.000949501991272,0.9990514516830444,1.1051090585391374,1.0,133.870361328125,1.0,1.1413679122924805,1.0,1.1413679122924805,1.0,1.4901161193847656e-08,1.0000001192092896,0.9990514516830444,1.000949501991272,5.014071941375732,1.9743437767028809,1.0,1.9743437767028809
GCN,996,2427,3,1,3,-1.6075749397277832,4.063708782196045,5.671283721923828,0.8017836213111877,0.05776606500148773,-0.023897897452116013,1.0144754648208618,0.015413930639624596,0.10837438423645321,0,0.0,0.0034891835310537334,5,1.0008243322372437,0.9974806308746338,0.9723540606496855,1.0,118.04334259033203,1.0,1.0064208507537842,1.0,1.0064208507537842,1.0,3.725290298461914e-09,1.0000001192092896,0.9974806308746338,1.0008243322372437,4.758311748504639,1.741207480430603,1.0,1.741207480430603
GCN,996,2428,5,1,1,-1.3687858581542969,3.6676552295684814,5.036441087722778,0.9486831426620483,0.15541410446166992,-0.0027477454859763384,0.8573882579803467,0.0,0.10837438423645321,0,0.0,0.0034891835310537334,5,1.0175743103027344,0.9822132587432861,0.8200823869837026,1.0,99.74270629882812,1.0,0.8503942489624023,1.0,0.8503942489624023,1.0,6.018390763529169e-08,1.0000001192092896,0.9822132587432861,1.0175743103027344,1.7147765159606934,1.4715889692306519,1.0,1.4715889692306519
GCN,996,2431,4,1,1,-3.3122994899749756,4.7115936279296875,8.023893117904663,0.9486831426620483,0.11249000579118729,0.0,0.8573882579803467,0.0,0.10837438423645321,0,0.0,0.0034891835310537334,5,1.009517788887024,0.990571916103363,0.8200823869837026,1.0,99.74270629882812,1.0,0.8503942489624023,1.0,0.8503942489624023,1.0,6.006850128414953e-08,1.0000001192092896,0.990571916103363,1.009517788887024,2.843635082244873,1.4715889692306519,1.0,1.4715889692306519
GCN,996,2433,2,1,1,-0.17516088485717773,4.155478000640869,4.330638885498047,0.9486831426620483,0.08693026006221771,0.0,0.8573882579803467,0.0,0.10837438423645321,0,0.0,0.0034891835310537334,5,1.0056946277618408,0.9943375587463379,0.8200823869837026,1.0,99.74270629882812,1.0,0.8503942489624023,1.0,0.8503942489624023,1.0,6.006850128414953e-08,1.0000001192092896,0.9943375587463379,1.0056946277618408,3.6375904083251953,1.4715889692306519,1.0,1.4715889692306519
GCN,996,2435,4,1,2,-2.43424654006958,3.2395026683807373,5.673749208450317,0.8660253286361694,0.047886963933706284,0.0,0.9392216801643372,0.0,0.10837438423645321,0,0.0,0.0034891835310537334,5,1.001731514930725,0.9982714653015137,0.8992005135073163,1.0,109.27578735351562,1.0,0.9316691160202026,1.0,0.9316691160202026,1.0,6.705522537231445e-08,1.0,0.9982714653015137,1.001731514930725,4.405340194702148,1.6120448112487793,1.0,1.6120448112487793
GCN,996,2438,3,1,2,-2.90267276763916,3.609762191772461,6.512434959411621,0.8660253286361694,0.06340333819389343,-0.007416312117129564,0.9392216801643372,0.0,0.10837438423645321,0,0.0,0.0034891835310537334,5,1.002456784248352,0.9969724416732788,0.8992005135073163,1.0,109.27578735351562,1.0,0.9316691160202026,1.0,0.9316691160202026,1.0,6.715862355122226e-08,1.0,0.9969724416732788,1.002456784248352,3.7568867206573486,1.6120448112487793,1.0,1.6120448112487793
GCN,996,2445,2,1,4,-4.042959690093994,2.9148635864257812,6.957823276519775,0.7499998807907104,0.026136137545108795,0.0,1.084519863128662,0.0,0.10837438423645321,0,0.0,0.0034891835310537334,5,1.0005161762237549,0.999484121799469,1.0407128672118384,1.0,126.20463562011719,1.0,1.076006293296814,1.0,1.076006293296814,1.0,7.450580596923828e-09,1.0000001192092896,0.999484121799469,1.0005161762237549,5.201174736022949,1.861429214477539,1.0,1.861429214477539
GCN,996,2446,2,1,8,-5.471292495727539,1.6573245525360107,7.12861704826355,0.6123723983764648,0.021225396543741226,-0.04565095156431198,1.328260064125061,0.1744127720594406,0.5939749905267147,1,0.0,0.0034891835310537334,5,0.9991488456726074,0.9996596574783325,1.280008691668803,1.0,154.60775756835938,1.0,1.3181915283203125,1.0,1.3181915283203125,1.0,1.825012141409843e-08,1.0000001192092896,0.9996596574783325,0.9991488456726074,6.641300201416016,2.279775619506836,1.0,2.279775619506836
GCN,996,2448,2,1,5,-5.106315612792969,2.1922688484191895,7.298584461212158,0.7071066498756409,0.027096303179860115,-0.03214738145470619,1.150307059288025,0.0,0.10837438423645321,0,0.0,0.0034891835310537334,5,0.9994838237762451,0.9994449615478516,1.1051090585391374,1.0,133.870361328125,1.0,1.1413679122924805,1.0,1.1413679122924805,1.0,1.4901161193847656e-08,1.0000001192092896,0.9994449615478516,0.9994838237762451,5.516678810119629,1.9743437767028809,1.0,1.9743437767028809
GCN,996,2456,5,1,2,-1.447751522064209,3.3771493434906006,4.82490086555481,0.8660253286361694,0.046375006437301636,-0.0944882333278656,0.9392216801643372,0.014757716096937656,0.10837438423645321,0,0.0,0.0034891835310537334,5,0.9962309002876282,0.9983757734298706,0.8992005135073163,1.0,109.27578735351562,1.0,0.9316691160202026,1.0,0.9316691160202026,1.0,8.470428980444922e-08,1.0,0.9983757734298706,0.9962309002876282,4.601227760314941,1.6120448112487793,1.0,1.6120448112487793
GCN,996,2459,3,1,2,-5.058943748474121,0.4370303153991699,5.495974063873291,0.8660253286361694,0.08521057665348053,0.0,0.9392216801643372,0.0,0.10837438423645321,0,0.0,0.0034891835310537334,5,1.0054723024368286,0.9945574998855591,0.8992005135073163,1.0,109.27578735351562,1.0,0.9316691160202026,1.0,0.9316691160202026,1.0,6.705522537231445e-08,1.0,0.9945574998855591,1.0054723024368286,2.656520128250122,1.6120448112487793,1.0,1.6120448112487793
GCN,996,2461,6,1,1,-3.6514430046081543,0.6743931770324707,4.325836181640625,0.9486831426620483,0.08985865861177444,0.0,0.8573882579803467,0.0,0.10837438423645321,0,0.0,0.0034891835310537334,5,1.0060837268829346,0.9939530491828918,0.8200823869837026,1.0,99.74270629882812,1.0,0.8503942489624023,1.0,0.8503942489624023,1.0,6.006850128414953e-08,1.0000001192092896,0.9939530491828918,1.0060837268829346,3.929046630859375,1.4715889692306519,1.0,1.4715889692306519
GCN,996,2467,6,1,2,-1.2704317569732666,3.104297161102295,4.3747289180755615,0.8660253286361694,0.05142149329185486,-0.00976377073675394,0.9392216801643372,0.014757716096937656,0.10837438423645321,0,0.0,0.0034891835310537334,5,1.0013800859451294,0.9980053901672363,0.8992005135073163,1.0,109.27578735351562,1.0,0.9316691160202026,1.0,0.9316691160202026,1.0,6.715862355122226e-08,1.0,0.9980053901672363,1.0013800859451294,4.601227760314941,1.6120448112487793,1.0,1.6120448112487793
GCN,996,2474,4,1,2,-5.268264293670654,3.002910852432251,8.271175146102905,0.8660253286361694,0.07218801975250244,0.0,0.9392216801643372,0.0,0.10837438423645321,0,0.0,0.0034891835310537334,5,1.0039304494857788,0.9960849285125732,0.8992005135073163,1.0,109.27578735351562,1.0,0.9316691160202026,1.0,0.9316691160202026,1.0,6.705522537231445e-08,1.0,0.9960849285125732,1.0039304494857788,2.656520128250122,1.6120448112487793,1.0,1.6120448112487793
GCN,996,2479,6,1,1,-3.035968780517578,1.3416340351104736,4.377602815628052,0.9486831426620483,0.09083700180053711,0.0,0.8573882579803467,0.0,0.10837438423645321,0,0.0,0.0034891835310537334,5,1.0062165260314941,0.993821918964386,0.8200823869837026,1.0,99.74270629882812,1.0,0.8503942489624023,1.0,0.8503942489624023,1.0,6.006850128414953e-08,1.0000001192092896,0.993821918964386,1.0062165260314941,3.535102367401123,1.4715889692306519,1.0,1.4715889692306519
GCN,996,2483,4,1,2,-2.996547222137451,3.9764931201934814,6.973040342330933,0.8660253286361694,0.10451503098011017,0.0,0.9392216801643372,0.0,0.10837438423645321,0,0.0,0.0034891835310537334,5,1.0082213878631592,0.9918456673622131,0.8992005135073163,1.0,109.27578735351562,1.0,0.9316691160202026,1.0,0.9316691160202026,1.0,6.705522537231445e-08,1.0,0.9918456673622131,1.0082213878631592,2.100163459777832,1.6120448112487793,1.0,1.6120448112487793
GCN,996,2489,3,1,1,-3.8152997493743896,4.109130859375,7.92443060874939,0.9486831426620483,0.11761264503002167,0.0,0.8573882579803467,0.0,0.10837438423645321,0,0.0,0.0034891835310537334,5,1.0103998184204102,0.9897072315216064,0.8200823869837026,1.0,99.74270629882812,1.0,0.8503942489624023,1.0,0.8503942489624023,1.0,6.006850128414953e-08,1.0000001192092896,0.9897072315216064,1.0103998184204102,2.843635082244873,1.4715889692306519,1.0,1.4715889692306519
GCN,996,2490,4,1,2,-2.64094877243042,4.847908973693848,7.488857746124268,0.8660253286361694,0.045974187552928925,0.0,0.9392216801643372,0.0,0.10837438423645321,0,0.0,0.0034891835310537334,5,1.0015959739685059,0.9984065294265747,0.8992005135073163,1.0,109.27578735351562,1.0,0.9316691160202026,1.0,0.9316691160202026,1.0,6.705522537231445e-08,1.0,0.9984065294265747,1.0015959739685059,4.5043487548828125,1.6120448112487793,1.0,1.6120448112487793
GCN,996,2496,4,1,1,-1.035101056098938,3.3306760787963867,4.365777134895325,0.9486831426620483,0.0761379599571228,-0.004380411002784967,0.8573882579803467,0.0,0.10837438423645321,0,0.0,0.0034891835310537334,5,1.0039631128311157,0.9956440925598145,0.8200823869837026,1.0,99.74270629882812,1.0,0.8503942489624023,1.0,0.8503942489624023,1.0,6.018390763529169e-08,1.0000001192092896,0.9956440925598145,1.0039631128311157,3.6375904083251953,1.4715889692306519,1.0,1.4715889692306519
GCN,996,2505,1,1,1,-2.820024251937866,2.564577102661133,5.384601354598999,0.9486831426620483,0.0778270959854126,0.0,0.8573882579803467,0.0,0.10837438423645321,0,0.0,0.0034891835310537334,5,1.00456702709198,0.9954537153244019,0.8200823869837026,1.0,99.74270629882812,1.0,0.8503942489624023,1.0,0.8503942489624023,1.0,6.006850128414953e-08,1.0000001192092896,0.9954537153244019,1.00456702709198,3.929046630859375,1.4715889692306519,1.0,1.4715889692306519
GCN,996,2508,3,1,3,-4.047081470489502,1.5581440925598145,5.605225563049316,0.8017836213111877,0.05790315940976143,0.0,1.0144754648208618,0.0,0.10837438423645321,0,0.0,0.0034891835310537334,5,1.0025306940078735,0.9974757432937622,0.9723540606496855,1.0,118.04334259033203,1.0,1.0064208507537842,1.0,1.0064208507537842,1.0,0.0,1.0000001192092896,0.9974757432937622,1.0025306940078735,2.8693699836730957,1.741207480430603,1.0,1.741207480430603
GCN,996,2509,3,1,5,-5.759150505065918,0.21618390083312988,5.975334405899048,0.7071066498756409,0.02911454066634178,0.0,1.150307059288025,0.0,0.10837438423645321,0,0.0,0.0034891835310537334,5,1.0006403923034668,0.9993600845336914,1.1051090585391374,1.0,133.870361328125,1.0,1.1413679122924805,1.0,1.1413679122924805,1.0,1.4901161193847656e-08,1.0000001192092896,0.9993600845336914,1.0006403923034668,5.516678810119629,1.9743437767028809,1.0,1.9743437767028809
GCN,996,2514,2,1,2,-3.225625514984131,3.592336654663086,6.817962169647217,0.8660253286361694,0.05017181858420372,-0.010347006842494011,0.9392216801643372,0.0,0.10837438423645321,0,0.0,0.0034891835310537334,5,1.0012632608413696,0.9981008768081665,0.8992005135073163,1.0,109.27578735351562,1.0,0.9316691160202026,1.0,0.9316691160202026,1.0,6.705522537231445e-08,1.0,0.9981008768081665,1.0012632608413696,3.9847800731658936,1.6120448112487793,1.0,1.6120448112487793
GCN,996,2523,2,1,2,-3.2205276489257812,2.859128952026367,6.079656600952148,0.8660253286361694,0.05218149349093437,0.0,0.9392216801643372,0.0,0.10837438423645321,0,0.0,0.0034891835310537334,5,1.0020556449890137,0.9979485273361206,0.8992005135073163,1.0,109.27578735351562,1.0,0.9316691160202026,1.0,0.9316691160202026,1.0,6.705522537231445e-08,1.0,0.9979485273361206,1.0020556449890137,4.304054260253906,1.6120448112487793,1.0,1.6120448112487793
GCN,996,2533,0,1,1,-2.6840107440948486,4.198470115661621,6.88248085975647,0.9486831426620483,0.0822051614522934,-0.035954929888248444,0.8573882579803467,0.033984165638685226,0.10837438423645321,0,0.0,0.0034891835310537334,5,1.0014721155166626,0.9949015974998474,0.8200823869837026,1.0,99.74270629882812,1.0,0.8503942489624023,1.0,0.8503942489624023,1.0,6.155189424816854e-08,1.0000001192092896,0.9949015974998474,1.0014721155166626,3.6375904083251953,1.4715889692306519,1.0,1.4715889692306519
GCN,996,2540,3,0,1,-6.89522647857666,-0.9644069671630859,5.930819511413574,0.9486831426620483,0.13973881304264069,0.0,0.8573882579803467,0.0,0.10837438423645321,0,0.0,0.0034891835310537334,5,1.0146498680114746,0.9855615496635437,0.8200823869837026,1.0,99.74270629882812,1.0,0.8503942489624023,1.0,0.8503942489624023,1.0,6.006850128414953e-08,1.0000001192092896,0.9855615496635437,1.0146498680114746,2.2684361934661865,1.4715889692306519,1.0,1.4715889692306519
GCN,996,2543,3,1,3,-4.709328651428223,2.238935947418213,6.9482645988464355,0.8017836213111877,0.03918425366282463,0.0,1.0144754648208618,0.0,0.10837438423645321,0,0.0,0.0034891835310537334,5,1.0011597871780396,0.9988416433334351,0.9723540606496855,1.0,118.04334259033203,1.0,1.0064208507537842,1.0,1.0064208507537842,1.0,0.0,1.0000001192092896,0.9988416433334351,1.0011597871780396,4.9698944091796875,1.741207480430603,1.0,1.741207480430603
GCN,996,2549,4,1,1,-3.718740940093994,3.3486523628234863,7.0673933029174805,0.9486831426620483,0.07610095292329788,0.0,0.8573882579803467,0.0,0.10837438423645321,0,0.0,0.0034891835310537334,5,1.0043671131134033,0.9956518411636353,0.8200823869837026,1.0,99.74270629882812,1.0,0.8503942489624023,1.0,0.8503942489624023,1.0,6.006850128414953e-08,1.0000001192092896,0.9956518411636353,1.0043671131134033,3.929046630859375,1.4715889692306519,1.0,1.4715889692306519
GCN,996,2552,3,1,1,-3.0138912200927734,3.7698566913604736,6.783747911453247,0.9486831426620483,0.15586954355239868,-0.02473404072225094,0.8573882579803467,0.0,0.10837438423645321,0,0.0,0.0034891835310537334,5,1.0135295391082764,0.9819745421409607,0.8200823869837026,1.0,99.74270629882812,1.0,0.8503942489624023,1.0,0.8503942489624023,1.0,6.006850128414953e-08,1.0000001192092896,0.9819745421409607,1.0135295391082764,1.7147765159606934,1.4715889692306519,1.0,1.4715889692306519
GCN,996,2557,2,1,1,-4.123420715332031,3.165029764175415,7.288450479507446,0.9486831426620483,0.08323174715042114,0.0,0.8573882579803467,0.0,0.10837438423645321,0,0.0,0.0034891835310537334,5,1.0052218437194824,0.9948053359985352,0.8200823869837026,1.0,99.74270629882812,1.0,0.8503942489624023,1.0,0.8503942489624023,1.0,6.006850128414953e-08,1.0000001192092896,0.9948053359985352,1.0052218437194824,3.4295530319213867,1.4715889692306519,1.0,1.4715889692306519
GCN,996,2561,2,1,1,-1.6489384174346924,4.628666877746582,6.277605295181274,0.9486831426620483,0.15477439761161804,-0.0024280098732560873,0.8573882579803467,0.0,0.10837438423645321,0,0.0,0.0034891835310537334,5,1.0174888372421265,0.9823577404022217,0.8200823869837026,1.0,99.74270629882812,1.0,0.8503942489624023,1.0,0.8503942489624023,1.0,6.006850128414953e-08,1.0000001192092896,0.9823577404022217,1.0174888372421265,1.7147765159606934,1.4715889692306519,1.0,1.4715889692306519
GCN,996,2562,0,1,2,-0.8065653443336487,3.000095844268799,3.8066611886024475,0.8660253286361694,0.08063244819641113,0.0,0.9392216801643372,0.0,0.10837438423645321,0,0.0,0.0034891835310537334,5,1.00490140914917,0.9951224327087402,0.8992005135073163,1.0,109.27578735351562,1.0,0.9316691160202026,1.0,0.9316691160202026,1.0,6.705522537231445e-08,1.0,0.9951224327087402,1.00490140914917,3.9847800731658936,1.6120448112487793,1.0,1.6120448112487793
GCN,996,2566,3,1,2,-2.129159450531006,4.004705429077148,6.133864879608154,0.8660253286361694,0.06715395301580429,0.0,0.9392216801643372,0.0,0.10837438423645321,0,0.0,0.0034891835310537334,5,1.0034022331237793,0.9966092109680176,0.8992005135073163,1.0,109.27578735351562,1.0,0.9316691160202026,1.0,0.9316691160202026,1.0,6.705522537231445e-08,1.0,0.9966092109680176,1.0034022331237793,4.304054260253906,1.6120448112487793,1.0,1.6120448112487793
GCN,996,2568,3,1,1,-4.858379364013672,2.0120201110839844,6.870399475097656,0.9486831426620483,0.07965358346700668,0.0,0.8573882579803467,0.0,0.10837438423645321,0,0.0,0.0034891835310537334,5,1.0047835111618042,0.9952393770217896,0.8200823869837026,1.0,99.74270629882812,1.0,0.8503942489624023,1.0,0.8503942489624023,1.0,6.006850128414953e-08,1.0000001192092896,0.9952393770217896,1.0047835111618042,3.637590169906616,1.4715889692306519,1.0,1.4715889692306519
GCN,996,2578,0,1,2,-1.7822301387786865,3.2885913848876953,5.070821523666382,0.8660253286361694,0.049117445945739746,-0.1286570131778717,0.9392216801643372,0.18183790147304535,0.6095111784766957,1,0.0,0.0034891835310537334,5,0.9940363168716431,0.9981837868690491,0.8992005135073163,1.0,109.27578735351562,1.0,0.9316691160202026,1.0,0.9316691160202026,1.0,6.705522537231445e-08,1.0,0.9981837868690491,0.9940363168716431,4.5043487548828125,1.6120448112487793,1.0,1.6120448112487793
GCN,996,2582,3,1,3,-6.3359174728393555,0.617633581161499,6.9535510540008545,0.8017836213111877,0.044431619346141815,-0.08445987850427628,1.0144754648208618,0.09279724210500717,0.2624100037893141,0,0.0,0.0034891835310537334,5,0.9968734383583069,0.9985083341598511,0.9723540606496855,1.0,118.04334259033203,1.0,1.0064208507537842,1.0,1.0064208507537842,1.0,2.9802322387695312e-08,1.0,0.9985083341598511,0.9968734383583069,4.421995639801025,1.741207480430603,1.0,1.741207480430603
GCN,996,2586,5,1,1,-2.298455238342285,2.95576810836792,5.254223346710205,0.9486831426620483,0.12263746559619904,0.0,0.8573882579803467,0.0,0.10837438423645321,0,0.0,0.0034891835310537334,5,1.0113023519515991,0.9888239502906799,0.8200823869837026,1.0,99.74270629882812,1.0,0.8503942489624023,1.0,0.8503942489624023,1.0,6.006850128414953e-08,1.0000001192092896,0.9888239502906799,1.0113023519515991,4.021507263183594,1.4715889692306519,1.0,1.4715889692306519
GCN,996,2592,5,1,2,-3.7785911560058594,2.050049304962158,5.828640460968018,0.8660253286361694,0.05470056086778641,-0.04577379673719406,0.9392216801643372,0.03722779080271721,0.10837438423645321,0,0.0,0.0034891835310537334,5,0.9991825819015503,0.9977372884750366,0.8992005135073163,1.0,109.27578735351562,1.0,0.9316691160202026,1.0,0.9316691160202026,1.0,6.828570064953965e-08,1.0,0.9977372884750366,0.9991825819015503,3.637589454650879,1.6120448112487793,1.0000001192092896,1.6120445728302002
GCN,996,2598,1,1,1,-1.3856314420700073,3.8513665199279785,5.236997961997986,0.9486831426620483,0.08357597142457962,0.0,0.8573882579803467,0.0,0.10837438423645321,0,0.0,0.0034891835310537334,5,1.0052648782730103,0.994762659072876,0.8200823869837026,1.0,99.74270629882812,1.0,0.8503942489624023,1.0,0.8503942489624023,1.0,6.006850128414953e-08,1.0000001192092896,0.994762659072876,1.0052648782730103,3.4295530319213867,1.4715889692306519,1.0,1.4715889692306519
GCN,996,2599,3,1,3,-3.6781444549560547,2.341912269592285,6.02005672454834,0.8017836213111877,0.04320725426077843,0.0,1.0144754648208618,0.0,0.10837438423645321,0,0.0,0.0034891835310537334,5,1.001409888267517,0.99859219789505,0.9723540606496855,1.0,118.04334259033203,1.0,1.0064208507537842,1.0,1.0064208507537842,1.0,3.725290298461914e-09,1.0000001192092896,0.99859219789505,1.001409888267517,4.421995639801025,1.741207480430603,1.0,1.741207480430603
GCN,996,2603,3,1,1,-2.2800989151000977,3.9872241020202637,6.267323017120361,0.9486831426620483,0.07365676015615463,-0.025326808914542198,0.8573882579803467,0.0,0.10837438423645321,0,0.0,0.0034891835310537334,5,1.0018049478530884,0.9959089756011963,0.8200823869837026,1.0,99.74270629882812,1.0,0.8503942489624023,1.0,0.8503942489624023,1.0,6.188916756855178e-08,1.0000001192092896,0.9959089756011963,1.0018049478530884,4.455120086669922,1.4715889692306519,1.0,1.4715889692306519
GCN,996,2604,6,1,3,-0.8188928365707397,2.1268677711486816,2.9457606077194214,0.8017836213111877,0.04394714534282684,0.0,1.0144754648208618,0.0,0.10837438423645321,0,0.0,0.0034891835310537334,5,1.0014585256576538,0.9985436797142029,0.9723540606496855,1.0,118.04334259033203,1.0,1.0064208507537842,1.0,1.0064208507537842,1.0,0.0,1.0000001192092896,0.9985436797142029,1.0014585256576538,5.0723772048950195,1.741207480430603,1.0,1.741207480430603
GCN,996,2614,2,1,5,-4.515975475311279,1.4439072608947754,5.959882736206055,0.7071066498756409,0.04686826467514038,0.0,1.150307059288025,0.0,0.10837438423645321,0,0.0,0.0034891835310537334,5,1.0016587972640991,0.9983440637588501,1.1051090585391374,1.0,133.870361328125,1.0,1.1413679122924805,1.0,1.1413679122924805,1.0,1.4901161193847656e-08,1.0000001192092896,0.9983440637588501,1.0016587972640991,5.144329071044922,1.9743437767028809,1.0,1.9743437767028809
GCN,996,2618,2,1,1,-1.4209905862808228,4.822877407073975,6.243867993354797,0.9486831426620483,0.16227637231349945,0.0,0.8573882579803467,0.0,0.10837438423645321,0,0.0,0.0034891835310537334,5,1.019707202911377,0.9806736707687378,0.8200823869837026,1.0,99.74270629882812,1.0,0.8503942489624023,1.0,0.8503942489624023,1.0,6.006850128414953e-08,1.0000001192092896,0.9806736707687378,1.019707202911377,1.7147765159606934,1.4715889692306519,1.0,1.4715889692306519
GCN,996,2631,4,1,1,-4.8597612380981445,3.539625644683838,8.399386882781982,0.9486831426620483,0.10608096420764923,0.0,0.8573882579803467,0.0,0.10837438423645321,0,0.0,0.0034891835310537334,5,1.0084686279296875,0.9916025400161743,0.8200823869837026,1.0,99.74270629882812,1.0,0.8503942489624023,1.0,0.8503942489624023,1.0,6.006850128414953e-08,1.0000001192092896,0.9916025400161743,1.0084686279296875,3.2080531120300293,1.4715889692306519,1.0,1.4715889692306519
GCN,996,2641,2,1,2,-3.196701765060425,2.097414493560791,5.294116258621216,0.8660253286361694,0.05231768637895584,-0.015509824268519878,0.9392216801643372,0.0,0.10837438423645321,0,0.0,0.0034891835310537334,5,1.0010703802108765,0.9979342222213745,0.8992005135073163,1.0,109.27578735351562,1.0,0.9316691160202026,1.0,0.9316691160202026,1.0,6.705522537231445e-08,1.0,0.9979342222213745,1.0010703802108765,3.8725099563598633,1.6120448112487793,1.0,1.6120448112487793
GCN,996,2642,2,1,4,-5.02787971496582,3.274167776107788,8.302047491073608,0.7499998807907104,0.034271951764822006,0.0,1.084519863128662,0.0,0.10837438423645321,0,0.0,0.0034891835310537334,5,1.000887393951416,0.9991134405136108,1.0407128672118384,1.0,126.20463562011719,1.0,1.076006293296814,1.0,1.076006293296814,1.0,7.679882507716229e-09,1.0000001192092896,0.9991134405136108,1.000887393951416,4.6012282371521,1.861429214477539,1.0,1.861429214477539
GCN,996,2646,4,1,1,-4.071890830993652,3.9123802185058594,7.984271049499512,0.9486831426620483,0.0707089975476265,0.0,0.8573882579803467,0.0,0.10837438423645321,0,0.0,0.0034891835310537334,5,1.0037713050842285,0.9962428212165833,0.8200823869837026,1.0,99.74270629882812,1.0,0.8503942489624023,1.0,0.8503942489624023,1.0,6.006850128414953e-08,1.0000001192092896,0.9962428212165833,1.0037713050842285,4.111889362335205,1.4715889692306519,1.0,1.4715889692306519
GCN,996,2647,4,1,3,-3.9247615337371826,3.7165026664733887,7.641264200210571,0.8017836213111877,0.0396854393184185,0.0,1.0144754648208618,0.0,0.10837438423645321,0,0.0,0.0034891835310537334,5,1.0011895895004272,0.9988119006156921,0.9723540606496855,1.0,118.04334259033203,1.0,1.0064208507537842,1.0,1.0064208507537842,1.0,0.0,1.0000001192092896,0.9988119006156921,1.0011895895004272,4.9698944091796875,1.741207480430603,1.0,1.741207480430603
GCN,996,2653,0,1,2,-0.5972350835800171,3.293405055999756,3.890640139579773,0.8660253286361694,0.05294527858495712,-0.05013042688369751,0.9392216801643372,0.0,0.10837438423645321,0,0.0,0.0034891835310537334,5,0.9988546967506409,0.9978797435760498,0.8992005135073163,1.0,109.27578735351562,1.0,0.9316691160202026,1.0,0.9316691160202026,1.0,3.0719530030864917e-08,1.0,0.9978797435760498,0.9988546967506409,3.9847800731658936,1.6120448112487793,1.0,1.6120448112487793
GCN,996,2658,2,1,1,-4.200987339019775,4.182332992553711,8.383320331573486,0.9486831426620483,0.07463280111551285,0.0,0.8573882579803467,0.0,0.10837438423645321,0,0.0,0.0034891835310537334,5,1.0042006969451904,0.9958169460296631,0.8200823869837026,1.0,99.74270629882812,1.0,0.8503942489624023,1.0,0.8503942489624023,1.0,6.006850128414953e-08,1.0000001192092896,0.9958169460296631,1.0042006969451904,4.021507263183594,1.4715889692306519,1.0,1.4715889692306519
GCN,996,2668,3,1,5,-3.7432637214660645,1.8000659942626953,5.54332971572876,0.7071066498756409,0.02500685304403305,-0.020818522199988365,1.150307059288025,0.0,0.10837438423645321,0,0.0,0.0034891835310537334,5,0.9998325705528259,0.9995273947715759,1.1051090585391374,1.0,133.870361328125,1.0,1.1413679122924805,1.0,1.1413679122924805,1.0,1.4901161193847656e-08,1.0000001192092896,0.9995273947715759,0.9998325705528259,5.516678810119629,1.9743437767028809,1.0,1.9743437767028809
GCN,996,2669,3,1,1,-3.4485771656036377,3.417694091796875,6.866271257400513,0.9486831426620483,0.08908270299434662,0.0,0.8573882579803467,0.0,0.10837438423645321,0,0.0,0.0034891835310537334,5,1.0059794187545776,0.9940560460090637,0.8200823869837026,1.0,99.74270629882812,1.0,0.8503942489624023,1.0,0.8503942489624023,1.0,6.006850128414953e-08,1.0000001192092896,0.9940560460090637,1.0059794187545776,3.7372686862945557,1.4715889692306519,1.0,1.4715889692306519
GCN,996,2681,4,1,5,-2.3764843940734863,4.149323463439941,6.525807857513428,0.7071066498756409,0.04261181503534317,-0.051680076867341995,1.150307059288025,0.18592466413974762,0.6218264494126563,1,0.0,0.0034891835310537334,5,0.9986639618873596,0.9986268281936646,1.1051090585391374,1.0,133.870361328125,1.0,1.1413679122924805,1.0,1.1413679122924805,1.0,1.4901161193847656e-08,1.0000001192092896,0.9986268281936646,0.9986639618873596,5.395418167114258,1.9743437767028809,1.0,1.9743437767028809
GCN,996,2685,2,1,4,-5.74786376953125,1.9870940446853638,7.734957814216614,0.7499998807907104,0.05934588238596916,0.0,1.084519863128662,0.0,0.10837438423645321,0,0.0,0.0034891835310537334,5,1.0026581287384033,0.997348964214325,1.0407128672118384,1.0,126.20463562011719,1.0,1.076006293296814,1.0,1.076006293296814,1.0,7.450580596923828e-09,1.0000001192092896,0.997348964214325,1.0026581287384033,2.8693699836730957,1.861429214477539,1.0,1.861429214477539
GCN,996,2686,3,1,2,-5.114243507385254,1.8242982625961304,6.938541769981384,0.8660253286361694,0.09780437499284744,0.0,0.9392216801643372,0.0,0.10837438423645321,0,0.0,0.0034891835310537334,5,1.0072031021118164,0.9928483366966248,0.8992005135073163,1.0,109.27578735351562,1.0,0.9316691160202026,1.0,0.9316691160202026,1.0,6.705522537231445e-08,1.0,0.9928483366966248,1.0072031021118164,1.8784433603286743,1.6120448112487793,1.0,1.6120448112487793
GCN,996,2689,2,1,2,-3.7781591415405273,3.3735809326171875,7.151740074157715,0.8660253286361694,0.08940719068050385,0.0,0.9392216801643372,0.0,0.10837438423645321,0,0.0,0.0034891835310537334,5,1.0060229301452637,0.9940131902694702,0.8992005135073163,1.0,109.27578735351562,1.0,0.9316691160202026,1.0,0.9316691160202026,1.0,6.705522537231445e-08,1.0,0.9940131902694702,1.0060229301452637,2.100163459777832,1.6120448112487793,1.0,1.6120448112487793
GCN,996,2690,6,1,1,-0.11665165424346924,3.6261112689971924,3.7427629232406616,0.9486831426620483,0.15704141557216644,0.0,0.8573882579803467,0.0,0.10837438423645321,0,0.0,0.0034891835310537334,5,1.0184674263000488,0.9818674325942993,0.8200823869837026,1.0,99.74270629882812,1.0,0.8503942489624023,1.0,0.8503942489624023,1.0,6.006850128414953e-08,1.0000001192092896,0.9818674325942993,1.0184674263000488,1.9171782732009888,1.4715889692306519,1.0,1.4715889692306519
GCN,996,2699,3,1,1,-2.764516830444336,3.546358108520508,6.310874938964844,0.9486831426620483,0.08612877875566483,0.0,0.8573882579803467,0.0,0.10837438423645321,0,0.0,0.0034891835310537334,5,1.0055904388427734,0.9944406151771545,0.8200823869837026,1.0,99.74270629882812,1.0,0.8503942489624023,1.0,0.8503942489624023,1.0,6.006850128414953e-08,1.0000001192092896,0.9944406151771545,1.0055904388427734,3.7372686862945557,1.4715889692306519,1.0,1.4715889692306519
GCN,996,2700,3,1,1,-2.0492777824401855,3.6540231704711914,5.703300952911377,0.9486831426620483,0.08699715882539749,-0.023676076903939247,0.8573882579803467,0.031463224440813065,0.10837438423645321,0,0.0,0.0034891835310537334,5,1.0031824111938477,0.9943034648895264,0.8200823869837026,1.0,99.74270629882812,1.0,0.8503942489624023,1.0,0.8503942489624023,1.0,6.143906006172983e-08,1.0000001192092896,0.9943034648895264,1.0031824111938477,3.929046630859375,1.4715889692306519,1.0,1.4715889692306519
GCN,996,2702,0,1,2,0.18568480014801025,4.503974914550781,4.318290114402771,0.8660253286361694,0.05912607163190842,-0.00616478780284524,0.9392216801643372,0.0,0.10837438423645321,0,0.0,0.0034891835310537334,5,1.0021913051605225,0.9973662495613098,0.8992005135073163,1.0,109.27578735351562,1.0,0.9316691160202026,1.0,0.9316691160202026,1.0,6.705522537231445e-08,1.0,0.9973662495613098,1.0021913051605225,3.9847800731658936,1.6120448112487793,1.0,1.6120448112487793
GCN,996,2707,3,1,4,-4.9470415115356445,0.6549828052520752,5.60202431678772,0.7499998807907104,0.03268706426024437,0.0,1.084519863128662,0.0,0.10837438423645321,0,0.0,0.0034891835310537334,5,1.0008071660995483,0.999193549156189,1.0407128672118384,1.0,126.20463562011719,1.0,1.076006293296814,1.0,1.076006293296814,1.0,7.450580596923828e-09,1.0000001192092896,0.999193549156189,1.0008071660995483,3.9102916717529297,1.861429214477539,1.0,1.861429214477539
GCN,527,1370,6,1,8,-1.1524112224578857,1.483137607574463,2.6355488300323486,0.6123723983764648,0.021423546597361565,-0.0019321454456076026,1.328260064125061,0.0,0.10837438423645321,0,0.0,0.0034891835310537334,5,1.000295877456665,0.9996533989906311,1.280008691668803,1.0,154.60775756835938,1.0,1.3181915283203125,1.0,1.3181915283203125,1.0,1.8995327977222587e-08,1.0000001192092896,0.9996533989906311,1.000295877456665,5.144328594207764,2.279775619506836,1.0,2.279775619506836
GCN,527,1376,0,1,3,2.066213369369507,4.661441326141357,2.5952279567718506,0.8017836213111877,0.0350797064602375,0.0,1.0144754648208618,0.0,0.10837438423645321,0,0.0,0.0034891835310537334,5,1.000929594039917,0.9990713000297546,0.9723540606496855,1.0,118.04334259033203,1.0,1.0064208507537842,1.0,1.0064208507537842,1.0,1.862645149230957e-09,1.0000001192092896,0.9990713000297546,1.000929594039917,4.758311748504639,1.741207480430603,1.0,1.741207480430603
GCN,527,1378,2,1,3,-3.845926523208618,2.170416831970215,6.016343355178833,0.8017836213111877,0.052128564566373825,0.0,1.0144754648208618,0.0,0.10837438423645321,0,0.0,0.0034891835310537334,5,1.0020514726638794,0.9979527592658997,0.9723540606496855,1.0,118.04334259033203,1.0,1.0064208507537842,1.0,1.0064208507537842,1.0,6.4523919540704355e-09,1.0000001192092896,0.9979527592658997,1.0020514726638794,4.865253448486328,1.741207480430603,1.0,1.741207480430603
GCN,527,1392,3,1,3,-1.771176815032959,3.795506000518799,5.566682815551758,0.8017836213111877,0.035835810005664825,-0.035771168768405914,1.0144754648208618,0.0,0.10837438423645321,0,0.0,0.0034891835310537334,5,0.999394416809082,0.9990290403366089,0.9723540606496855,1.0,118.04334259033203,1.0,1.0064208507537842,1.0,1.0064208507537842,1.0,7.450580596923828e-09,1.0000001192092896,0.9990290403366089,0.999394416809082,4.758311748504639,1.741207480430603,1.0,1.741207480430603
GCN,527,1393,3,1,1,-2.2663865089416504,3.284395456314087,5.550781965255737,0.9486831426620483,0.08223089575767517,0.0,0.8573882579803467,0.0,0.10837438423645321,0,0.0,0.0034891835310537334,5,1.0050972700119019,0.9949285387992859,0.8200823869837026,1.0,99.74270629882812,1.0,0.8503942489624023,1.0,0.8503942489624023,1.0,6.006850128414953e-08,1.0000001192092896,0.9949285387992859,1.0050972700119019,3.929046630859375,1.4715889692306519,1.0,1.4715889692306519
GCN,527,1400,3,1,2,-5.498846054077148,0.4378366470336914,5.93668270111084,0.8660253286361694,0.058645207434892654,-0.03206624463200569,0.9392216801643372,0.0,0.10837438423645321,0,0.0,0.0034891835310537334,5,1.0002870559692383,0.9974016547203064,0.8992005135073163,1.0,109.27578735351562,1.0,0.9316691160202026,1.0,0.9316691160202026,1.0,6.705522537231445e-08,1.0,0.9974016547203064,1.0002870559692383,3.8725101947784424,1.6120448112487793,1.0,1.6120448112487793
GCN,527,1416,0,1,18,3.3507635593414307,7.292043209075928,3.941279649734497,0.4522669315338135,0.013079441152513027,-0.03321823105216026,1.7984728813171387,0.0,0.10837438423645321,0,0.0,0.0034891835310537334,5,0.999595046043396,0.9998708367347717,1.7451267509006285,1.0,209.41043090820312,1.0,1.7855104207992554,1.0,1.7855104207992554,1.0,1.5584006973767828e-08,1.0000001192092896,0.9998708367347717,0.999595046043396,8.24163818359375,3.0868310928344727,1.0,3.0868310928344727
GCN,527,1422,4,1,1,-4.41484260559082,2.4210286140441895,6.83587121963501,0.9486831426620483,0.0850110873579979,0.0,0.8573882579803467,0.0,0.10837438423645321,0,0.0,0.0034891835310537334,5,1.0054467916488647,0.9945827126502991,0.8200823869837026,1.0,99.74270629882812,1.0,0.8503942489624023,1.0,0.8503942489624023,1.0,6.006850128414953e-08,1.0000001192092896,0.9945827126502991,1.0054467916488647,3.320650100708008,1.4715889692306519,1.0000001192092896,1.4715888500213623
GCN,527,1423,3,1,2,-0.2168593406677246,4.372607231140137,4.589466571807861,0.8660253286361694,0.046310484409332275,0.0,0.9392216801643372,0.0,0.10837438423645321,0,0.0,0.0034891835310537334,5,1.0016194581985474,0.9983832240104675,0.8992005135073163,1.0,109.27578735351562,1.0,0.9316691160202026,1.0,0.9316691160202026,1.0,6.705522537231445e-08,1.0,0.9983832240104675,1.0016194581985474,4.200326919555664,1.6120448112487793,1.0,1.6120448112487793
GCN,527,1425,4,1,2,-3.206329345703125,3.9862465858459473,7.192575931549072,0.8660253286361694,0.04911937192082405,-0.009211077354848385,0.9392216801643372,0.0,0.10837438423645321,0,0.0,0.0034891835310537334,5,1.0012662410736084,0.9981797933578491,0.8992005135073163,1.0,109.27578735351562,1.0,0.9316691160202026,1.0,0.9316691160202026,1.0,6.715862355122226e-08,1.0,0.9981797933578491,1.0012662410736084,4.3040547370910645,1.6120448112487793,1.0,1.6120448112487793
GCN,527,1429,4,1,3,-3.1202504634857178,3.956970691680908,7.077221155166626,0.8017836213111877,0.04172129929065704,0.0,1.0144754648208618,0.0,0.10837438423645321,0,0.0,0.0034891835310537334,5,1.001314640045166,0.9986871480941772,0.9723540606496855,1.0,118.04334259033203,1.0,1.0064208507537842,1.0,1.0064208507537842,1.0,0.0,1.0000001192092896,0.9986871480941772,1.001314640045166,4.9698944091796875,1.741207480430603,1.0,1.741207480430603
GCN,527,1434,3,1,2,-4.128131866455078,1.4090760946273804,5.5372079610824585,0.8660253286361694,0.0720544308423996,0.0,0.9392216801643372,0.0,0.10837438423645321,0,0.0,0.0034891835310537334,5,1.0039160251617432,0.9960992932319641,0.8992005135073163,1.0,109.27578735351562,1.0,0.9316691160202026,1.0,0.9316691160202026,1.0,6.705522537231445e-08,1.0,0.9960992932319641,1.0039160251617432,2.3006138801574707,1.6120448112487793,1.0,1.6120448112487793
GCN,527,1436,5,1,1,-4.057567596435547,3.787158489227295,7.844726085662842,0.9486831426620483,0.08288966119289398,0.0,0.8573882579803467,0.0,0.10837438423645321,0,0.0,0.0034891835310537334,5,1.0051789283752441,0.9948477745056152,0.8200823869837026,1.0,99.74270629882812,1.0,0.8503942489624023,1.0,0.8503942489624023,1.0,6.006850128414953e-08,1.0000001192092896,0.9948477745056152,1.0051789283752441,4.021507263183594,1.4715889692306519,1.0,1.4715889692306519
GCN,527,1437,4,1,1,-1.220332145690918,3.866811752319336,5.087143898010254,0.9486831426620483,0.07450384646654129,0.0,0.8573882579803467,0.0,0.10837438423645321,0,0.0,0.0034891835310537334,5,1.0041861534118652,0.995831310749054,0.8200823869837026,1.0,99.74270629882812,1.0,0.8503942489624023,1.0,0.8503942489624023,1.0,6.006850128414953e-08,1.0000001192092896,0.995831310749054,1.0041861534118652,4.3718390464782715,1.4715889692306519,1.0,1.4715889692306519
GCN,527,1441,5,1,23,-2.2347936630249023,1.6175048351287842,3.8522984981536865,0.40824824571609497,0.016554517671465874,-0.0046761976554989815,1.9923902750015259,0.0,0.10837438423645321,0,0.0,0.0034891835310537334,5,1.0001120567321777,0.9997929334640503,1.9376594108713874,1.0,232.01303100585938,1.0,1.9782558679580688,1.0,1.9782558679580688,1.0,6.324770396304302e-08,1.0,0.9997929334640503,1.0001120567321777,8.452996253967285,3.419663429260254,1.0,3.419663429260254
GCN,527,1442,3,1,2,-2.753094434738159,2.7727138996124268,5.525808334350586,0.8660253286361694,0.056303102523088455,0.0,0.9392216801643372,0.0,0.10837438423645321,0,0.0,0.0034891835310537334,5,1.0023927688598633,0.9976129531860352,0.8992005135073163,1.0,109.27578735351562,1.0,0.9316691160202026,1.0,0.9316691160202026,1.0,6.705522537231445e-08,1.0,0.9976129531860352,1.0023927688598633,4.3040547370910645,1.6120448112487793,1.0,1.6120448112487793
GCN,527,1444,2,1,4,-2.3375775814056396,3.516899824142456,5.854477405548096,0.7499998807907104,0.03330957144498825,-0.014205431565642357,1.084519863128662,0.0,0.10837438423645321,0,0.0,0.0034891835310537334,5,1.0002567768096924,0.9991617798805237,1.0407128672118384,1.0,126.20463562011719,1.0,1.076006293296814,1.0,1.076006293296814,1.0,8.33000246558413e-09,1.0000001192092896,0.9991617798805237,1.0002567768096924,5.201174259185791,1.861429214477539,1.0,1.861429214477539
GCN,527,1448,1,1,5,-1.7467164993286133,2.3062970638275146,4.053013563156128,0.7071066498756409,0.02160467952489853,-0.01093592494726181,1.150307059288025,0.017534777522087097,0.10837438423645321,0,0.0,0.0034891835310537334,5,1.000062346458435,0.999647319316864,1.1051090585391374,1.0,133.870361328125,1.0,1.1413679122924805,1.0,1.1413679122924805,1.0,1.4901161193847656e-08,1.0000001192092896,0.999647319316864,1.000062346458435,4.742837429046631,1.9743437767028809,1.0,1.9743437767028809
GCN,527,1450,3,1,3,-3.976825714111328,1.3170661926269531,5.293891906738281,0.8017836213111877,0.04063565284013748,0.0,1.0144754648208618,0.0,0.10837438423645321,0,0.0,0.0034891835310537334,5,1.0012471675872803,0.9987544417381287,0.9723540606496855,1.0,118.04334259033203,1.0,1.0064208507537842,1.0,1.0064208507537842,1.0,0.0,1.0000001192092896,0.9987544417381287,1.0012471675872803,4.865253448486328,1.741207480430603,1.0,1.741207480430603
GCN,527,1452,4,1,3,-3.254936695098877,3.332303047180176,6.587239742279053,0.8017836213111877,0.039163362234830856,0.0,1.0144754648208618,0.0,0.10837438423645321,0,0.0,0.0034891835310537334,5,1.001158595085144,0.9988428354263306,0.9723540606496855,1.0,118.04334259033203,1.0,1.0064208507537842,1.0,1.0064208507537842,1.0,0.0,1.0000001192092896,0.9988428354263306,1.001158595085144,4.057901859283447,1.741207480430603,1.0,1.741207480430603
GCN,527,1457,3,1,3,-4.143303394317627,2.00266695022583,6.145970344543457,0.8017836213111877,0.044011928141117096,-0.0061630792915821075,1.0144754648208618,0.0,0.10837438423645321,0,0.0,0.0034891835310537334,5,1.0011297464370728,0.9985384941101074,0.9723540606496855,1.0,118.04334259033203,1.0,1.0064208507537842,1.0,1.0064208507537842,1.0,0.0,1.0000001192092896,0.9985384941101074,1.0011297464370728,4.536871910095215,1.741207480430603,1.0,1.741207480430603
GCN,527,1476,6,1,2,-2.130349636077881,1.327836036682129,3.4581856727600098,0.8660253286361694,0.0553131178021431,-0.02618725597858429,0.9392216801643372,0.0,0.10837438423645321,0,0.0,0.0034891835310537334,5,1.0005310773849487,0.9976892471313477,0.8992005135073163,1.0,109.27578735351562,1.0,0.9316691160202026,1.0,0.9316691160202026,1.0,6.828570064953965e-08,1.0,0.9976892471313477,1.0005310773849487,4.504349231719971,1.6120448112487793,1.0,1.6120448112487793
GCN,527,1486,2,1,3,-3.8048171997070312,2.7333645820617676,6.538181781768799,0.8017836213111877,0.03606593608856201,-0.05883978679776192,1.0144754648208618,0.0,0.10837438423645321,0,0.0,0.0034891835310537334,5,0.9983726739883423,0.9990167617797852,0.9723540606496855,1.0,118.04334259033203,1.0,1.0064208507537842,1.0,1.0064208507537842,1.0,3.725290298461914e-09,1.0000001192092896,0.9990167617797852,0.9983726739883423,3.657742977142334,1.741207480430603,1.0,1.741207480430603
GCN,527,1487,6,1,4,-0.7936079502105713,1.6023523807525635,2.3959603309631348,0.7499998807907104,0.027274535968899727,-0.007952223531901836,1.084519863128662,0.014459549449384212,0.10837438423645321,0,0.0,0.0034891835310537334,5,1.0002955198287964,0.9994380474090576,1.0407128672118384,1.0,126.20463562011719,1.0,1.076006293296814,1.0,1.076006293296814,1.0,8.33000246558413e-09,1.0000001192092896,0.9994380474090576,1.0002955198287964,5.4225993156433105,1.861429214477539,1.0,1.861429214477539
GCN,527,1493,4,1,1,-1.2692303657531738,3.8076815605163574,5.076911926269531,0.9486831426620483,0.07283671945333481,0.0,0.8573882579803467,0.0,0.10837438423645321,0,0.0,0.0034891835310537334,5,1.004001259803772,0.9960146546363831,0.8200823869837026,1.0,99.74270629882812,1.0,0.8503942489624023,1.0,0.8503942489624023,1.0,6.006850128414953e-08,1.0000001192092896,0.9960146546363831,1.004001259803772,3.7372686862945557,1.4715889692306519,1.0,1.4715889692306519
GCN,527,1499,2,1,4,-3.245828151702881,2.3086328506469727,5.5544610023498535,0.7499998807907104,0.032199643552303314,0.0,1.084519863128662,0.0,0.10837438423645321,0,0.0,0.0034891835310537334,5,1.0007833242416382,0.9992173910140991,1.0407128672118384,1.0,126.20463562011719,1.0,1.076006293296814,1.0,1.076006293296814,1.0,7.450580596923828e-09,1.0000001192092896,0.9992173910140991,1.0007833242416382,5.086849212646484,1.861429214477539,1.0,1.861429214477539
GCN,527,1501,6,1,7,-1.0523841381072998,1.626455545425415,2.678839683532715,0.6396021246910095,0.021951092407107353,-0.0030661781784147024,1.2717121839523315,0.0,0.10837438423645321,0,0.0,0.0034891835310537334,5,1.0002814531326294,0.9996359348297119,1.2243356596549602,1.0,148.01780700683594,1.0,1.2619996070861816,1.0,1.2619996070861816,1.0,1.5359765015432458e-08,1.0000001192092896,0.9996359348297119,1.0002814531326294,5.3954176902771,2.1827187538146973,1.0,2.1827187538146973
GCN,527,1506,2,1,2,-2.0991263389587402,2.8026371002197266,4.901763439178467,0.8660253286361694,0.05089077353477478,0.0,0.9392216801643372,0.0,0.10837438423645321,0,0.0,0.0034891835310537334,5,1.001955270767212,0.9980485439300537,0.8992005135073163,1.0,109.27578735351562,1.0,0.9316691160202026,1.0,0.9316691160202026,1.0,6.705522537231445e-08,1.0,0.9980485439300537,1.001955270767212,3.9847800731658936,1.6120448112487793,1.0,1.6120448112487793
GCN,527,1507,0,1,6,-1.629622459411621,1.2207837104797363,2.8504061698913574,0.6708203554153442,0.028268294408917427,0.0,1.2125300168991089,0.0,0.10837438423645321,0,0.0,0.0034891835310537334,5,1.0006039142608643,0.9993966221809387,1.166159309467222,1.0,141.12112426757812,1.0,1.2031928300857544,1.0,1.2031928300857544,1.0,6.052880507922964e-08,1.0,0.9993966221809387,1.0006039142608643,4.536871433258057,2.0811409950256348,1.0,2.0811409950256348
GCN,527,1523,0,1,2,0.42747604846954346,3.4302868843078613,3.002810835838318,0.8660253286361694,0.05808721482753754,-0.07805012911558151,0.9392216801643372,0.0,0.10837438423645321,0,0.0,0.0034891835310537334,5,0.9969714879989624,0.9974469542503357,0.8992005135073163,1.0,109.27578735351562,1.0,0.9316691160202026,1.0,0.9316691160202026,1.0,3.0719530030864917e-08,1.0,0.9974469542503357,0.9969714879989624,4.093972206115723,1.6120448112487793,1.0,1.6120448112487793
GCN,527,1541,3,1,1,-4.416193962097168,1.9282524585723877,6.344446420669556,0.9486831426620483,0.09069238603115082,0.0,0.8573882579803467,0.0,0.10837438423645321,0,0.0,0.0034891835310537334,5,1.0061967372894287,0.9938413500785828,0.8200823869837026,1.0,99.74270629882812,1.0,0.8503942489624023,1.0,0.8503942489624023,1.0,6.006850128414953e-08,1.0000001192092896,0.9938413500785828,1.0061967372894287,3.7372689247131348,1.4715889692306519,1.0,1.4715889692306519
GCN,527,1546,2,1,5,-4.719298362731934,1.7956395149230957,6.514937877655029,0.7071066498756409,0.025761853903532028,-0.05751637741923332,1.150307059288025,0.0,0.10837438423645321,0,0.0,0.0034891835310537334,5,0.998678982257843,0.9994986653327942,1.1051090585391374,1.0,133.870361328125,1.0,1.1413679122924805,1.0,1.1413679122924805,1.0,1.4901161193847656e-08,1.0000001192092896,0.9994986653327942,0.998678982257843,4.742837429046631,1.9743437767028809,1.0,1.9743437767028809
GCN,527,1554,3,0,4,-6.8121747970581055,-2.144274950027466,4.66789984703064,0.7499998807907104,0.057508327066898346,0.0,1.084519863128662,0.0,0.10837438423645321,0,0.0,0.0034891835310537334,5,1.002496361732483,0.9975098967552185,1.0407128672118384,1.0,126.20463562011719,1.0,1.076006293296814,1.0,1.076006293296814,1.0,7.450580596923828e-09,1.0000001192092896,0.9975098967552185,1.002496361732483,1.8784433603286743,1.861429214477539,1.0,1.861429214477539
GCN,527,1561,1,1,2,-1.5105904340744019,2.7885794639587402,4.299169898033142,0.8660253286361694,0.04245861992239952,0.0,0.9392216801643372,0.0,0.10837438423645321,0,0.0,0.0034891835310537334,5,1.0013614892959595,0.9986404180526733,0.8992005135073163,1.0,109.27578735351562,1.0,0.9316691160202026,1.0,0.9316691160202026,1.0,6.705522537231445e-08,1.0,0.9986404180526733,1.0013614892959595,4.093972206115723,1.6120448112487793,1.0,1.6120448112487793
GCN,527,1565,2,1,2,-4.203569412231445,0.5440235137939453,4.747592926025391,0.8660253286361694,0.12177783250808716,0.0,0.9392216801643372,0.0,0.10837438423645321,0,0.0,0.0034891835310537334,5,1.0111452341079712,0.9889775514602661,0.8992005135073163,1.0,109.27578735351562,1.0,0.9316691160202026,1.0,0.9316691160202026,1.0,6.705522537231445e-08,1.0,0.9889775514602661,1.0111452341079712,1.328260064125061,1.6120448112487793,1.0,1.6120448112487793
GCN,527,1567,3,0,4,-5.017698764801025,-0.6805228590965271,4.337175905704498,0.7499998807907104,0.048893678933382034,0.0,1.084519863128662,0.0,0.10837438423645321,0,0.0,0.0034891835310537334,5,1.0018051862716675,0.9981981515884399,1.0407128672118384,1.0,126.20463562011719,1.0,1.076006293296814,1.0,1.076006293296814,1.0,7.450580596923828e-09,1.0000001192092896,0.9981981515884399,1.0018051862716675,3.0674853324890137,1.861429214477539,1.0,1.861429214477539
GCN,527,1568,2,1,4,-3.1460771560668945,2.449887990951538,5.595965147018433,0.7499998807907104,0.026322316378355026,-0.00445927307009697,1.084519863128662,0.0,0.10837438423645321,0,0.0,0.0034891835310537334,5,1.0003793239593506,0.9994765520095825,1.0407128672118384,1.0,126.20463562011719,1.0,1.076006293296814,1.0,1.076006293296814,1.0,8.33000246558413e-09,1.0000001192092896,0.9994765520095825,1.0003793239593506,4.6012282371521,1.861429214477539,1.0,1.861429214477539
GCN,527,1583,0,1,10,-0.10807371139526367,2.997166156768799,3.1052398681640625,0.5669466257095337,0.015888851135969162,-0.01873493380844593,1.4346848726272583,0.0,0.10837438423645321,0,0.0,0.0034891835310537334,5,0.9998248815536499,0.999809205532074,1.384979188535478,1.0,167.0106658935547,1.0,1.4239519834518433,1.0,1.4239519834518433,1.0,3.4142850324769825e-08,1.0000001192092896,0.999809205532074,0.9998248815536499,6.416105270385742,2.4624390602111816,1.0,2.4624390602111816
GCN,527,1589,2,1,3,-4.18142557144165,2.881744623184204,7.0631701946258545,0.8017836213111877,0.03290301933884621,-0.004309309646487236,1.0144754648208618,0.0,0.10837438423645321,0,0.0,0.0034891835310537334,5,1.0006437301635742,0.9991825819015503,0.9723540606496855,1.0,118.04334259033203,1.0,1.0064208507537842,1.0,1.0064208507537842,1.0,3.725290298461914e-09,1.0000001192092896,0.9991825819015503,1.0006437301635742,4.865253448486328,1.741207480430603,1.0,1.741207480430603
GCN,527,1591,3,1,1,-5.233883857727051,1.6176387071609497,6.8515225648880005,0.9486831426620483,0.07737024128437042,-0.1019594669342041,0.8573882579803467,0.08089875429868698,0.22110647972716937,0,0.0,0.0034891835310537334,5,0.9948119521141052,0.9954659938812256,0.8200823869837026,1.0,99.74270629882812,1.0,0.8503942489624023,1.0,0.8503942489624023,1.0,6.705522537231445e-08,1.0,0.9954659938812256,0.9948119521141052,4.286941051483154,1.4715889692306519,0.9999999403953552,1.4715890884399414
GCN,527,1597,3,1,2,-2.7215261459350586,3.416633367538452,6.138159513473511,0.8660253286361694,0.07410874962806702,-0.014098221436142921,0.9392216801643372,0.030064154416322708,0.10837438423645321,0,0.0,0.0034891835310537334,5,1.0028619766235352,0.9958654046058655,0.8992005135073163,1.0,109.27578735351562,1.0,0.9316691160202026,1.0,0.9316691160202026,1.0,6.705522537231445e-08,1.0,0.9958654046058655,1.0028619766235352,4.5043487548828125,1.6120448112487793,1.0,1.6120448112487793
GCN,527,1600,3,1,1,-3.7378644943237305,2.8757243156433105,6.613588809967041,0.9486831426620483,0.08537032455205917,0.0,0.8573882579803467,0.0,0.10837438423645321,0,0.0,0.0034891835310537334,5,1.0054928064346313,0.9945371747016907,0.8200823869837026,1.0,99.74270629882812,1.0,0.8503942489624023,1.0,0.8503942489624023,1.0,6.006850128414953e-08,1.0000001192092896,0.9945371747016907,1.0054928064346313,3.8343565464019775,1.4715889692306519,1.0,1.4715889692306519
GCN,527,1602,0,1,10,3.492978811264038,6.706649303436279,3.213670492172241,0.5669466257095337,0.01875675655901432,-0.019438061863183975,1.4346848726272583,0.08434279263019562,0.22735884804850323,0,0.0,0.0034891835310537334,5,0.9998176693916321,0.999734103679657,1.384979188535478,1.0,167.0106658935547,1.0,1.4239519834518433,1.0,1.4239519834518433,1.0,1.5017125321037383e-08,1.0000001192092896,0.999734103679657,0.9998176693916321,6.88050651550293,2.4624390602111816,1.0,2.4624390602111816
GCN,527,1605,3,1,3,-3.5129408836364746,2.002798080444336,5.5157389640808105,0.8017836213111877,0.034807637333869934,0.0,1.0144754648208618,0.0,0.10837438423645321,0,0.0,0.0034891835310537334,5,1.0009151697158813,0.9990857243537903,0.9723540606496855,1.0,118.04334259033203,1.0,1.0064208507537842,1.0,1.0064208507537842,1.0,0.0,1.0000001192092896,0.9990857243537903,1.0009151697158813,4.648910999298096,1.741207480430603,1.0,1.741207480430603
GCN,527,1611,3,1,2,-3.9046339988708496,2.907118320465088,6.8117523193359375,0.8660253286361694,0.08774266391992569,0.0,0.9392216801643372,0.0,0.10837438423645321,0,0.0,0.0034891835310537334,5,1.0058013200759888,0.9942320585250854,0.8992005135073163,1.0,109.27578735351562,1.0,0.9316691160202026,1.0,0.9316691160202026,1.0,6.705522537231445e-08,1.0,0.9942320585250854,1.0058013200759888,2.3006138801574707,1.6120448112487793,1.0,1.6120448112487793
GCN,527,1628,0,1,17,4.370189666748047,8.019855499267578,3.6496658325195312,0.462909996509552,0.013872208073735237,-0.018686287105083466,1.7571229934692383,0.0,0.10837438423645321,0,0.0,0.0034891835310537334,5,0.9998266696929932,0.9998546242713928,1.7041127551566526,1.0,204.59085083007812,1.0,1.7444112300872803,1.0,1.7444112300872803,1.0,6.006850128414953e-08,1.0000001192092896,0.9998546242713928,0.9998266696929932,7.858092308044434,3.015859603881836,1.0,3.015859603881836
GCN,527,1629,2,1,3,-3.108941078186035,3.847327947616577,6.956269025802612,0.8017836213111877,0.040660664439201355,-0.049624036997556686,1.0144754648208618,0.04466484859585762,0.11708980674497915,0,0.0,0.0034891835310537334,5,0.9987680912017822,0.9987497925758362,0.9723540606496855,1.0,118.04334259033203,1.0,1.0064208507537842,1.0,1.0064208507537842,1.0,0.0,1.0000001192092896,0.9987497925758362,0.9987680912017822,5.0723772048950195,1.741207480430603,0.9999999403953552,1.7412075996398926
GCN,527,1632,2,1,3,-4.419179916381836,2.6774280071258545,7.09660792350769,0.8017836213111877,0.0515323206782341,0.0,1.0144754648208618,0.0,0.10837438423645321,0,0.0,0.0034891835310537334,5,1.0020049810409546,0.9979991912841797,0.9723540606496855,1.0,118.04334259033203,1.0,1.0064208507537842,1.0,1.0064208507537842,1.0,0.0,1.0000001192092896,0.9979991912841797,1.0020049810409546,2.6840498447418213,1.741207480430603,1.0,1.741207480430603
GCN,527,1637,0,1,2,-1.128279685974121,2.2235703468322754,3.3518500328063965,0.8660253286361694,0.07311322540044785,0.0,0.9392216801643372,0.0,0.10837438423645321,0,0.0,0.0034891835310537334,5,1.0040316581726074,0.9959845542907715,0.8992005135073163,1.0,109.27578735351562,1.0,0.9316691160202026,1.0,0.9316691160202026,1.0,6.705522537231445e-08,1.0,0.9959845542907715,1.0040316581726074,2.656520128250122,1.6120448112487793,1.0,1.6120448112487793
GCN,527,1644,0,1,2,0.5088313221931458,3.6708998680114746,3.162068545818329,0.8660253286361694,0.042852409183979034,0.0,0.9392216801643372,0.0,0.10837438423645321,0,0.0,0.0034891835310537334,5,1.0013867616653442,0.9986151456832886,0.8992005135073163,1.0,109.27578735351562,1.0,0.9316691160202026,1.0,0.9316691160202026,1.0,6.705522537231445e-08,1.0,0.9986151456832886,1.0013867616653442,3.9847800731658936,1.6120448112487793,1.0,1.6120448112487793
GCN,527,1645,3,1,4,-1.7029727697372437,1.4088363647460938,3.1118091344833374,0.7499998807907104,0.03293371573090553,0.0,1.084519863128662,0.0,0.10837438423645321,0,0.0,0.0034891835310537334,5,1.000819444656372,0.99918133020401,1.0407128672118384,1.0,126.20463562011719,1.0,1.076006293296814,1.0,1.076006293296814,1.0,7.450580596923828e-09,1.0000001192092896,0.99918133020401,1.000819444656372,4.6012282371521,1.861429214477539,1.0,1.861429214477539
GCN,527,1653,4,1,5,-4.3242506980896,2.460935354232788,6.785186052322388,0.7071066498756409,0.027107518166303635,-0.007055750582367182,1.150307059288025,0.015776662155985832,0.10837438423645321,0,0.0,0.0034891835310537334,5,1.0003201961517334,0.9994449615478516,1.1051090585391374,1.0,133.870361328125,1.0,1.1413679122924805,1.0,1.1413679122924805,1.0,1.5359765015432458e-08,1.0000001192092896,0.9994449615478516,1.0003201961517334,5.271369457244873,1.9743437767028809,1.0,1.9743437767028809
GCN,527,1661,5,1,4,0.1343221664428711,3.017716884613037,2.883394718170166,0.7499998807907104,0.024772167205810547,-0.01216044556349516,1.084519863128662,0.017040744423866272,0.10837438423645321,0,0.0,0.0034891835310537334,5,1.0000934600830078,0.9995362758636475,1.0407128672118384,1.0,126.20463562011719,1.0,1.076006293296814,1.0,1.076006293296814,1.0,8.33000246558413e-09,1.0000001192092896,0.9995362758636475,1.0000934600830078,4.6012282371521,1.861429214477539,1.0,1.861429214477539
GCN,527,1668,2,1,2,-1.9570391178131104,2.6700854301452637,4.627124547958374,0.8660253286361694,0.052428293973207474,-0.02425406686961651,0.9392216801643372,0.0,0.10837438423645321,0,0.0,0.0034891835310537334,5,1.0005137920379639,0.9979239702224731,0.8992005135073163,1.0,109.27578735351562,1.0,0.9316691160202026,1.0,0.9316691160202026,1.0,6.705522537231445e-08,1.0,0.9979239702224731,1.0005137920379639,4.601227760314941,1.6120448112487793,1.0,1.6120448112487793
GCN,527,1675,6,1,4,-0.893393874168396,2.316382646560669,3.209776520729065,0.7499998807907104,0.028180701658129692,0.0,1.084519863128662,0.0,0.10837438423645321,0,0.0,0.0034891835310537334,5,1.000599980354309,0.9994003772735596,1.0407128672118384,1.0,126.20463562011719,1.0,1.076006293296814,1.0,1.076006293296814,1.0,7.450580596923828e-09,1.0000001192092896,0.9994003772735596,1.000599980354309,4.8501200675964355,1.861429214477539,1.0,1.861429214477539
GCN,527,1679,3,1,3,-4.9289984703063965,0.9940378069877625,5.923036277294159,0.8017836213111877,0.04936723783612251,-0.02054540440440178,1.0144754648208618,0.0,0.10837438423645321,0,0.0,0.0034891835310537334,5,1.0005947351455688,0.9981594085693359,0.9723540606496855,1.0,118.04334259033203,1.0,1.0064208507537842,1.0,1.0064208507537842,1.0,1.4901161193847656e-08,1.0000001192092896,0.9981594085693359,1.0005947351455688,4.1827898025512695,1.741207480430603,1.0,1.741207480430603
GCN,527,1684,3,1,2,-4.751175880432129,0.8428969383239746,5.5940728187561035,0.8660253286361694,0.07073012739419937,0.0,0.9392216801643372,0.0,0.10837438423645321,0,0.0,0.0034891835310537334,5,1.00377357006073,0.9962406158447266,0.8992005135073163,1.0,109.27578735351562,1.0,0.9316691160202026,1.0,0.9316691160202026,1.0,6.705522537231445e-08,1.0,0.9962406158447266,1.00377357006073,3.1150457859039307,1.6120448112487793,1.0,1.6120448112487793
GCN,527,1688,4,1,3,-2.006399393081665,4.14980936050415,6.156208753585815,0.8017836213111877,0.042996279895305634,0.0,1.0144754648208618,0.0,0.10837438423645321,0,0.0,0.0034891835310537334,5,1.0013962984085083,0.9986057281494141,0.9723540606496855,1.0,118.04334259033203,1.0,1.0064208507537842,1.0,1.0064208507537842,1.0,0.0,1.0000001192092896,0.9986057281494141,1.0013962984085083,4.6489105224609375,1.741207480430603,1.0,1.741207480430603
GCN,527,1695,0,1,3,1.5177268981933594,4.578185558319092,3.0604586601257324,0.8017836213111877,0.03938470408320427,0.0,1.0144754648208618,0.0,0.10837438423645321,0,0.0,0.0034891835310537334,5,1.001171588897705,0.9988298416137695,0.9723540606496855,1.0,118.04334259033203,1.0,1.0064208507537842,1.0,1.0064208507537842,1.0,0.0,1.0000001192092896,0.9988298416137695,1.001171588897705,4.1827898025512695,1.741207480430603,1.0,1.741207480430603
GCN,527,1705,1,1,7,-1.3353290557861328,2.9164748191833496,4.251803874969482,0.6396021246910095,0.022932209074497223,0.0,1.2717121839523315,0.0,0.10837438423645321,0,0.0,0.0034891835310537334,5,1.0003974437713623,0.9996028542518616,1.2243356596549602,1.0,148.01780700683594,1.0,1.2619996070861816,1.0,1.2619996070861816,1.0,1.4901161193847656e-08,1.0000001192092896,0.9996028542518616,1.0003974437713623,4.40533971786499,2.1827187538146973,1.0,2.1827187538146973
GCN,527,1707,5,1,1,-2.4499359130859375,2.46581768989563,4.915753602981567,0.9486831426620483,0.06727758795022964,0.0,0.8573882579803467,0.0,0.10837438423645321,0,0.0,0.0034891835310537334,5,1.0034148693084717,0.9965968132019043,0.8200823869837026,1.0,99.74270629882812,1.0,0.8503942489624023,1.0,0.8503942489624023,1.0,6.006850128414953e-08,1.0000001192092896,0.9965968132019043,1.0034148693084717,3.929046630859375,1.4715889692306519,1.0,1.4715889692306519
GCN,527,1726,2,1,3,-3.358133316040039,2.618659496307373,5.976792812347412,0.8017836213111877,0.029439043253660202,0.0,1.0144754648208618,0.0,0.10837438423645321,0,0.0,0.0034891835310537334,5,1.0006548166275024,0.9993456602096558,0.9723540606496855,1.0,118.04334259033203,1.0,1.0064208507537842,1.0,1.0064208507537842,1.0,0.0,1.0000001192092896,0.9993456602096558,1.0006548166275024,4.7583112716674805,1.741207480430603,1.0,1.741207480430603
GCN,527,1727,2,1,3,-4.042337894439697,2.3322184085845947,6.374556303024292,0.8017836213111877,0.041580550372600555,-0.034270256757736206,1.0144754648208618,0.0,0.10837438423645321,0,0.0,0.0034891835310537334,5,0.9995546936988831,0.9986928701400757,0.9723540606496855,1.0,118.04334259033203,1.0,1.0064208507537842,1.0,1.0064208507537842,1.0,2.9802322387695312e-08,1.0,0.9986928701400757,0.9995546936988831,3.929046154022217,1.741207480430603,1.0000001192092896,1.741207242012024
GCN,527,1734,2,1,4,-4.644764423370361,2.347438097000122,6.992202520370483,0.7499998807907104,0.049600232392549515,0.0,1.084519863128662,0.0,0.10837438423645321,0,0.0,0.0034891835310537334,5,1.0018575191497803,0.9981459975242615,1.0407128672118384,1.0,126.20463562011719,1.0,1.076006293296814,1.0,1.076006293296814,1.0,7.450580596923828e-09,1.0000001192092896,0.9981459975242615,1.0018575191497803,1.8784433603286743,1.861429214477539,1.0,1.861429214477539
GCN,527,1749,2,1,4,-4.4858832359313965,2.4642248153686523,6.950108051300049,0.7499998807907104,0.02372104860842228,-0.045910097658634186,1.084519863128662,0.0,0.10837438423645321,0,0.0,0.0034891835310537334,5,0.9990859627723694,0.9995747804641724,1.0407128672118384,1.0,126.20463562011719,1.0,1.076006293296814,1.0,1.076006293296814,1.0,7.450580596923828e-09,1.0000001192092896,0.9995747804641724,0.9990859627723694,4.727312088012695,1.861429214477539,1.0,1.861429214477539
GCN,527,1752,2,1,3,-4.491257667541504,3.1954352855682373,7.686692953109741,0.8017836213111877,0.04047592729330063,-0.0037785270251333714,1.0144754648208618,0.0,0.10837438423645321,0,0.0,0.0034891835310537334,5,1.0010496377944946,0.9987637996673584,0.9723540606496855,1.0,118.04334259033203,1.0,1.0064208507537842,1.0,1.0064208507537842,1.0,0.0,1.0000001192092896,0.9987637996673584,1.0010496377944946,4.057901859283447,1.741207480430603,1.0,1.741207480430603
GCN,527,1753,2,1,3,-4.0029802322387695,2.8834054470062256,6.886385679244995,0.8017836213111877,0.03781340271234512,-0.0040445816703140736,1.0144754648208618,0.0,0.10837438423645321,0,0.0,0.0034891835310537334,5,1.000892162322998,0.9989207983016968,0.9723540606496855,1.0,118.04334259033203,1.0,1.0064208507537842,1.0,1.0064208507537842,1.0,0.0,1.0000001192092896,0.9989207983016968,1.000892162322998,4.7583112716674805,1.741207480430603,1.0,1.741207480430603
GCN,527,1760,2,1,2,-2.880643844604492,2.8450891971588135,5.725733041763306,0.8660253286361694,0.03895721957087517,0.0,0.9392216801643372,0.0,0.10837438423645321,0,0.0,0.0034891835310537334,5,1.0011461973190308,0.9988550543785095,0.8992005135073163,1.0,109.27578735351562,1.0,0.9316691160202026,1.0,0.9316691160202026,1.0,6.705522537231445e-08,1.0,0.9988550543785095,1.0011461973190308,4.200326919555664,1.6120448112487793,1.0,1.6120448112487793
GCN,527,1764,5,1,2,-2.8503575325012207,2.4795048236846924,5.329862356185913,0.8660253286361694,0.04298344999551773,0.0,0.9392216801643372,0.0,0.10837438423645321,0,0.0,0.0034891835310537334,5,1.0013952255249023,0.9986066818237305,0.8992005135073163,1.0,109.27578735351562,1.0,0.9316691160202026,1.0,0.9316691160202026,1.0,6.705522537231445e-08,1.0,0.9986066818237305,1.0013952255249023,4.304054260253906,1.6120448112487793,1.0,1.6120448112487793
GCN,527,1768,1,1,3,-1.9085546731948853,2.6611595153808594,4.569714188575745,0.8017836213111877,0.0384545661509037,-0.05635043606162071,1.0144754648208618,0.0904475674033165,0.24820007578628267,0,0.0,0.0034891835310537334,5,0.998452365398407,0.9988819360733032,0.9723540606496855,1.0,118.04334259033203,1.0,1.0064208507537842,1.0,1.0064208507537842,1.0,0.0,1.0000001192092896,0.9988819360733032,0.998452365398407,4.536871910095215,1.741207480430603,1.0,1.741207480430603
GCN,527,1771,1,1,3,-2.1533050537109375,2.2092514038085938,4.362556457519531,0.8017836213111877,0.02847922407090664,0.0,1.0144754648208618,0.0,0.10837438423645321,0,0.0,0.0034891835310537334,5,1.0006128549575806,0.9993876218795776,0.9723540606496855,1.0,118.04334259033203,1.0,1.0064208507537842,1.0,1.0064208507537842,1.0,0.0,1.0000001192092896,0.9993876218795776,1.0006128549575806,4.6489105224609375,1.741207480430603,1.0,1.741207480430603
GCN,527,1777,1,1,5,-2.8453781604766846,1.3166232109069824,4.162001371383667,0.7071066498756409,0.02049332670867443,0.0,1.150307059288025,0.0,0.10837438423645321,0,0.0,0.0034891835310537334,5,1.0003173351287842,0.9996827840805054,1.1051090585391374,1.0,133.870361328125,1.0,1.1413679122924805,1.0,1.1413679122924805,1.0,1.4901161193847656e-08,1.0000001192092896,0.9996827840805054,1.0003173351287842,5.516678810119629,1.9743437767028809,1.0,1.9743437767028809
GCN,527,1779,1,1,6,-1.9585461616516113,1.8963229656219482,3.8548691272735596,0.6708203554153442,0.01649351976811886,0.0,1.2125300168991089,0.0,0.10837438423645321,0,0.0,0.0034891835310537334,5,1.000205636024475,0.9997944831848145,1.166159309467222,1.0,141.12112426757812,1.0,1.2031928300857544,1.0,1.2031928300857544,1.0,6.052880507922964e-08,1.0,0.9997944831848145,1.000205636024475,5.14432954788208,2.0811409950256348,1.0,2.0811409950256348
GCN,527,1781,1,1,5,-1.9234508275985718,2.1942851543426514,4.117735981941223,0.7071066498756409,0.020358622074127197,0.0,1.150307059288025,0.0,0.10837438423645321,0,0.0,0.0034891835310537334,5,1.00031316280365,0.9996869564056396,1.1051090585391374,1.0,133.870361328125,1.0,1.1413679122924805,1.0,1.1413679122924805,1.0,1.5045976908822922e-08,1.0000001192092896,0.9996869564056396,1.00031316280365,5.271368980407715,1.9743437767028809,1.0,1.9743437767028809
GCN,527,1783,1,1,2,-2.22078013420105,2.4193809032440186,4.640161037445068,0.8660253286361694,0.05284871533513069,0.0,0.9392216801643372,0.0,0.10837438423645321,0,0.0,0.0034891835310537334,5,1.0021083354949951,0.9978960752487183,0.8992005135073163,1.0,109.27578735351562,1.0,0.9316691160202026,1.0,0.9316691160202026,1.0,6.705522537231445e-08,1.0,0.9978960752487183,1.0021083354949951,3.8725101947784424,1.6120448112487793,1.0,1.6120448112487793
GCN,527,1786,1,1,3,-2.3118438720703125,2.5203521251678467,4.832195997238159,0.8017836213111877,0.04280943050980568,-0.14467501640319824,1.0144754648208618,0.22723962366580963,0.7459264873057977,1,0.0,0.0034891835310537334,5,0.9937511682510376,0.9986259341239929,0.9723540606496855,1.0,118.04334259033203,1.0,1.0064208507537842,1.0,1.0064208507537842,1.0,0.0,1.0000001192092896,0.9986259341239929,0.9937511682510376,4.536871910095215,1.741207480430603,1.0,1.741207480430603
GCN,527,1794,4,1,4,-2.4548778533935547,2.8967278003692627,5.351605653762817,0.7499998807907104,0.03236208111047745,-0.016533199697732925,1.084519863128662,0.0,0.10837438423645321,0,0.0,0.0034891835310537334,5,1.000133752822876,0.9992086291313171,1.0407128672118384,1.0,126.20463562011719,1.0,1.076006293296814,1.0,1.076006293296814,1.0,2.2351741790771484e-08,1.0000001192092896,0.9992086291313171,1.000133752822876,5.529987335205078,1.861429214477539,1.0,1.861429214477539
GCN,527,1803,0,1,4,0.1413428783416748,2.703186511993408,2.5618436336517334,0.7499998807907104,0.03411750867962837,0.0,1.084519863128662,0.0,0.10837438423645321,0,0.0,0.0034891835310537334,5,1.0008792877197266,0.9991215467453003,1.0407128672118384,1.0,126.20463562011719,1.0,1.076006293296814,1.0,1.076006293296814,1.0,7.450580596923828e-09,1.0000001192092896,0.9991215467453003,1.0008792877197266,5.086849212646484,1.861429214477539,1.0,1.861429214477539
GCN,527,1807,3,1,5,-3.181708812713623,1.8272244930267334,5.0089333057403564,0.7071066498756409,0.027405831962823868,0.0,1.150307059288025,0.0,0.10837438423645321,0,0.0,0.0034891835310537334,5,1.0005674362182617,0.9994329214096069,1.1051090585391374,1.0,133.870361328125,1.0,1.1413679122924805,1.0,1.1413679122924805,1.0,1.4901161193847656e-08,1.0000001192092896,0.9994329214096069,1.0005674362182617,2.8176653385162354,1.9743437767028809,1.0,1.9743437767028809
GCN,527,1809,3,1,3,-3.293699264526367,2.48287296295166,5.776572227478027,0.8017836213111877,0.030296210199594498,-0.12336252629756927,1.0144754648208618,0.1744127720594406,0.5939749905267147,1,0.0,0.0034891835310537334,5,0.9960911870002747,0.9993113279342651,0.9723540606496855,1.0,118.04334259033203,1.0,1.0064208507537842,1.0,1.0064208507537842,1.0,0.0,1.0000001192092896,0.9993113279342651,0.9960911870002747,5.0723772048950195,1.741207480430603,1.0,1.741207480430603
GCN,527,1810,3,0,44,-7.567452430725098,-3.2045671939849854,4.362885236740112,0.3061861991882324,0.007939253002405167,-0.023248547688126564,2.656520128250122,0.0,0.10837438423645321,0,0.0,0.0034891835310537334,5,0.9998207688331604,0.9999524354934692,2.5986078570062525,1.0,309.4266662597656,1.0,2.638422727584839,1.0,2.638422727584839,1.0,1.9865789013806534e-08,1.0000001192092896,0.9999524354934692,0.9998207688331604,11.57950210571289,4.559551239013672,1.0,4.559551239013672
GCN,527,1817,3,1,2,-2.76853084564209,2.384794235229492,5.153325080871582,0.8660253286361694,0.040711306035518646,0.0,0.9392216801643372,0.0,0.10837438423645321,0,0.0,0.0034891835310537334,5,1.0012518167495728,0.9987497925758362,0.8992005135073163,1.0,109.27578735351562,1.0,0.9316691160202026,1.0,0.9316691160202026,1.0,6.705522537231445e-08,1.0,0.9987497925758362,1.0012518167495728,4.093972682952881,1.6120448112487793,1.0,1.6120448112487793
GCN,527,1822,3,1,2,-4.544007301330566,0.8972706198692322,5.441277921199799,0.8660253286361694,0.04931676387786865,0.0,0.9392216801643372,0.0,0.10837438423645321,0,0.0,0.0034891835310537334,5,1.0018362998962402,0.9981670379638672,0.8992005135073163,1.0,109.27578735351562,1.0,0.9316691160202026,1.0,0.9316691160202026,1.0,6.705522537231445e-08,1.0,0.9981670379638672,1.0018362998962402,4.504349231719971,1.6120448112487793,1.0,1.6120448112487793
GCN,527,1825,5,1,4,-3.3100972175598145,1.8153738975524902,5.125471115112305,0.7499998807907104,0.026812797412276268,-0.08817124366760254,1.084519863128662,0.0,0.10837438423645321,0,0.0,0.0034891835310537334,5,0.9976340532302856,0.9994583129882812,1.0407128672118384,1.0,126.20463562011719,1.0,1.076006293296814,1.0,1.076006293296814,1.0,3.0719530030864917e-08,1.0,0.9994583129882812,0.9976340532302856,4.6012282371521,1.861429214477539,1.0,1.861429214477539
GCN,527,1829,5,1,5,-2.188551425933838,2.623481035232544,4.812032461166382,0.7071066498756409,0.027531038969755173,-0.017012443393468857,1.150307059288025,0.0,0.10837438423645321,0,0.0,0.0034891835310537334,5,0.9999970197677612,0.9994272589683533,1.1051090585391374,1.0,133.870361328125,1.0,1.1413679122924805,1.0,1.1413679122924805,1.0,0.0,1.0000001192092896,0.9994272589683533,0.9999970197677612,5.395418167114258,1.9743437767028809,1.0,1.9743437767028809
GCN,527,1836,6,1,2,-1.4683020114898682,1.719539999961853,3.187842011451721,0.8660253286361694,0.05269947648048401,-0.005151493940502405,0.9392216801643372,0.0,0.10837438423645321,0,0.0,0.0034891835310537334,5,1.0017634630203247,0.9979064464569092,0.8992005135073163,1.0,109.27578735351562,1.0,0.9316691160202026,1.0,0.9316691160202026,1.0,6.705522537231445e-08,1.0,0.9979064464569092,1.0017634630203247,4.093972206115723,1.6120448112487793,1.0,1.6120448112487793
GCN,527,1838,0,1,4,1.8473732471466064,4.818281173706055,2.9709079265594482,0.7499998807907104,0.02996130846440792,-0.07300977408885956,1.084519863128662,0.11973102390766144,0.39674118984463813,1,0.0,0.0034891835310537334,5,0.9979870915412903,0.9993222951889038,1.0407128672118384,1.0,126.20463562011719,1.0,1.076006293296814,1.0,1.076006293296814,1.0,3.3527612686157227e-08,1.0,0.9993222951889038,0.9979870915412903,4.9698944091796875,1.861429214477539,1.0,1.861429214477539
GCN,527,1841,0,1,5,2.764561891555786,5.433463096618652,2.668901205062866,0.7071066498756409,0.02428826317191124,0.0,1.150307059288025,0.0,0.10837438423645321,0,0.0,0.0034891835310537334,5,1.0004457235336304,0.9995545148849487,1.1051090585391374,1.0,133.870361328125,1.0,1.1413679122924805,1.0,1.1413679122924805,1.0,1.4901161193847656e-08,1.0000001192092896,0.9995545148849487,1.0004457235336304,5.271369457244873,1.9743437767028809,1.0,1.9743437767028809
GCN,527,1845,5,1,2,0.42025911808013916,3.26578950881958,2.845530390739441,0.8660253286361694,0.04723455011844635,0.0,0.9392216801643372,0.0,0.10837438423645321,0,0.0,0.0034891835310537334,5,1.0016846656799316,0.9983181953430176,0.8992005135073163,1.0,109.27578735351562,1.0,0.9316691160202026,1.0,0.9316691160202026,1.0,6.705522537231445e-08,1.0,0.9983181953430176,1.0016846656799316,4.093972206115723,1.6120448112487793,1.0,1.6120448112487793
GCN,527,1852,3,1,2,-2.0856740474700928,3.0034594535827637,5.0891335010528564,0.8660253286361694,0.04241049662232399,0.0,0.9392216801643372,0.0,0.10837438423645321,0,0.0,0.0034891835310537334,5,1.0013582706451416,0.9986435174942017,0.8992005135073163,1.0,109.27578735351562,1.0,0.9316691160202026,1.0,0.9316691160202026,1.0,6.705522537231445e-08,1.0,0.9986435174942017,1.0013582706451416,3.8725099563598633,1.6120448112487793,1.0,1.6120448112487793
GCN,527,1853,3,1,1,-2.781890392303467,3.038879156112671,5.820769548416138,0.9486831426620483,0.07529958337545395,-0.018002523109316826,0.8573882579803467,0.018074436113238335,0.10837438423645321,0,0.0,0.0034891835310537334,5,1.0026150941848755,0.9957295656204224,0.8200823869837026,1.0,99.74270629882812,1.0,0.8503942489624023,1.0,0.8503942489624023,1.0,6.018390763529169e-08,1.0000001192092896,0.9957295656204224,1.0026150941848755,3.4295530319213867,1.4715889692306519,1.0,1.4715889692306519
GCN,527,1858,3,1,2,-3.3739776611328125,2.7981791496276855,6.172156810760498,0.8660253286361694,0.04219500720500946,0.0,0.9392216801643372,0.0,0.10837438423645321,0,0.0,0.0034891835310537334,5,1.0013445615768433,0.9986572265625,0.8992005135073163,1.0,109.27578735351562,1.0,0.9316691160202026,1.0,0.9316691160202026,1.0,6.705522537231445e-08,1.0,0.9986572265625,1.0013445615768433,4.40533971786499,1.6120448112487793,1.0,1.6120448112487793
GCN,527,1862,3,0,4,-5.7733378410339355,-0.251387357711792,5.5219504833221436,0.7499998807907104,0.03824695944786072,-0.07894592732191086,1.084519863128662,0.1044398620724678,0.34444865479348236,1,0.0,0.0034891835310537334,5,0.9973899126052856,0.9988950490951538,1.0407128672118384,1.0,126.20463562011719,1.0,1.076006293296814,1.0,1.076006293296814,1.0,7.450580596923828e-09,1.0000001192092896,0.9988951086997986,0.9973899126052856,4.200326919555664,1.861429214477539,1.0000001192092896,1.86142897605896
GCN,527,1866,3,1,2,-3.9736227989196777,1.7023134231567383,5.675936222076416,0.8660253286361694,0.050968583673238754,-0.013134040869772434,0.9392216801643372,0.017040744423866272,0.10837438423645321,0,0.0,0.0034891835310537334,5,1.001139521598816,0.9980396628379822,0.8992005135073163,1.0,109.27578735351562,1.0,0.9316691160202026,1.0,0.9316691160202026,1.0,6.715862355122226e-08,1.0,0.9980396628379822,1.001139521598816,3.9847800731658936,1.6120448112487793,1.0,1.6120448112487793
GCN,527,1870,3,1,4,-3.7745933532714844,1.4456565380096436,5.220249891281128,0.7499998807907104,0.035886626690626144,0.0,1.084519863128662,0.0,0.10837438423645321,0,0.0,0.0034891835310537334,5,1.000972867012024,0.999028205871582,1.0407128672118384,1.0,126.20463562011719,1.0,1.076006293296814,1.0,1.076006293296814,1.0,7.450580596923828e-09,1.0000001192092896,0.999028205871582,1.000972867012024,2.656520128250122,1.861429214477539,1.0,1.861429214477539
GCN,527,1872,3,1,1,-2.674299478530884,3.2016046047210693,5.875904083251953,0.9486831426620483,0.06322353333234787,0.0,0.8573882579803467,0.0,0.10837438423645321,0,0.0,0.0034891835310537334,5,1.0030162334442139,0.996992826461792,0.8200823869837026,1.0,99.74270629882812,1.0,0.8503942489624023,1.0,0.8503942489624023,1.0,6.006850128414953e-08,1.0000001192092896,0.996992826461792,1.0030162334442139,4.111889362335205,1.4715889692306519,1.0,1.4715889692306519
GCN,527,1878,5,1,3,-1.5156785249710083,2.8017849922180176,4.317463517189026,0.8017836213111877,0.03861081600189209,0.0,1.0144754648208618,0.0,0.10837438423645321,0,0.0,0.0034891835310537334,5,1.0011260509490967,0.9988752603530884,0.9723540606496855,1.0,118.04334259033203,1.0,1.0064208507537842,1.0,1.0064208507537842,1.0,0.0,1.0000001192092896,0.9988752603530884,1.0011260509490967,4.9698944091796875,1.741207480430603,1.0,1.741207480430603
GCN,527,1879,5,1,4,-0.3069343566894531,2.9568839073181152,3.2638182640075684,0.7499998807907104,0.02803421951830387,-0.004320821724832058,1.084519863128662,0.0,0.10837438423645321,0,0.0,0.0034891835310537334,5,1.000445008277893,0.9994064569473267,1.0407128672118384,1.0,126.20463562011719,1.0,1.076006293296814,1.0,1.076006293296814,1.0,7.450580596923828e-09,1.0000001192092896,0.9994064569473267,1.000445008277893,3.910291910171509,1.861429214477539,1.0,1.861429214477539
GCN,527,1881,5,1,5,-3.9498367309570312,0.8810083866119385,4.83084511756897,0.7071066498756409,0.03032173030078411,-0.01862216927111149,1.150307059288025,0.0,0.10837438423645321,0,0.0,0.0034891835310537334,5,1.0000007152557373,0.9993051290512085,1.1051090585391374,1.0,133.870361328125,1.0,1.1413679122924805,1.0,1.1413679122924805,1.0,3.332000986233652e-08,1.0,0.9993051290512085,1.0000007152557373,4.742837429046631,1.9743437767028809,1.0,1.9743437767028809
GCN,527,1891,4,1,3,-1.926445722579956,3.704310178756714,5.63075590133667,0.8017836213111877,0.03477390855550766,0.0,1.0144754648208618,0.0,0.10837438423645321,0,0.0,0.0034891835310537334,5,1.000913381576538,0.9990875124931335,0.9723540606496855,1.0,118.04334259033203,1.0,1.0064208507537842,1.0,1.0064208507537842,1.0,0.0,1.0000001192092896,0.9990875124931335,1.000913381576538,3.929046154022217,1.741207480430603,1.0,1.741207480430603
GCN,527,1899,5,1,5,-1.8858633041381836,2.6332221031188965,4.51908540725708,0.7071066498756409,0.03274163976311684,-0.012321190908551216,1.150307059288025,0.0,0.10837438423645321,0,0.0,0.0034891835310537334,5,1.0003141164779663,0.9991902112960815,1.1051090585391374,1.0,133.870361328125,1.0,1.1413679122924805,1.0,1.1413679122924805,1.0,0.0,1.0000001192092896,0.9991902112960815,1.0003141164779663,5.395418167114258,1.9743437767028809,1.0,1.9743437767028809
GCN,527,1901,5,1,6,-3.816295623779297,0.562488317489624,4.378783941268921,0.6708203554153442,0.02412213571369648,-0.00792614370584488,1.2125300168991089,0.0,0.10837438423645321,0,0.0,0.0034891835310537334,5,1.0002048015594482,0.9995603561401367,1.166159309467222,1.0,141.12112426757812,1.0,1.2031928300857544,1.0,1.2031928300857544,1.0,6.233602789507131e-08,1.0,0.9995603561401367,1.0002048015594482,5.556510925292969,2.0811409950256348,1.0,2.0811409950256348
GCN,527,1904,5,1,3,-3.2050600051879883,1.2868677377700806,4.491927742958069,0.8017836213111877,0.03409658744931221,-0.008189139887690544,1.0144754648208618,0.0,0.10837438423645321,0,0.0,0.0034891835310537334,5,1.000535249710083,0.9991220235824585,0.9723540606496855,1.0,118.04334259033203,1.0,1.0064208507537842,1.0,1.0064208507537842,1.0,0.0,1.0000001192092896,0.9991220235824585,1.000535249710083,4.7583112716674805,1.741207480430603,1.0,1.741207480430603
GCN,527,1906,4,1,5,-1.5342768430709839,3.9075675010681152,5.441844344139099,0.7071066498756409,0.022715983912348747,-0.02192159742116928,1.150307059288025,0.0,0.10837438423645321,0,0.0,0.0034891835310537334,5,0.9997777342796326,0.9996100068092346,1.1051090585391374,1.0,133.870361328125,1.0,1.1413679122924805,1.0,1.1413679122924805,1.0,1.5017125321037383e-08,1.0000001192092896,0.9996100068092346,0.9997777342796326,5.144329071044922,1.9743437767028809,1.0,1.9743437767028809
GCN,527,1909,0,1,6,0.36584287881851196,4.4012322425842285,4.0353893637657166,0.6708203554153442,0.02229304611682892,0.0,1.2125300168991089,0.0,0.10837438423645321,0,0.0,0.0034891835310537334,5,1.0003756284713745,0.9996246099472046,1.166159309467222,1.0,141.12112426757812,1.0,1.2031928300857544,1.0,1.2031928300857544,1.0,6.052880507922964e-08,1.0,0.9996246099472046,1.0003756284713745,5.422598838806152,2.0811409950256348,1.0,2.0811409950256348
GCN,527,1911,5,1,4,-0.14578890800476074,3.3703465461730957,3.5161354541778564,0.7499998807907104,0.03258530795574188,0.0,1.084519863128662,0.0,0.10837438423645321,0,0.0,0.0034891835310537334,5,1.0008021593093872,0.9991984963417053,1.0407128672118384,1.0,126.20463562011719,1.0,1.076006293296814,1.0,1.076006293296814,1.0,8.33000246558413e-09,1.0000001192092896,0.9991984963417053,1.0008021593093872,4.9698944091796875,1.861429214477539,1.0,1.861429214477539
GCN,527,1913,0,1,4,1.6244099140167236,4.709885597229004,3.0854756832122803,0.7499998807907104,0.026215925812721252,0.0,1.084519863128662,0.0,0.10837438423645321,0,0.0,0.0034891835310537334,5,1.0005192756652832,0.9994809627532959,1.0407128672118384,1.0,126.20463562011719,1.0,1.076006293296814,1.0,1.076006293296814,1.0,7.450580596923828e-09,1.0000001192092896,0.9994809627532959,1.0005192756652832,5.201174259185791,1.861429214477539,1.0,1.861429214477539
GCN,527,1916,6,1,3,-0.35164350271224976,2.915438652038574,3.267082154750824,0.8017836213111877,0.0381162203848362,0.0,1.0144754648208618,0.0,0.10837438423645321,0,0.0,0.0034891835310537334,5,1.0010974407196045,0.9989038109779358,0.9723540606496855,1.0,118.04334259033203,1.0,1.0064208507537842,1.0,1.0064208507537842,1.0,0.0,1.0000001192092896,0.9989038109779358,1.0010974407196045,4.421995639801025,1.741207480430603,1.0,1.741207480430603
GCN,527,1918,6,1,2,-0.2337021827697754,3.1972904205322266,3.430992603302002,0.8660253286361694,0.09712883830070496,0.0,0.9392216801643372,0.0,0.10837438423645321,0,0.0,0.0034891835310537334,5,1.0071043968200684,0.9929457306861877,0.8992005135073163,1.0,109.27578735351562,1.0,0.9316691160202026,1.0,0.9316691160202026,1.0,6.705522537231445e-08,1.0,0.9929457306861877,1.0071043968200684,2.100163459777832,1.6120448112487793,1.0,1.6120448112487793
GCN,527,1920,0,1,6,-0.12857675552368164,2.4074416160583496,2.5360183715820312,0.6708203554153442,0.023431697860360146,-0.0947934165596962,1.2125300168991089,0.19029997289180756,0.6371731716559302,1,0.0,0.0034891835310537334,5,0.9976816773414612,0.999586820602417,1.166159309467222,1.0,141.12112426757812,1.0,1.2031928300857544,1.0,1.2031928300857544,1.0,6.064333035737945e-08,1.0,0.999586820602417,0.9976816773414612,5.556510925292969,2.0811409950256348,1.0,2.0811409950256348
GCN,527,1925,0,1,3,0.49635326862335205,4.446351051330566,3.9499977827072144,0.8017836213111877,0.033570628613233566,-0.030467145144939423,1.0144754648208618,0.0,0.10837438423645321,0,0.0,0.0034891835310537334,5,0.9995942711830139,0.9991480112075806,0.9723540606496855,1.0,118.04334259033203,1.0,1.0064208507537842,1.0,1.0064208507537842,1.0,3.725290298461914e-09,1.0000001192092896,0.9991480112075806,0.9995942711830139,4.421995639801025,1.741207480430603,1.0,1.741207480430603
GCN,527,1931,3,1,3,-3.00892972946167,2.4304232597351074,5.439352989196777,0.8017836213111877,0.02676834538578987,0.0,1.0144754648208618,0.0,0.10837438423645321,0,0.0,0.0034891835310537334,5,1.0005414485931396,0.999458909034729,0.9723540606496855,1.0,118.04334259033203,1.0,1.0064208507537842,1.0,1.0064208507537842,1.0,0.0,1.0000001192092896,0.999458909034729,1.0005414485931396,4.6489105224609375,1.741207480430603,1.0,1.741207480430603
GCN,527,1932,3,1,3,-3.184485912322998,2.4140872955322266,5.598573207855225,0.8017836213111877,0.037597812712192535,0.0,1.0144754648208618,0.0,0.10837438423645321,0,0.0,0.0034891835310537334,5,1.001067876815796,0.9989333748817444,0.9723540606496855,1.0,118.04334259033203,1.0,1.0064208507537842,1.0,1.0064208507537842,1.0,0.0,1.0000001192092896,0.9989333748817444,1.001067876815796,4.421995639801025,1.741207480430603,1.0,1.741207480430603
GCN,527,1936,3,1,5,-3.7014997005462646,0.9983516931533813,4.699851393699646,0.7071066498756409,0.024816513061523438,0.0,1.150307059288025,0.0,0.10837438423645321,0,0.0,0.0034891835310537334,5,1.0004653930664062,0.9995349049568176,1.1051090585391374,1.0,133.870361328125,1.0,1.1413679122924805,1.0,1.1413679122924805,1.0,1.4901161193847656e-08,1.0000001192092896,0.9995349049568176,1.0004653930664062,4.742837429046631,1.9743437767028809,1.0,1.9743437767028809
GCN,527,1938,3,1,1,-3.2166543006896973,2.6717257499694824,5.88838005065918,0.9486831426620483,0.09287750720977783,0.0,0.8573882579803467,0.0,0.10837438423645321,0,0.0,0.0034891835310537334,5,1.006498098373413,0.9935439229011536,0.8200823869837026,1.0,99.74270629882812,1.0,0.8503942489624023,1.0,0.8503942489624023,1.0,6.006850128414953e-08,1.0000001192092896,0.9935439229011536,1.006498098373413,3.320650577545166,1.4715889692306519,1.0000001192092896,1.4715888500213623
GCN,527,1942,3,1,3,-3.192066192626953,2.841254711151123,6.033320903778076,0.8017836213111877,0.03432358801364899,-0.052633706480264664,1.0144754648208618,0.054164089262485504,0.1856763925729443,0,0.0,0.0034891835310537334,5,0.9986684322357178,0.9991093873977661,0.9723540606496855,1.0,118.04334259033203,1.0,1.0064208507537842,1.0,1.0064208507537842,1.0,7.450580596923828e-09,1.0000001192092896,0.9991093873977661,0.9986684322357178,4.182789325714111,1.741207480430603,1.0,1.741207480430603
GCN,527,1947,3,0,4,-5.007938861846924,-0.07773566246032715,4.930203199386597,0.7499998807907104,0.028092721477150917,-0.004794941283762455,1.084519863128662,0.0,0.10837438423645321,0,0.0,0.0034891835310537334,5,1.0004308223724365,0.9994039535522461,1.0407128672118384,1.0,126.20463562011719,1.0,1.076006293296814,1.0,1.076006293296814,1.0,7.450580596923828e-09,1.0000001192092896,0.9994039535522461,1.0004308223724365,4.727312088012695,1.861429214477539,1.0,1.861429214477539
GCN,527,1959,5,1,5,-4.62567138671875,0.1460559368133545,4.7717273235321045,0.7071066498756409,0.02964317612349987,-0.018144803121685982,1.150307059288025,0.0,0.10837438423645321,0,0.0,0.0034891835310537334,5,1.0000029802322388,0.9993358850479126,1.1051090585391374,1.0,133.870361328125,1.0,1.1413679122924805,1.0,1.1413679122924805,1.0,3.357931177561113e-08,1.0,0.9993358850479126,1.0000029802322388,5.271368980407715,1.9743437767028809,1.0,1.9743437767028809
GCN,527,1961,5,1,3,-3.508833169937134,2.1422078609466553,5.651041030883789,0.8017836213111877,0.03412124142050743,0.0,1.0144754648208618,0.0,0.10837438423645321,0,0.0,0.0034891835310537334,5,1.0008795261383057,0.9991213083267212,0.9723540606496855,1.0,118.04334259033203,1.0,1.0064208507537842,1.0,1.0064208507537842,1.0,0.0,1.0000001192092896,0.9991213083267212,1.0008795261383057,4.9698944091796875,1.741207480430603,1.0,1.741207480430603
GCN,527,1962,5,1,3,-2.9028477668762207,2.3782272338867188,5.2810750007629395,0.8017836213111877,0.0409243181347847,0.0,1.0144754648208618,0.0,0.10837438423645321,0,0.0,0.0034891835310537334,5,1.0012649297714233,0.9987367391586304,0.9723540606496855,1.0,118.04334259033203,1.0,1.0064208507537842,1.0,1.0064208507537842,1.0,0.0,1.0000001192092896,0.9987367391586304,1.0012649297714233,4.9698944091796875,1.741207480430603,1.0,1.741207480430603
GCN,527,1969,4,1,3,-3.1951961517333984,3.8799593448638916,7.07515549659729,0.8017836213111877,0.042418546974658966,0.0,1.0144754648208618,0.0,0.10837438423645321,0,0.0,0.0034891835310537334,5,1.001358985900879,0.9986429810523987,0.9723540606496855,1.0,118.04334259033203,1.0,1.0064208507537842,1.0,1.0064208507537842,1.0,0.0,1.0000001192092896,0.9986429810523987,1.001358985900879,4.1827898025512695,1.741207480430603,1.0,1.741207480430603
GCN,527,1972,6,1,3,-0.874541163444519,2.0120580196380615,2.8865991830825806,0.8017836213111877,0.03172735869884491,0.0,1.0144754648208618,0.0,0.10837438423645321,0,0.0,0.0034891835310537334,5,1.0007604360580444,0.9992401599884033,0.9723540606496855,1.0,118.04334259033203,1.0,1.0064208507537842,1.0,1.0064208507537842,1.0,0.0,1.0000001192092896,0.9992401599884033,1.0007604360580444,4.865253448486328,1.741207480430603,1.0,1.741207480430603
GCN,527,1977,3,1,2,0.19437706470489502,3.0432333946228027,2.8488563299179077,0.8660253286361694,0.04147058352828026,0.0,0.9392216801643372,0.0,0.10837438423645321,0,0.0,0.0034891835310537334,5,1.0012989044189453,0.998702883720398,0.8992005135073163,1.0,109.27578735351562,1.0,0.9316691160202026,1.0,0.9316691160202026,1.0,6.705522537231445e-08,1.0,0.998702883720398,1.0012989044189453,4.304054260253906,1.6120448112487793,1.0,1.6120448112487793
GCN,527,1983,0,1,4,0.11612677574157715,3.914743661880493,3.798616886138916,0.7499998807907104,0.02255108952522278,-0.06405989825725555,1.084519863128662,0.08826780319213867,0.23796892762410005,0,0.0,0.0034891835310537334,5,0.998607337474823,0.9996161460876465,1.0407128672118384,1.0,126.20463562011719,1.0,1.076006293296814,1.0,1.076006293296814,1.0,3.0719530030864917e-08,1.0,0.9996161460876465,0.998607337474823,4.9698944091796875,1.861429214477539,1.0,1.861429214477539
GCN,527,1996,3,0,5,-6.939520359039307,-2.05592679977417,4.883593559265137,0.7071066498756409,0.035515155643224716,-0.0038125852588564157,1.150307059288025,0.0,0.10837438423645321,0,0.0,0.0034891835310537334,5,1.000786542892456,0.9990478754043579,1.1051090585391374,1.0,133.870361328125,1.0,1.1413679122924805,1.0,1.1413679122924805,1.0,1.4901161193847656e-08,1.0000001192092896,0.9990478754043579,1.000786542892456,3.9847803115844727,1.9743437767028809,1.0,1.9743437767028809
GCN,527,2004,3,1,4,-4.828047752380371,0.4846980571746826,5.312745809555054,0.7499998807907104,0.029339483007788658,0.0,1.084519863128662,0.0,0.10837438423645321,0,0.0,0.0034891835310537334,5,1.000650405883789,0.9993501901626587,1.0407128672118384,1.0,126.20463562011719,1.0,1.076006293296814,1.0,1.076006293296814,1.0,7.450580596923828e-09,1.0000001192092896,0.9993501901626587,1.000650405883789,4.9698944091796875,1.861429214477539,1.0,1.861429214477539
GCN,527,2006,3,1,3,-5.234621047973633,0.6406128406524658,5.875233888626099,0.8017836213111877,0.043684832751750946,0.0,1.0144754648208618,0.0,0.10837438423645321,0,0.0,0.0034891835310537334,5,1.001441240310669,0.998560905456543,0.9723540606496855,1.0,118.04334259033203,1.0,1.0064208507537842,1.0,1.0064208507537842,1.0,0.0,1.0000001192092896,0.998560905456543,1.001441240310669,4.6489105224609375,1.741207480430603,1.0,1.741207480430603
GCN,527,2010,0,1,4,-0.006758928298950195,2.7824201583862305,2.7891790866851807,0.7499998807907104,0.028498560190200806,-0.004409189336001873,1.084519863128662,0.0,0.10837438423645321,0,0.0,0.0034891835310537334,5,1.0004593133926392,0.9993865489959717,1.0407128672118384,1.0,126.20463562011719,1.0,1.076006293296814,1.0,1.076006293296814,1.0,8.33000246558413e-09,1.0000001192092896,0.9993865489959717,1.0004593133926392,4.9698944091796875,1.861429214477539,1.0,1.861429214477539
GCN,527,2011,3,1,3,-1.541121244430542,3.2345919609069824,4.775713205337524,0.8017836213111877,0.028305912390351295,-0.057641953229904175,1.0144754648208618,0.0,0.10837438423645321,0,0.0,0.0034891835310537334,5,0.9985986351966858,0.9993947148323059,0.9723540606496855,1.0,118.04334259033203,1.0,1.0064208507537842,1.0,1.0064208507537842,1.0,2.9802322387695312e-08,1.0,0.9993947148323059,0.9985986351966858,4.9698944091796875,1.741207480430603,1.0,1.741207480430603
GCN,527,2014,3,1,2,0.4335784912109375,3.4350476264953613,3.001469135284424,0.8660253286361694,0.04926475137472153,0.0,0.9392216801643372,0.0,0.10837438423645321,0,0.0,0.0034891835310537334,5,1.0018324851989746,0.9981708526611328,0.8992005135073163,1.0,109.27578735351562,1.0,0.9316691160202026,1.0,0.9316691160202026,1.0,6.705522537231445e-08,1.0,0.9981708526611328,1.0018324851989746,3.386411666870117,1.6120448112487793,1.0,1.6120448112487793
GCN,527,2015,6,1,3,0.35117805004119873,3.1110916137695312,2.7599135637283325,0.8017836213111877,0.027811937034130096,0.0,1.0144754648208618,0.0,0.10837438423645321,0,0.0,0.0034891835310537334,5,1.0005844831466675,0.999415934085846,0.9723540606496855,1.0,118.04334259033203,1.0,1.0064208507537842,1.0,1.0064208507537842,1.0,0.0,1.0000001192092896,0.999415934085846,1.0005844831466675,5.172829627990723,1.741207480430603,1.0000001192092896,1.741207242012024
GCN,527,2019,0,1,2,0.2218862771987915,2.670302629470825,2.4484163522720337,0.8660253286361694,0.0535748191177845,-0.011328076012432575,0.9392216801643372,0.0,0.10837438423645321,0,0.0,0.0034891835310537334,5,1.0014219284057617,0.9978349804878235,0.8992005135073163,1.0,109.27578735351562,1.0,0.9316691160202026,1.0,0.9316691160202026,1.0,6.869095869888042e-08,1.0,0.9978349804878235,1.0014219284057617,3.253559112548828,1.6120448112487793,1.0,1.6120448112487793
GCN,527,2038,3,1,2,-2.0868380069732666,3.672956943511963,5.7597949504852295,0.8660253286361694,0.05329085513949394,-0.006759187206625938,0.9392216801643372,0.0,0.10837438423645321,0,0.0,0.0034891835310537334,5,1.001701831817627,0.997859001159668,0.8992005135073163,1.0,109.27578735351562,1.0,0.9316691160202026,1.0,0.9316691160202026,1.0,6.705522537231445e-08,1.0,0.997859001159668,1.001701831817627,4.304054260253906,1.6120448112487793,1.0,1.6120448112487793
GCN,527,2043,4,1,2,-2.0511081218719482,3.528667688369751,5.579775810241699,0.8660253286361694,0.05481059476733208,0.0,0.9392216801643372,0.0,0.10837438423645321,0,0.0,0.0034891835310537334,5,1.002267837524414,0.9977372884750366,0.8992005135073163,1.0,109.27578735351562,1.0,0.9316691160202026,1.0,0.9316691160202026,1.0,6.705522537231445e-08,1.0,0.9977372884750366,1.002267837524414,3.5142457485198975,1.6120448112487793,1.0,1.6120448112487793
GCN,527,2045,1,1,32,-1.7987830638885498,1.3606460094451904,3.1594290733337402,0.35355332493782043,0.008514129556715488,-0.06198236346244812,2.30061411857605,0.0,0.10837438423645321,0,0.0,0.0034891835310537334,5,0.9994058609008789,0.9999454021453857,2.2441732405906096,1.0,267.94024658203125,1.0,2.2846333980560303,1.0,2.2846333980560303,1.0,1.0900850888617697e-08,1.0000001192092896,0.9999454021453857,0.9994058609008789,10.542738914489746,3.9486875534057617,1.0,3.9486875534057617
GCN,527,2051,0,1,3,0.9624003767967224,3.769860029220581,2.8074596524238586,0.8017836213111877,0.03236551210284233,-0.05856287479400635,1.0144754648208618,0.0,0.10837438423645321,0,0.0,0.0034891835310537334,5,0.9984601736068726,0.999208390712738,0.9723540606496855,1.0,118.04334259033203,1.0,1.0064208507537842,1.0,1.0064208507537842,1.0,3.725290298461914e-09,1.0000001192092896,0.999208390712738,0.9984601736068726,4.6489105224609375,1.741207480430603,1.0,1.741207480430603
GCN,527,2054,0,1,9,3.0994598865509033,5.539092540740967,2.4396326541900635,0.588348388671875,0.016404269263148308,-0.03823583573102951,1.382496953010559,0.0,0.10837438423645321,0,0.0,0.0034891835310537334,5,0.9994320869445801,0.9997968077659607,1.333475532498934,1.0,160.9285125732422,1.0,1.37208890914917,1.0,1.37208890914917,1.0,1.0030650976489142e-08,1.0000001192092896,0.9997968077659607,0.9994320869445801,6.182713985443115,2.372865676879883,1.0,2.372865676879883
GCN,527,2055,0,1,4,1.1131658554077148,5.222560882568359,4.1093950271606445,0.7499998807907104,0.027869440615177155,-0.028166431933641434,1.084519863128662,0.0,0.10837438423645321,0,0.0,0.0034891835310537334,5,0.9996218681335449,0.9994128942489624,1.0407128672118384,1.0,126.20463562011719,1.0,1.076006293296814,1.0,1.076006293296814,1.0,7.450580596923828e-09,1.0000001192092896,0.9994128942489624,0.9996218681335449,4.6012282371521,1.861429214477539,1.0,1.861429214477539
GCN,527,2058,5,1,3,-3.804063081741333,2.344524383544922,6.148587465286255,0.8017836213111877,0.05248594656586647,0.0,1.0144754648208618,0.0,0.10837438423645321,0,0.0,0.0034891835310537334,5,1.002079725265503,0.9979246854782104,0.9723540606496855,1.0,118.04334259033203,1.0,1.0064208507537842,1.0,1.0064208507537842,1.0,0.0,1.0000001192092896,0.9979246854782104,1.002079725265503,4.758311748504639,1.741207480430603,1.0,1.741207480430603
GCN,527,2059,0,1,6,1.6286120414733887,4.550293445587158,2.9216814041137695,0.6708203554153442,0.024539891630411148,-0.0756620466709137,1.2125300168991089,0.08434278517961502,0.22735884804850323,0,0.0,0.0034891835310537334,5,0.9981706738471985,0.9995458722114563,1.166159309467222,1.0,141.12112426757812,1.0,1.2031928300857544,1.0,1.2031928300857544,1.0,9.125060707049215e-09,1.0000001192092896,0.9995458722114563,0.9981706738471985,5.815089702606201,2.0811409950256348,1.0,2.0811409950256348
GCN,527,2071,2,1,8,0.5227431654930115,2.794429302215576,2.2716861367225647,0.6123723983764648,0.02076597884297371,-0.037686776369810104,1.328260064125061,0.0,0.10837438423645321,0,0.0,0.0034891835310537334,5,0.9993634819984436,0.9996742010116577,1.280008691668803,1.0,154.60775756835938,1.0,1.3181915283203125,1.0,1.3181915283203125,1.0,1.825012141409843e-08,1.0000001192092896,0.9996742010116577,0.9993634819984436,5.313040256500244,2.279775619506836,1.0,2.279775619506836
GCN,527,2072,0,1,3,2.1868486404418945,4.9962944984436035,2.809445858001709,0.8017836213111877,0.03359357640147209,-0.025769347324967384,1.0144754648208618,0.0,0.10837438423645321,0,0.0,0.0034891835310537334,5,0.9997885823249817,0.9991469979286194,0.9723540606496855,1.0,118.04334259033203,1.0,1.0064208507537842,1.0,1.0064208507537842,1.0,3.0719530030864917e-08,1.0,0.9991469979286194,0.9997885823249817,4.421996116638184,1.741207480430603,1.0,1.741207480430603
GCN,527,2075,3,1,8,-3.1352245807647705,1.8467158079147339,4.981940388679504,0.6123723983764648,0.019943196326494217,-0.015561310574412346,1.328260064125061,0.0,0.10837438423645321,0,0.0,0.0034891835310537334,5,0.9999191164970398,0.9996993541717529,1.280008691668803,1.0,154.60775756835938,1.0,1.3181915283203125,1.0,1.3181915283203125,1.0,1.825012141409843e-08,1.0000001192092896,0.9996993541717529,0.9999191164970398,5.476556777954102,2.279775619506836,1.0,2.279775619506836
GCN,527,2082,1,1,2,-2.1235384941101074,2.6559207439422607,4.779459238052368,0.8660253286361694,0.09021378308534622,0.0,0.9392216801643372,0.0,0.10837438423645321,0,0.0,0.0034891835310537334,5,1.006131649017334,0.9939056634902954,0.8992005135073163,1.0,109.27578735351562,1.0,0.9316691160202026,1.0,0.9316691160202026,1.0,6.705522537231445e-08,1.0,0.9939056634902954,1.006131649017334,1.8784433603286743,1.6120448112487793,1.0,1.6120448112487793
GCN,527,2087,1,1,2,-2.106003761291504,2.062960386276245,4.168964147567749,0.8660253286361694,0.04726164788007736,0.0,0.9392216801643372,0.0,0.10837438423645321,0,0.0,0.0034891835310537334,5,1.0016865730285645,0.9983162879943848,0.8992005135073163,1.0,109.27578735351562,1.0,0.9316691160202026,1.0,0.9316691160202026,1.0,6.705522537231445e-08,1.0,0.9983162879943848,1.0016865730285645,4.200326919555664,1.6120448112487793,1.0,1.6120448112487793
GCN,527,2096,1,1,6,-1.5261452198028564,2.6132538318634033,4.13939905166626,0.6708203554153442,0.022502277046442032,-0.03931509330868721,1.2125300168991089,0.08089875429868698,0.22110647972716937,0,0.0,0.0034891835310537334,5,0.9992948174476624,0.999617338180542,1.166159309467222,1.0,141.12112426757812,1.0,1.2031928300857544,1.0,1.2031928300857544,1.0,6.052880507922964e-08,1.0,0.999617338180542,0.9992948174476624,6.062650203704834,2.0811409950256348,1.0,2.0811409950256348
GCN,527,2105,5,1,2,0.19316554069519043,4.024916172027588,3.8317506313323975,0.8660253286361694,0.04772282764315605,-0.04695663973689079,0.9392216801643372,0.015075122937560081,0.10837438423645321,0,0.0,0.0034891835310537334,5,0.9989655017852783,0.9982776641845703,0.8992005135073163,1.0,109.27578735351562,1.0,0.9316691160202026,1.0,0.9316691160202026,1.0,6.705522537231445e-08,1.0,0.9982776641845703,0.9989655017852783,4.5043487548828125,1.6120448112487793,1.0,1.6120448112487793
GCN,527,2107,1,1,4,-1.2109558582305908,3.068495273590088,4.279451131820679,0.7499998807907104,0.02664438635110855,-0.027641799300909042,1.084519863128662,0.0,0.10837438423645321,0,0.0,0.0034891835310537334,5,0.9996309876441956,0.9994634389877319,1.0407128672118384,1.0,126.20463562011719,1.0,1.076006293296814,1.0,1.076006293296814,1.0,7.450580596923828e-09,1.0000001192092896,0.9994634389877319,0.9996309876441956,4.727312088012695,1.861429214477539,1.0,1.861429214477539
GCN,527,2113,2,1,6,-2.696239471435547,2.7977113723754883,5.493950843811035,0.6708203554153442,0.02168796956539154,-0.03019251488149166,1.2125300168991089,0.0,0.10837438423645321,0,0.0,0.0034891835310537334,5,0.9995502829551697,0.9996446371078491,1.166159309467222,1.0,141.12112426757812,1.0,1.2031928300857544,1.0,1.2031928300857544,1.0,1.053671194739536e-08,1.0000001192092896,0.9996446371078491,0.9995502829551697,6.182713985443115,2.0811409950256348,1.0,2.0811409950256348
GCN,527,2120,4,1,5,-2.07412052154541,3.2912964820861816,5.365417003631592,0.7071066498756409,0.03176762908697128,0.0,1.150307059288025,0.0,0.10837438423645321,0,0.0,0.0034891835310537334,5,1.0007623434066772,0.9992382526397705,1.1051090585391374,1.0,133.870361328125,1.0,1.1413679122924805,1.0,1.1413679122924805,1.0,1.580506747700383e-08,1.0000001192092896,0.9992382526397705,1.0007623434066772,5.144329071044922,1.9743437767028809,1.0,1.9743437767028809
GCN,527,2122,4,1,10,-3.751291275024414,1.8425817489624023,5.593873023986816,0.5669466257095337,0.01523348968476057,-0.077553890645504,1.4346848726272583,0.1780093014240265,0.6023114816218265,1,0.0,0.0034891835310537334,5,0.9987221360206604,0.9998252391815186,1.384979188535478,1.0,167.0106658935547,1.0,1.4239519834518433,1.0,1.4239519834518433,1.0,1.6789655887805566e-08,1.0000001192092896,0.9998252391815186,0.9987221360206604,7.028491497039795,2.4624390602111816,1.0,2.4624390602111816
GCN,527,2130,4,1,12,-4.078030586242676,1.859379529953003,5.937410116195679,0.5303300619125366,0.021718844771385193,0.0,1.5337426662445068,0.0,0.10837438423645321,0,0.0,0.0034891835310537334,5,1.0003563165664673,0.9996438026428223,1.4828695593770052,1.0,178.5554656982422,1.0,1.5223971605300903,1.0,1.5223971605300903,1.0,6.305542399331898e-08,1.0000001192092896,0.9996438026428223,1.0003563165664673,6.507119178771973,2.632457971572876,1.0,2.632457971572876
GCN,527,2131,0,1,3,1.5633500814437866,4.466846942901611,2.9034968614578247,0.8017836213111877,0.034073006361722946,-0.021571127697825432,1.0144754648208618,0.018667196854948997,0.10837438423645321,0,0.0,0.0034891835310537334,5,0.9999738335609436,0.9991226196289062,0.9723540606496855,1.0,118.04334259033203,1.0,1.0064208507537842,1.0,1.0064208507537842,1.0,7.450580596923828e-09,1.0000001192092896,0.9991226196289062,0.9999738335609436,3.929046154022217,1.741207480430603,1.0,1.741207480430603
GCN,527,2139,3,0,4,-5.483120441436768,-0.7992761731147766,4.683844268321991,0.7499998807907104,0.0377153716981411,0.0,1.084519863128662,0.0,0.10837438423645321,0,0.0,0.0034891835310537334,5,1.0010744333267212,0.9989267587661743,1.0407128672118384,1.0,126.20463562011719,1.0,1.076006293296814,1.0,1.076006293296814,1.0,7.450580596923828e-09,1.0000001192092896,0.9989267587661743,1.0010744333267212,4.8501200675964355,1.861429214477539,1.0,1.861429214477539
GCN,527,2141,3,0,4,-6.254861831665039,-0.7886965274810791,5.46616530418396,0.7499998807907104,0.04076368361711502,0.0,1.084519863128662,0.0,0.10837438423645321,0,0.0,0.0034891835310537334,5,1.0012550354003906,0.9987465739250183,1.0407128672118384,1.0,126.20463562011719,1.0,1.076006293296814,1.0,1.076006293296814,1.0,7.679882507716229e-09,1.0000001192092896,0.9987465739250183,1.0012550354003906,4.850120544433594,1.861429214477539,1.0,1.861429214477539
GCN,527,2153,4,1,3,0.30892980098724365,3.5072484016418457,3.198318600654602,0.8017836213111877,0.034706272184848785,0.0,1.0144754648208618,0.0,0.10837438423645321,0,0.0,0.0034891835310537334,5,1.0009099245071411,0.9990909695625305,0.9723540606496855,1.0,118.04334259033203,1.0,1.0064208507537842,1.0,1.0064208507537842,1.0,0.0,1.0000001192092896,0.9990909695625305,1.0009099245071411,4.421995639801025,1.741207480430603,1.0,1.741207480430603
GCN,527,2156,0,1,4,0.6715399026870728,3.22550106048584,2.553961157798767,0.7499998807907104,0.028042687103152275,0.0,1.084519863128662,0.0,0.10837438423645321,0,0.0,0.0034891835310537334,5,1.0005940198898315,0.9994063377380371,1.0407128672118384,1.0,126.20463562011719,1.0,1.076006293296814,1.0,1.076006293296814,1.0,7.679882507716229e-09,1.0000001192092896,0.9994063377380371,1.0005940198898315,5.201174259185791,1.861429214477539,1.0,1.861429214477539
GCN,527,2157,6,1,5,-1.6678086519241333,0.9993422031402588,2.667150855064392,0.7071066498756409,0.02939080074429512,-0.02241358533501625,1.150307059288025,0.0,0.10837438423645321,0,0.0,0.0034891835310537334,5,0.9998429417610168,0.9993470907211304,1.1051090585391374,1.0,133.870361328125,1.0,1.1413679122924805,1.0,1.1413679122924805,1.0,1.4901161193847656e-08,1.0000001192092896,0.9993470907211304,0.9998429417610168,5.144329071044922,1.9743437767028809,1.0,1.9743437767028809
GCN,527,2158,6,1,1,-1.4995883703231812,1.878664255142212,3.378252625465393,0.9486831426620483,0.07506507635116577,0.0,0.8573882579803467,0.0,0.10837438423645321,0,0.0,0.0034891835310537334,5,1.0042494535446167,0.9957684874534607,0.8200823869837026,1.0,99.74270629882812,1.0,0.8503942489624023,1.0,0.8503942489624023,1.0,6.006850128414953e-08,1.0000001192092896,0.9957684874534607,1.0042494535446167,3.7372686862945557,1.4715889692306519,1.0,1.4715889692306519
GCN,527,2160,6,1,8,-1.7156202793121338,0.8198139071464539,2.5354341864585876,0.6123723983764648,0.02421741746366024,-0.08057090640068054,1.328260064125061,0.0,0.10837438423645321,0,0.0,0.0034891835310537334,5,0.9980424642562866,0.9995577931404114,1.280008691668803,1.0,154.60775756835938,1.0,1.3181915283203125,1.0,1.3181915283203125,1.0,1.8995327977222587e-08,1.0000001192092896,0.9995577931404114,0.9980424642562866,5.789751052856445,2.279775619506836,1.0,2.279775619506836
GCN,527,2164,6,1,3,-2.1419897079467773,0.6465346813201904,2.7885243892669678,0.8017836213111877,0.03696797415614128,0.0,1.0144754648208618,0.0,0.10837438423645321,0,0.0,0.0034891835310537334,5,1.0010323524475098,0.998968780040741,0.9723540606496855,1.0,118.04334259033203,1.0,1.0064208507537842,1.0,1.0064208507537842,1.0,0.0,1.0000001192092896,0.998968780040741,1.0010323524475098,4.758311748504639,1.741207480430603,1.0,1.741207480430603
GCN,527,2165,6,1,3,-0.9430917501449585,2.0794878005981445,3.022579550743103,0.8017836213111877,0.030789891257882118,0.0,1.0144754648208618,0.0,0.10837438423645321,0,0.0,0.0034891835310537334,5,1.000716209411621,0.9992843270301819,0.9723540606496855,1.0,118.04334259033203,1.0,1.0064208507537842,1.0,1.0064208507537842,1.0,0.0,1.0000001192092896,0.9992843270301819,1.000716209411621,4.758311748504639,1.741207480430603,1.0,1.741207480430603
GCN,527,2166,5,1,2,-2.5380632877349854,1.2399406433105469,3.7780039310455322,0.8660253286361694,0.08365887403488159,0.0,0.9392216801643372,0.0,0.10837438423645321,0,0.0,0.0034891835310537334,5,1.0052752494812012,0.9947524070739746,0.8992005135073163,1.0,109.27578735351562,1.0,0.9316691160202026,1.0,0.9316691160202026,1.0,6.705522537231445e-08,1.0,0.9947524070739746,1.0052752494812012,2.100163459777832,1.6120448112487793,1.0,1.6120448112487793
GCN,527,2172,0,1,5,2.780203342437744,5.799002647399902,3.018799304962158,0.7071066498756409,0.03074590116739273,-0.004364220891147852,1.150307059288025,0.0,0.10837438423645321,0,0.0,0.0034891835310537334,5,1.00054931640625,0.9992860555648804,1.1051090585391374,1.0,133.870361328125,1.0,1.1413679122924805,1.0,1.1413679122924805,1.0,1.4901161193847656e-08,1.0000001192092896,0.9992860555648804,1.00054931640625,5.516678810119629,1.9743437767028809,1.0,1.9743437767028809
GCN,527,2177,3,1,4,0.9102672338485718,3.083164691925049,2.172897458076477,0.7499998807907104,0.060897283256053925,0.0,1.084519863128662,0.0,0.10837438423645321,0,0.0,0.0034891835310537334,5,1.0027987957000732,0.9972091317176819,1.0407128672118384,1.0,126.20463562011719,1.0,1.076006293296814,1.0,1.076006293296814,1.0,7.450580596923828e-09,1.0000001192092896,0.9972091317176819,1.0027987957000732,1.5337426662445068,1.861429214477539,1.0,1.861429214477539
GCN,527,2181,0,1,8,3.780390501022339,6.274387359619141,2.4939968585968018,0.6123723983764648,0.027886126190423965,-0.0010285245953127742,1.328260064125061,0.0,0.10837438423645321,0,0.0,0.0034891835310537334,5,1.0005522966384888,0.9994127750396729,1.280008691668803,1.0,154.60775756835938,1.0,1.3181915283203125,1.0,1.3181915283203125,1.0,1.825012141409843e-08,1.0000001192092896,0.9994127750396729,1.0005522966384888,6.370111465454102,2.279775619506836,1.0,2.279775619506836
GCN,527,2189,0,1,6,1.0977431535720825,3.6784491539001465,2.580706000328064,0.6708203554153442,0.021355783566832542,-0.03513855114579201,1.2125300168991089,0.032240211963653564,0.10837438423645321,0,0.0,0.0034891835310537334,5,0.9994220733642578,0.9996553659439087,1.166159309467222,1.0,141.12112426757812,1.0,1.2031928300857544,1.0,1.2031928300857544,1.0,6.064333035737945e-08,1.0,0.9996553659439087,0.9994220733642578,5.422598838806152,2.0811409950256348,1.0,2.0811409950256348
GCN,527,2195,0,1,4,-0.6413073539733887,2.2729976177215576,2.9143049716949463,0.7499998807907104,0.03672810643911362,-0.010568035766482353,1.084519863128662,0.0,0.10837438423645321,0,0.0,0.0034891835310537334,5,1.000542163848877,0.998981237411499,1.0407128672118384,1.0,126.20463562011719,1.0,1.076006293296814,1.0,1.076006293296814,1.0,1.666000493116826e-08,1.0000001192092896,0.998981237411499,1.000542163848877,4.057901859283447,1.861429214477539,1.0,1.861429214477539
GCN,527,2198,0,1,5,2.2832279205322266,5.317870140075684,3.034642219543457,0.7071066498756409,0.023195471614599228,-0.032853707671165466,1.150307059288025,0.0,0.10837438423645321,0,0.0,0.0034891835310537334,5,0.9994695782661438,0.9995933771133423,1.1051090585391374,1.0,133.870361328125,1.0,1.1413679122924805,1.0,1.1413679122924805,1.0,6.143906006172983e-08,1.0,0.9995933771133423,0.9994695782661438,4.742837429046631,1.9743437767028809,1.0,1.9743437767028809
GCN,527,2212,3,1,4,-2.4782161712646484,2.518725633621216,4.996941804885864,0.7499998807907104,0.032489582896232605,-0.009294134564697742,1.084519863128662,0.0,0.10837438423645321,0,0.0,0.0034891835310537334,5,1.0004265308380127,0.9992026090621948,1.0407128672118384,1.0,126.20463562011719,1.0,1.076006293296814,1.0,1.076006293296814,1.0,1.862645149230957e-09,1.0000001192092896,0.9992026090621948,1.0004265308380127,4.8501200675964355,1.861429214477539,1.0,1.861429214477539
GCN,527,2215,3,1,4,-2.7624802589416504,2.7168350219726562,5.479315280914307,0.7499998807907104,0.031249022111296654,-0.02182038128376007,1.084519863128662,0.0,0.10837438423645321,0,0.0,0.0034891835310537334,5,0.999899685382843,0.9992620348930359,1.0407128672118384,1.0,126.20463562011719,1.0,1.076006293296814,1.0,1.076006293296814,1.0,7.902533738501916e-09,1.0000001192092896,0.9992620348930359,0.999899685382843,4.338079452514648,1.861429214477539,1.0,1.861429214477539
GCN,527,2218,1,1,2,-0.936027467250824,3.548448085784912,4.484475553035736,0.8660253286361694,0.10057755559682846,0.0,0.9392216801643372,0.0,0.10837438423645321,0,0.0,0.0034891835310537334,5,1.0076159238815308,0.9924416542053223,0.8992005135073163,1.0,109.27578735351562,1.0,0.9316691160202026,1.0,0.9316691160202026,1.0,6.705522537231445e-08,1.0,0.9924416542053223,1.0076159238815308,1.8784433603286743,1.6120448112487793,1.0,1.6120448112487793
GCN,527,2224,4,1,8,-2.6938135623931885,1.77346670627594,4.467280268669128,0.6123723983764648,0.01864817552268505,-0.11286211758852005,1.328260064125061,0.20554743707180023,0.6962864721485411,1,0.0,0.0034891835310537334,5,0.9976726770401001,0.9997392892837524,1.280008691668803,1.0,154.60775756835938,1.0,1.3181915283203125,1.0,1.3181915283203125,1.0,1.834492735497406e-08,1.0000001192092896,0.9997393488883972,0.9976725578308105,5.6353302001953125,2.279775619506836,1.0,2.279775619506836
GCN,527,2228,6,1,6,-1.0496132373809814,1.5651631355285645,2.614776372909546,0.6708203554153442,0.02134540118277073,0.0,1.2125300168991089,0.0,0.10837438423645321,0,0.0,0.0034891835310537334,5,1.0003442764282227,0.9996559619903564,1.166159309467222,1.0,141.12112426757812,1.0,1.2031928300857544,1.0,1.2031928300857544,1.0,6.070051483675343e-08,1.0,0.9996559619903564,1.0003442764282227,5.940159320831299,2.0811409950256348,1.0,2.0811409950256348
GCN,527,2229,3,1,3,-2.641686201095581,2.3627328872680664,5.0044190883636475,0.8017836213111877,0.04354128986597061,0.0,1.0144754648208618,0.0,0.10837438423645321,0,0.0,0.0034891835310537334,5,1.0014318227767944,0.9985703229904175,0.9723540606496855,1.0,118.04334259033203,1.0,1.0064208507537842,1.0,1.0064208507537842,1.0,0.0,1.0000001192092896,0.9985703229904175,1.0014318227767944,4.182789325714111,1.741207480430603,1.0,1.741207480430603
GCN,527,2231,0,1,2,-1.8882837295532227,3.8876781463623047,5.775961875915527,0.8660253286361694,0.04434539005160332,-0.006830077152699232,0.9392216801643372,0.0,0.10837438423645321,0,0.0,0.0034891835310537334,5,1.0011130571365356,0.9985162019729614,0.8992005135073163,1.0,109.27578735351562,1.0,0.9316691160202026,1.0,0.9316691160202026,1.0,6.705522537231445e-08,1.0,0.9985162019729614,1.0011130571365356,4.601227760314941,1.6120448112487793,1.0,1.6120448112487793
GCN,527,2232,0,1,3,2.1960456371307373,5.0979838371276855,2.9019381999969482,0.8017836213111877,0.03898737207055092,-0.005606446880847216,1.0144754648208618,0.0,0.10837438423645321,0,0.0,0.0034891835310537334,5,1.0008796453475952,0.9988527297973633,0.9723540606496855,1.0,118.04334259033203,1.0,1.0064208507537842,1.0,1.0064208507537842,1.0,1.862645149230957e-09,1.0000001192092896,0.9988527297973633,1.0008796453475952,4.536871910095215,1.741207480430603,1.0,1.741207480430603
GCN,527,2235,5,1,3,-4.050312519073486,1.8298442363739014,5.880156755447388,0.8017836213111877,0.043063580989837646,-0.18328545987606049,1.0144754648208618,0.21801596879959106,0.7281167108753316,1,0.0,0.0034891835310537334,5,0.9916630983352661,0.9986217617988586,0.9723540606496855,1.0,118.04334259033203,1.0,1.0064208507537842,1.0,1.0064208507537842,1.0,2.9802322387695312e-08,1.0,0.9986217617988586,0.9916630983352661,4.057901859283447,1.741207480430603,1.0,1.741207480430603
GCN,527,2249,4,1,6,-4.087642192840576,2.6782329082489014,6.7658751010894775,0.6708203554153442,0.019440259784460068,0.0,1.2125300168991089,0.0,0.10837438423645321,0,0.0,0.0034891835310537334,5,1.0002856254577637,0.9997146129608154,1.166159309467222,1.0,141.12112426757812,1.0,1.2031928300857544,1.0,1.2031928300857544,1.0,6.052880507922964e-08,1.0,0.9997146129608154,1.0002856254577637,5.422598838806152,2.0811409950256348,1.0,2.0811409950256348
GCN,527,2264,4,1,1,-0.1293320655822754,4.050062656402588,4.179394721984863,0.9486831426620483,0.07057054340839386,0.0,0.8573882579803467,0.0,0.10837438423645321,0,0.0,0.0034891835310537334,5,1.0037566423416138,0.996257483959198,0.8200823869837026,1.0,99.74270629882812,1.0,0.8503942489624023,1.0,0.8503942489624023,1.0,6.006850128414953e-08,1.0000001192092896,0.996257483959198,1.0037566423416138,4.111889362335205,1.4715889692306519,0.9999999403953552,1.4715890884399414
GCN,527,2274,0,1,3,-0.6568138599395752,2.256300449371338,2.913114309310913,0.8017836213111877,0.03593374043703079,0.0,1.0144754648208618,0.0,0.10837438423645321,0,0.0,0.0034891835310537334,5,1.0009753704071045,0.9990255832672119,0.9723540606496855,1.0,118.04334259033203,1.0,1.0064208507537842,1.0,1.0064208507537842,1.0,1.862645149230957e-09,1.0000001192092896,0.9990255832672119,1.0009753704071045,4.182789325714111,1.741207480430603,1.0,1.741207480430603
GCN,527,2279,2,1,3,-4.921839237213135,2.5449211597442627,7.4667603969573975,0.8017836213111877,0.0312647819519043,-0.031888384371995926,1.0144754648208618,0.04558587074279785,0.12182644941265632,0,0.0,0.0034891835310537334,5,0.9995129108428955,0.9992610812187195,0.9723540606496855,1.0,118.04334259033203,1.0,1.0064208507537842,1.0,1.0064208507537842,1.0,1.5017125321037383e-08,1.0000001192092896,0.9992610812187195,0.9995129108428955,4.9698944091796875,1.741207480430603,1.0,1.741207480430603
GCN,527,2288,5,1,3,-1.7649321556091309,2.5741496086120605,4.339081764221191,0.8017836213111877,0.040046680718660355,0.0,1.0144754648208618,0.0,0.10837438423645321,0,0.0,0.0034891835310537334,5,1.0012112855911255,0.9987902641296387,0.9723540606496855,1.0,118.04334259033203,1.0,1.0064208507537842,1.0,1.0064208507537842,1.0,0.0,1.0000001192092896,0.9987902641296387,1.0012112855911255,4.536871910095215,1.741207480430603,1.0,1.741207480430603
GCN,527,2293,0,1,3,-0.44045156240463257,2.6111135482788086,3.051565110683441,0.8017836213111877,0.03955579921603203,0.0,1.0144754648208618,0.0,0.10837438423645321,0,0.0,0.0034891835310537334,5,1.001181721687317,0.9988197088241577,0.9723540606496855,1.0,118.04334259033203,1.0,1.0064208507537842,1.0,1.0064208507537842,1.0,0.0,1.0000001192092896,0.9988197088241577,1.001181721687317,4.3040547370910645,1.741207480430603,1.0,1.741207480430603
GCN,527,2297,4,1,3,-3.440795660018921,4.002560138702393,7.4433557987213135,0.8017836213111877,0.05695796385407448,0.0,1.0144754648208618,0.0,0.10837438423645321,0,0.0,0.0034891835310537334,5,1.0024487972259521,0.9975572228431702,0.9723540606496855,1.0,118.04334259033203,1.0,1.0064208507537842,1.0,1.0064208507537842,1.0,0.0,1.0000001192092896,0.9975572228431702,1.0024487972259521,4.9698944091796875,1.741207480430603,1.0,1.741207480430603
GCN,527,2299,4,1,2,-2.64422607421875,3.318577766418457,5.962803840637207,0.8660253286361694,0.04767318069934845,0.0,0.9392216801643372,0.0,0.10837438423645321,0,0.0,0.0034891835310537334,5,1.0017160177230835,0.9982868432998657,0.8992005135073163,1.0,109.27578735351562,1.0,0.9316691160202026,1.0,0.9316691160202026,1.0,6.705522537231445e-08,1.0,0.9982868432998657,1.0017160177230835,4.093972206115723,1.6120448112487793,1.0,1.6120448112487793
GCN,527,2302,3,1,2,-2.218752145767212,2.826509475708008,5.04526162147522,0.8660253286361694,0.03836897388100624,0.0,0.9392216801643372,0.0,0.10837438423645321,0,0.0,0.0034891835310537334,5,1.0011118650436401,0.9988893270492554,0.8992005135073163,1.0,109.27578735351562,1.0,0.9316691160202026,1.0,0.9316691160202026,1.0,6.705522537231445e-08,1.0,0.9988893270492554,1.0011118650436401,4.5043487548828125,1.6120448112487793,1.0,1.6120448112487793
GCN,527,2310,3,1,2,-0.28886961936950684,2.5599937438964844,2.848863363265991,0.8660253286361694,0.05637802183628082,-0.04707808792591095,0.9392216801643372,0.0,0.10837438423645321,0,0.0,0.0034891835310537334,5,0.999138593673706,0.9975962042808533,0.8992005135073163,1.0,109.27578735351562,1.0,0.9316691160202026,1.0,0.9316691160202026,1.0,6.705522537231445e-08,1.0,0.997596263885498,0.9991385340690613,3.9847800731658936,1.6120448112487793,1.0,1.6120448112487793
GCN,527,2316,3,1,1,-3.2228026390075684,2.0814692974090576,5.304271936416626,0.9486831426620483,0.08433899283409119,0.0,0.8573882579803467,0.0,0.10837438423645321,0,0.0,0.0034891835310537334,5,1.0053613185882568,0.9946672916412354,0.8200823869837026,1.0,99.74270629882812,1.0,0.8503942489624023,1.0,0.8503942489624023,1.0,6.006850128414953e-08,1.0000001192092896,0.9946672916412354,1.0053613185882568,3.8343565464019775,1.4715889692306519,1.0,1.4715889692306519
GCN,527,2318,1,1,2,-0.9344183206558228,3.992706775665283,4.927125096321106,0.8660253286361694,0.04087688401341438,0.0,0.9392216801643372,0.0,0.10837438423645321,0,0.0,0.0034891835310537334,5,1.0012619495391846,0.9987396597862244,0.8992005135073163,1.0,109.27578735351562,1.0,0.9316691160202026,1.0,0.9316691160202026,1.0,6.705522537231445e-08,1.0,0.9987396597862244,1.0012619495391846,4.696108341217041,1.6120448112487793,1.0,1.6120448112487793
GCN,527,2320,3,1,2,-0.7887455224990845,3.984851598739624,4.7735971212387085,0.8660253286361694,0.0470731146633625,0.0,0.9392216801643372,0.0,0.10837438423645321,0,0.0,0.0034891835310537334,5,1.0016732215881348,0.9983295798301697,0.8992005135073163,1.0,109.27578735351562,1.0,0.9316691160202026,1.0,0.9316691160202026,1.0,6.708108912789612e-08,1.0,0.9983295798301697,1.0016732215881348,3.9847800731658936,1.6120448112487793,1.0,1.6120448112487793
GCN,527,2321,0,1,2,0.9908502101898193,4.4258646965026855,3.435014486312866,0.8660253286361694,0.04849979281425476,-0.031535934656858444,0.9392216801643372,0.0,0.10837438423645321,0,0.0,0.0034891835310537334,5,0.9998972415924072,0.9982221722602844,0.8992005135073163,1.0,109.27578735351562,1.0,0.9316691160202026,1.0,0.9316691160202026,1.0,6.705522537231445e-08,1.0,0.9982221722602844,0.9998972415924072,4.093972206115723,1.6120448112487793,1.0,1.6120448112487793
GCN,527,2330,0,1,3,0.490917444229126,4.498969554901123,4.008052110671997,0.8017836213111877,0.034849558025598526,-0.019273078069090843,1.0144754648208618,0.03006415255367756,0.10837438423645321,0,0.0,0.0034891835310537334,5,1.0000921487808228,0.9990823268890381,0.9723540606496855,1.0,118.04334259033203,1.0,1.0064208507537842,1.0,1.0064208507537842,1.0,1.4901161193847656e-08,1.0000001192092896,0.9990823268890381,1.0000921487808228,4.865253448486328,1.741207480430603,1.0,1.741207480430603
GCN,527,2331,1,1,2,-1.7279170751571655,2.7507362365722656,4.478653311729431,0.8660253286361694,0.055538635700941086,0.0,0.9392216801643372,0.0,0.10837438423645321,0,0.0,0.0034891835310537334,5,1.0023283958435059,0.9976770877838135,0.8992005135073163,1.0,109.27578735351562,1.0,0.9316691160202026,1.0,0.9316691160202026,1.0,6.705522537231445e-08,1.0,0.9976770877838135,1.0023283958435059,3.8725101947784424,1.6120448112487793,1.0,1.6120448112487793
GCN,527,2337,4,1,1,-3.9352335929870605,4.080572128295898,8.015805721282959,0.9486831426620483,0.08601745963096619,-0.011461373418569565,0.8573882579803467,0.015413930639624596,0.10837438423645321,0,0.0,0.0034891835310537334,5,1.004370093345642,0.9944421648979187,0.8200823869837026,1.0,99.74270629882812,1.0,0.8503942489624023,1.0,0.8503942489624023,1.0,6.006850128414953e-08,1.0000001192092896,0.9944421648979187,1.004370093345642,4.021507263183594,1.4715889692306519,1.0,1.4715889692306519
GCN,527,2341,4,1,1,-3.571199417114258,2.40733003616333,5.978529453277588,0.9486831426620483,0.14220845699310303,0.0,0.8573882579803467,0.0,0.10837438423645321,0,0.0,0.0034891835310537334,5,1.0151684284210205,0.9850581884384155,0.8200823869837026,1.0,99.74270629882812,1.0,0.8503942489624023,1.0,0.8503942489624023,1.0,6.006850128414953e-08,1.0000001192092896,0.9850581884384155,1.0151684284210205,3.535102367401123,1.4715889692306519,1.0,1.4715889692306519
GCN,527,2342,0,1,1,1.0988847017288208,4.0510945320129395,2.9522098302841187,0.9486831426620483,0.07826709002256393,-0.03522820770740509,0.8573882579803467,0.0,0.10837438423645321,0,0.0,0.0034891835310537334,5,1.0012388229370117,0.9953770637512207,0.8200823869837026,1.0,99.74270629882812,1.0,0.8503942489624023,1.0,0.8503942489624023,1.0,6.188916756855178e-08,1.0000001192092896,0.9953770637512207,1.0012388229370117,3.6375904083251953,1.4715889692306519,1.0,1.4715889692306519
GCN,527,2346,3,1,3,-2.636033058166504,2.837327003479004,5.473360061645508,0.8017836213111877,0.035053856670856476,0.0,1.0144754648208618,0.0,0.10837438423645321,0,0.0,0.0034891835310537334,5,1.000928282737732,0.9990726709365845,0.9723540606496855,1.0,118.04334259033203,1.0,1.0064208507537842,1.0,1.0064208507537842,1.0,0.0,1.0000001192092896,0.9990726709365845,1.000928282737732,4.865253448486328,1.741207480430603,1.0,1.741207480430603
GCN,527,2347,0,1,3,0.90272456407547,4.941242218017578,4.038517653942108,0.8017836213111877,0.033701181411743164,0.0,1.0144754648208618,0.0,0.10837438423645321,0,0.0,0.0034891835310537334,5,1.0008580684661865,0.9991427659988403,0.9723540606496855,1.0,118.04334259033203,1.0,1.0064208507537842,1.0,1.0064208507537842,1.0,1.862645149230957e-09,1.0000001192092896,0.9991427659988403,1.0008580684661865,5.271368980407715,1.741207480430603,1.0,1.741207480430603
GCN,527,2353,4,1,3,-2.665816068649292,2.827345371246338,5.49316143989563,0.8017836213111877,0.03555407375097275,-0.03334144130349159,1.0144754648208618,0.0,0.10837438423645321,0,0.0,0.0034891835310537334,5,0.9994978904724121,0.9990442991256714,0.9723540606496855,1.0,118.04334259033203,1.0,1.0064208507537842,1.0,1.0064208507537842,1.0,0.0,1.0000001192092896,0.9990442991256714,0.9994978904724121,4.536871910095215,1.741207480430603,1.0,1.741207480430603
GCN,527,2359,2,0,11,-5.749828338623047,-1.6902432441711426,4.059585094451904,0.5477225184440613,0.024233287200331688,-0.004985189996659756,1.4850399494171143,0.0,0.10837438423645321,0,0.0,0.0034891835310537334,5,1.0002951622009277,0.9995564222335815,1.4347207111959182,1.0,172.87930297851562,1.0,1.4739949703216553,1.0,1.4739949703216553,1.0,6.188916756855178e-08,1.0000001192092896,0.9995564222335815,1.0002951622009277,2.9700798988342285,2.5488665103912354,1.0,2.5488665103912354
GCN,527,2365,2,0,7,-6.483664512634277,-0.4183804988861084,6.065284013748169,0.6396021246910095,0.03492196276783943,-0.024664679542183876,1.2717121839523315,0.0,0.10837438423645321,0,0.0,0.0034891835310537334,5,0.9998627305030823,0.9990782141685486,1.2243356596549602,1.0,148.01780700683594,1.0,1.2619996070861816,1.0,1.2619996070861816,1.0,1.4901161193847656e-08,1.0000001192092896,0.9990782141685486,0.9998627305030823,2.543424367904663,2.1827187538146973,1.0,2.1827187538146973
GCN,527,2368,3,1,2,-0.46579545736312866,3.608086109161377,4.073881566524506,0.8660253286361694,0.05734952166676521,0.0,0.9392216801643372,0.0,0.10837438423645321,0,0.0,0.0034891835310537334,5,1.0024824142456055,0.9975237846374512,0.8992005135073163,1.0,109.27578735351562,1.0,0.9316691160202026,1.0,0.9316691160202026,1.0,6.705522537231445e-08,1.0,0.9975237846374512,1.0024824142456055,4.200326919555664,1.6120448112487793,1.0,1.6120448112487793
GCN,527,2383,4,1,10,-4.866116523742676,1.3436743021011353,6.209790825843811,0.5669466257095337,0.02022653818130493,-0.019092507660388947,1.4346848726272583,0.0,0.10837438423645321,0,0.0,0.0034891835310537334,5,0.9998344779014587,0.99969083070755,1.384979188535478,1.0,167.0106658935547,1.0,1.4239519834518433,1.0,1.4239519834518433,1.0,3.4142850324769825e-08,1.0000001192092896,0.99969083070755,0.9998344779014587,6.880506992340088,2.4624390602111816,1.0,2.4624390602111816
GCN,527,2384,0,1,1,0.8236302733421326,4.166419982910156,3.3427897095680237,0.9486831426620483,0.0686800554394722,-0.01768859103322029,0.8573882579803467,0.0,0.10837438423645321,0,0.0,0.0034891835310537334,5,1.0020689964294434,0.9964447021484375,0.8200823869837026,1.0,99.74270629882812,1.0,0.8503942489624023,1.0,0.8503942489624023,1.0,6.006850128414953e-08,1.0000001192092896,0.9964447021484375,1.0020689964294434,4.021507263183594,1.4715889692306519,1.0,1.4715889692306519
GCN,527,2389,2,1,2,-3.8901689052581787,2.0438318252563477,5.934000730514526,0.8660253286361694,0.04658159986138344,-0.032242391258478165,0.9392216801643372,0.036045655608177185,0.10837438423645321,0,0.0,0.0034891835310537334,5,0.999793291091919,0.9983599185943604,0.8992005135073163,1.0,109.27578735351562,1.0,0.9316691160202026,1.0,0.9316691160202026,1.0,6.705522537231445e-08,1.0,0.9983599185943604,0.999793291091919,3.7568867206573486,1.6120448112487793,1.0,1.6120448112487793
GCN,527,2392,2,1,3,-3.819598913192749,1.837958574295044,5.657557487487793,0.8017836213111877,0.03611104562878609,-0.025164436548948288,1.0144754648208618,0.03496941924095154,0.10837438423645321,0,0.0,0.0034891835310537334,5,0.9998683929443359,0.9990143775939941,0.9723540606496855,1.0,118.04334259033203,1.0,1.0064208507537842,1.0,1.0064208507537842,1.0,0.0,1.0000001192092896,0.9990143775939941,0.9998683929443359,4.182789325714111,1.741207480430603,1.0,1.741207480430603
GCN,527,2411,3,1,1,-2.1027133464813232,3.7987239360809326,5.901437282562256,0.9486831426620483,0.0862840935587883,0.0,0.8573882579803467,0.0,0.10837438423645321,0,0.0,0.0034891835310537334,5,1.0056105852127075,0.9944206476211548,0.8200823869837026,1.0,99.74270629882812,1.0,0.8503942489624023,1.0,0.8503942489624023,1.0,6.006850128414953e-08,1.0000001192092896,0.9944206476211548,1.0056105852127075,3.929046630859375,1.4715889692306519,1.0,1.4715889692306519
GCN,527,2425,3,1,5,0.6454448103904724,3.994310140609741,3.348865330219269,0.7071066498756409,0.03545233607292175,0.0,1.150307059288025,0.0,0.10837438423645321,0,0.0,0.0034891835310537334,5,1.000949501991272,0.9990514516830444,1.1051090585391374,1.0,133.870361328125,1.0,1.1413679122924805,1.0,1.1413679122924805,1.0,1.4901161193847656e-08,1.0000001192092896,0.9990514516830444,1.000949501991272,5.014071941375732,1.9743437767028809,1.0,1.9743437767028809
GCN,527,2427,3,1,3,-0.9017530083656311,4.198943614959717,5.100696623325348,0.8017836213111877,0.05776606872677803,-0.023897895589470863,1.0144754648208618,0.015413930639624596,0.10837438423645321,0,0.0,0.0034891835310537334,5,1.0008243322372437,0.9974806308746338,0.9723540606496855,1.0,118.04334259033203,1.0,1.0064208507537842,1.0,1.0064208507537842,1.0,3.725290298461914e-09,1.0000001192092896,0.9974806308746338,1.0008243322372437,4.758311748504639,1.741207480430603,1.0,1.741207480430603
GCN,527,2428,5,1,1,-0.8693454265594482,3.804777145385742,4.67412257194519,0.9486831426620483,0.15541410446166992,-0.0027477454859763384,0.8573882579803467,0.0,0.10837438423645321,0,0.0,0.0034891835310537334,5,1.0175743103027344,0.9822132587432861,0.8200823869837026,1.0,99.74270629882812,1.0,0.8503942489624023,1.0,0.8503942489624023,1.0,6.018390763529169e-08,1.0000001192092896,0.9822132587432861,1.0175743103027344,1.7147765159606934,1.4715889692306519,1.0,1.4715889692306519
GCN,527,2431,4,1,1,-2.837968349456787,4.195178031921387,7.033146381378174,0.9486831426620483,0.11249000579118729,0.0,0.8573882579803467,0.0,0.10837438423645321,0,0.0,0.0034891835310537334,5,1.009517788887024,0.990571916103363,0.8200823869837026,1.0,99.74270629882812,1.0,0.8503942489624023,1.0,0.8503942489624023,1.0,6.006850128414953e-08,1.0000001192092896,0.990571916103363,1.009517788887024,2.843635082244873,1.4715889692306519,1.0,1.4715889692306519
GCN,527,2433,2,1,1,-0.35138583183288574,3.872894763946533,4.224280595779419,0.9486831426620483,0.08693026006221771,0.0,0.8573882579803467,0.0,0.10837438423645321,0,0.0,0.0034891835310537334,5,1.0056946277618408,0.9943375587463379,0.8200823869837026,1.0,99.74270629882812,1.0,0.8503942489624023,1.0,0.8503942489624023,1.0,6.006850128414953e-08,1.0000001192092896,0.9943375587463379,1.0056946277618408,3.6375904083251953,1.4715889692306519,1.0,1.4715889692306519
GCN,527,2435,4,1,2,-2.513422966003418,2.9223380088806152,5.435760974884033,0.8660253286361694,0.047886963933706284,0.0,0.9392216801643372,0.0,0.10837438423645321,0,0.0,0.0034891835310537334,5,1.001731514930725,0.9982714653015137,0.8992005135073163,1.0,109.27578735351562,1.0,0.9316691160202026,1.0,0.9316691160202026,1.0,6.705522537231445e-08,1.0,0.9982714653015137,1.001731514930725,4.405340194702148,1.6120448112487793,1.0,1.6120448112487793
GCN,527,2438,3,1,2,-2.9484689235687256,3.107419013977051,6.055887937545776,0.8660253286361694,0.06340334564447403,-0.007416311651468277,0.9392216801643372,0.0,0.10837438423645321,0,0.0,0.0034891835310537334,5,1.002456784248352,0.9969724416732788,0.8992005135073163,1.0,109.27578735351562,1.0,0.9316691160202026,1.0,0.9316691160202026,1.0,6.72618654107282e-08,1.0,0.9969724416732788,1.002456784248352,3.7568867206573486,1.6120448112487793,1.0,1.6120448112487793
GCN,527,2445,2,1,4,-4.565299987792969,2.6649980545043945,7.230298042297363,0.7499998807907104,0.026136137545108795,0.0,1.084519863128662,0.0,0.10837438423645321,0,0.0,0.0034891835310537334,5,1.0005161762237549,0.999484121799469,1.0407128672118384,1.0,126.20463562011719,1.0,1.076006293296814,1.0,1.076006293296814,1.0,7.450580596923828e-09,1.0000001192092896,0.999484121799469,1.0005161762237549,5.201174736022949,1.861429214477539,1.0,1.861429214477539
GCN,527,2446,2,1,8,-5.972815036773682,1.502985954284668,7.47580099105835,0.6123723983764648,0.021225396543741226,-0.04565095156431198,1.328260064125061,0.1744127720594406,0.5939749905267147,1,0.0,0.0034891835310537334,5,0.9991488456726074,0.9996596574783325,1.280008691668803,1.0,154.60775756835938,1.0,1.3181915283203125,1.0,1.3181915283203125,1.0,1.862645149230957e-08,1.0000001192092896,0.9996596574783325,0.9991488456726074,6.641300201416016,2.279775619506836,1.0,2.279775619506836
GCN,527,2448,2,1,5,-5.667649269104004,2.000495433807373,7.668144702911377,0.7071066498756409,0.027096306905150414,-0.032147377729415894,1.150307059288025,0.0,0.10837438423645321,0,0.0,0.0034891835310537334,5,0.9994838237762451,0.9994449615478516,1.1051090585391374,1.0,133.870361328125,1.0,1.1413679122924805,1.0,1.1413679122924805,1.0,1.4901161193847656e-08,1.0000001192092896,0.9994449615478516,0.9994838237762451,5.516678810119629,1.9743437767028809,1.0,1.9743437767028809
GCN,527,2456,5,1,2,-1.6366803646087646,3.1321568489074707,4.768837213516235,0.8660253286361694,0.046375006437301636,-0.0944882333278656,0.9392216801643372,0.014757716096937656,0.10837438423645321,0,0.0,0.0034891835310537334,5,0.9962309002876282,0.9983757734298706,0.8992005135073163,1.0,109.27578735351562,1.0,0.9316691160202026,1.0,0.9316691160202026,1.0,8.470428980444922e-08,1.0,0.9983757734298706,0.9962309002876282,4.601227760314941,1.6120448112487793,1.0,1.6120448112487793
GCN,527,2459,3,0,2,-4.979156017303467,-0.17563271522521973,4.803523302078247,0.8660253286361694,0.08521057665348053,0.0,0.9392216801643372,0.0,0.10837438423645321,0,0.0,0.0034891835310537334,5,1.0054723024368286,0.9945574998855591,0.8992005135073163,1.0,109.27578735351562,1.0,0.9316691160202026,1.0,0.9316691160202026,1.0,6.705522537231445e-08,1.0,0.9945574998855591,1.0054723024368286,2.656520128250122,1.6120448112487793,1.0,1.6120448112487793
GCN,527,2461,6,1,1,-2.9876818656921387,0.7024874687194824,3.690169334411621,0.9486831426620483,0.08985865861177444,0.0,0.8573882579803467,0.0,0.10837438423645321,0,0.0,0.0034891835310537334,5,1.0060837268829346,0.9939530491828918,0.8200823869837026,1.0,99.74270629882812,1.0,0.8503942489624023,1.0,0.8503942489624023,1.0,6.006850128414953e-08,1.0000001192092896,0.9939530491828918,1.0060837268829346,3.929046630859375,1.4715889692306519,1.0,1.4715889692306519
GCN,527,2467,6,1,2,-1.023237705230713,2.8653512001037598,3.8885889053344727,0.8660253286361694,0.05142149329185486,-0.00976377073675394,0.9392216801643372,0.014757716096937656,0.10837438423645321,0,0.0,0.0034891835310537334,5,1.0013800859451294,0.9980053901672363,0.8992005135073163,1.0,109.27578735351562,1.0,0.9316691160202026,1.0,0.9316691160202026,1.0,6.715862355122226e-08,1.0,0.9980053901672363,1.0013800859451294,4.601227760314941,1.6120448112487793,1.0,1.6120448112487793
GCN,527,2474,4,1,2,-4.953226566314697,2.356894016265869,7.310120582580566,0.8660253286361694,0.07218801975250244,0.0,0.9392216801643372,0.0,0.10837438423645321,0,0.0,0.0034891835310537334,5,1.0039304494857788,0.9960849285125732,0.8992005135073163,1.0,109.27578735351562,1.0,0.9316691160202026,1.0,0.9316691160202026,1.0,6.705522537231445e-08,1.0,0.9960849285125732,1.0039304494857788,2.656520128250122,1.6120448112487793,1.0,1.6120448112487793
GCN,527,2479,6,1,1,-2.394099235534668,1.3988332748413086,3.7929325103759766,0.9486831426620483,0.09083700180053711,0.0,0.8573882579803467,0.0,0.10837438423645321,0,0.0,0.0034891835310537334,5,1.0062165260314941,0.993821918964386,0.8200823869837026,1.0,99.74270629882812,1.0,0.8503942489624023,1.0,0.8503942489624023,1.0,6.006850128414953e-08,1.0000001192092896,0.993821918964386,1.0062165260314941,3.535102367401123,1.4715889692306519,1.0,1.4715889692306519
GCN,527,2483,4,1,2,-2.8170549869537354,3.5955305099487305,6.412585496902466,0.8660253286361694,0.10451503098011017,0.0,0.9392216801643372,0.0,0.10837438423645321,0,0.0,0.0034891835310537334,5,1.0082213878631592,0.9918456673622131,0.8992005135073163,1.0,109.27578735351562,1.0,0.9316691160202026,1.0,0.9316691160202026,1.0,6.705522537231445e-08,1.0,0.9918456673622131,1.0082213878631592,2.100163459777832,1.6120448112487793,1.0,1.6120448112487793
GCN,527,2489,3,1,1,-3.94018816947937,3.6407246589660645,7.580912828445435,0.9486831426620483,0.11761264503002167,0.0,0.8573882579803467,0.0,0.10837438423645321,0,0.0,0.0034891835310537334,5,1.0103998184204102,0.9897072315216064,0.8200823869837026,1.0,99.74270629882812,1.0,0.8503942489624023,1.0,0.8503942489624023,1.0,6.006850128414953e-08,1.0000001192092896,0.9897072315216064,1.0103998184204102,2.843635082244873,1.4715889692306519,1.0,1.4715889692306519
GCN,527,2490,4,1,2,-2.596940517425537,4.487964153289795,7.084904670715332,0.8660253286361694,0.045974187552928925,0.0,0.9392216801643372,0.0,0.10837438423645321,0,0.0,0.0034891835310537334,5,1.0015959739685059,0.9984065294265747,0.8992005135073163,1.0,109.27578735351562,1.0,0.9316691160202026,1.0,0.9316691160202026,1.0,6.705522537231445e-08,1.0,0.9984065294265747,1.0015959739685059,4.5043487548828125,1.6120448112487793,1.0,1.6120448112487793
GCN,527,2496,4,1,1,-1.1606101989746094,2.8835577964782715,4.044167995452881,0.9486831426620483,0.0761379599571228,-0.004380411002784967,0.8573882579803467,0.0,0.10837438423645321,0,0.0,0.0034891835310537334,5,1.0039631128311157,0.9956440925598145,0.8200823869837026,1.0,99.74270629882812,1.0,0.8503942489624023,1.0,0.8503942489624023,1.0,6.018390763529169e-08,1.0000001192092896,0.9956440925598145,1.0039631128311157,3.6375904083251953,1.4715889692306519,1.0,1.4715889692306519
GCN,527,2505,1,1,1,-2.875405788421631,2.232689380645752,5.108095169067383,0.9486831426620483,0.0778270959854126,0.0,0.8573882579803467,0.0,0.10837438423645321,0,0.0,0.0034891835310537334,5,1.00456702709198,0.9954537153244019,0.8200823869837026,1.0,99.74270629882812,1.0,0.8503942489624023,1.0,0.8503942489624023,1.0,6.006850128414953e-08,1.0000001192092896,0.9954537153244019,1.00456702709198,3.929046630859375,1.4715889692306519,1.0,1.4715889692306519
GCN,527,2508,3,1,3,-4.004908561706543,1.2286646366119385,5.2335731983184814,0.8017836213111877,0.05790315940976143,0.0,1.0144754648208618,0.0,0.10837438423645321,0,0.0,0.0034891835310537334,5,1.0025306940078735,0.9974757432937622,0.9723540606496855,1.0,118.04334259033203,1.0,1.0064208507537842,1.0,1.0064208507537842,1.0,3.725290298461914e-09,1.0000001192092896,0.9974757432937622,1.0025306940078735,2.8693699836730957,1.741207480430603,1.0,1.741207480430603
GCN,527,2509,3,1,5,-5.538472652435303,0.010016202926635742,5.5484888553619385,0.7071066498756409,0.029114536941051483,0.0,1.150307059288025,0.0,0.10837438423645321,0,0.0,0.0034891835310537334,5,1.0006403923034668,0.9993600845336914,1.1051090585391374,1.0,133.870361328125,1.0,1.1413679122924805,1.0,1.1413679122924805,1.0,1.4901161193847656e-08,1.0000001192092896,0.9993600845336914,1.0006403923034668,5.516678810119629,1.9743437767028809,1.0,1.9743437767028809
GCN,527,2514,2,1,2,-3.811795711517334,3.1621265411376953,6.973922252655029,0.8660253286361694,0.05017181858420372,-0.010347006842494011,0.9392216801643372,0.0,0.10837438423645321,0,0.0,0.0034891835310537334,5,1.0012632608413696,0.9981008768081665,0.8992005135073163,1.0,109.27578735351562,1.0,0.9316691160202026,1.0,0.9316691160202026,1.0,6.705522537231445e-08,1.0,0.9981008768081665,1.0012632608413696,3.9847800731658936,1.6120448112487793,1.0,1.6120448112487793
GCN,527,2523,2,1,2,-3.5004465579986572,2.448824405670166,5.949270963668823,0.8660253286361694,0.05218149349093437,0.0,0.9392216801643372,0.0,0.10837438423645321,0,0.0,0.0034891835310537334,5,1.0020556449890137,0.9979485273361206,0.8992005135073163,1.0,109.27578735351562,1.0,0.9316691160202026,1.0,0.9316691160202026,1.0,6.705522537231445e-08,1.0,0.9979485273361206,1.0020556449890137,4.304054260253906,1.6120448112487793,1.0,1.6120448112487793
GCN,527,2533,0,1,1,-2.732255220413208,3.6523032188415527,6.384558439254761,0.9486831426620483,0.0822051614522934,-0.035954929888248444,0.8573882579803467,0.033984165638685226,0.10837438423645321,0,0.0,0.0034891835310537334,5,1.0014721155166626,0.9949015974998474,0.8200823869837026,1.0,99.74270629882812,1.0,0.8503942489624023,1.0,0.8503942489624023,1.0,5.972094641037984e-08,1.0000001192092896,0.9949016571044922,1.0014721155166626,3.6375904083251953,1.4715889692306519,1.0,1.4715889692306519
GCN,527,2540,3,0,1,-6.574306488037109,-1.53312087059021,5.041185617446899,0.9486831426620483,0.13973881304264069,0.0,0.8573882579803467,0.0,0.10837438423645321,0,0.0,0.0034891835310537334,5,1.0146498680114746,0.9855615496635437,0.8200823869837026,1.0,99.74270629882812,1.0,0.8503942489624023,1.0,0.8503942489624023,1.0,6.006850128414953e-08,1.0000001192092896,0.9855615496635437,1.0146498680114746,2.2684361934661865,1.4715889692306519,1.0,1.4715889692306519
GCN,527,2543,3,1,3,-4.596160411834717,1.9090980291366577,6.5052584409713745,0.8017836213111877,0.03918425366282463,0.0,1.0144754648208618,0.0,0.10837438423645321,0,0.0,0.0034891835310537334,5,1.0011597871780396,0.9988416433334351,0.9723540606496855,1.0,118.04334259033203,1.0,1.0064208507537842,1.0,1.0064208507537842,1.0,0.0,1.0000001192092896,0.9988416433334351,1.0011597871780396,4.9698944091796875,1.741207480430603,1.0,1.741207480430603
GCN,527,2549,4,1,1,-3.542996406555176,2.9382786750793457,6.4812750816345215,0.9486831426620483,0.07610095292329788,0.0,0.8573882579803467,0.0,0.10837438423645321,0,0.0,0.0034891835310537334,5,1.0043671131134033,0.9956518411636353,0.8200823869837026,1.0,99.74270629882812,1.0,0.8503942489624023,1.0,0.8503942489624023,1.0,6.006850128414953e-08,1.0000001192092896,0.9956518411636353,1.0043671131134033,3.929046630859375,1.4715889692306519,1.0,1.4715889692306519
GCN,527,2552,3,1,1,-2.8030600547790527,3.4608564376831055,6.263916492462158,0.9486831426620483,0.15586954355239868,-0.02473404072225094,0.8573882579803467,0.0,0.10837438423645321,0,0.0,0.0034891835310537334,5,1.0135295391082764,0.9819745421409607,0.8200823869837026,1.0,99.74270629882812,1.0,0.8503942489624023,1.0,0.8503942489624023,1.0,6.006850128414953e-08,1.0000001192092896,0.9819745421409607,1.0135295391082764,1.7147765159606934,1.4715889692306519,1.0,1.4715889692306519
GCN,527,2557,2,1,1,-4.6020402908325195,2.873811960220337,7.4758522510528564,0.9486831426620483,0.08323174715042114,0.0,0.8573882579803467,0.0,0.10837438423645321,0,0.0,0.0034891835310537334,5,1.0052218437194824,0.9948053359985352,0.8200823869837026,1.0,99.74270629882812,1.0,0.8503942489624023,1.0,0.8503942489624023,1.0,6.006850128414953e-08,1.0000001192092896,0.9948053359985352,1.0052218437194824,3.4295530319213867,1.4715889692306519,1.0,1.4715889692306519
GCN,527,2561,2,1,1,-1.921020746231079,4.2922868728637695,6.213307619094849,0.9486831426620483,0.15477439761161804,-0.0024280098732560873,0.8573882579803467,0.0,0.10837438423645321,0,0.0,0.0034891835310537334,5,1.0174888372421265,0.9823577404022217,0.8200823869837026,1.0,99.74270629882812,1.0,0.8503942489624023,1.0,0.8503942489624023,1.0,6.006850128414953e-08,1.0000001192092896,0.9823577404022217,1.0174888372421265,1.7147765159606934,1.4715889692306519,1.0,1.4715889692306519
GCN,527,2562,0,1,2,-0.6098669767379761,2.9744415283203125,3.5843085050582886,0.8660253286361694,0.08063244819641113,0.0,0.9392216801643372,0.0,0.10837438423645321,0,0.0,0.0034891835310537334,5,1.00490140914917,0.9951224327087402,0.8992005135073163,1.0,109.27578735351562,1.0,0.9316691160202026,1.0,0.9316691160202026,1.0,6.705522537231445e-08,1.0,0.9951224327087402,1.00490140914917,3.9847800731658936,1.6120448112487793,1.0,1.6120448112487793
GCN,527,2566,3,1,2,-2.2170262336730957,3.464716911315918,5.681743144989014,0.8660253286361694,0.06715395301580429,0.0,0.9392216801643372,0.0,0.10837438423645321,0,0.0,0.0034891835310537334,5,1.0034022331237793,0.9966092109680176,0.8992005135073163,1.0,109.27578735351562,1.0,0.9316691160202026,1.0,0.9316691160202026,1.0,6.705522537231445e-08,1.0,0.9966092109680176,1.0034022331237793,4.304054260253906,1.6120448112487793,1.0,1.6120448112487793
GCN,527,2568,3,1,1,-4.730243682861328,1.5936172008514404,6.3238608837127686,0.9486831426620483,0.07965358346700668,0.0,0.8573882579803467,0.0,0.10837438423645321,0,0.0,0.0034891835310537334,5,1.0047835111618042,0.9952393770217896,0.8200823869837026,1.0,99.74270629882812,1.0,0.8503942489624023,1.0,0.8503942489624023,1.0,6.006850128414953e-08,1.0000001192092896,0.9952393770217896,1.0047835111618042,3.637590169906616,1.4715889692306519,1.0,1.4715889692306519
GCN,527,2578,0,1,2,-1.5905901193618774,3.193399429321289,4.7839895486831665,0.8660253286361694,0.049117445945739746,-0.1286570131778717,0.9392216801643372,0.18183790147304535,0.6095111784766957,1,0.0,0.0034891835310537334,5,0.9940363168716431,0.9981837868690491,0.8992005135073163,1.0,109.27578735351562,1.0,0.9316691160202026,1.0,0.9316691160202026,1.0,6.705522537231445e-08,1.0,0.9981837868690491,0.9940363168716431,4.5043487548828125,1.6120448112487793,1.0,1.6120448112487793
GCN,527,2582,3,1,3,-6.018505573272705,0.4273723363876343,6.445877909660339,0.8017836213111877,0.044431619346141815,-0.08445987850427628,1.0144754648208618,0.09279724210500717,0.2624100037893141,0,0.0,0.0034891835310537334,5,0.9968734383583069,0.9985083341598511,0.9723540606496855,1.0,118.04334259033203,1.0,1.0064208507537842,1.0,1.0064208507537842,1.0,2.9802322387695312e-08,1.0,0.9985083341598511,0.9968734383583069,4.421995639801025,1.741207480430603,1.0,1.741207480430603
GCN,527,2586,5,1,1,-2.1974868774414062,2.979252338409424,5.17673921585083,0.9486831426620483,0.12263746559619904,0.0,0.8573882579803467,0.0,0.10837438423645321,0,0.0,0.0034891835310537334,5,1.0113023519515991,0.9888239502906799,0.8200823869837026,1.0,99.74270629882812,1.0,0.8503942489624023,1.0,0.8503942489624023,1.0,6.006850128414953e-08,1.0000001192092896,0.9888239502906799,1.0113023519515991,4.021507263183594,1.4715889692306519,1.0,1.4715889692306519
GCN,527,2592,5,1,2,-3.3641960620880127,1.9837126731872559,5.3479087352752686,0.8660253286361694,0.05470056086778641,-0.04577379673719406,0.9392216801643372,0.03722779080271721,0.10837438423645321,0,0.0,0.0034891835310537334,5,0.9991825819015503,0.9977372884750366,0.8992005135073163,1.0,109.27578735351562,1.0,0.9316691160202026,1.0,0.9316691160202026,1.0,6.664001972467304e-08,1.0,0.9977372884750366,0.9991825819015503,3.637589454650879,1.6120448112487793,1.0000001192092896,1.6120445728302002
GCN,527,2598,1,1,1,-1.3468711376190186,3.497987747192383,4.844858884811401,0.9486831426620483,0.08357597142457962,0.0,0.8573882579803467,0.0,0.10837438423645321,0,0.0,0.0034891835310537334,5,1.0052648782730103,0.994762659072876,0.8200823869837026,1.0,99.74270629882812,1.0,0.8503942489624023,1.0,0.8503942489624023,1.0,6.006850128414953e-08,1.0000001192092896,0.994762659072876,1.0052648782730103,3.4295530319213867,1.4715889692306519,1.0,1.4715889692306519
GCN,527,2599,3,1,3,-3.61797833442688,1.9508607387542725,5.568839073181152,0.8017836213111877,0.04320725053548813,0.0,1.0144754648208618,0.0,0.10837438423645321,0,0.0,0.0034891835310537334,5,1.001409888267517,0.99859219789505,0.9723540606496855,1.0,118.04334259033203,1.0,1.0064208507537842,1.0,1.0064208507537842,1.0,3.725290298461914e-09,1.0000001192092896,0.99859219789505,1.001409888267517,4.421995639801025,1.741207480430603,1.0,1.741207480430603
GCN,527,2603,3,1,1,-2.1833858489990234,3.5358734130859375,5.719259262084961,0.9486831426620483,0.07365676015615463,-0.025326808914542198,0.8573882579803467,0.0,0.10837438423645321,0,0.0,0.0034891835310537334,5,1.0018049478530884,0.9959089756011963,0.8200823869837026,1.0,99.74270629882812,1.0,0.8503942489624023,1.0,0.8503942489624023,1.0,6.188916756855178e-08,1.0000001192092896,0.9959089756011963,1.0018049478530884,4.455120086669922,1.4715889692306519,1.0,1.4715889692306519
GCN,527,2604,6,1,3,-0.488300085067749,2.1591711044311523,2.6474711894989014,0.8017836213111877,0.04394714534282684,0.0,1.0144754648208618,0.0,0.10837438423645321,0,0.0,0.0034891835310537334,5,1.0014585256576538,0.9985436797142029,0.9723540606496855,1.0,118.04334259033203,1.0,1.0064208507537842,1.0,1.0064208507537842,1.0,3.725290298461914e-09,1.0000001192092896,0.9985436797142029,1.0014585256576538,5.0723772048950195,1.741207480430603,1.0,1.741207480430603
GCN,527,2614,2,1,5,-4.770630359649658,1.5241551399230957,6.294785499572754,0.7071066498756409,0.04686826467514038,0.0,1.150307059288025,0.0,0.10837438423645321,0,0.0,0.0034891835310537334,5,1.0016587972640991,0.9983440637588501,1.1051090585391374,1.0,133.870361328125,1.0,1.1413679122924805,1.0,1.1413679122924805,1.0,1.4901161193847656e-08,1.0000001192092896,0.9983440637588501,1.0016587972640991,5.144329071044922,1.9743437767028809,1.0,1.9743437767028809
GCN,527,2618,2,1,1,-1.55353581905365,3.9870548248291016,5.5405906438827515,0.9486831426620483,0.16227637231349945,0.0,0.8573882579803467,0.0,0.10837438423645321,0,0.0,0.0034891835310537334,5,1.019707202911377,0.9806736707687378,0.8200823869837026,1.0,99.74270629882812,1.0,0.8503942489624023,1.0,0.8503942489624023,1.0,6.006850128414953e-08,1.0000001192092896,0.9806736707687378,1.019707202911377,1.7147765159606934,1.4715889692306519,1.0,1.4715889692306519
GCN,527,2631,4,1,1,-4.3789520263671875,3.046337127685547,7.425289154052734,0.9486831426620483,0.10608096420764923,0.0,0.8573882579803467,0.0,0.10837438423645321,0,0.0,0.0034891835310537334,5,1.0084686279296875,0.9916025400161743,0.8200823869837026,1.0,99.74270629882812,1.0,0.8503942489624023,1.0,0.8503942489624023,1.0,6.006850128414953e-08,1.0000001192092896,0.9916025400161743,1.0084686279296875,3.2080531120300293,1.4715889692306519,1.0,1.4715889692306519
GCN,527,2641,2,1,2,-3.337785243988037,1.951279640197754,5.289064884185791,0.8660253286361694,0.05231768637895584,-0.015509824268519878,0.9392216801643372,0.0,0.10837438423645321,0,0.0,0.0034891835310537334,5,1.0010703802108765,0.9979342222213745,0.8992005135073163,1.0,109.27578735351562,1.0,0.9316691160202026,1.0,0.9316691160202026,1.0,6.705522537231445e-08,1.0,0.9979342222213745,1.0010703802108765,3.8725099563598633,1.6120448112487793,1.0,1.6120448112487793
GCN,527,2642,2,1,4,-5.582946300506592,2.929255247116089,8.51220154762268,0.7499998807907104,0.03427194803953171,0.0,1.084519863128662,0.0,0.10837438423645321,0,0.0,0.0034891835310537334,5,1.000887393951416,0.9991134405136108,1.0407128672118384,1.0,126.20463562011719,1.0,1.076006293296814,1.0,1.076006293296814,1.0,7.902533738501916e-09,1.0000001192092896,0.9991134405136108,1.000887393951416,4.6012282371521,1.861429214477539,1.0,1.861429214477539
GCN,527,2646,4,1,1,-4.1019134521484375,3.5657577514648438,7.667671203613281,0.9486831426620483,0.0707089975476265,0.0,0.8573882579803467,0.0,0.10837438423645321,0,0.0,0.0034891835310537334,5,1.0037713050842285,0.9962428212165833,0.8200823869837026,1.0,99.74270629882812,1.0,0.8503942489624023,1.0,0.8503942489624023,1.0,6.006850128414953e-08,1.0000001192092896,0.9962428212165833,1.0037713050842285,4.111889362335205,1.4715889692306519,1.0,1.4715889692306519
GCN,527,2647,4,1,3,-3.517033100128174,3.3960933685302734,6.913126468658447,0.8017836213111877,0.0396854393184185,0.0,1.0144754648208618,0.0,0.10837438423645321,0,0.0,0.0034891835310537334,5,1.0011895895004272,0.9988119006156921,0.9723540606496855,1.0,118.04334259033203,1.0,1.0064208507537842,1.0,1.0064208507537842,1.0,0.0,1.0000001192092896,0.9988119006156921,1.0011895895004272,4.9698944091796875,1.741207480430603,1.0,1.741207480430603
GCN,527,2653,0,1,2,-0.33019590377807617,3.1174492835998535,3.4476451873779297,0.8660253286361694,0.05294527858495712,-0.05013042688369751,0.9392216801643372,0.0,0.10837438423645321,0,0.0,0.0034891835310537334,5,0.9988546967506409,0.9978797435760498,0.8992005135073163,1.0,109.27578735351562,1.0,0.9316691160202026,1.0,0.9316691160202026,1.0,3.0719530030864917e-08,1.0,0.9978797435760498,0.9988546967506409,3.9847800731658936,1.6120448112487793,1.0,1.6120448112487793
GCN,527,2658,2,1,1,-4.709614276885986,3.6908836364746094,8.400497913360596,0.9486831426620483,0.07463280111551285,0.0,0.8573882579803467,0.0,0.10837438423645321,0,0.0,0.0034891835310537334,5,1.0042006969451904,0.9958169460296631,0.8200823869837026,1.0,99.74270629882812,1.0,0.8503942489624023,1.0,0.8503942489624023,1.0,6.006850128414953e-08,1.0000001192092896,0.9958169460296631,1.0042006969451904,4.021507263183594,1.4715889692306519,1.0,1.4715889692306519
GCN,527,2668,3,1,5,-3.442051649093628,1.6667110919952393,5.108762741088867,0.7071066498756409,0.02500685304403305,-0.020818522199988365,1.150307059288025,0.0,0.10837438423645321,0,0.0,0.0034891835310537334,5,0.9998325705528259,0.9995273947715759,1.1051090585391374,1.0,133.870361328125,1.0,1.1413679122924805,1.0,1.1413679122924805,1.0,1.4901161193847656e-08,1.0000001192092896,0.9995273947715759,0.9998325705528259,5.516678810119629,1.9743437767028809,1.0,1.9743437767028809
GCN,527,2669,3,1,1,-3.7001633644104004,2.7661378383636475,6.466301202774048,0.9486831426620483,0.08908270299434662,0.0,0.8573882579803467,0.0,0.10837438423645321,0,0.0,0.0034891835310537334,5,1.0059794187545776,0.9940560460090637,0.8200823869837026,1.0,99.74270629882812,1.0,0.8503942489624023,1.0,0.8503942489624023,1.0,6.006850128414953e-08,1.0000001192092896,0.9940560460090637,1.0059794187545776,3.7372686862945557,1.4715889692306519,1.0,1.4715889692306519
GCN,527,2681,4,1,5,-1.7173728942871094,4.05238676071167,5.769759654998779,0.7071066498756409,0.04261180758476257,-0.05168008431792259,1.150307059288025,0.18592466413974762,0.6218264494126563,1,0.0,0.0034891835310537334,5,0.9986639618873596,0.9986268281936646,1.1051090585391374,1.0,133.870361328125,1.0,1.1413679122924805,1.0,1.1413679122924805,1.0,1.4901161193847656e-08,1.0000001192092896,0.9986268281936646,0.9986639618873596,5.395418167114258,1.9743437767028809,1.0,1.9743437767028809
GCN,527,2685,2,1,4,-6.148615837097168,1.9398833513259888,8.088499188423157,0.7499998807907104,0.05934588238596916,0.0,1.084519863128662,0.0,0.10837438423645321,0,0.0,0.0034891835310537334,5,1.0026581287384033,0.997348964214325,1.0407128672118384,1.0,126.20463562011719,1.0,1.076006293296814,1.0,1.076006293296814,1.0,7.450580596923828e-09,1.0000001192092896,0.997348964214325,1.0026581287384033,2.8693699836730957,1.861429214477539,1.0,1.861429214477539
GCN,527,2686,3,1,2,-5.039484024047852,1.3643012046813965,6.403785228729248,0.8660253286361694,0.09780437499284744,0.0,0.9392216801643372,0.0,0.10837438423645321,0,0.0,0.0034891835310537334,5,1.0072031021118164,0.9928483366966248,0.8992005135073163,1.0,109.27578735351562,1.0,0.9316691160202026,1.0,0.9316691160202026,1.0,6.705522537231445e-08,1.0,0.9928483366966248,1.0072031021118164,1.8784433603286743,1.6120448112487793,1.0,1.6120448112487793
GCN,527,2689,2,1,2,-3.7553396224975586,2.863049030303955,6.618388652801514,0.8660253286361694,0.08940719068050385,0.0,0.9392216801643372,0.0,0.10837438423645321,0,0.0,0.0034891835310537334,5,1.0060229301452637,0.9940131902694702,0.8992005135073163,1.0,109.27578735351562,1.0,0.9316691160202026,1.0,0.9316691160202026,1.0,6.705522537231445e-08,1.0,0.9940131902694702,1.0060229301452637,2.100163459777832,1.6120448112487793,1.0,1.6120448112487793
GCN,527,2690,6,1,1,-0.2786773443222046,3.0873968601226807,3.3660742044448853,0.9486831426620483,0.15704141557216644,0.0,0.8573882579803467,0.0,0.10837438423645321,0,0.0,0.0034891835310537334,5,1.0184674263000488,0.9818674325942993,0.8200823869837026,1.0,99.74270629882812,1.0,0.8503942489624023,1.0,0.8503942489624023,1.0,6.006850128414953e-08,1.0000001192092896,0.9818674325942993,1.0184674263000488,1.9171782732009888,1.4715889692306519,1.0,1.4715889692306519
GCN,527,2699,3,1,1,-2.6675844192504883,3.383634567260742,6.0512189865112305,0.9486831426620483,0.08612877875566483,0.0,0.8573882579803467,0.0,0.10837438423645321,0,0.0,0.0034891835310537334,5,1.0055904388427734,0.9944406151771545,0.8200823869837026,1.0,99.74270629882812,1.0,0.8503942489624023,1.0,0.8503942489624023,1.0,6.006850128414953e-08,1.0000001192092896,0.9944406151771545,1.0055904388427734,3.7372686862945557,1.4715889692306519,1.0,1.4715889692306519
GCN,527,2700,3,1,1,-2.1523776054382324,3.453557014465332,5.6059346199035645,0.9486831426620483,0.08699715882539749,-0.023676076903939247,0.8573882579803467,0.031463224440813065,0.10837438423645321,0,0.0,0.0034891835310537334,5,1.0031824111938477,0.9943034648895264,0.8200823869837026,1.0,99.74270629882812,1.0,0.8503942489624023,1.0,0.8503942489624023,1.0,6.143906006172983e-08,1.0000001192092896,0.9943034648895264,1.0031824111938477,3.929046630859375,1.4715889692306519,1.0,1.4715889692306519
GCN,527,2702,0,1,2,0.050470829010009766,4.031672477722168,3.981201648712158,0.8660253286361694,0.05912607163190842,-0.00616478780284524,0.9392216801643372,0.0,0.10837438423645321,0,0.0,0.0034891835310537334,5,1.0021913051605225,0.9973662495613098,0.8992005135073163,1.0,109.27578735351562,1.0,0.9316691160202026,1.0,0.9316691160202026,1.0,6.705522537231445e-08,1.0,0.9973662495613098,1.0021913051605225,3.9847800731658936,1.6120448112487793,1.0,1.6120448112487793
GCN,527,2707,3,1,4,-4.904754638671875,0.27729105949401855,5.1820456981658936,0.7499998807907104,0.03268706053495407,0.0,1.084519863128662,0.0,0.10837438423645321,0,0.0,0.0034891835310537334,5,1.0008071660995483,0.999193549156189,1.0407128672118384,1.0,126.20463562011719,1.0,1.076006293296814,1.0,1.076006293296814,1.0,7.450580596923828e-09,1.0000001192092896,0.999193549156189,1.0008071660995483,3.9102916717529297,1.861429214477539,1.0,1.861429214477539
GCN,320,1370,6,1,8,-1.5724098682403564,1.3834888935089111,2.9558987617492676,0.6123723983764648,0.021423550322651863,-0.0019321450963616371,1.328260064125061,0.0,0.10837438423645321,0,0.0,0.0034891835310537334,5,1.000295877456665,0.9996533989906311,1.280008691668803,1.0,154.60775756835938,1.0,1.3181915283203125,1.0,1.3181915283203125,1.0,1.862645149230957e-08,1.0000001192092896,0.9996533989906311,1.000295877456665,5.144328594207764,2.279775619506836,1.0,2.279775619506836
GCN,320,1376,0,1,3,2.3164401054382324,5.280765056610107,2.964324951171875,0.8017836213111877,0.0350797064602375,0.0,1.0144754648208618,0.0,0.10837438423645321,0,0.0,0.0034891835310537334,5,1.000929594039917,0.9990713000297546,0.9723540606496855,1.0,118.04334259033203,1.0,1.0064208507537842,1.0,1.0064208507537842,1.0,0.0,1.0000001192092896,0.9990713000297546,1.000929594039917,4.758311748504639,1.741207480430603,1.0,1.741207480430603
GCN,320,1378,2,1,3,-3.947655439376831,2.225968837738037,6.173624277114868,0.8017836213111877,0.052128564566373825,0.0,1.0144754648208618,0.0,0.10837438423645321,0,0.0,0.0034891835310537334,5,1.0020514726638794,0.9979527592658997,0.9723540606496855,1.0,118.04334259033203,1.0,1.0064208507537842,1.0,1.0064208507537842,1.0,5.26835597369768e-09,1.0000001192092896,0.9979527592658997,1.0020514726638794,4.865253448486328,1.741207480430603,1.0,1.741207480430603
GCN,320,1392,3,1,3,-1.986329197883606,4.140017509460449,6.126346707344055,0.8017836213111877,0.035835810005664825,-0.035771168768405914,1.0144754648208618,0.0,0.10837438423645321,0,0.0,0.0034891835310537334,5,0.999394416809082,0.9990290403366089,0.9723540606496855,1.0,118.04334259033203,1.0,1.0064208507537842,1.0,1.0064208507537842,1.0,7.450580596923828e-09,1.0000001192092896,0.9990290403366089,0.999394416809082,4.758311748504639,1.741207480430603,1.0,1.741207480430603
GCN,320,1393,3,1,1,-2.271623373031616,3.8298468589782715,6.101470232009888,0.9486831426620483,0.08223089575767517,0.0,0.8573882579803467,0.0,0.10837438423645321,0,0.0,0.0034891835310537334,5,1.0050972700119019,0.9949285387992859,0.8200823869837026,1.0,99.74270629882812,1.0,0.8503942489624023,1.0,0.8503942489624023,1.0,6.006850128414953e-08,1.0000001192092896,0.9949285387992859,1.0050972700119019,3.929046630859375,1.4715889692306519,1.0,1.4715889692306519
GCN,320,1400,3,1,2,-6.196677207946777,1.3946080207824707,7.591285228729248,0.8660253286361694,0.058645207434892654,-0.03206624463200569,0.9392216801643372,0.0,0.10837438423645321,0,0.0,0.0034891835310537334,5,1.0002870559692383,0.9974016547203064,0.8992005135073163,1.0,109.27578735351562,1.0,0.9316691160202026,1.0,0.9316691160202026,1.0,6.705522537231445e-08,1.0,0.9974016547203064,1.0002870559692383,3.8725101947784424,1.6120448112487793,1.0,1.6120448112487793
GCN,320,1416,0,1,18,3.665898323059082,7.781402587890625,4.115504264831543,0.4522669315338135,0.013079439289867878,-0.03321823477745056,1.7984728813171387,0.0,0.10837438423645321,0,0.0,0.0034891835310537334,5,0.999595046043396,0.9998708367347717,1.7451267509006285,1.0,209.41043090820312,1.0,1.7855104207992554,1.0,1.7855104207992554,1.0,1.5584006973767828e-08,1.0000001192092896,0.9998708367347717,0.999595046043396,8.24163818359375,3.0868310928344727,1.0,3.0868310928344727
GCN,320,1422,4,1,1,-3.9997947216033936,3.0748469829559326,7.074641704559326,0.9486831426620483,0.0850110873579979,0.0,0.8573882579803467,0.0,0.10837438423645321,0,0.0,0.0034891835310537334,5,1.0054467916488647,0.9945827126502991,0.8200823869837026,1.0,99.74270629882812,1.0,0.8503942489624023,1.0,0.8503942489624023,1.0,6.006850128414953e-08,1.0000001192092896,0.9945827126502991,1.0054467916488647,3.320650100708008,1.4715889692306519,1.0000001192092896,1.4715888500213623
GCN,320,1423,3,1,2,-0.012243151664733887,4.744993209838867,4.757236361503601,0.8660253286361694,0.046310484409332275,0.0,0.9392216801643372,0.0,0.10837438423645321,0,0.0,0.0034891835310537334,5,1.0016194581985474,0.9983832240104675,0.8992005135073163,1.0,109.27578735351562,1.0,0.9316691160202026,1.0,0.9316691160202026,1.0,6.705522537231445e-08,1.0,0.9983832240104675,1.0016194581985474,4.200326919555664,1.6120448112487793,1.0,1.6120448112487793
GCN,320,1425,4,1,2,-2.9529082775115967,4.718685626983643,7.671593904495239,0.8660253286361694,0.04911937192082405,-0.009211077354848385,0.9392216801643372,0.0,0.10837438423645321,0,0.0,0.0034891835310537334,5,1.0012662410736084,0.9981797933578491,0.8992005135073163,1.0,109.27578735351562,1.0,0.9316691160202026,1.0,0.9316691160202026,1.0,6.705522537231445e-08,1.0,0.9981797933578491,1.0012662410736084,4.3040547370910645,1.6120448112487793,1.0,1.6120448112487793
GCN,320,1429,4,1,3,-2.9064478874206543,4.773801326751709,7.680249214172363,0.8017836213111877,0.04172129929065704,0.0,1.0144754648208618,0.0,0.10837438423645321,0,0.0,0.0034891835310537334,5,1.001314640045166,0.9986871480941772,0.9723540606496855,1.0,118.04334259033203,1.0,1.0064208507537842,1.0,1.0064208507537842,1.0,0.0,1.0000001192092896,0.9986871480941772,1.001314640045166,4.9698944091796875,1.741207480430603,1.0,1.741207480430603
GCN,320,1434,3,1,2,-4.346874237060547,2.844064950942993,7.19093918800354,0.8660253286361694,0.0720544308423996,0.0,0.9392216801643372,0.0,0.10837438423645321,0,0.0,0.0034891835310537334,5,1.0039160251617432,0.9960992932319641,0.8992005135073163,1.0,109.27578735351562,1.0,0.9316691160202026,1.0,0.9316691160202026,1.0,6.705522537231445e-08,1.0,0.9960992932319641,1.0039160251617432,2.3006138801574707,1.6120448112487793,1.0,1.6120448112487793
GCN,320,1436,5,1,1,-3.6661429405212402,4.625265121459961,8.291408061981201,0.9486831426620483,0.08288966119289398,0.0,0.8573882579803467,0.0,0.10837438423645321,0,0.0,0.0034891835310537334,5,1.0051789283752441,0.9948477745056152,0.8200823869837026,1.0,99.74270629882812,1.0,0.8503942489624023,1.0,0.8503942489624023,1.0,6.006850128414953e-08,1.0000001192092896,0.9948477745056152,1.0051789283752441,4.021507263183594,1.4715889692306519,1.0,1.4715889692306519
GCN,320,1437,4,1,1,-1.2187496423721313,4.400224685668945,5.618974328041077,0.9486831426620483,0.07450384646654129,0.0,0.8573882579803467,0.0,0.10837438423645321,0,0.0,0.0034891835310537334,5,1.0041861534118652,0.995831310749054,0.8200823869837026,1.0,99.74270629882812,1.0,0.8503942489624023,1.0,0.8503942489624023,1.0,6.006850128414953e-08,1.0000001192092896,0.995831310749054,1.0041861534118652,4.3718390464782715,1.4715889692306519,1.0,1.4715889692306519
GCN,320,1441,5,1,23,-3.2858119010925293,0.6825823783874512,3.9683942794799805,0.40824824571609497,0.016554512083530426,-0.004676199518144131,1.9923902750015259,0.0,0.10837438423645321,0,0.0,0.0034891835310537334,5,1.0001120567321777,0.9997929334640503,1.9376594108713874,1.0,232.01303100585938,1.0,1.9782558679580688,1.0,1.9782558679580688,1.0,6.390936135858283e-08,1.0,0.9997929334640503,1.0001120567321777,8.452996253967285,3.419663429260254,1.0,3.419663429260254
GCN,320,1442,3,1,2,-3.182950496673584,3.010070562362671,6.193021059036255,0.8660253286361694,0.056303102523088455,0.0,0.9392216801643372,0.0,0.10837438423645321,0,0.0,0.0034891835310537334,5,1.0023927688598633,0.9976129531860352,0.8992005135073163,1.0,109.27578735351562,1.0,0.9316691160202026,1.0,0.9316691160202026,1.0,6.705522537231445e-08,1.0,0.9976129531860352,1.0023927688598633,4.3040547370910645,1.6120448112487793,1.0,1.6120448112487793
GCN,320,1444,2,1,4,-2.5312998294830322,4.1196136474609375,6.65091347694397,0.7499998807907104,0.03330957144498825,-0.014205431565642357,1.084519863128662,0.0,0.10837438423645321,0,0.0,0.0034891835310537334,5,1.0002567768096924,0.9991617798805237,1.0407128672118384,1.0,126.20463562011719,1.0,1.076006293296814,1.0,1.076006293296814,1.0,8.33000246558413e-09,1.0000001192092896,0.9991617798805237,1.0002567768096924,5.201174259185791,1.861429214477539,1.0,1.861429214477539
GCN,320,1448,1,1,5,-2.240417957305908,2.8282251358032227,5.068643093109131,0.7071066498756409,0.02160467952489853,-0.01093592494726181,1.150307059288025,0.017534777522087097,0.10837438423645321,0,0.0,0.0034891835310537334,5,1.000062346458435,0.999647319316864,1.1051090585391374,1.0,133.870361328125,1.0,1.1413679122924805,1.0,1.1413679122924805,1.0,1.493023660259496e-08,1.0000001192092896,0.999647319316864,1.000062346458435,4.742837429046631,1.9743437767028809,1.0,1.9743437767028809
GCN,320,1450,3,1,3,-4.084890842437744,2.5797173976898193,6.6646082401275635,0.8017836213111877,0.04063565284013748,0.0,1.0144754648208618,0.0,0.10837438423645321,0,0.0,0.0034891835310537334,5,1.0012471675872803,0.9987544417381287,0.9723540606496855,1.0,118.04334259033203,1.0,1.0064208507537842,1.0,1.0064208507537842,1.0,0.0,1.0000001192092896,0.9987544417381287,1.0012471675872803,4.865253448486328,1.741207480430603,1.0,1.741207480430603
GCN,320,1452,4,1,3,-3.0560874938964844,4.291260242462158,7.347347736358643,0.8017836213111877,0.039163362234830856,0.0,1.0144754648208618,0.0,0.10837438423645321,0,0.0,0.0034891835310537334,5,1.001158595085144,0.9988428354263306,0.9723540606496855,1.0,118.04334259033203,1.0,1.0064208507537842,1.0,1.0064208507537842,1.0,0.0,1.0000001192092896,0.9988428354263306,1.001158595085144,4.057901859283447,1.741207480430603,1.0,1.741207480430603
GCN,320,1457,3,1,3,-4.635817527770996,3.0426340103149414,7.6784515380859375,0.8017836213111877,0.044011928141117096,-0.0061630792915821075,1.0144754648208618,0.0,0.10837438423645321,0,0.0,0.0034891835310537334,5,1.0011297464370728,0.9985384941101074,0.9723540606496855,1.0,118.04334259033203,1.0,1.0064208507537842,1.0,1.0064208507537842,1.0,0.0,1.0000001192092896,0.9985384941101074,1.0011297464370728,4.536871910095215,1.741207480430603,1.0,1.741207480430603
GCN,320,1476,6,1,2,-2.264432430267334,1.5788061618804932,3.843238592147827,0.8660253286361694,0.0553131178021431,-0.02618725597858429,0.9392216801643372,0.0,0.10837438423645321,0,0.0,0.0034891835310537334,5,1.0005310773849487,0.9976892471313477,0.8992005135073163,1.0,109.27578735351562,1.0,0.9316691160202026,1.0,0.9316691160202026,1.0,6.828570064953965e-08,1.0,0.9976892471313477,1.0005310773849487,4.504349231719971,1.6120448112487793,1.0,1.6120448112487793
GCN,320,1486,2,1,3,-3.6976699829101562,3.055634021759033,6.7533040046691895,0.8017836213111877,0.03606593608856201,-0.05883978679776192,1.0144754648208618,0.0,0.10837438423645321,0,0.0,0.0034891835310537334,5,0.9983726739883423,0.9990167617797852,0.9723540606496855,1.0,118.04334259033203,1.0,1.0064208507537842,1.0,1.0064208507537842,1.0,3.725290298461914e-09,1.0000001192092896,0.9990167617797852,0.9983726739883423,3.657742977142334,1.741207480430603,1.0,1.741207480430603
GCN,320,1487,6,1,4,-0.9023169279098511,1.8621281385421753,2.7644450664520264,0.7499998807907104,0.027274535968899727,-0.007952223531901836,1.084519863128662,0.014459549449384212,0.10837438423645321,0,0.0,0.0034891835310537334,5,1.0002955198287964,0.9994380474090576,1.0407128672118384,1.0,126.20463562011719,1.0,1.076006293296814,1.0,1.076006293296814,1.0,8.33000246558413e-09,1.0000001192092896,0.9994380474090576,1.0002955198287964,5.4225993156433105,1.861429214477539,1.0,1.861429214477539
GCN,320,1493,4,1,1,-1.111001968383789,4.336169719696045,5.447171688079834,0.9486831426620483,0.07283671945333481,0.0,0.8573882579803467,0.0,0.10837438423645321,0,0.0,0.0034891835310537334,5,1.004001259803772,0.9960146546363831,0.8200823869837026,1.0,99.74270629882812,1.0,0.8503942489624023,1.0,0.8503942489624023,1.0,6.006850128414953e-08,1.0000001192092896,0.9960146546363831,1.004001259803772,3.7372686862945557,1.4715889692306519,1.0,1.4715889692306519
GCN,320,1499,2,1,4,-3.294506549835205,3.0676827430725098,6.362189292907715,0.7499998807907104,0.032199643552303314,0.0,1.084519863128662,0.0,0.10837438423645321,0,0.0,0.0034891835310537334,5,1.0007833242416382,0.9992173910140991,1.0407128672118384,1.0,126.20463562011719,1.0,1.076006293296814,1.0,1.076006293296814,1.0,7.450580596923828e-09,1.0000001192092896,0.9992173910140991,1.0007833242416382,5.086849212646484,1.861429214477539,1.0,1.861429214477539
GCN,320,1501,6,1,7,-1.1976664066314697,1.8310401439666748,3.0287065505981445,0.6396021246910095,0.021951092407107353,-0.0030661781784147024,1.2717121839523315,0.0,0.10837438423645321,0,0.0,0.0034891835310537334,5,1.0002814531326294,0.9996359348297119,1.2243356596549602,1.0,148.01780700683594,1.0,1.2619996070861816,1.0,1.2619996070861816,1.0,1.5914446649389902e-08,1.0000001192092896,0.9996359348297119,1.0002814531326294,5.3954176902771,2.1827187538146973,1.0,2.1827187538146973
GCN,320,1506,2,1,2,-2.2157363891601562,3.400198459625244,5.6159348487854,0.8660253286361694,0.05089077353477478,0.0,0.9392216801643372,0.0,0.10837438423645321,0,0.0,0.0034891835310537334,5,1.001955270767212,0.9980485439300537,0.8992005135073163,1.0,109.27578735351562,1.0,0.9316691160202026,1.0,0.9316691160202026,1.0,6.705522537231445e-08,1.0,0.9980485439300537,1.001955270767212,3.9847800731658936,1.6120448112487793,1.0,1.6120448112487793
GCN,320,1507,0,1,6,-1.2790472507476807,1.6559834480285645,2.935030698776245,0.6708203554153442,0.028268294408917427,0.0,1.2125300168991089,0.0,0.10837438423645321,0,0.0,0.0034891835310537334,5,1.0006039142608643,0.9993966221809387,1.166159309467222,1.0,141.12112426757812,1.0,1.2031928300857544,1.0,1.2031928300857544,1.0,6.052880507922964e-08,1.0,0.9993966221809387,1.0006039142608643,4.536871433258057,2.0811409950256348,1.0,2.0811409950256348
GCN,320,1523,0,1,2,0.06845283508300781,3.6270477771759033,3.5585949420928955,0.8660253286361694,0.05808721482753754,-0.07805012911558151,0.9392216801643372,0.0,0.10837438423645321,0,0.0,0.0034891835310537334,5,0.9969714879989624,0.9974469542503357,0.8992005135073163,1.0,109.27578735351562,1.0,0.9316691160202026,1.0,0.9316691160202026,1.0,3.0719530030864917e-08,1.0,0.9974469542503357,0.9969714879989624,4.093972206115723,1.6120448112487793,1.0,1.6120448112487793
GCN,320,1541,3,1,1,-5.012750625610352,3.1243255138397217,8.137076139450073,0.9486831426620483,0.09069238603115082,0.0,0.8573882579803467,0.0,0.10837438423645321,0,0.0,0.0034891835310537334,5,1.0061967372894287,0.9938413500785828,0.8200823869837026,1.0,99.74270629882812,1.0,0.8503942489624023,1.0,0.8503942489624023,1.0,6.006850128414953e-08,1.0000001192092896,0.9938413500785828,1.0061967372894287,3.7372689247131348,1.4715889692306519,1.0,1.4715889692306519
GCN,320,1546,2,1,5,-5.516915321350098,1.9375674724578857,7.454482793807983,0.7071066498756409,0.025761853903532028,-0.05751637741923332,1.150307059288025,0.0,0.10837438423645321,0,0.0,0.0034891835310537334,5,0.998678982257843,0.9994986653327942,1.1051090585391374,1.0,133.870361328125,1.0,1.1413679122924805,1.0,1.1413679122924805,1.0,6.143906006172983e-08,1.0,0.9994986653327942,0.9986790418624878,4.742837429046631,1.9743437767028809,1.0,1.9743437767028809
GCN,320,1554,3,0,4,-7.380061149597168,-1.2446153163909912,6.135445833206177,0.7499998807907104,0.057508327066898346,0.0,1.084519863128662,0.0,0.10837438423645321,0,0.0,0.0034891835310537334,5,1.002496361732483,0.9975098967552185,1.0407128672118384,1.0,126.20463562011719,1.0,1.076006293296814,1.0,1.076006293296814,1.0,7.450580596923828e-09,1.0000001192092896,0.9975098967552185,1.002496361732483,1.8784433603286743,1.861429214477539,1.0,1.861429214477539
GCN,320,1561,1,1,2,-1.6816589832305908,2.8532590866088867,4.5349180698394775,0.8660253286361694,0.04245861992239952,0.0,0.9392216801643372,0.0,0.10837438423645321,0,0.0,0.0034891835310537334,5,1.0013614892959595,0.9986404180526733,0.8992005135073163,1.0,109.27578735351562,1.0,0.9316691160202026,1.0,0.9316691160202026,1.0,6.705522537231445e-08,1.0,0.9986404180526733,1.0013614892959595,4.093972206115723,1.6120448112487793,1.0,1.6120448112487793
GCN,320,1565,2,1,2,-3.9263832569122314,1.0858795642852783,5.01226282119751,0.8660253286361694,0.12177783250808716,0.0,0.9392216801643372,0.0,0.10837438423645321,0,0.0,0.0034891835310537334,5,1.0111452341079712,0.9889775514602661,0.8992005135073163,1.0,109.27578735351562,1.0,0.9316691160202026,1.0,0.9316691160202026,1.0,6.705522537231445e-08,1.0,0.9889775514602661,1.0111452341079712,1.328260064125061,1.6120448112487793,1.0,1.6120448112487793
GCN,320,1567,3,0,4,-5.688669204711914,-0.006829977035522461,5.681839227676392,0.7499998807907104,0.048893678933382034,0.0,1.084519863128662,0.0,0.10837438423645321,0,0.0,0.0034891835310537334,5,1.0018051862716675,0.9981981515884399,1.0407128672118384,1.0,126.20463562011719,1.0,1.076006293296814,1.0,1.076006293296814,1.0,7.450580596923828e-09,1.0000001192092896,0.9981981515884399,1.0018051862716675,3.0674853324890137,1.861429214477539,1.0,1.861429214477539
GCN,320,1568,2,1,4,-2.876066207885742,3.0973241329193115,5.973390340805054,0.7499998807907104,0.026322316378355026,-0.00445927307009697,1.084519863128662,0.0,0.10837438423645321,0,0.0,0.0034891835310537334,5,1.0003793239593506,0.9994765520095825,1.0407128672118384,1.0,126.20463562011719,1.0,1.076006293296814,1.0,1.076006293296814,1.0,8.33000246558413e-09,1.0000001192092896,0.9994765520095825,1.0003793239593506,4.6012282371521,1.861429214477539,1.0,1.861429214477539
GCN,320,1583,0,1,10,-0.4840579032897949,2.8983829021453857,3.3824408054351807,0.5669466257095337,0.015888851135969162,-0.01873493380844593,1.4346848726272583,0.0,0.10837438423645321,0,0.0,0.0034891835310537334,5,0.9998248815536499,0.999809205532074,1.384979188535478,1.0,167.0106658935547,1.0,1.4239519834518433,1.0,1.4239519834518433,1.0,3.4193618603239884e-08,1.0000001192092896,0.999809205532074,0.9998248815536499,6.416105270385742,2.4624390602111816,1.0,2.4624390602111816
GCN,320,1589,2,1,3,-4.259139060974121,3.1690993309020996,7.428238391876221,0.8017836213111877,0.03290301933884621,-0.004309309646487236,1.0144754648208618,0.0,0.10837438423645321,0,0.0,0.0034891835310537334,5,1.0006437301635742,0.9991825819015503,0.9723540606496855,1.0,118.04334259033203,1.0,1.0064208507537842,1.0,1.0064208507537842,1.0,3.725290298461914e-09,1.0000001192092896,0.9991825819015503,1.0006437301635742,4.865253448486328,1.741207480430603,1.0,1.741207480430603
GCN,320,1591,3,1,1,-5.788482189178467,2.7635107040405273,8.551992893218994,0.9486831426620483,0.07737024128437042,-0.1019594669342041,0.8573882579803467,0.08089875429868698,0.22110647972716937,0,0.0,0.0034891835310537334,5,0.9948119521141052,0.9954659938812256,0.8200823869837026,1.0,99.74270629882812,1.0,0.8503942489624023,1.0,0.8503942489624023,1.0,6.705522537231445e-08,1.0,0.9954659938812256,0.9948119521141052,4.286941051483154,1.4715889692306519,0.9999999403953552,1.4715890884399414
GCN,320,1597,3,1,2,-3.062004804611206,4.049472808837891,7.111477613449097,0.8660253286361694,0.07410874962806702,-0.014098221436142921,0.9392216801643372,0.030064154416322708,0.10837438423645321,0,0.0,0.0034891835310537334,5,1.0028619766235352,0.9958654046058655,0.8992005135073163,1.0,109.27578735351562,1.0,0.9316691160202026,1.0,0.9316691160202026,1.0,6.705522537231445e-08,1.0,0.9958654046058655,1.0028619766235352,4.5043487548828125,1.6120448112487793,1.0,1.6120448112487793
GCN,320,1600,3,1,1,-3.609462261199951,4.143483638763428,7.752945899963379,0.9486831426620483,0.08537032455205917,0.0,0.8573882579803467,0.0,0.10837438423645321,0,0.0,0.0034891835310537334,5,1.0054928064346313,0.9945371747016907,0.8200823869837026,1.0,99.74270629882812,1.0,0.8503942489624023,1.0,0.8503942489624023,1.0,6.006850128414953e-08,1.0000001192092896,0.9945371747016907,1.0054928064346313,3.8343565464019775,1.4715889692306519,1.0,1.4715889692306519
GCN,320,1602,0,1,10,3.8249948024749756,7.123431205749512,3.298436403274536,0.5669466257095337,0.01875675655901432,-0.019438061863183975,1.4346848726272583,0.08434279263019562,0.22735884804850323,0,0.0,0.0034891835310537334,5,0.9998176693916321,0.999734103679657,1.384979188535478,1.0,167.0106658935547,1.0,1.4239519834518433,1.0,1.4239519834518433,1.0,1.5045976908822922e-08,1.0000001192092896,0.999734103679657,0.9998176693916321,6.88050651550293,2.4624390602111816,1.0,2.4624390602111816
GCN,320,1605,3,1,3,-3.7969298362731934,3.137298822402954,6.9342286586761475,0.8017836213111877,0.034807637333869934,0.0,1.0144754648208618,0.0,0.10837438423645321,0,0.0,0.0034891835310537334,5,1.0009151697158813,0.9990857243537903,0.9723540606496855,1.0,118.04334259033203,1.0,1.0064208507537842,1.0,1.0064208507537842,1.0,0.0,1.0000001192092896,0.9990857243537903,1.0009151697158813,4.648910999298096,1.741207480430603,1.0,1.741207480430603
GCN,320,1611,3,1,2,-3.44464373588562,4.251126766204834,7.695770502090454,0.8660253286361694,0.08774266391992569,0.0,0.9392216801643372,0.0,0.10837438423645321,0,0.0,0.0034891835310537334,5,1.0058013200759888,0.9942320585250854,0.8992005135073163,1.0,109.27578735351562,1.0,0.9316691160202026,1.0,0.9316691160202026,1.0,6.705522537231445e-08,1.0,0.9942320585250854,1.0058013200759888,2.3006138801574707,1.6120448112487793,1.0,1.6120448112487793
GCN,320,1628,0,1,17,4.339671611785889,8.450017929077148,4.11034631729126,0.462909996509552,0.013872211799025536,-0.018686281517148018,1.7571229934692383,0.0,0.10837438423645321,0,0.0,0.0034891835310537334,5,0.9998266696929932,0.9998546242713928,1.7041127551566526,1.0,204.59085083007812,1.0,1.7444112300872803,1.0,1.7444112300872803,1.0,6.052880507922964e-08,1.0000001192092896,0.9998546242713928,0.9998266696929932,7.858092308044434,3.015859603881836,1.0,3.015859603881836
GCN,320,1629,2,1,3,-3.103748083114624,4.360109329223633,7.463857412338257,0.8017836213111877,0.040660664439201355,-0.049624036997556686,1.0144754648208618,0.04466484859585762,0.11708980674497915,0,0.0,0.0034891835310537334,5,0.9987680912017822,0.9987497925758362,0.9723540606496855,1.0,118.04334259033203,1.0,1.0064208507537842,1.0,1.0064208507537842,1.0,0.0,1.0000001192092896,0.9987497925758362,0.9987680912017822,5.0723772048950195,1.741207480430603,0.9999999403953552,1.7412075996398926
GCN,320,1632,2,1,3,-4.2109198570251465,3.023350715637207,7.2342705726623535,0.8017836213111877,0.0515323206782341,0.0,1.0144754648208618,0.0,0.10837438423645321,0,0.0,0.0034891835310537334,5,1.0020049810409546,0.9979991912841797,0.9723540606496855,1.0,118.04334259033203,1.0,1.0064208507537842,1.0,1.0064208507537842,1.0,0.0,1.0000001192092896,0.9979991912841797,1.0020049810409546,2.6840498447418213,1.741207480430603,1.0,1.741207480430603
GCN,320,1637,0,1,2,-1.453664779663086,2.187626600265503,3.641291379928589,0.8660253286361694,0.07311322540044785,0.0,0.9392216801643372,0.0,0.10837438423645321,0,0.0,0.0034891835310537334,5,1.0040316581726074,0.9959845542907715,0.8992005135073163,1.0,109.27578735351562,1.0,0.9316691160202026,1.0,0.9316691160202026,1.0,6.705522537231445e-08,1.0,0.9959845542907715,1.0040316581726074,2.656520128250122,1.6120448112487793,1.0,1.6120448112487793
GCN,320,1644,0,1,2,0.5006040930747986,3.9963560104370117,3.495751917362213,0.8660253286361694,0.042852409183979034,0.0,0.9392216801643372,0.0,0.10837438423645321,0,0.0,0.0034891835310537334,5,1.0013867616653442,0.9986151456832886,0.8992005135073163,1.0,109.27578735351562,1.0,0.9316691160202026,1.0,0.9316691160202026,1.0,6.705522537231445e-08,1.0,0.9986151456832886,1.0013867616653442,3.9847800731658936,1.6120448112487793,1.0,1.6120448112487793
GCN,320,1645,3,1,4,-1.637973666191101,1.714715838432312,3.352689504623413,0.7499998807907104,0.03293371945619583,0.0,1.084519863128662,0.0,0.10837438423645321,0,0.0,0.0034891835310537334,5,1.000819444656372,0.99918133020401,1.0407128672118384,1.0,126.20463562011719,1.0,1.076006293296814,1.0,1.076006293296814,1.0,7.450580596923828e-09,1.0000001192092896,0.99918133020401,1.000819444656372,4.6012282371521,1.861429214477539,1.0,1.861429214477539
GCN,320,1653,4,1,5,-4.0966644287109375,3.3134143352508545,7.410078763961792,0.7071066498756409,0.027107518166303635,-0.007055750582367182,1.150307059288025,0.015776662155985832,0.10837438423645321,0,0.0,0.0034891835310537334,5,1.0003201961517334,0.9994449615478516,1.1051090585391374,1.0,133.870361328125,1.0,1.1413679122924805,1.0,1.1413679122924805,1.0,1.5359765015432458e-08,1.0000001192092896,0.9994449615478516,1.0003201961517334,5.271369457244873,1.9743437767028809,1.0,1.9743437767028809
GCN,320,1661,5,1,4,-0.3151538372039795,2.9602267742156982,3.2753806114196777,0.7499998807907104,0.024772167205810547,-0.01216044556349516,1.084519863128662,0.017040744423866272,0.10837438423645321,0,0.0,0.0034891835310537334,5,1.0000934600830078,0.9995362758636475,1.0407128672118384,1.0,126.20463562011719,1.0,1.076006293296814,1.0,1.076006293296814,1.0,8.33000246558413e-09,1.0000001192092896,0.9995362758636475,1.0000934600830078,4.6012282371521,1.861429214477539,1.0,1.861429214477539
GCN,320,1668,2,1,2,-1.4645204544067383,3.190587282180786,4.655107736587524,0.8660253286361694,0.052428293973207474,-0.02425406686961651,0.9392216801643372,0.0,0.10837438423645321,0,0.0,0.0034891835310537334,5,1.0005137920379639,0.9979239702224731,0.8992005135073163,1.0,109.27578735351562,1.0,0.9316691160202026,1.0,0.9316691160202026,1.0,6.869095869888042e-08,1.0,0.9979239702224731,1.0005137920379639,4.601227760314941,1.6120448112487793,1.0,1.6120448112487793
GCN,320,1675,6,1,4,-0.9133805632591248,2.692183494567871,3.605564057826996,0.7499998807907104,0.028180701658129692,0.0,1.084519863128662,0.0,0.10837438423645321,0,0.0,0.0034891835310537334,5,1.000599980354309,0.9994003772735596,1.0407128672118384,1.0,126.20463562011719,1.0,1.076006293296814,1.0,1.076006293296814,1.0,7.450580596923828e-09,1.0000001192092896,0.9994003772735596,1.000599980354309,4.8501200675964355,1.861429214477539,1.0,1.861429214477539
GCN,320,1679,3,1,3,-5.171454429626465,2.2481701374053955,7.41962456703186,0.8017836213111877,0.04936723783612251,-0.02054540440440178,1.0144754648208618,0.0,0.10837438423645321,0,0.0,0.0034891835310537334,5,1.0005947351455688,0.9981594085693359,0.9723540606496855,1.0,118.04334259033203,1.0,1.0064208507537842,1.0,1.0064208507537842,1.0,1.4901161193847656e-08,1.0000001192092896,0.9981594085693359,1.0005947351455688,4.1827898025512695,1.741207480430603,1.0,1.741207480430603
GCN,320,1684,3,1,2,-5.370796203613281,1.8001465797424316,7.170942783355713,0.8660253286361694,0.07073012739419937,0.0,0.9392216801643372,0.0,0.10837438423645321,0,0.0,0.0034891835310537334,5,1.00377357006073,0.9962406158447266,0.8992005135073163,1.0,109.27578735351562,1.0,0.9316691160202026,1.0,0.9316691160202026,1.0,6.705522537231445e-08,1.0,0.9962406158447266,1.00377357006073,3.1150457859039307,1.6120448112487793,1.0,1.6120448112487793
GCN,320,1688,4,1,3,-1.96474027633667,4.845711708068848,6.810451984405518,0.8017836213111877,0.042996279895305634,0.0,1.0144754648208618,0.0,0.10837438423645321,0,0.0,0.0034891835310537334,5,1.0013962984085083,0.9986057281494141,0.9723540606496855,1.0,118.04334259033203,1.0,1.0064208507537842,1.0,1.0064208507537842,1.0,0.0,1.0000001192092896,0.9986057281494141,1.0013962984085083,4.6489105224609375,1.741207480430603,1.0,1.741207480430603
GCN,320,1695,0,1,3,1.6844568252563477,5.002674579620361,3.3182177543640137,0.8017836213111877,0.03938470408320427,0.0,1.0144754648208618,0.0,0.10837438423645321,0,0.0,0.0034891835310537334,5,1.001171588897705,0.9988298416137695,0.9723540606496855,1.0,118.04334259033203,1.0,1.0064208507537842,1.0,1.0064208507537842,1.0,0.0,1.0000001192092896,0.9988298416137695,1.001171588897705,4.1827898025512695,1.741207480430603,1.0,1.741207480430603
GCN,320,1705,1,1,7,-1.9502755403518677,3.3065295219421387,5.256805062294006,0.6396021246910095,0.022932209074497223,0.0,1.2717121839523315,0.0,0.10837438423645321,0,0.0,0.0034891835310537334,5,1.0003974437713623,0.9996028542518616,1.2243356596549602,1.0,148.01780700683594,1.0,1.2619996070861816,1.0,1.2619996070861816,1.0,1.4901161193847656e-08,1.0000001192092896,0.9996028542518616,1.0003974437713623,4.40533971786499,2.1827187538146973,1.0,2.1827187538146973
GCN,320,1707,5,1,1,-2.321279764175415,2.431931734085083,4.753211498260498,0.9486831426620483,0.06727758795022964,0.0,0.8573882579803467,0.0,0.10837438423645321,0,0.0,0.0034891835310537334,5,1.0034148693084717,0.9965968132019043,0.8200823869837026,1.0,99.74270629882812,1.0,0.8503942489624023,1.0,0.8503942489624023,1.0,6.006850128414953e-08,1.0000001192092896,0.9965968132019043,1.0034148693084717,3.929046630859375,1.4715889692306519,1.0,1.4715889692306519
GCN,320,1726,2,1,3,-3.3898866176605225,3.1839230060577393,6.573809623718262,0.8017836213111877,0.029439043253660202,0.0,1.0144754648208618,0.0,0.10837438423645321,0,0.0,0.0034891835310537334,5,1.0006548166275024,0.9993456602096558,0.9723540606496855,1.0,118.04334259033203,1.0,1.0064208507537842,1.0,1.0064208507537842,1.0,0.0,1.0000001192092896,0.9993456602096558,1.0006548166275024,4.7583112716674805,1.741207480430603,1.0,1.741207480430603
GCN,320,1727,2,1,3,-3.8776755332946777,2.7473442554473877,6.625019788742065,0.8017836213111877,0.041580550372600555,-0.034270256757736206,1.0144754648208618,0.0,0.10837438423645321,0,0.0,0.0034891835310537334,5,0.9995546936988831,0.9986928701400757,0.9723540606496855,1.0,118.04334259033203,1.0,1.0064208507537842,1.0,1.0064208507537842,1.0,2.9802322387695312e-08,1.0,0.9986928701400757,0.9995546936988831,3.929046154022217,1.741207480430603,1.0000001192092896,1.741207242012024
GCN,320,1734,2,1,4,-4.401503086090088,2.997483015060425,7.398986101150513,0.7499998807907104,0.049600232392549515,0.0,1.084519863128662,0.0,0.10837438423645321,0,0.0,0.0034891835310537334,5,1.0018575191497803,0.9981459975242615,1.0407128672118384,1.0,126.20463562011719,1.0,1.076006293296814,1.0,1.076006293296814,1.0,7.450580596923828e-09,1.0000001192092896,0.9981459975242615,1.0018575191497803,1.8784433603286743,1.861429214477539,1.0,1.861429214477539
GCN,320,1749,2,1,4,-4.429670810699463,2.8478541374206543,7.277524948120117,0.7499998807907104,0.02372104860842228,-0.045910097658634186,1.084519863128662,0.0,0.10837438423645321,0,0.0,0.0034891835310537334,5,0.9990859627723694,0.9995747804641724,1.0407128672118384,1.0,126.20463562011719,1.0,1.076006293296814,1.0,1.076006293296814,1.0,7.450580596923828e-09,1.0000001192092896,0.9995747804641724,0.9990859627723694,4.727312088012695,1.861429214477539,1.0,1.861429214477539
GCN,320,1752,2,1,3,-4.224764347076416,3.707547187805176,7.932311534881592,0.8017836213111877,0.04047592729330063,-0.0037785270251333714,1.0144754648208618,0.0,0.10837438423645321,0,0.0,0.0034891835310537334,5,1.0010496377944946,0.9987637996673584,0.9723540606496855,1.0,118.04334259033203,1.0,1.0064208507537842,1.0,1.0064208507537842,1.0,0.0,1.0000001192092896,0.9987637996673584,1.0010496377944946,4.057901859283447,1.741207480430603,1.0,1.741207480430603
GCN,320,1753,2,1,3,-3.73258376121521,3.4506170749664307,7.183200836181641,0.8017836213111877,0.03781340271234512,-0.0040445816703140736,1.0144754648208618,0.0,0.10837438423645321,0,0.0,0.0034891835310537334,5,1.000892162322998,0.9989207983016968,0.9723540606496855,1.0,118.04334259033203,1.0,1.0064208507537842,1.0,1.0064208507537842,1.0,0.0,1.0000001192092896,0.9989207983016968,1.000892162322998,4.7583112716674805,1.741207480430603,1.0,1.741207480430603
GCN,320,1760,2,1,2,-2.5437746047973633,3.2432069778442383,5.786981582641602,0.8660253286361694,0.03895721957087517,0.0,0.9392216801643372,0.0,0.10837438423645321,0,0.0,0.0034891835310537334,5,1.0011461973190308,0.9988550543785095,0.8992005135073163,1.0,109.27578735351562,1.0,0.9316691160202026,1.0,0.9316691160202026,1.0,6.705522537231445e-08,1.0,0.9988550543785095,1.0011461973190308,4.200326919555664,1.6120448112487793,1.0,1.6120448112487793
GCN,320,1764,5,1,2,-2.430666208267212,2.6935768127441406,5.1242430210113525,0.8660253286361694,0.04298344999551773,0.0,0.9392216801643372,0.0,0.10837438423645321,0,0.0,0.0034891835310537334,5,1.0013952255249023,0.9986066818237305,0.8992005135073163,1.0,109.27578735351562,1.0,0.9316691160202026,1.0,0.9316691160202026,1.0,6.705522537231445e-08,1.0,0.9986066818237305,1.0013952255249023,4.304054260253906,1.6120448112487793,1.0,1.6120448112487793
GCN,320,1768,1,1,3,-2.4458229541778564,3.312227249145508,5.758050203323364,0.8017836213111877,0.0384545661509037,-0.05635043606162071,1.0144754648208618,0.0904475674033165,0.24820007578628267,0,0.0,0.0034891835310537334,5,0.998452365398407,0.9988819360733032,0.9723540606496855,1.0,118.04334259033203,1.0,1.0064208507537842,1.0,1.0064208507537842,1.0,0.0,1.0000001192092896,0.9988819360733032,0.998452365398407,4.536871910095215,1.741207480430603,1.0,1.741207480430603
GCN,320,1771,1,1,3,-2.4633595943450928,2.9686896800994873,5.43204927444458,0.8017836213111877,0.02847922407090664,0.0,1.0144754648208618,0.0,0.10837438423645321,0,0.0,0.0034891835310537334,5,1.0006128549575806,0.9993876218795776,0.9723540606496855,1.0,118.04334259033203,1.0,1.0064208507537842,1.0,1.0064208507537842,1.0,0.0,1.0000001192092896,0.9993876218795776,1.0006128549575806,4.6489105224609375,1.741207480430603,1.0,1.741207480430603
GCN,320,1777,1,1,5,-3.24837064743042,1.937709093093872,5.186079740524292,0.7071066498756409,0.02049332670867443,0.0,1.150307059288025,0.0,0.10837438423645321,0,0.0,0.0034891835310537334,5,1.0003173351287842,0.9996827840805054,1.1051090585391374,1.0,133.870361328125,1.0,1.1413679122924805,1.0,1.1413679122924805,1.0,1.4901161193847656e-08,1.0000001192092896,0.9996827840805054,1.0003173351287842,5.516678810119629,1.9743437767028809,1.0,1.9743437767028809
GCN,320,1779,1,1,6,-2.5381786823272705,2.230088710784912,4.768267393112183,0.6708203554153442,0.01649351790547371,0.0,1.2125300168991089,0.0,0.10837438423645321,0,0.0,0.0034891835310537334,5,1.000205636024475,0.9997944831848145,1.166159309467222,1.0,141.12112426757812,1.0,1.2031928300857544,1.0,1.2031928300857544,1.0,6.052880507922964e-08,1.0,0.9997944831848145,1.000205636024475,5.14432954788208,2.0811409950256348,1.0,2.0811409950256348
GCN,320,1781,1,1,5,-2.538841724395752,2.6544289588928223,5.193270683288574,0.7071066498756409,0.020358620211482048,0.0,1.150307059288025,0.0,0.10837438423645321,0,0.0,0.0034891835310537334,5,1.00031316280365,0.9996869564056396,1.1051090585391374,1.0,133.870361328125,1.0,1.1413679122924805,1.0,1.1413679122924805,1.0,1.4901161193847656e-08,1.0000001192092896,0.9996869564056396,1.00031316280365,5.271368980407715,1.9743437767028809,1.0,1.9743437767028809
GCN,320,1783,1,1,2,-2.6452713012695312,3.062116861343384,5.707388162612915,0.8660253286361694,0.05284871533513069,0.0,0.9392216801643372,0.0,0.10837438423645321,0,0.0,0.0034891835310537334,5,1.0021083354949951,0.9978960752487183,0.8992005135073163,1.0,109.27578735351562,1.0,0.9316691160202026,1.0,0.9316691160202026,1.0,6.705522537231445e-08,1.0,0.9978960752487183,1.0021083354949951,3.8725101947784424,1.6120448112487793,1.0,1.6120448112487793
GCN,320,1786,1,1,3,-2.744565963745117,3.3576626777648926,6.10222864151001,0.8017836213111877,0.04280943050980568,-0.14467501640319824,1.0144754648208618,0.22723962366580963,0.7459264873057977,1,0.0,0.0034891835310537334,5,0.9937511682510376,0.9986259341239929,0.9723540606496855,1.0,118.04334259033203,1.0,1.0064208507537842,1.0,1.0064208507537842,1.0,0.0,1.0000001192092896,0.9986259341239929,0.9937511682510376,4.536871910095215,1.741207480430603,1.0,1.741207480430603
GCN,320,1794,4,1,4,-2.2290802001953125,3.4632275104522705,5.692307710647583,0.7499998807907104,0.032362084835767746,-0.016533197835087776,1.084519863128662,0.0,0.10837438423645321,0,0.0,0.0034891835310537334,5,1.000133752822876,0.9992086291313171,1.0407128672118384,1.0,126.20463562011719,1.0,1.076006293296814,1.0,1.076006293296814,1.0,7.450580596923828e-09,1.0000001192092896,0.9992086291313171,1.000133752822876,5.529987335205078,1.861429214477539,1.0,1.861429214477539
GCN,320,1803,0,1,4,-0.00484311580657959,2.8995144367218018,2.9043575525283813,0.7499998807907104,0.03411750867962837,0.0,1.084519863128662,0.0,0.10837438423645321,0,0.0,0.0034891835310537334,5,1.0008792877197266,0.9991215467453003,1.0407128672118384,1.0,126.20463562011719,1.0,1.076006293296814,1.0,1.076006293296814,1.0,7.450580596923828e-09,1.0000001192092896,0.9991215467453003,1.0008792877197266,5.086849212646484,1.861429214477539,1.0,1.861429214477539
GCN,320,1807,3,1,5,-3.5401875972747803,2.8581860065460205,6.398373603820801,0.7071066498756409,0.027405831962823868,0.0,1.150307059288025,0.0,0.10837438423645321,0,0.0,0.0034891835310537334,5,1.0005674362182617,0.9994329214096069,1.1051090585391374,1.0,133.870361328125,1.0,1.1413679122924805,1.0,1.1413679122924805,1.0,1.4901161193847656e-08,1.0000001192092896,0.9994329214096069,1.0005674362182617,2.8176653385162354,1.9743437767028809,1.0,1.9743437767028809
GCN,320,1809,3,1,3,-3.769704818725586,3.521123170852661,7.290827989578247,0.8017836213111877,0.030296210199594498,-0.12336252629756927,1.0144754648208618,0.1744127720594406,0.5939749905267147,1,0.0,0.0034891835310537334,5,0.9960911870002747,0.9993113279342651,0.9723540606496855,1.0,118.04334259033203,1.0,1.0064208507537842,1.0,1.0064208507537842,1.0,0.0,1.0000001192092896,0.9993113279342651,0.9960911870002747,5.0723772048950195,1.741207480430603,1.0,1.741207480430603
GCN,320,1810,3,0,44,-9.116467475891113,-3.7005622386932373,5.415905237197876,0.3061861991882324,0.007939251139760017,-0.02324855327606201,2.656520128250122,0.0,0.10837438423645321,0,0.0,0.0034891835310537334,5,0.9998207688331604,0.9999524354934692,2.5986078570062525,1.0,309.4266662597656,1.0,2.638422727584839,1.0,2.638422727584839,1.0,2.1078568224197625e-08,1.0000001192092896,0.9999524354934692,0.9998207688331604,11.57950210571289,4.559551239013672,1.0,4.559551239013672
GCN,320,1817,3,1,2,-3.133315324783325,3.4916419982910156,6.624957323074341,0.8660253286361694,0.040711306035518646,0.0,0.9392216801643372,0.0,0.10837438423645321,0,0.0,0.0034891835310537334,5,1.0012518167495728,0.9987497925758362,0.8992005135073163,1.0,109.27578735351562,1.0,0.9316691160202026,1.0,0.9316691160202026,1.0,6.705522537231445e-08,1.0,0.9987497925758362,1.0012518167495728,4.093972682952881,1.6120448112487793,1.0,1.6120448112487793
GCN,320,1822,3,1,2,-5.425795555114746,1.7078187465667725,7.1336143016815186,0.8660253286361694,0.04931676387786865,0.0,0.9392216801643372,0.0,0.10837438423645321,0,0.0,0.0034891835310537334,5,1.0018362998962402,0.9981670379638672,0.8992005135073163,1.0,109.27578735351562,1.0,0.9316691160202026,1.0,0.9316691160202026,1.0,6.705522537231445e-08,1.0,0.9981670379638672,1.0018362998962402,4.504349231719971,1.6120448112487793,1.0,1.6120448112487793
GCN,320,1825,5,1,4,-3.5112087726593018,1.6812958717346191,5.192504644393921,0.7499998807907104,0.026812797412276268,-0.08817124366760254,1.084519863128662,0.0,0.10837438423645321,0,0.0,0.0034891835310537334,5,0.9976340532302856,0.9994583129882812,1.0407128672118384,1.0,126.20463562011719,1.0,1.076006293296814,1.0,1.076006293296814,1.0,3.0719530030864917e-08,1.0,0.9994583129882812,0.9976340532302856,4.6012282371521,1.861429214477539,1.0,1.861429214477539
GCN,320,1829,5,1,5,-2.4237873554229736,2.4306063652038574,4.854393720626831,0.7071066498756409,0.027531038969755173,-0.017012443393468857,1.150307059288025,0.0,0.10837438423645321,0,0.0,0.0034891835310537334,5,0.9999970197677612,0.9994272589683533,1.1051090585391374,1.0,133.870361328125,1.0,1.1413679122924805,1.0,1.1413679122924805,1.0,0.0,1.0000001192092896,0.9994272589683533,0.9999970197677612,5.395418167114258,1.9743437767028809,1.0,1.9743437767028809
GCN,320,1836,6,1,2,-1.7721185684204102,1.9179837703704834,3.6901023387908936,0.8660253286361694,0.05269947648048401,-0.005151493940502405,0.9392216801643372,0.0,0.10837438423645321,0,0.0,0.0034891835310537334,5,1.0017634630203247,0.9979064464569092,0.8992005135073163,1.0,109.27578735351562,1.0,0.9316691160202026,1.0,0.9316691160202026,1.0,6.708108912789612e-08,1.0,0.9979064464569092,1.0017634630203247,4.093972206115723,1.6120448112487793,1.0,1.6120448112487793
GCN,320,1838,0,1,4,2.2672946453094482,5.064608573913574,2.797313928604126,0.7499998807907104,0.02996130846440792,-0.07300977408885956,1.084519863128662,0.11973102390766144,0.39674118984463813,1,0.0,0.0034891835310537334,5,0.9979870915412903,0.9993222951889038,1.0407128672118384,1.0,126.20463562011719,1.0,1.076006293296814,1.0,1.076006293296814,1.0,3.3527612686157227e-08,1.0,0.9993222951889038,0.9979870915412903,4.9698944091796875,1.861429214477539,1.0,1.861429214477539
GCN,320,1841,0,1,5,2.873358726501465,5.726384162902832,2.853025436401367,0.7071066498756409,0.02428826317191124,0.0,1.150307059288025,0.0,0.10837438423645321,0,0.0,0.0034891835310537334,5,1.0004457235336304,0.9995545148849487,1.1051090585391374,1.0,133.870361328125,1.0,1.1413679122924805,1.0,1.1413679122924805,1.0,1.4901161193847656e-08,1.0000001192092896,0.9995545148849487,1.0004457235336304,5.271369457244873,1.9743437767028809,1.0,1.9743437767028809
GCN,320,1845,5,1,2,0.28374719619750977,3.5872085094451904,3.3034613132476807,0.8660253286361694,0.04723455011844635,0.0,0.9392216801643372,0.0,0.10837438423645321,0,0.0,0.0034891835310537334,5,1.0016846656799316,0.9983181953430176,0.8992005135073163,1.0,109.27578735351562,1.0,0.9316691160202026,1.0,0.9316691160202026,1.0,6.705522537231445e-08,1.0,0.9983181953430176,1.0016846656799316,4.093972206115723,1.6120448112487793,1.0,1.6120448112487793
GCN,320,1852,3,1,2,-2.6408934593200684,3.2357664108276367,5.876659870147705,0.8660253286361694,0.04241049662232399,0.0,0.9392216801643372,0.0,0.10837438423645321,0,0.0,0.0034891835310537334,5,1.0013582706451416,0.9986435174942017,0.8992005135073163,1.0,109.27578735351562,1.0,0.9316691160202026,1.0,0.9316691160202026,1.0,6.705522537231445e-08,1.0,0.9986435174942017,1.0013582706451416,3.8725099563598633,1.6120448112487793,1.0,1.6120448112487793
GCN,320,1853,3,1,1,-3.0343523025512695,3.409533977508545,6.4438862800598145,0.9486831426620483,0.07529958337545395,-0.018002523109316826,0.8573882579803467,0.018074436113238335,0.10837438423645321,0,0.0,0.0034891835310537334,5,1.0026150941848755,0.9957295656204224,0.8200823869837026,1.0,99.74270629882812,1.0,0.8503942489624023,1.0,0.8503942489624023,1.0,6.018390763529169e-08,1.0000001192092896,0.9957295656204224,1.0026150941848755,3.4295530319213867,1.4715889692306519,1.0,1.4715889692306519
GCN,320,1858,3,1,2,-3.7297377586364746,3.6863794326782227,7.416117191314697,0.8660253286361694,0.04219500720500946,0.0,0.9392216801643372,0.0,0.10837438423645321,0,0.0,0.0034891835310537334,5,1.0013445615768433,0.9986572265625,0.8992005135073163,1.0,109.27578735351562,1.0,0.9316691160202026,1.0,0.9316691160202026,1.0,6.705522537231445e-08,1.0,0.9986572265625,1.0013445615768433,4.40533971786499,1.6120448112487793,1.0,1.6120448112487793
GCN,320,1862,3,1,4,-6.49845027923584,0.570606529712677,7.069056808948517,0.7499998807907104,0.03824695572257042,-0.07894592732191086,1.084519863128662,0.1044398620724678,0.34444865479348236,1,0.0,0.0034891835310537334,5,0.9973899126052856,0.9988951086997986,1.0407128672118384,1.0,126.20463562011719,1.0,1.076006293296814,1.0,1.076006293296814,1.0,3.0719530030864917e-08,1.0,0.9988950490951538,0.9973899126052856,4.200326919555664,1.861429214477539,1.0000001192092896,1.86142897605896
GCN,320,1866,3,1,2,-4.4088263511657715,2.842010498046875,7.2508368492126465,0.8660253286361694,0.050968583673238754,-0.013134040869772434,0.9392216801643372,0.017040744423866272,0.10837438423645321,0,0.0,0.0034891835310537334,5,1.001139521598816,0.9980396628379822,0.8992005135073163,1.0,109.27578735351562,1.0,0.9316691160202026,1.0,0.9316691160202026,1.0,6.715862355122226e-08,1.0,0.9980396628379822,1.001139521598816,3.9847800731658936,1.6120448112487793,1.0,1.6120448112487793
GCN,320,1870,3,1,4,-4.347335338592529,2.3619544506073,6.709289789199829,0.7499998807907104,0.035886626690626144,0.0,1.084519863128662,0.0,0.10837438423645321,0,0.0,0.0034891835310537334,5,1.000972867012024,0.999028205871582,1.0407128672118384,1.0,126.20463562011719,1.0,1.076006293296814,1.0,1.076006293296814,1.0,7.450580596923828e-09,1.0000001192092896,0.999028205871582,1.000972867012024,2.656520128250122,1.861429214477539,1.0,1.861429214477539
GCN,320,1872,3,1,1,-2.8877646923065186,3.8639633655548096,6.751728057861328,0.9486831426620483,0.06322353333234787,0.0,0.8573882579803467,0.0,0.10837438423645321,0,0.0,0.0034891835310537334,5,1.0030162334442139,0.996992826461792,0.8200823869837026,1.0,99.74270629882812,1.0,0.8503942489624023,1.0,0.8503942489624023,1.0,6.006850128414953e-08,1.0000001192092896,0.996992826461792,1.0030162334442139,4.111889362335205,1.4715889692306519,1.0,1.4715889692306519
GCN,320,1878,5,1,3,-1.8588021993637085,2.730339288711548,4.589141488075256,0.8017836213111877,0.03861081600189209,0.0,1.0144754648208618,0.0,0.10837438423645321,0,0.0,0.0034891835310537334,5,1.0011260509490967,0.9988752603530884,0.9723540606496855,1.0,118.04334259033203,1.0,1.0064208507537842,1.0,1.0064208507537842,1.0,0.0,1.0000001192092896,0.9988752603530884,1.0011260509490967,4.9698944091796875,1.741207480430603,1.0,1.741207480430603
GCN,320,1879,5,1,4,-0.3834855556488037,3.0833981037139893,3.466883659362793,0.7499998807907104,0.02803422138094902,-0.004320821724832058,1.084519863128662,0.0,0.10837438423645321,0,0.0,0.0034891835310537334,5,1.000445008277893,0.9994064569473267,1.0407128672118384,1.0,126.20463562011719,1.0,1.076006293296814,1.0,1.076006293296814,1.0,7.450580596923828e-09,1.0000001192092896,0.9994064569473267,1.000445008277893,3.910291910171509,1.861429214477539,1.0,1.861429214477539
GCN,320,1881,5,1,5,-4.118645668029785,0.8551017642021179,4.973747432231903,0.7071066498756409,0.03032173030078411,-0.01862216927111149,1.150307059288025,0.0,0.10837438423645321,0,0.0,0.0034891835310537334,5,1.0000007152557373,0.9993051290512085,1.1051090585391374,1.0,133.870361328125,1.0,1.1413679122924805,1.0,1.1413679122924805,1.0,3.3527612686157227e-08,1.0,0.9993051290512085,1.0000007152557373,4.742837429046631,1.9743437767028809,1.0,1.9743437767028809
GCN,320,1891,4,1,3,-1.8614544868469238,4.294198989868164,6.155653476715088,0.8017836213111877,0.03477390855550766,0.0,1.0144754648208618,0.0,0.10837438423645321,0,0.0,0.0034891835310537334,5,1.000913381576538,0.9990875124931335,0.9723540606496855,1.0,118.04334259033203,1.0,1.0064208507537842,1.0,1.0064208507537842,1.0,0.0,1.0000001192092896,0.9990875124931335,1.000913381576538,3.929046154022217,1.741207480430603,1.0,1.741207480430603
GCN,320,1899,5,1,5,-2.059636116027832,2.571110725402832,4.630746841430664,0.7071066498756409,0.03274163976311684,-0.012321190908551216,1.150307059288025,0.0,0.10837438423645321,0,0.0,0.0034891835310537334,5,1.0003141164779663,0.9991902112960815,1.1051090585391374,1.0,133.870361328125,1.0,1.1413679122924805,1.0,1.1413679122924805,1.0,0.0,1.0000001192092896,0.9991902112960815,1.0003141164779663,5.395418167114258,1.9743437767028809,1.0,1.9743437767028809
GCN,320,1901,5,1,6,-4.031370162963867,0.4420297145843506,4.473399877548218,0.6708203554153442,0.02412213757634163,-0.007926142774522305,1.2125300168991089,0.0,0.10837438423645321,0,0.0,0.0034891835310537334,5,1.0002048015594482,0.9995603561401367,1.166159309467222,1.0,141.12112426757812,1.0,1.2031928300857544,1.0,1.2031928300857544,1.0,6.233602789507131e-08,1.0,0.9995603561401367,1.0002048015594482,5.556510925292969,2.0811409950256348,1.0,2.0811409950256348
GCN,320,1904,5,1,3,-3.4090144634246826,1.0772008895874023,4.486215353012085,0.8017836213111877,0.03409658744931221,-0.008189139887690544,1.0144754648208618,0.0,0.10837438423645321,0,0.0,0.0034891835310537334,5,1.000535249710083,0.9991220235824585,0.9723540606496855,1.0,118.04334259033203,1.0,1.0064208507537842,1.0,1.0064208507537842,1.0,0.0,1.0000001192092896,0.9991220235824585,1.000535249710083,4.7583112716674805,1.741207480430603,1.0,1.741207480430603
GCN,320,1906,4,1,5,-1.2450642585754395,4.673768997192383,5.918833255767822,0.7071066498756409,0.022715983912348747,-0.02192159742116928,1.150307059288025,0.0,0.10837438423645321,0,0.0,0.0034891835310537334,5,0.9997777342796326,0.9996100068092346,1.1051090585391374,1.0,133.870361328125,1.0,1.1413679122924805,1.0,1.1413679122924805,1.0,3.3372032248735195e-08,1.0,0.9996099472045898,0.9997777342796326,5.144329071044922,1.9743437767028809,1.0,1.9743437767028809
GCN,320,1909,0,1,6,0.3270254135131836,4.71941614151001,4.392390727996826,0.6708203554153442,0.02229304611682892,0.0,1.2125300168991089,0.0,0.10837438423645321,0,0.0,0.0034891835310537334,5,1.0003756284713745,0.9996246099472046,1.166159309467222,1.0,141.12112426757812,1.0,1.2031928300857544,1.0,1.2031928300857544,1.0,6.052880507922964e-08,1.0,0.9996246099472046,1.0003756284713745,5.422598838806152,2.0811409950256348,1.0,2.0811409950256348
GCN,320,1911,5,1,4,-0.654578447341919,3.19851016998291,3.853088617324829,0.7499998807907104,0.03258530795574188,0.0,1.084519863128662,0.0,0.10837438423645321,0,0.0,0.0034891835310537334,5,1.0008021593093872,0.9991984963417053,1.0407128672118384,1.0,126.20463562011719,1.0,1.076006293296814,1.0,1.076006293296814,1.0,7.450580596923828e-09,1.0000001192092896,0.9991984963417053,1.0008021593093872,4.9698944091796875,1.861429214477539,1.0,1.861429214477539
GCN,320,1913,0,1,4,1.9274914264678955,5.265458583831787,3.3379671573638916,0.7499998807907104,0.026215925812721252,0.0,1.084519863128662,0.0,0.10837438423645321,0,0.0,0.0034891835310537334,5,1.0005192756652832,0.9994809627532959,1.0407128672118384,1.0,126.20463562011719,1.0,1.076006293296814,1.0,1.076006293296814,1.0,7.450580596923828e-09,1.0000001192092896,0.9994809627532959,1.0005192756652832,5.201174259185791,1.861429214477539,1.0,1.861429214477539
GCN,320,1916,6,1,3,-0.28549230098724365,3.342773914337158,3.628266215324402,0.8017836213111877,0.0381162203848362,0.0,1.0144754648208618,0.0,0.10837438423645321,0,0.0,0.0034891835310537334,5,1.0010974407196045,0.9989038109779358,0.9723540606496855,1.0,118.04334259033203,1.0,1.0064208507537842,1.0,1.0064208507537842,1.0,0.0,1.0000001192092896,0.9989038109779358,1.0010974407196045,4.421995639801025,1.741207480430603,1.0,1.741207480430603
GCN,320,1918,6,1,2,-0.6964066028594971,3.055413007736206,3.751819610595703,0.8660253286361694,0.09712883830070496,0.0,0.9392216801643372,0.0,0.10837438423645321,0,0.0,0.0034891835310537334,5,1.0071043968200684,0.9929457306861877,0.8992005135073163,1.0,109.27578735351562,1.0,0.9316691160202026,1.0,0.9316691160202026,1.0,6.705522537231445e-08,1.0,0.9929457306861877,1.0071043968200684,2.100163459777832,1.6120448112487793,1.0,1.6120448112487793
GCN,320,1920,0,1,6,-0.4474506378173828,2.4179344177246094,2.865385055541992,0.6708203554153442,0.023431697860360146,-0.0947934165596962,1.2125300168991089,0.19029997289180756,0.6371731716559302,1,0.0,0.0034891835310537334,5,0.9976816773414612,0.999586820602417,1.166159309467222,1.0,141.12112426757812,1.0,1.2031928300857544,1.0,1.2031928300857544,1.0,6.064333035737945e-08,1.0,0.999586820602417,0.9976816773414612,5.556510925292969,2.0811409950256348,1.0,2.0811409950256348
GCN,320,1925,0,1,3,0.3278466463088989,4.587604522705078,4.259757876396179,0.8017836213111877,0.033570628613233566,-0.030467145144939423,1.0144754648208618,0.0,0.10837438423645321,0,0.0,0.0034891835310537334,5,0.9995942711830139,0.9991480112075806,0.9723540606496855,1.0,118.04334259033203,1.0,1.0064208507537842,1.0,1.0064208507537842,1.0,3.725290298461914e-09,1.0000001192092896,0.9991480112075806,0.9995942711830139,4.421995639801025,1.741207480430603,1.0,1.741207480430603
GCN,320,1931,3,1,3,-3.1044492721557617,3.8045942783355713,6.909043550491333,0.8017836213111877,0.02676834538578987,0.0,1.0144754648208618,0.0,0.10837438423645321,0,0.0,0.0034891835310537334,5,1.0005414485931396,0.999458909034729,0.9723540606496855,1.0,118.04334259033203,1.0,1.0064208507537842,1.0,1.0064208507537842,1.0,0.0,1.0000001192092896,0.999458909034729,1.0005414485931396,4.6489105224609375,1.741207480430603,1.0,1.741207480430603
GCN,320,1932,3,1,3,-3.218463897705078,3.622060537338257,6.840524435043335,0.8017836213111877,0.03759780898690224,0.0,1.0144754648208618,0.0,0.10837438423645321,0,0.0,0.0034891835310537334,5,1.001067876815796,0.9989333748817444,0.9723540606496855,1.0,118.04334259033203,1.0,1.0064208507537842,1.0,1.0064208507537842,1.0,0.0,1.0000001192092896,0.9989333748817444,1.001067876815796,4.421995639801025,1.741207480430603,1.0,1.741207480430603
GCN,320,1936,3,1,5,-3.8045194149017334,2.27166485786438,6.076184272766113,0.7071066498756409,0.024816513061523438,0.0,1.150307059288025,0.0,0.10837438423645321,0,0.0,0.0034891835310537334,5,1.0004653930664062,0.9995349049568176,1.1051090585391374,1.0,133.870361328125,1.0,1.1413679122924805,1.0,1.1413679122924805,1.0,1.5017125321037383e-08,1.0000001192092896,0.9995349049568176,1.0004653930664062,4.742837429046631,1.9743437767028809,1.0,1.9743437767028809
GCN,320,1938,3,1,1,-3.443216323852539,4.0426716804504395,7.4858880043029785,0.9486831426620483,0.09287750720977783,0.0,0.8573882579803467,0.0,0.10837438423645321,0,0.0,0.0034891835310537334,5,1.006498098373413,0.9935439229011536,0.8200823869837026,1.0,99.74270629882812,1.0,0.8503942489624023,1.0,0.8503942489624023,1.0,6.006850128414953e-08,1.0000001192092896,0.9935439229011536,1.006498098373413,3.320650577545166,1.4715889692306519,1.0000001192092896,1.4715888500213623
GCN,320,1942,3,1,3,-3.3573782444000244,4.0972819328308105,7.454660177230835,0.8017836213111877,0.03432358801364899,-0.052633706480264664,1.0144754648208618,0.054164089262485504,0.1856763925729443,0,0.0,0.0034891835310537334,5,0.9986684322357178,0.9991093873977661,0.9723540606496855,1.0,118.04334259033203,1.0,1.0064208507537842,1.0,1.0064208507537842,1.0,7.450580596923828e-09,1.0000001192092896,0.9991093873977661,0.9986684322357178,4.182789325714111,1.741207480430603,1.0,1.741207480430603
GCN,320,1947,3,1,4,-5.230953216552734,1.066248893737793,6.297202110290527,0.7499998807907104,0.028092721477150917,-0.004794941283762455,1.084519863128662,0.0,0.10837438423645321,0,0.0,0.0034891835310537334,5,1.0004308223724365,0.9994039535522461,1.0407128672118384,1.0,126.20463562011719,1.0,1.076006293296814,1.0,1.076006293296814,1.0,7.450580596923828e-09,1.0000001192092896,0.9994039535522461,1.0004308223724365,4.727312088012695,1.861429214477539,1.0,1.861429214477539
GCN,320,1959,5,0,5,-4.960067272186279,-0.0815887451171875,4.878478527069092,0.7071066498756409,0.02964317612349987,-0.018144803121685982,1.150307059288025,0.0,0.10837438423645321,0,0.0,0.0034891835310537334,5,1.0000029802322388,0.9993358850479126,1.1051090585391374,1.0,133.870361328125,1.0,1.1413679122924805,1.0,1.1413679122924805,1.0,3.332000986233652e-08,1.0,0.9993358850479126,1.0000029802322388,5.271368980407715,1.9743437767028809,1.0,1.9743437767028809
GCN,320,1961,5,1,3,-3.57448410987854,2.19679856300354,5.77128267288208,0.8017836213111877,0.03412124142050743,0.0,1.0144754648208618,0.0,0.10837438423645321,0,0.0,0.0034891835310537334,5,1.0008795261383057,0.9991213083267212,0.9723540606496855,1.0,118.04334259033203,1.0,1.0064208507537842,1.0,1.0064208507537842,1.0,0.0,1.0000001192092896,0.9991213083267212,1.0008795261383057,4.9698944091796875,1.741207480430603,1.0,1.741207480430603
GCN,320,1962,5,1,3,-2.869088888168335,2.498267412185669,5.367356300354004,0.8017836213111877,0.0409243181347847,0.0,1.0144754648208618,0.0,0.10837438423645321,0,0.0,0.0034891835310537334,5,1.0012649297714233,0.9987367391586304,0.9723540606496855,1.0,118.04334259033203,1.0,1.0064208507537842,1.0,1.0064208507537842,1.0,0.0,1.0000001192092896,0.9987367391586304,1.0012649297714233,4.9698944091796875,1.741207480430603,1.0,1.741207480430603
GCN,320,1969,4,1,3,-2.9520936012268066,4.771681308746338,7.7237749099731445,0.8017836213111877,0.042418550699949265,0.0,1.0144754648208618,0.0,0.10837438423645321,0,0.0,0.0034891835310537334,5,1.001358985900879,0.9986429810523987,0.9723540606496855,1.0,118.04334259033203,1.0,1.0064208507537842,1.0,1.0064208507537842,1.0,5.26835597369768e-09,1.0000001192092896,0.9986429810523987,1.001358985900879,4.1827898025512695,1.741207480430603,1.0,1.741207480430603
GCN,320,1972,6,1,3,-0.9761579632759094,2.2942984104156494,3.270456373691559,0.8017836213111877,0.03172735869884491,0.0,1.0144754648208618,0.0,0.10837438423645321,0,0.0,0.0034891835310537334,5,1.0007604360580444,0.9992401599884033,0.9723540606496855,1.0,118.04334259033203,1.0,1.0064208507537842,1.0,1.0064208507537842,1.0,0.0,1.0000001192092896,0.9992401599884033,1.0007604360580444,4.865253448486328,1.741207480430603,1.0,1.741207480430603
GCN,320,1977,3,1,2,0.11793553829193115,3.284701108932495,3.166765570640564,0.8660253286361694,0.04147058352828026,0.0,0.9392216801643372,0.0,0.10837438423645321,0,0.0,0.0034891835310537334,5,1.0012989044189453,0.998702883720398,0.8992005135073163,1.0,109.27578735351562,1.0,0.9316691160202026,1.0,0.9316691160202026,1.0,6.705522537231445e-08,1.0,0.998702883720398,1.0012989044189453,4.304054260253906,1.6120448112487793,1.0,1.6120448112487793
GCN,320,1983,0,1,4,0.199853777885437,4.377117156982422,4.177263379096985,0.7499998807907104,0.02255108952522278,-0.06405989825725555,1.084519863128662,0.08826780319213867,0.23796892762410005,0,0.0,0.0034891835310537334,5,0.998607337474823,0.9996161460876465,1.0407128672118384,1.0,126.20463562011719,1.0,1.076006293296814,1.0,1.076006293296814,1.0,7.450580596923828e-09,1.0000001192092896,0.9996161460876465,0.998607337474823,4.9698944091796875,1.861429214477539,1.0,1.861429214477539
GCN,320,1996,3,0,5,-8.258893966674805,-1.7852742671966553,6.473619699478149,0.7071066498756409,0.035515155643224716,-0.0038125852588564157,1.150307059288025,0.0,0.10837438423645321,0,0.0,0.0034891835310537334,5,1.000786542892456,0.9990478754043579,1.1051090585391374,1.0,133.870361328125,1.0,1.1413679122924805,1.0,1.1413679122924805,1.0,1.4901161193847656e-08,1.0000001192092896,0.9990478754043579,1.000786542892456,3.9847803115844727,1.9743437767028809,1.0,1.9743437767028809
GCN,320,2004,3,1,4,-5.568102836608887,1.1894519329071045,6.757554769515991,0.7499998807907104,0.029339484870433807,0.0,1.084519863128662,0.0,0.10837438423645321,0,0.0,0.0034891835310537334,5,1.000650405883789,0.9993501901626587,1.0407128672118384,1.0,126.20463562011719,1.0,1.076006293296814,1.0,1.076006293296814,1.0,7.450580596923828e-09,1.0000001192092896,0.9993501901626587,1.000650405883789,4.9698944091796875,1.861429214477539,1.0,1.861429214477539
GCN,320,2006,3,1,3,-6.138248443603516,1.345242977142334,7.48349142074585,0.8017836213111877,0.043684832751750946,0.0,1.0144754648208618,0.0,0.10837438423645321,0,0.0,0.0034891835310537334,5,1.001441240310669,0.998560905456543,0.9723540606496855,1.0,118.04334259033203,1.0,1.0064208507537842,1.0,1.0064208507537842,1.0,0.0,1.0000001192092896,0.998560905456543,1.001441240310669,4.6489105224609375,1.741207480430603,1.0,1.741207480430603
GCN,320,2010,0,1,4,0.18380355834960938,3.1598596572875977,2.9760560989379883,0.7499998807907104,0.028498560190200806,-0.004409189336001873,1.084519863128662,0.0,0.10837438423645321,0,0.0,0.0034891835310537334,5,1.0004593133926392,0.9993865489959717,1.0407128672118384,1.0,126.20463562011719,1.0,1.076006293296814,1.0,1.076006293296814,1.0,8.33000246558413e-09,1.0000001192092896,0.9993865489959717,1.0004593133926392,4.9698944091796875,1.861429214477539,1.0,1.861429214477539
GCN,320,2011,3,1,3,-1.7560957670211792,3.844207763671875,5.600303530693054,0.8017836213111877,0.028305912390351295,-0.057641953229904175,1.0144754648208618,0.0,0.10837438423645321,0,0.0,0.0034891835310537334,5,0.9985986351966858,0.9993947148323059,0.9723540606496855,1.0,118.04334259033203,1.0,1.0064208507537842,1.0,1.0064208507537842,1.0,2.9802322387695312e-08,1.0,0.9993947148323059,0.9985986351966858,4.9698944091796875,1.741207480430603,1.0,1.741207480430603
GCN,320,2014,3,1,2,0.45251786708831787,3.6946802139282227,3.242162346839905,0.8660253286361694,0.04926475137472153,0.0,0.9392216801643372,0.0,0.10837438423645321,0,0.0,0.0034891835310537334,5,1.0018324851989746,0.9981708526611328,0.8992005135073163,1.0,109.27578735351562,1.0,0.9316691160202026,1.0,0.9316691160202026,1.0,6.705522537231445e-08,1.0,0.9981708526611328,1.0018324851989746,3.386411666870117,1.6120448112487793,1.0,1.6120448112487793
GCN,320,2015,6,1,3,0.39603185653686523,3.290696382522583,2.8946645259857178,0.8017836213111877,0.027811937034130096,0.0,1.0144754648208618,0.0,0.10837438423645321,0,0.0,0.0034891835310537334,5,1.0005844831466675,0.999415934085846,0.9723540606496855,1.0,118.04334259033203,1.0,1.0064208507537842,1.0,1.0064208507537842,1.0,0.0,1.0000001192092896,0.999415934085846,1.0005844831466675,5.172829627990723,1.741207480430603,1.0000001192092896,1.741207242012024
GCN,320,2019,0,1,2,-0.1694420576095581,2.6966190338134766,2.8660610914230347,0.8660253286361694,0.0535748191177845,-0.011328076012432575,0.9392216801643372,0.0,0.10837438423645321,0,0.0,0.0034891835310537334,5,1.0014219284057617,0.9978349804878235,0.8992005135073163,1.0,109.27578735351562,1.0,0.9316691160202026,1.0,0.9316691160202026,1.0,6.869095869888042e-08,1.0,0.9978349804878235,1.0014219284057617,3.253559112548828,1.6120448112487793,1.0,1.6120448112487793
GCN,320,2038,3,1,2,-2.0582633018493652,5.0125346183776855,7.070797920227051,0.8660253286361694,0.05329085513949394,-0.006759187206625938,0.9392216801643372,0.0,0.10837438423645321,0,0.0,0.0034891835310537334,5,1.001701831817627,0.997859001159668,0.8992005135073163,1.0,109.27578735351562,1.0,0.9316691160202026,1.0,0.9316691160202026,1.0,6.705522537231445e-08,1.0,0.997859001159668,1.001701831817627,4.304054260253906,1.6120448112487793,1.0,1.6120448112487793
GCN,320,2043,4,1,2,-2.060317039489746,4.9567179679870605,7.017035007476807,0.8660253286361694,0.05481059476733208,0.0,0.9392216801643372,0.0,0.10837438423645321,0,0.0,0.0034891835310537334,5,1.002267837524414,0.9977372884750366,0.8992005135073163,1.0,109.27578735351562,1.0,0.9316691160202026,1.0,0.9316691160202026,1.0,6.705522537231445e-08,1.0,0.9977372884750366,1.002267837524414,3.5142457485198975,1.6120448112487793,1.0,1.6120448112487793
GCN,320,2045,1,1,32,-3.4685592651367188,0.5143852233886719,3.9829444885253906,0.35355332493782043,0.00851411558687687,-0.06198246777057648,2.30061411857605,0.0,0.10837438423645321,0,0.0,0.0034891835310537334,5,0.9994058609008789,0.9999454021453857,2.2441732405906096,1.0,267.94024658203125,1.0,2.2846333980560303,1.0,2.2846333980560303,1.0,1.129168580860096e-08,1.0000001192092896,0.9999454021453857,0.9994058609008789,10.542738914489746,3.9486875534057617,1.0,3.9486875534057617
GCN,320,2051,0,1,3,0.8739391565322876,3.959770917892456,3.0858317613601685,0.8017836213111877,0.03236551210284233,-0.05856287479400635,1.0144754648208618,0.0,0.10837438423645321,0,0.0,0.0034891835310537334,5,0.9984601736068726,0.999208390712738,0.9723540606496855,1.0,118.04334259033203,1.0,1.0064208507537842,1.0,1.0064208507537842,1.0,3.725290298461914e-09,1.0000001192092896,0.999208390712738,0.9984601736068726,4.6489105224609375,1.741207480430603,1.0,1.741207480430603
GCN,320,2054,0,1,9,3.4290378093719482,5.825932502746582,2.396894693374634,0.588348388671875,0.016404272988438606,-0.038235828280448914,1.382496953010559,0.0,0.10837438423645321,0,0.0,0.0034891835310537334,5,0.9994320869445801,0.9997968077659607,1.333475532498934,1.0,160.9285125732422,1.0,1.37208890914917,1.0,1.37208890914917,1.0,9.856191418577964e-09,1.0000001192092896,0.9997968077659607,0.9994320869445801,6.182713985443115,2.372865676879883,1.0,2.372865676879883
GCN,320,2055,0,1,4,1.2842786312103271,5.464040756225586,4.179762125015259,0.7499998807907104,0.027869440615177155,-0.028166431933641434,1.084519863128662,0.0,0.10837438423645321,0,0.0,0.0034891835310537334,5,0.9996218681335449,0.9994128942489624,1.0407128672118384,1.0,126.20463562011719,1.0,1.076006293296814,1.0,1.076006293296814,1.0,7.450580596923828e-09,1.0000001192092896,0.9994128942489624,0.9996218681335449,4.6012282371521,1.861429214477539,1.0,1.861429214477539
GCN,320,2058,5,1,3,-3.8041863441467285,2.420954704284668,6.2251410484313965,0.8017836213111877,0.05248594656586647,0.0,1.0144754648208618,0.0,0.10837438423645321,0,0.0,0.0034891835310537334,5,1.002079725265503,0.9979246854782104,0.9723540606496855,1.0,118.04334259033203,1.0,1.0064208507537842,1.0,1.0064208507537842,1.0,0.0,1.0000001192092896,0.9979246854782104,1.002079725265503,4.758311748504639,1.741207480430603,1.0,1.741207480430603
GCN,320,2059,0,1,6,1.5357927083969116,5.105924606323242,3.5701318979263306,0.6708203554153442,0.024539893493056297,-0.0756620392203331,1.2125300168991089,0.08434278517961502,0.22735884804850323,0,0.0,0.0034891835310537334,5,0.9981706738471985,0.9995458722114563,1.166159309467222,1.0,141.12112426757812,1.0,1.2031928300857544,1.0,1.2031928300857544,1.0,9.125060707049215e-09,1.0000001192092896,0.9995458722114563,0.9981706738471985,5.815089702606201,2.0811409950256348,1.0,2.0811409950256348
GCN,320,2071,2,1,8,0.34824395179748535,2.9526314735412598,2.6043875217437744,0.6123723983764648,0.02076598070561886,-0.037686772644519806,1.328260064125061,0.0,0.10837438423645321,0,0.0,0.0034891835310537334,5,0.9993634819984436,0.9996742010116577,1.280008691668803,1.0,154.60775756835938,1.0,1.3181915283203125,1.0,1.3181915283203125,1.0,1.862645149230957e-08,1.0000001192092896,0.9996742010116577,0.9993634819984436,5.313040256500244,2.279775619506836,1.0,2.279775619506836
GCN,320,2072,0,1,3,2.483050584793091,5.425993919372559,2.9429433345794678,0.8017836213111877,0.03359357640147209,-0.025769347324967384,1.0144754648208618,0.0,0.10837438423645321,0,0.0,0.0034891835310537334,5,0.9997885823249817,0.9991469979286194,0.9723540606496855,1.0,118.04334259033203,1.0,1.0064208507537842,1.0,1.0064208507537842,1.0,3.077594712408427e-08,1.0,0.9991469979286194,0.9997885823249817,4.421996116638184,1.741207480430603,1.0,1.741207480430603
GCN,320,2075,3,1,8,-3.544753074645996,2.769697666168213,6.314450740814209,0.6123723983764648,0.019943196326494217,-0.015561310574412346,1.328260064125061,0.0,0.10837438423645321,0,0.0,0.0034891835310537334,5,0.9999191164970398,0.9996993541717529,1.280008691668803,1.0,154.60775756835938,1.0,1.3181915283203125,1.0,1.3181915283203125,1.0,1.825012141409843e-08,1.0000001192092896,0.9996993541717529,0.9999191164970398,5.476556777954102,2.279775619506836,1.0,2.279775619506836
GCN,320,2082,1,1,2,-2.400282859802246,3.6845459938049316,6.084828853607178,0.8660253286361694,0.09021378308534622,0.0,0.9392216801643372,0.0,0.10837438423645321,0,0.0,0.0034891835310537334,5,1.006131649017334,0.9939056634902954,0.8992005135073163,1.0,109.27578735351562,1.0,0.9316691160202026,1.0,0.9316691160202026,1.0,6.705522537231445e-08,1.0,0.9939056634902954,1.006131649017334,1.8784433603286743,1.6120448112487793,1.0,1.6120448112487793
GCN,320,2087,1,1,2,-2.39947509765625,2.750981330871582,5.150456428527832,0.8660253286361694,0.04726164788007736,0.0,0.9392216801643372,0.0,0.10837438423645321,0,0.0,0.0034891835310537334,5,1.0016865730285645,0.9983162879943848,0.8992005135073163,1.0,109.27578735351562,1.0,0.9316691160202026,1.0,0.9316691160202026,1.0,6.705522537231445e-08,1.0,0.9983162879943848,1.0016865730285645,4.200326919555664,1.6120448112487793,1.0,1.6120448112487793
GCN,320,2096,1,1,6,-2.2112855911254883,2.882671594619751,5.093957185745239,0.6708203554153442,0.022502277046442032,-0.03931509330868721,1.2125300168991089,0.08089875429868698,0.22110647972716937,0,0.0,0.0034891835310537334,5,0.9992948174476624,0.999617338180542,1.166159309467222,1.0,141.12112426757812,1.0,1.2031928300857544,1.0,1.2031928300857544,1.0,6.052880507922964e-08,1.0,0.999617338180542,0.9992948174476624,6.062650203704834,2.0811409950256348,1.0,2.0811409950256348
GCN,320,2105,5,1,2,0.13642168045043945,4.359281063079834,4.2228593826293945,0.8660253286361694,0.04772282764315605,-0.04695663973689079,0.9392216801643372,0.015075122937560081,0.10837438423645321,0,0.0,0.0034891835310537334,5,0.9989655017852783,0.9982776641845703,0.8992005135073163,1.0,109.27578735351562,1.0,0.9316691160202026,1.0,0.9316691160202026,1.0,6.705522537231445e-08,1.0,0.9982776641845703,0.9989655017852783,4.5043487548828125,1.6120448112487793,1.0,1.6120448112487793
GCN,320,2107,1,1,4,-1.4159436225891113,3.009415864944458,4.425359487533569,0.7499998807907104,0.02664438635110855,-0.027641799300909042,1.084519863128662,0.0,0.10837438423645321,0,0.0,0.0034891835310537334,5,0.9996309876441956,0.9994634389877319,1.0407128672118384,1.0,126.20463562011719,1.0,1.076006293296814,1.0,1.076006293296814,1.0,7.450580596923828e-09,1.0000001192092896,0.9994634389877319,0.9996309876441956,4.727312088012695,1.861429214477539,1.0,1.861429214477539
GCN,320,2113,2,1,6,-2.673595666885376,3.0919198989868164,5.765515565872192,0.6708203554153442,0.02168796956539154,-0.03019251488149166,1.2125300168991089,0.0,0.10837438423645321,0,0.0,0.0034891835310537334,5,0.9995502829551697,0.9996446371078491,1.166159309467222,1.0,141.12112426757812,1.0,1.2031928300857544,1.0,1.2031928300857544,1.0,1.053671194739536e-08,1.0000001192092896,0.9996446371078491,0.9995502829551697,6.182713985443115,2.0811409950256348,1.0,2.0811409950256348
GCN,320,2120,4,1,5,-2.3512282371520996,4.308424472808838,6.6596527099609375,0.7071066498756409,0.03176762908697128,0.0,1.150307059288025,0.0,0.10837438423645321,0,0.0,0.0034891835310537334,5,1.0007623434066772,0.9992382526397705,1.1051090585391374,1.0,133.870361328125,1.0,1.1413679122924805,1.0,1.1413679122924805,1.0,1.5017125321037383e-08,1.0000001192092896,0.9992382526397705,1.0007623434066772,5.144329071044922,1.9743437767028809,1.0,1.9743437767028809
GCN,320,2122,4,1,10,-3.933948040008545,2.998600959777832,6.932548999786377,0.5669466257095337,0.01523348968476057,-0.077553890645504,1.4346848726272583,0.1780093014240265,0.6023114816218265,1,0.0,0.0034891835310537334,5,0.9987221360206604,0.9998252391815186,1.384979188535478,1.0,167.0106658935547,1.0,1.4239519834518433,1.0,1.4239519834518433,1.0,1.6918313860969647e-08,1.0000001192092896,0.9998252391815186,0.9987221360206604,7.028491497039795,2.4624390602111816,1.0,2.4624390602111816
GCN,320,2130,4,1,12,-4.132801532745361,2.617605686187744,6.7504072189331055,0.5303300619125366,0.021718842908740044,0.0,1.5337426662445068,0.0,0.10837438423645321,0,0.0,0.0034891835310537334,5,1.0003563165664673,0.9996438026428223,1.4828695593770052,1.0,178.5554656982422,1.0,1.5223971605300903,1.0,1.5223971605300903,1.0,6.233602789507131e-08,1.0000001192092896,0.9996438026428223,1.0003563165664673,6.507119178771973,2.632457971572876,1.0,2.632457971572876
GCN,320,2131,0,1,3,1.6978044509887695,4.820201873779297,3.1223974227905273,0.8017836213111877,0.034073006361722946,-0.021571127697825432,1.0144754648208618,0.018667196854948997,0.10837438423645321,0,0.0,0.0034891835310537334,5,0.9999738335609436,0.9991226196289062,0.9723540606496855,1.0,118.04334259033203,1.0,1.0064208507537842,1.0,1.0064208507537842,1.0,7.450580596923828e-09,1.0000001192092896,0.9991226196289062,0.9999738335609436,3.929046154022217,1.741207480430603,1.0,1.741207480430603
GCN,320,2139,3,1,4,-5.957424163818359,0.0950016975402832,6.052425861358643,0.7499998807907104,0.0377153716981411,0.0,1.084519863128662,0.0,0.10837438423645321,0,0.0,0.0034891835310537334,5,1.0010744333267212,0.9989267587661743,1.0407128672118384,1.0,126.20463562011719,1.0,1.076006293296814,1.0,1.076006293296814,1.0,7.450580596923828e-09,1.0000001192092896,0.9989267587661743,1.0010744333267212,4.8501200675964355,1.861429214477539,1.0,1.861429214477539
GCN,320,2141,3,1,4,-6.898368835449219,0.006984710693359375,6.905353546142578,0.7499998807907104,0.04076367989182472,0.0,1.084519863128662,0.0,0.10837438423645321,0,0.0,0.0034891835310537334,5,1.0012550354003906,0.9987465739250183,1.0407128672118384,1.0,126.20463562011719,1.0,1.076006293296814,1.0,1.076006293296814,1.0,8.33000246558413e-09,1.0000001192092896,0.9987465739250183,1.0012550354003906,4.850120544433594,1.861429214477539,1.0,1.861429214477539
GCN,320,2153,4,1,3,0.1255403757095337,3.813889265060425,3.688348889350891,0.8017836213111877,0.034706272184848785,0.0,1.0144754648208618,0.0,0.10837438423645321,0,0.0,0.0034891835310537334,5,1.0009099245071411,0.9990909695625305,0.9723540606496855,1.0,118.04334259033203,1.0,1.0064208507537842,1.0,1.0064208507537842,1.0,0.0,1.0000001192092896,0.9990909695625305,1.0009099245071411,4.421995639801025,1.741207480430603,1.0,1.741207480430603
GCN,320,2156,0,1,4,0.5615882873535156,3.4309864044189453,2.8693981170654297,0.7499998807907104,0.028042687103152275,0.0,1.084519863128662,0.0,0.10837438423645321,0,0.0,0.0034891835310537334,5,1.0005940198898315,0.9994063377380371,1.0407128672118384,1.0,126.20463562011719,1.0,1.076006293296814,1.0,1.076006293296814,1.0,8.119082295365843e-09,1.0000001192092896,0.9994063377380371,1.0005940198898315,5.201174259185791,1.861429214477539,1.0,1.861429214477539
GCN,320,2157,6,1,5,-2.066131591796875,0.9781663417816162,3.044297933578491,0.7071066498756409,0.02939080260694027,-0.0224135834723711,1.150307059288025,0.0,0.10837438423645321,0,0.0,0.0034891835310537334,5,0.9998429417610168,0.9993470907211304,1.1051090585391374,1.0,133.870361328125,1.0,1.1413679122924805,1.0,1.1413679122924805,1.0,1.4901161193847656e-08,1.0000001192092896,0.9993470907211304,0.9998429417610168,5.144329071044922,1.9743437767028809,1.0,1.9743437767028809
GCN,320,2158,6,1,1,-1.7892483472824097,2.0616161823272705,3.85086452960968,0.9486831426620483,0.07506507635116577,0.0,0.8573882579803467,0.0,0.10837438423645321,0,0.0,0.0034891835310537334,5,1.0042494535446167,0.9957684874534607,0.8200823869837026,1.0,99.74270629882812,1.0,0.8503942489624023,1.0,0.8503942489624023,1.0,6.006850128414953e-08,1.0000001192092896,0.9957684874534607,1.0042494535446167,3.7372686862945557,1.4715889692306519,1.0,1.4715889692306519
GCN,320,2160,6,1,8,-2.1530327796936035,0.7505553364753723,2.903588116168976,0.6123723983764648,0.02421742118895054,-0.08057089149951935,1.328260064125061,0.0,0.10837438423645321,0,0.0,0.0034891835310537334,5,0.9980424642562866,0.9995577931404114,1.280008691668803,1.0,154.60775756835938,1.0,1.3181915283203125,1.0,1.3181915283203125,1.0,1.862645149230957e-08,1.0000001192092896,0.9995577931404114,0.9980424642562866,5.789751052856445,2.279775619506836,1.0,2.279775619506836
GCN,320,2164,6,1,3,-2.4766745567321777,0.7284152507781982,3.205089807510376,0.8017836213111877,0.03696797415614128,0.0,1.0144754648208618,0.0,0.10837438423645321,0,0.0,0.0034891835310537334,5,1.0010323524475098,0.998968780040741,0.9723540606496855,1.0,118.04334259033203,1.0,1.0064208507537842,1.0,1.0064208507537842,1.0,0.0,1.0000001192092896,0.998968780040741,1.0010323524475098,4.758311748504639,1.741207480430603,1.0,1.741207480430603
GCN,320,2165,6,1,3,-1.038234829902649,2.4137086868286133,3.451943516731262,0.8017836213111877,0.030789891257882118,0.0,1.0144754648208618,0.0,0.10837438423645321,0,0.0,0.0034891835310537334,5,1.000716209411621,0.9992843270301819,0.9723540606496855,1.0,118.04334259033203,1.0,1.0064208507537842,1.0,1.0064208507537842,1.0,0.0,1.0000001192092896,0.9992843270301819,1.000716209411621,4.758311748504639,1.741207480430603,1.0,1.741207480430603
GCN,320,2166,5,1,2,-2.6264936923980713,1.353503704071045,3.979997396469116,0.8660253286361694,0.08365887403488159,0.0,0.9392216801643372,0.0,0.10837438423645321,0,0.0,0.0034891835310537334,5,1.0052752494812012,0.9947524070739746,0.8992005135073163,1.0,109.27578735351562,1.0,0.9316691160202026,1.0,0.9316691160202026,1.0,6.705522537231445e-08,1.0,0.9947524070739746,1.0052752494812012,2.100163459777832,1.6120448112487793,1.0,1.6120448112487793
GCN,320,2172,0,1,5,3.346665859222412,6.163650035858154,2.816984176635742,0.7071066498756409,0.030745897442102432,-0.004364221356809139,1.150307059288025,0.0,0.10837438423645321,0,0.0,0.0034891835310537334,5,1.00054931640625,0.9992860555648804,1.1051090585391374,1.0,133.870361328125,1.0,1.1413679122924805,1.0,1.1413679122924805,1.0,1.4901161193847656e-08,1.0000001192092896,0.9992860555648804,1.00054931640625,5.516678810119629,1.9743437767028809,1.0,1.9743437767028809
GCN,320,2177,3,1,4,0.25120019912719727,2.4523582458496094,2.201158046722412,0.7499998807907104,0.060897283256053925,0.0,1.084519863128662,0.0,0.10837438423645321,0,0.0,0.0034891835310537334,5,1.0027987957000732,0.9972091317176819,1.0407128672118384,1.0,126.20463562011719,1.0,1.076006293296814,1.0,1.076006293296814,1.0,7.450580596923828e-09,1.0000001192092896,0.9972091317176819,1.0027987957000732,1.5337426662445068,1.861429214477539,1.0,1.861429214477539
GCN,320,2181,0,1,8,3.860980272293091,6.616577625274658,2.7555973529815674,0.6123723983764648,0.027886128053069115,-0.0010285244788974524,1.328260064125061,0.0,0.10837438423645321,0,0.0,0.0034891835310537334,5,1.0005522966384888,0.9994127750396729,1.280008691668803,1.0,154.60775756835938,1.0,1.3181915283203125,1.0,1.3181915283203125,1.0,2.1155582174969823e-08,1.0000001192092896,0.9994127750396729,1.0005522966384888,6.370111465454102,2.279775619506836,1.0,2.279775619506836
GCN,320,2189,0,1,6,0.8914914727210999,3.844508409500122,2.953016936779022,0.6708203554153442,0.02135578542947769,-0.03513854742050171,1.2125300168991089,0.032240211963653564,0.10837438423645321,0,0.0,0.0034891835310537334,5,0.9994220733642578,0.9996553659439087,1.166159309467222,1.0,141.12112426757812,1.0,1.2031928300857544,1.0,1.2031928300857544,1.0,6.064333035737945e-08,1.0,0.9996553659439087,0.9994220733642578,5.422598838806152,2.0811409950256348,1.0,2.0811409950256348
GCN,320,2195,0,1,4,-0.7930334210395813,2.47477650642395,3.2678099274635315,0.7499998807907104,0.03672810643911362,-0.010568035766482353,1.084519863128662,0.0,0.10837438423645321,0,0.0,0.0034891835310537334,5,1.000542163848877,0.998981237411499,1.0407128672118384,1.0,126.20463562011719,1.0,1.076006293296814,1.0,1.076006293296814,1.0,1.666000493116826e-08,1.0000001192092896,0.998981237411499,1.000542163848877,4.057901859283447,1.861429214477539,1.0,1.861429214477539
GCN,320,2198,0,1,5,2.4162228107452393,5.459315299987793,3.0430924892425537,0.7071066498756409,0.023195471614599228,-0.032853707671165466,1.150307059288025,0.0,0.10837438423645321,0,0.0,0.0034891835310537334,5,0.9994695782661438,0.9995933771133423,1.1051090585391374,1.0,133.870361328125,1.0,1.1413679122924805,1.0,1.1413679122924805,1.0,6.143906006172983e-08,1.0,0.9995933771133423,0.9994695782661438,4.742837429046631,1.9743437767028809,1.0,1.9743437767028809
GCN,320,2212,3,1,4,-2.779675006866455,3.5976388454437256,6.377313852310181,0.7499998807907104,0.032489582896232605,-0.009294134564697742,1.084519863128662,0.0,0.10837438423645321,0,0.0,0.0034891835310537334,5,1.0004265308380127,0.9992026090621948,1.0407128672118384,1.0,126.20463562011719,1.0,1.076006293296814,1.0,1.076006293296814,1.0,0.0,1.0000001192092896,0.9992026090621948,1.0004265308380127,4.8501200675964355,1.861429214477539,1.0,1.861429214477539
GCN,320,2215,3,1,4,-3.1381778717041016,3.734539031982422,6.872716903686523,0.7499998807907104,0.031249022111296654,-0.02182038128376007,1.084519863128662,0.0,0.10837438423645321,0,0.0,0.0034891835310537334,5,0.999899685382843,0.9992620348930359,1.0407128672118384,1.0,126.20463562011719,1.0,1.076006293296814,1.0,1.076006293296814,1.0,7.679882507716229e-09,1.0000001192092896,0.9992620348930359,0.999899685382843,4.338079452514648,1.861429214477539,1.0,1.861429214477539
GCN,320,2218,1,1,2,-1.5185601711273193,3.8953070640563965,5.413867235183716,0.8660253286361694,0.10057755559682846,0.0,0.9392216801643372,0.0,0.10837438423645321,0,0.0,0.0034891835310537334,5,1.0076159238815308,0.9924416542053223,0.8992005135073163,1.0,109.27578735351562,1.0,0.9316691160202026,1.0,0.9316691160202026,1.0,6.705522537231445e-08,1.0,0.9924416542053223,1.0076159238815308,1.8784433603286743,1.6120448112487793,1.0,1.6120448112487793
GCN,320,2224,4,1,8,-2.4675374031066895,2.1711387634277344,4.638676166534424,0.6123723983764648,0.01864817552268505,-0.11286211758852005,1.328260064125061,0.20554743707180023,0.6962864721485411,1,0.0,0.0034891835310537334,5,0.9976725578308105,0.9997393488883972,1.280008691668803,1.0,154.60775756835938,1.0,1.3181915283203125,1.0,1.3181915283203125,1.0,1.825012141409843e-08,1.0000001192092896,0.9997393488883972,0.9976725578308105,5.6353302001953125,2.279775619506836,1.0,2.279775619506836
GCN,320,2228,6,1,6,-1.3232557773590088,1.658576488494873,2.981832265853882,0.6708203554153442,0.02134540118277073,0.0,1.2125300168991089,0.0,0.10837438423645321,0,0.0,0.0034891835310537334,5,1.0003442764282227,0.9996559619903564,1.166159309467222,1.0,141.12112426757812,1.0,1.2031928300857544,1.0,1.2031928300857544,1.0,6.070051483675343e-08,1.0,0.9996559619903564,1.0003442764282227,5.940159320831299,2.0811409950256348,1.0,2.0811409950256348
GCN,320,2229,3,1,3,-2.881937026977539,3.569946765899658,6.451883792877197,0.8017836213111877,0.04354128986597061,0.0,1.0144754648208618,0.0,0.10837438423645321,0,0.0,0.0034891835310537334,5,1.0014318227767944,0.9985703229904175,0.9723540606496855,1.0,118.04334259033203,1.0,1.0064208507537842,1.0,1.0064208507537842,1.0,0.0,1.0000001192092896,0.9985703229904175,1.0014318227767944,4.182789325714111,1.741207480430603,1.0,1.741207480430603
GCN,320,2231,0,1,2,-1.9033782482147217,4.6623616218566895,6.565739870071411,0.8660253286361694,0.04434539005160332,-0.006830077152699232,0.9392216801643372,0.0,0.10837438423645321,0,0.0,0.0034891835310537334,5,1.0011130571365356,0.9985162019729614,0.8992005135073163,1.0,109.27578735351562,1.0,0.9316691160202026,1.0,0.9316691160202026,1.0,6.705522537231445e-08,1.0,0.9985162019729614,1.0011130571365356,4.601227760314941,1.6120448112487793,1.0,1.6120448112487793
GCN,320,2232,0,1,3,2.5851364135742188,5.655430793762207,3.0702943801879883,0.8017836213111877,0.03898737207055092,-0.005606446880847216,1.0144754648208618,0.0,0.10837438423645321,0,0.0,0.0034891835310537334,5,1.0008796453475952,0.9988527297973633,0.9723540606496855,1.0,118.04334259033203,1.0,1.0064208507537842,1.0,1.0064208507537842,1.0,7.450580596923828e-09,1.0000001192092896,0.9988527297973633,1.0008796453475952,4.536871910095215,1.741207480430603,1.0,1.741207480430603
GCN,320,2235,5,1,3,-4.359240531921387,1.68796968460083,6.047210216522217,0.8017836213111877,0.04306357726454735,-0.18328547477722168,1.0144754648208618,0.21801596879959106,0.7281167108753316,1,0.0,0.0034891835310537334,5,0.9916630983352661,0.9986217617988586,0.9723540606496855,1.0,118.04334259033203,1.0,1.0064208507537842,1.0,1.0064208507537842,1.0,2.9802322387695312e-08,1.0,0.9986217617988586,0.9916630983352661,4.057901859283447,1.741207480430603,1.0,1.741207480430603
GCN,320,2249,4,1,6,-3.706519603729248,3.6431477069854736,7.349667310714722,0.6708203554153442,0.019440261647105217,0.0,1.2125300168991089,0.0,0.10837438423645321,0,0.0,0.0034891835310537334,5,1.0002856254577637,0.9997146129608154,1.166159309467222,1.0,141.12112426757812,1.0,1.2031928300857544,1.0,1.2031928300857544,1.0,6.052880507922964e-08,1.0,0.9997146129608154,1.0002856254577637,5.422598838806152,2.0811409950256348,1.0,2.0811409950256348
GCN,320,2264,4,1,1,0.05932784080505371,4.6555023193359375,4.596174478530884,0.9486831426620483,0.07057054340839386,0.0,0.8573882579803467,0.0,0.10837438423645321,0,0.0,0.0034891835310537334,5,1.0037566423416138,0.996257483959198,0.8200823869837026,1.0,99.74270629882812,1.0,0.8503942489624023,1.0,0.8503942489624023,1.0,6.006850128414953e-08,1.0000001192092896,0.996257483959198,1.0037566423416138,4.111889362335205,1.4715889692306519,0.9999999403953552,1.4715890884399414
GCN,320,2274,0,1,3,-1.0188381671905518,2.2033448219299316,3.2221829891204834,0.8017836213111877,0.03593374043703079,0.0,1.0144754648208618,0.0,0.10837438423645321,0,0.0,0.0034891835310537334,5,1.0009753704071045,0.9990255832672119,0.9723540606496855,1.0,118.04334259033203,1.0,1.0064208507537842,1.0,1.0064208507537842,1.0,0.0,1.0000001192092896,0.9990255832672119,1.0009753704071045,4.182789325714111,1.741207480430603,1.0,1.741207480430603
GCN,320,2279,2,1,3,-5.139224052429199,2.8133339881896973,7.9525580406188965,0.8017836213111877,0.0312647819519043,-0.031888384371995926,1.0144754648208618,0.04558587074279785,0.12182644941265632,0,0.0,0.0034891835310537334,5,0.9995129108428955,0.9992610812187195,0.9723540606496855,1.0,118.04334259033203,1.0,1.0064208507537842,1.0,1.0064208507537842,1.0,1.4901161193847656e-08,1.0000001192092896,0.9992610812187195,0.9995129108428955,4.9698944091796875,1.741207480430603,1.0,1.741207480430603
GCN,320,2288,5,1,3,-2.335803985595703,2.571150541305542,4.906954526901245,0.8017836213111877,0.040046680718660355,0.0,1.0144754648208618,0.0,0.10837438423645321,0,0.0,0.0034891835310537334,5,1.0012112855911255,0.9987902641296387,0.9723540606496855,1.0,118.04334259033203,1.0,1.0064208507537842,1.0,1.0064208507537842,1.0,0.0,1.0000001192092896,0.9987902641296387,1.0012112855911255,4.536871910095215,1.741207480430603,1.0,1.741207480430603
GCN,320,2293,0,1,3,-0.343131959438324,3.0614542961120605,3.4045862555503845,0.8017836213111877,0.03955579921603203,0.0,1.0144754648208618,0.0,0.10837438423645321,0,0.0,0.0034891835310537334,5,1.001181721687317,0.9988197088241577,0.9723540606496855,1.0,118.04334259033203,1.0,1.0064208507537842,1.0,1.0064208507537842,1.0,0.0,1.0000001192092896,0.9988197088241577,1.001181721687317,4.3040547370910645,1.741207480430603,1.0,1.741207480430603
GCN,320,2297,4,1,3,-3.2536075115203857,4.746841907501221,8.000449419021606,0.8017836213111877,0.05695796385407448,0.0,1.0144754648208618,0.0,0.10837438423645321,0,0.0,0.0034891835310537334,5,1.0024487972259521,0.9975572228431702,0.9723540606496855,1.0,118.04334259033203,1.0,1.0064208507537842,1.0,1.0064208507537842,1.0,0.0,1.0000001192092896,0.9975572228431702,1.0024487972259521,4.9698944091796875,1.741207480430603,1.0,1.741207480430603
GCN,320,2299,4,1,2,-2.378905773162842,3.7865748405456543,6.165480613708496,0.8660253286361694,0.04767318069934845,0.0,0.9392216801643372,0.0,0.10837438423645321,0,0.0,0.0034891835310537334,5,1.0017160177230835,0.9982868432998657,0.8992005135073163,1.0,109.27578735351562,1.0,0.9316691160202026,1.0,0.9316691160202026,1.0,6.705522537231445e-08,1.0,0.9982868432998657,1.0017160177230835,4.093972206115723,1.6120448112487793,1.0,1.6120448112487793
GCN,320,2302,3,1,2,-2.364956855773926,4.165660381317139,6.5306172370910645,0.8660253286361694,0.03836897388100624,0.0,0.9392216801643372,0.0,0.10837438423645321,0,0.0,0.0034891835310537334,5,1.0011118650436401,0.9988893270492554,0.8992005135073163,1.0,109.27578735351562,1.0,0.9316691160202026,1.0,0.9316691160202026,1.0,6.705522537231445e-08,1.0,0.9988893270492554,1.0011118650436401,4.5043487548828125,1.6120448112487793,1.0,1.6120448112487793
GCN,320,2310,3,1,2,-1.098823070526123,2.4328360557556152,3.5316591262817383,0.8660253286361694,0.05637802183628082,-0.04707808792591095,0.9392216801643372,0.0,0.10837438423645321,0,0.0,0.0034891835310537334,5,0.9991385340690613,0.997596263885498,0.8992005135073163,1.0,109.27578735351562,1.0,0.9316691160202026,1.0,0.9316691160202026,1.0,3.0719530030864917e-08,1.0,0.9975962042808533,0.999138593673706,3.9847800731658936,1.6120448112487793,1.0,1.6120448112487793
GCN,320,2316,3,1,1,-2.9226932525634766,2.7037062644958496,5.626399517059326,0.9486831426620483,0.08433899283409119,0.0,0.8573882579803467,0.0,0.10837438423645321,0,0.0,0.0034891835310537334,5,1.0053613185882568,0.9946672916412354,0.8200823869837026,1.0,99.74270629882812,1.0,0.8503942489624023,1.0,0.8503942489624023,1.0,6.006850128414953e-08,1.0000001192092896,0.9946672916412354,1.0053613185882568,3.8343565464019775,1.4715889692306519,1.0,1.4715889692306519
GCN,320,2318,1,1,2,-0.9536275863647461,4.183633804321289,5.137261390686035,0.8660253286361694,0.04087688401341438,0.0,0.9392216801643372,0.0,0.10837438423645321,0,0.0,0.0034891835310537334,5,1.0012619495391846,0.9987396597862244,0.8992005135073163,1.0,109.27578735351562,1.0,0.9316691160202026,1.0,0.9316691160202026,1.0,6.705522537231445e-08,1.0,0.9987396597862244,1.0012619495391846,4.696108341217041,1.6120448112487793,1.0,1.6120448112487793
GCN,320,2320,3,1,2,-0.8017404079437256,4.252993583679199,5.054733991622925,0.8660253286361694,0.0470731146633625,0.0,0.9392216801643372,0.0,0.10837438423645321,0,0.0,0.0034891835310537334,5,1.0016732215881348,0.9983295798301697,0.8992005135073163,1.0,109.27578735351562,1.0,0.9316691160202026,1.0,0.9316691160202026,1.0,6.705522537231445e-08,1.0,0.9983295798301697,1.0016732215881348,3.9847800731658936,1.6120448112487793,1.0,1.6120448112487793
GCN,320,2321,0,1,2,1.251734733581543,4.753975868225098,3.5022411346435547,0.8660253286361694,0.04849979281425476,-0.031535934656858444,0.9392216801643372,0.0,0.10837438423645321,0,0.0,0.0034891835310537334,5,0.9998972415924072,0.9982221722602844,0.8992005135073163,1.0,109.27578735351562,1.0,0.9316691160202026,1.0,0.9316691160202026,1.0,6.705522537231445e-08,1.0,0.9982221722602844,0.9998972415924072,4.093972206115723,1.6120448112487793,1.0,1.6120448112487793
GCN,320,2330,0,1,3,0.7911510467529297,4.755799293518066,3.9646482467651367,0.8017836213111877,0.034849558025598526,-0.019273078069090843,1.0144754648208618,0.03006415255367756,0.10837438423645321,0,0.0,0.0034891835310537334,5,1.0000921487808228,0.9990823268890381,0.9723540606496855,1.0,118.04334259033203,1.0,1.0064208507537842,1.0,1.0064208507537842,1.0,1.4901161193847656e-08,1.0000001192092896,0.9990823268890381,1.0000921487808228,4.865253448486328,1.741207480430603,1.0,1.741207480430603
GCN,320,2331,1,1,2,-2.03684663772583,3.5861892700195312,5.623035907745361,0.8660253286361694,0.055538635700941086,0.0,0.9392216801643372,0.0,0.10837438423645321,0,0.0,0.0034891835310537334,5,1.0023283958435059,0.9976770877838135,0.8992005135073163,1.0,109.27578735351562,1.0,0.9316691160202026,1.0,0.9316691160202026,1.0,6.705522537231445e-08,1.0,0.9976770877838135,1.0023283958435059,3.8725101947784424,1.6120448112487793,1.0,1.6120448112487793
GCN,320,2337,4,1,1,-3.5503478050231934,4.967195510864258,8.517543315887451,0.9486831426620483,0.08601745963096619,-0.011461373418569565,0.8573882579803467,0.015413930639624596,0.10837438423645321,0,0.0,0.0034891835310537334,5,1.004370093345642,0.9944421648979187,0.8200823869837026,1.0,99.74270629882812,1.0,0.8503942489624023,1.0,0.8503942489624023,1.0,6.006850128414953e-08,1.0000001192092896,0.9944421648979187,1.004370093345642,4.021507263183594,1.4715889692306519,1.0,1.4715889692306519
GCN,320,2341,4,1,1,-3.780226469039917,2.910219669342041,6.690446138381958,0.9486831426620483,0.14220845699310303,0.0,0.8573882579803467,0.0,0.10837438423645321,0,0.0,0.0034891835310537334,5,1.0151684284210205,0.9850581884384155,0.8200823869837026,1.0,99.74270629882812,1.0,0.8503942489624023,1.0,0.8503942489624023,1.0,6.006850128414953e-08,1.0000001192092896,0.9850581884384155,1.0151684284210205,3.535102367401123,1.4715889692306519,1.0,1.4715889692306519
GCN,320,2342,0,1,1,1.3916208744049072,4.532614231109619,3.140993356704712,0.9486831426620483,0.07826709002256393,-0.03522820770740509,0.8573882579803467,0.0,0.10837438423645321,0,0.0,0.0034891835310537334,5,1.0012388229370117,0.9953770637512207,0.8200823869837026,1.0,99.74270629882812,1.0,0.8503942489624023,1.0,0.8503942489624023,1.0,6.188916756855178e-08,1.0000001192092896,0.9953770637512207,1.0012388229370117,3.6375904083251953,1.4715889692306519,1.0,1.4715889692306519
GCN,320,2346,3,1,3,-2.8199429512023926,3.822145462036133,6.642088413238525,0.8017836213111877,0.035053856670856476,0.0,1.0144754648208618,0.0,0.10837438423645321,0,0.0,0.0034891835310537334,5,1.000928282737732,0.9990726709365845,0.9723540606496855,1.0,118.04334259033203,1.0,1.0064208507537842,1.0,1.0064208507537842,1.0,2.63417798684884e-09,1.0000001192092896,0.9990726709365845,1.000928282737732,4.865253448486328,1.741207480430603,1.0,1.741207480430603
GCN,320,2347,0,1,3,0.8251141309738159,5.408285617828369,4.583171486854553,0.8017836213111877,0.033701181411743164,0.0,1.0144754648208618,0.0,0.10837438423645321,0,0.0,0.0034891835310537334,5,1.0008580684661865,0.9991427659988403,0.9723540606496855,1.0,118.04334259033203,1.0,1.0064208507537842,1.0,1.0064208507537842,1.0,0.0,1.0000001192092896,0.9991427659988403,1.0008580684661865,5.271368980407715,1.741207480430603,1.0,1.741207480430603
GCN,320,2353,4,1,3,-2.3868355751037598,3.4948601722717285,5.881695747375488,0.8017836213111877,0.03555407375097275,-0.03334144130349159,1.0144754648208618,0.0,0.10837438423645321,0,0.0,0.0034891835310537334,5,0.9994978904724121,0.9990442991256714,0.9723540606496855,1.0,118.04334259033203,1.0,1.0064208507537842,1.0,1.0064208507537842,1.0,0.0,1.0000001192092896,0.9990442991256714,0.9994978904724121,4.536871910095215,1.741207480430603,1.0,1.741207480430603
GCN,320,2359,2,0,11,-7.490110397338867,-2.100879192352295,5.389231204986572,0.5477225184440613,0.024233289062976837,-0.004985189530998468,1.4850399494171143,0.0,0.10837438423645321,0,0.0,0.0034891835310537334,5,1.0002951622009277,0.9995564222335815,1.4347207111959182,1.0,172.87930297851562,1.0,1.4739949703216553,1.0,1.4739949703216553,1.0,6.021272014322676e-08,1.0000001192092896,0.9995564222335815,1.0002951622009277,2.9700798988342285,2.5488665103912354,1.0,2.5488665103912354
GCN,320,2365,2,0,7,-6.795276165008545,-0.28641557693481445,6.5088605880737305,0.6396021246910095,0.03492196649312973,-0.024664677679538727,1.2717121839523315,0.0,0.10837438423645321,0,0.0,0.0034891835310537334,5,0.9998627305030823,0.9990782141685486,1.2243356596549602,1.0,148.01780700683594,1.0,1.2619996070861816,1.0,1.2619996070861816,1.0,1.4901161193847656e-08,1.0000001192092896,0.9990782141685486,0.9998627305030823,2.543424367904663,2.1827187538146973,1.0,2.1827187538146973
GCN,320,2368,3,1,2,-0.5421186685562134,3.8895065784454346,4.431625247001648,0.8660253286361694,0.05734952166676521,0.0,0.9392216801643372,0.0,0.10837438423645321,0,0.0,0.0034891835310537334,5,1.0024824142456055,0.9975237846374512,0.8992005135073163,1.0,109.27578735351562,1.0,0.9316691160202026,1.0,0.9316691160202026,1.0,6.705522537231445e-08,1.0,0.9975237846374512,1.0024824142456055,4.200326919555664,1.6120448112487793,1.0,1.6120448112487793
GCN,320,2383,4,1,10,-4.740403175354004,2.1132829189300537,6.853686094284058,0.5669466257095337,0.02022654376924038,-0.0190925020724535,1.4346848726272583,0.0,0.10837438423645321,0,0.0,0.0034891835310537334,5,0.9998344779014587,0.99969083070755,1.384979188535478,1.0,167.0106658935547,1.0,1.4239519834518433,1.0,1.4239519834518433,1.0,3.494632139222631e-08,1.0000001192092896,0.99969083070755,0.9998344779014587,6.880506992340088,2.4624390602111816,1.0,2.4624390602111816
GCN,320,2384,0,1,1,0.856708824634552,4.592561721801758,3.735852897167206,0.9486831426620483,0.0686800554394722,-0.01768859103322029,0.8573882579803467,0.0,0.10837438423645321,0,0.0,0.0034891835310537334,5,1.0020689964294434,0.9964447021484375,0.8200823869837026,1.0,99.74270629882812,1.0,0.8503942489624023,1.0,0.8503942489624023,1.0,6.006850128414953e-08,1.0000001192092896,0.9964447021484375,1.0020689964294434,4.021507263183594,1.4715889692306519,1.0,1.4715889692306519
GCN,320,2389,2,1,2,-3.7401156425476074,2.5668678283691406,6.306983470916748,0.8660253286361694,0.04658159986138344,-0.032242391258478165,0.9392216801643372,0.036045655608177185,0.10837438423645321,0,0.0,0.0034891835310537334,5,0.999793291091919,0.9983599185943604,0.8992005135073163,1.0,109.27578735351562,1.0,0.9316691160202026,1.0,0.9316691160202026,1.0,6.705522537231445e-08,1.0,0.9983599185943604,0.999793291091919,3.7568867206573486,1.6120448112487793,1.0,1.6120448112487793
GCN,320,2392,2,1,3,-3.7597084045410156,2.3288402557373047,6.08854866027832,0.8017836213111877,0.03611104562878609,-0.025164436548948288,1.0144754648208618,0.03496941924095154,0.10837438423645321,0,0.0,0.0034891835310537334,5,0.9998683929443359,0.9990143775939941,0.9723540606496855,1.0,118.04334259033203,1.0,1.0064208507537842,1.0,1.0064208507537842,1.0,0.0,1.0000001192092896,0.9990143775939941,0.9998683929443359,4.182789325714111,1.741207480430603,1.0,1.741207480430603
GCN,320,2411,3,1,1,-2.241509437561035,4.1687912940979,6.4103007316589355,0.9486831426620483,0.0862840935587883,0.0,0.8573882579803467,0.0,0.10837438423645321,0,0.0,0.0034891835310537334,5,1.0056105852127075,0.9944206476211548,0.8200823869837026,1.0,99.74270629882812,1.0,0.8503942489624023,1.0,0.8503942489624023,1.0,6.006850128414953e-08,1.0000001192092896,0.9944206476211548,1.0056105852127075,3.929046630859375,1.4715889692306519,1.0,1.4715889692306519
GCN,320,2425,3,1,5,0.7647043466567993,4.246910095214844,3.4822057485580444,0.7071066498756409,0.03545233607292175,0.0,1.150307059288025,0.0,0.10837438423645321,0,0.0,0.0034891835310537334,5,1.000949501991272,0.9990514516830444,1.1051090585391374,1.0,133.870361328125,1.0,1.1413679122924805,1.0,1.1413679122924805,1.0,1.4901161193847656e-08,1.0000001192092896,0.9990514516830444,1.000949501991272,5.014071941375732,1.9743437767028809,1.0,1.9743437767028809
GCN,320,2427,3,1,3,-1.7434111833572388,3.647366523742676,5.3907777070999146,0.8017836213111877,0.05776606500148773,-0.023897897452116013,1.0144754648208618,0.015413930639624596,0.10837438423645321,0,0.0,0.0034891835310537334,5,1.0008243322372437,0.9974806308746338,0.9723540606496855,1.0,118.04334259033203,1.0,1.0064208507537842,1.0,1.0064208507537842,1.0,3.725290298461914e-09,1.0000001192092896,0.9974806308746338,1.0008243322372437,4.758311748504639,1.741207480430603,1.0,1.741207480430603
GCN,320,2428,5,1,1,-1.6000275611877441,3.303485870361328,4.903513431549072,0.9486831426620483,0.15541410446166992,-0.0027477454859763384,0.8573882579803467,0.0,0.10837438423645321,0,0.0,0.0034891835310537334,5,1.0175743103027344,0.9822132587432861,0.8200823869837026,1.0,99.74270629882812,1.0,0.8503942489624023,1.0,0.8503942489624023,1.0,6.018390763529169e-08,1.0000001192092896,0.9822132587432861,1.0175743103027344,1.7147765159606934,1.4715889692306519,1.0,1.4715889692306519
GCN,320,2431,4,1,1,-2.5224053859710693,5.740052700042725,8.262458086013794,0.9486831426620483,0.11249000579118729,0.0,0.8573882579803467,0.0,0.10837438423645321,0,0.0,0.0034891835310537334,5,1.009517788887024,0.990571916103363,0.8200823869837026,1.0,99.74270629882812,1.0,0.8503942489624023,1.0,0.8503942489624023,1.0,6.006850128414953e-08,1.0000001192092896,0.990571916103363,1.009517788887024,2.843635082244873,1.4715889692306519,1.0,1.4715889692306519
GCN,320,2433,2,1,1,-0.012463927268981934,4.224743843078613,4.237207770347595,0.9486831426620483,0.08693026006221771,0.0,0.8573882579803467,0.0,0.10837438423645321,0,0.0,0.0034891835310537334,5,1.0056946277618408,0.9943375587463379,0.8200823869837026,1.0,99.74270629882812,1.0,0.8503942489624023,1.0,0.8503942489624023,1.0,6.006850128414953e-08,1.0000001192092896,0.9943375587463379,1.0056946277618408,3.6375904083251953,1.4715889692306519,1.0,1.4715889692306519
GCN,320,2435,4,1,2,-2.2543673515319824,3.528179883956909,5.782547235488892,0.8660253286361694,0.047886963933706284,0.0,0.9392216801643372,0.0,0.10837438423645321,0,0.0,0.0034891835310537334,5,1.001731514930725,0.9982714653015137,0.8992005135073163,1.0,109.27578735351562,1.0,0.9316691160202026,1.0,0.9316691160202026,1.0,6.705522537231445e-08,1.0,0.9982714653015137,1.001731514930725,4.405340194702148,1.6120448112487793,1.0,1.6120448112487793
GCN,320,2438,3,1,2,-2.9402060508728027,4.463436126708984,7.403642177581787,0.8660253286361694,0.06340333819389343,-0.007416312117129564,0.9392216801643372,0.0,0.10837438423645321,0,0.0,0.0034891835310537334,5,1.002456784248352,0.9969724416732788,0.8992005135073163,1.0,109.27578735351562,1.0,0.9316691160202026,1.0,0.9316691160202026,1.0,6.715862355122226e-08,1.0,0.9969724416732788,1.002456784248352,3.7568867206573486,1.6120448112487793,1.0,1.6120448112487793
GCN,320,2445,2,1,4,-4.468895435333252,3.087235450744629,7.556130886077881,0.7499998807907104,0.026136137545108795,0.0,1.084519863128662,0.0,0.10837438423645321,0,0.0,0.0034891835310537334,5,1.0005161762237549,0.999484121799469,1.0407128672118384,1.0,126.20463562011719,1.0,1.076006293296814,1.0,1.076006293296814,1.0,7.450580596923828e-09,1.0000001192092896,0.999484121799469,1.0005161762237549,5.201174736022949,1.861429214477539,1.0,1.861429214477539
GCN,320,2446,2,1,8,-6.108680725097656,1.7404499053955078,7.849130630493164,0.6123723983764648,0.021225396543741226,-0.04565095156431198,1.328260064125061,0.1744127720594406,0.5939749905267147,1,0.0,0.0034891835310537334,5,0.9991488456726074,0.9996596574783325,1.280008691668803,1.0,154.60775756835938,1.0,1.3181915283203125,1.0,1.3181915283203125,1.0,1.825012141409843e-08,1.0000001192092896,0.9996596574783325,0.9991488456726074,6.641300201416016,2.279775619506836,1.0,2.279775619506836
GCN,320,2448,2,1,5,-5.7493896484375,2.271108865737915,8.020498514175415,0.7071066498756409,0.027096306905150414,-0.032147377729415894,1.150307059288025,0.0,0.10837438423645321,0,0.0,0.0034891835310537334,5,0.9994838237762451,0.9994449615478516,1.1051090585391374,1.0,133.870361328125,1.0,1.1413679122924805,1.0,1.1413679122924805,1.0,1.4901161193847656e-08,1.0000001192092896,0.9994449615478516,0.9994838237762451,5.516678810119629,1.9743437767028809,1.0,1.9743437767028809
GCN,320,2456,5,1,2,-1.357722520828247,3.228907823562622,4.586630344390869,0.8660253286361694,0.046375006437301636,-0.0944882333278656,0.9392216801643372,0.014757716096937656,0.10837438423645321,0,0.0,0.0034891835310537334,5,0.9962309002876282,0.9983757734298706,0.8992005135073163,1.0,109.27578735351562,1.0,0.9316691160202026,1.0,0.9316691160202026,1.0,8.470428980444922e-08,1.0,0.9983757734298706,0.9962309002876282,4.601227760314941,1.6120448112487793,1.0,1.6120448112487793
GCN,320,2459,3,1,2,-6.010274887084961,0.5258510708808899,6.536125957965851,0.8660253286361694,0.08521057665348053,0.0,0.9392216801643372,0.0,0.10837438423645321,0,0.0,0.0034891835310537334,5,1.0054723024368286,0.9945574998855591,0.8992005135073163,1.0,109.27578735351562,1.0,0.9316691160202026,1.0,0.9316691160202026,1.0,6.705522537231445e-08,1.0,0.9945574998855591,1.0054723024368286,2.656520128250122,1.6120448112487793,1.0,1.6120448112487793
GCN,320,2461,6,1,1,-3.266928195953369,0.9583503603935242,4.225278556346893,0.9486831426620483,0.08985865861177444,0.0,0.8573882579803467,0.0,0.10837438423645321,0,0.0,0.0034891835310537334,5,1.0060837268829346,0.9939530491828918,0.8200823869837026,1.0,99.74270629882812,1.0,0.8503942489624023,1.0,0.8503942489624023,1.0,6.006850128414953e-08,1.0000001192092896,0.9939530491828918,1.0060837268829346,3.929046630859375,1.4715889692306519,1.0,1.4715889692306519
GCN,320,2467,6,1,2,-0.8260736465454102,3.1341495513916016,3.9602231979370117,0.8660253286361694,0.05142149329185486,-0.00976377073675394,0.9392216801643372,0.014757716096937656,0.10837438423645321,0,0.0,0.0034891835310537334,5,1.0013800859451294,0.9980053901672363,0.8992005135073163,1.0,109.27578735351562,1.0,0.9316691160202026,1.0,0.9316691160202026,1.0,6.715862355122226e-08,1.0,0.9980053901672363,1.0013800859451294,4.601227760314941,1.6120448112487793,1.0,1.6120448112487793
GCN,320,2474,4,1,2,-4.626362323760986,3.455085039138794,8.08144736289978,0.8660253286361694,0.07218801975250244,0.0,0.9392216801643372,0.0,0.10837438423645321,0,0.0,0.0034891835310537334,5,1.0039304494857788,0.9960849285125732,0.8992005135073163,1.0,109.27578735351562,1.0,0.9316691160202026,1.0,0.9316691160202026,1.0,6.705522537231445e-08,1.0,0.9960849285125732,1.0039304494857788,2.656520128250122,1.6120448112487793,1.0,1.6120448112487793
GCN,320,2479,6,1,1,-2.8964195251464844,1.6171119213104248,4.513531446456909,0.9486831426620483,0.09083700180053711,0.0,0.8573882579803467,0.0,0.10837438423645321,0,0.0,0.0034891835310537334,5,1.0062165260314941,0.993821918964386,0.8200823869837026,1.0,99.74270629882812,1.0,0.8503942489624023,1.0,0.8503942489624023,1.0,6.006850128414953e-08,1.0000001192092896,0.993821918964386,1.0062165260314941,3.535102367401123,1.4715889692306519,1.0,1.4715889692306519
GCN,320,2483,4,1,2,-2.7910101413726807,4.879092216491699,7.67010235786438,0.8660253286361694,0.10451503098011017,0.0,0.9392216801643372,0.0,0.10837438423645321,0,0.0,0.0034891835310537334,5,1.0082213878631592,0.9918456673622131,0.8992005135073163,1.0,109.27578735351562,1.0,0.9316691160202026,1.0,0.9316691160202026,1.0,6.705522537231445e-08,1.0,0.9918456673622131,1.0082213878631592,2.100163459777832,1.6120448112487793,1.0,1.6120448112487793
GCN,320,2489,3,1,1,-3.563858985900879,4.588133811950684,8.151992797851562,0.9486831426620483,0.11761264503002167,0.0,0.8573882579803467,0.0,0.10837438423645321,0,0.0,0.0034891835310537334,5,1.0103998184204102,0.9897072315216064,0.8200823869837026,1.0,99.74270629882812,1.0,0.8503942489624023,1.0,0.8503942489624023,1.0,6.006850128414953e-08,1.0000001192092896,0.9897072315216064,1.0103998184204102,2.843635082244873,1.4715889692306519,1.0,1.4715889692306519
GCN,320,2490,4,1,2,-2.3274612426757812,5.344735145568848,7.672196388244629,0.8660253286361694,0.045974187552928925,0.0,0.9392216801643372,0.0,0.10837438423645321,0,0.0,0.0034891835310537334,5,1.0015959739685059,0.9984065294265747,0.8992005135073163,1.0,109.27578735351562,1.0,0.9316691160202026,1.0,0.9316691160202026,1.0,6.705522537231445e-08,1.0,0.9984065294265747,1.0015959739685059,4.5043487548828125,1.6120448112487793,1.0,1.6120448112487793
GCN,320,2496,4,1,1,-0.880295991897583,3.49426531791687,4.374561309814453,0.9486831426620483,0.0761379599571228,-0.004380411002784967,0.8573882579803467,0.0,0.10837438423645321,0,0.0,0.0034891835310537334,5,1.0039631128311157,0.9956440925598145,0.8200823869837026,1.0,99.74270629882812,1.0,0.8503942489624023,1.0,0.8503942489624023,1.0,6.018390763529169e-08,1.0000001192092896,0.9956440925598145,1.0039631128311157,3.6375904083251953,1.4715889692306519,1.0,1.4715889692306519
GCN,320,2505,1,1,1,-3.385017156600952,2.829707622528076,6.214724779129028,0.9486831426620483,0.0778270959854126,0.0,0.8573882579803467,0.0,0.10837438423645321,0,0.0,0.0034891835310537334,5,1.00456702709198,0.9954537153244019,0.8200823869837026,1.0,99.74270629882812,1.0,0.8503942489624023,1.0,0.8503942489624023,1.0,6.006850128414953e-08,1.0000001192092896,0.9954537153244019,1.00456702709198,3.929046630859375,1.4715889692306519,1.0,1.4715889692306519
GCN,320,2508,3,1,3,-4.214299201965332,2.353060007095337,6.567359209060669,0.8017836213111877,0.057903166860342026,0.0,1.0144754648208618,0.0,0.10837438423645321,0,0.0,0.0034891835310537334,5,1.0025306940078735,0.9974757432937622,0.9723540606496855,1.0,118.04334259033203,1.0,1.0064208507537842,1.0,1.0064208507537842,1.0,0.0,1.0000001192092896,0.9974757432937622,1.0025306940078735,2.8693699836730957,1.741207480430603,1.0,1.741207480430603
GCN,320,2509,3,1,5,-6.201369285583496,0.8249890804290771,7.026358366012573,0.7071066498756409,0.029114538803696632,0.0,1.150307059288025,0.0,0.10837438423645321,0,0.0,0.0034891835310537334,5,1.0006403923034668,0.9993600845336914,1.1051090585391374,1.0,133.870361328125,1.0,1.1413679122924805,1.0,1.1413679122924805,1.0,1.4901161193847656e-08,1.0000001192092896,0.9993600845336914,1.0006403923034668,5.516678810119629,1.9743437767028809,1.0,1.9743437767028809
GCN,320,2514,2,1,2,-3.502629280090332,3.7316250801086426,7.234254360198975,0.8660253286361694,0.05017181858420372,-0.010347006842494011,0.9392216801643372,0.0,0.10837438423645321,0,0.0,0.0034891835310537334,5,1.0012632608413696,0.9981008768081665,0.8992005135073163,1.0,109.27578735351562,1.0,0.9316691160202026,1.0,0.9316691160202026,1.0,6.705522537231445e-08,1.0,0.9981008768081665,1.0012632608413696,3.9847800731658936,1.6120448112487793,1.0,1.6120448112487793
GCN,320,2523,2,1,2,-3.221752166748047,3.010161876678467,6.231914043426514,0.8660253286361694,0.05218149349093437,0.0,0.9392216801643372,0.0,0.10837438423645321,0,0.0,0.0034891835310537334,5,1.0020556449890137,0.9979485273361206,0.8992005135073163,1.0,109.27578735351562,1.0,0.9316691160202026,1.0,0.9316691160202026,1.0,6.705522537231445e-08,1.0,0.9979485273361206,1.0020556449890137,4.304054260253906,1.6120448112487793,1.0,1.6120448112487793
GCN,320,2533,0,1,1,-2.7717044353485107,4.663260459899902,7.434964895248413,0.9486831426620483,0.0822051614522934,-0.035954929888248444,0.8573882579803467,0.033984165638685226,0.10837438423645321,0,0.0,0.0034891835310537334,5,1.0014721155166626,0.9949016571044922,0.8200823869837026,1.0,99.74270629882812,1.0,0.8503942489624023,1.0,0.8503942489624023,1.0,5.972094641037984e-08,1.0000001192092896,0.9949016571044922,1.0014721155166626,3.6375904083251953,1.4715889692306519,1.0,1.4715889692306519
GCN,320,2540,3,0,1,-7.762664794921875,-0.832787036895752,6.929877758026123,0.9486831426620483,0.13973881304264069,0.0,0.8573882579803467,0.0,0.10837438423645321,0,0.0,0.0034891835310537334,5,1.0146498680114746,0.9855615496635437,0.8200823869837026,1.0,99.74270629882812,1.0,0.8503942489624023,1.0,0.8503942489624023,1.0,6.006850128414953e-08,1.0000001192092896,0.9855615496635437,1.0146498680114746,2.2684361934661865,1.4715889692306519,1.0,1.4715889692306519
GCN,320,2543,3,1,3,-5.187424659729004,2.9621644020080566,8.14958906173706,0.8017836213111877,0.03918425366282463,0.0,1.0144754648208618,0.0,0.10837438423645321,0,0.0,0.0034891835310537334,5,1.0011597871780396,0.9988416433334351,0.9723540606496855,1.0,118.04334259033203,1.0,1.0064208507537842,1.0,1.0064208507537842,1.0,0.0,1.0000001192092896,0.9988416433334351,1.0011597871780396,4.9698944091796875,1.741207480430603,1.0,1.741207480430603
GCN,320,2549,4,1,1,-3.2324764728546143,3.7541096210479736,6.986586093902588,0.9486831426620483,0.07610095292329788,0.0,0.8573882579803467,0.0,0.10837438423645321,0,0.0,0.0034891835310537334,5,1.0043671131134033,0.9956518411636353,0.8200823869837026,1.0,99.74270629882812,1.0,0.8503942489624023,1.0,0.8503942489624023,1.0,6.006850128414953e-08,1.0000001192092896,0.9956518411636353,1.0043671131134033,3.929046630859375,1.4715889692306519,1.0,1.4715889692306519
GCN,320,2552,3,1,1,-3.41032338142395,4.0625319480896,7.47285532951355,0.9486831426620483,0.15586954355239868,-0.02473404072225094,0.8573882579803467,0.0,0.10837438423645321,0,0.0,0.0034891835310537334,5,1.0135295391082764,0.9819745421409607,0.8200823869837026,1.0,99.74270629882812,1.0,0.8503942489624023,1.0,0.8503942489624023,1.0,6.006850128414953e-08,1.0000001192092896,0.9819745421409607,1.0135295391082764,1.7147765159606934,1.4715889692306519,1.0,1.4715889692306519
GCN,320,2557,2,1,1,-4.57769250869751,3.4017157554626465,7.979408264160156,0.9486831426620483,0.08323174715042114,0.0,0.8573882579803467,0.0,0.10837438423645321,0,0.0,0.0034891835310537334,5,1.0052218437194824,0.9948053359985352,0.8200823869837026,1.0,99.74270629882812,1.0,0.8503942489624023,1.0,0.8503942489624023,1.0,6.006850128414953e-08,1.0000001192092896,0.9948053359985352,1.0052218437194824,3.4295530319213867,1.4715889692306519,1.0,1.4715889692306519
GCN,320,2561,2,1,1,-1.517834186553955,4.7566375732421875,6.274471759796143,0.9486831426620483,0.15477439761161804,-0.0024280098732560873,0.8573882579803467,0.0,0.10837438423645321,0,0.0,0.0034891835310537334,5,1.0174888372421265,0.9823577404022217,0.8200823869837026,1.0,99.74270629882812,1.0,0.8503942489624023,1.0,0.8503942489624023,1.0,6.006850128414953e-08,1.0000001192092896,0.9823577404022217,1.0174888372421265,1.7147765159606934,1.4715889692306519,1.0,1.4715889692306519
GCN,320,2562,0,1,2,-0.4437861442565918,3.370296001434326,3.814082145690918,0.8660253286361694,0.08063244819641113,0.0,0.9392216801643372,0.0,0.10837438423645321,0,0.0,0.0034891835310537334,5,1.00490140914917,0.9951224327087402,0.8992005135073163,1.0,109.27578735351562,1.0,0.9316691160202026,1.0,0.9316691160202026,1.0,6.705522537231445e-08,1.0,0.9951224327087402,1.00490140914917,3.9847800731658936,1.6120448112487793,1.0,1.6120448112487793
GCN,320,2566,3,1,2,-1.8993308544158936,4.701563358306885,6.600894212722778,0.8660253286361694,0.06715395301580429,0.0,0.9392216801643372,0.0,0.10837438423645321,0,0.0,0.0034891835310537334,5,1.0034022331237793,0.9966092109680176,0.8992005135073163,1.0,109.27578735351562,1.0,0.9316691160202026,1.0,0.9316691160202026,1.0,6.705522537231445e-08,1.0,0.9966092109680176,1.0034022331237793,4.304054260253906,1.6120448112487793,1.0,1.6120448112487793
GCN,320,2568,3,1,1,-5.439602851867676,2.6033639907836914,8.042966842651367,0.9486831426620483,0.07965358346700668,0.0,0.8573882579803467,0.0,0.10837438423645321,0,0.0,0.0034891835310537334,5,1.0047835111618042,0.9952393770217896,0.8200823869837026,1.0,99.74270629882812,1.0,0.8503942489624023,1.0,0.8503942489624023,1.0,6.006850128414953e-08,1.0000001192092896,0.9952393770217896,1.0047835111618042,3.637590169906616,1.4715889692306519,1.0,1.4715889692306519
GCN,320,2578,0,1,2,-1.7667484283447266,3.4470558166503906,5.213804244995117,0.8660253286361694,0.049117445945739746,-0.1286570131778717,0.9392216801643372,0.18183790147304535,0.6095111784766957,1,0.0,0.0034891835310537334,5,0.9940363168716431,0.9981837868690491,0.8992005135073163,1.0,109.27578735351562,1.0,0.9316691160202026,1.0,0.9316691160202026,1.0,6.705522537231445e-08,1.0,0.9981837868690491,0.9940363168716431,4.5043487548828125,1.6120448112487793,1.0,1.6120448112487793
GCN,320,2582,3,1,3,-6.824150085449219,1.3449535369873047,8.169103622436523,0.8017836213111877,0.044431619346141815,-0.08445987850427628,1.0144754648208618,0.09279724210500717,0.2624100037893141,0,0.0,0.0034891835310537334,5,0.9968734383583069,0.9985083341598511,0.9723540606496855,1.0,118.04334259033203,1.0,1.0064208507537842,1.0,1.0064208507537842,1.0,2.9802322387695312e-08,1.0,0.9985083341598511,0.9968734383583069,4.421995639801025,1.741207480430603,1.0,1.741207480430603
GCN,320,2586,5,1,1,-2.5754458904266357,3.1149048805236816,5.690350770950317,0.9486831426620483,0.12263746559619904,0.0,0.8573882579803467,0.0,0.10837438423645321,0,0.0,0.0034891835310537334,5,1.0113023519515991,0.9888239502906799,0.8200823869837026,1.0,99.74270629882812,1.0,0.8503942489624023,1.0,0.8503942489624023,1.0,6.006850128414953e-08,1.0000001192092896,0.9888239502906799,1.0113023519515991,4.021507263183594,1.4715889692306519,1.0,1.4715889692306519
GCN,320,2592,5,1,2,-3.4842982292175293,1.9597194194793701,5.444017648696899,0.8660253286361694,0.05470056086778641,-0.04577379673719406,0.9392216801643372,0.03722779080271721,0.10837438423645321,0,0.0,0.0034891835310537334,5,0.9991825819015503,0.9977372884750366,0.8992005135073163,1.0,109.27578735351562,1.0,0.9316691160202026,1.0,0.9316691160202026,1.0,6.664001972467304e-08,1.0,0.9977372884750366,0.9991825819015503,3.637589454650879,1.6120448112487793,1.0000001192092896,1.6120445728302002
GCN,320,2598,1,1,1,-1.7497212886810303,3.758970260620117,5.5086915493011475,0.9486831426620483,0.08357597142457962,0.0,0.8573882579803467,0.0,0.10837438423645321,0,0.0,0.0034891835310537334,5,1.0052648782730103,0.994762659072876,0.8200823869837026,1.0,99.74270629882812,1.0,0.8503942489624023,1.0,0.8503942489624023,1.0,6.006850128414953e-08,1.0000001192092896,0.994762659072876,1.0052648782730103,3.4295530319213867,1.4715889692306519,1.0,1.4715889692306519
GCN,320,2599,3,1,3,-4.3593597412109375,2.8418703079223633,7.201230049133301,0.8017836213111877,0.04320725426077843,0.0,1.0144754648208618,0.0,0.10837438423645321,0,0.0,0.0034891835310537334,5,1.001409888267517,0.99859219789505,0.9723540606496855,1.0,118.04334259033203,1.0,1.0064208507537842,1.0,1.0064208507537842,1.0,0.0,1.0000001192092896,0.99859219789505,1.001409888267517,4.421995639801025,1.741207480430603,1.0,1.741207480430603
GCN,320,2603,3,1,1,-2.505927085876465,4.339270114898682,6.8451972007751465,0.9486831426620483,0.07365676015615463,-0.025326808914542198,0.8573882579803467,0.0,0.10837438423645321,0,0.0,0.0034891835310537334,5,1.0018049478530884,0.9959089756011963,0.8200823869837026,1.0,99.74270629882812,1.0,0.8503942489624023,1.0,0.8503942489624023,1.0,6.188916756855178e-08,1.0000001192092896,0.9959089756011963,1.0018049478530884,4.455120086669922,1.4715889692306519,1.0,1.4715889692306519
GCN,320,2604,6,1,3,-0.7391456365585327,2.3166909217834473,3.05583655834198,0.8017836213111877,0.04394714534282684,0.0,1.0144754648208618,0.0,0.10837438423645321,0,0.0,0.0034891835310537334,5,1.0014585256576538,0.9985436797142029,0.9723540606496855,1.0,118.04334259033203,1.0,1.0064208507537842,1.0,1.0064208507537842,1.0,0.0,1.0000001192092896,0.9985436797142029,1.0014585256576538,5.0723772048950195,1.741207480430603,1.0,1.741207480430603
GCN,320,2614,2,1,5,-5.154691696166992,1.582831621170044,6.737523317337036,0.7071066498756409,0.04686826467514038,0.0,1.150307059288025,0.0,0.10837438423645321,0,0.0,0.0034891835310537334,5,1.0016587972640991,0.9983440637588501,1.1051090585391374,1.0,133.870361328125,1.0,1.1413679122924805,1.0,1.1413679122924805,1.0,1.4901161193847656e-08,1.0000001192092896,0.9983440637588501,1.0016587972640991,5.144329071044922,1.9743437767028809,1.0,1.9743437767028809
GCN,320,2618,2,1,1,-2.1522505283355713,5.3433918952941895,7.495642423629761,0.9486831426620483,0.16227637231349945,0.0,0.8573882579803467,0.0,0.10837438423645321,0,0.0,0.0034891835310537334,5,1.019707202911377,0.9806736707687378,0.8200823869837026,1.0,99.74270629882812,1.0,0.8503942489624023,1.0,0.8503942489624023,1.0,6.006850128414953e-08,1.0000001192092896,0.9806736707687378,1.019707202911377,1.7147765159606934,1.4715889692306519,1.0,1.4715889692306519
GCN,320,2631,4,1,1,-4.424693584442139,4.153258323669434,8.577951908111572,0.9486831426620483,0.10608096420764923,0.0,0.8573882579803467,0.0,0.10837438423645321,0,0.0,0.0034891835310537334,5,1.0084686279296875,0.9916025400161743,0.8200823869837026,1.0,99.74270629882812,1.0,0.8503942489624023,1.0,0.8503942489624023,1.0,6.006850128414953e-08,1.0000001192092896,0.9916025400161743,1.0084686279296875,3.2080531120300293,1.4715889692306519,1.0,1.4715889692306519
GCN,320,2641,2,1,2,-3.0963635444641113,2.339815378189087,5.436178922653198,0.8660253286361694,0.05231768637895584,-0.015509824268519878,0.9392216801643372,0.0,0.10837438423645321,0,0.0,0.0034891835310537334,5,1.0010703802108765,0.9979342222213745,0.8992005135073163,1.0,109.27578735351562,1.0,0.9316691160202026,1.0,0.9316691160202026,1.0,6.705522537231445e-08,1.0,0.9979342222213745,1.0010703802108765,3.8725099563598633,1.6120448112487793,1.0,1.6120448112487793
GCN,320,2642,2,1,4,-5.617448806762695,3.3379414081573486,8.955390214920044,0.7499998807907104,0.034271951764822006,0.0,1.084519863128662,0.0,0.10837438423645321,0,0.0,0.0034891835310537334,5,1.000887393951416,0.9991134405136108,1.0407128672118384,1.0,126.20463562011719,1.0,1.076006293296814,1.0,1.076006293296814,1.0,7.679882507716229e-09,1.0000001192092896,0.9991134405136108,1.000887393951416,4.6012282371521,1.861429214477539,1.0,1.861429214477539
GCN,320,2646,4,1,1,-3.9157445430755615,4.327821731567383,8.243566274642944,0.9486831426620483,0.0707089975476265,0.0,0.8573882579803467,0.0,0.10837438423645321,0,0.0,0.0034891835310537334,5,1.0037713050842285,0.9962428212165833,0.8200823869837026,1.0,99.74270629882812,1.0,0.8503942489624023,1.0,0.8503942489624023,1.0,6.006850128414953e-08,1.0000001192092896,0.9962428212165833,1.0037713050842285,4.111889362335205,1.4715889692306519,1.0,1.4715889692306519
GCN,320,2647,4,1,3,-3.3995141983032227,4.390140533447266,7.789654731750488,0.8017836213111877,0.0396854393184185,0.0,1.0144754648208618,0.0,0.10837438423645321,0,0.0,0.0034891835310537334,5,1.0011895895004272,0.9988119006156921,0.9723540606496855,1.0,118.04334259033203,1.0,1.0064208507537842,1.0,1.0064208507537842,1.0,0.0,1.0000001192092896,0.9988119006156921,1.0011895895004272,4.9698944091796875,1.741207480430603,1.0,1.741207480430603
GCN,320,2653,0,1,2,-0.3064669370651245,3.4210190773010254,3.72748601436615,0.8660253286361694,0.05294527858495712,-0.05013042688369751,0.9392216801643372,0.0,0.10837438423645321,0,0.0,0.0034891835310537334,5,0.9988546967506409,0.9978797435760498,0.8992005135073163,1.0,109.27578735351562,1.0,0.9316691160202026,1.0,0.9316691160202026,1.0,3.0719530030864917e-08,1.0,0.9978797435760498,0.9988546967506409,3.9847800731658936,1.6120448112487793,1.0,1.6120448112487793
GCN,320,2658,2,1,1,-4.400651931762695,4.377626895904541,8.778278827667236,0.9486831426620483,0.07463280111551285,0.0,0.8573882579803467,0.0,0.10837438423645321,0,0.0,0.0034891835310537334,5,1.0042006969451904,0.9958169460296631,0.8200823869837026,1.0,99.74270629882812,1.0,0.8503942489624023,1.0,0.8503942489624023,1.0,6.006850128414953e-08,1.0000001192092896,0.9958169460296631,1.0042006969451904,4.021507263183594,1.4715889692306519,1.0,1.4715889692306519
GCN,320,2668,3,1,5,-3.694462299346924,2.8221302032470703,6.516592502593994,0.7071066498756409,0.02500685304403305,-0.020818522199988365,1.150307059288025,0.0,0.10837438423645321,0,0.0,0.0034891835310537334,5,0.9998325705528259,0.9995273947715759,1.1051090585391374,1.0,133.870361328125,1.0,1.1413679122924805,1.0,1.1413679122924805,1.0,1.5017125321037383e-08,1.0000001192092896,0.9995273947715759,0.9998325705528259,5.516678810119629,1.9743437767028809,1.0,1.9743437767028809
GCN,320,2669,3,1,1,-3.9241280555725098,4.070349216461182,7.994477272033691,0.9486831426620483,0.08908270299434662,0.0,0.8573882579803467,0.0,0.10837438423645321,0,0.0,0.0034891835310537334,5,1.0059794187545776,0.9940560460090637,0.8200823869837026,1.0,99.74270629882812,1.0,0.8503942489624023,1.0,0.8503942489624023,1.0,6.006850128414953e-08,1.0000001192092896,0.9940560460090637,1.0059794187545776,3.7372686862945557,1.4715889692306519,1.0,1.4715889692306519
GCN,320,2681,4,1,5,-2.122654438018799,5.308009147644043,7.430663585662842,0.7071066498756409,0.04261180758476257,-0.05168008431792259,1.150307059288025,0.18592466413974762,0.6218264494126563,1,0.0,0.0034891835310537334,5,0.9986639618873596,0.9986268281936646,1.1051090585391374,1.0,133.870361328125,1.0,1.1413679122924805,1.0,1.1413679122924805,1.0,1.5359765015432458e-08,1.0000001192092896,0.9986268281936646,0.9986639618873596,5.395418167114258,1.9743437767028809,1.0,1.9743437767028809
GCN,320,2685,2,1,4,-6.4492998123168945,2.0629971027374268,8.512296915054321,0.7499998807907104,0.05934588238596916,0.0,1.084519863128662,0.0,0.10837438423645321,0,0.0,0.0034891835310537334,5,1.0026581287384033,0.997348964214325,1.0407128672118384,1.0,126.20463562011719,1.0,1.076006293296814,1.0,1.076006293296814,1.0,7.450580596923828e-09,1.0000001192092896,0.997348964214325,1.0026581287384033,2.8693699836730957,1.861429214477539,1.0,1.861429214477539
GCN,320,2686,3,1,2,-5.345396518707275,2.6764066219329834,8.021803140640259,0.8660253286361694,0.09780437499284744,0.0,0.9392216801643372,0.0,0.10837438423645321,0,0.0,0.0034891835310537334,5,1.0072031021118164,0.9928483366966248,0.8992005135073163,1.0,109.27578735351562,1.0,0.9316691160202026,1.0,0.9316691160202026,1.0,6.705522537231445e-08,1.0,0.9928483366966248,1.0072031021118164,1.8784433603286743,1.6120448112487793,1.0,1.6120448112487793
GCN,320,2689,2,1,2,-4.552850723266602,3.2403006553649902,7.793151378631592,0.8660253286361694,0.08940719068050385,0.0,0.9392216801643372,0.0,0.10837438423645321,0,0.0,0.0034891835310537334,5,1.0060229301452637,0.9940131902694702,0.8992005135073163,1.0,109.27578735351562,1.0,0.9316691160202026,1.0,0.9316691160202026,1.0,6.705522537231445e-08,1.0,0.9940131902694702,1.0060229301452637,2.100163459777832,1.6120448112487793,1.0,1.6120448112487793
GCN,320,2690,6,1,1,0.2907583713531494,3.5980935096740723,3.307335138320923,0.9486831426620483,0.15704141557216644,0.0,0.8573882579803467,0.0,0.10837438423645321,0,0.0,0.0034891835310537334,5,1.0184674263000488,0.9818674325942993,0.8200823869837026,1.0,99.74270629882812,1.0,0.8503942489624023,1.0,0.8503942489624023,1.0,6.006850128414953e-08,1.0000001192092896,0.9818674325942993,1.0184674263000488,1.9171782732009888,1.4715889692306519,1.0,1.4715889692306519
GCN,320,2699,3,1,1,-3.0766615867614746,3.686328411102295,6.7629899978637695,0.9486831426620483,0.08612877875566483,0.0,0.8573882579803467,0.0,0.10837438423645321,0,0.0,0.0034891835310537334,5,1.0055904388427734,0.9944406151771545,0.8200823869837026,1.0,99.74270629882812,1.0,0.8503942489624023,1.0,0.8503942489624023,1.0,6.006850128414953e-08,1.0000001192092896,0.9944406151771545,1.0055904388427734,3.7372686862945557,1.4715889692306519,1.0,1.4715889692306519
GCN,320,2700,3,1,1,-2.150280237197876,3.920067310333252,6.070347547531128,0.9486831426620483,0.08699715882539749,-0.023676076903939247,0.8573882579803467,0.031463224440813065,0.10837438423645321,0,0.0,0.0034891835310537334,5,1.0031824111938477,0.9943034648895264,0.8200823869837026,1.0,99.74270629882812,1.0,0.8503942489624023,1.0,0.8503942489624023,1.0,6.143906006172983e-08,1.0000001192092896,0.9943034648895264,1.0031824111938477,3.929046630859375,1.4715889692306519,1.0,1.4715889692306519
GCN,320,2702,0,1,2,0.1489497423171997,4.658061504364014,4.509111762046814,0.8660253286361694,0.05912607163190842,-0.00616478780284524,0.9392216801643372,0.0,0.10837438423645321,0,0.0,0.0034891835310537334,5,1.0021913051605225,0.9973662495613098,0.8992005135073163,1.0,109.27578735351562,1.0,0.9316691160202026,1.0,0.9316691160202026,1.0,6.705522537231445e-08,1.0,0.9973662495613098,1.0021913051605225,3.9847800731658936,1.6120448112487793,1.0,1.6120448112487793
GCN,320,2707,3,1,4,-5.548792839050293,1.0681986808776855,6.6169915199279785,0.7499998807907104,0.03268706053495407,0.0,1.084519863128662,0.0,0.10837438423645321,0,0.0,0.0034891835310537334,5,1.0008071660995483,0.999193549156189,1.0407128672118384,1.0,126.20463562011719,1.0,1.076006293296814,1.0,1.076006293296814,1.0,7.450580596923828e-09,1.0000001192092896,0.999193549156189,1.0008071660995483,3.9102916717529297,1.861429214477539,1.0,1.861429214477539
