architecture,seed,node_id,label,success,degree,clean_margin,trigger_margin,delta_margin,c_v,b_norm,b_q_cos,trigger_norm,trigger_victim_cos,edge_clean_percentile,edge_survives_tau_0_1,negative_ratio,density,nnz,actual_residual_norm_ratio,actual_residual_q_cos,knn_score,knn_percentile,mahalanobis_score,mahalanobis_percentile,pca_residual_score,pca_residual_percentile,ood_score,ood_percentile,neutral_residual_l2,residual_formula_l2,token_recovery_l2,token_recovery_cos,alpha_v,prototype_l1,prototype_nnz,prototype_victim_cos,trigger_l1,victim_l1,trigger_l1_ratio
GCN,265,1370,6,1,8,-1.4305222034454346,0.9042116403579712,2.3347338438034058,0.6123723983764648,0.021423550322651863,-0.00014464574633166194,0.19232158362865448,0.02943366765975952,0.10837438423645321,0,0.0,0.07815771109560363,112,0.12179069221019745,0.9908021092414856,0.24499262346139927,0.31646971935007384,23.1663818359375,0.03508124076809453,0.19357147812843323,0.6584194977843427,0.19357147812843323,0.6584194977843427,1.0492889224167357e-08,1.0484328960558287e-08,8.608564883161307e-08,1.0,0.12067287415266037,0.2627439796924591,108,0.647226870059967,0.2627439498901367,1.0,0.2627439498901367
GCN,265,1376,0,1,3,2.500095844268799,4.937032699584961,2.436936855316162,0.8017836213111877,0.0350797064602375,0.0,0.22272099554538727,0.04135102778673172,0.10913224706328155,0,0.0,0.04884856943475227,70,0.18492120504379272,0.989294707775116,0.2654914941188495,0.7101181683899557,26.782052993774414,0.12186115214180207,0.2232971340417862,0.8559822747415067,0.2232971340417862,0.8559822747415067,6.177695244247161e-09,7.790698752785374e-09,7.236052823600403e-08,1.0,0.18294157087802887,0.3042243421077728,65,0.841993510723114,0.3042243421077728,1.0,0.3042243421077728
GCN,265,1378,2,1,3,-3.6267569065093994,1.8202342987060547,5.446991205215454,0.8017836213111877,0.052128564566373825,0.0,0.29675716161727905,0.03477957099676132,0.10837438423645321,0,0.0,0.0418702023726448,60,0.24696004390716553,0.9867284893989563,0.3214323194035498,0.8733382570162481,35.60538101196289,0.5649926144756278,0.2961888611316681,0.939807976366322,0.2961888611316681,0.939807976366322,9.451891713752048e-09,1.8471556728627547e-08,7.414404024075338e-08,1.0,0.24368251860141754,0.40523403882980347,55,0.6349899172782898,0.40523403882980347,1.0,0.40523403882980347
GCN,265,1392,3,1,3,-1.7620904445648193,2.4910476207733154,4.253138065338135,0.8017836213111877,0.035835810005664825,-0.0011514369398355484,0.2395954430103302,0.036246009171009064,0.10837438423645321,0,0.0,0.05024424284717376,72,0.19870473444461823,0.9903294444084167,0.27714458890343663,0.8057607090103397,28.775352478027344,0.2101181683899557,0.23990978300571442,0.8829394387001477,0.23990978300571442,0.8829394387001477,4.5625303535246076e-09,1.6400209190692294e-08,6.859144718873722e-08,1.0,0.1968149095773697,0.32729512453079224,69,0.777210533618927,0.32729509472846985,1.0,0.32729509472846985
GCN,265,1393,3,1,1,-2.2357120513916016,4.092001438140869,6.327713489532471,0.9486831426620483,0.08223089575767517,0.0,0.37350350618362427,0.05043279007077217,0.1612353164077302,0,0.0,0.030006978367062107,43,0.36830222606658936,0.9851397275924683,0.3858938763940973,0.9154357459379616,44.80952072143555,0.8759231905465288,0.372132271528244,0.98301329394387,0.372132271528244,0.98301329394387,7.902533738501916e-09,1.6192613472298945e-08,7.806044521885269e-08,1.0,0.3628291189670563,0.5099407434463501,38,0.8692684769630432,0.5099407434463501,1.0,0.5099407434463501
GCN,265,1400,3,0,2,-6.174901962280273,-0.03380775451660156,6.141094207763672,0.8660253286361694,0.058645207434892654,-0.0003919585142284632,0.30606257915496826,0.045570798218250275,0.12182644941265632,0,0.0,0.03628750872295883,52,0.2751525938510895,0.9864668250083923,0.32846051047501773,0.8777695716395865,36.69017791748047,0.6244460856720827,0.30530205368995667,0.9464549483013294,0.30530205368995667,0.9464549483013294,3.725290298461914e-09,4.380682483429155e-09,1.744832367478466e-08,1.0,0.2714465856552124,0.417919397354126,48,0.8238628506660461,0.417919397354126,1.0,0.417919397354126
GCN,265,1416,0,1,18,3.836392641067505,5.349822521209717,1.513429880142212,0.4522669315338135,0.013079441152513027,-0.0010089233983308077,0.22634729743003845,0.01339612528681755,0.10837438423645321,0,0.0,0.14863921842288905,213,0.10541397333145142,0.9954344630241394,0.26805851269827446,0.7367060561299852,27.201608657836914,0.14069423929098965,0.226933553814888,0.8629985228951256,0.226933553814888,0.8629985228951256,1.251234582611005e-08,1.52803227848608e-08,1.4542040105425258e-07,1.0,0.10494285821914673,0.30938324332237244,211,0.41939201951026917,0.30938324332237244,1.0,0.30938324332237244
GCN,265,1422,4,1,1,-4.248738765716553,1.0514283180236816,5.300167083740234,0.9486831426620483,0.0850110873579979,0.0,0.3321439027786255,0.06293544173240662,0.20386510041682457,0,0.0,0.025819958129797628,37,0.3290244936943054,0.9800483584403992,0.3496310371209115,0.888109305760709,39.873207092285156,0.7562776957163959,0.3310074806213379,0.9667651403249631,0.3310074806213379,0.9667651403249631,7.450580596923828e-09,2.9803231882397085e-08,5.960464477539063e-08,1.0,0.3224599063396454,0.4532035291194916,32,0.933097779750824,0.45320355892181396,1.0000001192092896,0.4532034993171692
GCN,265,1423,3,1,2,-0.04506850242614746,3.692898988723755,3.7379674911499023,0.8660253286361694,0.046310484409332275,0.0,0.2313232570886612,0.052581749856472015,0.1733611216369837,0,0.0,0.03628750872295883,52,0.2082064300775528,0.9852526783943176,0.27169200449707065,0.7695716395864106,27.853904724121094,0.17134416543574593,0.2317579686641693,0.870384047267356,0.2317579686641693,0.870384047267356,5.26835597369768e-09,1.5771268735420563e-08,6.423425702450913e-08,1.0,0.20513594150543213,0.31582748889923096,47,0.9098411202430725,0.31582748889923096,1.0,0.31582748889923096
GCN,265,1425,4,1,2,-2.788809299468994,0.6753434538841248,3.464152753353119,0.8660253286361694,0.04911937192082405,-0.0007117718923836946,0.2376030832529068,0.05150902643799782,0.17032967032967034,0,0.0,0.03210048848569435,46,0.21400785446166992,0.9842891097068787,0.2761549657153131,0.8002215657311669,28.549785614013672,0.20125553914327918,0.23771151900291443,0.8785081240768094,0.23771151900291443,0.8785081240768094,6.969380184074225e-09,1.6578127315369784e-08,1.2298308149638615e-07,1.0,0.21067248284816742,0.32435154914855957,42,0.8631240129470825,0.3243514895439148,1.0,0.3243514895439148
GCN,265,1429,4,1,3,-3.0614242553710938,0.018871307373046875,3.0802955627441406,0.8017836213111877,0.04172129929065704,0.0,0.23849834501743317,0.037468887865543365,0.10837438423645321,0,0.0,0.040474528960223306,58,0.19845806062221527,0.9868364334106445,0.27710286277171886,0.8057607090103397,28.643346786499023,0.20273264401772526,0.23874250054359436,0.8799852289512555,0.23874250054359436,0.8799852289512555,5.587935447692871e-09,5.2182769216813085e-09,6.554089537758045e-08,1.0,0.19584564864635468,0.3256832957267761,53,0.6869348883628845,0.3256832957267761,1.0,0.3256832957267761
GCN,265,1434,3,0,2,-4.581968784332275,-0.23086154460906982,4.351107239723206,0.8660253286361694,0.0720544308423996,0.0,0.24162621796131134,0.08129023760557175,0.22167487684729065,0,0.0,0.02512212142358688,36,0.22090184688568115,0.9680069088935852,0.2798731001601622,0.8197932053175776,29.042001724243164,0.22156573116691286,0.24172453582286835,0.8847858197932054,0.24172453582286835,0.8847858197932054,9.125060707049215e-09,1.9996344136075095e-08,9.13313655814818e-08,1.0,0.21383453905582428,0.32921984791755676,31,0.9443051218986511,0.3292198181152344,1.0,0.3292198181152344
GCN,265,1436,5,1,1,-3.8319473266601562,2.219722270965576,6.051669597625732,0.9486831426620483,0.08288966119289398,0.0,0.32155629992485046,0.05580155551433563,0.19268662372110648,0,0.0,0.022330774598743892,32,0.3186165988445282,0.9797692894935608,0.3410913979680343,0.8873707533234859,38.519500732421875,0.7097488921713442,0.32046744227409363,0.9586410635155096,0.32046744227409363,0.9586410635155096,6.4523919540704355e-09,6.062288093744428e-08,1.2411773298026674e-07,1.0,0.31217074394226074,0.43874257802963257,27,0.8214555978775024,0.43874257802963257,1.0,0.43874257802963257
GCN,265,1437,4,1,1,-1.332789421081543,3.929250717163086,5.262040138244629,0.9486831426620483,0.07450384646654129,0.0,0.3319685757160187,0.055374324321746826,0.1896551724137931,0,0.0,0.030006978367062107,43,0.3275136947631836,0.9845691323280334,0.349732350719405,0.888109305760709,39.86307907104492,0.7555391432791728,0.33083459734916687,0.9667651403249631,0.33083459734916687,0.9667651403249631,7.679882507716229e-09,3.094480405252398e-08,6.505440097726023e-08,1.0,0.3224598467350006,0.4532034695148468,38,0.9362846612930298,0.4532034397125244,1.0,0.4532034397125244
GCN,265,1441,5,1,23,-1.7875453233718872,0.1851184368133545,1.9726637601852417,0.40824824571609497,0.016554513946175575,-0.0003500732418615371,0.2793337404727936,0.012619785964488983,0.10837438423645321,0,0.0,0.14724354501046755,211,0.11757644265890121,0.994117021560669,0.3076872367423832,0.8641063515509602,33.499053955078125,0.45679468242245197,0.2790776491165161,0.9231905465288035,0.2790776491165161,0.9231905465288035,1.7172739674720106e-08,2.333226589712467e-08,1.9473888812626683e-07,1.0,0.11688921600580215,0.38175860047340393,207,0.3477308750152588,0.38175857067108154,1.0,0.38175857067108154
GCN,265,1442,3,1,2,-2.7315921783447266,3.357950210571289,6.089542388916016,0.8660253286361694,0.056303102523088455,0.0,0.3245210349559784,0.03745819628238678,0.10837438423645321,0,0.0,0.03838101884159107,55,0.29114288091659546,0.9888724088668823,0.34427068030295765,0.8877400295420975,38.91565704345703,0.7234121122599705,0.3234799802303314,0.9612259970457903,0.3234799802303314,0.9612259970457903,8.33000246558413e-09,6.656065920651599e-09,6.423594811622024e-08,1.0,0.28790315985679626,0.4432559609413147,50,0.7479075789451599,0.4432559311389923,1.0,0.4432559311389923
GCN,265,1444,2,0,4,-2.714719295501709,-1.0885971784591675,1.6261221170425415,0.7499998807907104,0.03330957144498825,-0.0004692487418651581,0.19579026103019714,0.03411320224404335,0.10837438423645321,0,0.0,0.052337752965806,75,0.15252526104450226,0.9857870936393738,0.24797912483409404,0.3733382570162482,23.585847854614258,0.03914327917282127,0.1969500035047531,0.7005169867060561,0.1969500035047531,0.7005169867060561,4.816837595456036e-09,6.41671826784318e-09,3.891564048785767e-08,1.0,0.15036945044994354,0.2673235237598419,72,0.6015417575836182,0.26732349395751953,1.0,0.26732349395751953
GCN,265,1448,1,1,5,-1.8208011388778687,0.8801875114440918,2.7009886503219604,0.7071066498756409,0.02160467952489853,-0.0008186937193386257,0.16303156316280365,0.03975696861743927,0.10837438423645321,0,0.0,0.06629448709002093,95,0.11925861984491348,0.9902418255805969,0.22793939270695998,0.1310930576070901,19.73208999633789,0.0051698670605613,0.16527767479419708,0.155096011816839,0.16527767479419708,0.155096011816839,5.890201215663637e-09,6.901229365752215e-09,5.659652657641345e-08,1.0,0.11810848861932755,0.22270753979682922,91,0.8205729126930237,0.22270753979682922,1.0,0.22270753979682922
GCN,265,1450,3,1,3,-4.07168436050415,0.23970770835876465,4.311392068862915,0.8017836213111877,0.04063565284013748,0.0,0.2676871716976166,0.036529723554849625,0.10837438423645321,0,0.0,0.05024424284717376,72,0.22210615873336792,0.9900462627410889,0.29861499940326874,0.8574593796159528,32.135581970214844,0.3892171344165436,0.2674880623817444,0.912850812407681,0.2674880623817444,0.912850812407681,6.8437953082423064e-09,7.129903778491098e-09,3.3852646907917006e-08,1.0,0.2198953777551651,0.36567699909210205,67,0.7717628479003906,0.36567696928977966,1.0,0.36567696928977966
GCN,265,1452,4,0,3,-2.988554000854492,-0.7277193069458008,2.2608346939086914,0.8017836213111877,0.039163362234830856,0.0,0.20426855981349945,0.05236315354704857,0.1733611216369837,0,0.0,0.0418702023726448,60,0.17037200927734375,0.9842410087585449,0.25312045352290674,0.4778434268833087,24.588228225708008,0.058714918759231904,0.2052142173051834,0.7721565731166913,0.2052142173051834,0.7721565731166913,2.3744159971528234e-09,1.5349284510079997e-08,6.325628021386365e-08,1.0,0.16768711805343628,0.2788568139076233,55,0.8759201765060425,0.2788568139076233,1.0,0.2788568139076233
GCN,265,1457,3,1,3,-4.450343132019043,1.4731274843215942,5.923470616340637,0.8017836213111877,0.044011928141117096,-0.0004613852361217141,0.319662481546402,0.027460526674985886,0.10837438423645321,0,0.0,0.052337752965806,75,0.26479607820510864,0.9917921423912048,0.34026013002023964,0.8870014771048744,38.323936462402344,0.7005169867060561,0.3188307285308838,0.9571639586410635,0.3188307285308838,0.9571639586410635,7.092741505232425e-09,6.614193637233257e-09,2.6358238258694655e-08,1.0,0.26263830065727234,0.4367567300796509,71,0.6396572589874268,0.4367567002773285,1.0,0.4367567002773285
GCN,265,1476,6,1,2,-2.2341957092285156,2.356485366821289,4.590681076049805,0.8660253286361694,0.0553131178021431,-0.0019927402026951313,0.3060360252857208,0.038459938019514084,0.10837438423645321,0,0.0,0.03558967201674808,51,0.2746776044368744,0.9879283308982849,0.32815942129606746,0.8777695716395865,36.693206787109375,0.6248153618906942,0.30528929829597473,0.9464549483013294,0.30528929829597473,0.9464549483013294,7.957223324694951e-09,3.9033869470017635e-09,1.11077547160221e-08,1.0,0.2714465856552124,0.417919397354126,48,0.7371292114257812,0.417919397354126,1.0,0.417919397354126
GCN,265,1486,2,1,3,-3.379246473312378,0.7379826903343201,4.117229163646698,0.8017836213111877,0.03606593608856201,-0.06325185298919678,0.21675944328308105,0.045570626854896545,0.12182644941265632,0,0.0,0.04884856943475227,70,0.17784957587718964,0.9878063201904297,0.2614322346634278,0.6480797636632201,26.107030868530273,0.09785819793205318,0.2176028937101364,0.8408419497784343,0.2176028937101364,0.8408419497784343,0.0,1.5580310375185036e-08,6.412783193354699e-08,1.0,0.17743583023548126,0.29506850242614746,67,0.8783811330795288,0.29506850242614746,1.0,0.29506850242614746
GCN,265,1487,6,1,4,-0.7776270508766174,1.7834789752960205,2.561106026172638,0.7499998807907104,0.027274535968899727,-0.000595325545873493,0.22081813216209412,0.03213720768690109,0.10837438423645321,0,0.0,0.0628053035589672,90,0.17100046575069427,0.9924439787864685,0.26449760840475883,0.6905465288035451,26.548505783081055,0.11521418020679468,0.22157472372055054,0.8515509601181684,0.22157472372055054,0.8515509601181684,3.0888476221235805e-09,1.5384120644057475e-08,6.381768713481506e-08,1.0,0.169720858335495,0.3017260432243347,86,0.7542918920516968,0.30172601342201233,1.0,0.30172601342201233
GCN,265,1493,4,1,1,-1.1170958280563354,3.2481496334075928,4.365245461463928,0.9486831426620483,0.07283671945333481,0.0,0.28047069907188416,0.0672539621591568,0.20765441455096628,0,0.0,0.028611304954640614,41,0.2779804766178131,0.9794750809669495,0.3080622647277404,0.8652141802067946,33.65645980834961,0.46639586410635153,0.28003066778182983,0.9246676514032496,0.28003066778182983,0.9246676514032496,7.213993846733047e-09,5.043619299982538e-09,2.0174477199930152e-08,1.0,0.2722749412059784,0.38267073035240173,36,0.9827343821525574,0.38267073035240173,1.0,0.38267073035240173
GCN,265,1499,2,0,4,-2.998002529144287,-0.15845823287963867,2.8395442962646484,0.7499998807907104,0.032199643552303314,0.0,0.18113964796066284,0.043852798640728,0.1138688897309587,0,0.0,0.051639916259595256,74,0.14128898084163666,0.9845120906829834,0.23770196258094198,0.21307237813884786,21.850448608398438,0.02031019202363368,0.18267574906349182,0.4793205317577548,0.18267574906349182,0.4793205317577548,9.077409934832303e-09,1.875822519536996e-08,1.4416846738640743e-07,1.0,0.13910070061683655,0.24729019403457642,69,0.7400838732719421,0.24729017913341522,1.0,0.24729017913341522
GCN,265,1501,6,1,7,-0.9835302233695984,1.5719670057296753,2.5554972290992737,0.6396021246910095,0.021951094269752502,-0.00022954259475227445,0.22519907355308533,0.019517727196216583,0.10837438423645321,0,0.0,0.07885554780181438,113,0.1485891044139862,0.9935214519500732,0.2674743423233839,0.731536189069424,27.0739688873291,0.13552437223042835,0.22590771317481995,0.8615214180206795,0.22590771317481995,0.8615214180206795,9.900094966042161e-09,9.383811061525194e-09,6.296250631976363e-08,1.0,0.14763034880161285,0.3077545464038849,109,0.5122825503349304,0.3077545166015625,1.0,0.3077545166015625
GCN,265,1506,2,1,2,-1.8207454681396484,2.2537078857421875,4.074453353881836,0.8660253286361694,0.05089077353477478,0.0,0.2407170683145523,0.05573076754808426,0.19268662372110648,0,0.0,0.034193998604326585,49,0.21698597073554993,0.9835895895957947,0.27731958472053253,0.8057607090103397,28.893760681152344,0.21565731166912852,0.24088583886623383,0.8836779911373708,0.24088583886623383,0.8836779911373708,1.0474791700687547e-08,1.6131085800452638e-08,6.431016430497039e-08,1.0,0.21342512965202332,0.328589528799057,44,0.9131737351417542,0.3285894989967346,1.0,0.3285894989967346
GCN,265,1507,0,1,6,-1.1295697689056396,1.2210667133331299,2.3506364822387695,0.6708203554153442,0.028268294408917427,0.0,0.20975223183631897,0.03159470483660698,0.10837438423645321,0,0.0,0.056524773203070484,81,0.1457705795764923,0.988810122013092,0.25721059241281996,0.5705317577548006,25.2315616607666,0.07163958641063516,0.2106783390045166,0.8131462333825702,0.2106783390045166,0.8131462333825702,9.644923082419155e-09,1.8175173366330455e-08,9.40624289569314e-08,1.0,0.14413942396640778,0.28649380803108215,76,0.6290534138679504,0.28649380803108215,1.0,0.28649380803108215
GCN,265,1523,0,1,2,0.776012659072876,4.782314300537109,4.006301641464233,0.8660253286361694,0.05808721482753754,-0.08949168026447296,0.30193257331848145,0.04814467579126358,0.14153088291019325,0,0.0,0.03768318213538032,54,0.266204297542572,0.9859253764152527,0.32200431633360527,0.8733382570162481,36.209957122802734,0.6000738552437223,0.3011668026447296,0.9420236336779911,0.3011668026447296,0.9420236336779911,1.1136997990490727e-08,3.14930872491459e-08,6.944288344357119e-08,1.0,0.2664565145969391,0.4102367162704468,50,0.8668985366821289,0.4102367162704468,1.0,0.4102367162704468
GCN,265,1541,3,1,1,-5.004820823669434,3.3627116680145264,8.36753249168396,0.9486831426620483,0.09069238603115082,0.0,0.3736395239830017,0.05680093169212341,0.19325502084122773,0,0.0,0.025819958129797628,37,0.3694758117198944,0.9820103049278259,0.3834082191684732,0.9106351550960118,44.820491790771484,0.8759231905465288,0.3715169429779053,0.98301329394387,0.3715169429779053,0.98301329394387,6.969380184074225e-09,3.042540797082438e-08,6.26708143158794e-08,1.0,0.3628290891647339,0.5099406838417053,32,0.8880113363265991,0.5099406242370605,1.0,0.5099406242370605
GCN,265,1546,2,0,5,-5.077104568481445,-2.253052234649658,2.824052333831787,0.7071066498756409,0.025761853903532028,-0.06594783812761307,0.17848734557628632,0.03571829944849014,0.10837438423645321,0,0.0,0.05303558967201675,76,0.12906594574451447,0.9881930947303772,0.2366453516511078,0.19719350073855244,21.535507202148438,0.01809453471196455,0.180108442902565,0.43057607090103395,0.180108442902565,0.43057607090103395,7.747525287982171e-09,9.514560694867669e-09,7.591108897031518e-08,1.0,0.12884901463985443,0.24296008050441742,72,0.6999483108520508,0.2429600954055786,1.0,0.2429600954055786
GCN,265,1554,3,0,4,-7.423611640930176,-3.9977824687957764,3.4258291721343994,0.7499998807907104,0.057508327066898346,0.0,0.27055513858795166,0.05334868282079697,0.18226600985221675,0,0.0,0.03210048848569435,46,0.21226847171783447,0.9780408143997192,0.3011683660518015,0.8604135893648449,32.482826232910156,0.4076809453471196,0.2701962888240814,0.9158050221565731,0.2701962888240814,0.9158050221565731,8.381903171539307e-09,1.06041833092263e-08,8.131758022500435e-08,1.0,0.207607239484787,0.3690796196460724,41,0.7529566287994385,0.36907958984375,1.0,0.36907958984375
GCN,265,1561,1,1,2,-1.475414752960205,2.6160004138946533,4.091415166854858,0.8660253286361694,0.04245861992239952,0.0,0.21044495701789856,0.05464693531394005,0.18927624100037893,0,0.0,0.03698534542916958,53,0.1894531100988388,0.985026478767395,0.25576748544688793,0.5398818316100443,25.35221290588379,0.07459379615952733,0.21131044626235962,0.8153618906942393,0.21131044626235962,0.8153618906942393,7.450580596923828e-09,1.5176134127159457e-08,6.22211331346989e-08,1.0,0.18661633133888245,0.28731468319892883,48,0.9382726550102234,0.28731468319892883,1.0,0.28731468319892883
GCN,265,1565,2,1,2,-4.022759437561035,0.5407410860061646,4.5635005235672,0.8660253286361694,0.12177783250808716,0.0,0.20521759986877441,0.16577862203121185,0.563849943160288,1,0.0,0.020237264480111653,29,0.2025602012872696,0.8866291642189026,0.25087051526058735,0.4423929098966027,24.450632095336914,0.05502215657311669,0.20378604531288147,0.7632939438700148,0.20378604531288147,0.7632939438700148,0.0,7.216224062744914e-09,4.957051302767468e-08,1.0,0.17959578335285187,0.27650582790374756,24,0.9677550196647644,0.27650582790374756,1.0,0.27650582790374756
GCN,265,1567,3,0,4,-5.412598609924316,-2.915405750274658,2.497192859649658,0.7499998807907104,0.048893678933382034,0.0,0.23198021948337555,0.05722377076745033,0.19458128078817735,0,0.0,0.03349616189811584,48,0.18194495141506195,0.9783991575241089,0.27254328970072766,0.7788035450516987,27.88252067565918,0.17208271787296897,0.23236039280891418,0.8722304283604135,0.23236039280891418,0.8722304283604135,9.98732208046249e-09,1.2993874420885732e-08,6.969068522266753e-08,1.0,0.17801478505134583,0.31647080183029175,43,0.8145090341567993,0.31647077202796936,1.0,0.31647077202796936
GCN,265,1568,2,0,4,-2.9502570629119873,-0.09824466705322266,2.8520123958587646,0.7499998807907104,0.026322316378355026,-0.0003338335664011538,0.1693403422832489,0.04483628645539284,0.11860553239863585,0,0.0,0.05722260990928123,82,0.13165123760700226,0.9881007671356201,0.23141715123877127,0.14734121122599705,20.465749740600586,0.00812407680945347,0.17126117646694183,0.258493353028065,0.17126117646694183,0.258493353028065,3.783050317451853e-09,1.5151556453929516e-08,1.2109252622849453e-07,1.0,0.13009144365787506,0.23127372562885284,78,0.8653408288955688,0.23127372562885284,1.0,0.23127372562885284
GCN,265,1583,0,1,10,-1.0958969593048096,0.9051263332366943,2.001023292541504,0.5669466257095337,0.015888851135969162,-0.00022900456679053605,0.17726927995681763,0.023317739367485046,0.10837438423645321,0,0.0,0.08932309839497557,128,0.10372307151556015,0.9930325150489807,0.2369800513464096,0.2034711964549483,21.40812873840332,0.016617429837518464,0.17907561361789703,0.4102658788774003,0.17907561361789703,0.4102658788774003,7.206474972321075e-09,1.1510078223864184e-08,1.0301407371571258e-07,1.0,0.10300317406654358,0.24224072694778442,124,0.5899695158004761,0.24224071204662323,1.0,0.24224071204662323
GCN,265,1589,2,1,3,-4.150721549987793,0.8577151894569397,5.008436739444733,0.8017836213111877,0.03290301933884621,-0.0003226068802177906,0.24270011484622955,0.031701426953077316,0.10837438423645321,0,0.0,0.05792044661549198,83,0.20100386440753937,0.9920398592948914,0.2799437973547388,0.8197932053175776,29.169645309448242,0.22673559822747416,0.2430289089679718,0.8866322008862629,0.2430289089679718,0.8866322008862629,6.035659971814766e-09,1.6046454831553092e-08,6.59597318986016e-08,1.0,0.199412003159523,0.3316139876842499,79,0.7499464154243469,0.3316139876842499,1.0,0.3316139876842499
GCN,265,1591,3,1,1,-5.667311191558838,2.4768805503845215,8.14419174194336,0.9486831426620483,0.07737024128437042,-0.0012462912127375603,0.3475061058998108,0.054451730102300644,0.1883289124668435,0,0.0,0.02930914166085136,42,0.34267130494117737,0.9848003387451172,0.36296564154211447,0.8980797636632201,41.64900588989258,0.8138847858197932,0.3462936282157898,0.9756277695716395,0.3462936282157898,0.9756277695716395,0.0,8.789935002084803e-09,2.4644878138246895e-08,1.0,0.33753702044487,0.4743937849998474,38,0.9112474918365479,0.47439372539520264,0.9999999403953552,0.474393755197525
GCN,265,1597,3,1,2,-2.57328462600708,2.6067209243774414,5.1800055503845215,0.8660253286361694,0.07410874962806702,-0.0010894184233620763,0.30635857582092285,0.041457898914813995,0.10913224706328155,0,0.0,0.027913468248429867,40,0.2773078680038452,0.9786396622657776,0.3293795331429475,0.8788774002954209,36.68962860107422,0.6244460856720827,0.3055703639984131,0.9471935007385525,0.3055703639984131,0.9471935007385525,4.059541147682921e-09,3.037659368487766e-08,6.407540098507525e-08,1.0,0.2714466154575348,0.41791945695877075,36,0.5605037212371826,0.41791942715644836,1.0,0.41791942715644836
GCN,265,1600,3,1,1,-3.746476173400879,4.261775493621826,8.008251667022705,0.9486831426620483,0.08537032455205917,0.0,0.37355250120162964,0.05391151085495949,0.18321333838575218,0,0.0,0.02930914166085136,42,0.3687247037887573,0.9840108752250671,0.38502158931169933,0.9132200886262924,44.79343795776367,0.8755539143279173,0.3721856474876404,0.98301329394387,0.3721856474876404,0.98301329394387,1.1019557710767458e-08,7.126101486676362e-09,6.212172820596606e-08,1.0,0.3628291189670563,0.5099407434463501,37,0.8951737880706787,0.5099406838417053,1.0,0.5099406838417053
GCN,265,1602,0,1,10,3.9749948978424072,5.683736801147461,1.7087419033050537,0.5669466257095337,0.01875675842165947,-0.00031105970265343785,0.20407074689865112,0.023015102371573448,0.10837438423645321,0,0.0,0.09979064898813678,143,0.11944136768579483,0.9926762580871582,0.2526946135290282,0.4771048744460857,24.557714462280273,0.057976366322008865,0.20508486032485962,0.7703101920236337,0.20508486032485962,0.7703101920236337,8.63986837629227e-09,1.1821924772448256e-08,1.0010688811235013e-07,1.0,0.11857110261917114,0.27885305881500244,140,0.5424399375915527,0.27885302901268005,1.0,0.27885302901268005
GCN,265,1605,3,1,3,-3.628054141998291,0.38842320442199707,4.016477346420288,0.8017836213111877,0.034807637333869934,0.0,0.23211050033569336,0.03711290657520294,0.10837438423645321,0,0.0,0.055826936496859735,80,0.1925465315580368,0.990283191204071,0.27189106290874177,0.7703101920236337,27.889339447021484,0.17208271787296897,0.232411190867424,0.8722304283604135,0.232411190867424,0.8722304283604135,5.079765053039864e-09,5.236748812365022e-09,6.525907281229593e-08,1.0,0.19067558646202087,0.3170856833457947,75,0.7937110662460327,0.3170856535434723,1.0,0.3170856535434723
GCN,265,1611,3,0,2,-3.670200824737549,-0.38444948196411133,3.2857513427734375,0.8660253286361694,0.08774266391992569,0.0,0.25630810856819153,0.08635631203651428,0.23133762788935203,0,0.0,0.01465457083042568,21,0.23639944195747375,0.9583713412284851,0.2896912026811687,0.8441654357459379,30.757917404174805,0.30834564254062036,0.25583377480506897,0.9002954209748892,0.25583377480506897,0.9002954209748892,1.30385160446167e-08,1.9070183654434913e-08,7.869813600791531e-08,1.0,0.22655843198299408,0.3488095700740814,16,0.8738486766815186,0.3488095700740814,1.0,0.3488095700740814
GCN,265,1628,0,1,17,4.508318901062012,5.459195137023926,0.9508762359619141,0.462909996509552,0.013872209005057812,-0.011573330499231815,0.20233502984046936,0.015784265473484993,0.10837438423645321,0,0.0,0.13189113747383113,189,0.09643127024173737,0.9938586354255676,0.25165746033852465,0.45420974889217136,24.357149124145508,0.051698670605613,0.203435480594635,0.7592319054652881,0.203435480594635,0.7592319054652881,1.2835283946799336e-08,1.4462251840541285e-08,1.6177976647213654e-07,1.0,0.09596256911754608,0.2764038145542145,187,0.42629116773605347,0.2764038145542145,1.0,0.2764038145542145
GCN,265,1629,2,1,3,-3.3258614540100098,1.2553017139434814,4.581163167953491,0.8017836213111877,0.040660664439201355,-0.0007715807296335697,0.26336565613746643,0.03607141226530075,0.10837438423645321,0,0.0,0.045359385903698535,65,0.2185547798871994,0.9897055625915527,0.2945934133927338,0.8530280649926145,31.604562759399414,0.3567208271787297,0.26318395137786865,0.9084194977843427,0.26318395137786865,0.9084194977843427,5.26835597369768e-09,1.5725120761089784e-08,6.438598632030335e-08,1.0,0.21632902324199677,0.3597463071346283,62,0.7314921617507935,0.3597462475299835,0.9999999403953552,0.3597462773323059
GCN,265,1632,2,0,3,-4.154290199279785,-0.4003501534461975,3.7539400458335876,0.8017836213111877,0.0515323206782341,0.0,0.22225908935070038,0.06663265824317932,0.2074649488442592,0,0.0,0.03628750872295883,52,0.18656475841999054,0.9771642684936523,0.2646322491751618,0.6971935007385525,26.784015655517578,0.12186115214180207,0.22270257771015167,0.8548744460856721,0.22270257771015167,0.8548744460856721,8.736580348056577e-09,1.5990694990364318e-08,6.706654431809511e-08,1.0,0.18230442702770233,0.3031647801399231,47,0.9216883182525635,0.3031647801399231,1.0,0.3031647801399231
GCN,265,1637,0,1,2,-1.218315839767456,2.6231958866119385,3.8415117263793945,0.8660253286361694,0.07311322540044785,0.0,0.22256948053836823,0.08557026088237762,0.23076923076923078,0,0.0,0.02372644801116539,34,0.20469149947166443,0.9615088105201721,0.26467232402815444,0.7005169867060561,26.728612899780273,0.12001477104874446,0.22276008129119873,0.8548744460856721,0.22276008129119873,0.8548744460856721,0.0,6.7923626723143116e-09,7.323920669932704e-08,1.0,0.1968126744031906,0.3030129671096802,29,0.9023668766021729,0.3030129671096802,1.0,0.3030129671096802
GCN,265,1644,0,1,2,0.5589369535446167,3.9692330360412598,3.410296082496643,0.8660253286361694,0.042852409183979034,0.0,0.19471700489521027,0.060759179294109344,0.20121258052292534,0,0.0,0.03279832519190509,47,0.1757330596446991,0.9822480082511902,0.24677609653557767,0.3511816838995569,23.467201232910156,0.03840472673559823,0.19591520726680756,0.6879615952732644,0.19591520726680756,0.6879615952732644,6.160119969678135e-09,1.5683049525705428e-08,6.640205896246698e-08,1.0,0.1726134568452835,0.265755832195282,42,0.9563813805580139,0.265755832195282,1.0,0.265755832195282
GCN,265,1645,3,1,4,-1.3563940525054932,0.9718575477600098,2.328251600265503,0.7499998807907104,0.03293371945619583,0.0,0.22667859494686127,0.03689790517091751,0.10837438423645321,0,0.0,0.050942079553384506,73,0.17600567638874054,0.989585816860199,0.26885158426482403,0.7440915805022157,27.244327545166016,0.1429098966026588,0.22722645103931427,0.8637370753323486,0.22722645103931427,0.8637370753323486,5.963374238859842e-09,8.19509260452378e-09,4.508505568878718e-08,1.0,0.17417272925376892,0.30964046716690063,68,0.7618906497955322,0.30964046716690063,1.0,0.30964046716690063
GCN,265,1653,4,0,5,-4.062110424041748,-1.5950427055358887,2.4670677185058594,0.7071066498756409,0.027107516303658485,-0.0005282131605781615,0.21705351769924164,0.033741142600774765,0.10837438423645321,0,0.0,0.06489881367759945,93,0.1586320698261261,0.9913220405578613,0.2620464522308475,0.6621122599704579,26.114715576171875,0.0982274741506647,0.217876136302948,0.8419497784342689,0.217876136302948,0.8419497784342689,6.764120819013897e-09,7.124912659861593e-09,4.5546816096475595e-08,1.0,0.1572664976119995,0.29654461145401,89,0.7374335527420044,0.29654461145401,1.0,0.29654461145401
GCN,265,1661,5,1,4,-0.15246176719665527,2.552736759185791,2.7051985263824463,0.7499998807907104,0.024772167205810547,-0.0009103647316806018,0.16424186527729034,0.042254433035850525,0.10989010989010989,0,0.0,0.04745289602233078,68,0.1275947391986847,0.9887840747833252,0.22866931865633006,0.1329394387001477,19.872034072875977,0.005539143279172821,0.16641922295093536,0.17319054652880356,0.16641922295093536,0.17319054652880356,1.862645149230957e-09,7.997571493945088e-09,6.400937735406842e-08,1.0,0.1261809915304184,0.22432181239128113,64,0.8151115775108337,0.22432181239128113,1.0,0.22432181239128113
GCN,265,1668,2,1,2,-1.6758105754852295,3.8413431644439697,5.517153739929199,0.8660253286361694,0.052428293973207474,-0.0004664873122237623,0.2896761894226074,0.04256094992160797,0.10989010989010989,0,0.0,0.039078855547801813,56,0.2600827217102051,0.9879030585289001,0.31427656868107756,0.8685376661742984,34.717891693115234,0.5210487444608567,0.28904247283935547,0.9350073855243722,0.28904247283935547,0.9350073855243722,4.5625303535246076e-09,4.825271293640299e-09,6.265177887598838e-08,1.0,0.2569553256034851,0.39560866355895996,52,0.814608633518219,0.39560866355895996,1.0,0.39560866355895996
GCN,265,1675,6,1,4,-1.0494334697723389,2.10699200630188,3.1564254760742188,0.7499998807907104,0.028180701658129692,0.0,0.18724778294563293,0.03943974897265434,0.10837438423645321,0,0.0,0.044661549197487785,64,0.14548718929290771,0.9888362288475037,0.2422305422651126,0.2692023633677991,22.58723258972168,0.027695716395864108,0.1888255774974823,0.5849335302806499,0.1888255774974823,0.5849335302806499,6.107090388951519e-09,1.5737827041562014e-08,1.2397613602388446e-07,1.0,0.1438629925251007,0.2557564973831177,59,0.7861766815185547,0.2557564973831177,1.0,0.2557564973831177
GCN,265,1679,3,0,3,-4.9889349937438965,-0.05778026580810547,4.931154727935791,0.8017836213111877,0.04936723783612251,-0.00039515725802630186,0.27205872535705566,0.03915656358003616,0.10837438423645321,0,0.0,0.034891835310537335,50,0.22656431794166565,0.985851526260376,0.30245166006126145,0.8607828655834564,32.695281982421875,0.41654357459379615,0.2719586491584778,0.9165435745937962,0.2719586491584778,0.9165435745937962,6.2475016271434924e-09,1.8182046090942094e-08,7.803821944207812e-08,1.0,0.22337381541728973,0.37146151065826416,46,0.6920629739761353,0.3714614808559418,1.0,0.3714614808559418
GCN,265,1684,3,1,2,-5.125255107879639,0.7054765224456787,5.830731630325317,0.8660253286361694,0.07073012739419937,0.0,0.3137349784374237,0.0544777512550354,0.1883289124668435,0,0.0,0.027913468248429867,40,0.28336602449417114,0.9813919067382812,0.33509752697227047,0.8829394387001477,37.62458801269531,0.6650664697193501,0.31282880902290344,0.9519940915805022,0.31282880902290344,0.9519940915805022,6.8437953082423064e-09,3.054255159895547e-08,6.49459792612106e-08,1.0,0.2780930995941162,0.4281523823738098,35,0.8370825052261353,0.4281524419784546,1.0,0.4281524419784546
GCN,265,1688,4,1,3,-2.071944236755371,1.4000385999679565,3.4719828367233276,0.8017836213111877,0.042996279895305634,0.0,0.26113638281822205,0.042811207473278046,0.1110269041303524,0,0.0,0.04815073272854152,69,0.2170071303844452,0.9883160591125488,0.2935002147618536,0.8511816838995568,31.382556915283203,0.3434268833087149,0.26101216673851013,0.9069423929098966,0.26101216673851013,0.9069423929098966,7.138452495780712e-09,1.660663606628532e-08,7.014194380872141e-08,1.0,0.21447165310382843,0.35665756464004517,64,0.8338945508003235,0.3566575050354004,1.0,0.3566575050354004
GCN,265,1695,0,1,3,1.9150804281234741,5.30959939956665,3.3945189714431763,0.8017836213111877,0.03938470408320427,0.0,0.23238077759742737,0.04282008856534958,0.1110269041303524,0,0.0,0.0418702023726448,60,0.19322964549064636,0.98763108253479,0.27248310012646015,0.7788035450516987,27.926401138305664,0.17319054652880356,0.2328334003686905,0.8729689807976366,0.2328334003686905,0.8729689807976366,7.2738619572021435e-09,6.205329583508501e-09,3.341748566754177e-08,1.0,0.19083960354328156,0.31735843420028687,55,0.8102842569351196,0.31735843420028687,1.0,0.31735843420028687
GCN,265,1705,1,1,7,-1.205358624458313,1.948137640953064,3.153496265411377,0.6396021246910095,0.022932209074497223,0.0,0.22149328887462616,0.026231056079268456,0.10837438423645321,0,0.0,0.08443824145150035,121,0.14625658094882965,0.9926989674568176,0.2645165653287533,0.6905465288035451,26.625764846801758,0.11816838995568685,0.22213295102119446,0.8519202363367799,0.22213295102119446,0.8519202363367799,7.56430917903117e-09,7.931741485833754e-09,5.568304217717923e-08,1.0,0.14518874883651733,0.30266472697257996,116,0.6481870412826538,0.30266472697257996,1.0,0.30266472697257996
GCN,265,1707,5,1,1,-2.5524778366088867,1.949580192565918,4.502058029174805,0.9486831426620483,0.06727758795022964,0.0,0.2726956307888031,0.06388485431671143,0.20500189465706706,0,0.0,0.030006978367062107,43,0.26979827880859375,0.9814287424087524,0.3028938365704029,0.861890694239291,32.753883361816406,0.4191285081240768,0.2723209857940674,0.9165435745937962,0.2723209857940674,0.9165435745937962,7.679882507716229e-09,4.250355178925247e-09,6.198195023898734e-08,1.0,0.26478779315948486,0.3721478581428528,38,0.9826230406761169,0.3721478283405304,1.0,0.3721478283405304
GCN,265,1726,2,1,3,-3.026531457901001,0.057138681411743164,3.083670139312744,0.8017836213111877,0.029439043253660202,0.0,0.16683048009872437,0.05034510791301727,0.1612353164077302,0,0.0,0.045359385903698535,65,0.13885046541690826,0.9866095185279846,0.23023506213636738,0.1362629246676514,20.163476943969727,0.00775480059084195,0.16880373656749725,0.21159527326440178,0.16880373656749725,0.21159527326440178,2.1716997089527013e-09,1.527449278171389e-08,1.2142068328557798e-07,1.0,0.13699117302894592,0.22781071066856384,60,0.9150107502937317,0.22781069576740265,1.0,0.22781069576740265
GCN,265,1727,2,0,3,-3.7771263122558594,-0.1823941469192505,3.594732165336609,0.8017836213111877,0.041580550372600555,-0.0004188990278635174,0.22068777680397034,0.04748190939426422,0.1330049261083744,0,0.0,0.03977669225401256,57,0.18396136164665222,0.9847673773765564,0.2630575157621417,0.670605612998523,26.559247970581055,0.1155834564254062,0.22126899659633636,0.8511816838995568,0.22126899659633636,0.8511816838995568,7.1080110686239095e-09,6.946005992602977e-09,3.3333023452541966e-08,1.0,0.18117254972457886,0.30128252506256104,53,0.8082270622253418,0.30128249526023865,1.0000001192092896,0.30128246545791626
GCN,265,1734,2,0,4,-4.523867130279541,-2.100511074066162,2.423356056213379,0.7499998807907104,0.049600232392549515,0.0,0.156321719288826,0.0954800620675087,0.2847669571807503,0,0.0,0.03210048848569435,46,0.12551932036876678,0.9526767134666443,0.22521588908908888,0.12629246676514033,18.925914764404297,0.0029542097488921715,0.15855517983436584,0.0723781388478582,0.15855517983436584,0.0723781388478582,9.712135984329962e-09,7.184815853378268e-09,5.7478526827026144e-08,1.0,0.11957933753728867,0.21258553862571716,41,0.9027543067932129,0.21258550882339478,1.0,0.21258550882339478
GCN,265,1749,2,0,4,-4.270434379577637,-1.5485910177230835,2.7218433618545532,0.7499998807907104,0.02372104860842228,-0.0526401661336422,0.1568552702665329,0.04547305405139923,0.11974232663887836,0,0.0,0.061409630146545706,88,0.12061502039432526,0.9885213375091553,0.22482543173495817,0.12481536189069424,19.004873275756836,0.0029542097488921715,0.15927430987358093,0.07828655834564253,0.15927430987358093,0.07828655834564253,2.981687119429921e-09,8.354573921565134e-09,6.855350420664763e-08,1.0,0.12019108980894089,0.21367309987545013,84,0.9020707607269287,0.21367308497428894,1.0,0.21367308497428894
GCN,265,1752,2,0,3,-4.572910308837891,-0.771797776222229,3.8011125326156616,0.8017836213111877,0.04047592729330063,-0.00028287104214541614,0.18734212219715118,0.05498063564300537,0.18927624100037893,0,0.0,0.03838101884159107,55,0.15682782232761383,0.9800923466682434,0.24125145946318177,0.2536927621861152,22.58033561706543,0.027695716395864108,0.18873588740825653,0.5841949778434269,0.18873588740825653,0.5841949778434269,4.939083586563697e-10,2.2968067447948215e-09,6.167595500983225e-08,1.0,0.15371456742286682,0.2556210160255432,51,0.8161417245864868,0.2556209862232208,1.0,0.2556209862232208
GCN,265,1753,2,0,3,-3.918534278869629,-0.24390769004821777,3.674626588821411,0.8017836213111877,0.03781340271234512,-0.0003027886268682778,0.19315151870250702,0.058635562658309937,0.1964759378552482,0,0.0,0.040474528960223306,58,0.16118364036083221,0.983580470085144,0.24586585255427398,0.32644017725258495,23.310272216796875,0.03692762186115214,0.19444182515144348,0.6717134416543574,0.19444182515144348,0.6717134416543574,3.9786116623474754e-09,5.626381138768011e-09,3.895445388479857e-08,1.0,0.15854589641094208,0.26365533471107483,54,0.9605735540390015,0.26365533471107483,1.0,0.26365533471107483
GCN,265,1760,2,1,2,-2.6412110328674316,1.8148553371429443,4.456066370010376,0.8660253286361694,0.03895721957087517,0.0,0.18569853901863098,0.05879000201821327,0.1964759378552482,0,0.0,0.04326587578506629,62,0.16735434532165527,0.983835756778717,0.24118235646546432,0.2536927621861152,22.423778533935547,0.026587887740029542,0.1871849000453949,0.5590841949778435,0.1871849000453949,0.5590841949778435,0.0,1.511674341259095e-08,6.212871284105859e-08,1.0,0.16464917361736298,0.2534940242767334,57,0.9707659482955933,0.2534940242767334,1.0,0.2534940242767334
GCN,265,1764,5,1,2,-2.603579044342041,1.9806772470474243,4.584256291389465,0.8660253286361694,0.04298344999551773,0.0,0.21591365337371826,0.052489276975393295,0.1733611216369837,0,0.0,0.041172365666434056,59,0.19430853426456451,0.9854143261909485,0.26082619731686396,0.6388478581979321,26.021329879760742,0.09416543574593796,0.21664908528327942,0.8364106351550961,0.21664908528327942,0.8364106351550961,2.63417798684884e-09,1.5273162290441178e-08,6.131894281224959e-08,1.0,0.19147440791130066,0.2947941720485687,54,0.913355827331543,0.29479414224624634,1.0,0.29479414224624634
GCN,265,1768,1,1,3,-2.058206558227539,1.871230125427246,3.929436683654785,0.8017836213111877,0.0384545661509037,-0.0006887938361614943,0.22043828666210175,0.03830130770802498,0.10837438423645321,0,0.0,0.039078855547801813,56,0.18339134752750397,0.9869045615196228,0.26296084572874234,0.6694977843426884,26.509620666503906,0.11447562776957164,0.22112123668193817,0.8511816838995568,0.22112123668193817,0.8511816838995568,3.158268535585762e-09,7.8580342233181e-09,4.0970256520722614e-08,1.0,0.1810101419687271,0.30101245641708374,52,0.6838627457618713,0.30101242661476135,1.0,0.30101242661476135
GCN,265,1771,1,1,3,-2.2777886390686035,0.9417214393615723,3.219510078430176,0.8017836213111877,0.02847922407090664,0.0,0.1667909175157547,0.04922832176089287,0.15270935960591134,0,0.0,0.052337752965806,75,0.13871297240257263,0.9874486923217773,0.22993615405857087,0.1362629246676514,20.168190002441406,0.00775480059084195,0.1687733680009842,0.21048744460856722,0.1687733680009842,0.21048744460856722,1.6627433874205622e-09,2.6406012931801115e-09,6.304983202198855e-08,1.0,0.13697195053100586,0.22777873277664185,70,0.9246481657028198,0.22777871787548065,1.0,0.22777871787548065
GCN,265,1777,1,1,5,-2.6950106620788574,0.1991105079650879,2.8941211700439453,0.7071066498756409,0.02049332670867443,0.0,0.17264069616794586,0.03278477489948273,0.10837438423645321,0,0.0,0.06838799720865317,98,0.12609125673770905,0.9921531677246094,0.23340625829641737,0.15805022156573117,20.85771369934082,0.01070901033973412,0.174547016620636,0.32348596750369274,0.174547016620636,0.32348596750369274,3.9786116623474754e-09,8.894923020363876e-09,7.115938416291101e-08,1.0,0.12510183453559875,0.2358943223953247,93,0.7811740636825562,0.2358943074941635,1.0,0.2358943074941635
GCN,265,1779,1,1,6,-2.282176971435547,0.0649104118347168,2.3470873832702637,0.6708203554153442,0.01649351976811886,0.0,0.15003091096878052,0.03128866106271744,0.10837438423645321,0,0.0,0.08094905792044661,116,0.10392065346240997,0.9925186634063721,0.2214453462663599,0.09638109305760709,18.19854164123535,0.001846381093057607,0.1526755541563034,0.03508124076809453,0.1526755541563034,0.03508124076809453,2.9080537977677068e-09,8.339199553120125e-09,6.98150373068529e-08,1.0,0.10314320027828217,0.2050090730190277,111,0.7636961340904236,0.20500905811786652,1.0,0.20500905811786652
GCN,265,1781,1,1,5,-2.0181450843811035,0.7810401916503906,2.799185276031494,0.7071066498756409,0.020358620211482048,0.0,0.1644277274608612,0.032540008425712585,0.10837438423645321,0,0.0,0.06908583391486392,99,0.12016611546278,0.9914705753326416,0.2289210171541874,0.1329394387001477,19.891075134277344,0.005539143279172821,0.1665939837694168,0.1761447562776957,0.1665939837694168,0.1761447562776957,4.368290174028289e-09,4.482462401256271e-09,3.792853320305767e-08,1.0,0.11914116889238358,0.22465477883815765,94,0.7433429956436157,0.22465477883815765,1.0,0.22465477883815765
GCN,265,1783,1,1,2,-2.2410378456115723,2.0549614429473877,4.29599928855896,0.8660253286361694,0.05284871533513069,0.0,0.24540263414382935,0.05702630802989006,0.19344448654793484,0,0.0,0.03349616189811584,48,0.22133004665374756,0.9829851984977722,0.28166470153582046,0.8231166912850812,29.488712310791016,0.24187592319054652,0.24563004076480865,0.8888478581979321,0.24563004076480865,0.8888478581979321,2.2812651767623038e-09,5.014312076667693e-09,2.1420419216156006e-08,1.0,0.2175641655921936,0.33496198058128357,43,0.9172983765602112,0.3349619507789612,1.0,0.3349619507789612
GCN,265,1786,1,1,3,-2.065103530883789,2.3000268936157227,4.365130424499512,0.8017836213111877,0.04280943050980568,-0.1268579214811325,0.23570124804973602,0.26494452357292175,0.8232284956422887,1,0.0,0.040474528960223306,58,0.1907784342765808,0.9852319955825806,0.27442116236071534,0.7913589364844904,28.323305130004883,0.1894387001477105,0.236100971698761,0.8762924667651403,0.236100971698761,0.8762924667651403,4.794276531328023e-09,6.911776928575364e-09,3.155521000053341e-08,1.0,0.19213871657848358,0.3195188045501709,56,0.7213177680969238,0.3195187747478485,1.0,0.3195187747478485
GCN,265,1794,4,1,4,-2.4927332401275635,0.42349040508270264,2.916223645210266,0.7499998807907104,0.03236208111047745,-0.0012613986618816853,0.24709756672382355,0.028637096285820007,0.10837438423645321,0,0.0,0.05792044661549198,83,0.19148720800876617,0.991512656211853,0.2833257343988907,0.8268094534711965,29.699880599975586,0.25258493353028066,0.2472352385520935,0.8910635155096012,0.2472352385520935,0.8910635155096012,4.748831994305647e-09,1.6166017857699444e-08,1.2385365266709414e-07,1.0,0.18989337980747223,0.3375883102416992,80,0.6559672355651855,0.3375883102416992,1.0,0.3375883102416992
GCN,265,1803,0,1,4,0.05733203887939453,2.918422222137451,2.8610901832580566,0.7499998807907104,0.034117504954338074,0.0,0.23309288918972015,0.039502788335084915,0.10837438423645321,0,0.0,0.04884856943475227,70,0.18101097643375397,0.9894325137138367,0.27290386171124764,0.7799113737075333,28.035972595214844,0.17725258493353027,0.2335580289363861,0.8737075332348597,0.2335580289363861,0.8737075332348597,6.585445078144403e-09,1.644322722427205e-08,1.250974577260422e-07,1.0,0.17909812927246094,0.31839674711227417,65,0.8096562623977661,0.3183966875076294,1.0,0.3183966875076294
GCN,265,1807,3,0,5,-3.427846908569336,-1.205955147743225,2.221891760826111,0.7071066498756409,0.027405831962823868,0.0,0.16386844217777252,0.05354410409927368,0.18226600985221675,0,0.0,0.06629448709002093,95,0.12050052732229233,0.9845759272575378,0.22939912248209143,0.1358936484490399,19.816316604614258,0.005539143279172821,0.16605964303016663,0.16838995568685378,0.16605964303016663,0.16838995568685378,3.017829985907383e-09,9.287360214216278e-09,7.527022916065107e-08,1.0,0.1186419129371643,0.22371336817741394,90,0.9055426120758057,0.22371335327625275,1.0,0.22371335327625275
GCN,265,1809,3,1,3,-3.3838858604431152,0.7472361326217651,4.13112199306488,0.8017836213111877,0.030296210199594498,-0.1414465308189392,0.2108420729637146,0.23617659509181976,0.7656309208033346,1,0.0,0.055826936496859735,80,0.17039664089679718,0.9907910227775574,0.2540393480494685,0.5044313146233382,25.383535385131836,0.07496307237813885,0.21178379654884338,0.8190546528803545,0.21178379654884338,0.8190546528803545,4.928095709288982e-09,4.503859063476057e-09,2.7631417154339033e-08,1.0,0.17212402820587158,0.2862352132797241,76,0.8405635952949524,0.28623518347740173,1.0,0.28623518347740173
GCN,265,1810,3,0,44,-8.579407691955566,-7.1901655197143555,1.389242172241211,0.3061861991882324,0.00793925765901804,-0.012251881882548332,0.24199211597442627,0.007699795998632908,0.10837438423645321,0,0.0,0.2882065596650384,413,0.07611687481403351,0.9967761635780334,0.27943788983346207,0.8190546528803545,29.05904197692871,0.22193500738552438,0.24233539402484894,0.8862629246676514,0.24233539402484894,0.8862629246676514,1.7437445265500173e-08,2.5608327902659767e-08,3.439460556364793e-07,1.0,0.07594632357358932,0.33071956038475037,412,0.2874393165111542,0.330719530582428,1.0,0.330719530582428
GCN,265,1817,3,1,2,-2.875795841217041,0.20590639114379883,3.08170223236084,0.8660253286361694,0.040711306035518646,0.0,0.18844011425971985,0.06057606264948845,0.20083364910951118,0,0.0,0.039078855547801813,56,0.1699715554714203,0.9828785061836243,0.24373849939456102,0.2891432791728213,22.74767303466797,0.029172821270310192,0.19004391133785248,0.6067208271787297,0.19004391133785248,0.6067208271787297,7.679882507716229e-09,1.5319233881427863e-08,6.306402156042168e-08,1.0,0.16706138849258423,0.25720787048339844,51,0.9712923765182495,0.25720787048339844,1.0,0.25720787048339844
GCN,265,1822,3,0,2,-5.010805606842041,-0.47870802879333496,4.532097578048706,0.8660253286361694,0.04931676387786865,0.0,0.24485285580158234,0.05362497270107269,0.18226600985221675,0,0.0,0.039078855547801813,56,0.22041894495487213,0.985076367855072,0.281293455051728,0.8220088626292467,29.447385787963867,0.24076809453471196,0.24515676498413086,0.8884785819793205,0.24515676498413086,0.8884785819793205,6.51925802230835e-09,1.6380777623226095e-08,6.664490115326771e-08,1.0,0.21712946891784668,0.3342927396297455,51,0.92229163646698,0.3342927098274231,1.0,0.3342927098274231
GCN,265,1825,5,1,4,-3.5421700477600098,0.018335580825805664,3.5605056285858154,0.7499998807907104,0.026812797412276268,-0.07786749303340912,0.2039145827293396,0.033413149416446686,0.10837438423645321,0,0.0,0.06071179344033496,87,0.15593618154525757,0.9912666082382202,0.2533322374864978,0.4885524372230428,24.56060791015625,0.057976366322008865,0.2050422877073288,0.7703101920236337,0.2050422877073288,0.7703101920236337,2.63417798684884e-09,1.5574221023939572e-08,1.2248662528691057e-07,1.0,0.15618044137954712,0.27765417098999023,84,0.7623330950737,0.27765417098999023,1.0,0.27765417098999023
GCN,265,1829,5,1,5,-2.28739857673645,1.007459282875061,3.2948578596115112,0.7071066498756409,0.027531038969755173,-0.0006885640323162079,0.22064602375030518,0.023628922179341316,0.10837438423645321,0,0.0,0.0628053035589672,90,0.16125093400478363,0.9913371205329895,0.26398479119567486,0.6850073855243722,26.53246307373047,0.11447562776957164,0.22129878401756287,0.8511816838995568,0.22129878401756287,0.8511816838995568,9.451891713752048e-09,1.6483177489590162e-08,1.2651084091430675e-07,1.0,0.15986861288547516,0.3014512062072754,87,0.5356267690658569,0.3014512062072754,1.0,0.3014512062072754
GCN,265,1836,6,1,2,-1.8558385372161865,2.5227739810943604,4.378612518310547,0.8660253286361694,0.05269947648048401,-0.0003856551484204829,0.2874155044555664,0.04597548395395279,0.12542629784009093,0,0.0,0.0418702023726448,60,0.2581295073032379,0.9875900745391846,0.3135148497400078,0.8685376661742984,34.4931526184082,0.5066469719350074,0.28691402077674866,0.9327917282127031,0.28691402077674866,0.9327917282127031,9.812092471861433e-09,5.952000226017162e-09,2.3803446325132427e-08,1.0,0.25494179129600525,0.3925085961818695,56,0.86860191822052,0.3925085961818695,1.0,0.3925085961818695
GCN,265,1838,0,1,4,2.125345230102539,4.984729766845703,2.859384536743164,0.7499998807907104,0.02996130846440792,-0.0025004108902066946,0.1962226778268814,0.03828217089176178,0.10837438423645321,0,0.0,0.05373342637822749,77,0.15242862701416016,0.988502025604248,0.24754806736945048,0.37149187592319055,23.639419555664062,0.03988183161004431,0.19755831360816956,0.7060561299852289,0.19755831360816956,0.7060561299852289,5.430496941016827e-09,3.03709732918378e-08,1.8253982148053183e-07,1.0,0.15073361992835999,0.2679709494113922,75,0.683283805847168,0.2679709494113922,1.0,0.2679709494113922
GCN,265,1841,0,1,5,2.919930934906006,5.278986930847168,2.359055995941162,0.7071066498756409,0.02428826130926609,0.0,0.1701803207397461,0.03657734394073486,0.10837438423645321,0,0.0,0.051639916259595256,74,0.12467843294143677,0.9887073040008545,0.2322028755190242,0.15398818316100443,20.5832576751709,0.008493353028064993,0.17229029536247253,0.2776957163958641,0.17229029536247253,0.2776957163958641,4.6566128730773926e-09,9.389853339314413e-09,7.615092556534364e-08,1.0,0.12327047437429428,0.23244106769561768,69,0.7248864769935608,0.2324410378932953,1.0,0.2324410378932953
GCN,265,1845,5,1,2,0.3163628578186035,3.86822509765625,3.5518622398376465,0.8660253286361694,0.04723455011844635,0.0,0.23566706478595734,0.05223635956645012,0.1733611216369837,0,0.0,0.034193998604326585,49,0.2121225744485855,0.9852191805839539,0.27484349760962384,0.7920974889217134,28.329700469970703,0.19091580502215658,0.23612827062606812,0.8762924667651403,0.23612827062606812,0.8762924667651403,7.213993846733047e-09,1.5479407977636583e-08,1.216731106978841e-07,1.0,0.20898720622062683,0.32175689935684204,44,0.9028229117393494,0.32175689935684204,1.0,0.32175689935684204
GCN,265,1852,3,1,2,-2.289839744567871,0.68692946434021,2.976769208908081,0.8660253286361694,0.04241049662232399,0.0,0.18247383832931519,0.06593703478574753,0.20670708601743085,0,0.0,0.041172365666434056,59,0.16498030722141266,0.9802521467208862,0.23969389430721577,0.23707533234859676,22.080076217651367,0.024002954209748892,0.18415042757987976,0.5003692762186115,0.18415042757987976,0.5003692762186115,1.0148852869207303e-09,3.915952451194471e-09,6.169089772356529e-08,1.0,0.16172228753566742,0.24898779392242432,54,0.9827594757080078,0.24898777902126312,1.0,0.24898777902126312
GCN,265,1853,3,1,1,-3.000308036804199,2.1986920833587646,5.199000120162964,0.9486831426620483,0.07529958337545395,-0.00134771887678653,0.2551593482494354,0.07880726456642151,0.21883289124668434,0,0.0,0.027913468248429867,40,0.254119336605072,0.9736735224723816,0.2883517316137516,0.8408419497784343,30.62336540222168,0.301698670605613,0.25517043471336365,0.8995568685376661,0.25517043471336365,0.8995568685376661,7.450580596923828e-09,1.6595206986380617e-08,6.647385930591554e-08,1.0,0.24750734865665436,0.3478609323501587,36,0.9960211515426636,0.3478609323501587,1.0,0.3478609323501587
GCN,265,1858,3,1,2,-3.4973433017730713,1.3505902290344238,4.847933530807495,0.8660253286361694,0.04219500720500946,0.0,0.22139576077461243,0.05080198496580124,0.16331943918150815,0,0.0,0.04396371249127704,63,0.1990278959274292,0.9866112470626831,0.264657333618641,0.6971935007385525,26.703659057617188,0.11964549483013294,0.22226965427398682,0.8526587887740029,0.22226965427398682,0.8526587887740029,3.7973530986334936e-09,1.509094715856918e-08,6.060622581571806e-08,1.0,0.1963631510734558,0.3023208975791931,58,0.9233779311180115,0.3023208975791931,1.0,0.3023208975791931
GCN,265,1862,3,0,4,-6.490971565246582,-2.6008801460266113,3.8900914192199707,0.7499998807907104,0.03824695572257042,-0.0009649876155890524,0.23989897966384888,0.0392170324921608,0.10837438423645321,0,0.0,0.050942079553384506,73,0.18658317625522614,0.9874887466430664,0.27821741711767384,0.8083456425406204,28.820035934448242,0.2119645494830133,0.24015337228775024,0.8829394387001477,0.24015337228775024,0.8829394387001477,1.0743058886930612e-08,7.345705377304057e-09,7.091976783613063e-08,1.0,0.18427717685699463,0.32760393619537354,69,0.7139639854431152,0.32760387659072876,1.0000001192092896,0.32760384678840637
GCN,265,1866,3,0,2,-4.377744674682617,-0.05659198760986328,4.321152687072754,0.8660253286361694,0.050968583673238754,-0.000983250793069601,0.22908462584018707,0.06134919449687004,0.20215990905646078,0,0.0,0.03698534542916958,53,0.20677079260349274,0.9818568825721741,0.2696126731951589,0.7511078286558346,27.530242919921875,0.15657311669128507,0.2295246720314026,0.8677991137370753,0.2295246720314026,0.8677991137370753,1.249066450270675e-08,3.925889835443286e-09,2.4236763707108366e-08,1.0,0.20305787026882172,0.3126280903816223,49,0.9353762865066528,0.3126280605792999,1.0,0.3126280605792999
GCN,265,1870,3,0,4,-4.239227294921875,-1.9186885356903076,2.3205387592315674,0.7499998807907104,0.035886626690626144,0.0,0.15187397599220276,0.07472702860832214,0.21485411140583555,0,0.0,0.04954640614096301,71,0.11969640105962753,0.9730396270751953,0.22244135206916718,0.10081240768094535,18.431833267211914,0.001846381093057607,0.15444548428058624,0.04579025110782865,0.15444548428058624,0.04579025110782865,6.727959522834226e-09,4.769655337355516e-09,3.815724269884413e-08,1.0,0.11646933853626251,0.20705664157867432,66,0.9487452507019043,0.20705661177635193,1.0,0.20705661177635193
GCN,265,1872,3,1,1,-2.5936200618743896,2.7608208656311035,5.354440927505493,0.9486831426620483,0.06322353333234787,0.0,0.25490492582321167,0.06499270349740982,0.20651762031072377,0,0.0,0.03279832519190509,47,0.25224071741104126,0.9812349081039429,0.28910037385417603,0.843426883308715,30.695470809936523,0.3050221565731167,0.255109965801239,0.8995568685376661,0.255109965801239,0.8995568685376661,0.0,2.9821414671005186e-08,1.1930838184071035e-07,1.0,0.24750736355781555,0.3478609621524811,42,0.9943636655807495,0.34786099195480347,1.0,0.34786099195480347
GCN,265,1878,5,1,3,-1.502396821975708,2.160529613494873,3.662926435470581,0.8017836213111877,0.03861081600189209,0.0,0.22637905180454254,0.04973725974559784,0.15289882531261842,0,0.0,0.04675505931612003,67,0.18826523423194885,0.9874761700630188,0.26808836244255957,0.7367060561299852,27.23827362060547,0.1429098966026588,0.22701483964920044,0.8629985228951256,0.22701483964920044,0.8629985228951256,2.133928145298114e-09,4.151964994036916e-09,2.3063165599523927e-08,1.0,0.18590745329856873,0.30915647745132446,62,0.9352470636367798,0.3091564476490021,1.0,0.3091564476490021
GCN,265,1879,5,1,4,-0.10276734828948975,2.8295037746429443,2.932271122932434,0.7499998807907104,0.02803421951830387,-0.00032346873194910586,0.19748935103416443,0.03926093131303787,0.10837438423645321,0,0.0,0.0628053035589672,90,0.1532682627439499,0.99005126953125,0.2487479537371715,0.39438700147710487,23.807783126831055,0.04283604135893648,0.19876958429813385,0.7149187592319055,0.19876958429813385,0.7149187592319055,2.5505320078167415e-09,1.6115246026515706e-08,7.191716377974444e-08,1.0,0.15175040066242218,0.2697785496711731,86,0.8297302722930908,0.2697785496711731,1.0,0.2697785496711731
GCN,265,1881,5,0,5,-4.422866344451904,-1.367540717124939,3.0553256273269653,0.7071066498756409,0.03032173216342926,-0.00022762620938010514,0.19046422839164734,0.04277043044567108,0.11083743842364532,0,0.0,0.05512909979064899,79,0.1398717314004898,0.9859967231750488,0.24478787645828104,0.3072378138847858,22.941728591918945,0.03323485967503693,0.1916879266500473,0.6318316100443131,0.1916879266500473,0.6318316100443131,8.303929988073833e-09,1.2047614461607736e-08,1.0303749320428324e-07,1.0,0.1379183828830719,0.26006144285202026,75,0.7598851323127747,0.26006144285202026,1.0,0.26006144285202026
GCN,265,1891,4,1,3,-1.9128854274749756,0.6897048354148865,2.602590262889862,0.8017836213111877,0.03477390855550766,0.0,0.181479349732399,0.05508973449468613,0.1896551724137931,0,0.0,0.045359385903698535,65,0.15136201679706573,0.9842588901519775,0.23890872322833187,0.22636632200886264,21.899429321289062,0.021048744460856722,0.18319891393184662,0.48670605612998524,0.18319891393184662,0.48670605612998524,3.158268535585762e-09,4.451649271430824e-09,6.733275625947499e-08,1.0,0.14897941052913666,0.24774666130542755,60,0.9220651388168335,0.24774666130542755,1.0,0.24774666130542755
GCN,265,1899,5,1,5,-1.8124535083770752,1.3482334613800049,3.16068696975708,0.7071066498756409,0.03274163976311684,-0.000540827983058989,0.23483224213123322,0.026829548180103302,0.10837438423645321,0,0.0,0.061409630146545706,88,0.1719476878643036,0.9892134070396423,0.2742119720360347,0.7898818316100443,28.211727142333984,0.18463810930576072,0.23511260747909546,0.8755539143279173,0.23511260747909546,0.8755539143279173,1.0750625278888037e-08,1.841740271402159e-08,1.339802224720188e-07,1.0,0.17010660469532013,0.32075613737106323,85,0.5442715883255005,0.32075610756874084,1.0,0.32075610756874084
GCN,265,1901,5,0,6,-4.1207594871521,-1.3832536935806274,2.737505793571472,0.6708203554153442,0.02412213571369648,-0.00015244641690514982,0.21842844784259796,0.027809180319309235,0.10837438423645321,0,0.0,0.0732728541521284,105,0.15130239725112915,0.9924506545066833,0.2629425275334205,0.6694977843426884,26.27332305908203,0.10524372230428361,0.219227597117424,0.8474889217134417,0.219227597117424,0.8474889217134417,7.138452495780712e-09,1.7743216673693496e-08,1.3499600015620672e-07,1.0,0.15016300976276398,0.29846638441085815,101,0.6756905317306519,0.29846638441085815,1.0,0.29846638441085815
GCN,265,1904,5,0,3,-3.419983386993408,-0.45957285165786743,2.9604105353355408,0.8017836213111877,0.03409658744931221,-0.0006328032468445599,0.21840454638004303,0.0413946695625782,0.10913224706328155,0,0.0,0.04884856943475227,70,0.1812853068113327,0.9894775152206421,0.26223287330737977,0.6632200886262924,26.265064239501953,0.10524372230428361,0.21901962161064148,0.8471196454948301,0.21901962161064148,0.8471196454948301,3.696071892989039e-09,3.966244666031571e-09,2.1611901601659156e-08,1.0,0.17939433455467224,0.29832541942596436,66,0.8503786325454712,0.29832538962364197,1.0,0.29832538962364197
GCN,265,1906,4,1,5,-1.5028560161590576,0.4133429527282715,1.916198968887329,0.7071066498756409,0.022715983912348747,-0.0002679564349818975,0.1859721541404724,0.029020408168435097,0.10837438423645321,0,0.0,0.06769016050244243,97,0.13587744534015656,0.9916956424713135,0.24234796407246584,0.27474150664697194,22.431570053100586,0.026587887740029542,0.18746913969516754,0.5638847858197932,0.18746913969516754,0.5638847858197932,4.242376228091871e-09,3.1589388882480307e-09,2.2784117703622542e-08,1.0,0.1347537487745285,0.2540941536426544,93,0.6719930171966553,0.25409412384033203,1.0,0.25409412384033203
GCN,265,1909,0,1,6,0.0016387701034545898,2.4570178985595703,2.4553791284561157,0.6708203554153442,0.02229304611682892,0.0,0.17534658312797546,0.02433619648218155,0.10837438423645321,0,0.0,0.06838799720865317,98,0.12172708660364151,0.9900261163711548,0.2351632532236548,0.1827917282127031,21.167573928833008,0.014032496307237814,0.17712852358818054,0.3766617429837518,0.17712852358818054,0.3766617429837518,7.916241884231567e-09,1.836341034788802e-08,1.4885382881857367e-07,1.0,0.12051300704479218,0.23953357338905334,93,0.5136258006095886,0.23953357338905334,1.0,0.23953357338905334
GCN,265,1911,5,1,4,0.052721381187438965,3.2105534076690674,3.1578320264816284,0.7499998807907104,0.03258531168103218,0.0,0.2275908887386322,0.033785104751586914,0.10837438423645321,0,0.0,0.05512909979064899,79,0.17666704952716827,0.9898827075958252,0.2684928961671872,0.7378138847858198,27.36508560180664,0.14881831610044313,0.22814799845218658,0.8648449039881831,0.22814799845218658,0.8648449039881831,6.485911363540708e-09,7.286427461394851e-09,4.154053812044367e-08,1.0,0.17487965524196625,0.31089723110198975,74,0.7079123854637146,0.31089720129966736,1.0,0.31089720129966736
GCN,265,1913,0,1,4,2.048182487487793,3.9799869060516357,1.9318044185638428,0.7499998807907104,0.026215925812721252,0.0,0.22118084132671356,0.027659330517053604,0.10837438423645321,0,0.0,0.06769016050244243,97,0.17120715975761414,0.9930381178855896,0.2643850360029613,0.6905465288035451,26.59195899963379,0.11742983751846381,0.22165818512439728,0.8515509601181684,0.22165818512439728,0.8515509601181684,5.703162830883457e-09,1.6322760032494443e-08,7.107706068154585e-08,1.0,0.17001523077487946,0.30224937200546265,92,0.7000759840011597,0.30224934220314026,1.0,0.30224934220314026
GCN,265,1916,6,1,3,-0.2746577858924866,3.3897604942321777,3.6644182801246643,0.8017836213111877,0.0381162203848362,0.0,0.2240227907896042,0.04102206230163574,0.10894278135657447,0,0.0,0.03838101884159107,55,0.18629571795463562,0.9875359535217285,0.2666705534820615,0.7267355982274741,26.935861587524414,0.12666174298375185,0.22475680708885193,0.8585672082717873,0.22475680708885193,0.8585672082717873,5.7410578513383825e-09,5.335455188770766e-09,2.8071305280263914e-08,1.0,0.18397371470928192,0.30594074726104736,50,0.7732448577880859,0.30594074726104736,1.0,0.30594074726104736
GCN,265,1918,6,1,2,-0.6298616528511047,3.242776393890381,3.8726380467414856,0.8660253286361694,0.09712883830070496,0.0,0.23151783645153046,0.11587414145469666,0.3901098901098901,1,0.0,0.01465457083042568,21,0.21738301217556,0.939072847366333,0.2688343326081373,0.7440915805022157,27.741621017456055,0.16691285081240767,0.23145757615566254,0.870384047267356,0.23145757615566254,0.870384047267356,9.98732208046249e-09,1.6714013284513385e-08,7.052424422226977e-08,1.0,0.20413848757743835,0.3142918050289154,16,0.9567828178405762,0.314291775226593,1.0,0.314291775226593
GCN,265,1920,0,1,6,0.04332876205444336,2.608630895614624,2.5653021335601807,0.6708203554153442,0.023431699723005295,-0.08731810748577118,0.22368526458740234,0.24092404544353485,0.7762410003789314,1,0.0,0.0718771807397069,103,0.1527523547410965,0.9930666089057922,0.26639775461204296,0.7215657311669128,26.891000747680664,0.1240768094534712,0.22433961927890778,0.8574593796159528,0.22433961927890778,0.8574593796159528,5.665014235489707e-09,5.887724530140304e-09,7.062717344297198e-08,1.0,0.15326720476150513,0.3046363592147827,100,0.6054542660713196,0.3046363592147827,1.0,0.3046363592147827
GCN,265,1925,0,1,3,0.9852708578109741,3.872262477874756,2.8869916200637817,0.8017836213111877,0.033570628613233566,-0.032433606684207916,0.22524206340312958,0.03603973239660263,0.10837438423645321,0,0.0,0.055826936496859735,80,0.1857215166091919,0.9902953505516052,0.2679175987024741,0.7367060561299852,27.108421325683594,0.13737075332348597,0.22589194774627686,0.8615214180206795,0.22589194774627686,0.8615214180206795,4.5625303535246076e-09,3.007732729543022e-08,1.2125984483191132e-07,1.0,0.18475672602653503,0.30724287033081055,77,0.7755123376846313,0.30724287033081055,1.0,0.30724287033081055
GCN,265,1931,3,0,3,-3.053760528564453,-0.08129692077636719,2.972463607788086,0.8017836213111877,0.02676834538578987,0.0,0.16832701861858368,0.04419542849063873,0.11405835543766578,0,0.0,0.05024424284717376,72,0.13978451490402222,0.9890899658203125,0.2314888313680743,0.15140324963072377,20.369884490966797,0.00775480059084195,0.17026644945144653,0.23855243722304284,0.17026644945144653,0.23855243722304284,4.609811643518924e-09,1.561246243397818e-08,6.899334437093785e-08,1.0,0.13825947046279907,0.22991982102394104,67,0.8913059234619141,0.22991982102394104,1.0,0.22991982102394104
GCN,265,1932,3,1,3,-3.167375087738037,0.503200888633728,3.670575976371765,0.8017836213111877,0.037597812712192535,0.0,0.20771344006061554,0.04910973459482193,0.14967790829859795,0,0.0,0.04256803907885555,61,0.17298337817192078,0.9859229326248169,0.2558345928275038,0.5398818316100443,25.012908935546875,0.06646971935007386,0.20866042375564575,0.7991137370753324,0.20866042375564575,0.7991137370753324,1.1632215191070827e-08,1.60376636415549e-08,6.919263029203648e-08,1.0,0.17054829001426697,0.2836148142814636,56,0.8701351881027222,0.28361478447914124,1.0,0.28361478447914124
GCN,265,1936,3,0,5,-3.8150882720947266,-1.752424955368042,2.0626633167266846,0.7071066498756409,0.024816513061523438,0.0,0.17280487716197968,0.039856038987636566,0.10837438423645321,0,0.0,0.05931612002791347,85,0.12661702930927277,0.9885682463645935,0.23428037640674712,0.16617429837518463,20.883007049560547,0.011078286558345642,0.17466402053833008,0.32680945347119644,0.17466402053833008,0.32680945347119644,6.031167565367923e-09,6.712078004511568e-09,5.3696624036092544e-08,1.0,0.125169575214386,0.23602205514907837,80,0.7849721908569336,0.23602205514907837,1.0,0.23602205514907837
GCN,265,1938,3,1,1,-3.442671298980713,3.5866966247558594,7.029367923736572,0.9486831426620483,0.09287750720977783,0.0,0.3477444648742676,0.0660393089056015,0.20689655172413793,0,0.0,0.024424284717376135,35,0.3450160026550293,0.9783226847648621,0.3636021171233311,0.8980797636632201,41.81047058105469,0.8153618906942393,0.3463084101676941,0.9756277695716395,0.3463084101676941,0.9756277695716395,0.0,3.1137126654812164e-08,6.609110414501629e-08,1.0,0.3375369906425476,0.474393755197525,30,0.9382820129394531,0.47439372539520264,1.0000001192092896,0.47439366579055786
GCN,265,1942,3,1,3,-3.201406955718994,1.0764225721359253,4.277829527854919,0.8017836213111877,0.03432358801364899,-0.0016871411353349686,0.21906352043151855,0.040991827845573425,0.10894278135657447,0,0.0,0.04954640614096301,71,0.1818077564239502,0.9893977642059326,0.2636352231018215,0.6846381093057607,26.36041259765625,0.10745937961595273,0.21970823407173157,0.8482274741506647,0.21970823407173157,0.8482274741506647,2.0825006163960325e-09,4.1984797860550316e-09,2.5636758493874368e-08,1.0,0.17992474138736725,0.299207478761673,68,0.8177613019943237,0.2992074489593506,1.0,0.2992074489593506
GCN,265,1947,3,0,4,-5.306164741516113,-2.6779680252075195,2.6281967163085938,0.7499998807907104,0.028092721477150917,-0.00035896262852475047,0.19305330514907837,0.03836847096681595,0.10837438423645321,0,0.0,0.05373342637822749,77,0.14989130198955536,0.9895519018173218,0.24641635730117878,0.34379615952732645,23.27840232849121,0.0361890694239291,0.19449922442436218,0.6724519940915805,0.19449922442436218,0.6724519940915805,4.165001232792065e-09,1.6082703169217893e-08,7.158472925539172e-08,1.0,0.14833298325538635,0.2637031376361847,73,0.7910047173500061,0.2637031376361847,1.0,0.2637031376361847
GCN,265,1959,5,0,5,-5.007469177246094,-1.7505805492401123,3.2568886280059814,0.7071066498756409,0.02964317612349987,-0.00022179116785991937,0.23004597425460815,0.030395247042179108,0.10837438423645321,0,0.0,0.0628053035589672,90,0.1682196408510208,0.9907692670822144,0.27081794725631764,0.7647710487444609,27.643268585205078,0.16100443131462333,0.23050855100154877,0.8692762186115214,0.23050855100154877,0.8692762186115214,8.446330745925934e-09,1.2685272388068825e-08,9.606740292156246e-08,1.0,0.16667191684246063,0.31427961587905884,86,0.6671761274337769,0.31427958607673645,1.0,0.31427958607673645
GCN,265,1961,5,1,3,-3.720154285430908,0.9010478854179382,4.621202170848846,0.8017836213111877,0.03412124142050743,0.0,0.240464985370636,0.0331047847867012,0.10837438423645321,0,0.0,0.05512909979064899,79,0.19929741322994232,0.991288959980011,0.278484724237959,0.8124076809453471,28.88333511352539,0.21565731166912852,0.24075078964233398,0.8833087149187593,0.24075078964233398,0.8833087149187593,6.177695244247161e-09,1.5781040474394104e-08,6.576878774922079e-08,1.0,0.1975613236427307,0.32853639125823975,74,0.7482297420501709,0.32853639125823975,1.0,0.32853639125823975
GCN,265,1962,5,1,3,-3.0015432834625244,1.351343035697937,4.352886319160461,0.8017836213111877,0.0409243181347847,0.0,0.25503236055374146,0.0414736345410347,0.10913224706328155,0,0.0,0.0418702023726448,60,0.21182481944561005,0.9888939261436462,0.2884773182068097,0.8408419497784343,30.642866134643555,0.30280649926144754,0.25503095984458923,0.8995568685376661,0.25503095984458923,0.8995568685376661,8.277775798148923e-09,7.19141457494743e-09,3.140366544585049e-08,1.0,0.20947229862213135,0.3483438491821289,55,0.8289018869400024,0.34834378957748413,1.0,0.34834378957748413
GCN,265,1969,4,0,3,-2.9980342388153076,-0.28171539306640625,2.7163188457489014,0.8017836213111877,0.042418546974658966,0.0,0.2062690258026123,0.052793487906455994,0.17904509283819628,0,0.0,0.03838101884159107,55,0.17239996790885925,0.9819236993789673,0.2552279623748073,0.5199409158050221,24.85407066345215,0.0638847858197932,0.20732910931110382,0.7909896602658789,0.20732910931110382,0.7909896602658789,1.1243574959962643e-08,1.617994982439086e-08,6.984143396948639e-08,1.0,0.16928362846374512,0.28151172399520874,50,0.8233335018157959,0.28151169419288635,1.0,0.28151169419288635
GCN,265,1972,6,1,3,-1.0302977561950684,2.214325428009033,3.2446231842041016,0.8017836213111877,0.03172735869884491,0.0,0.2223600596189499,0.035418473184108734,0.10837438423645321,0,0.0,0.05443126308443824,78,0.18430785834789276,0.9911931753158569,0.26507449605466277,0.7056868537666174,26.745981216430664,0.1207533234859675,0.22303953766822815,0.8552437223042836,0.22303953766822815,0.8552437223042836,2.464047854644491e-09,1.5391496077654665e-08,6.340521707670632e-08,1.0,0.18268467485904694,0.3037971258163452,73,0.7961041331291199,0.3037971258163452,1.0,0.3037971258163452
GCN,265,1977,3,1,2,0.34574759006500244,3.3148529529571533,2.969105362892151,0.8660253286361694,0.04147058352828026,0.0,0.22427649796009064,0.04931080341339111,0.15270935960591134,0,0.0,0.044661549197487785,64,0.20147763192653656,0.987384557723999,0.266762094757972,0.7267355982274741,26.960966110229492,0.129615952732644,0.22478775680065155,0.8593057607090103,0.22478775680065155,0.8593057607090103,3.5156655364687595e-09,1.5254071783488143e-08,6.259464413460591e-08,1.0,0.19893589615821838,0.3062818944454193,59,0.9237966537475586,0.3062818944454193,1.0,0.3062818944454193
GCN,265,1983,0,1,4,0.18286466598510742,2.448960304260254,2.2660956382751465,0.7499998807907104,0.02255108952522278,-0.0007830297108739614,0.17782406508922577,0.03555334359407425,0.10837438423645321,0,0.0,0.06559665038381018,94,0.13775131106376648,0.992038369178772,0.23689549492064357,0.1986706056129985,21.4738712310791,0.017355982274741506,0.17962807416915894,0.4224519940915805,0.17962807416915894,0.4224519940915805,3.725290298461914e-09,1.5211032433626315e-08,1.2162053053543787e-07,1.0,0.1366681605577469,0.2429656684398651,90,0.8155556917190552,0.24296563863754272,1.0,0.24296563863754272
GCN,265,1996,3,0,5,-8.254724502563477,-5.414299011230469,2.840425491333008,0.7071066498756409,0.035515155643224716,-0.00028542071231640875,0.21407122910022736,0.04177924990653992,0.10989010989010989,0,0.0,0.04396371249127704,63,0.15737268328666687,0.984815239906311,0.25997782766270067,0.6225997045790251,25.729713439941406,0.08567208271787297,0.21483372151851654,0.8323485967503693,0.21483372151851654,0.8323485967503693,1.0030650976489142e-08,9.4353884705356e-09,8.610957280552611e-08,1.0,0.1549908071756363,0.2922535240650177,59,0.7122789621353149,0.2922535240650177,1.0,0.2922535240650177
GCN,265,2004,3,0,4,-5.59632682800293,-2.759014129638672,2.837312698364258,0.7499998807907104,0.029339483007788658,0.0,0.18052734434604645,0.04077502340078354,0.10837438423645321,0,0.0,0.04815073272854152,69,0.14049534499645233,0.9870120286941528,0.2387506364394488,0.22636632200886264,21.784095764160156,0.019571639586410634,0.18225716054439545,0.47156573116691286,0.18225716054439545,0.47156573116691286,8.303929988073833e-09,1.774684754707323e-08,1.3724532266223832e-07,1.0,0.13867057859897614,0.24652552604675293,64,0.7526724338531494,0.24652552604675293,1.0,0.24652552604675293
GCN,265,2006,3,0,3,-6.2708868980407715,-1.5493618249893188,4.721525073051453,0.8017836213111877,0.043684832751750946,0.0,0.24613262712955475,0.043108269572257996,0.1110269041303524,0,0.0,0.03558967201674808,51,0.20488062500953674,0.9864561557769775,0.28202530175696666,0.8231166912850812,29.556795120239258,0.24556868537666174,0.2462916523218155,0.8899556868537666,0.2462916523218155,0.8899556868537666,8.381903171539307e-09,5.416753712239597e-09,2.9366212572767836e-08,1.0,0.20210576057434082,0.33609360456466675,46,0.7789621353149414,0.33609357476234436,1.0,0.33609357476234436
GCN,265,2010,0,1,4,-0.14174818992614746,2.2076494693756104,2.349397659301758,0.7499998807907104,0.028498560190200806,-0.0003300841781310737,0.19820727407932281,0.03889865800738335,0.10837438423645321,0,0.0,0.0628053035589672,90,0.1538601964712143,0.9897966384887695,0.2495527364381508,0.4102658788774003,23.877578735351562,0.043205317577548,0.19939756393432617,0.7208271787296898,0.19939756393432617,0.7208271787296898,9.313225746154785e-10,6.254547990636183e-09,4.182146540188114e-08,1.0,0.15229754149913788,0.2707512378692627,86,0.8116194605827332,0.2707512378692627,1.0,0.2707512378692627
GCN,265,2011,3,1,3,-1.8531750440597534,0.7208176255226135,2.573992669582367,0.8017836213111877,0.028305912390351295,-0.0008483136189170182,0.18561844527721405,0.04056129977107048,0.10837438423645321,0,0.0,0.05512909979064899,79,0.15399989485740662,0.9899532198905945,0.2413399077429073,0.2536927621861152,22.393051147460938,0.026587887740029542,0.18720972537994385,0.5594534711964549,0.18720972537994385,0.5594534711964549,3.8680729730344865e-09,5.656934032316485e-09,3.8419173620241054e-08,1.0,0.1524711549282074,0.25355327129364014,76,0.8530471324920654,0.25355327129364014,1.0,0.25355327129364014
GCN,265,2014,3,1,2,0.23628294467926025,3.5107574462890625,3.2744745016098022,0.8660253286361694,0.04926475137472153,0.0,0.19425846636295319,0.07143861800432205,0.21106479727169383,0,0.0,0.03558967201674808,51,0.1762160360813141,0.9765996336936951,0.2466530876889724,0.3467503692762186,23.42444610595703,0.03840472673559823,0.19534604251384735,0.6816838995568686,0.19534604251384735,0.6816838995568686,7.138452495780712e-09,6.753844594697966e-09,6.783967165802096e-08,1.0,0.1720925122499466,0.2649537920951843,46,0.9758145809173584,0.26495376229286194,1.0,0.26495376229286194
GCN,265,2015,6,1,3,0.26430630683898926,2.907219886779785,2.642913579940796,0.8017836213111877,0.027811937034130096,0.0,0.17960965633392334,0.04234936833381653,0.10989010989010989,0,0.0,0.05373342637822749,77,0.149079367518425,0.9896483421325684,0.2375493456373233,0.21307237813884786,21.68354606628418,0.01883308714918759,0.1813308149576187,0.4538404726735598,0.1813308149576187,0.4538404726735598,3.00883495896187e-09,4.14706624596306e-09,2.9039497917437984e-08,1.0,0.14753615856170654,0.24534659087657928,72,0.8771272897720337,0.2453465759754181,1.0000001192092896,0.2453465461730957
GCN,265,2019,0,1,2,0.12038755416870117,3.1299800872802734,3.0095925331115723,0.8660253286361694,0.0535748191177845,-0.0002178770228056237,0.22538895905017853,0.06543360650539398,0.20670708601743085,0,0.0,0.03628750872295883,52,0.20393216609954834,0.9793659448623657,0.26757117770566724,0.7333825701624815,27.10666847229004,0.13737075332348597,0.2258719950914383,0.8615214180206795,0.2258719950914383,0.8615214180206795,7.929926049143887e-09,1.828054152497316e-08,7.9851069756387e-08,1.0,0.1997331976890564,0.3075094223022461,48,0.9535938501358032,0.3075094223022461,1.0,0.3075094223022461
GCN,265,2038,3,1,2,-2.0414881706237793,1.6901429891586304,3.7316311597824097,0.8660253286361694,0.05329085513949394,-0.0005060115363448858,0.26443472504615784,0.05256568640470505,0.1733611216369837,0,0.0,0.03838101884159107,55,0.23802298307418823,0.9850565195083618,0.29555707068406495,0.8552437223042836,31.75787353515625,0.36669128508124077,0.26430341601371765,0.9098966026587888,0.26430341601371765,0.9098966026587888,3.725290298461914e-09,2.388642617034975e-09,9.520467081358674e-09,1.0,0.23448683321475983,0.3610161542892456,51,0.9035636782646179,0.3610161244869232,1.0,0.3610161244869232
GCN,265,2043,4,1,2,-1.9886406660079956,1.6174240112304688,3.6060646772384644,0.8660253286361694,0.05481059476733208,0.0,0.2582683861255646,0.056398890912532806,0.19306555513452064,0,0.0,0.03977669225401256,57,0.2328328937292099,0.9834660291671753,0.29008162471962456,0.8441654357459379,30.98644256591797,0.31979320531757754,0.25815585255622864,0.9036189069423929,0.25815585255622864,0.9036189069423929,4.9500474830210806e-09,2.9983048932535894e-08,1.199328636403152e-07,1.0,0.22898322343826294,0.35254278779029846,52,0.9205934405326843,0.35254281759262085,1.0,0.35254281759262085
GCN,265,2045,1,0,32,-1.6395518779754639,-0.26176053285598755,1.3777913451194763,0.35355332493782043,0.008514124900102615,-0.05715229734778404,0.19730441272258759,0.013607189990580082,0.10837438423645321,0,0.0,0.22609909281228194,324,0.07131816446781158,0.9957877993583679,0.24838015926255305,0.3895864106351551,23.760025024414062,0.04098966026587888,0.19852174818515778,0.7134416543574594,0.19852174818515778,0.7134416543574594,2.0205353834512607e-08,2.494083695125937e-08,3.486738364699704e-07,1.0,0.07139209657907486,0.2692365050315857,323,0.44594383239746094,0.2692364454269409,1.0,0.2692364454269409
GCN,265,2051,0,1,3,1.2193405628204346,4.03643798828125,2.8170974254608154,0.8017836213111877,0.03236551210284233,-0.03397081792354584,0.2160038948059082,0.03726053610444069,0.10837438423645321,0,0.0,0.051639916259595256,74,0.1780642867088318,0.9901875853538513,0.2609254000479495,0.6392171344165436,25.992061614990234,0.0930576070901034,0.21680010855197906,0.837149187592319,0.21680010855197906,0.837149187592319,6.035659971814766e-09,4.423782229423523e-09,6.386863304896906e-08,1.0,0.17716284096240997,0.2946145534515381,72,0.7975269556045532,0.2946145236492157,1.0,0.2946145236492157
GCN,265,2054,0,1,9,3.5833098888397217,4.7250800132751465,1.1417701244354248,0.588348388671875,0.016404272988438606,-0.021733427420258522,0.1645992249250412,0.025813322514295578,0.10837438423645321,0,0.0,0.08234473133286811,118,0.09967698901891708,0.991957426071167,0.2293257332859232,0.1358936484490399,19.905061721801758,0.005539143279172821,0.1667320728302002,0.17872968980797638,0.1667320728302002,0.17872968980797638,1.0518689919081226e-08,9.738482908971946e-09,8.651561955730358e-08,1.0,0.09914958477020264,0.2246958613395691,116,0.609549880027771,0.2246958315372467,1.0,0.2246958315372467
GCN,265,2055,0,1,4,1.3824679851531982,3.821941614151001,2.4394736289978027,0.7499998807907104,0.027869440615177155,-0.02998439595103264,0.19671688973903656,0.037468768656253815,0.10837438423645321,0,0.0,0.05931612002791347,85,0.15182287991046906,0.989988386631012,0.24844620317533544,0.3895864106351551,23.691831588745117,0.04062038404726736,0.1979069858789444,0.7086410635155096,0.1979069858789444,0.7086410635155096,3.8399412538581146e-09,1.5966971744774128e-08,1.2516591141320532e-07,1.0,0.15094570815563202,0.26834797859191895,82,0.7934216856956482,0.26834797859191895,1.0,0.26834797859191895
GCN,265,2058,5,1,3,-3.6791534423828125,1.881258487701416,5.5604119300842285,0.8017836213111877,0.05248594656586647,0.0,0.2967633306980133,0.03540828078985214,0.10837438423645321,0,0.0,0.039078855547801813,56,0.24700486660003662,0.9865495562553406,0.3214555905922066,0.8733382570162481,35.58654022216797,0.5638847858197932,0.29610803723335266,0.939807976366322,0.29610803723335266,0.939807976366322,7.792003486883914e-09,1.725933174157035e-08,6.90373269662814e-08,1.0,0.24368254840373993,0.40523409843444824,51,0.6420801877975464,0.40523406863212585,1.0,0.40523406863212585
GCN,265,2059,0,1,6,1.582899808883667,3.5485470294952393,1.9656472206115723,0.6708203554153442,0.024539893493056297,-0.04755387455224991,0.22359301149845123,0.026660554111003876,0.10837438423645321,0,0.0,0.07466852756454989,107,0.15368062257766724,0.992443859577179,0.2658620786123045,0.7134416543574594,26.885269165039062,0.1240768094534712,0.22421489655971527,0.8570901033973413,0.22421489655971527,0.8570901033973413,8.433485021441811e-09,1.677625682816597e-08,1.3035938195571362e-07,1.0,0.15341712534427643,0.3049343228340149,105,0.6266746520996094,0.3049342930316925,1.0,0.3049342930316925
GCN,265,2071,2,1,8,0.9433978796005249,3.0140280723571777,2.070630192756653,0.6123723983764648,0.020765982568264008,-0.04011920839548111,0.22739462554454803,0.023786913603544235,0.10837438423645321,0,0.0,0.09909281228192603,142,0.1427697092294693,0.9937305450439453,0.2686943523325607,0.741506646971935,27.323667526245117,0.14734121122599705,0.22795222699642181,0.8644756277695717,0.22795222699642181,0.8644756277695717,8.185578437291952e-09,6.165359778265156e-09,4.487051796786545e-08,1.0,0.14251551032066345,0.3103024959564209,139,0.6380304098129272,0.3103024959564209,1.0,0.3103024959564209
GCN,265,2072,0,1,3,2.5767593383789062,5.153255939483643,2.5764966011047363,0.8017836213111877,0.03359357640147209,-0.0007382450858131051,0.1985042840242386,0.046580322086811066,0.12788935202728305,0,0.0,0.045359385903698535,65,0.16503016650676727,0.9876631498336792,0.24916433948181735,0.4054652880354505,23.91791534423828,0.044682422451994094,0.19968301057815552,0.7226735598227474,0.19968301057815552,0.7226735598227474,2.9451006078318187e-09,4.179212975685687e-09,2.7394976953587502e-08,1.0,0.16301329433918,0.27108442783355713,62,0.88274085521698,0.27108442783355713,1.0,0.27108442783355713
GCN,265,2075,3,0,8,-3.4162964820861816,-0.7674068212509155,2.648889660835266,0.6123723983764648,0.019943196326494217,-0.00019021210027858615,0.21403808891773224,0.026031220331788063,0.10837438423645321,0,0.0,0.08583391486392185,123,0.13521094620227814,0.993541955947876,0.2596144559020361,0.6222304283604135,25.745088577270508,0.08567208271787297,0.2149299830198288,0.8327178729689808,0.2149299830198288,0.8327178729689808,7.1838726078965465e-09,7.019409942188304e-09,5.169049899222955e-08,1.0,0.13434067368507385,0.2925032079219818,119,0.6843312978744507,0.2925032079219818,1.0,0.2925032079219818
GCN,265,2082,1,1,2,-1.9059950113296509,2.6659436225891113,4.571938633918762,0.8660253286361694,0.09021378308534622,0.0,0.24554575979709625,0.09797058254480362,0.306176582038651,0,0.0,0.021632937892533146,31,0.22771547734737396,0.9524286389350891,0.28143623596846185,0.8231166912850812,29.504817962646484,0.2429837518463811,0.24538861215114594,0.8884785819793205,0.24538861215114594,0.8884785819793205,8.011539875951712e-09,1.3689570366182124e-08,5.47582814647285e-08,1.0,0.21688273549079895,0.33391284942626953,26,0.9237316250801086,0.3339128792285919,1.0,0.3339128792285919
GCN,265,2087,1,1,2,-2.1491310596466064,1.4474108219146729,3.5965418815612793,0.8660253286361694,0.04726164788007736,0.0,0.22858190536499023,0.053150542080402374,0.1816976127320955,0,0.0,0.03838101884159107,55,0.2059173583984375,0.9842897057533264,0.2693201841929982,0.7492614475627769,27.482303619384766,0.155096011816839,0.2291090190410614,0.8670605612998523,0.2291090190410614,0.8670605612998523,3.811601700931533e-09,4.4936916410165395e-09,1.8065017926005567e-08,1.0,0.20268233120441437,0.31204989552497864,50,0.8904945254325867,0.31204986572265625,1.0,0.31204986572265625
GCN,265,2096,1,1,6,-1.4247798919677734,1.7392590045928955,3.164038896560669,0.6708203554153442,0.02250227890908718,-0.0010334663093090057,0.2318892627954483,0.024636857211589813,0.10837438423645321,0,0.0,0.0851360781577111,122,0.16036191582679749,0.9941568374633789,0.27205002127820666,0.7714180206794683,27.86111068725586,0.17134416543574593,0.23233577609062195,0.8722304283604135,0.23233577609062195,0.8722304283604135,7.362751297534942e-09,6.100984606405291e-09,7.060874906983372e-08,1.0,0.15944278240203857,0.3169110119342804,119,0.6539240479469299,0.3169110119342804,1.0,0.3169110119342804
GCN,265,2105,5,1,2,0.20734882354736328,4.3435893058776855,4.136240482330322,0.8660253286361694,0.04772282764315605,-0.0012616189196705818,0.26867571473121643,0.044792406260967255,0.11860553239863585,0,0.0,0.041172365666434056,59,0.24109451472759247,0.9883387684822083,0.2986959277183521,0.8574593796159528,32.242374420166016,0.3932791728212703,0.2684681713581085,0.9139586410635155,0.2684681713581085,0.9139586410635155,5.350040854779081e-09,1.5455203339342916e-08,1.2033358132157446e-07,1.0,0.23832935094833374,0.36693209409713745,56,0.8515893816947937,0.36693206429481506,1.0,0.36693206429481506
GCN,265,2107,1,1,4,-1.3140068054199219,2.013530969619751,3.327537775039673,0.7499998807907104,0.02664438635110855,-0.00033787672873586416,0.20046326518058777,0.03452015668153763,0.10837438423645321,0,0.0,0.0642009769713887,92,0.1554075926542282,0.991264283657074,0.2503828901503653,0.43353028064992616,24.136648178100586,0.047636632200886264,0.2015640288591385,0.7418759231905465,0.2015640288591385,0.7418759231905465,5.665014235489707e-09,1.585098452494549e-08,1.239770170968768e-07,1.0,0.15405692160129547,0.2738790214061737,88,0.77915358543396,0.2738789916038513,1.0,0.2738789916038513
GCN,265,2113,2,1,6,-2.3917040824890137,0.3844560980796814,2.776160180568695,0.6708203554153442,0.02168796956539154,-0.03461850807070732,0.17496514320373535,0.032329946756362915,0.10837438423645321,0,0.0,0.06978367062107467,100,0.12064536660909653,0.9904034733772278,0.23303874882422423,0.15620384047267355,21.123388290405273,0.01292466765140325,0.17676424980163574,0.371122599704579,0.17676424980163574,0.371122599704579,7.494109333094912e-09,8.450541599813732e-09,6.873040803156982e-08,1.0,0.12006516754627228,0.23864343762397766,96,0.6998482346534729,0.23864343762397766,1.0,0.23864343762397766
GCN,265,2120,4,1,5,-2.034773349761963,0.8628010749816895,2.8975744247436523,0.7071066498756409,0.03176762908697128,0.0,0.22909581661224365,0.041316740214824677,0.10913224706328155,0,0.0,0.06699232379623168,96,0.16774751245975494,0.9893314838409424,0.2701538607181159,0.7573855243722304,27.556705474853516,0.15768094534711966,0.22961123287677765,0.8677991137370753,0.22961123287677765,0.8677991137370753,3.5768121797730146e-09,5.9605325120060115e-09,6.849020905974612e-08,1.0,0.16595789790153503,0.3129332661628723,91,0.8427587747573853,0.3129332363605499,1.0,0.3129332363605499
GCN,265,2122,4,0,10,-3.6817779541015625,-1.7353129386901855,1.946465015411377,0.5669466257095337,0.01523348968476057,-0.053657934069633484,0.21518413722515106,0.21949169039726257,0.7324744221295946,1,0.0,0.12630844382414516,181,0.12478340417146683,0.9955931901931763,0.2606715703197707,0.6299852289512555,25.882814407348633,0.08973412112259971,0.21605627238750458,0.8349335302806499,0.21605627238750458,0.8349335302806499,8.417399222082622e-09,1.3212690497255153e-08,1.0579302767155241e-07,1.0,0.12486229836940765,0.2936485707759857,178,0.5070580244064331,0.29364854097366333,1.0,0.29364854097366333
GCN,265,2130,4,0,12,-4.417850971221924,-2.3492140769958496,2.068636894226074,0.5303300619125366,0.021718844771385193,0.0,0.2569352686405182,0.01750870607793331,0.10837438423645321,0,0.0,0.0928122819260293,133,0.14064663648605347,0.9929191470146179,0.29057570623925577,0.8452732644017725,30.83758544921875,0.31277695716395865,0.25699347257614136,0.9014032496307238,0.25699347257614136,0.9014032496307238,1.8547703817262118e-08,2.3747174893173906e-08,1.446151003392515e-07,1.0,0.13965076208114624,0.3511040210723877,128,0.43938714265823364,0.3511039912700653,1.0,0.3511039912700653
GCN,265,2131,0,1,3,1.917948842048645,4.9590840339660645,3.0411351919174194,0.8017836213111877,0.034073006361722946,-0.0016303393058478832,0.2015925794839859,0.046943068504333496,0.1328154604016673,0,0.0,0.046057222609909285,66,0.16756229102611542,0.9876893758773804,0.2514855533701417,0.4538404726735598,24.271596908569336,0.050221565731166914,0.202516570687294,0.7503692762186115,0.202516570687294,0.7503692762186115,4.165001232792065e-09,5.525743862477839e-09,3.311110319259569e-08,1.0,0.16554223001003265,0.27528995275497437,63,0.8642656803131104,0.27528995275497437,1.0,0.27528995275497437
GCN,265,2139,3,0,4,-5.784886360168457,-2.9975829124450684,2.7873034477233887,0.7499998807907104,0.0377153716981411,0.0,0.22115734219551086,0.046813853085041046,0.13111026904130352,0,0.0,0.0418702023726448,60,0.17231501638889313,0.9857232570648193,0.2650615943995762,0.7056868537666174,26.61747932434082,0.11742983751846381,0.22183345258235931,0.8515509601181684,0.22183345258235931,0.8515509601181684,1.1500985053203294e-08,1.043038366788096e-08,6.351456249831244e-08,1.0,0.16985490918159485,0.30196434259414673,55,0.8235284090042114,0.30196431279182434,1.0,0.30196431279182434
GCN,265,2141,3,0,4,-6.6879119873046875,-2.638197422027588,4.0497145652771,0.7499998807907104,0.04076368361711502,0.0,0.24846147000789642,0.044341713190078735,0.11405835543766578,0,0.0,0.046057222609909285,66,0.193407341837883,0.986768364906311,0.2841276009663371,0.8308714918759232,29.83966636657715,0.25960118168389956,0.24857667088508606,0.8940177252584933,0.24857667088508606,0.8940177252584933,8.859810662897871e-09,1.82308959040256e-08,7.990671946345174e-08,1.0,0.190848246216774,0.33928585052490234,61,0.810810387134552,0.33928582072257996,1.0,0.33928582072257996
GCN,265,2153,4,1,3,0.2278296947479248,3.5387275218963623,3.3108978271484375,0.8017836213111877,0.034706272184848785,0.0,0.17083927989006042,0.054511092603206635,0.1883289124668435,0,0.0,0.03698534542916958,53,0.1427328884601593,0.9823499321937561,0.23243301429020466,0.15398818316100443,20.640148162841797,0.009231905465288036,0.17268355190753937,0.2865583456425406,0.17268355190753937,0.2865583456425406,4.032745248849778e-09,3.98754362862519e-09,2.7387059731154295e-08,1.0,0.14021363854408264,0.2331695407629013,48,0.8605613708496094,0.2331695407629013,1.0,0.2331695407629013
GCN,265,2156,0,1,4,0.7374970316886902,3.451383352279663,2.713886320590973,0.7499998807907104,0.028042687103152275,0.0,0.20246325433254242,0.0375172458589077,0.10837438423645321,0,0.0,0.05931612002791347,85,0.1570715755224228,0.9905238151550293,0.2519786585208289,0.4619645494830133,24.37041473388672,0.05206794682422452,0.20355205237865448,0.7607090103397341,0.20355205237865448,0.7607090103397341,6.796102791639669e-09,1.615931033427387e-08,7.151047753950479e-08,1.0,0.15558311343193054,0.2765922546386719,80,0.8126036524772644,0.2765922248363495,1.0,0.2765922248363495
GCN,265,2157,6,1,5,-2.0495967864990234,0.9599274396896362,3.0095242261886597,0.7071066498756409,0.02939080260694027,-0.0002739701885730028,0.25446927547454834,0.027628818526864052,0.10837438423645321,0,0.0,0.06838799720865317,98,0.18577919900417328,0.992566704750061,0.28903276702964475,0.843426883308715,30.578933715820312,0.2998522895125554,0.2546834349632263,0.8995568685376661,0.2546834349632263,0.8995568685376661,7.508562660518692e-09,6.50892051368146e-09,3.491528133281463e-08,1.0,0.18440444767475128,0.34771642088890076,94,0.6765987873077393,0.34771642088890076,1.0,0.34771642088890076
GCN,265,2158,6,1,1,-1.7579883337020874,3.1909127235412598,4.948901057243347,0.9486831426620483,0.07506507635116577,0.0,0.3136325776576996,0.059873729944229126,0.19969685486926866,0,0.0,0.02930914166085136,42,0.310001403093338,0.9824975728988647,0.33530833966108653,0.8829394387001477,37.740516662597656,0.670605612998523,0.31298360228538513,0.9519940915805022,0.31298360228538513,0.9519940915805022,9.219623287037848e-09,3.359948763659304e-09,1.2399188342726575e-08,1.0,0.304575651884079,0.42806798219680786,37,0.9492940902709961,0.42806798219680786,1.0,0.42806798219680786
GCN,265,2160,6,1,8,-2.1013400554656982,0.45384323596954346,2.5551832914352417,0.6123723983764648,0.02421742118895054,-0.09238196909427643,0.24530525505542755,0.021834921091794968,0.10837438423645321,0,0.0,0.08304256803907886,119,0.15278947353363037,0.9926024079322815,0.2821706036592332,0.8238552437223042,29.466081619262695,0.24187592319054652,0.2455407679080963,0.8888478581979321,0.2455407679080963,0.8888478581979321,1.130128346460424e-08,1.663639714877263e-08,1.286270787659305e-07,1.0,0.15338027477264404,0.33395859599113464,115,0.5417590141296387,0.33395859599113464,1.0,0.33395859599113464
GCN,265,2164,6,1,3,-2.5413012504577637,0.7279322147369385,3.269233465194702,0.8017836213111877,0.03696797415614128,0.0,0.24113571643829346,0.03744124993681908,0.10837438423645321,0,0.0,0.04884856943475227,70,0.20011095702648163,0.9898502826690674,0.2788553282255524,0.8138847858197932,28.98442840576172,0.22008862629246675,0.24155345559120178,0.8847858197932054,0.24155345559120178,0.8847858197932054,4.368290174028289e-09,7.07791736331842e-09,3.652102975593152e-08,1.0,0.1980798989534378,0.3293987512588501,65,0.783255398273468,0.3293987214565277,1.0,0.3293987214565277
GCN,265,2165,6,1,3,-0.7905781269073486,2.1755268573760986,2.9661049842834473,0.8017836213111877,0.030789891257882118,0.0,0.19305303692817688,0.04303107038140297,0.1110269041303524,0,0.0,0.05024424284717376,72,0.16032686829566956,0.9890271425247192,0.24642707563744984,0.34379615952732645,23.25726318359375,0.0361890694239291,0.19425088167190552,0.6683899556868538,0.19425088167190552,0.6683899556868538,3.453436425715495e-09,3.7834979593753815e-09,6.376329508839262e-08,1.0,0.1585676223039627,0.2636914551258087,67,0.8653022050857544,0.2636914551258087,1.0,0.2636914551258087
GCN,265,2166,5,1,2,-2.8168606758117676,0.9031186103820801,3.7199792861938477,0.8660253286361694,0.08365887403488159,0.0,0.25622132420539856,0.09048342704772949,0.24820007578628267,0,0.0,0.034193998604326585,49,0.23554489016532898,0.9619505405426025,0.29067376558266955,0.8452732644017725,30.77763557434082,0.3087149187592319,0.2563375234603882,0.9006646971935007,0.2563375234603882,0.9006646971935007,1.9199706269290573e-09,1.634682078588412e-08,1.225423744699583e-07,1.0,0.22658252716064453,0.3488466739654541,44,0.959981381893158,0.3488466441631317,1.0,0.3488466441631317
GCN,265,2172,0,1,5,3.33605694770813,5.034815788269043,1.698758840560913,0.7071066498756409,0.030745897442102432,-0.00033723851083777845,0.18906818330287933,0.04231370985507965,0.10989010989010989,0,0.0,0.05373342637822749,77,0.13891743123531342,0.9853994250297546,0.24314710259179137,0.28508124076809455,22.78757667541504,0.030280649926144758,0.190331369638443,0.6104135893648449,0.190331369638443,0.6104135893648449,1.6529336122061977e-08,1.5209138837235514e-08,1.0902442681981483e-07,1.0,0.13689713180065155,0.25813573598861694,73,0.7359651923179626,0.25813573598861694,1.0,0.25813573598861694
GCN,265,2177,3,1,4,0.5135781168937683,2.728926181793213,2.2153480648994446,0.7499998807907104,0.060897283256053925,0.0,0.228438138961792,0.08384816348552704,0.22735884804850323,0,0.0,0.05443126308443824,78,0.18119633197784424,0.966000497341156,0.26720529184722625,0.7267355982274741,27.374454498291016,0.14918759231905465,0.22846387326717377,0.8655834564254062,0.22846387326717377,0.8655834564254062,8.225217840163168e-09,1.4308906060023219e-08,1.0896275171035086e-07,1.0,0.1750357449054718,0.3111747205257416,73,0.9435946941375732,0.3111746907234192,1.0,0.3111746907234192
GCN,265,2181,0,1,8,4.106434345245361,5.075156211853027,0.968721866607666,0.6123723983764648,0.027886128053069115,-7.699820707784966e-05,0.19875702261924744,0.018849361687898636,0.10837438423645321,0,0.0,0.07606420097697139,109,0.1264663189649582,0.9855085015296936,0.2497009783844042,0.4121122599704579,23.928804397583008,0.044682422451994094,0.19974485039710999,0.7230428360413589,0.19974485039710999,0.7230428360413589,1.0167530817284387e-08,1.75236714028415e-08,1.4046038643300562e-07,1.0,0.12463529407978058,0.271371454000473,105,0.32908380031585693,0.271371454000473,1.0,0.271371454000473
GCN,265,2189,0,1,6,1.3553367853164673,3.8694753646850586,2.5141385793685913,0.6708203554153442,0.02135578542947769,-0.0013706176541745663,0.1984741985797882,0.027560923248529434,0.10837438423645321,0,0.0,0.0732728541521284,105,0.13740739226341248,0.9928269982337952,0.2491543593976671,0.4054652880354505,23.903766632080078,0.04357459379615953,0.19966243207454681,0.7226735598227474,0.19966243207454681,0.7226735598227474,7.623203401863066e-09,1.6964369464744777e-08,1.3321576375346922e-07,1.0,0.1364443004131317,0.2711988687515259,102,0.6252293586730957,0.2711988687515259,1.0,0.2711988687515259
GCN,265,2195,0,1,4,-0.24808627367019653,3.0769336223602295,3.325019896030426,0.7499998807907104,0.03672810643911362,-0.0002032588963629678,0.256971150636673,0.03253729268908501,0.10837438423645321,0,0.0,0.052337752965806,75,0.19945965707302094,0.9899165630340576,0.28976432555219195,0.8441654357459379,30.844459533691406,0.31277695716395865,0.2570893466472626,0.9014032496307238,0.2570893466472626,0.9014032496307238,7.392143785978078e-09,4.674133080584397e-09,2.2817403078079224e-08,1.0,0.19745415449142456,0.3510296940803528,71,0.6829491853713989,0.3510296940803528,1.0,0.3510296940803528
GCN,265,2198,0,1,5,2.592327833175659,4.851876735687256,2.2595489025115967,0.7071066498756409,0.023195473477244377,-0.02926301211118698,0.18655729293823242,0.033996615558862686,0.10837438423645321,0,0.0,0.06908583391486392,99,0.13565629720687866,0.9913188815116882,0.2420086046119645,0.2692023633677991,22.496089935302734,0.026957163958641065,0.1880907118320465,0.5727474150664698,0.1880907118320465,0.5727474150664698,6.120390860786529e-09,1.5669135322582406e-08,1.2466358612073236e-07,1.0,0.1350007951259613,0.2545599937438965,97,0.773374080657959,0.2545599937438965,1.0,0.2545599937438965
GCN,265,2212,3,1,4,-2.5798206329345703,0.7340390086174011,3.3138596415519714,0.7499998807907104,0.032489582896232605,-0.0007181899854913354,0.2329956293106079,0.036224283277988434,0.10837438423645321,0,0.0,0.056524773203070484,81,0.18075546622276306,0.9903944134712219,0.2725951981712112,0.7791728212703102,27.989532470703125,0.17466765140324964,0.2334364950656891,0.8737075332348597,0.2334364950656891,0.8737075332348597,4.417650689703123e-09,1.6326392682231017e-08,1.2450149711185077e-07,1.0,0.17903713881969452,0.31828832626342773,77,0.7793357372283936,0.31828832626342773,1.0,0.31828832626342773
GCN,265,2215,3,1,4,-3.0116982460021973,0.622541069984436,3.6342393159866333,0.7499998807907104,0.031249022111296654,-0.0002667192311491817,0.21828587353229523,0.038489386439323425,0.10837438423645321,0,0.0,0.055826936496859735,80,0.16943517327308655,0.9898843169212341,0.26245296034092663,0.6632200886262924,26.244434356689453,0.10450516986706056,0.21912944316864014,0.8474889217134417,0.21912944316864014,0.8474889217134417,4.6566128730773926e-09,5.568879135608995e-09,3.179140151132742e-08,1.0,0.16772763431072235,0.29818251729011536,76,0.8065873384475708,0.29818248748779297,1.0,0.29818248748779297
GCN,265,2218,1,1,2,-1.0045043230056763,4.0414276123046875,5.045931935310364,0.8660253286361694,0.10057755559682846,0.0,0.3254115879535675,0.08233054727315903,0.22300113679424025,0,0.0,0.027913468248429867,40,0.29811838269233704,0.9657344222068787,0.3434682688584323,0.8877400295420975,38.96195983886719,0.725258493353028,0.3238150477409363,0.9612259970457903,0.3238150477409363,0.9612259970457903,8.932932615834943e-09,9.455475513675538e-09,6.910168792728655e-08,1.0,0.28790315985679626,0.4432559609413147,35,0.922748863697052,0.4432559311389923,1.0,0.4432559311389923
GCN,265,2224,4,1,8,-2.1691689491271973,0.07231509685516357,2.241484045982361,0.6123723983764648,0.0186481773853302,-0.1201975867152214,0.2149686962366104,0.2517143785953522,0.8003031451307313,1,0.0,0.08932309839497557,128,0.13340328633785248,0.9942852258682251,0.2609162624648001,0.6392171344165436,25.86009407043457,0.0878877400295421,0.21583053469657898,0.8349335302806499,0.21583053469657898,0.8349335302806499,9.359675701148262e-09,9.675787282503734e-09,9.390640087758584e-08,1.0,0.13436521589756012,0.29255664348602295,125,0.4852263331413269,0.29255664348602295,1.0,0.29255664348602295
GCN,265,2228,6,1,6,-1.186661720275879,1.2724850177764893,2.459146738052368,0.6708203554153442,0.02134540118277073,0.0,0.191536083817482,0.02608475647866726,0.10837438423645321,0,0.0,0.0718771807397069,103,0.13269400596618652,0.992313802242279,0.245261746216159,0.3205317577548006,23.090301513671875,0.03508124076809453,0.1929779201745987,0.6491875923190547,0.1929779201745987,0.6491875923190547,5.778704625925002e-09,5.923469714730345e-09,4.4262325360477917e-08,1.0,0.13167409598827362,0.2617175281047821,98,0.6280573010444641,0.2617175281047821,1.0,0.2617175281047821
GCN,265,2229,3,1,3,-2.7164711952209473,1.432197093963623,4.14866828918457,0.8017836213111877,0.04354128986597061,0.0,0.2719559073448181,0.03836346045136452,0.10837438423645321,0,0.0,0.04815073272854152,69,0.22587114572525024,0.9889434576034546,0.3018748972874816,0.8607828655834564,32.64480972290039,0.4139586410635155,0.27185022830963135,0.9165435745937962,0.27185022830963135,0.9165435745937962,5.350040854779081e-09,1.6985470807640013e-08,7.019911407724067e-08,1.0,0.22337381541728973,0.37146151065826416,64,0.7684792280197144,0.37146151065826416,1.0,0.37146151065826416
GCN,265,2231,0,1,2,-1.7554278373718262,2.021724224090576,3.7771520614624023,0.8660253286361694,0.04434539005160332,-0.0005277837626636028,0.255408376455307,0.04231519252061844,0.10989010989010989,0,0.0,0.04256803907885555,61,0.22911837697029114,0.9888536334037781,0.2897965287354422,0.8441654357459379,30.694181442260742,0.3050221565731167,0.25556060671806335,0.8999261447562777,0.25556060671806335,0.8999261447562777,5.890201215663637e-09,1.6246715972556558e-08,1.2349860867288953e-07,1.0,0.22658252716064453,0.3488466739654541,57,0.8442549705505371,0.3488466739654541,1.0,0.3488466739654541
GCN,265,2232,0,1,3,2.6268043518066406,5.0036163330078125,2.376811981201172,0.8017836213111877,0.03898737207055092,-0.00043322957935743034,0.22401630878448486,0.046522002667188644,0.12580522925350512,0,0.0,0.04256803907885555,61,0.18636813759803772,0.986966073513031,0.26616684960675707,0.7186115214180206,26.92978858947754,0.12629246676514033,0.22462494671344757,0.8581979320531757,0.22462494671344757,0.8581979320531757,6.107090388951519e-09,1.7083626957514753e-08,1.2807886662358214e-07,1.0,0.18395204842090607,0.30590471625328064,57,0.8572969436645508,0.30590468645095825,1.0,0.30590468645095825
GCN,265,2235,5,1,3,-4.47972297668457,0.785304069519043,5.265027046203613,0.8017836213111877,0.04306357726454735,-0.15606853365898132,0.2715737223625183,0.2831510603427887,0.8529746115953013,1,0.0,0.04675505931612003,67,0.21864068508148193,0.9887376427650452,0.3019776022244305,0.8607828655834564,32.582763671875,0.41285081240768096,0.27133896946907043,0.9165435745937962,0.27133896946907043,0.9165435745937962,7.65159580140562e-09,3.061728648390272e-08,1.2357671153040428e-07,1.0,0.22134846448898315,0.36809343099594116,64,0.7160329818725586,0.36809343099594116,1.0,0.36809343099594116
GCN,265,2249,4,0,6,-3.9040286540985107,-1.954012393951416,1.9500162601470947,0.6708203554153442,0.019440259784460068,0.0,0.1641959547996521,0.03286745026707649,0.10837438423645321,0,0.0,0.0718771807397069,103,0.11385264992713928,0.9913356304168701,0.22928615005599876,0.1358936484490399,19.863876342773438,0.005539143279172821,0.1663948893547058,0.17319054652880356,0.1663948893547058,0.17319054652880356,4.725945856876024e-09,1.5434801881042404e-08,1.2486844980230671e-07,1.0,0.11286621540784836,0.2243346869945526,98,0.7448909282684326,0.22433467209339142,1.0,0.22433467209339142
GCN,265,2264,4,1,1,0.04023110866546631,4.202827453613281,4.162596344947815,0.9486831426620483,0.07057054340839386,0.0,0.3319089114665985,0.05079802870750427,0.16331943918150815,0,0.0,0.03210048848569435,46,0.3269977867603302,0.9861224889755249,0.3499781512355026,0.888109305760709,39.82202911376953,0.7548005908419497,0.3309451639652252,0.9667651403249631,0.3309451639652252,0.9667651403249631,0.0,3.028700845675303e-08,6.192594526055473e-08,1.0,0.322459876537323,0.4532034993171692,41,0.9066163301467896,0.4532034695148468,0.9999999403953552,0.4532034993171692
GCN,265,2274,0,1,3,-0.6801464557647705,2.2925052642822266,2.972651720046997,0.8017836213111877,0.03593374043703079,0.0,0.19494833052158356,0.05186285078525543,0.1724137931034483,0,0.0,0.041172365666434056,59,0.16242720186710358,0.9854120016098022,0.24644165575691776,0.34379615952732645,23.47225570678711,0.03840472673559823,0.19609437882900238,0.691285081240768,0.19609437882900238,0.691285081240768,2.63417798684884e-09,1.5342330073053745e-08,6.373097960477025e-08,1.0,0.16005772352218628,0.2661694288253784,54,0.902382493019104,0.2661694288253784,1.0,0.2661694288253784
GCN,265,2279,2,0,3,-4.8774566650390625,-0.08555722236633301,4.7918994426727295,0.8017836213111877,0.0312647819519043,-0.0006133209681138396,0.2196732610464096,0.035697631537914276,0.10837438423645321,0,0.0,0.05722260990928123,82,0.18205420672893524,0.991235077381134,0.26306779681379244,0.670605612998523,26.41356658935547,0.11078286558345643,0.22041445970535278,0.8500738552437223,0.22041445970535278,0.8500738552437223,6.05359673500061e-09,5.35889954633717e-09,2.997282066985463e-08,1.0,0.18047328293323517,0.30011966824531555,78,0.7846745848655701,0.30011963844299316,1.0,0.30011963844299316
GCN,265,2288,5,1,3,-1.6167353391647339,2.09315824508667,3.709893584251404,0.8017836213111877,0.040046680718660355,0.0,0.24866840243339539,0.03800889477133751,0.10837438423645321,0,0.0,0.04396371249127704,63,0.2065536230802536,0.9888151288032532,0.2829406047707154,0.8260709010339734,29.856674194335938,0.25960118168389956,0.24872422218322754,0.8943870014771049,0.24872422218322754,0.8943870014771049,4.6566128730773926e-09,7.690683645478202e-09,7.01357620869203e-08,1.0,0.20424336194992065,0.3396483361721039,58,0.7569312453269958,0.3396482467651367,1.0,0.3396482467651367
GCN,265,2293,0,1,3,-0.3635767698287964,2.9628517627716064,3.326428532600403,0.8017836213111877,0.03955579921603203,0.0,0.2219996452331543,0.04167373478412628,0.10913224706328155,0,0.0,0.03977669225401256,57,0.18480966985225677,0.9863518476486206,0.2651961876369707,0.7056868537666174,26.689273834228516,0.11964549483013294,0.22263358533382416,0.8548744460856721,0.22263358533382416,0.8548744460856721,5.890201215663637e-09,1.6183614448550543e-08,7.017749226179149e-08,1.0,0.18228736519813538,0.30313640832901,52,0.7501043677330017,0.30313640832901,1.0,0.30313640832901
GCN,265,2297,4,1,3,-3.3198180198669434,0.9183235168457031,4.2381415367126465,0.8017836213111877,0.05695796385407448,0.0,0.29684343934059143,0.028776567429304123,0.10837438423645321,0,0.0,0.03977669225401256,57,0.24759043753147125,0.9842162132263184,0.32157477107976656,0.8733382570162481,35.609352111816406,0.5649926144756278,0.2962161898612976,0.939807976366322,0.2962161898612976,0.939807976366322,5.350040854779081e-09,1.838772512030573e-08,7.364518239683093e-08,1.0,0.24368251860141754,0.40523403882980347,52,0.48098236322402954,0.40523403882980347,1.0,0.40523403882980347
GCN,265,2299,4,1,2,-2.4968881607055664,1.333487629890442,3.8303757905960083,0.8660253286361694,0.04767318069934845,0.0,0.26643121242523193,0.04564858227968216,0.12315270935960591,0,0.0,0.04326587578506629,62,0.23917746543884277,0.9881746768951416,0.2975833498174862,0.8567208271787297,32.02043533325195,0.3814623338257016,0.26635849475860596,0.9113737075332349,0.26635849475860596,0.9113737075332349,7.847463123766829e-09,3.351871891155156e-09,1.3407487564620624e-08,1.0,0.23634912073612213,0.3638833165168762,57,0.8837489485740662,0.36388325691223145,1.0,0.36388325691223145
GCN,265,2302,3,1,2,-2.2331368923187256,0.8527795076370239,3.0859163999557495,0.8660253286361694,0.03836897388100624,0.0,0.19902381300926208,0.053249988704919815,0.1816976127320955,0,0.0,0.0418702023726448,60,0.17896528542041779,0.986305832862854,0.2504987658710117,0.43353028064992616,23.96748924255371,0.04542097488921713,0.2001519352197647,0.7293205317577548,0.2001519352197647,0.7293205317577548,3.6069969233665233e-09,4.824217914034534e-09,2.6936000097066426e-08,1.0,0.17651450634002686,0.2717618942260742,55,0.9568302631378174,0.2717618942260742,1.0,0.2717618942260742
GCN,265,2310,3,1,2,-0.40980374813079834,3.287630796432495,3.6974345445632935,0.8660253286361694,0.05637802183628082,-0.05397937446832657,0.27847257256507874,0.05146251618862152,0.17032967032967034,0,0.0,0.034891835310537335,50,0.24763426184654236,0.9845893979072571,0.3066873818485335,0.8633677991137371,33.419097900390625,0.4527326440177253,0.278060644865036,0.922821270310192,0.278060644865036,0.922821270310192,9.98732208046249e-09,6.8497336691564215e-09,2.7398934676625686e-08,1.0,0.2461591511964798,0.3789868652820587,46,0.8805503249168396,0.37898683547973633,1.0,0.37898683547973633
GCN,265,2316,3,1,1,-2.762660503387451,1.5863852500915527,4.349045753479004,0.9486831426620483,0.08433899283409119,0.0,0.30286842584609985,0.07227198779582977,0.21163319439181508,0,0.0,0.020237264480111653,29,0.3009902536869049,0.9764919281005859,0.3261956417538987,0.8770310192023634,36.30524826049805,0.6045051698670606,0.302094429731369,0.9427621861152142,0.302094429731369,0.9427621861152142,1.2633074142343048e-08,2.3312149988186093e-09,9.324859995274437e-09,1.0,0.2939145565032959,0.4130842685699463,24,0.9848650693893433,0.4130842685699463,1.0,0.4130842685699463
GCN,265,2318,1,1,2,-0.76778244972229,3.8983423709869385,4.6661248207092285,0.8660253286361694,0.04087688401341438,0.0,0.2401271015405655,0.042279671877622604,0.10989010989010989,0,0.0,0.04326587578506629,62,0.21535012125968933,0.9892816543579102,0.2777752675830485,0.8076070901033974,28.85600471496582,0.21344165435745938,0.2403872311115265,0.8833087149187593,0.2403872311115265,0.8833087149187593,5.890201215663637e-09,4.867218628135106e-09,2.8735490431586186e-08,1.0,0.21304193139076233,0.3279995620250702,57,0.8603706955909729,0.3279995322227478,1.0,0.3279995322227478
GCN,265,2320,3,1,2,-0.5524364709854126,3.2570064067840576,3.80944287776947,0.8660253286361694,0.0470731146633625,0.0,0.2293241322040558,0.055140648037195206,0.1896551724137931,0,0.0,0.03698534542916958,53,0.20654483139514923,0.9845110774040222,0.270399354200255,0.758493353028065,27.584157943725586,0.15989660265878877,0.22969859838485718,0.8677991137370753,0.22969859838485718,0.8677991137370753,5.185384566175344e-09,1.565526375202353e-08,6.411599429156922e-08,1.0,0.2033456563949585,0.3130711615085602,48,0.9305490255355835,0.31307119131088257,1.0,0.31307119131088257
GCN,265,2321,0,1,2,1.383137822151184,5.230870723724365,3.847732901573181,0.8660253286361694,0.04849979281425476,-0.00038547630538232625,0.2480238676071167,0.05069107189774513,0.16331943918150815,0,0.0,0.03768318213538032,54,0.22308573126792908,0.9859156608581543,0.2833976603628134,0.8268094534711965,29.78489875793457,0.25775480059084194,0.24805960059165955,0.8929098966026587,0.24805960059165955,0.8929098966026587,7.623203401863066e-09,1.6287330595332605e-08,6.803915653108561e-08,1.0,0.21995809674263,0.3386476933956146,50,0.8979986310005188,0.3386476933956146,1.0,0.3386476933956146
GCN,265,2330,0,1,3,0.8294125199317932,4.166409015655518,3.3369964957237244,0.8017836213111877,0.034849561750888824,-0.0014892973704263568,0.23525255918502808,0.03962778300046921,0.10837438423645321,0,0.0,0.051639916259595256,74,0.1950596570968628,0.9905103445053101,0.27383501585644515,0.7869276218611522,28.27650260925293,0.1883308714918759,0.23558852076530457,0.8759231905465288,0.23558852076530457,0.8759231905465288,5.185384566175344e-09,1.7190979306747067e-08,7.445922278748185e-08,1.0,0.19324854016304016,0.3213644027709961,70,0.8076953887939453,0.3213644027709961,1.0,0.3213644027709961
GCN,265,2331,1,1,2,-1.5633667707443237,2.630108118057251,4.193474888801575,0.8660253286361694,0.055538635700941086,0.0,0.24916793406009674,0.060301441699266434,0.2002652519893899,0,0.0,0.03279832519190509,47,0.22496600449085236,0.9818006157875061,0.28446348511421815,0.8334564254062038,29.921621322631836,0.2640324963072378,0.2491999864578247,0.8943870014771049,0.2491999864578247,0.8943870014771049,4.165001232792065e-09,5.172299921696322e-09,2.0093702701728944e-08,1.0,0.22087177634239197,0.34005439281463623,42,0.9371631741523743,0.34005439281463623,1.0,0.34005439281463623
GCN,265,2337,4,1,1,-3.5898795127868652,2.6035842895507812,6.1934638023376465,0.9486831426620483,0.08601745963096619,-0.0008580302237533033,0.3216327428817749,0.0603230856359005,0.2006441834028041,0,0.0,0.0209351011863224,30,0.3190512955188751,0.9782565832138062,0.34074308072311665,0.8873707533234859,38.53383255004883,0.7101181683899557,0.3203481137752533,0.9582717872968981,0.3203481137752533,0.9582717872968981,6.4523919540704355e-09,6.039307720584475e-08,1.2387728531848552e-07,1.0,0.31217074394226074,0.43874257802963257,26,0.8395986557006836,0.43874257802963257,1.0,0.43874257802963257
GCN,265,2341,4,1,1,-2.634075880050659,3.5896453857421875,6.223721265792847,0.9486831426620483,0.14220845699310303,0.0,0.37475278973579407,0.08250690996646881,0.2233800682076544,0,0.0,0.015352407536636426,22,0.37896254658699036,0.9574272036552429,0.3863573987031456,0.9161742983751846,44.81678009033203,0.8759231905465288,0.3730453848838806,0.98301329394387,0.3730453848838806,0.98301329394387,0.0,2.2603467542126054e-08,6.110285255545023e-08,1.0,0.3628290295600891,0.5099406242370605,17,0.8250702023506165,0.5099406242370605,1.0,0.5099406242370605
GCN,265,2342,0,1,1,1.5332024097442627,6.221634387969971,4.688431978225708,0.9486831426620483,0.07826709002256393,-0.001479726517572999,0.34752511978149414,0.05361884832382202,0.18226600985221675,0,0.0,0.028611304954640614,41,0.3427771031856537,0.9844527840614319,0.3632791785724609,0.8980797636632201,41.666847229003906,0.8138847858197932,0.34634944796562195,0.9756277695716395,0.34634944796562195,0.9756277695716395,1.580506747700383e-08,6.090758120080864e-08,1.235977720170922e-07,1.0,0.33753693103790283,0.47439366579055786,38,0.9034531116485596,0.47439369559288025,1.0,0.47439369559288025
GCN,265,2346,3,1,3,-2.7052133083343506,0.7645715475082397,3.4697848558425903,0.8017836213111877,0.035053856670856476,0.0,0.2015916258096695,0.046090200543403625,0.12542629784009093,0,0.0,0.04326587578506629,62,0.167724147439003,0.9869910478591919,0.2517827367171726,0.45457902511078285,24.274686813354492,0.050221565731166914,0.20268936455249786,0.7536927621861153,0.20268936455249786,0.7536927621861153,6.089311277435172e-09,4.89809792725282e-09,2.6899749983044785e-08,1.0,0.16554223001003265,0.27528995275497437,57,0.8500851392745972,0.275289922952652,1.0,0.275289922952652
GCN,265,2347,0,1,3,0.9319174289703369,3.363215684890747,2.43129825592041,0.8017836213111877,0.033701181411743164,0.0,0.19353826344013214,0.04007366672158241,0.10837438423645321,0,0.0,0.0418702023726448,60,0.16102901101112366,0.9869546890258789,0.2464592202918462,0.34379615952732645,23.320409774780273,0.03692762186115214,0.19470416009426117,0.6739290989660266,0.19470416009426117,0.6739290989660266,5.6073043985804816e-09,4.739547865284521e-09,6.657002415977331e-08,1.0,0.15892833471298218,0.26429131627082825,55,0.7380706071853638,0.26429128646850586,1.0,0.26429128646850586
GCN,265,2353,4,1,3,-2.208552837371826,0.7923170328140259,3.000869870185852,0.8017836213111877,0.03555407375097275,-0.0004075457400176674,0.2299342304468155,0.04010401666164398,0.10837438423645321,0,0.0,0.04954640614096301,71,0.1908300369977951,0.989675760269165,0.27141608607466566,0.7680945347119645,27.674903869628906,0.16285081240768096,0.230531245470047,0.8692762186115214,0.230531245470047,0.8692762186115214,3.4846900920371127e-09,1.607975441686449e-08,6.842211064395087e-08,1.0,0.18887102603912354,0.3140847682952881,67,0.8318006992340088,0.3140847384929657,1.0,0.3140847384929657
GCN,265,2359,2,0,11,-7.134791851043701,-5.636207580566406,1.498584270477295,0.5477225184440613,0.024233294650912285,-9.588195098331198e-05,0.20917119085788727,0.038263916969299316,0.10837438423645321,0,0.0,0.09979064898813678,143,0.11881637573242188,0.9876149892807007,0.2561273409195168,0.5476366322008862,25.15035629272461,0.06831610044313147,0.21002811193466187,0.8090841949778435,0.21002811193466187,0.8090841949778435,1.1505697727898223e-08,1.4006611870343022e-08,1.1962828239120427e-07,1.0,0.1173466220498085,0.2856595516204834,139,0.7236013412475586,0.285659521818161,1.0,0.285659521818161
GCN,265,2365,2,0,7,-7.212998390197754,-5.282232284545898,1.9307661056518555,0.6396021246910095,0.03492196649312973,-0.0003014862013515085,0.22231651842594147,0.038465701043605804,0.10837438423645321,0,0.0,0.06769016050244243,97,0.1480201631784439,0.9833922982215881,0.26410544740290565,0.6864844903988183,26.707857131958008,0.11964549483013294,0.22272171080112457,0.8548744460856721,0.22272171080112457,0.8548744460856721,7.970837323512114e-09,1.759422296743196e-08,8.77904327012402e-08,1.0,0.14556998014450073,0.3034594655036926,93,0.626493513584137,0.30345943570137024,1.0,0.30345943570137024
GCN,265,2368,3,1,2,-0.266648530960083,4.046689987182617,4.3133385181427,0.8660253286361694,0.05734952166676521,0.0,0.2463206797838211,0.06448768079280853,0.20500189465706706,0,0.0,0.03210048848569435,46,0.22271974384784698,0.9801849126815796,0.28274675627280443,0.8245937961595273,29.590957641601562,0.24741506646971936,0.24638831615447998,0.8899556868537666,0.24638831615447998,0.8899556868537666,1.2355390488494322e-08,1.60464281862005e-08,6.90828585447889e-08,1.0,0.2183065265417099,0.3361049294471741,41,0.9594854116439819,0.3361049294471741,1.0,0.3361049294471741
GCN,265,2383,4,0,10,-4.7073235511779785,-2.8777332305908203,1.8295903205871582,0.5669466257095337,0.02022654376924038,-0.00028079590993002057,0.21968302130699158,0.01673302985727787,0.10837438423645321,0,0.0,0.09630146545708304,138,0.1285826414823532,0.9926514029502869,0.26372937176022904,0.6850073855243722,26.41769027709961,0.11078286558345643,0.22042834758758545,0.8500738552437223,0.22042834758758545,0.8500738552437223,1.8065017926005567e-08,2.7737630858837292e-08,2.215585084286431e-07,1.0,0.12764208018779755,0.30018600821495056,135,0.4121464788913727,0.3001859784126282,1.0,0.3001859784126282
GCN,265,2384,0,1,1,1.0460532903671265,5.66079568862915,4.614742398262024,0.9486831426620483,0.0686800554394722,-0.00021621469932142645,0.2873614728450775,0.06159036606550217,0.20291777188328913,0,0.0,0.0314026517794836,45,0.28400713205337524,0.9825441837310791,0.3134210008479422,0.8685376661742984,34.42827224731445,0.5048005908419497,0.28649020195007324,0.9324224519940916,0.28649020195007324,0.9324224519940916,0.0,3.048242547265545e-08,6.156070497809196e-08,1.0,0.2790609896183014,0.3922082185745239,41,0.9778942465782166,0.3922082185745239,1.0,0.3922082185745239
GCN,265,2389,2,1,2,-3.4985718727111816,0.5142730474472046,4.012844920158386,0.8660253286361694,0.04658159986138344,-0.0024914813693612814,0.2192494422197342,0.05840533971786499,0.1964759378552482,0,0.0,0.03210048848569435,46,0.19754602015018463,0.9834104180335999,0.26303661255039834,0.670605612998523,26.38700294494629,0.10930576070901034,0.21982333064079285,0.8482274741506647,0.21982333064079285,0.8482274741506647,3.2261959770352178e-09,5.83617065785802e-09,3.125832748196444e-08,1.0,0.19435809552669525,0.29923391342163086,42,0.9069632887840271,0.29923391342163086,1.0,0.29923391342163086
GCN,265,2392,2,1,3,-3.528904438018799,0.40058666467666626,3.929491102695465,0.8017836213111877,0.03611104562878609,-0.0019445432117208838,0.22313788533210754,0.04299012944102287,0.1110269041303524,0,0.0,0.04326587578506629,62,0.1852937787771225,0.9886980652809143,0.265724149599544,0.7130723781388478,26.843862533569336,0.12259970457902511,0.22378017008304596,0.8563515509601182,0.22378017008304596,0.8563515509601182,3.8680729730344865e-09,1.5476890879995153e-08,6.477380054548121e-08,1.0,0.18325364589691162,0.30474328994750977,58,0.7984821796417236,0.30474328994750977,1.0,0.30474328994750977
GCN,265,2411,3,1,1,-2.2181177139282227,5.2201080322265625,7.438225746154785,0.9486831426620483,0.0862840935587883,0.0,0.37356701493263245,0.05362537130713463,0.18226600985221675,0,0.0,0.027913468248429867,40,0.36885058879852295,0.9836750626564026,0.3846341019670165,0.9124815361890695,44.7761344909668,0.8748153618906942,0.3720611035823822,0.98301329394387,0.3720611035823822,0.98301329394387,1.3170890156288806e-08,3.759692113192159e-09,6.144788500250797e-08,1.0,0.3628291189670563,0.5099407434463501,35,0.8810270428657532,0.5099407434463501,1.0,0.5099407434463501
GCN,265,2425,3,1,5,0.8472393155097961,3.7725279331207275,2.9252886176109314,0.7071066498756409,0.03545233607292175,0.0,0.2479589730501175,0.02528553456068039,0.10837438423645321,0,0.0,0.055826936496859735,80,0.18166755139827728,0.9886673092842102,0.2835612696183106,0.8286558345642541,29.783992767333984,0.25775480059084194,0.24816927313804626,0.8936484490398818,0.24816927313804626,0.8936484490398818,6.05359673500061e-09,7.92971199814474e-09,4.3426503282262274e-08,1.0,0.1796087771654129,0.3386736214160919,75,0.5002095699310303,0.3386736214160919,1.0,0.3386736214160919
GCN,265,2427,3,1,3,-0.6055687665939331,3.9149515628814697,4.520520329475403,0.8017836213111877,0.05776606500148773,-0.0006739171221852303,0.2882784307003021,0.03205937147140503,0.10837438423645321,0,0.0,0.04884856943475227,70,0.24071034789085388,0.9828116297721863,0.3128883928464594,0.8685376661742984,34.54713821411133,0.509970457902511,0.2875351309776306,0.9331610044313147,0.2875351309776306,0.9331610044313147,1.3236580720388247e-08,1.4793108071842198e-08,6.976532063163177e-08,1.0,0.23660290241241455,0.3934609293937683,67,0.49467942118644714,0.3934609293937683,1.0,0.3934609293937683
GCN,265,2428,5,1,1,-0.7662316560745239,4.406119346618652,5.172351002693176,0.9486831426620483,0.15541410446166992,-0.00020570385095197707,0.3339170515537262,0.12070884555578232,0.3980674497915877,1,0.0,0.020237264480111653,29,0.34388670325279236,0.9376207590103149,0.34658945548069675,0.888109305760709,39.79824447631836,0.7540620384047267,0.33133673667907715,0.9671344165435746,0.33133673667907715,0.9671344165435746,1.2904783908140871e-08,3.263119552343596e-08,7.208731744867691e-08,1.0,0.322459876537323,0.4532034993171692,25,0.984166145324707,0.4532034695148468,1.0,0.4532034695148468
GCN,265,2431,4,1,1,-3.3941524028778076,2.6709346771240234,6.065087080001831,0.9486831426620483,0.11249000579118729,0.0,0.37405091524124146,0.0748787671327591,0.21485411140583555,0,0.0,0.021632937892533146,31,0.37300580739974976,0.9727170467376709,0.38520599956984913,0.914327917282127,44.91326141357422,0.8777695716395865,0.37205296754837036,0.98301329394387,0.37205296754837036,0.98301329394387,0.0,4.5906620727009795e-09,6.289875642551124e-08,1.0,0.3628291189670563,0.5099407434463501,26,0.9448363780975342,0.5099407434463501,1.0,0.5099407434463501
GCN,265,2433,2,1,1,0.2405695915222168,5.740546703338623,5.499977111816406,0.9486831426620483,0.08693026006221771,0.0,0.37357738614082336,0.05327460914850235,0.1816976127320955,0,0.0,0.02721563154221912,39,0.3689402639865875,0.9834356904029846,0.3847508693905849,0.9124815361890695,44.76774978637695,0.8748153618906942,0.3720213770866394,0.98301329394387,0.3720213770866394,0.98301329394387,1.4901161193847656e-08,1.4785662472149852e-08,3.871995346571566e-08,1.0,0.3628290295600891,0.5099406242370605,34,0.868782639503479,0.5099406242370605,1.0,0.5099406242370605
GCN,265,2435,4,1,2,-2.204378604888916,1.937643051147461,4.142021656036377,0.8660253286361694,0.047886960208415985,0.0,0.2687818109989166,0.04185961186885834,0.10989010989010989,0,0.0,0.039078855547801813,56,0.24126595258712769,0.9882746338844299,0.2995148913871859,0.8578286558345642,32.2783088684082,0.3951255539143279,0.2686867117881775,0.9139586410635155,0.2686867117881775,0.9139586410635155,5.8161075955354136e-09,9.366913467090399e-09,4.009557486028825e-08,1.0,0.23843704164028168,0.3670978844165802,51,0.8138949871063232,0.3670978844165802,1.0,0.3670978844165802
GCN,265,2438,3,1,2,-2.8705039024353027,2.7875258922576904,5.658029794692993,0.8660253286361694,0.06340334564447403,-0.0005552056827582419,0.2840999364852905,0.054912492632865906,0.18927624100037893,0,0.0,0.02721563154221912,39,0.25647976994514465,0.9817514419555664,0.31112932968345514,0.8670605612998523,34.10260009765625,0.48559822747415066,0.2835114002227783,0.9279911373707533,0.2835114002227783,0.9279911373707533,6.177695244247161e-09,5.946305225990045e-09,2.3661826276111242e-08,1.0,0.2518264651298523,0.3877122402191162,35,0.8523554801940918,0.3877122700214386,1.0,0.3877122700214386
GCN,265,2445,2,0,4,-4.463534355163574,-0.26556456089019775,4.1979697942733765,0.7499998807907104,0.026136137545108795,0.0,0.20192576944828033,0.03009486012160778,0.10837438423645321,0,0.0,0.06071179344033496,87,0.1564880758523941,0.9917118549346924,0.2517700121330491,0.45457902511078285,24.34292984008789,0.05132939438700148,0.203200563788414,0.7566469719350074,0.203200563788414,0.7566469719350074,6.585445078144403e-09,5.69275693251825e-09,7.104349464270854e-08,1.0,0.1551910787820816,0.27589529752731323,82,0.697531521320343,0.27589529752731323,1.0,0.27589529752731323
GCN,265,2446,2,0,8,-6.00924015045166,-2.5849270820617676,3.4243130683898926,0.6123723983764648,0.021225398406386375,-0.05234302952885628,0.2220500111579895,0.21823972463607788,0.7322849564228875,1,0.0,0.09141660851360782,131,0.13918419182300568,0.9931139945983887,0.26442796595928725,0.6905465288035451,26.694398880004883,0.11964549483013294,0.2226865291595459,0.8548744460856721,0.2226865291595459,0.8548744460856721,9.712135984329962e-09,1.8934676049298105e-08,1.449964912580981e-07,1.0,0.1390804499387741,0.3028232455253601,127,0.4822635054588318,0.3028232157230377,1.0,0.3028232157230377
GCN,265,2448,2,0,5,-5.535626411437988,-1.968000888824463,3.5676255226135254,0.7071066498756409,0.027096306905150414,-0.036859940737485886,0.2110619843006134,0.03139476850628853,0.10837438423645321,0,0.0,0.06908583391486392,99,0.15331783890724182,0.9907276034355164,0.25702535512361835,0.5620384047267356,25.390094757080078,0.07496307237813885,0.21193532645702362,0.8201624815361891,0.21193532645702362,0.8201624815361891,6.953805975484784e-09,6.713339661956752e-09,7.429450477047794e-08,1.0,0.15266454219818115,0.28786706924438477,95,0.6916750073432922,0.28786709904670715,1.0,0.28786709904670715
GCN,265,2456,5,1,2,-1.3788354396820068,3.3226752281188965,4.701510667800903,0.8660253286361694,0.046375006437301636,-0.0564873032271862,0.2718321681022644,0.04265150427818298,0.11083743842364532,0,0.0,0.04326587578506629,62,0.24112874269485474,0.9890301823616028,0.30190851096627536,0.8607828655834564,32.611019134521484,0.41285081240768096,0.27147525548934937,0.9165435745937962,0.27147525548934937,0.9165435745937962,6.90687285143099e-09,1.560920637189156e-08,6.287117315650903e-08,1.0,0.24049876630306244,0.37027212977409363,60,0.8437040448188782,0.37027207016944885,1.0,0.37027207016944885
GCN,265,2459,3,0,2,-5.967757701873779,-1.5458630323410034,4.421894669532776,0.8660253286361694,0.08521057665348053,0.0,0.27820906043052673,0.07052122801542282,0.21049640015157256,0,0.0,0.01465457083042568,21,0.2547374367713928,0.9663251638412476,0.30449626496565846,0.8626292466765141,33.402244567871094,0.45088626292466766,0.2776755094528198,0.922082717872969,0.2776755094528198,0.922082717872969,0.0,9.991391713981557e-09,3.4964930506475866e-08,1.0,0.24615918099880219,0.3789868950843811,16,0.7976057529449463,0.3789868950843811,1.0,0.3789868950843811
GCN,265,2461,6,1,1,-3.4843926429748535,2.4227962493896484,5.907188892364502,0.9486831426620483,0.08985865861177444,0.0,0.3736255466938019,0.05748751759529114,0.19552860932171276,0,0.0,0.026517794836008374,38,0.36935532093048096,0.982330858707428,0.38406179895174064,0.9124815361890695,44.780967712402344,0.8751846381093058,0.37180453538894653,0.98301329394387,0.37180453538894653,0.98301329394387,6.71586253275791e-09,1.4346506205242804e-08,7.534652723961699e-08,1.0,0.3628291189670563,0.5099407434463501,33,0.9070502519607544,0.5099406838417053,1.0,0.5099406838417053
GCN,265,2467,6,1,2,-0.8623569011688232,3.7216203212738037,4.583977222442627,0.8660253286361694,0.05142149329185486,-0.0007309429929591715,0.30034759640693665,0.0406562015414238,0.10837438423645321,0,0.0,0.04256803907885555,61,0.26934814453125,0.98915696144104,0.32461966579756607,0.8751846381093058,36.042640686035156,0.5878877400295421,0.29980865120887756,0.941285081240768,0.29980865120887756,0.941285081240768,9.497663988611293e-09,3.0750836543802507e-08,6.396871299330087e-08,1.0,0.2664565145969391,0.4102367162704468,57,0.8002895712852478,0.4102366864681244,1.0,0.4102366864681244
GCN,265,2474,4,0,2,-4.871255397796631,-1.0501184463500977,3.821136951446533,0.8660253286361694,0.07218801975250244,0.0,0.2712012529373169,0.07217179983854294,0.21163319439181508,0,0.0,0.03210048848569435,46,0.24652595818042755,0.9742987751960754,0.30084208083885905,0.8596750369276218,32.52655792236328,0.40841949778434267,0.2708803415298462,0.9165435745937962,0.2708803415298462,0.9165435745937962,1.744832367478466e-08,3.307609119929111e-08,1.3248779850982828e-07,1.0,0.24018992483615875,0.36979663372039795,41,0.9392575025558472,0.3697965741157532,1.0,0.3697965741157532
GCN,265,2479,6,1,1,-2.8259594440460205,3.425016403198242,6.250975847244263,0.9486831426620483,0.09083700180053711,0.0,0.3736419081687927,0.05655606836080551,0.19306555513452064,0,0.0,0.025819958129797628,37,0.36949682235717773,0.9819543957710266,0.38371895496777053,0.9117429837518464,44.834712982177734,0.8762924667651403,0.3722638189792633,0.98301329394387,0.3722638189792633,0.98301329394387,0.0,1.0193489607956963e-08,2.8803324170212363e-08,1.0,0.3628290295600891,0.5099406242370605,32,0.8827813267707825,0.5099406242370605,1.0,0.5099406242370605
GCN,265,2483,4,1,2,-2.9795918464660645,0.589693546295166,3.5692853927612305,0.8660253286361694,0.10451503098011017,0.0,0.2851004898548126,0.09844201803207397,0.3090185676392573,0,0.0,0.020237264480111653,29,0.2643497884273529,0.9526259899139404,0.3117735764323007,0.8674298375184638,34.198211669921875,0.491506646971935,0.2844172418117523,0.9298375184638109,0.2844172418117523,0.9298375184638109,1.825012141409843e-08,2.0212731044466636e-08,8.085092417786655e-08,1.0,0.2518264651298523,0.3877122700214386,24,0.9302297830581665,0.3877122402191162,1.0,0.3877122402191162
GCN,265,2489,3,1,1,-3.7628910541534424,1.6759066581726074,5.43879771232605,0.9486831426620483,0.11761264503002167,0.0,0.32230719923973083,0.09186384081840515,0.26203107237589995,0,0.0,0.013258897418004187,19,0.3250177204608917,0.9604731202125549,0.34229767214629636,0.8873707533234859,38.62083053588867,0.7138109305760709,0.32112830877304077,0.9590103397341211,0.32112830877304077,0.9590103397341211,0.0,3.100081258367027e-08,6.869253610375381e-08,1.0,0.31217077374458313,0.43874260783195496,14,0.9553043842315674,0.43874257802963257,1.0,0.43874257802963257
GCN,265,2490,4,1,2,-2.284883499145508,1.5888895988464355,3.8737730979919434,0.8660253286361694,0.045974187552928925,0.0,0.2536744475364685,0.045923035591840744,0.12542629784009093,0,0.0,0.040474528960223306,58,0.22778716683387756,0.9878734350204468,0.2880670185665839,0.8408419497784343,30.4906063079834,0.2950516986706056,0.2536269426345825,0.8988183161004432,0.2536269426345825,0.8988183161004432,6.8437953082423064e-09,1.6366707100701205e-08,6.54680718525924e-08,1.0,0.22502487897872925,0.34644851088523865,53,0.8777763843536377,0.34644848108291626,1.0,0.34644848108291626
GCN,265,2496,4,1,1,-0.9587606191635132,3.5318050384521484,4.490565657615662,0.9486831426620483,0.0761379599571228,-0.00032792973797768354,0.31365707516670227,0.061235543340444565,0.2019704433497537,0,0.0,0.030006978367062107,43,0.3101373314857483,0.9820051193237305,0.33509472546821906,0.8829394387001477,37.62493896484375,0.6650664697193501,0.3126203119754791,0.9519940915805022,0.3126203119754791,0.9519940915805022,1.466648225090239e-08,6.015710596329882e-08,1.8146755564885098e-07,1.0,0.3045755922794342,0.4280679225921631,39,0.9572792053222656,0.4280679523944855,1.0,0.4280679523944855
GCN,265,2505,1,1,1,-2.7581117153167725,2.980581760406494,5.738693475723267,0.9486831426620483,0.0778270959854126,0.0,0.32146841287612915,0.05978018790483475,0.19969685486926866,0,0.0,0.026517794836008374,38,0.31786006689071655,0.982101321220398,0.34064982175067876,0.8870014771048744,38.50908279418945,0.7093796159527327,0.32005491852760315,0.9582717872968981,0.32005491852760315,0.9582717872968981,9.313225746154785e-09,5.982354167599624e-08,1.209034650173635e-07,1.0,0.31217074394226074,0.43874257802963257,33,0.9370137453079224,0.43874257802963257,1.0,0.43874257802963257
GCN,265,2508,3,0,3,-3.968278169631958,-0.6535242795944214,3.3147538900375366,0.8017836213111877,0.05790315940976143,0.0,0.20467260479927063,0.08316363394260406,0.2233800682076544,0,0.0,0.0314026517794836,45,0.17347970604896545,0.9664742350578308,0.25302712761808266,0.4778434268833087,24.64476203918457,0.060561299852289516,0.2056148499250412,0.7784342688330872,0.2056148499250412,0.7784342688330872,1.0700081709558162e-08,7.0322947465228935e-09,4.4635523721581194e-08,1.0,0.16766367852687836,0.2788178324699402,40,0.9427751302719116,0.2788178324699402,1.0,0.2788178324699402
GCN,265,2509,3,0,5,-6.203262805938721,-2.5581278800964355,3.645134925842285,0.7071066498756409,0.02911454066634178,0.0,0.22064067423343658,0.03045606054365635,0.10837438423645321,0,0.0,0.06489881367759945,93,0.1614125669002533,0.9903265237808228,0.2641921808429614,0.6864844903988183,26.527130126953125,0.11447562776957164,0.22128479182720184,0.8511816838995568,0.22128479182720184,0.8511816838995568,3.896001743441957e-09,1.0219547874612545e-08,6.172603406184862e-08,1.0,0.15985114872455597,0.301418274641037,88,0.6528213024139404,0.301418274641037,1.0,0.301418274641037
GCN,265,2514,2,1,2,-3.7048556804656982,1.168163537979126,4.873019218444824,0.8660253286361694,0.05017181858420372,-0.00019900777260772884,0.240666002035141,0.05591251701116562,0.19306555513452064,0,0.0,0.03628750872295883,52,0.21684309840202332,0.9840324521064758,0.2770664817064431,0.8057607090103397,28.904945373535156,0.21639586410635156,0.24086636304855347,0.8836779911373708,0.24086636304855347,0.8836779911373708,6.035659971814766e-09,5.511008538405804e-09,2.714050317820238e-08,1.0,0.2133883386850357,0.328532874584198,48,0.9290830492973328,0.328532874584198,1.0,0.328532874584198
GCN,265,2523,2,1,2,-2.985445499420166,1.6244510412216187,4.609896540641785,0.8660253286361694,0.05218149349093437,0.0,0.22597408294677734,0.04894563928246498,0.14948844259189087,0,0.0,0.030006978367062107,43,0.20426449179649353,0.9805001616477966,0.26821888129257654,0.7367060561299852,27.186182022094727,0.1399556868537666,0.22642108798027039,0.8622599704579025,0.22642108798027039,0.8622599704579025,2.7939677238464355e-09,1.6383673084874317e-08,1.2263700455150683e-07,1.0,0.20028135180473328,0.30835336446762085,38,0.7342545986175537,0.30835336446762085,1.0,0.30835336446762085
GCN,265,2533,0,1,1,-2.6378226280212402,4.513002395629883,7.150825023651123,0.9486831426620483,0.0822051614522934,-0.0027621560730040073,0.33215445280075073,0.06300835311412811,0.2046229632436529,0,0.0,0.024424284717376135,35,0.32843074202537537,0.9812880158424377,0.3501885481019942,0.888109305760709,39.783817291259766,0.7540620384047267,0.3311963975429535,0.9667651403249631,0.3311963975429535,0.9667651403249631,1.4062662145875038e-08,7.693986781021067e-09,6.237949889964511e-08,1.0,0.3224598467350006,0.4532034397125244,32,0.9259238243103027,0.453203409910202,1.0,0.453203409910202
GCN,265,2540,3,0,1,-7.72517204284668,-1.8411905765533447,5.883981466293335,0.9486831426620483,0.13973881304264069,0.0,0.3229199945926666,0.11045768857002258,0.3685107995452823,1,0.0,0.011165387299371946,16,0.33016085624694824,0.945510983467102,0.34022139251851646,0.8870014771048744,38.57194900512695,0.7112259970457903,0.3211929500102997,0.9590103397341211,0.3211929500102997,0.9590103397341211,1.4901161193847656e-08,3.155649963559881e-08,6.910168792728655e-08,1.0,0.31217071413993835,0.4387425184249878,11,0.9686235785484314,0.4387425184249878,1.0,0.4387425184249878
GCN,265,2543,3,1,3,-5.001720428466797,0.16097235679626465,5.1626927852630615,0.8017836213111877,0.03918425366282463,0.0,0.23258960247039795,0.035914137959480286,0.10837438423645321,0,0.0,0.04675505931612003,67,0.19337806105613708,0.9877763390541077,0.27293453279406227,0.7799113737075333,27.943906784057617,0.17429837518463812,0.2330339550971985,0.8729689807976366,0.2330339550971985,0.8729689807976366,8.535712581192456e-09,1.3646065610828373e-08,7.092130260843987e-08,1.0,0.19101428985595703,0.3176489472389221,62,0.6836933493614197,0.3176489472389221,1.0,0.3176489472389221
GCN,265,2549,4,1,1,-3.3695578575134277,1.6763205528259277,5.0458784103393555,0.9486831426620483,0.07610095292329788,0.0,0.3214397430419922,0.05886818841099739,0.19723380068207655,0,0.0,0.028611304954640614,41,0.3176126480102539,0.9828662872314453,0.3417799918228406,0.8873707533234859,38.58390808105469,0.7119645494830132,0.32067760825157166,0.9590103397341211,0.32067760825157166,0.9590103397341211,4.928095709288982e-09,5.969109651005056e-08,1.1973200741977053e-07,1.0,0.31217074394226074,0.43874257802963257,36,0.94356369972229,0.4387425482273102,1.0,0.4387425482273102
GCN,265,2552,3,1,1,-2.403827667236328,4.2230024337768555,6.626830101013184,0.9486831426620483,0.15586954355239868,-0.02835986204445362,0.3168446719646454,0.12843352556228638,0.4160666919287609,1,0.0,0.0209351011863224,30,0.3241487145423889,0.9291266202926636,0.33219228093321485,0.880354505169867,37.90462875366211,0.6809453471196455,0.3147958815097809,0.9531019202363368,0.3147958815097809,0.9531019202363368,1.053671194739536e-08,5.984664852576316e-08,1.8010199198670307e-07,1.0,0.30457568168640137,0.42806804180145264,26,0.9907057881355286,0.42806804180145264,1.0,0.42806804180145264
GCN,265,2557,2,1,1,-4.383258819580078,1.8126853704452515,6.19594419002533,0.9486831426620483,0.08323174715042114,0.0,0.30284714698791504,0.07085826992988586,0.21049640015157256,0,0.0,0.02721563154221912,39,0.30080774426460266,0.977084219455719,0.32505928379162774,0.8751846381093058,36.302860260009766,0.6045051698670606,0.3021160960197449,0.9427621861152142,0.3021160960197449,0.9427621861152142,5.587935447692871e-09,3.0022967223430896e-08,6.058251500462575e-08,1.0,0.2939144968986511,0.4130842089653015,34,0.9783767461776733,0.4130842387676239,1.0,0.4130842387676239
GCN,265,2561,2,1,1,-1.7564328908920288,5.197289943695068,6.953722834587097,0.9486831426620483,0.15477439761161804,-0.00018176756566390395,0.3338954448699951,0.12043695151805878,0.3980674497915877,1,0.0,0.022330774598743892,32,0.3437187671661377,0.938087522983551,0.3512785506608407,0.8888478581979321,40.00616455078125,0.7610782865583456,0.3316032290458679,0.9671344165435746,0.3316032290458679,0.9671344165435746,1.343172506551582e-08,3.249635227575709e-08,7.897593690131544e-08,1.0,0.3224599063396454,0.4532035291194916,28,0.9859440326690674,0.4532034993171692,1.0,0.4532034993171692
GCN,265,2562,0,1,2,-0.8748975396156311,4.553480625152588,5.428378164768219,0.8660253286361694,0.08063244819641113,0.0,0.3434298634529114,0.04782688617706299,0.13793103448275862,0,0.0,0.02372644801116539,34,0.31061607599258423,0.9798582792282104,0.35879098043411956,0.8977104874446086,41.133094787597656,0.7994830132939439,0.3420255482196808,0.9741506646971935,0.3420255482196808,0.9741506646971935,6.71586253275791e-09,5.994767349193353e-08,1.8063876439100568e-07,1.0,0.30435970425605774,0.46859249472618103,29,0.7056525945663452,0.46859246492385864,1.0,0.46859246492385864
GCN,265,2566,3,1,2,-2.132643699645996,3.0511441230773926,5.183787822723389,0.8660253286361694,0.06715395301580429,0.0,0.2841615676879883,0.053265295922756195,0.1816976127320955,0,0.0,0.026517794836008374,38,0.2570705711841583,0.9796005487442017,0.31089036766417755,0.8666912850812407,34.07707977294922,0.4848596750369276,0.2835622727870941,0.9279911373707533,0.2835622727870941,0.9279911373707533,9.125060707049215e-09,7.961480363860574e-09,3.1845921455442294e-08,1.0,0.2518264651298523,0.3877122402191162,33,0.7807800769805908,0.3877122402191162,1.0,0.3877122402191162
GCN,265,2568,3,1,1,-5.252111911773682,2.0860018730163574,7.338113784790039,0.9486831426620483,0.07965358346700668,0.0,0.332051545381546,0.058676183223724365,0.1964759378552482,0,0.0,0.027913468248429867,40,0.328230082988739,0.9824200868606567,0.34906853767098006,0.888109305760709,39.83174514770508,0.7551698670605613,0.3309665322303772,0.9667651403249631,0.3309665322303772,0.9667651403249631,1.466648225090239e-08,7.46511830129748e-09,6.144612285652329e-08,1.0,0.3224598467350006,0.4532034397125244,35,0.9282035231590271,0.4532034397125244,1.0,0.4532034397125244
GCN,265,2578,0,1,2,-1.3660359382629395,3.993454933166504,5.359490871429443,0.8660253286361694,0.049117445945739746,-0.1475171446800232,0.2708809971809387,0.25188201665878296,0.8003031451307313,1,0.0,0.040474528960223306,58,0.23584283888339996,0.9873656630516052,0.29732283895052486,0.8559822747415067,32.50657653808594,0.4080502215657312,0.27069368958473206,0.9165435745937962,0.27069368958473206,0.9165435745937962,7.031331072937519e-09,5.566064942286175e-09,2.2322618420389517e-08,1.0,0.2384370118379593,0.3670978546142578,54,0.8650009632110596,0.3670978248119354,1.0,0.3670978248119354
GCN,265,2582,3,0,3,-6.903367042541504,-1.2879753112792969,5.615391731262207,0.8017836213111877,0.044431619346141815,-0.0010323867900297046,0.2677600681781769,0.036052096635103226,0.10837438423645321,0,0.0,0.0418702023726448,60,0.22250105440616608,0.988130509853363,0.29864441454288365,0.8574593796159528,32.116519927978516,0.38774002954209746,0.26761624217033386,0.9132200886262924,0.26761624217033386,0.9132200886262924,4.165001232792065e-09,4.687072063802589e-09,2.0996109739712665e-08,1.0,0.2198953777551651,0.36567699909210205,56,0.6748967170715332,0.36567699909210205,1.0,0.36567699909210205
GCN,265,2586,5,1,1,-1.9929313659667969,4.764012813568115,6.756944179534912,0.9486831426620483,0.12263746559619904,0.0,0.37427234649658203,0.05882738530635834,0.19723380068207655,0,0.0,0.020237264480111653,29,0.3748936951160431,0.9678186774253845,0.38613834560445315,0.9154357459379616,44.83088684082031,0.8762924667651403,0.3725787401199341,0.98301329394387,0.3725787401199341,0.98301329394387,1.053671194739536e-08,1.1791326137711167e-08,6.879977831886208e-08,1.0,0.3628291189670563,0.5099407434463501,24,0.6812794208526611,0.5099407434463501,1.0,0.5099407434463501
GCN,265,2592,5,1,2,-3.5205867290496826,1.0101501941680908,4.530736923217773,0.8660253286361694,0.05470056086778641,-0.003537100041285157,0.25271615386009216,0.05931106209754944,0.19950738916256158,0,0.0,0.03210048848569435,46,0.22776593267917633,0.9827859401702881,0.28663606620816917,0.8375184638109305,30.4127197265625,0.2898818316100443,0.25282448530197144,0.8988183161004432,0.25282448530197144,0.8988183161004432,9.266542200236927e-09,3.026087469493177e-08,1.2157238415966276e-07,1.0,0.22399397194385529,0.34486132860183716,42,0.9032821655273438,0.34486135840415955,1.0000001192092896,0.34486132860183716
GCN,265,2598,1,1,1,-1.2103142738342285,4.57826042175293,5.788574695587158,0.9486831426620483,0.08357597142457962,0.0,0.33211857080459595,0.06112063303589821,0.2019704433497537,0,0.0,0.02512212142358688,36,0.3288068175315857,0.9806970953941345,0.34932070274366206,0.888109305760709,39.845829010009766,0.7555391432791728,0.3310331404209137,0.9667651403249631,0.3310331404209137,0.9667651403249631,8.119082295365843e-09,3.0561405850448864e-08,6.344794911683493e-08,1.0,0.322459876537323,0.4532034993171692,31,0.92168128490448,0.4532034397125244,1.0,0.4532034397125244
GCN,265,2599,3,1,3,-3.9107773303985596,0.32024967670440674,4.231027007102966,0.8017836213111877,0.04320725053548813,0.0,0.2387361228466034,0.042792461812496185,0.11083743842364532,0,0.0,0.03977669225401256,57,0.19881832599639893,0.9859266877174377,0.2773527627474495,0.8068685376661743,28.7031192779541,0.20605612998522896,0.2391565591096878,0.880354505169867,0.2391565591096878,0.880354505169867,7.092741505232425e-09,1.5896340244125895e-08,6.592520662707102e-08,1.0,0.19602032005786896,0.3259737491607666,52,0.758308470249176,0.3259737491607666,1.0,0.3259737491607666
GCN,265,2603,3,1,1,-2.150599241256714,5.16424036026001,7.314839601516724,0.9486831426620483,0.07365676015615463,-0.0004871197452303022,0.37338870763778687,0.04415084421634674,0.11405835543766578,0,0.0,0.034891835310537335,50,0.3671995997428894,0.9880226850509644,0.38548063271480193,0.914327917282127,44.78175354003906,0.8751846381093058,0.372004896402359,0.98301329394387,0.372004896402359,0.98301329394387,6.4523919540704355e-09,6.386948303571671e-09,6.201517521731148e-08,1.0,0.3628291189670563,0.5099407434463501,46,0.8493149280548096,0.5099407434463501,1.0,0.5099407434463501
GCN,265,2604,6,1,3,-0.7510526180267334,2.6509861946105957,3.402038812637329,0.8017836213111877,0.04394714534282684,0.0,0.26859620213508606,0.03974469006061554,0.10837438423645321,0,0.0,0.04256803907885555,61,0.22317750751972198,0.9884600043296814,0.29941803543232015,0.8578286558345642,32.278324127197266,0.3951255539143279,0.26855555176734924,0.9139586410635155,0.26855555176734924,0.9139586410635155,9.812092471861433e-09,1.4070490550466275e-08,6.810127217704576e-08,1.0,0.22060205042362213,0.36685216426849365,56,0.779050350189209,0.36685213446617126,1.0,0.36685213446617126
GCN,265,2614,2,0,5,-4.485921859741211,-0.3711360692977905,4.11478579044342,0.7071066498756409,0.04686826467514038,0.0,0.2631104588508606,0.0295866709202528,0.10837438423645321,0,0.0,0.04675505931612003,67,0.19383162260055542,0.9825479388237,0.29509483722347923,0.8552437223042836,31.551809310913086,0.35413589364844905,0.2628531754016876,0.9076809453471196,0.2628531754016876,0.9076809453471196,1.438282914989486e-08,2.236999918636684e-08,1.4870934705868422e-07,1.0,0.19044889509677887,0.3591139316558838,62,0.469786137342453,0.3591139018535614,1.0,0.3591139018535614
GCN,265,2618,2,1,1,-1.1578609943389893,4.578092098236084,5.735953092575073,0.9486831426620483,0.16227637231349945,0.0,0.3753185570240021,0.10935205221176147,0.367942402425161,1,0.0,0.01674808094905792,24,0.3837037980556488,0.9455967545509338,0.3839146066578227,0.9124815361890695,44.78732681274414,0.8751846381093058,0.37212416529655457,0.98301329394387,0.37212416529655457,0.98301329394387,1.4784287571956156e-08,3.133475701133648e-08,7.006771340911655e-08,1.0,0.3628290891647339,0.5099406838417053,19,0.9597383737564087,0.5099406242370605,1.0,0.5099406242370605
GCN,265,2631,4,1,1,-4.813077926635742,2.169908046722412,6.982985973358154,0.9486831426620483,0.10608096420764923,0.0,0.3739207983016968,0.056506235152482986,0.19306555513452064,0,0.0,0.018143754361479414,26,0.37189289927482605,0.9756277799606323,0.3852601141483855,0.914327917282127,44.963809967041016,0.8788774002954209,0.3723893165588379,0.98301329394387,0.3723893165588379,0.98301329394387,0.0,3.573191875716475e-08,7.858646711156325e-08,1.0,0.3628290891647339,0.5099406838417053,21,0.7558224201202393,0.5099406242370605,1.0,0.5099406242370605
GCN,265,2641,2,1,2,-3.1032159328460693,2.682241916656494,5.7854578495025635,0.8660253286361694,0.05231768637895584,-0.0002983061131089926,0.2818527817726135,0.0460205152630806,0.12542629784009093,0,0.0,0.039078855547801813,56,0.2532069683074951,0.987287163734436,0.3095264945322036,0.8666912850812407,33.84287643432617,0.47673559822747413,0.2815719544887543,0.9257754800590842,0.2815719544887543,0.9257754800590842,4.6566128730773926e-09,1.5530432051491516e-08,6.212172820596606e-08,1.0,0.2499999701976776,0.38490018248558044,52,0.8588470220565796,0.38490018248558044,1.0,0.38490018248558044
GCN,265,2642,2,0,4,-5.404213905334473,-0.3792768716812134,5.024937033653259,0.7499998807907104,0.034271951764822006,0.0,0.23967245221138,0.03176155686378479,0.10837438423645321,0,0.0,0.04954640614096301,71,0.18604117631912231,0.9899077415466309,0.27704249394163677,0.8046528803545052,28.833877563476562,0.21270310192023634,0.23995471000671387,0.8829394387001477,0.23995471000671387,0.8829394387001477,6.177695244247161e-09,1.688453643566845e-08,7.266554291618377e-08,1.0,0.18416358530521393,0.3274019956588745,66,0.6663497686386108,0.3274019956588745,1.0,0.3274019956588745
GCN,265,2646,4,1,1,-3.8207154273986816,1.4384851455688477,5.259200572967529,0.9486831426620483,0.0707089975476265,0.0,0.313562273979187,0.055670566856861115,0.19268662372110648,0,0.0,0.030006978367062107,43,0.3093946874141693,0.9844242334365845,0.3339770355310494,0.8822008862629247,37.65781021118164,0.6665435745937962,0.31289803981781006,0.9519940915805022,0.31289803981781006,0.9519940915805022,0.0,5.589147811235762e-09,1.5893995453097887e-08,1.0,0.304575651884079,0.42806798219680786,38,0.9368195533752441,0.4280679523944855,1.0,0.4280679523944855
GCN,265,2647,4,0,3,-3.6939210891723633,-0.13727951049804688,3.5566415786743164,0.8017836213111877,0.0396854393184185,0.0,0.2718985974788666,0.03484518453478813,0.10837438423645321,0,0.0,0.051639916259595256,74,0.22545038163661957,0.9907892346382141,0.3023166235255514,0.8607828655834564,32.633453369140625,0.4139586410635155,0.27164921164512634,0.9165435745937962,0.27164921164512634,0.9165435745937962,4.6566128730773926e-09,1.5991329149755984e-08,6.487415760147996e-08,1.0,0.22337384521961212,0.37146154046058655,69,0.7656595706939697,0.37146151065826416,1.0,0.37146151065826416
GCN,265,2653,0,1,2,-0.3502326011657715,4.26104211807251,4.611274719238281,0.8660253286361694,0.05294527858495712,-0.05747916176915169,0.2969166934490204,0.04163090139627457,0.10913224706328155,0,0.0,0.040474528960223306,58,0.26343172788619995,0.9880154728889465,0.3217853087856193,0.8733382570162481,35.62205123901367,0.5661004431314623,0.2963677644729614,0.939807976366322,0.2963677644729614,0.939807976366322,9.077409934832303e-09,3.039777851654435e-08,1.215911140661774e-07,1.0,0.26261574029922485,0.40432342886924744,54,0.8087489604949951,0.40432336926460266,1.0,0.40432336926460266
GCN,265,2658,2,1,1,-4.811562538146973,3.026458740234375,7.838021278381348,0.9486831426620483,0.07463280111551285,0.0,0.3319706320762634,0.05496157705783844,0.18927624100037893,0,0.0,0.030704815073272853,44,0.327531099319458,0.9845169186592102,0.3492443374032741,0.888109305760709,39.82161331176758,0.7548005908419497,0.33084234595298767,0.9667651403249631,0.33084234595298767,0.9667651403249631,0.0,3.018301697466086e-08,5.9889543990721e-08,1.0,0.322459876537323,0.4532034993171692,39,0.9277058243751526,0.4532035291194916,1.0,0.4532035291194916
GCN,265,2668,3,0,5,-3.8014984130859375,-0.8170987367630005,2.984399676322937,0.7071066498756409,0.02500685304403305,-0.00025447309599258006,0.20829470455646515,0.03257249295711517,0.10837438423645321,0,0.0,0.06489881367759945,93,0.152149498462677,0.991974949836731,0.2558740946488607,0.5398818316100443,25.066110610961914,0.06757754800590841,0.20926669239997864,0.8039143279172821,0.20926669239997864,0.8039143279172821,6.177695244247161e-09,5.693723714728094e-09,3.942476567431186e-08,1.0,0.1509333848953247,0.2846027612686157,89,0.7673882246017456,0.28460273146629333,1.0,0.28460273146629333
GCN,265,2669,3,1,1,-4.059355735778809,3.7415812015533447,7.800936937332153,0.9486831426620483,0.08908270299434662,0.0,0.3736126124858856,0.05412040650844574,0.1856763925729443,0,0.0,0.025819958129797628,37,0.3692440092563629,0.9826267957687378,0.385812738461454,0.9154357459379616,44.78207778930664,0.8751846381093058,0.37225690484046936,0.98301329394387,0.37225690484046936,0.98301329394387,1.0030650976489142e-08,3.094480405252398e-08,6.498102322893828e-08,1.0,0.3628290891647339,0.5099406838417053,32,0.8613315224647522,0.5099406242370605,1.0,0.5099406242370605
GCN,265,2681,4,1,5,-1.7304736375808716,1.871014952659607,3.6014885902404785,0.7071066498756409,0.04261180758476257,-0.05925598740577698,0.3225342035293579,0.24435466527938843,0.7838196286472149,1,0.0,0.056524773203070484,81,0.23338733613491058,0.9901222586631775,0.34040709096093263,0.8870014771048744,38.668052673339844,0.7149187592319055,0.32158249616622925,0.9597488921713442,0.32158249616622925,0.9597488921713442,9.689784086219788e-09,1.2566520268819659e-08,5.1252367683218836e-08,1.0,0.23302441835403442,0.43939512968063354,77,0.6850107908248901,0.43939512968063354,1.0,0.43939512968063354
GCN,265,2685,2,0,4,-6.3218560218811035,-1.8776359558105469,4.444220066070557,0.7499998807907104,0.05934588238596916,0.0,0.25743797421455383,0.054117828607559204,0.1856763925729443,0,0.0,0.027913468248429867,40,0.2026631236076355,0.9742972254753113,0.28956270756210767,0.843426883308715,30.86906623840332,0.3142540620384047,0.2571312487125397,0.9017725258493353,0.2571312487125397,0.9017725258493353,9.313225746154785e-09,1.221029677367369e-08,6.022712994990798e-08,1.0,0.19745412468910217,0.351029634475708,35,0.7042770385742188,0.351029634475708,1.0,0.351029634475708
GCN,265,2686,3,1,2,-5.277318000793457,0.7159186601638794,5.993236660957336,0.8660253286361694,0.09780437499284744,0.0,0.2774033546447754,0.08671943098306656,0.2315270935960591,0,0.0,0.015352407536636426,22,0.2564183175563812,0.9559838175773621,0.30659514897861045,0.8633677991137371,33.37989044189453,0.4494091580502216,0.27709802985191345,0.9213441654357459,0.27709802985191345,0.9213441654357459,1.2904783908140871e-08,2.3153482686666393e-08,9.261393074666557e-08,1.0,0.24513176083564758,0.3774050772190094,17,0.8520408868789673,0.377405047416687,1.0,0.377405047416687
GCN,265,2689,2,1,2,-4.535115718841553,2.0593364238739014,6.594452142715454,0.8660253286361694,0.08940719068050385,0.0,0.30667537450790405,0.07427068054676056,0.21314892004547176,0,0.0,0.024424284717376135,35,0.2800244987010956,0.9693673253059387,0.3281922044505838,0.8777695716395865,36.79621505737305,0.6307237813884786,0.30577296018600464,0.9471935007385525,0.30577296018600464,0.9471935007385525,0.0,1.0170196240721907e-08,3.943576487586142e-08,1.0,0.2714465856552124,0.417919397354126,30,0.8824994564056396,0.41791942715644836,1.0,0.41791942715644836
GCN,265,2690,6,1,1,0.036507606506347656,5.342991828918457,5.306484222412109,0.9486831426620483,0.15704141557216644,0.0,0.37516388297080994,0.10578548908233643,0.35392194012883665,1,0.0,0.015352407536636426,22,0.3824125826358795,0.9487895369529724,0.3833325221046212,0.9106351550960118,44.80988693237305,0.8759231905465288,0.3720776438713074,0.98301329394387,0.3720776438713074,0.98301329394387,1.053671194739536e-08,2.9802549761370756e-08,5.995467944330812e-08,1.0,0.3628290891647339,0.5099406838417053,17,0.9589899778366089,0.5099406242370605,1.0,0.5099406242370605
GCN,265,2699,3,1,1,-2.758733034133911,3.809601068496704,6.568334102630615,0.9486831426620483,0.08612877875566483,0.0,0.3476237952709198,0.060414642095565796,0.2006441834028041,0,0.0,0.025819958129797628,37,0.3439783751964569,0.9812738299369812,0.36329462170346105,0.8980797636632201,41.84932327270508,0.8153618906942393,0.34667855501174927,0.9756277695716395,0.34667855501174927,0.9756277695716395,9.497663988611293e-09,4.7516848233897235e-09,1.757215883912977e-08,1.0,0.3375369906425476,0.47439372539520264,32,0.9253044128417969,0.47439369559288025,1.0,0.47439369559288025
GCN,265,2700,3,1,1,-2.1456851959228516,3.9131417274475098,6.058826923370361,0.9486831426620483,0.08699715882539749,-0.0018295325571671128,0.34768062829971313,0.06290268152952194,0.20386510041682457,0,0.0,0.02372644801116539,34,0.3439875543117523,0.9808917045593262,0.3632334400833982,0.8980797636632201,41.70504379272461,0.8138847858197932,0.34660735726356506,0.9756277695716395,0.34660735726356506,0.9756277695716395,6.969380184074225e-09,1.270261318353505e-08,4.13154666034643e-08,1.0,0.3375369906425476,0.47439372539520264,30,0.9171635508537292,0.47439369559288025,1.0,0.47439369559288025
GCN,265,2702,0,1,2,0.29773885011672974,3.7535665035247803,3.4558276534080505,0.8660253286361694,0.05912607163190842,-0.00046151314745657146,0.2591094970703125,0.05385722219944,0.18321333838575218,0,0.0,0.025819958129797628,37,0.23409461975097656,0.9809426069259644,0.2921838800950643,0.8504431314623339,31.117321014404297,0.3275480059084195,0.2588934898376465,0.904357459379616,0.2588934898376465,0.904357459379616,4.5625303535246076e-09,5.440782047116954e-09,6.364756899301938e-08,1.0,0.22965440154075623,0.353576123714447,33,0.8175961971282959,0.35357609391212463,1.0,0.35357609391212463
GCN,265,2707,3,0,4,-5.32865047454834,-2.1662044525146484,3.1624460220336914,0.7499998807907104,0.03268706053495407,0.0,0.211572527885437,0.03987845033407211,0.10837438423645321,0,0.0,0.05512909979064899,79,0.164474219083786,0.9882442951202393,0.2582785988064096,0.595642540620384,25.46211051940918,0.07644017725258494,0.21257257461547852,0.8220088626292467,0.21257257461547852,0.8220088626292467,5.020726945303977e-09,1.705712904254142e-08,7.699903648017425e-08,1.0,0.16254070401191711,0.2889613211154938,74,0.7743598818778992,0.2889613211154938,1.0,0.2889613211154938
GCN,125,1370,6,1,8,-1.431012511253357,0.8724273443222046,2.3034398555755615,0.6123723983764648,0.021423550322651863,-0.00014464574633166194,0.19232158362865448,0.02943366765975952,0.10837438423645321,0,0.0,0.07815771109560363,112,0.12179069221019745,0.9908021092414856,0.24499262346139927,0.31646971935007384,23.1663818359375,0.03508124076809453,0.19357147812843323,0.6584194977843427,0.19357147812843323,0.6584194977843427,1.3158536482649197e-08,1.1377029096593105e-08,9.300178049898022e-08,1.0,0.12067287415266037,0.2627439796924591,108,0.6472269296646118,0.2627439498901367,1.0,0.2627439498901367
GCN,125,1376,0,1,3,2.6517786979675293,5.180984020233154,2.529205322265625,0.8017836213111877,0.0350797064602375,0.0,0.22272099554538727,0.04135102778673172,0.10913224706328155,0,0.0,0.04884856943475227,70,0.18492120504379272,0.989294707775116,0.2654914941188495,0.7101181683899557,26.782052993774414,0.12186115214180207,0.2232971340417862,0.8559822747415067,0.2232971340417862,0.8559822747415067,6.953805975484784e-09,8.01027066898996e-09,7.354353215305309e-08,1.0,0.18294157087802887,0.3042243421077728,65,0.841993510723114,0.3042243421077728,1.0,0.3042243421077728
GCN,125,1378,2,1,3,-3.6731715202331543,1.3079369068145752,4.9811084270477295,0.8017836213111877,0.052128568291664124,0.0,0.29675716161727905,0.03477957099676132,0.10837438423645321,0,0.0,0.0418702023726448,60,0.24696004390716553,0.9867284893989563,0.3214323194035498,0.8733382570162481,35.60538101196289,0.5649926144756278,0.2961888611316681,0.939807976366322,0.2961888611316681,0.939807976366322,1.082099032601036e-08,1.8877956975416055e-08,7.601555296332663e-08,1.0,0.24368251860141754,0.40523403882980347,55,0.6349899172782898,0.40523403882980347,1.0,0.40523403882980347
GCN,125,1392,3,1,3,-1.9413306713104248,2.615532875061035,4.55686354637146,0.8017836213111877,0.035835810005664825,-0.0011514369398355484,0.2395954430103302,0.036246009171009064,0.10837438423645321,0,0.0,0.05024424284717376,72,0.19870473444461823,0.9903294444084167,0.27714458890343663,0.8057607090103397,28.775352478027344,0.2101181683899557,0.23990978300571442,0.8829394387001477,0.23990978300571442,0.8829394387001477,5.890201215663637e-09,1.6280777614952058e-08,6.789878170820884e-08,1.0,0.1968149095773697,0.32729512453079224,69,0.777210533618927,0.32729509472846985,1.0,0.32729509472846985
GCN,125,1393,3,1,1,-2.1538548469543457,4.335052967071533,6.488907814025879,0.9486831426620483,0.08223089575767517,0.0,0.37350350618362427,0.05043279007077217,0.1612353164077302,0,0.0,0.030006978367062107,43,0.36830222606658936,0.9851397275924683,0.3858938763940973,0.9154357459379616,44.80952072143555,0.8759231905465288,0.372132271528244,0.98301329394387,0.372132271528244,0.98301329394387,7.902533738501916e-09,1.6192613472298945e-08,7.806044521885269e-08,1.0,0.3628291189670563,0.5099407434463501,38,0.8692684769630432,0.5099407434463501,1.0,0.5099407434463501
GCN,125,1400,3,0,2,-6.641892433166504,-0.0735781192779541,6.56831431388855,0.8660253286361694,0.058645207434892654,-0.0003919585142284632,0.30606257915496826,0.045570798218250275,0.12182644941265632,0,0.0,0.03628750872295883,52,0.2751525938510895,0.9864668250083923,0.32846051047501773,0.8777695716395865,36.69017791748047,0.6244460856720827,0.30530205368995667,0.9464549483013294,0.30530205368995667,0.9464549483013294,5.26835597369768e-09,4.574396417211801e-09,1.7046001943299416e-08,1.0,0.2714465856552124,0.417919397354126,48,0.8238628506660461,0.417919397354126,1.0,0.417919397354126
GCN,125,1416,0,1,18,4.0231757164001465,5.623799800872803,1.6006240844726562,0.4522669315338135,0.013079440221190453,-0.0010089233983308077,0.22634729743003845,0.013396128080785275,0.10837438423645321,0,0.0,0.14863921842288905,213,0.10541397333145142,0.9954344630241394,0.26805851269827446,0.7367060561299852,27.201608657836914,0.14069423929098965,0.226933553814888,0.8629985228951256,0.226933553814888,0.8629985228951256,1.2735644538963697e-08,1.2746490973825075e-08,1.2137066107698047e-07,1.0,0.10494285821914673,0.30938324332237244,211,0.4193921685218811,0.30938324332237244,1.0,0.30938324332237244
GCN,125,1422,4,1,1,-4.2591657638549805,0.9197111129760742,5.178876876831055,0.9486831426620483,0.0850110873579979,0.0,0.3321439027786255,0.06293544173240662,0.20386510041682457,0,0.0,0.025819958129797628,37,0.3290244936943054,0.9800483584403992,0.3496310371209115,0.888109305760709,39.873207092285156,0.7562776957163959,0.3310074806213379,0.9667651403249631,0.3310074806213379,0.9667651403249631,9.125060707049215e-09,2.9803231882397085e-08,5.960464477539063e-08,1.0,0.3224599063396454,0.4532035291194916,32,0.933097779750824,0.45320355892181396,1.0000001192092896,0.4532034993171692
GCN,125,1423,3,1,2,0.1191866397857666,4.119628429412842,4.000441789627075,0.8660253286361694,0.046310484409332275,0.0,0.2313232570886612,0.052581749856472015,0.1733611216369837,0,0.0,0.03628750872295883,52,0.2082064300775528,0.9852526783943176,0.27169200449707065,0.7695716395864106,27.853904724121094,0.17134416543574593,0.2317579686641693,0.870384047267356,0.2317579686641693,0.870384047267356,5.26835597369768e-09,1.5771268735420563e-08,6.423425702450913e-08,1.0,0.20513594150543213,0.31582748889923096,47,0.9098411202430725,0.31582748889923096,1.0,0.31582748889923096
GCN,125,1425,4,1,2,-2.856102466583252,0.7670385837554932,3.623141050338745,0.8660253286361694,0.04911937192082405,-0.0007117718923836946,0.2376030832529068,0.05150902643799782,0.17032967032967034,0,0.0,0.03210048848569435,46,0.21400785446166992,0.9842891097068787,0.2761549657153131,0.8002215657311669,28.549785614013672,0.20125553914327918,0.23771151900291443,0.8785081240768094,0.23771151900291443,0.8785081240768094,7.213993846733047e-09,1.6551945591913864e-08,1.2292663598145737e-07,1.0,0.21067248284816742,0.32435154914855957,42,0.8631240129470825,0.3243514895439148,1.0,0.3243514895439148
GCN,125,1429,4,1,3,-2.9173717498779297,0.3039109706878662,3.221282720565796,0.8017836213111877,0.04172129929065704,0.0,0.23849834501743317,0.037468887865543365,0.10837438423645321,0,0.0,0.040474528960223306,58,0.19845806062221527,0.9868364334106445,0.27710286277171886,0.8057607090103397,28.643346786499023,0.20273264401772526,0.23874250054359436,0.8799852289512555,0.23874250054359436,0.8799852289512555,5.890201215663637e-09,5.845452122343886e-09,6.680576092321644e-08,1.0,0.19584564864635468,0.3256832957267761,53,0.6869348883628845,0.3256832957267761,1.0,0.3256832957267761
GCN,125,1434,3,0,2,-4.764571189880371,-0.222040057182312,4.542531132698059,0.8660253286361694,0.0720544308423996,0.0,0.24162621796131134,0.08129023760557175,0.22167487684729065,0,0.0,0.02512212142358688,36,0.22090184688568115,0.9680069088935852,0.2798731001601622,0.8197932053175776,29.042001724243164,0.22156573116691286,0.24172453582286835,0.8847858197932054,0.24172453582286835,0.8847858197932054,9.125060707049215e-09,1.9996344136075095e-08,9.13313655814818e-08,1.0,0.21383453905582428,0.32921984791755676,31,0.9443051218986511,0.3292198181152344,1.0,0.3292198181152344
GCN,125,1436,5,1,1,-3.9309301376342773,2.2400600910186768,6.170990228652954,0.9486831426620483,0.08288966119289398,0.0,0.32155629992485046,0.05580155551433563,0.19268662372110648,0,0.0,0.022330774598743892,32,0.3186165988445282,0.9797692894935608,0.3410913979680343,0.8873707533234859,38.519500732421875,0.7097488921713442,0.32046744227409363,0.9586410635155096,0.32046744227409363,0.9586410635155096,7.450580596923828e-09,6.062288093744428e-08,1.2411773298026674e-07,1.0,0.31217074394226074,0.43874257802963257,27,0.8214555978775024,0.43874257802963257,1.0,0.43874257802963257
GCN,125,1437,4,1,1,-1.127039909362793,4.310634136199951,5.437674045562744,0.9486831426620483,0.07450384646654129,0.0,0.3319685757160187,0.055374324321746826,0.1896551724137931,0,0.0,0.030006978367062107,43,0.3275136947631836,0.9845691323280334,0.349732350719405,0.888109305760709,39.86307907104492,0.7555391432791728,0.33083459734916687,0.9667651403249631,0.33083459734916687,0.9667651403249631,7.679882507716229e-09,3.094480405252398e-08,6.507439564984452e-08,1.0,0.3224598467350006,0.4532034695148468,38,0.9362846612930298,0.4532034397125244,1.0,0.4532034397125244
GCN,125,1441,5,0,23,-2.353756904602051,-0.3130369186401367,2.040719985961914,0.40824824571609497,0.016554517671465874,-0.00035007315455004573,0.27933377027511597,0.012619784101843834,0.10837438423645321,0,0.0,0.14724354501046755,211,0.1175764724612236,0.994117021560669,0.3076872367423832,0.8641063515509602,33.499053955078125,0.45679468242245197,0.2790776491165161,0.9231905465288035,0.2790776491165161,0.9231905465288035,1.8118951672363437e-08,2.502507712165425e-08,2.1464315125285793e-07,1.0,0.11688922345638275,0.3817586302757263,207,0.347730815410614,0.38175860047340393,1.0,0.38175860047340393
GCN,125,1442,3,1,2,-3.076134204864502,3.3913559913635254,6.467490196228027,0.8660253286361694,0.056303102523088455,0.0,0.3245210349559784,0.03745819628238678,0.10837438423645321,0,0.0,0.03838101884159107,55,0.29114288091659546,0.9888724088668823,0.34427068030295765,0.8877400295420975,38.91565704345703,0.7234121122599705,0.3234799802303314,0.9612259970457903,0.3234799802303314,0.9612259970457903,8.33000246558413e-09,7.2186887578595815e-09,6.520089357309189e-08,1.0,0.28790315985679626,0.4432559609413147,50,0.7479075789451599,0.4432559311389923,1.0,0.4432559311389923
GCN,125,1444,2,0,4,-2.2043421268463135,-0.6275126934051514,1.576829433441162,0.7499998807907104,0.03330957144498825,-0.0004692487418651581,0.19579026103019714,0.03411320224404335,0.10837438423645321,0,0.0,0.052337752965806,75,0.15252526104450226,0.9857870936393738,0.24797912483409404,0.3733382570162482,23.585847854614258,0.03914327917282127,0.1969500035047531,0.7005169867060561,0.1969500035047531,0.7005169867060561,2.8705289256691913e-09,5.059213492586423e-09,3.127436443151055e-08,1.0,0.15036945044994354,0.2673235237598419,72,0.6015417575836182,0.26732349395751953,1.0,0.26732349395751953
GCN,125,1448,1,1,5,-2.0817220211029053,0.916181206703186,2.9979032278060913,0.7071066498756409,0.02160467952489853,-0.0008186937193386257,0.16303156316280365,0.03975696861743927,0.10837438423645321,0,0.0,0.06629448709002093,95,0.11925861984491348,0.9902418255805969,0.22793939270695998,0.1310930576070901,19.73208999633789,0.0051698670605613,0.16527767479419708,0.155096011816839,0.16527767479419708,0.155096011816839,5.7410578513383825e-09,6.9325789553431605e-09,5.64584290430048e-08,1.0,0.11810848861932755,0.22270753979682922,91,0.8205729126930237,0.22270753979682922,1.0,0.22270753979682922
GCN,125,1450,3,1,3,-4.436995506286621,0.1920778751373291,4.62907338142395,0.8017836213111877,0.04063565284013748,0.0,0.2676871716976166,0.036529723554849625,0.10837438423645321,0,0.0,0.05024424284717376,72,0.22210615873336792,0.9900462627410889,0.29861499940326874,0.8574593796159528,32.135581970214844,0.3892171344165436,0.2674880623817444,0.912850812407681,0.2674880623817444,0.912850812407681,5.7410578513383825e-09,7.129903778491098e-09,3.1517391363422576e-08,1.0,0.2198953777551651,0.36567699909210205,67,0.7717628479003906,0.36567696928977966,1.0,0.36567696928977966
GCN,125,1452,4,0,3,-3.050135612487793,-0.7066366672515869,2.343498945236206,0.8017836213111877,0.039163362234830856,0.0,0.20426855981349945,0.05236315354704857,0.1733611216369837,0,0.0,0.0418702023726448,60,0.17037200927734375,0.9842410087585449,0.25312045352290674,0.4778434268833087,24.588228225708008,0.058714918759231904,0.2052142173051834,0.7721565731166913,0.2052142173051834,0.7721565731166913,5.759912102831777e-09,1.5342218162572863e-08,6.317394962707112e-08,1.0,0.16768711805343628,0.2788568139076233,55,0.8759201765060425,0.2788568139076233,1.0,0.2788568139076233
GCN,125,1457,3,1,3,-4.995473861694336,1.4092923402786255,6.404766201972961,0.8017836213111877,0.044011928141117096,-0.0004613852361217141,0.319662481546402,0.027460526674985886,0.10837438423645321,0,0.0,0.052337752965806,75,0.26479607820510864,0.9917921423912048,0.34026013002023964,0.8870014771048744,38.323936462402344,0.7005169867060561,0.3188307285308838,0.9571639586410635,0.3188307285308838,0.9571639586410635,7.153624359546029e-09,7.299899795754072e-09,2.9155009073633664e-08,1.0,0.26263830065727234,0.4367567300796509,71,0.6396572589874268,0.4367567002773285,1.0,0.4367567002773285
GCN,125,1476,6,1,2,-2.5494909286499023,2.018314838409424,4.567805767059326,0.8660253286361694,0.0553131178021431,-0.0019927402026951313,0.3060360252857208,0.038459938019514084,0.10837438423645321,0,0.0,0.03558967201674808,51,0.2746776044368744,0.9879283308982849,0.32815942129606746,0.8777695716395865,36.693206787109375,0.6248153618906942,0.30528929829597473,0.9464549483013294,0.30528929829597473,0.9464549483013294,5.963374238859842e-09,3.6744667308852286e-09,8.847564458847046e-09,1.0,0.2714465856552124,0.417919397354126,48,0.7371292114257812,0.417919397354126,1.0,0.417919397354126
GCN,125,1486,2,1,3,-3.1396076679229736,0.49408435821533203,3.6336920261383057,0.8017836213111877,0.03606593608856201,-0.06325185298919678,0.21675944328308105,0.045570626854896545,0.12182644941265632,0,0.0,0.04884856943475227,70,0.17784957587718964,0.9878063201904297,0.2614322346634278,0.6480797636632201,26.107030868530273,0.09785819793205318,0.2176028937101364,0.8408419497784343,0.2176028937101364,0.8408419497784343,0.0,1.543172878371024e-08,6.321512557860842e-08,1.0,0.17743583023548126,0.29506850242614746,67,0.8783811330795288,0.29506850242614746,1.0,0.29506850242614746
GCN,125,1487,6,1,4,-1.0102893114089966,1.5185050964355469,2.5287944078445435,0.7499998807907104,0.027274535968899727,-0.000595325545873493,0.22081813216209412,0.03213720768690109,0.10837438423645321,0,0.0,0.0628053035589672,90,0.17100046575069427,0.9924439787864685,0.26449760840475883,0.6905465288035451,26.548505783081055,0.11521418020679468,0.22157472372055054,0.8515509601181684,0.22157472372055054,0.8515509601181684,3.0888476221235805e-09,1.5461449009990247e-08,6.466826363293876e-08,1.0,0.169720858335495,0.3017260432243347,86,0.7542918920516968,0.30172601342201233,1.0,0.30172601342201233
GCN,125,1493,4,1,1,-1.2094647884368896,3.467759370803833,4.677224159240723,0.9486831426620483,0.07283671945333481,0.0,0.28047069907188416,0.0672539621591568,0.20765441455096628,0,0.0,0.028611304954640614,41,0.2779804766178131,0.9794750809669495,0.3080622647277404,0.8652141802067946,33.65645980834961,0.46639586410635153,0.28003066778182983,0.9246676514032496,0.28003066778182983,0.9246676514032496,7.213993846733047e-09,4.199028236229196e-09,1.6796112944916786e-08,1.0,0.2722749412059784,0.38267073035240173,36,0.9827343821525574,0.38267073035240173,1.0,0.38267073035240173
GCN,125,1499,2,0,4,-3.0265069007873535,-0.5604779720306396,2.466028928756714,0.7499998807907104,0.032199643552303314,0.0,0.18113964796066284,0.043852798640728,0.1138688897309587,0,0.0,0.051639916259595256,74,0.14128898084163666,0.9845120906829834,0.23770196258094198,0.21307237813884786,21.850448608398438,0.02031019202363368,0.18267574906349182,0.4793205317577548,0.18267574906349182,0.4793205317577548,8.932932615834943e-09,1.875822519536996e-08,1.4423999061818904e-07,1.0,0.13910070061683655,0.24729019403457642,69,0.7400838732719421,0.24729017913341522,1.0,0.24729017913341522
GCN,125,1501,6,1,7,-1.2487459182739258,1.3119447231292725,2.5606906414031982,0.6396021246910095,0.021951092407107353,-0.00022954260930418968,0.22519907355308533,0.019517725333571434,0.10837438423645321,0,0.0,0.07885554780181438,113,0.1485891044139862,0.9935214519500732,0.2674743423233839,0.731536189069424,27.0739688873291,0.13552437223042835,0.22590771317481995,0.8615214180206795,0.22590771317481995,0.8615214180206795,8.699270637180234e-09,9.541355261433182e-09,6.519590556308685e-08,1.0,0.14763034880161285,0.3077545464038849,109,0.5122824907302856,0.3077545166015625,1.0,0.3077545166015625
GCN,125,1506,2,1,2,-1.91208016872406,1.7726871967315674,3.6847673654556274,0.8660253286361694,0.05089077353477478,0.0,0.2407170683145523,0.05573076754808426,0.19268662372110648,0,0.0,0.034193998604326585,49,0.21698597073554993,0.9835895895957947,0.27731958472053253,0.8057607090103397,28.893760681152344,0.21565731166912852,0.24088583886623383,0.8836779911373708,0.24088583886623383,0.8836779911373708,8.238389526127321e-09,1.6131085800452638e-08,6.431016430497039e-08,1.0,0.21342512965202332,0.328589528799057,44,0.9131737351417542,0.3285894989967346,1.0,0.3285894989967346
GCN,125,1507,0,1,6,-1.3753955364227295,1.0020506381988525,2.377446174621582,0.6708203554153442,0.028268294408917427,0.0,0.20975223183631897,0.03159470483660698,0.10837438423645321,0,0.0,0.056524773203070484,81,0.1457705795764923,0.988810122013092,0.25721059241281996,0.5705317577548006,25.2315616607666,0.07163958641063516,0.2106783390045166,0.8131462333825702,0.2106783390045166,0.8131462333825702,8.078921531762262e-09,1.9487856661726255e-08,1.0515596926552462e-07,1.0,0.14413942396640778,0.28649380803108215,76,0.6290534138679504,0.28649380803108215,1.0,0.28649380803108215
GCN,125,1523,0,1,2,0.6087292432785034,4.793633937835693,4.18490469455719,0.8660253286361694,0.05808721482753754,-0.08949168026447296,0.30193257331848145,0.04814467579126358,0.14153088291019325,0,0.0,0.03768318213538032,54,0.266204297542572,0.9859253764152527,0.32200431633360527,0.8733382570162481,36.209957122802734,0.6000738552437223,0.3011668026447296,0.9420236336779911,0.3011668026447296,0.9420236336779911,1.1519824205663554e-08,3.224830535941692e-08,7.403721724585921e-08,1.0,0.2664565145969391,0.4102367162704468,50,0.8668985366821289,0.4102367162704468,1.0,0.4102367162704468
GCN,125,1541,3,1,1,-5.206965446472168,3.6410508155822754,8.848016262054443,0.9486831426620483,0.09069238603115082,0.0,0.3736395239830017,0.05680093169212341,0.19325502084122773,0,0.0,0.025819958129797628,37,0.3694758117198944,0.9820103049278259,0.3834082191684732,0.9106351550960118,44.820491790771484,0.8759231905465288,0.3715169429779053,0.98301329394387,0.3715169429779053,0.98301329394387,6.969380184074225e-09,3.042540797082438e-08,6.26708143158794e-08,1.0,0.3628290891647339,0.5099406838417053,32,0.8880113363265991,0.5099406242370605,1.0,0.5099406242370605
GCN,125,1546,2,0,5,-4.8786516189575195,-2.526556968688965,2.3520946502685547,0.7071066498756409,0.025761853903532028,-0.06594783812761307,0.17848734557628632,0.03571829944849014,0.10837438423645321,0,0.0,0.05303558967201675,76,0.12906594574451447,0.9881930947303772,0.2366453516511078,0.19719350073855244,21.535507202148438,0.01809453471196455,0.180108442902565,0.43057607090103395,0.180108442902565,0.43057607090103395,7.634750609497587e-09,8.754945213240717e-09,6.98162949674952e-08,1.0,0.12884901463985443,0.24296008050441742,72,0.6999483108520508,0.2429600954055786,1.0,0.2429600954055786
GCN,125,1554,3,0,4,-8.044109344482422,-4.392163276672363,3.6519460678100586,0.7499998807907104,0.057508327066898346,0.0,0.27055513858795166,0.05334868282079697,0.18226600985221675,0,0.0,0.03210048848569435,46,0.21226847171783447,0.9780408143997192,0.3011683660518015,0.8604135893648449,32.482826232910156,0.4076809453471196,0.2701962888240814,0.9158050221565731,0.2701962888240814,0.9158050221565731,8.786079419564885e-09,8.046353805468698e-09,7.245036925951354e-08,1.0,0.207607239484787,0.3690796196460724,41,0.7529566287994385,0.36907958984375,1.0,0.36907958984375
GCN,125,1561,1,1,2,-1.617995262145996,3.1453604698181152,4.763355731964111,0.8660253286361694,0.04245861992239952,0.0,0.21044495701789856,0.05464693531394005,0.18927624100037893,0,0.0,0.03698534542916958,53,0.1894531100988388,0.985026478767395,0.25576748544688793,0.5398818316100443,25.35221290588379,0.07459379615952733,0.21131044626235962,0.8153618906942393,0.21131044626235962,0.8153618906942393,7.450580596923828e-09,1.5183276858010686e-08,6.259637785888117e-08,1.0,0.18661633133888245,0.28731468319892883,48,0.9382726550102234,0.28731468319892883,1.0,0.28731468319892883
GCN,125,1565,2,1,2,-3.9423913955688477,0.07178235054016113,4.014173746109009,0.8660253286361694,0.12177783250808716,0.0,0.20521759986877441,0.16577862203121185,0.563849943160288,1,0.0,0.020237264480111653,29,0.2025602012872696,0.8866291642189026,0.25087051526058735,0.4423929098966027,24.450632095336914,0.05502215657311669,0.20378604531288147,0.7632939438700148,0.20378604531288147,0.7632939438700148,0.0,7.216224062744914e-09,4.957051302767468e-08,1.0,0.17959578335285187,0.27650582790374756,24,0.9677550196647644,0.27650582790374756,1.0,0.27650582790374756
GCN,125,1567,3,0,4,-5.890195846557617,-3.284153938293457,2.60604190826416,0.7499998807907104,0.048893678933382034,0.0,0.23198021948337555,0.05722377076745033,0.19458128078817735,0,0.0,0.03349616189811584,48,0.18194495141506195,0.9783991575241089,0.27254328970072766,0.7788035450516987,27.88252067565918,0.17208271787296897,0.23236039280891418,0.8722304283604135,0.23236039280891418,0.8722304283604135,9.497663988611293e-09,1.1832201884942606e-08,6.506606098355405e-08,1.0,0.17801478505134583,0.31647080183029175,43,0.8145090341567993,0.31647077202796936,1.0,0.31647077202796936
GCN,125,1568,2,0,4,-2.8019051551818848,-0.341235876083374,2.4606692790985107,0.7499998807907104,0.026322316378355026,-0.0003338335664011538,0.1693403422832489,0.04483628645539284,0.11860553239863585,0,0.0,0.05722260990928123,82,0.13165123760700226,0.9881007671356201,0.23141715123877127,0.14734121122599705,20.465749740600586,0.00812407680945347,0.17126117646694183,0.258493353028065,0.17126117646694183,0.258493353028065,3.0888476221235805e-09,1.513007319431381e-08,1.2090615086890466e-07,1.0,0.13009144365787506,0.23127372562885284,78,0.8653408288955688,0.23127372562885284,1.0,0.23127372562885284
GCN,125,1583,0,1,10,-1.2875618934631348,0.8539189100265503,2.141480803489685,0.5669466257095337,0.01588885299861431,-0.00022900455223862082,0.17726927995681763,0.023317741230130196,0.10837438423645321,0,0.0,0.08932309839497557,128,0.10372307151556015,0.9930325150489807,0.2369800513464096,0.2034711964549483,21.40812873840332,0.016617429837518464,0.17907561361789703,0.4102658788774003,0.17907561361789703,0.4102658788774003,7.443301086595966e-09,1.1677239619700686e-08,1.0508351522275916e-07,1.0,0.10300317406654358,0.24224072694778442,124,0.5899695158004761,0.24224071204662323,1.0,0.24224071204662323
GCN,125,1589,2,1,3,-3.972681999206543,0.56898432970047,4.541666328907013,0.8017836213111877,0.03290301933884621,-0.0003226068802177906,0.24270011484622955,0.031701426953077316,0.10837438423645321,0,0.0,0.05792044661549198,83,0.20100386440753937,0.9920398592948914,0.2799437973547388,0.8197932053175776,29.169645309448242,0.22673559822747416,0.2430289089679718,0.8866322008862629,0.2430289089679718,0.8866322008862629,6.2475016271434924e-09,1.588346698611076e-08,6.511270100872935e-08,1.0,0.199412003159523,0.3316139876842499,79,0.7499464154243469,0.3316139876842499,1.0,0.3316139876842499
GCN,125,1591,3,1,1,-6.084535598754883,2.618802070617676,8.703337669372559,0.9486831426620483,0.07737024128437042,-0.0012462912127375603,0.3475061058998108,0.054451730102300644,0.1883289124668435,0,0.0,0.02930914166085136,42,0.34267130494117737,0.9848003387451172,0.36296564154211447,0.8980797636632201,41.64900588989258,0.8138847858197932,0.3462936282157898,0.9756277695716395,0.3462936282157898,0.9756277695716395,0.0,8.789935002084803e-09,2.4644878138246895e-08,1.0,0.33753702044487,0.4743937849998474,38,0.9112474918365479,0.47439372539520264,0.9999999403953552,0.474393755197525
GCN,125,1597,3,1,2,-2.9778518676757812,2.5288631916046143,5.5067150592803955,0.8660253286361694,0.07410874962806702,-0.0010894184233620763,0.30635857582092285,0.041457898914813995,0.10913224706328155,0,0.0,0.027913468248429867,40,0.2773078680038452,0.9786396622657776,0.3293795331429475,0.8788774002954209,36.68962860107422,0.6244460856720827,0.3055703639984131,0.9471935007385525,0.3055703639984131,0.9471935007385525,4.165001232792065e-09,3.037659368487766e-08,6.407540098507525e-08,1.0,0.2714466154575348,0.41791945695877075,36,0.5605037212371826,0.41791942715644836,1.0,0.41791942715644836
GCN,125,1600,3,1,1,-4.006567001342773,4.409296035766602,8.415863037109375,0.9486831426620483,0.08537032455205917,0.0,0.37355250120162964,0.05391151085495949,0.18321333838575218,0,0.0,0.02930914166085136,42,0.3687247037887573,0.9840108752250671,0.38502158931169933,0.9132200886262924,44.79343795776367,0.8755539143279173,0.3721856474876404,0.98301329394387,0.3721856474876404,0.98301329394387,1.1019557710767458e-08,7.126101486676362e-09,6.212172820596606e-08,1.0,0.3628291189670563,0.5099407434463501,37,0.8951737880706787,0.5099406838417053,1.0,0.5099406838417053
GCN,125,1602,0,1,10,4.136381149291992,5.960306167602539,1.8239250183105469,0.5669466257095337,0.018756752833724022,-0.0003110597899649292,0.20407071709632874,0.02301509864628315,0.10837438423645321,0,0.0,0.09979064898813678,143,0.11944135278463364,0.9926762580871582,0.2526946135290282,0.4771048744460857,24.557714462280273,0.057976366322008865,0.20508486032485962,0.7703101920236337,0.20508486032485962,0.7703101920236337,1.0682335016554134e-08,1.4110984380977243e-08,1.21551863685454e-07,1.0,0.11857108771800995,0.27885302901268005,140,0.5424400568008423,0.27885302901268005,1.0,0.27885302901268005
GCN,125,1605,3,1,3,-3.9449872970581055,0.29364705085754395,4.238634347915649,0.8017836213111877,0.034807637333869934,0.0,0.23211050033569336,0.03711290657520294,0.10837438423645321,0,0.0,0.055826936496859735,80,0.1925465315580368,0.990283191204071,0.27189106290874177,0.7703101920236337,27.889339447021484,0.17208271787296897,0.232411190867424,0.8722304283604135,0.232411190867424,0.8722304283604135,6.282114384248416e-09,5.288254723012642e-09,6.5630160861474e-08,1.0,0.19067558646202087,0.3170856833457947,75,0.7937110662460327,0.3170856535434723,1.0,0.3170856535434723
GCN,125,1611,3,0,2,-3.9891467094421387,-0.636311948299408,3.3528347611427307,0.8660253286361694,0.08774266391992569,0.0,0.25630810856819153,0.08635631203651428,0.23133762788935203,0,0.0,0.01465457083042568,21,0.23639944195747375,0.9583713412284851,0.2896912026811687,0.8441654357459379,30.757917404174805,0.30834564254062036,0.25583377480506897,0.9002954209748892,0.25583377480506897,0.9002954209748892,1.757215883912977e-08,2.272284227444743e-08,9.225501429455107e-08,1.0,0.22655843198299408,0.3488095700740814,16,0.8738486766815186,0.3488095700740814,1.0,0.3488095700740814
GCN,125,1628,0,1,17,5.042625904083252,6.4149861335754395,1.3723602294921875,0.462909996509552,0.013872205279767513,-0.011573334224522114,0.20233504474163055,0.015784256160259247,0.10837438423645321,0,0.0,0.13189113747383113,189,0.09643129259347916,0.9938586354255676,0.25165746033852465,0.45420974889217136,24.357149124145508,0.051698670605613,0.203435480594635,0.7592319054652881,0.203435480594635,0.7592319054652881,1.3756725536495651e-08,2.0288764446263485e-08,2.0687527069185307e-07,1.0,0.09596258401870728,0.27640384435653687,187,0.4262911379337311,0.27640384435653687,1.0,0.27640384435653687
GCN,125,1629,2,1,3,-3.3587770462036133,0.8144304752349854,4.173207521438599,0.8017836213111877,0.040660664439201355,-0.0007715807296335697,0.26336565613746643,0.03607141226530075,0.10837438423645321,0,0.0,0.045359385903698535,65,0.2185547798871994,0.9897055625915527,0.2945934133927338,0.8530280649926145,31.604562759399414,0.3567208271787297,0.26318395137786865,0.9084194977843427,0.26318395137786865,0.9084194977843427,5.26835597369768e-09,1.5711325573875e-08,6.426463272646288e-08,1.0,0.21632902324199677,0.3597463071346283,62,0.7314921617507935,0.3597462475299835,0.9999999403953552,0.3597462773323059
GCN,125,1632,2,0,3,-3.922771692276001,-0.6029837727546692,3.319787919521332,0.8017836213111877,0.0515323206782341,0.0,0.22225908935070038,0.06663265824317932,0.2074649488442592,0,0.0,0.03628750872295883,52,0.18656475841999054,0.9771642684936523,0.2646322491751618,0.6971935007385525,26.784015655517578,0.12186115214180207,0.22270257771015167,0.8548744460856721,0.22270257771015167,0.8548744460856721,5.8161075955354136e-09,1.63029252320257e-08,6.925527884504845e-08,1.0,0.18230442702770233,0.3031647801399231,47,0.9216883182525635,0.3031647801399231,1.0,0.3031647801399231
GCN,125,1637,0,1,2,-1.4073737859725952,2.4124035835266113,3.8197773694992065,0.8660253286361694,0.07311322540044785,0.0,0.22256948053836823,0.08557026088237762,0.23076923076923078,0,0.0,0.02372644801116539,34,0.20469149947166443,0.9615088105201721,0.26467232402815444,0.7005169867060561,26.728612899780273,0.12001477104874446,0.22276008129119873,0.8548744460856721,0.22276008129119873,0.8548744460856721,0.0,6.776381678008647e-09,7.320367245711168e-08,1.0,0.1968126744031906,0.3030129671096802,29,0.9023668766021729,0.3030129671096802,1.0,0.3030129671096802
GCN,125,1644,0,1,2,0.6684722900390625,4.150274753570557,3.481802463531494,0.8660253286361694,0.042852409183979034,0.0,0.19471700489521027,0.060759179294109344,0.20121258052292534,0,0.0,0.03279832519190509,47,0.1757330596446991,0.9822480082511902,0.24677609653557767,0.3511816838995569,23.467201232910156,0.03840472673559823,0.19591520726680756,0.6879615952732644,0.19591520726680756,0.6879615952732644,5.83471937432023e-09,1.5561598232238794e-08,6.50760583198462e-08,1.0,0.1726134568452835,0.265755832195282,42,0.9563813805580139,0.265755832195282,1.0,0.265755832195282
GCN,125,1645,3,1,4,-1.4563391208648682,0.8259854912757874,2.2823246121406555,0.7499998807907104,0.03293371945619583,0.0,0.22667859494686127,0.03689790144562721,0.10837438423645321,0,0.0,0.050942079553384506,73,0.17600567638874054,0.989585816860199,0.26885158426482403,0.7440915805022157,27.244327545166016,0.1429098966026588,0.22722645103931427,0.8637370753323486,0.22722645103931427,0.8637370753323486,5.8161075955354136e-09,5.940034242257752e-09,3.394539760392945e-08,1.0,0.17417272925376892,0.30964046716690063,68,0.7618906497955322,0.30964046716690063,1.0,0.30964046716690063
GCN,125,1653,4,0,5,-3.917691469192505,-1.3604176044464111,2.5572738647460938,0.7071066498756409,0.027107518166303635,-0.0005282131023705006,0.21705351769924164,0.033741146326065063,0.10837438423645321,0,0.0,0.06489881367759945,93,0.1586320698261261,0.9913220405578613,0.2620464522308475,0.6621122599704579,26.114715576171875,0.0982274741506647,0.217876136302948,0.8419497784342689,0.217876136302948,0.8419497784342689,1.0019836516050873e-08,1.0824591001323824e-08,7.2456359134776e-08,1.0,0.1572664976119995,0.29654461145401,89,0.7374334335327148,0.29654461145401,1.0,0.29654461145401
GCN,125,1661,5,1,4,-0.057311415672302246,2.587484836578369,2.6447962522506714,0.7499998807907104,0.024772167205810547,-0.0009103647316806018,0.16424186527729034,0.042254433035850525,0.10989010989010989,0,0.0,0.04745289602233078,68,0.1275947391986847,0.9887840747833252,0.22866931865633006,0.1329394387001477,19.872034072875977,0.005539143279172821,0.16641922295093536,0.17319054652880356,0.16641922295093536,0.17319054652880356,0.0,7.984003680405749e-09,6.390087747831785e-08,1.0,0.1261809915304184,0.22432181239128113,64,0.8151115775108337,0.22432181239128113,1.0,0.22432181239128113
GCN,125,1668,2,1,2,-1.9584171772003174,3.3511898517608643,5.309607028961182,0.8660253286361694,0.052428293973207474,-0.0004664873122237623,0.2896761894226074,0.04256094992160797,0.10989010989010989,0,0.0,0.039078855547801813,56,0.2600827217102051,0.9879030585289001,0.31427656868107756,0.8685376661742984,34.717891693115234,0.5210487444608567,0.28904247283935547,0.9350073855243722,0.28904247283935547,0.9350073855243722,5.963374238859842e-09,5.377833289799128e-09,6.336758673342047e-08,1.0,0.2569553256034851,0.39560866355895996,52,0.814608633518219,0.39560866355895996,1.0,0.39560866355895996
GCN,125,1675,6,1,4,-1.103803277015686,2.041621685028076,3.145424962043762,0.7499998807907104,0.028180701658129692,0.0,0.18724778294563293,0.03943974897265434,0.10837438423645321,0,0.0,0.044661549197487785,64,0.14548718929290771,0.9888362288475037,0.2422305422651126,0.2692023633677991,22.58723258972168,0.027695716395864108,0.1888255774974823,0.5849335302806499,0.1888255774974823,0.5849335302806499,6.650973549682249e-09,1.5720594603862992e-08,1.238816622617378e-07,1.0,0.1438629925251007,0.2557564973831177,59,0.7861766815185547,0.2557564973831177,1.0,0.2557564973831177
GCN,125,1679,3,0,3,-5.454228401184082,-0.10406827926635742,5.350160121917725,0.8017836213111877,0.04936723783612251,-0.00039515725802630186,0.27205872535705566,0.03915656358003616,0.10837438423645321,0,0.0,0.034891835310537335,50,0.22656431794166565,0.985851526260376,0.30245166006126145,0.8607828655834564,32.695281982421875,0.41654357459379615,0.2719586491584778,0.9165435745937962,0.2719586491584778,0.9165435745937962,6.384826001237798e-09,1.8929933176536906e-08,8.188889211169226e-08,1.0,0.22337381541728973,0.37146151065826416,46,0.6920629739761353,0.3714614808559418,1.0,0.3714614808559418
GCN,125,1684,3,1,2,-5.437427997589111,0.6218417882919312,6.0592697858810425,0.8660253286361694,0.07073012739419937,0.0,0.3137349784374237,0.0544777512550354,0.1883289124668435,0,0.0,0.027913468248429867,40,0.28336602449417114,0.9813919067382812,0.33509752697227047,0.8829394387001477,37.62458801269531,0.6650664697193501,0.31282880902290344,0.9519940915805022,0.31282880902290344,0.9519940915805022,6.8437953082423064e-09,3.05141405476661e-08,6.473194247291758e-08,1.0,0.2780930995941162,0.4281523823738098,35,0.8370825052261353,0.4281524419784546,1.0,0.4281524419784546
GCN,125,1688,4,1,3,-1.8232347965240479,1.7673643827438354,3.5905991792678833,0.8017836213111877,0.042996279895305634,0.0,0.26113638281822205,0.042811207473278046,0.1110269041303524,0,0.0,0.04815073272854152,69,0.2170071303844452,0.9883160591125488,0.2935002147618536,0.8511816838995568,31.382556915283203,0.3434268833087149,0.26101216673851013,0.9069423929098966,0.26101216673851013,0.9069423929098966,7.092741505232425e-09,1.640960611837272e-08,6.892258852531086e-08,1.0,0.21447165310382843,0.35665756464004517,64,0.8338945508003235,0.3566575050354004,1.0,0.3566575050354004
GCN,125,1695,0,1,3,1.8664788007736206,5.224172592163086,3.3576937913894653,0.8017836213111877,0.03938470408320427,0.0,0.23238077759742737,0.04282008856534958,0.1110269041303524,0,0.0,0.0418702023726448,60,0.19322964549064636,0.98763108253479,0.27248310012646015,0.7788035450516987,27.926401138305664,0.17319054652880356,0.2328334003686905,0.8729689807976366,0.2328334003686905,0.8729689807976366,7.153624359546029e-09,5.540745640075784e-09,2.9780485633068565e-08,1.0,0.19083960354328156,0.31735843420028687,55,0.8102842569351196,0.31735843420028687,1.0,0.31735843420028687
GCN,125,1705,1,1,7,-1.411241888999939,2.111631393432617,3.522873282432556,0.6396021246910095,0.022932209074497223,0.0,0.22149328887462616,0.026231056079268456,0.10837438423645321,0,0.0,0.08443824145150035,121,0.14625658094882965,0.9926989674568176,0.2645165653287533,0.6905465288035451,26.625764846801758,0.11816838995568685,0.22213295102119446,0.8519202363367799,0.22213295102119446,0.8519202363367799,7.621426156845246e-09,6.6694143541212725e-09,4.689789534495503e-08,1.0,0.14518874883651733,0.30266472697257996,116,0.6481870412826538,0.30266472697257996,1.0,0.30266472697257996
GCN,125,1707,5,1,1,-2.6784305572509766,1.8886642456054688,4.567094802856445,0.9486831426620483,0.06727758795022964,0.0,0.2726956307888031,0.06388485431671143,0.20500189465706706,0,0.0,0.030006978367062107,43,0.26979827880859375,0.9814287424087524,0.3028938365704029,0.861890694239291,32.753883361816406,0.4191285081240768,0.2723209857940674,0.9165435745937962,0.2723209857940674,0.9165435745937962,8.119082295365843e-09,4.400745545751761e-09,6.214964543005408e-08,1.0,0.26478779315948486,0.3721478581428528,38,0.9826230406761169,0.3721478283405304,1.0,0.3721478283405304
GCN,125,1726,2,0,3,-2.9658052921295166,-0.3282702565193176,2.637535035610199,0.8017836213111877,0.029439043253660202,0.0,0.16683048009872437,0.05034510791301727,0.1612353164077302,0,0.0,0.045359385903698535,65,0.13885046541690826,0.9866095185279846,0.23023506213636738,0.1362629246676514,20.163476943969727,0.00775480059084195,0.16880373656749725,0.21159527326440178,0.16880373656749725,0.21159527326440178,3.251303004603301e-09,1.5189076663091328e-08,1.206682895826816e-07,1.0,0.13699117302894592,0.22781071066856384,60,0.9150107502937317,0.22781069576740265,1.0,0.22781069576740265
GCN,125,1727,2,0,3,-3.6973061561584473,-0.5042756199836731,3.193030536174774,0.8017836213111877,0.041580550372600555,-0.0004188990278635174,0.22068779170513153,0.047481901943683624,0.1330049261083744,0,0.0,0.03977669225401256,57,0.1839613914489746,0.9847673177719116,0.2630575157621417,0.670605612998523,26.559247970581055,0.1155834564254062,0.22126899659633636,0.8511816838995568,0.22126899659633636,0.8511816838995568,6.854678158418892e-09,7.748837127508068e-09,3.848472829304228e-08,1.0,0.18117256462574005,0.3012825548648834,53,0.8082270622253418,0.30128252506256104,1.0000001192092896,0.30128249526023865
GCN,125,1734,2,0,4,-4.346675395965576,-2.3605971336364746,1.9860782623291016,0.7499998807907104,0.04960022494196892,0.0,0.156321719288826,0.0954800471663475,0.2847669571807503,0,0.0,0.03210048848569435,46,0.12551932036876678,0.9526767134666443,0.22521588908908888,0.12629246676514033,18.925914764404297,0.0029542097488921715,0.15855517983436584,0.0723781388478582,0.15855517983436584,0.0723781388478582,6.177695244247161e-09,5.872919484062322e-09,4.698335587249858e-08,1.0,0.11957933753728867,0.21258553862571716,41,0.9027542471885681,0.21258550882339478,1.0,0.21258550882339478
GCN,125,1749,2,0,4,-4.342996120452881,-1.9769012928009033,2.3660948276519775,0.7499998807907104,0.02372104860842228,-0.0526401661336422,0.1568552702665329,0.04547305405139923,0.11974232663887836,0,0.0,0.061409630146545706,88,0.12061502039432526,0.9885213375091553,0.22482543173495817,0.12481536189069424,19.004873275756836,0.0029542097488921715,0.15927430987358093,0.07828655834564253,0.15927430987358093,0.07828655834564253,2.9451006078318187e-09,8.354573921565134e-09,6.855350420664763e-08,1.0,0.12019108980894089,0.21367309987545013,84,0.9020707607269287,0.21367308497428894,1.0,0.21367308497428894
GCN,125,1752,2,0,3,-4.398917198181152,-1.1117148399353027,3.2872023582458496,0.8017836213111877,0.04047592729330063,-0.00028287104214541614,0.18734212219715118,0.05498063564300537,0.18927624100037893,0,0.0,0.03838101884159107,55,0.15682782232761383,0.9800923466682434,0.24125145946318177,0.2536927621861152,22.58033561706543,0.027695716395864108,0.18873588740825653,0.5841949778434269,0.18873588740825653,0.5841949778434269,4.939083586563697e-10,2.9571554094331987e-09,6.268032848311123e-08,1.0,0.15371456742286682,0.2556210160255432,51,0.8161417245864868,0.2556209862232208,1.0,0.2556209862232208
GCN,125,1753,2,0,3,-3.742204189300537,-0.5102896690368652,3.231914520263672,0.8017836213111877,0.03781340271234512,-0.0003027886268682778,0.19315151870250702,0.058635562658309937,0.1964759378552482,0,0.0,0.040474528960223306,58,0.16118364036083221,0.983580470085144,0.24586585255427398,0.32644017725258495,23.310272216796875,0.03692762186115214,0.19444182515144348,0.6717134416543574,0.19444182515144348,0.6717134416543574,3.976908136138491e-09,5.615531151192954e-09,3.8352798270580024e-08,1.0,0.15854589641094208,0.26365533471107483,54,0.9605735540390015,0.26365533471107483,1.0,0.26365533471107483
GCN,125,1760,2,1,2,-2.543405055999756,1.3651169538497925,3.9085220098495483,0.8660253286361694,0.03895721957087517,0.0,0.18569853901863098,0.05879000201821327,0.1964759378552482,0,0.0,0.04326587578506629,62,0.16735434532165527,0.983835756778717,0.24118235646546432,0.2536927621861152,22.423778533935547,0.026587887740029542,0.1871849000453949,0.5590841949778435,0.1871849000453949,0.5590841949778435,4.656612873077393e-10,1.511674341259095e-08,6.212871284105859e-08,1.0,0.16464917361736298,0.2534940242767334,57,0.9707659482955933,0.2534940242767334,1.0,0.2534940242767334
GCN,125,1764,5,1,2,-2.574467182159424,1.4819426536560059,4.05640983581543,0.8660253286361694,0.04298344999551773,0.0,0.21591365337371826,0.052489276975393295,0.1733611216369837,0,0.0,0.041172365666434056,59,0.19430853426456451,0.9854143261909485,0.26082619731686396,0.6388478581979321,26.021329879760742,0.09416543574593796,0.21664908528327942,0.8364106351550961,0.21664908528327942,0.8364106351550961,3.2261959770352178e-09,1.6196484153851998e-08,6.771810490135977e-08,1.0,0.19147440791130066,0.2947941720485687,54,0.913355827331543,0.29479414224624634,1.0,0.29479414224624634
GCN,125,1768,1,1,3,-2.2493629455566406,2.211575984954834,4.460938930511475,0.8017836213111877,0.0384545661509037,-0.0006887938361614943,0.22043828666210175,0.03830130770802498,0.10837438423645321,0,0.0,0.039078855547801813,56,0.18339134752750397,0.9869045615196228,0.26296084572874234,0.6694977843426884,26.509620666503906,0.11447562776957164,0.22112123668193817,0.8511816838995568,0.22112123668193817,0.8511816838995568,3.453436425715495e-09,5.9408895580759236e-09,3.191393815882293e-08,1.0,0.1810101419687271,0.30101245641708374,52,0.6838627457618713,0.30101242661476135,1.0,0.30101242661476135
GCN,125,1771,1,1,3,-2.489509105682373,1.1230581998825073,3.6125673055648804,0.8017836213111877,0.02847922407090664,0.0,0.1667909175157547,0.04922832176089287,0.15270935960591134,0,0.0,0.052337752965806,75,0.13871297240257263,0.9874486923217773,0.22993615405857087,0.1362629246676514,20.168190002441406,0.00775480059084195,0.1687733680009842,0.21048744460856722,0.1687733680009842,0.21048744460856722,3.0888476221235805e-09,2.864621206910556e-09,6.375394434599002e-08,1.0,0.13697195053100586,0.22777873277664185,70,0.9246481657028198,0.22777871787548065,1.0,0.22777871787548065
GCN,125,1777,1,1,5,-2.8373870849609375,0.4628329873085022,3.3002200722694397,0.7071066498756409,0.02049332670867443,0.0,0.17264069616794586,0.03278477489948273,0.10837438423645321,0,0.0,0.06838799720865317,98,0.12609125673770905,0.9921531677246094,0.23340625829641737,0.15805022156573117,20.85771369934082,0.01070901033973412,0.174547016620636,0.32348596750369274,0.174547016620636,0.32348596750369274,3.9786116623474754e-09,8.94354634795036e-09,7.154837078360288e-08,1.0,0.12510183453559875,0.2358943223953247,93,0.7811740636825562,0.2358943074941635,1.0,0.2358943074941635
GCN,125,1779,1,1,6,-2.507139205932617,0.09925878047943115,2.6063979864120483,0.6708203554153442,0.01649351790547371,0.0,0.15003091096878052,0.03128865733742714,0.10837438423645321,0,0.0,0.08094905792044661,116,0.10392065346240997,0.9925186634063721,0.2214453462663599,0.09638109305760709,18.19854164123535,0.001846381093057607,0.1526755541563034,0.03508124076809453,0.1526755541563034,0.03508124076809453,3.453436425715495e-09,8.726734002095782e-09,7.320515038600206e-08,1.0,0.10314320027828217,0.2050090730190277,111,0.7636961936950684,0.20500905811786652,1.0,0.20500905811786652
GCN,125,1781,1,1,5,-2.2771358489990234,0.8521361947059631,3.1292720437049866,0.7071066498756409,0.020358620211482048,0.0,0.1644277274608612,0.032540008425712585,0.10837438423645321,0,0.0,0.06908583391486392,99,0.1201661229133606,0.9914705157279968,0.2289210171541874,0.1329394387001477,19.891075134277344,0.005539143279172821,0.1665939837694168,0.1761447562776957,0.1665939837694168,0.1761447562776957,4.005769937975856e-09,6.4129550558789106e-09,5.330194596808724e-08,1.0,0.11914116889238358,0.22465477883815765,94,0.7433429956436157,0.22465477883815765,1.0,0.22465477883815765
GCN,125,1783,1,1,2,-2.5347907543182373,2.3634591102600098,4.898249864578247,0.8660253286361694,0.05284871533513069,0.0,0.24540263414382935,0.05702630802989006,0.19344448654793484,0,0.0,0.03349616189811584,48,0.22133004665374756,0.9829851984977722,0.28166470153582046,0.8231166912850812,29.488712310791016,0.24187592319054652,0.24563004076480865,0.8888478581979321,0.24563004076480865,0.8888478581979321,0.0,8.803993090111817e-09,3.754281152623662e-08,1.0,0.2175641655921936,0.33496198058128357,43,0.9172983765602112,0.3349619507789612,1.0,0.3349619507789612
GCN,125,1786,1,1,3,-2.2156455516815186,2.7569961547851562,4.972641706466675,0.8017836213111877,0.04280943050980568,-0.1268579214811325,0.23570124804973602,0.26494452357292175,0.8232284956422887,1,0.0,0.040474528960223306,58,0.1907784342765808,0.9852319955825806,0.27442116236071534,0.7913589364844904,28.323305130004883,0.1894387001477105,0.236100971698761,0.8762924667651403,0.236100971698761,0.8762924667651403,3.453436425715495e-09,9.063215067328656e-09,4.457962177184527e-08,1.0,0.19213871657848358,0.3195188045501709,56,0.7213177680969238,0.3195187747478485,1.0,0.3195187747478485
GCN,125,1794,4,1,4,-2.53546404838562,0.45518559217453003,2.99064964056015,0.7499998807907104,0.03236208111047745,-0.0012613986618816853,0.24709756672382355,0.028637096285820007,0.10837438423645321,0,0.0,0.05792044661549198,83,0.19148720800876617,0.991512656211853,0.2833257343988907,0.8268094534711965,29.699880599975586,0.25258493353028066,0.2472352385520935,0.8910635155096012,0.2472352385520935,0.8910635155096012,3.725290298461914e-09,1.6768455068927324e-08,1.2618905032013572e-07,1.0,0.18989337980747223,0.3375883102416992,80,0.6559672355651855,0.3375883102416992,1.0,0.3375883102416992
GCN,125,1803,0,1,4,0.002091526985168457,2.833592176437378,2.8315006494522095,0.7499998807907104,0.03411750867962837,0.0,0.23309288918972015,0.039502792060375214,0.10837438423645321,0,0.0,0.04884856943475227,70,0.18101097643375397,0.9894325137138367,0.27290386171124764,0.7799113737075333,28.035972595214844,0.17725258493353027,0.2335580289363861,0.8737075332348597,0.2335580289363861,0.8737075332348597,6.4523919540704355e-09,1.6330750085558066e-08,1.240565694615725e-07,1.0,0.17909812927246094,0.31839674711227417,65,0.8096562623977661,0.31839674711227417,1.0,0.31839674711227417
GCN,125,1807,3,0,5,-3.7080349922180176,-1.376258134841919,2.3317768573760986,0.7071066498756409,0.027405831962823868,0.0,0.16386844217777252,0.05354410409927368,0.18226600985221675,0,0.0,0.06629448709002093,95,0.12050052732229233,0.9845759272575378,0.22939912248209143,0.1358936484490399,19.816316604614258,0.005539143279172821,0.16605964303016663,0.16838995568685378,0.16605964303016663,0.16838995568685378,3.017829985907383e-09,9.287360214216278e-09,7.527022916065107e-08,1.0,0.1186419129371643,0.22371336817741394,90,0.9055426120758057,0.22371335327625275,1.0,0.22371335327625275
GCN,125,1809,3,1,3,-3.6575000286102295,0.6601974368095398,4.317697465419769,0.8017836213111877,0.030296210199594498,-0.1414465308189392,0.2108420729637146,0.23617659509181976,0.7656309208033346,1,0.0,0.055826936496859735,80,0.17039664089679718,0.9907910227775574,0.2540393480494685,0.5044313146233382,25.383535385131836,0.07496307237813885,0.21178379654884338,0.8190546528803545,0.21178379654884338,0.8190546528803545,4.928095709288982e-09,4.4736667703659805e-09,2.7513451072991302e-08,1.0,0.17212402820587158,0.2862352132797241,76,0.8405635952949524,0.28623518347740173,1.0,0.28623518347740173
GCN,125,1810,3,0,44,-9.248745918273926,-7.77583122253418,1.472914695739746,0.3061861991882324,0.007939252071082592,-0.012251890264451504,0.2419920712709427,0.007699791342020035,0.10837438423645321,0,0.0,0.2882065596650384,413,0.07611686736345291,0.9967761635780334,0.27943788983346207,0.8190546528803545,29.05904197692871,0.22193500738552438,0.24233539402484894,0.8862629246676514,0.24233539402484894,0.8862629246676514,2.064986048821993e-08,2.910988783355606e-08,3.885173782691709e-07,1.0,0.07594630867242813,0.3307195007801056,412,0.2874392867088318,0.3307194709777832,1.0,0.3307194709777832
GCN,125,1817,3,1,2,-3.0578718185424805,0.215384840965271,3.2732566595077515,0.8660253286361694,0.040711306035518646,0.0,0.18844011425971985,0.06057606264948845,0.20083364910951118,0,0.0,0.039078855547801813,56,0.1699715554714203,0.9828785061836243,0.24373849939456102,0.2891432791728213,22.74767303466797,0.029172821270310192,0.19004391133785248,0.6067208271787297,0.19004391133785248,0.6067208271787297,6.969380184074225e-09,1.5361640848254865e-08,6.322884615883595e-08,1.0,0.16706138849258423,0.25720787048339844,51,0.9712923765182495,0.25720787048339844,1.0,0.25720787048339844
GCN,125,1822,3,0,2,-5.328904151916504,-0.6853780746459961,4.643526077270508,0.8660253286361694,0.04931676387786865,0.0,0.24485285580158234,0.05362497270107269,0.18226600985221675,0,0.0,0.039078855547801813,56,0.22041894495487213,0.985076367855072,0.281293455051728,0.8220088626292467,29.447385787963867,0.24076809453471196,0.24515676498413086,0.8884785819793205,0.24515676498413086,0.8884785819793205,6.650973549682249e-09,1.6460010243690704e-08,6.706654431809511e-08,1.0,0.21712946891784668,0.3342927396297455,51,0.92229163646698,0.3342927098274231,1.0,0.3342927098274231
GCN,125,1825,5,0,4,-3.6900570392608643,-0.08283209800720215,3.607224941253662,0.7499998807907104,0.026812797412276268,-0.07786749303340912,0.2039145827293396,0.033413149416446686,0.10837438423645321,0,0.0,0.06071179344033496,87,0.15593618154525757,0.9912666082382202,0.2533322374864978,0.4885524372230428,24.56060791015625,0.057976366322008865,0.2050422877073288,0.7703101920236337,0.2050422877073288,0.7703101920236337,6.035659971814766e-09,1.549745576312489e-08,1.2211251032567816e-07,1.0,0.15618044137954712,0.27765417098999023,84,0.7623330950737,0.27765417098999023,1.0,0.27765417098999023
GCN,125,1829,5,1,5,-2.4670612812042236,0.9029529094696045,3.370014190673828,0.7071066498756409,0.027531038969755173,-0.0006885640323162079,0.22064602375030518,0.023628922179341316,0.10837438423645321,0,0.0,0.0628053035589672,90,0.16125093400478363,0.9913371205329895,0.26398479119567486,0.6850073855243722,26.53246307373047,0.11447562776957164,0.22129878401756287,0.8511816838995568,0.22129878401756287,0.8511816838995568,9.371252218670634e-09,1.637759794448357e-08,1.2605408983290545e-07,1.0,0.15986861288547516,0.3014512062072754,87,0.5356267690658569,0.3014512062072754,1.0,0.3014512062072754
GCN,125,1836,6,1,2,-1.990013599395752,2.3406147956848145,4.330628395080566,0.8660253286361694,0.05269947648048401,-0.0003856551484204829,0.2874155044555664,0.04597548395395279,0.12542629784009093,0,0.0,0.0418702023726448,60,0.2581295073032379,0.9875900745391846,0.3135148497400078,0.8685376661742984,34.4931526184082,0.5066469719350074,0.28691402077674866,0.9327917282127031,0.28691402077674866,0.9327917282127031,8.736580348056577e-09,6.236645866408708e-09,2.4308233648184796e-08,1.0,0.25494179129600525,0.3925085961818695,56,0.86860191822052,0.3925085961818695,1.0,0.3925085961818695
GCN,125,1838,0,1,4,2.359388589859009,5.32228946685791,2.9629008769989014,0.7499998807907104,0.02996130846440792,-0.0025004108902066946,0.1962226778268814,0.03828217089176178,0.10837438423645321,0,0.0,0.05373342637822749,77,0.15242862701416016,0.988502025604248,0.24754806736945048,0.37149187592319055,23.639419555664062,0.03988183161004431,0.19755831360816956,0.7060561299852289,0.19755831360816956,0.7060561299852289,5.350040854779081e-09,3.032810624858939e-08,1.8236868015719665e-07,1.0,0.15073361992835999,0.2679709494113922,75,0.683283805847168,0.2679709494113922,1.0,0.2679709494113922
GCN,125,1841,0,1,5,3.350539207458496,5.690892219543457,2.340353012084961,0.7071066498756409,0.02428826130926609,0.0,0.1701803207397461,0.03657734394073486,0.10837438423645321,0,0.0,0.051639916259595256,74,0.12467843294143677,0.9887073040008545,0.2322028755190242,0.15398818316100443,20.5832576751709,0.008493353028064993,0.17229029536247253,0.2776957163958641,0.17229029536247253,0.2776957163958641,4.538704967416152e-09,9.27366983205502e-09,7.523420464394803e-08,1.0,0.12327047437429428,0.23244106769561768,69,0.7248864769935608,0.2324410378932953,1.0,0.2324410378932953
GCN,125,1845,5,1,2,0.3903224468231201,3.7891693115234375,3.3988468647003174,0.8660253286361694,0.04723455011844635,0.0,0.23566706478595734,0.05223635956645012,0.1733611216369837,0,0.0,0.034193998604326585,49,0.2121225744485855,0.9852191805839539,0.27484349760962384,0.7920974889217134,28.329700469970703,0.19091580502215658,0.23612827062606812,0.8762924667651403,0.23612827062606812,0.8762924667651403,6.71586253275791e-09,1.5479407977636583e-08,1.2150191253113007e-07,1.0,0.20898720622062683,0.32175689935684204,44,0.9028229117393494,0.32175689935684204,1.0,0.32175689935684204
GCN,125,1852,3,1,2,-2.5610523223876953,0.5314933061599731,3.0925456285476685,0.8660253286361694,0.04241049662232399,0.0,0.18247383832931519,0.06593703478574753,0.20670708601743085,0,0.0,0.041172365666434056,59,0.16498030722141266,0.9802521467208862,0.23969389430721577,0.23707533234859676,22.080076217651367,0.024002954209748892,0.18415042757987976,0.5003692762186115,0.18415042757987976,0.5003692762186115,1.0148852869207303e-09,3.915952451194471e-09,6.169089772356529e-08,1.0,0.16172228753566742,0.24898779392242432,54,0.9827594757080078,0.24898777902126312,1.0,0.24898777902126312
GCN,125,1853,3,1,1,-3.1244263648986816,2.438316822052002,5.562743186950684,0.9486831426620483,0.07529958337545395,-0.00134771887678653,0.2551593482494354,0.07880726456642151,0.21883289124668434,0,0.0,0.027913468248429867,40,0.254119336605072,0.9736735224723816,0.2883517316137516,0.8408419497784343,30.62336540222168,0.301698670605613,0.25517043471336365,0.8995568685376661,0.25517043471336365,0.8995568685376661,7.450580596923828e-09,1.660500359434991e-08,6.65129959998012e-08,1.0,0.24750734865665436,0.3478609323501587,36,0.9960211515426636,0.3478609323501587,1.0,0.3478609323501587
GCN,125,1858,3,1,2,-3.7390565872192383,1.3234673738479614,5.0625239610672,0.8660253286361694,0.04219500720500946,0.0,0.22139576077461243,0.05080198496580124,0.16331943918150815,0,0.0,0.04396371249127704,63,0.1990278959274292,0.9866112470626831,0.264657333618641,0.6971935007385525,26.703659057617188,0.11964549483013294,0.22226965427398682,0.8526587887740029,0.22226965427398682,0.8526587887740029,4.374490547576215e-09,1.509094715856918e-08,6.060622581571806e-08,1.0,0.1963631510734558,0.3023208975791931,58,0.9233779311180115,0.3023208975791931,1.0,0.3023208975791931
GCN,125,1862,3,0,4,-6.829675197601318,-2.7359871864318848,4.093688011169434,0.7499998807907104,0.03824695572257042,-0.0009649876155890524,0.23989897966384888,0.0392170324921608,0.10837438423645321,0,0.0,0.050942079553384506,73,0.18658317625522614,0.9874887466430664,0.27821741711767384,0.8083456425406204,28.820035934448242,0.2119645494830133,0.24015337228775024,0.8829394387001477,0.24015337228775024,0.8829394387001477,5.674575476177779e-09,7.1664008061134155e-09,7.036725691023094e-08,1.0,0.18427717685699463,0.32760393619537354,69,0.7139639854431152,0.32760387659072876,1.0000001192092896,0.32760384678840637
GCN,125,1866,3,1,2,-4.608301639556885,0.01137995719909668,4.6196815967559814,0.8660253286361694,0.050968583673238754,-0.000983250793069601,0.22908462584018707,0.06134919449687004,0.20215990905646078,0,0.0,0.03698534542916958,53,0.20677079260349274,0.9818568825721741,0.2696126731951589,0.7511078286558346,27.530242919921875,0.15657311669128507,0.2295246720314026,0.8677991137370753,0.2295246720314026,0.8677991137370753,1.2492834322586077e-08,3.925889835443286e-09,2.4236763707108366e-08,1.0,0.20305787026882172,0.3126280903816223,49,0.9353762865066528,0.3126280605792999,1.0,0.3126280605792999
GCN,125,1870,3,0,4,-4.362709045410156,-1.8175207376480103,2.545188307762146,0.7499998807907104,0.035886626690626144,0.0,0.15187397599220276,0.07472702860832214,0.21485411140583555,0,0.0,0.04954640614096301,71,0.11969640105962753,0.9730396270751953,0.22244135206916718,0.10081240768094535,18.431833267211914,0.001846381093057607,0.15444548428058624,0.04579025110782865,0.15444548428058624,0.04579025110782865,5.578225881208709e-09,4.769655337355516e-09,3.815724269884413e-08,1.0,0.11646933853626251,0.20705664157867432,66,0.9487452507019043,0.20705661177635193,1.0,0.20705661177635193
GCN,125,1872,3,1,1,-2.7824771404266357,2.935804605484009,5.7182817459106445,0.9486831426620483,0.06322353333234787,0.0,0.25490492582321167,0.06499270349740982,0.20651762031072377,0,0.0,0.03279832519190509,47,0.25224071741104126,0.9812349081039429,0.28910037385417603,0.843426883308715,30.695470809936523,0.3050221565731167,0.255109965801239,0.8995568685376661,0.255109965801239,0.8995568685376661,0.0,2.9821414671005186e-08,1.1930838184071035e-07,1.0,0.24750736355781555,0.3478609621524811,42,0.9943636655807495,0.34786099195480347,1.0,0.34786099195480347
GCN,125,1878,5,1,3,-1.6743788719177246,2.079914093017578,3.7542929649353027,0.8017836213111877,0.03861081600189209,0.0,0.22637905180454254,0.04973725974559784,0.15289882531261842,0,0.0,0.04675505931612003,67,0.18826523423194885,0.9874761700630188,0.26808836244255957,0.7367060561299852,27.23827362060547,0.1429098966026588,0.22701483964920044,0.8629985228951256,0.22701483964920044,0.8629985228951256,2.133928145298114e-09,4.267856290596228e-09,2.351013073109698e-08,1.0,0.18590745329856873,0.30915647745132446,62,0.9352470636367798,0.3091564476490021,1.0,0.3091564476490021
GCN,125,1879,5,1,4,-0.23287463188171387,2.726104259490967,2.9589788913726807,0.7499998807907104,0.02803422138094902,-0.0003234687028452754,0.19748935103416443,0.03926093131303787,0.10837438423645321,0,0.0,0.0628053035589672,90,0.1532682627439499,0.99005126953125,0.2487479537371715,0.39438700147710487,23.807783126831055,0.04283604135893648,0.19876958429813385,0.7149187592319055,0.19876958429813385,0.7149187592319055,4.514753904061308e-09,1.6329115837265817e-08,7.391557232949708e-08,1.0,0.15175040066242218,0.2697785496711731,86,0.829730212688446,0.2697785496711731,1.0,0.2697785496711731
GCN,125,1881,5,0,5,-4.697193622589111,-1.5923422574996948,3.1048513650894165,0.7071066498756409,0.03032173030078411,-0.00022762620938010514,0.19046422839164734,0.04277043044567108,0.11083743842364532,0,0.0,0.05512909979064899,79,0.1398717314004898,0.9859967231750488,0.24478787645828104,0.3072378138847858,22.941728591918945,0.03323485967503693,0.1916879266500473,0.6318316100443131,0.1916879266500473,0.6318316100443131,8.303929988073833e-09,1.1338285865747366e-08,1.0480690093572775e-07,1.0,0.1379183828830719,0.26006144285202026,75,0.7598851323127747,0.2600614130496979,1.0,0.2600614130496979
GCN,125,1891,4,1,3,-1.9595413208007812,0.7921466827392578,2.751688003540039,0.8017836213111877,0.03477390855550766,0.0,0.181479349732399,0.05508973449468613,0.1896551724137931,0,0.0,0.045359385903698535,65,0.15136201679706573,0.9842588901519775,0.23890872322833187,0.22636632200886264,21.899429321289062,0.021048744460856722,0.18319891393184662,0.48670605612998524,0.18319891393184662,0.48670605612998524,3.2261959770352178e-09,4.350024784827156e-09,6.701802846009741e-08,1.0,0.14897941052913666,0.24774666130542755,60,0.9220651388168335,0.24774666130542755,1.0,0.24774666130542755
GCN,125,1899,5,1,5,-2.0425093173980713,1.182868480682373,3.2253777980804443,0.7071066498756409,0.03274163976311684,-0.000540827983058989,0.23483224213123322,0.026829548180103302,0.10837438423645321,0,0.0,0.061409630146545706,88,0.1719476878643036,0.9892134070396423,0.2742119720360347,0.7898818316100443,28.211727142333984,0.18463810930576072,0.23511260747909546,0.8755539143279173,0.23511260747909546,0.8755539143279173,8.407733176341026e-09,1.7739722579790396e-08,1.309353052647566e-07,1.0,0.17010660469532013,0.32075613737106323,85,0.5442715883255005,0.32075610756874084,1.0,0.32075610756874084
GCN,125,1901,5,0,6,-4.396320343017578,-1.6353131532669067,2.7610071897506714,0.6708203554153442,0.02412213571369648,-0.00015244641690514982,0.21842844784259796,0.027809180319309235,0.10837438423645321,0,0.0,0.0732728541521284,105,0.15130239725112915,0.9924506545066833,0.2629425275334205,0.6694977843426884,26.27332305908203,0.10524372230428361,0.219227597117424,0.8474889217134417,0.219227597117424,0.8474889217134417,5.722141871444819e-09,1.727257448180808e-08,1.3253524855372234e-07,1.0,0.15016300976276398,0.29846638441085815,101,0.6756904125213623,0.29846638441085815,1.0,0.29846638441085815
GCN,125,1904,5,0,3,-3.6001880168914795,-0.5666592121124268,3.0335288047790527,0.8017836213111877,0.03409658744931221,-0.0006328032468445599,0.21840454638004303,0.0413946695625782,0.10913224706328155,0,0.0,0.04884856943475227,70,0.1812853068113327,0.9894775152206421,0.26223287330737977,0.6632200886262924,26.265064239501953,0.10524372230428361,0.21901962161064148,0.8471196454948301,0.21901962161064148,0.8471196454948301,5.164433325433038e-09,4.503859063476057e-09,2.633766449378072e-08,1.0,0.17939433455467224,0.29832541942596436,66,0.8503786325454712,0.29832538962364197,1.0,0.29832538962364197
GCN,125,1906,4,1,5,-1.535916805267334,0.5307823419570923,2.0666991472244263,0.7071066498756409,0.022715983912348747,-0.0002679564349818975,0.1859721541404724,0.029020408168435097,0.10837438423645321,0,0.0,0.06769016050244243,97,0.13587744534015656,0.9916956424713135,0.24234796407246584,0.27474150664697194,22.431570053100586,0.026587887740029542,0.18746913969516754,0.5638847858197932,0.18746913969516754,0.5638847858197932,4.490674943014028e-09,3.5008169696482128e-09,2.461846904111553e-08,1.0,0.1347537487745285,0.2540941536426544,93,0.6719931364059448,0.25409412384033203,1.0,0.25409412384033203
GCN,125,1909,0,1,6,-0.045345306396484375,2.5609042644500732,2.6062495708465576,0.6708203554153442,0.02229304611682892,0.0,0.17534658312797546,0.02433619648218155,0.10837438423645321,0,0.0,0.06838799720865317,98,0.12172708660364151,0.9900261163711548,0.2351632532236548,0.1827917282127031,21.167573928833008,0.014032496307237814,0.17712852358818054,0.3766617429837518,0.17712852358818054,0.3766617429837518,7.594706197266987e-09,1.8894484199449835e-08,1.515713137223429e-07,1.0,0.12051300704479218,0.23953357338905334,93,0.5136258006095886,0.23953357338905334,1.0,0.23953357338905334
GCN,125,1911,5,1,4,-0.15764331817626953,3.0113632678985596,3.169006586074829,0.7499998807907104,0.03258530795574188,0.0,0.22759085893630981,0.033785104751586914,0.10837438423645321,0,0.0,0.05512909979064899,79,0.1766670197248459,0.9898827075958252,0.2684928961671872,0.7378138847858198,27.36508560180664,0.14881831610044313,0.22814799845218658,0.8648449039881831,0.22814799845218658,0.8648449039881831,6.699699461876207e-09,5.276388659325448e-09,3.077594712408427e-08,1.0,0.17487964034080505,0.31089720129966736,74,0.7079123258590698,0.31089717149734497,1.0,0.31089717149734497
GCN,125,1913,0,1,4,1.8659796714782715,4.214575290679932,2.34859561920166,0.7499998807907104,0.026215925812721252,0.0,0.22118084132671356,0.027659330517053604,0.10837438423645321,0,0.0,0.06769016050244243,97,0.17120715975761414,0.9930381178855896,0.2643850360029613,0.6905465288035451,26.59195899963379,0.11742983751846381,0.22165818512439728,0.8515509601181684,0.22165818512439728,0.8515509601181684,5.64584290430048e-09,1.6312794670625408e-08,7.091671250236686e-08,1.0,0.17001523077487946,0.30224937200546265,92,0.7000759840011597,0.30224934220314026,1.0,0.30224934220314026
GCN,125,1916,6,1,3,-0.3720037341117859,3.3042311668395996,3.6762349009513855,0.8017836213111877,0.0381162203848362,0.0,0.2240227907896042,0.04102206230163574,0.10894278135657447,0,0.0,0.03838101884159107,55,0.18629571795463562,0.9875359535217285,0.2666705534820615,0.7267355982274741,26.935861587524414,0.12666174298375185,0.22475680708885193,0.8585672082717873,0.22475680708885193,0.8585672082717873,5.26835597369768e-09,5.4956168504816105e-09,2.9634502851649813e-08,1.0,0.18397371470928192,0.30594074726104736,50,0.7732448577880859,0.30594074726104736,1.0,0.30594074726104736
GCN,125,1918,6,1,2,-0.1854938268661499,3.917328357696533,4.102822184562683,0.8660253286361694,0.09712883830070496,0.0,0.23151783645153046,0.11587414145469666,0.3901098901098901,1,0.0,0.01465457083042568,21,0.21738301217556,0.939072847366333,0.2688343326081373,0.7440915805022157,27.741621017456055,0.16691285081240767,0.23145757615566254,0.870384047267356,0.23145757615566254,0.870384047267356,1.2633074142343048e-08,1.6778756162239006e-08,7.098395116145184e-08,1.0,0.20413848757743835,0.3142918050289154,16,0.9567828178405762,0.314291775226593,1.0,0.314291775226593
GCN,125,1920,0,1,6,0.014932751655578613,2.52034854888916,2.5054157972335815,0.6708203554153442,0.023431697860360146,-0.08731811493635178,0.22368526458740234,0.24092404544353485,0.7762410003789314,1,0.0,0.0718771807397069,103,0.1527523547410965,0.9930666089057922,0.26639775461204296,0.7215657311669128,26.891000747680664,0.1240768094534712,0.22433961927890778,0.8574593796159528,0.22433961927890778,0.8574593796159528,7.000424240288794e-09,6.288418674671448e-09,7.181910177678219e-08,1.0,0.15326720476150513,0.3046363592147827,100,0.6054542064666748,0.3046363592147827,1.0,0.3046363592147827
GCN,125,1925,0,1,3,0.8524987697601318,4.096785545349121,3.2442867755889893,0.8017836213111877,0.033570628613233566,-0.032433606684207916,0.22524206340312958,0.03603973239660263,0.10837438423645321,0,0.0,0.055826936496859735,80,0.1857215166091919,0.9902953505516052,0.2679175987024741,0.7367060561299852,27.108421325683594,0.13737075332348597,0.22589194774627686,0.8615214180206795,0.22589194774627686,0.8615214180206795,2.63417798684884e-09,3.0017790919600884e-08,1.207868223218611e-07,1.0,0.18475672602653503,0.30724287033081055,77,0.7755123376846313,0.30724287033081055,1.0,0.30724287033081055
GCN,125,1931,3,0,3,-3.2792251110076904,-0.09499859809875488,3.1842265129089355,0.8017836213111877,0.02676834538578987,0.0,0.16832701861858368,0.04419542849063873,0.11405835543766578,0,0.0,0.05024424284717376,72,0.13978451490402222,0.9890899658203125,0.2314888313680743,0.15140324963072377,20.369884490966797,0.00775480059084195,0.17026644945144653,0.23855243722304284,0.17026644945144653,0.23855243722304284,4.794276531328023e-09,1.559856777078039e-08,6.87918983999225e-08,1.0,0.13825947046279907,0.22991982102394104,67,0.8913059234619141,0.22991982102394104,1.0,0.22991982102394104
GCN,125,1932,3,1,3,-3.359548568725586,0.6221402883529663,3.9816888570785522,0.8017836213111877,0.037597812712192535,0.0,0.20771344006061554,0.04910973459482193,0.14967790829859795,0,0.0,0.04256803907885555,61,0.17298337817192078,0.9859229326248169,0.2558345928275038,0.5398818316100443,25.012908935546875,0.06646971935007386,0.20866042375564575,0.7991137370753324,0.20866042375564575,0.7991137370753324,7.229007170650448e-09,1.611185496130929e-08,6.896662085864591e-08,1.0,0.17054829001426697,0.2836148142814636,56,0.8701351881027222,0.28361478447914124,1.0,0.28361478447914124
GCN,125,1936,3,0,5,-4.066234588623047,-1.8713726997375488,2.194861888885498,0.7071066498756409,0.024816513061523438,0.0,0.17280487716197968,0.039856038987636566,0.10837438423645321,0,0.0,0.05931612002791347,85,0.12661702930927277,0.9885682463645935,0.23428037640674712,0.16617429837518463,20.883007049560547,0.011078286558345642,0.17466402053833008,0.32680945347119644,0.17466402053833008,0.32680945347119644,9.726080385519253e-09,7.180334549161671e-09,5.744267639329337e-08,1.0,0.125169575214386,0.23602205514907837,80,0.7849721908569336,0.23602205514907837,1.0,0.23602205514907837
GCN,125,1938,3,1,1,-3.5913970470428467,4.031184673309326,7.622581720352173,0.9486831426620483,0.09287750720977783,0.0,0.3477444648742676,0.0660393089056015,0.20689655172413793,0,0.0,0.024424284717376135,35,0.3450160026550293,0.9783226847648621,0.3636021171233311,0.8980797636632201,41.81047058105469,0.8153618906942393,0.3463084101676941,0.9756277695716395,0.3463084101676941,0.9756277695716395,0.0,3.1137126654812164e-08,6.609110414501629e-08,1.0,0.3375369906425476,0.474393755197525,30,0.9382820129394531,0.47439372539520264,1.0000001192092896,0.47439366579055786
GCN,125,1942,3,1,3,-3.5160036087036133,1.0716947317123413,4.587698340415955,0.8017836213111877,0.03432358801364899,-0.0016871411353349686,0.21906352043151855,0.040991827845573425,0.10894278135657447,0,0.0,0.04954640614096301,71,0.1818077564239502,0.9893977642059326,0.2636352231018215,0.6846381093057607,26.36041259765625,0.10745937961595273,0.21970823407173157,0.8482274741506647,0.21970823407173157,0.8482274741506647,4.928095709288982e-09,4.35066382920013e-09,2.623868056161882e-08,1.0,0.17992474138736725,0.299207478761673,68,0.8177613019943237,0.2992074489593506,1.0,0.2992074489593506
GCN,125,1947,3,0,4,-5.625657081604004,-2.871927261352539,2.753729820251465,0.7499998807907104,0.028092721477150917,-0.00035896262852475047,0.19305330514907837,0.03836847096681595,0.10837438423645321,0,0.0,0.05373342637822749,77,0.14989130198955536,0.9895519018173218,0.24641635730117878,0.34379615952732645,23.27840232849121,0.0361890694239291,0.19449922442436218,0.6724519940915805,0.19449922442436218,0.6724519940915805,5.430496941016827e-09,1.5755793114635708e-08,6.881711556161463e-08,1.0,0.14833298325538635,0.2637031376361847,73,0.7910047173500061,0.2637031376361847,1.0,0.2637031376361847
GCN,125,1959,5,0,5,-5.251151084899902,-1.9641395807266235,3.287011504173279,0.7071066498756409,0.02964317798614502,-0.00022179115330800414,0.23004597425460815,0.030395247042179108,0.10837438423645321,0,0.0,0.0628053035589672,90,0.1682196408510208,0.9907692670822144,0.27081794725631764,0.7647710487444609,27.643268585205078,0.16100443131462333,0.23050855100154877,0.8692762186115214,0.23050855100154877,0.8692762186115214,7.2738619572021435e-09,9.02463970220424e-09,8.059707568008889e-08,1.0,0.16667191684246063,0.31427961587905884,86,0.6671761274337769,0.31427958607673645,1.0,0.31427958607673645
GCN,125,1961,5,1,3,-3.8542590141296387,0.8658638596534729,4.720122873783112,0.8017836213111877,0.03412124142050743,0.0,0.240464985370636,0.0331047847867012,0.10837438423645321,0,0.0,0.05512909979064899,79,0.19929741322994232,0.991288959980011,0.278484724237959,0.8124076809453471,28.88333511352539,0.21565731166912852,0.24075078964233398,0.8833087149187593,0.24075078964233398,0.8833087149187593,5.8161075955354136e-09,1.5781040474394104e-08,6.576878774922079e-08,1.0,0.1975613236427307,0.32853639125823975,74,0.7482297420501709,0.32853639125823975,1.0,0.32853639125823975
GCN,125,1962,5,1,3,-3.0479304790496826,1.404144048690796,4.4520745277404785,0.8017836213111877,0.0409243181347847,0.0,0.25503236055374146,0.0414736345410347,0.10913224706328155,0,0.0,0.0418702023726448,60,0.21182481944561005,0.9888939261436462,0.2884773182068097,0.8408419497784343,30.642866134643555,0.30280649926144754,0.25503095984458923,0.8995568685376661,0.25503095984458923,0.8995568685376661,6.2475016271434924e-09,8.045301314041353e-09,3.6416974324993134e-08,1.0,0.20947229862213135,0.3483438491821289,55,0.8289018869400024,0.34834378957748413,1.0,0.34834378957748413
GCN,125,1969,4,0,3,-3.092481851577759,-0.2960350513458252,2.7964468002319336,0.8017836213111877,0.042418550699949265,0.0,0.2062690258026123,0.052793487906455994,0.17904509283819628,0,0.0,0.03838101884159107,55,0.17239996790885925,0.9819236993789673,0.2552279623748073,0.5199409158050221,24.85407066345215,0.0638847858197932,0.20732910931110382,0.7909896602658789,0.20732910931110382,0.7909896602658789,1.1127259114118715e-08,1.8604884743922412e-08,8.70711929223944e-08,1.0,0.16928362846374512,0.28151172399520874,50,0.8233335018157959,0.28151172399520874,1.0,0.28151172399520874
GCN,125,1972,6,1,3,-1.0913825035095215,2.0768303871154785,3.168212890625,0.8017836213111877,0.03172735869884491,0.0,0.2223600596189499,0.035418473184108734,0.10837438423645321,0,0.0,0.05443126308443824,78,0.18430785834789276,0.9911931753158569,0.26507449605466277,0.7056868537666174,26.745981216430664,0.1207533234859675,0.22303953766822815,0.8552437223042836,0.22303953766822815,0.8552437223042836,2.464047854644491e-09,1.529256010712743e-08,6.277279851474304e-08,1.0,0.18268467485904694,0.3037971258163452,73,0.7961041331291199,0.3037971258163452,1.0,0.3037971258163452
GCN,125,1977,3,1,2,0.3289140462875366,3.543877124786377,3.2149630784988403,0.8660253286361694,0.04147058352828026,0.0,0.22427649796009064,0.04931080341339111,0.15270935960591134,0,0.0,0.044661549197487785,64,0.20147763192653656,0.987384557723999,0.266762094757972,0.7267355982274741,26.960966110229492,0.129615952732644,0.22478775680065155,0.8593057607090103,0.22478775680065155,0.8593057607090103,3.6069969233665233e-09,1.5254071783488143e-08,6.254612827660821e-08,1.0,0.19893589615821838,0.3062818944454193,59,0.9237966537475586,0.3062818944454193,1.0,0.3062818944454193
GCN,125,1983,0,1,4,0.2278766632080078,2.5845272541046143,2.3566505908966064,0.7499998807907104,0.02255108952522278,-0.0007830297108739614,0.17782406508922577,0.03555334359407425,0.10837438423645321,0,0.0,0.06559665038381018,94,0.13775131106376648,0.992038369178772,0.23689549492064357,0.1986706056129985,21.4738712310791,0.017355982274741506,0.17962807416915894,0.4224519940915805,0.17962807416915894,0.4224519940915805,3.6666205627255977e-09,1.5211032433626315e-08,1.2162053053543787e-07,1.0,0.1366681605577469,0.2429656684398651,90,0.8155556917190552,0.24296563863754272,1.0,0.24296563863754272
GCN,125,1996,3,0,5,-8.607665061950684,-5.617300510406494,2.9903645515441895,0.7071066498756409,0.035515155643224716,-0.00028542071231640875,0.21407122910022736,0.04177924990653992,0.10989010989010989,0,0.0,0.04396371249127704,63,0.15737268328666687,0.984815239906311,0.25997782766270067,0.6225997045790251,25.729713439941406,0.08567208271787297,0.21483372151851654,0.8323485967503693,0.21483372151851654,0.8323485967503693,9.856191418577964e-09,7.371030008584967e-09,7.792421286012541e-08,1.0,0.1549908071756363,0.2922535240650177,59,0.7122789621353149,0.2922535240650177,1.0,0.2922535240650177
GCN,125,2004,3,0,4,-5.871198654174805,-2.850579023361206,3.0206196308135986,0.7499998807907104,0.029339486733078957,0.0,0.18052734434604645,0.040775030851364136,0.10837438423645321,0,0.0,0.04815073272854152,69,0.14049534499645233,0.9870120286941528,0.2387506364394488,0.22636632200886264,21.784095764160156,0.019571639586410634,0.18225716054439545,0.47156573116691286,0.18225716054439545,0.47156573116691286,5.036897121613038e-09,1.7651899497650447e-08,1.3625108863379864e-07,1.0,0.13867057859897614,0.24652552604675293,64,0.7526723146438599,0.24652552604675293,1.0,0.24652552604675293
GCN,125,2006,3,0,3,-6.539237022399902,-1.5930705070495605,4.946166515350342,0.8017836213111877,0.043684832751750946,0.0,0.24613262712955475,0.043108269572257996,0.1110269041303524,0,0.0,0.03558967201674808,51,0.20488062500953674,0.9864561557769775,0.28202530175696666,0.8231166912850812,29.556795120239258,0.24556868537666174,0.2462916523218155,0.8899556868537666,0.2462916523218155,0.8899556868537666,5.7410578513383825e-09,5.690078186404435e-09,2.9835046433390744e-08,1.0,0.20210576057434082,0.33609360456466675,46,0.7789621353149414,0.33609357476234436,1.0,0.33609357476234436
GCN,125,2010,0,1,4,-0.1992405652999878,2.1939542293548584,2.393194794654846,0.7499998807907104,0.028498560190200806,-0.0003300841781310737,0.19820727407932281,0.03889865800738335,0.10837438423645321,0,0.0,0.0628053035589672,90,0.1538601964712143,0.9897966384887695,0.2495527364381508,0.4102658788774003,23.877578735351562,0.043205317577548,0.19939756393432617,0.7208271787296898,0.19939756393432617,0.7208271787296898,3.2261959770352178e-09,6.042953248908134e-09,4.085630678218877e-08,1.0,0.15229754149913788,0.2707512378692627,86,0.8116194605827332,0.2707512378692627,1.0,0.2707512378692627
GCN,125,2011,3,1,3,-2.0557923316955566,0.6737855672836304,2.729577898979187,0.8017836213111877,0.028305912390351295,-0.0008483136189170182,0.18561844527721405,0.04056129977107048,0.10837438423645321,0,0.0,0.05512909979064899,79,0.15399989485740662,0.9899532198905945,0.2413399077429073,0.2536927621861152,22.393051147460938,0.026587887740029542,0.18720972537994385,0.5594534711964549,0.18720972537994385,0.5594534711964549,4.293184918680026e-09,5.656934032316485e-09,3.8419173620241054e-08,1.0,0.1524711549282074,0.25355327129364014,76,0.8530471324920654,0.25355327129364014,1.0,0.25355327129364014
GCN,125,2014,3,1,2,0.25970935821533203,3.585308074951172,3.32559871673584,0.8660253286361694,0.04926475137472153,0.0,0.19425846636295319,0.07143861800432205,0.21106479727169383,0,0.0,0.03558967201674808,51,0.1762160360813141,0.9765996336936951,0.2466530876889724,0.3467503692762186,23.42444610595703,0.03840472673559823,0.19534604251384735,0.6816838995568686,0.19534604251384735,0.6816838995568686,7.138452495780712e-09,6.727707724252241e-09,6.760272697192704e-08,1.0,0.1720925122499466,0.2649537920951843,46,0.9758145809173584,0.26495376229286194,1.0,0.26495376229286194
GCN,125,2015,6,1,3,0.25144731998443604,2.9412755966186523,2.6898282766342163,0.8017836213111877,0.027811937034130096,0.0,0.17960965633392334,0.04234936833381653,0.10989010989010989,0,0.0,0.05373342637822749,77,0.149079367518425,0.9896483421325684,0.2375493456373233,0.21307237813884786,21.68354606628418,0.01883308714918759,0.1813308149576187,0.4538404726735598,0.1813308149576187,0.4538404726735598,3.1496745211967436e-09,3.9289091979810564e-09,2.8606919499907235e-08,1.0,0.14753615856170654,0.24534659087657928,72,0.8771272897720337,0.2453465759754181,1.0000001192092896,0.2453465461730957
GCN,125,2019,0,1,2,0.2929040193557739,3.186798095703125,2.893894076347351,0.8660253286361694,0.0535748191177845,-0.0002178770228056237,0.22538895905017853,0.06543360650539398,0.20670708601743085,0,0.0,0.03628750872295883,52,0.20393216609954834,0.9793659448623657,0.26757117770566724,0.7333825701624815,27.10666847229004,0.13737075332348597,0.2258719950914383,0.8615214180206795,0.2258719950914383,0.8615214180206795,7.984428229690366e-09,1.762836987495575e-08,7.546155700310919e-08,1.0,0.1997331976890564,0.3075094223022461,48,0.9535938501358032,0.3075094223022461,1.0,0.3075094223022461
GCN,125,2038,3,1,2,-1.977356195449829,1.872357726097107,3.849713921546936,0.8660253286361694,0.05329085513949394,-0.0005060115363448858,0.26443472504615784,0.05256568640470505,0.1733611216369837,0,0.0,0.03838101884159107,55,0.23802298307418823,0.9850565195083618,0.29555707068406495,0.8552437223042836,31.75787353515625,0.36669128508124077,0.26430341601371765,0.9098966026587888,0.26430341601371765,0.9098966026587888,3.725290298461914e-09,2.727698289461955e-09,1.088094059298328e-08,1.0,0.23448683321475983,0.3610161542892456,51,0.9035636782646179,0.3610161244869232,1.0,0.3610161244869232
GCN,125,2043,4,1,2,-2.0376713275909424,1.760725498199463,3.7983968257904053,0.8660253286361694,0.05481059476733208,0.0,0.2582683861255646,0.056398890912532806,0.19306555513452064,0,0.0,0.03977669225401256,57,0.2328328937292099,0.9834660291671753,0.29008162471962456,0.8441654357459379,30.98644256591797,0.31979320531757754,0.25815585255622864,0.9036189069423929,0.25815585255622864,0.9036189069423929,3.783050317451853e-09,3.0170497211656766e-08,1.2068265675679868e-07,1.0,0.22898322343826294,0.35254278779029846,52,0.9205934405326843,0.35254281759262085,1.0,0.35254281759262085
GCN,125,2045,1,0,32,-1.9946565628051758,-0.571514904499054,1.4231416583061218,0.35355332493782043,0.008514120243489742,-0.057152219116687775,0.1973043829202652,0.013607185333967209,0.10837438423645321,0,0.0,0.22609909281228194,324,0.07131814956665039,0.9957877993583679,0.24838015926255305,0.3895864106351551,23.760025024414062,0.04098966026587888,0.19852174818515778,0.7134416543574594,0.19852174818515778,0.7134416543574594,1.404337446331283e-08,1.4291897443285961e-08,2.0865199701347592e-07,1.0,0.07139208912849426,0.2692364752292633,323,0.44594383239746094,0.2692364454269409,1.0,0.2692364454269409
GCN,125,2051,0,1,3,1.2206742763519287,4.211602210998535,2.9909279346466064,0.8017836213111877,0.03236551210284233,-0.03397081792354584,0.2160038948059082,0.03726053610444069,0.10837438423645321,0,0.0,0.051639916259595256,74,0.1780642867088318,0.9901875853538513,0.2609254000479495,0.6392171344165436,25.992061614990234,0.0930576070901034,0.21680010855197906,0.837149187592319,0.21680010855197906,0.837149187592319,2.7939677238464355e-09,4.472530790167184e-09,6.390936135858283e-08,1.0,0.17716284096240997,0.2946145534515381,72,0.7975269556045532,0.2946145236492157,1.0,0.2946145236492157
GCN,125,2054,0,1,9,3.840449094772339,5.2423996925354,1.4019505977630615,0.588348388671875,0.016404269263148308,-0.02173343114554882,0.16459921002388,0.025813322514295578,0.10837438423645321,0,0.0,0.08234473133286811,118,0.09967697411775589,0.991957426071167,0.2293257332859232,0.1358936484490399,19.905061721801758,0.005539143279172821,0.1667320728302002,0.17872968980797638,0.1667320728302002,0.17872968980797638,9.913774690062382e-09,1.0073271106136872e-08,9.055555949544214e-08,1.0,0.09914957731962204,0.2246958464384079,116,0.6095499396324158,0.2246958315372467,1.0,0.2246958315372467
GCN,125,2055,0,1,4,1.4089903831481934,4.066177845001221,2.6571874618530273,0.7499998807907104,0.027869440615177155,-0.02998439595103264,0.19671688973903656,0.037468768656253815,0.10837438423645321,0,0.0,0.05931612002791347,85,0.15182287991046906,0.989988386631012,0.24844620317533544,0.3895864106351551,23.691831588745117,0.04062038404726736,0.1979069858789444,0.7086410635155096,0.1979069858789444,0.7086410635155096,5.963374238859842e-09,1.626299983570334e-08,1.268796694375851e-07,1.0,0.15094570815563202,0.26834797859191895,82,0.7934216856956482,0.26834797859191895,1.0,0.26834797859191895
GCN,125,2058,5,1,3,-3.778024911880493,1.3498514890670776,5.127876400947571,0.8017836213111877,0.05248594656586647,0.0,0.2967633306980133,0.03540828078985214,0.10837438423645321,0,0.0,0.039078855547801813,56,0.24700486660003662,0.9865495562553406,0.3214555905922066,0.8733382570162481,35.58654022216797,0.5638847858197932,0.29610803723335266,0.939807976366322,0.29610803723335266,0.939807976366322,1.0618711243637335e-08,1.680095351730415e-08,6.72038140692166e-08,1.0,0.24368254840373993,0.40523409843444824,51,0.6420801877975464,0.40523406863212585,1.0,0.40523406863212585
GCN,125,2059,0,1,6,1.7334825992584229,3.784817934036255,2.051335334777832,0.6708203554153442,0.024539889767766,-0.047553882002830505,0.22359298169612885,0.026660554111003876,0.10837438423645321,0,0.0,0.07466852756454989,107,0.15368062257766724,0.992443859577179,0.2658620786123045,0.7134416543574594,26.885269165039062,0.1240768094534712,0.22421489655971527,0.8570901033973413,0.22421489655971527,0.8570901033973413,8.661801054188345e-09,8.652261129782346e-09,5.757276255735633e-08,1.0,0.15341711044311523,0.3049342930316925,105,0.6266746520996094,0.3049342930316925,1.0,0.3049342930316925
GCN,125,2071,2,1,8,0.9898718595504761,3.061176061630249,2.071304202079773,0.6123723983764648,0.02076598070561886,-0.04011921212077141,0.22739462554454803,0.023786909878253937,0.10837438423645321,0,0.0,0.09909281228192603,142,0.1427697092294693,0.9937305450439453,0.2686943523325607,0.741506646971935,27.323667526245117,0.14734121122599705,0.22795222699642181,0.8644756277695717,0.22795222699642181,0.8644756277695717,8.14574541152524e-09,7.753440556257374e-09,5.549385306835575e-08,1.0,0.14251551032066345,0.3103024959564209,139,0.6380304098129272,0.3103024959564209,1.0,0.3103024959564209
GCN,125,2072,0,1,3,2.6666083335876465,5.541516304016113,2.874907970428467,0.8017836213111877,0.03359357640147209,-0.0007382450858131051,0.1985042840242386,0.046580322086811066,0.12788935202728305,0,0.0,0.045359385903698535,65,0.16503016650676727,0.9876631498336792,0.24916433948181735,0.4054652880354505,23.91791534423828,0.044682422451994094,0.19968301057815552,0.7226735598227474,0.19968301057815552,0.7226735598227474,2.9451006078318187e-09,3.993486874520613e-09,2.6819018117407722e-08,1.0,0.16301329433918,0.27108442783355713,62,0.88274085521698,0.27108442783355713,1.0,0.27108442783355713
GCN,125,2075,3,0,8,-3.7825028896331787,-0.964374303817749,2.8181285858154297,0.6123723983764648,0.019943196326494217,-0.00019021210027858615,0.21403810381889343,0.026031216606497765,0.10837438423645321,0,0.0,0.08583391486392185,123,0.13521096110343933,0.993541955947876,0.2596144559020361,0.6222304283604135,25.745088577270508,0.08567208271787297,0.2149299830198288,0.8327178729689808,0.2149299830198288,0.8327178729689808,6.984919309616089e-09,8.540871121454074e-09,6.26154275096269e-08,1.0,0.13434068858623505,0.2925032377243042,119,0.6843313574790955,0.2925032079219818,1.0,0.2925032079219818
GCN,125,2082,1,1,2,-2.0524401664733887,3.226595401763916,5.279035568237305,0.8660253286361694,0.09021378308534622,0.0,0.24554575979709625,0.09797058254480362,0.306176582038651,0,0.0,0.021632937892533146,31,0.22771547734737396,0.9524286389350891,0.28143623596846185,0.8231166912850812,29.504817962646484,0.2429837518463811,0.24538861215114594,0.8884785819793205,0.24538861215114594,0.8884785819793205,5.101064015633483e-09,7.905962995380378e-09,3.162385198152151e-08,1.0,0.21688273549079895,0.33391284942626953,26,0.9237316250801086,0.3339128792285919,1.0,0.3339128792285919
GCN,125,2087,1,1,2,-2.4730324745178223,1.6563268899917603,4.1293593645095825,0.8660253286361694,0.04726164788007736,0.0,0.22858190536499023,0.053150542080402374,0.1816976127320955,0,0.0,0.03838101884159107,55,0.2059173583984375,0.9842897057533264,0.2693201841929982,0.7492614475627769,27.482303619384766,0.155096011816839,0.2291090190410614,0.8670605612998523,0.2291090190410614,0.8670605612998523,9.017492308416308e-10,3.1280864565275124e-09,1.2684463257528478e-08,1.0,0.20268233120441437,0.31204989552497864,50,0.8904945254325867,0.31204986572265625,1.0,0.31204986572265625
GCN,125,2096,1,1,6,-1.7723653316497803,1.7063531875610352,3.4787185192108154,0.6708203554153442,0.022502277046442032,-0.0010334664257243276,0.2318892627954483,0.024636855348944664,0.10837438423645321,0,0.0,0.0851360781577111,122,0.16036191582679749,0.9941568374633789,0.27205002127820666,0.7714180206794683,27.86111068725586,0.17134416543574593,0.23233577609062195,0.8722304283604135,0.23233577609062195,0.8722304283604135,6.984919309616089e-09,8.962089736996859e-09,8.173648780029907e-08,1.0,0.15944278240203857,0.3169110119342804,119,0.6539239883422852,0.3169110119342804,1.0,0.3169110119342804
GCN,125,2105,5,1,2,0.2926522493362427,4.715474605560303,4.42282235622406,0.8660253286361694,0.04772282764315605,-0.0012616189196705818,0.26867571473121643,0.044792406260967255,0.11860553239863585,0,0.0,0.041172365666434056,59,0.24109451472759247,0.9883387684822083,0.2986959277183521,0.8574593796159528,32.242374420166016,0.3932791728212703,0.2684681713581085,0.9139586410635155,0.2684681713581085,0.9139586410635155,8.686798835810805e-09,1.5567040989594716e-08,1.2056401033078146e-07,1.0,0.23832935094833374,0.36693209409713745,56,0.8515893816947937,0.36693206429481506,1.0,0.36693206429481506
GCN,125,2107,1,1,4,-1.384302020072937,2.381284236907959,3.765586256980896,0.7499998807907104,0.02664438635110855,-0.00033787672873586416,0.20046326518058777,0.03452015668153763,0.10837438423645321,0,0.0,0.0642009769713887,92,0.1554075926542282,0.991264283657074,0.2503828901503653,0.43353028064992616,24.136648178100586,0.047636632200886264,0.2015640288591385,0.7418759231905465,0.2015640288591385,0.7418759231905465,4.5625303535246076e-09,1.6122260859674498e-08,1.257552781908089e-07,1.0,0.15405692160129547,0.2738790214061737,88,0.77915358543396,0.2738789916038513,1.0,0.2738789916038513
GCN,125,2113,2,0,6,-2.669334888458252,-0.2646510601043701,2.404683828353882,0.6708203554153442,0.02168796956539154,-0.03461850807070732,0.17496514320373535,0.032329946756362915,0.10837438423645321,0,0.0,0.06978367062107467,100,0.12064536660909653,0.9904034733772278,0.23303874882422423,0.15620384047267355,21.123388290405273,0.01292466765140325,0.17676424980163574,0.371122599704579,0.17676424980163574,0.371122599704579,1.1243574959962643e-08,9.23522858187198e-09,7.879589247750118e-08,1.0,0.12006516754627228,0.23864343762397766,96,0.6998482346534729,0.23864343762397766,1.0,0.23864343762397766
GCN,125,2120,4,1,5,-2.028045654296875,1.2329580783843994,3.2610037326812744,0.7071066498756409,0.03176763281226158,0.0,0.22909581661224365,0.041316740214824677,0.10913224706328155,0,0.0,0.06699232379623168,96,0.16774752736091614,0.9893313646316528,0.2701538607181159,0.7573855243722304,27.556705474853516,0.15768094534711966,0.22961123287677765,0.8677991137370753,0.22961123287677765,0.8677991137370753,9.05349040181136e-09,1.1076903838613816e-08,8.855036526256299e-08,1.0,0.16595789790153503,0.3129332661628723,91,0.8427587747573853,0.3129332363605499,1.0,0.3129332363605499
GCN,125,2122,4,0,10,-3.4407856464385986,-1.4403259754180908,2.000459671020508,0.5669466257095337,0.01523348968476057,-0.053657934069633484,0.21518413722515106,0.21949169039726257,0.7324744221295946,1,0.0,0.12630844382414516,181,0.12478340417146683,0.9955931901931763,0.2606715703197707,0.6299852289512555,25.882814407348633,0.08973412112259971,0.21605627238750458,0.8349335302806499,0.21605627238750458,0.8349335302806499,6.646896810735825e-09,1.0702218666835961e-08,8.573069720796411e-08,1.0,0.12486229836940765,0.2936485707759857,178,0.5070580244064331,0.29364854097366333,1.0,0.29364854097366333
GCN,125,2130,4,0,12,-3.825251817703247,-1.7001479864120483,2.1251038312911987,0.5303300619125366,0.021718841046094894,0.0,0.2569352686405182,0.017508700489997864,0.10837438423645321,0,0.0,0.0928122819260293,133,0.14064663648605347,0.9929191470146179,0.29057570623925577,0.8452732644017725,30.83758544921875,0.31277695716395865,0.25699347257614136,0.9014032496307238,0.25699347257614136,0.9014032496307238,1.1683366274439777e-08,1.976989949525887e-08,1.4301460282695189e-07,1.0,0.13965074717998505,0.3511039912700653,128,0.4393870532512665,0.3511039912700653,1.0,0.3511039912700653
GCN,125,2131,0,1,3,1.8721978664398193,4.927061557769775,3.054863691329956,0.8017836213111877,0.034073006361722946,-0.0016303393058478832,0.2015925794839859,0.046943068504333496,0.1328154604016673,0,0.0,0.046057222609909285,66,0.16756229102611542,0.9876893758773804,0.2514855533701417,0.4538404726735598,24.271596908569336,0.050221565731166914,0.202516570687294,0.7503692762186115,0.202516570687294,0.7503692762186115,4.165001232792065e-09,5.525743862477839e-09,3.311110319259569e-08,1.0,0.16554223001003265,0.27528995275497437,63,0.8642656803131104,0.27528995275497437,1.0,0.27528995275497437
GCN,125,2139,3,0,4,-6.225759983062744,-3.2764320373535156,2.9493279457092285,0.7499998807907104,0.0377153716981411,0.0,0.22115734219551086,0.046813856810331345,0.13111026904130352,0,0.0,0.0418702023726448,60,0.17231501638889313,0.9857232570648193,0.2650615943995762,0.7056868537666174,26.61747932434082,0.11742983751846381,0.22183345258235931,0.8515509601181684,0.22183345258235931,0.8515509601181684,1.0588036225556152e-08,7.118965861252491e-09,4.2921747933633014e-08,1.0,0.16985490918159485,0.30196434259414673,55,0.8235283493995667,0.30196431279182434,1.0,0.30196431279182434
GCN,125,2141,3,0,4,-7.174617767333984,-2.87545108795166,4.299166679382324,0.7499998807907104,0.04076368361711502,0.0,0.2484614998102188,0.04434170946478844,0.11405835543766578,0,0.0,0.046057222609909285,66,0.19340737164020538,0.986768364906311,0.2841276009663371,0.8308714918759232,29.83966636657715,0.25960118168389956,0.24857667088508606,0.8940177252584933,0.24857667088508606,0.8940177252584933,9.745568796404314e-09,3.1985837978254494e-08,1.333174566298112e-07,1.0,0.19084826111793518,0.33928588032722473,61,0.8108104467391968,0.33928585052490234,1.0,0.33928585052490234
GCN,125,2153,4,1,3,0.32685625553131104,3.517526149749756,3.190669894218445,0.8017836213111877,0.034706272184848785,0.0,0.17083927989006042,0.054511092603206635,0.1883289124668435,0,0.0,0.03698534542916958,53,0.1427328884601593,0.9823499321937561,0.23243301429020466,0.15398818316100443,20.640148162841797,0.009231905465288036,0.17268355190753937,0.2865583456425406,0.17268355190753937,0.2865583456425406,4.005769937975856e-09,4.081598170557754e-09,2.7556763981806398e-08,1.0,0.14021363854408264,0.2331695407629013,48,0.8605613708496094,0.2331695407629013,1.0,0.2331695407629013
GCN,125,2156,0,1,4,0.6012997627258301,3.327357292175293,2.726057529449463,0.7499998807907104,0.028042685240507126,0.0,0.20246325433254242,0.0375172458589077,0.10837438423645321,0,0.0,0.05931612002791347,85,0.1570715755224228,0.9905238151550293,0.2519786585208289,0.4619645494830133,24.37041473388672,0.05206794682422452,0.20355205237865448,0.7607090103397341,0.20355205237865448,0.7607090103397341,4.44212577832559e-09,1.5515809081989573e-08,6.598438773153248e-08,1.0,0.15558311343193054,0.2765922546386719,80,0.8126035928726196,0.2765922248363495,1.0,0.2765922248363495
GCN,125,2157,6,1,5,-2.298060894012451,0.6543877124786377,2.952448606491089,0.7071066498756409,0.02939080074429512,-0.0002739701885730028,0.25446927547454834,0.027628818526864052,0.10837438423645321,0,0.0,0.06838799720865317,98,0.18577919900417328,0.992566704750061,0.28903276702964475,0.843426883308715,30.578933715820312,0.2998522895125554,0.2546834349632263,0.8995568685376661,0.2546834349632263,0.8995568685376661,7.392143785978078e-09,5.924685186897705e-09,3.177775909080083e-08,1.0,0.18440444767475128,0.34771642088890076,94,0.6765987873077393,0.34771642088890076,1.0,0.34771642088890076
GCN,125,2158,6,1,1,-1.9150986671447754,2.9603443145751953,4.875442981719971,0.9486831426620483,0.07506507635116577,0.0,0.3136325776576996,0.059873729944229126,0.19969685486926866,0,0.0,0.02930914166085136,42,0.310001403093338,0.9824975728988647,0.33530833966108653,0.8829394387001477,37.740516662597656,0.670605612998523,0.31298360228538513,0.9519940915805022,0.31298360228538513,0.9519940915805022,9.943804002432444e-09,4.061210034933538e-09,1.499545021488302e-08,1.0,0.304575651884079,0.42806798219680786,37,0.9492940902709961,0.42806798219680786,1.0,0.42806798219680786
GCN,125,2160,6,1,8,-2.333613395690918,0.15974903106689453,2.4933624267578125,0.6123723983764648,0.02421741932630539,-0.09238197654485703,0.24530522525310516,0.02183491922914982,0.10837438423645321,0,0.0,0.08304256803907886,119,0.15278945863246918,0.9926024079322815,0.2821706036592332,0.8238552437223042,29.466081619262695,0.24187592319054652,0.2455407679080963,0.8888478581979321,0.2455407679080963,0.8888478581979321,1.3876394255873947e-08,1.8740967888675186e-08,1.402661098381941e-07,1.0,0.15338025987148285,0.33395856618881226,115,0.5417590141296387,0.33395856618881226,1.0,0.33395856618881226
GCN,125,2164,6,1,3,-2.638079881668091,0.5477714538574219,3.1858513355255127,0.8017836213111877,0.03696797415614128,0.0,0.24113571643829346,0.03744124993681908,0.10837438423645321,0,0.0,0.04884856943475227,70,0.20011095702648163,0.9898502826690674,0.2788553282255524,0.8138847858197932,28.98442840576172,0.22008862629246675,0.24155345559120178,0.8847858197932054,0.24155345559120178,0.8847858197932054,4.368290174028289e-09,6.7966010597331206e-09,3.4593963249562876e-08,1.0,0.1980798989534378,0.3293987512588501,65,0.783255398273468,0.3293987214565277,1.0,0.3293987214565277
GCN,125,2165,6,1,3,-0.9620269536972046,1.973464012145996,2.9354909658432007,0.8017836213111877,0.030789891257882118,0.0,0.19305303692817688,0.04303107038140297,0.1110269041303524,0,0.0,0.05024424284717376,72,0.16032686829566956,0.9890271425247192,0.24642707563744984,0.34379615952732645,23.25726318359375,0.0361890694239291,0.19425088167190552,0.6683899556868538,0.19425088167190552,0.6683899556868538,3.0535451944757597e-09,3.7834979593753815e-09,6.376329508839262e-08,1.0,0.1585676223039627,0.2636914551258087,67,0.8653022050857544,0.2636914551258087,1.0,0.2636914551258087
GCN,125,2166,5,1,2,-2.806910514831543,0.6555622816085815,3.4624727964401245,0.8660253286361694,0.08365887403488159,0.0,0.25622132420539856,0.09048342704772949,0.24820007578628267,0,0.0,0.034193998604326585,49,0.23554489016532898,0.9619505405426025,0.29067376558266955,0.8452732644017725,30.77763557434082,0.3087149187592319,0.2563375234603882,0.9006646971935007,0.2563375234603882,0.9006646971935007,1.975633434625479e-09,1.6320269580205604e-08,1.2245386926679203e-07,1.0,0.22658252716064453,0.3488466739654541,44,0.959981381893158,0.3488466441631317,1.0,0.3488466441631317
GCN,125,2172,0,1,5,3.6861965656280518,5.5860595703125,1.8998630046844482,0.7071066498756409,0.030745897442102432,-0.00033723851083777845,0.18906818330287933,0.04231370985507965,0.10989010989010989,0,0.0,0.05373342637822749,77,0.13891743123531342,0.9853994250297546,0.24314710259179137,0.28508124076809455,22.78757667541504,0.030280649926144758,0.190331369638443,0.6104135893648449,0.190331369638443,0.6104135893648449,1.270154648125299e-08,1.4686913019090753e-08,1.0672891903595882e-07,1.0,0.13689713180065155,0.25813573598861694,73,0.7359651923179626,0.25813573598861694,1.0,0.25813573598861694
GCN,125,2177,3,1,4,1.02915358543396,3.441068410873413,2.411914825439453,0.7499998807907104,0.060897283256053925,0.0,0.228438138961792,0.08384816348552704,0.22735884804850323,0,0.0,0.05443126308443824,78,0.18119633197784424,0.966000497341156,0.26720529184722625,0.7267355982274741,27.374454498291016,0.14918759231905465,0.22846387326717377,0.8655834564254062,0.22846387326717377,0.8655834564254062,3.951266869250958e-09,7.065460660982126e-09,7.500761256551414e-08,1.0,0.1750357449054718,0.3111747205257416,73,0.9435946941375732,0.3111746907234192,1.0,0.3111746907234192
GCN,125,2181,0,1,8,4.632272243499756,5.667160511016846,1.0348882675170898,0.6123723983764648,0.027886128053069115,-7.699820707784966e-05,0.19875705242156982,0.018849357962608337,0.10837438423645321,0,0.0,0.07606420097697139,109,0.12646633386611938,0.9855085015296936,0.2497009783844042,0.4121122599704579,23.928804397583008,0.044682422451994094,0.19974485039710999,0.7230428360413589,0.19974485039710999,0.7230428360413589,1.0389048732406536e-08,9.583030369242351e-09,7.672184665352688e-08,1.0,0.12463530153036118,0.2713714838027954,105,0.32908380031585693,0.2713714838027954,1.0,0.2713714838027954
GCN,125,2189,0,1,6,1.3265849351882935,3.7524421215057373,2.425857186317444,0.6708203554153442,0.02135578542947769,-0.0013706176541745663,0.1984741985797882,0.027560923248529434,0.10837438423645321,0,0.0,0.0732728541521284,105,0.13740739226341248,0.9928269982337952,0.2491543593976671,0.4054652880354505,23.903766632080078,0.04357459379615953,0.19966243207454681,0.7226735598227474,0.19966243207454681,0.7226735598227474,7.984428229690366e-09,1.6209403597144956e-08,1.280424584138018e-07,1.0,0.1364443004131317,0.2711988687515259,102,0.6252293586730957,0.2711988687515259,1.0,0.2711988687515259
GCN,125,2195,0,1,4,-0.5433736443519592,2.8139615058898926,3.357335150241852,0.7499998807907104,0.03672810643911362,-0.0002032588963629678,0.256971150636673,0.03253729268908501,0.10837438423645321,0,0.0,0.052337752965806,75,0.19945965707302094,0.9899165630340576,0.28976432555219195,0.8441654357459379,30.844459533691406,0.31277695716395865,0.2570893466472626,0.9014032496307238,0.2570893466472626,0.9014032496307238,6.90687285143099e-09,5.190690988143842e-09,2.564098622315214e-08,1.0,0.19745415449142456,0.3510296940803528,71,0.6829491853713989,0.3510296940803528,1.0,0.3510296940803528
GCN,125,2198,0,1,5,2.7596380710601807,5.171292304992676,2.411654233932495,0.7071066498756409,0.023195475339889526,-0.029263010248541832,0.18655729293823242,0.033996615558862686,0.10837438423645321,0,0.0,0.06908583391486392,99,0.13565629720687866,0.9913188815116882,0.2420086046119645,0.2692023633677991,22.496089935302734,0.026957163958641065,0.1880907118320465,0.5727474150664698,0.1880907118320465,0.5727474150664698,5.201042707625447e-09,1.6118084644745068e-08,1.278104519997214e-07,1.0,0.1350008249282837,0.25456002354621887,97,0.773374080657959,0.2545599937438965,1.0,0.2545599937438965
GCN,125,2212,3,1,4,-2.7977986335754395,0.7315798997879028,3.5293785333633423,0.7499998807907104,0.032489582896232605,-0.0007181899854913354,0.2329956293106079,0.036224283277988434,0.10837438423645321,0,0.0,0.056524773203070484,81,0.18075546622276306,0.9903944134712219,0.2725951981712112,0.7791728212703102,27.989532470703125,0.17466765140324964,0.2334364950656891,0.8737075332348597,0.2334364950656891,0.8737075332348597,6.969380184074225e-09,1.6149453330172037e-08,1.2396914428336459e-07,1.0,0.17903713881969452,0.31828832626342773,77,0.7793357372283936,0.31828832626342773,1.0,0.31828832626342773
GCN,125,2215,3,1,4,-3.1684062480926514,0.6568304300308228,3.825236678123474,0.7499998807907104,0.031249022111296654,-0.0002667192311491817,0.21828587353229523,0.038489386439323425,0.10837438423645321,0,0.0,0.055826936496859735,80,0.16943517327308655,0.9898843169212341,0.26245296034092663,0.6632200886262924,26.244434356689453,0.10450516986706056,0.21912944316864014,0.8474889217134417,0.21912944316864014,0.8474889217134417,5.370267786020122e-09,7.251761413584745e-09,4.251821650314014e-08,1.0,0.16772763431072235,0.29818251729011536,76,0.8065873384475708,0.29818248748779297,1.0,0.29818248748779297
GCN,125,2218,1,1,2,-1.0854134559631348,4.685683727264404,5.771097183227539,0.8660253286361694,0.10057755559682846,0.0,0.3254115879535675,0.08233054727315903,0.22300113679424025,0,0.0,0.027913468248429867,40,0.29811838269233704,0.9657344222068787,0.3434682688584323,0.8877400295420975,38.96195983886719,0.725258493353028,0.3238150477409363,0.9612259970457903,0.3238150477409363,0.9612259970457903,1.0202128031266966e-08,9.081141172373464e-09,6.892573622963027e-08,1.0,0.28790315985679626,0.4432559609413147,35,0.922748863697052,0.4432559311389923,1.0,0.4432559311389923
GCN,125,2224,4,0,8,-2.4906411170959473,-0.18999052047729492,2.3006505966186523,0.6123723983764648,0.01864817552268505,-0.1201976016163826,0.2149686962366104,0.2517143785953522,0.8003031451307313,1,0.0,0.08932309839497557,128,0.13340328633785248,0.9942852258682251,0.2609162624648001,0.6392171344165436,25.86009407043457,0.0878877400295421,0.21583053469657898,0.8349335302806499,0.21583053469657898,0.8349335302806499,8.264668061030989e-09,6.50234532884042e-09,7.750183073085282e-08,1.0,0.13436521589756012,0.29255664348602295,125,0.4852263331413269,0.29255664348602295,1.0,0.29255664348602295
GCN,125,2228,6,1,6,-1.4337103366851807,0.9052793979644775,2.338989734649658,0.6708203554153442,0.02134539932012558,0.0,0.1915360540151596,0.02608475834131241,0.10837438423645321,0,0.0,0.0718771807397069,103,0.13269397616386414,0.992313802242279,0.245261746216159,0.3205317577548006,23.090301513671875,0.03508124076809453,0.1929779201745987,0.6491875923190547,0.1929779201745987,0.6491875923190547,5.6073043985804816e-09,1.6867470975512333e-08,1.3447618130157935e-07,1.0,0.13167408108711243,0.2617174983024597,98,0.6280573606491089,0.2617174983024597,1.0,0.2617174983024597
GCN,125,2229,3,1,3,-2.811734437942505,1.6155918836593628,4.427326321601868,0.8017836213111877,0.04354128986597061,0.0,0.2719559073448181,0.03836346045136452,0.10837438423645321,0,0.0,0.04815073272854152,69,0.22587114572525024,0.9889434576034546,0.3018748972874816,0.8607828655834564,32.64480972290039,0.4139586410635155,0.27185022830963135,0.9165435745937962,0.27185022830963135,0.9165435745937962,5.26835597369768e-09,1.7017356412907247e-08,7.021147041541553e-08,1.0,0.22337381541728973,0.37146151065826416,64,0.7684792280197144,0.37146151065826416,1.0,0.37146151065826416
GCN,125,2231,0,1,2,-1.6375024318695068,2.119356632232666,3.756859064102173,0.8660253286361694,0.04434539005160332,-0.0005277837626636028,0.255408376455307,0.04231519252061844,0.10989010989010989,0,0.0,0.04256803907885555,61,0.22911837697029114,0.9888536334037781,0.2897965287354422,0.8441654357459379,30.694181442260742,0.3050221565731167,0.25556060671806335,0.8999261447562777,0.25556060671806335,0.8999261447562777,4.538704967416152e-09,1.6021600046656204e-08,1.2262198367807287e-07,1.0,0.22658252716064453,0.3488466739654541,57,0.8442549705505371,0.3488466739654541,1.0,0.3488466739654541
GCN,125,2232,0,1,3,2.783315658569336,5.413790225982666,2.63047456741333,0.8017836213111877,0.03898736834526062,-0.00043322963756509125,0.22401630878448486,0.046521998941898346,0.12580522925350512,0,0.0,0.04256803907885555,61,0.18636813759803772,0.986966073513031,0.26616684960675707,0.7186115214180206,26.92978858947754,0.12629246676514033,0.22462494671344757,0.8581979320531757,0.22462494671344757,0.8581979320531757,7.092741505232425e-09,1.7508318350678564e-08,1.2979342045582598e-07,1.0,0.18395204842090607,0.30590471625328064,57,0.8572970032691956,0.30590468645095825,1.0,0.30590468645095825
GCN,125,2235,5,1,3,-4.620814323425293,0.7885516285896301,5.409365952014923,0.8017836213111877,0.04306357726454735,-0.15606853365898132,0.2715737223625183,0.2831510603427887,0.8529746115953013,1,0.0,0.04675505931612003,67,0.21864068508148193,0.9887376427650452,0.3019776022244305,0.8607828655834564,32.582763671875,0.41285081240768096,0.27133896946907043,0.9165435745937962,0.27133896946907043,0.9165435745937962,5.4504254443088485e-09,3.057830610941892e-08,1.2343274136128457e-07,1.0,0.22134846448898315,0.36809343099594116,64,0.7160329818725586,0.36809343099594116,1.0,0.36809343099594116
GCN,125,2249,4,0,6,-3.794010877609253,-1.750290870666504,2.043720006942749,0.6708203554153442,0.019440261647105217,0.0,0.1641959547996521,0.03286745399236679,0.10837438423645321,0,0.0,0.0718771807397069,103,0.11385264992713928,0.9913356304168701,0.22928615005599876,0.1358936484490399,19.863876342773438,0.005539143279172821,0.1663948893547058,0.17319054652880356,0.1663948893547058,0.17319054652880356,2.8705289256691913e-09,1.6289202875441333e-08,1.3281473343340622e-07,1.0,0.11286621540784836,0.2243346869945526,98,0.7448909282684326,0.22433467209339142,1.0,0.22433467209339142
GCN,125,2264,4,1,1,-0.049027323722839355,4.414405345916748,4.463432669639587,0.9486831426620483,0.07057054340839386,0.0,0.3319089114665985,0.05079802870750427,0.16331943918150815,0,0.0,0.03210048848569435,46,0.3269977867603302,0.9861224889755249,0.3499781512355026,0.888109305760709,39.82202911376953,0.7548005908419497,0.3309451639652252,0.9667651403249631,0.3309451639652252,0.9667651403249631,0.0,3.017223804135938e-08,6.141964803418887e-08,1.0,0.322459876537323,0.4532034993171692,41,0.9066163301467896,0.4532034695148468,0.9999999403953552,0.4532034993171692
GCN,125,2274,0,1,3,-0.7724610567092896,2.429469347000122,3.2019304037094116,0.8017836213111877,0.03593374043703079,0.0,0.19494833052158356,0.05186285078525543,0.1724137931034483,0,0.0,0.041172365666434056,59,0.16242720186710358,0.9854120016098022,0.24644165575691776,0.34379615952732645,23.47225570678711,0.03840472673559823,0.19609437882900238,0.691285081240768,0.19609437882900238,0.691285081240768,3.8399412538581146e-09,1.5612029002909367e-08,6.653418438418157e-08,1.0,0.16005772352218628,0.2661694288253784,54,0.902382493019104,0.2661694288253784,1.0,0.2661694288253784
GCN,125,2279,2,0,3,-4.959517002105713,-0.6295638084411621,4.329953193664551,0.8017836213111877,0.0312647819519043,-0.0006133209681138396,0.2196732610464096,0.035697631537914276,0.10837438423645321,0,0.0,0.05722260990928123,82,0.18205420672893524,0.991235077381134,0.26306779681379244,0.670605612998523,26.41356658935547,0.11078286558345643,0.22041445970535278,0.8500738552437223,0.22041445970535278,0.8500738552437223,4.586231838743515e-09,4.428375000031792e-09,2.3556202322083664e-08,1.0,0.18047328293323517,0.30011966824531555,78,0.7846745848655701,0.30011963844299316,1.0,0.30011963844299316
GCN,125,2288,5,1,3,-1.876551628112793,2.1759161949157715,4.0524678230285645,0.8017836213111877,0.040046680718660355,0.0,0.24866840243339539,0.03800889477133751,0.10837438423645321,0,0.0,0.04396371249127704,63,0.2065536230802536,0.9888151288032532,0.2829406047707154,0.8260709010339734,29.856674194335938,0.25960118168389956,0.24872422218322754,0.8943870014771049,0.24872422218322754,0.8943870014771049,6.035659971814766e-09,7.255439804509933e-09,6.904517846351155e-08,1.0,0.20424336194992065,0.3396483361721039,58,0.7569312453269958,0.3396482467651367,1.0,0.3396482467651367
GCN,125,2293,0,1,3,-0.5358238816261292,2.7702841758728027,3.306108057498932,0.8017836213111877,0.03955579921603203,0.0,0.2219996452331543,0.04167373478412628,0.10913224706328155,0,0.0,0.03977669225401256,57,0.18480966985225677,0.9863518476486206,0.2651961876369707,0.7056868537666174,26.689273834228516,0.11964549483013294,0.22263358533382416,0.8548744460856721,0.22263358533382416,0.8548744460856721,6.71586253275791e-09,1.6183614448550543e-08,7.017749226179149e-08,1.0,0.18228736519813538,0.30313640832901,52,0.7501043677330017,0.30313640832901,1.0,0.30313640832901
GCN,125,2297,4,1,3,-3.147447109222412,1.2229528427124023,4.3703999519348145,0.8017836213111877,0.05695796385407448,0.0,0.29684343934059143,0.028776567429304123,0.10837438423645321,0,0.0,0.03977669225401256,57,0.24759043753147125,0.9842162132263184,0.32157477107976656,0.8733382570162481,35.609352111816406,0.5649926144756278,0.2962161898612976,0.939807976366322,0.2962161898612976,0.939807976366322,5.509778855383729e-09,1.679772587692696e-08,6.725542078811486e-08,1.0,0.24368251860141754,0.40523403882980347,52,0.48098236322402954,0.40523403882980347,1.0,0.40523403882980347
GCN,125,2299,4,1,2,-2.5412187576293945,1.4257967472076416,3.967015504837036,0.8660253286361694,0.04767318069934845,0.0,0.26643121242523193,0.04564858227968216,0.12315270935960591,0,0.0,0.04326587578506629,62,0.23917746543884277,0.9881746768951416,0.2975833498174862,0.8567208271787297,32.02043533325195,0.3814623338257016,0.26635849475860596,0.9113737075332349,0.26635849475860596,0.9113737075332349,6.90687285143099e-09,3.6013565463122177e-09,1.440542618524887e-08,1.0,0.23634912073612213,0.3638833165168762,57,0.8837489485740662,0.36388325691223145,1.0,0.36388325691223145
GCN,125,2302,3,1,2,-2.365100622177124,0.869408130645752,3.234508752822876,0.8660253286361694,0.03836897388100624,0.0,0.19902381300926208,0.053249988704919815,0.1816976127320955,0,0.0,0.0418702023726448,60,0.17896528542041779,0.986305832862854,0.2504987658710117,0.43353028064992616,23.96748924255371,0.04542097488921713,0.2001519352197647,0.7293205317577548,0.2001519352197647,0.7293205317577548,3.951266869250958e-09,4.767701344832176e-09,2.6595742497192987e-08,1.0,0.17651450634002686,0.2717618942260742,55,0.9568302631378174,0.2717618942260742,1.0,0.2717618942260742
GCN,125,2310,3,1,2,-0.46517062187194824,3.3868656158447266,3.852036237716675,0.8660253286361694,0.05637802183628082,-0.05397937446832657,0.27847257256507874,0.05146251618862152,0.17032967032967034,0,0.0,0.034891835310537335,50,0.24763426184654236,0.9845893979072571,0.3066873818485335,0.8633677991137371,33.419097900390625,0.4527326440177253,0.278060644865036,0.922821270310192,0.278060644865036,0.922821270310192,9.497663988611293e-09,6.975211075399557e-09,2.7900844301598227e-08,1.0,0.2461591511964798,0.3789868652820587,46,0.8805503249168396,0.37898683547973633,1.0,0.37898683547973633
GCN,125,2316,3,1,1,-3.0511693954467773,1.4483022689819336,4.499471664428711,0.9486831426620483,0.08433899283409119,0.0,0.30286842584609985,0.07227198779582977,0.21163319439181508,0,0.0,0.020237264480111653,29,0.3009902536869049,0.9764919281005859,0.3261956417538987,0.8770310192023634,36.30524826049805,0.6045051698670606,0.302094429731369,0.9427621861152142,0.302094429731369,0.9427621861152142,1.3301947099364497e-08,2.1371011627024927e-09,8.446330745925934e-09,1.0,0.2939145565032959,0.4130842685699463,24,0.9848650693893433,0.4130842685699463,1.0,0.4130842685699463
GCN,125,2318,1,1,2,-1.0126838684082031,4.199087142944336,5.211771011352539,0.8660253286361694,0.04087688401341438,0.0,0.2401271015405655,0.042279671877622604,0.10989010989010989,0,0.0,0.04326587578506629,62,0.21535012125968933,0.9892816543579102,0.2777752675830485,0.8076070901033974,28.85600471496582,0.21344165435745938,0.2403872311115265,0.8833087149187593,0.2403872311115265,0.8833087149187593,7.031331072937519e-09,5.020726945303977e-09,2.9495149433955703e-08,1.0,0.21304193139076233,0.3279995620250702,57,0.8603706955909729,0.3279995322227478,1.0,0.3279995322227478
GCN,125,2320,3,1,2,-0.7922218441963196,3.298978090286255,4.0911999344825745,0.8660253286361694,0.0470731146633625,0.0,0.2293240875005722,0.0551406554877758,0.1896551724137931,0,0.0,0.03698534542916958,53,0.20654480159282684,0.9845110774040222,0.270399354200255,0.758493353028065,27.584157943725586,0.15989660265878877,0.22969859838485718,0.8677991137370753,0.22969859838485718,0.8677991137370753,6.2475016271434924e-09,3.906423629018718e-09,6.195570279032836e-08,1.0,0.2033456414937973,0.3130711317062378,48,0.9305490255355835,0.3130711317062378,1.0,0.3130711317062378
GCN,125,2321,0,1,2,1.4134435653686523,5.600223541259766,4.186779975891113,0.8660253286361694,0.04849979281425476,-0.00038547630538232625,0.2480238676071167,0.05069107189774513,0.16331943918150815,0,0.0,0.03768318213538032,54,0.22308573126792908,0.9859156608581543,0.2833976603628134,0.8268094534711965,29.78489875793457,0.25775480059084194,0.24805960059165955,0.8929098966026587,0.24805960059165955,0.8929098966026587,1.053671194739536e-08,1.6173771655303426e-08,6.687550779815865e-08,1.0,0.21995809674263,0.3386476933956146,50,0.8979986310005188,0.3386476933956146,1.0,0.3386476933956146
GCN,125,2330,0,1,3,1.1492786407470703,5.015252590179443,3.865973949432373,0.8017836213111877,0.034849561750888824,-0.0014892973704263568,0.23525255918502808,0.03962778300046921,0.10837438423645321,0,0.0,0.051639916259595256,74,0.1950596570968628,0.9905103445053101,0.27383501585644515,0.7869276218611522,28.27650260925293,0.1883308714918759,0.23558852076530457,0.8759231905465288,0.23558852076530457,0.8759231905465288,5.350040854779081e-09,1.6965611138175518e-08,7.328508644377507e-08,1.0,0.19324854016304016,0.3213644027709961,70,0.8076953887939453,0.3213644027709961,1.0,0.3213644027709961
GCN,125,2331,1,1,2,-1.9164481163024902,2.89229679107666,4.80874490737915,0.8660253286361694,0.055538635700941086,0.0,0.24916793406009674,0.060301441699266434,0.2002652519893899,0,0.0,0.03279832519190509,47,0.22496600449085236,0.9818006157875061,0.28446348511421815,0.8334564254062038,29.921621322631836,0.2640324963072378,0.2491999864578247,0.8943870014771049,0.2491999864578247,0.8943870014771049,5.890201215663637e-09,6.640777261424091e-09,2.610196681018806e-08,1.0,0.22087177634239197,0.34005439281463623,42,0.9371631741523743,0.34005439281463623,1.0,0.34005439281463623
GCN,125,2337,4,1,1,-3.7217748165130615,2.6312859058380127,6.353060722351074,0.9486831426620483,0.08601745963096619,-0.0008580302237533033,0.3216327428817749,0.0603230856359005,0.2006441834028041,0,0.0,0.0209351011863224,30,0.3190512955188751,0.9782565832138062,0.34074308072311665,0.8873707533234859,38.53383255004883,0.7101181683899557,0.3203481137752533,0.9582717872968981,0.3203481137752533,0.9582717872968981,6.4523919540704355e-09,6.107855909931459e-08,1.2609794453055656e-07,1.0,0.31217074394226074,0.43874257802963257,26,0.8395986557006836,0.43874257802963257,1.0,0.43874257802963257
GCN,125,2341,4,1,1,-3.1340389251708984,3.441849708557129,6.575888633728027,0.9486831426620483,0.14220845699310303,0.0,0.37475278973579407,0.08250690996646881,0.2233800682076544,0,0.0,0.015352407536636426,22,0.37896254658699036,0.9574272036552429,0.3863573987031456,0.9161742983751846,44.81678009033203,0.8759231905465288,0.3730453848838806,0.98301329394387,0.3730453848838806,0.98301329394387,0.0,2.2603467542126054e-08,6.110285255545023e-08,1.0,0.3628290295600891,0.5099406242370605,17,0.8250702023506165,0.5099406242370605,1.0,0.5099406242370605
GCN,125,2342,0,1,1,1.4719758033752441,6.2549896240234375,4.783013820648193,0.9486831426620483,0.07826709002256393,-0.001479726517572999,0.34752511978149414,0.05361884832382202,0.18226600985221675,0,0.0,0.028611304954640614,41,0.3427771031856537,0.9844527840614319,0.3632791785724609,0.8980797636632201,41.666847229003906,0.8138847858197932,0.34634944796562195,0.9756277695716395,0.34634944796562195,0.9756277695716395,1.580506747700383e-08,6.090758120080864e-08,1.235977720170922e-07,1.0,0.33753693103790283,0.47439366579055786,38,0.9034531116485596,0.47439369559288025,1.0,0.47439369559288025
GCN,125,2346,3,1,3,-2.8837838172912598,0.8229588270187378,3.7067426443099976,0.8017836213111877,0.03505385294556618,0.0,0.2015916258096695,0.046090200543403625,0.12542629784009093,0,0.0,0.04326587578506629,62,0.167724147439003,0.9869910478591919,0.2517827367171726,0.45457902511078285,24.274686813354492,0.050221565731166914,0.20268936455249786,0.7536927621861153,0.20268936455249786,0.7536927621861153,8.172322374377927e-09,5.093419908064334e-09,2.8298263288206726e-08,1.0,0.16554223001003265,0.27528995275497437,57,0.8500851988792419,0.275289922952652,1.0,0.275289922952652
GCN,125,2347,0,1,3,1.013354778289795,3.6197218894958496,2.6063671112060547,0.8017836213111877,0.033701181411743164,0.0,0.19353826344013214,0.04007366672158241,0.10837438423645321,0,0.0,0.0418702023726448,60,0.16102901101112366,0.9869546890258789,0.2464592202918462,0.34379615952732645,23.320409774780273,0.03692762186115214,0.19470416009426117,0.6739290989660266,0.19470416009426117,0.6739290989660266,5.853271645150926e-09,4.739547865284521e-09,6.672619434766602e-08,1.0,0.15892833471298218,0.26429131627082825,55,0.7380706071853638,0.26429128646850586,1.0,0.26429128646850586
GCN,125,2353,4,1,3,-2.5067405700683594,0.6069750189781189,3.1137155890464783,0.8017836213111877,0.03555407375097275,-0.0004075457400176674,0.2299342304468155,0.04010401666164398,0.10837438423645321,0,0.0,0.04954640614096301,71,0.1908300369977951,0.989675760269165,0.27141608607466566,0.7680945347119645,27.674903869628906,0.16285081240768096,0.230531245470047,0.8692762186115214,0.230531245470047,0.8692762186115214,3.0888476221235805e-09,1.6103335553907527e-08,6.863095336484548e-08,1.0,0.18887102603912354,0.3140847682952881,67,0.8318006992340088,0.3140847384929657,1.0,0.3140847384929657
GCN,125,2359,2,0,11,-7.451005935668945,-5.944150447845459,1.5068554878234863,0.5477225184440613,0.024233289062976837,-9.588196553522721e-05,0.20917119085788727,0.038263894617557526,0.10837438423645321,0,0.0,0.09979064898813678,143,0.11881637573242188,0.9876149892807007,0.2561273409195168,0.5476366322008862,25.15035629272461,0.06831610044313147,0.21002811193466187,0.8090841949778435,0.21002811193466187,0.8090841949778435,7.027475490417601e-09,8.222672320812308e-09,6.835156085571725e-08,1.0,0.1173466220498085,0.2856595516204834,139,0.7236012816429138,0.285659521818161,1.0,0.285659521818161
GCN,125,2365,2,0,7,-7.199272155761719,-5.521319389343262,1.677952766418457,0.6396021246910095,0.03492196649312973,-0.0003014862013515085,0.22231651842594147,0.038465701043605804,0.10837438423645321,0,0.0,0.06769016050244243,97,0.1480201631784439,0.9833922982215881,0.26410544740290565,0.6864844903988183,26.707857131958008,0.11964549483013294,0.22272171080112457,0.8548744460856721,0.22272171080112457,0.8548744460856721,9.065457717838399e-09,1.70035132640578e-08,8.303146614707657e-08,1.0,0.14556998014450073,0.3034594655036926,93,0.626493513584137,0.30345943570137024,1.0,0.30345943570137024
GCN,125,2368,3,1,2,-0.2616555690765381,4.172080993652344,4.433736562728882,0.8660253286361694,0.05734952166676521,0.0,0.2463206797838211,0.06448768079280853,0.20500189465706706,0,0.0,0.03210048848569435,46,0.22271974384784698,0.9801849126815796,0.28274675627280443,0.8245937961595273,29.590957641601562,0.24741506646971936,0.24638831615447998,0.8899556868537666,0.24638831615447998,0.8899556868537666,1.2355390488494322e-08,1.60464281862005e-08,6.968291188513831e-08,1.0,0.2183065265417099,0.3361049294471741,41,0.9594854116439819,0.3361049294471741,1.0,0.3361049294471741
GCN,125,2383,4,0,10,-4.371445655822754,-2.508824348449707,1.8626213073730469,0.5669466257095337,0.02022654190659523,-0.00028079593903385103,0.2196829915046692,0.01673302799463272,0.10837438423645321,0,0.0,0.09630146545708304,138,0.12858261168003082,0.9926514625549316,0.26372937176022904,0.6850073855243722,26.41769027709961,0.11078286558345643,0.22042834758758545,0.8500738552437223,0.22042834758758545,0.8500738552437223,1.4435499906539917e-08,2.1468022026738254e-08,1.694757543191372e-07,1.0,0.12764206528663635,0.3001859784126282,135,0.4121464490890503,0.3001859486103058,1.0,0.3001859486103058
GCN,125,2384,0,1,1,1.0919990539550781,5.760571002960205,4.668571949005127,0.9486831426620483,0.0686800554394722,-0.00021621469932142645,0.2873614728450775,0.06159036606550217,0.20291777188328913,0,0.0,0.0314026517794836,45,0.28400713205337524,0.9825441837310791,0.3134210008479422,0.8685376661742984,34.42827224731445,0.5048005908419497,0.28649020195007324,0.9324224519940916,0.28649020195007324,0.9324224519940916,0.0,3.0412987683803294e-08,6.167331889628258e-08,1.0,0.2790609896183014,0.3922082185745239,41,0.9778942465782166,0.3922082185745239,1.0,0.3922082185745239
GCN,125,2389,2,1,2,-3.5206451416015625,0.12677788734436035,3.647423028945923,0.8660253286361694,0.04658159986138344,-0.0024914813693612814,0.2192494422197342,0.05840533971786499,0.1964759378552482,0,0.0,0.03210048848569435,46,0.19754602015018463,0.9834104180335999,0.26303661255039834,0.670605612998523,26.38700294494629,0.10930576070901034,0.21982333064079285,0.8482274741506647,0.21982333064079285,0.8482274741506647,3.4846900920371127e-09,6.0370632937178925e-09,3.2066452604340157e-08,1.0,0.19435809552669525,0.29923391342163086,42,0.9069632887840271,0.29923391342163086,1.0,0.29923391342163086
GCN,125,2392,2,0,3,-3.6905930042266846,-0.0928647518157959,3.5977282524108887,0.8017836213111877,0.03611104562878609,-0.0019445432117208838,0.22313788533210754,0.04299012944102287,0.1110269041303524,0,0.0,0.04326587578506629,62,0.1852937787771225,0.9886980652809143,0.265724149599544,0.7130723781388478,26.843862533569336,0.12259970457902511,0.22378017008304596,0.8563515509601182,0.22378017008304596,0.8563515509601182,4.538704967416152e-09,1.5588572210845086e-08,6.553923981300613e-08,1.0,0.18325364589691162,0.30474328994750977,58,0.7984821796417236,0.30474328994750977,1.0,0.30474328994750977
GCN,125,2411,3,1,1,-2.616312026977539,5.427203178405762,8.0435152053833,0.9486831426620483,0.0862840935587883,0.0,0.37356701493263245,0.05362537130713463,0.18226600985221675,0,0.0,0.027913468248429867,40,0.36885058879852295,0.9836750626564026,0.3846341019670165,0.9124815361890695,44.7761344909668,0.8748153618906942,0.3720611035823822,0.98301329394387,0.3720611035823822,0.98301329394387,1.3170890156288806e-08,3.759692113192159e-09,6.144788500250797e-08,1.0,0.3628291189670563,0.5099407434463501,35,0.8810270428657532,0.5099407434463501,1.0,0.5099407434463501
GCN,125,2425,3,1,5,0.8316594958305359,3.947831392288208,3.116171896457672,0.7071066498756409,0.03545233607292175,0.0,0.2479589730501175,0.02528553456068039,0.10837438423645321,0,0.0,0.055826936496859735,80,0.18166755139827728,0.9886673092842102,0.2835612696183106,0.8286558345642541,29.783992767333984,0.25775480059084194,0.24816927313804626,0.8936484490398818,0.24816927313804626,0.8936484490398818,7.693986781021067e-09,7.874831453591469e-09,4.6642899320659126e-08,1.0,0.1796087771654129,0.3386736214160919,75,0.5002095699310303,0.3386736214160919,1.0,0.3386736214160919
GCN,125,2427,3,1,3,-0.9560680389404297,3.753497838973999,4.709565877914429,0.8017836213111877,0.05776606500148773,-0.0006739171221852303,0.2882784307003021,0.03205937147140503,0.10837438423645321,0,0.0,0.04884856943475227,70,0.24071034789085388,0.9828116297721863,0.3128883928464594,0.8685376661742984,34.54713821411133,0.509970457902511,0.2875351309776306,0.9331610044313147,0.2875351309776306,0.9331610044313147,1.3170890156288806e-08,1.4749067744901367e-08,6.956611997566142e-08,1.0,0.23660290241241455,0.3934609293937683,67,0.49467942118644714,0.3934609293937683,1.0,0.3934609293937683
GCN,125,2428,5,1,1,-1.0102620124816895,4.175210952758789,5.1854729652404785,0.9486831426620483,0.15541410446166992,-0.00020570385095197707,0.3339170515537262,0.12070884555578232,0.3980674497915877,1,0.0,0.020237264480111653,29,0.34388670325279236,0.9376207590103149,0.34658945548069675,0.888109305760709,39.79824447631836,0.7540620384047267,0.33133673667907715,0.9671344165435746,0.33133673667907715,0.9671344165435746,1.2904783908140871e-08,3.260460346155014e-08,7.197894547061878e-08,1.0,0.322459876537323,0.4532034993171692,25,0.984166145324707,0.4532034695148468,1.0,0.4532034695148468
GCN,125,2431,4,1,1,-3.5861873626708984,2.8152172565460205,6.401404619216919,0.9486831426620483,0.11249000579118729,0.0,0.37405091524124146,0.0748787671327591,0.21485411140583555,0,0.0,0.021632937892533146,31,0.37300580739974976,0.9727170467376709,0.38520599956984913,0.914327917282127,44.91326141357422,0.8777695716395865,0.37205296754837036,0.98301329394387,0.37205296754837036,0.98301329394387,0.0,4.5906620727009795e-09,6.289875642551124e-08,1.0,0.3628291189670563,0.5099407434463501,26,0.9448363780975342,0.5099407434463501,1.0,0.5099407434463501
GCN,125,2433,2,1,1,0.5252087116241455,6.165932655334473,5.640723943710327,0.9486831426620483,0.08693026006221771,0.0,0.37357738614082336,0.05327460914850235,0.1816976127320955,0,0.0,0.02721563154221912,39,0.3689402639865875,0.9834356904029846,0.3847508693905849,0.9124815361890695,44.76774978637695,0.8748153618906942,0.3720213770866394,0.98301329394387,0.3720213770866394,0.98301329394387,1.4901161193847656e-08,1.4785662472149852e-08,3.871995346571566e-08,1.0,0.3628290295600891,0.5099406242370605,34,0.868782639503479,0.5099406242370605,1.0,0.5099406242370605
GCN,125,2435,4,1,2,-2.4254250526428223,1.8114455938339233,4.236870646476746,0.8660253286361694,0.047886963933706284,0.0,0.2687818109989166,0.041859615594148636,0.10989010989010989,0,0.0,0.039078855547801813,56,0.24126595258712769,0.9882746338844299,0.2995148913871859,0.8578286558345642,32.2783088684082,0.3951255539143279,0.2686867117881775,0.9139586410635155,0.2686867117881775,0.9139586410635155,4.5625303535246076e-09,6.7901178013585195e-09,3.068421605689764e-08,1.0,0.23843704164028168,0.3670978844165802,51,0.8138951063156128,0.3670978844165802,1.0,0.3670978844165802
GCN,125,2438,3,1,2,-3.0071966648101807,2.9898900985717773,5.997086763381958,0.8660253286361694,0.06340333819389343,-0.0005552057409659028,0.2840999364852905,0.054912492632865906,0.18927624100037893,0,0.0,0.02721563154221912,39,0.25647974014282227,0.981751561164856,0.31112932968345514,0.8670605612998523,34.10260009765625,0.48559822747415066,0.2835114002227783,0.9279911373707533,0.2835114002227783,0.9279911373707533,5.26835597369768e-09,7.378380573186405e-09,2.9414168878361124e-08,1.0,0.2518264651298523,0.3877122402191162,35,0.852355420589447,0.3877122402191162,1.0,0.3877122402191162
GCN,125,2445,2,0,4,-4.392068386077881,-0.657874345779419,3.734194040298462,0.7499998807907104,0.026136137545108795,0.0,0.20192576944828033,0.03009486012160778,0.10837438423645321,0,0.0,0.06071179344033496,87,0.1564880758523941,0.9917118549346924,0.2517700121330491,0.45457902511078285,24.34292984008789,0.05132939438700148,0.203200563788414,0.7566469719350074,0.203200563788414,0.7566469719350074,5.963374238859842e-09,5.69275693251825e-09,7.111670896620126e-08,1.0,0.1551910787820816,0.27589529752731323,82,0.697531521320343,0.27589529752731323,1.0,0.27589529752731323
GCN,125,2446,2,0,8,-6.277719020843506,-3.1853444576263428,3.092374563217163,0.6123723983764648,0.021225396543741226,-0.052343033254146576,0.2220500111579895,0.21823972463607788,0.7322849564228875,1,0.0,0.09141660851360782,131,0.13918419182300568,0.9931139945983887,0.26442796595928725,0.6905465288035451,26.694398880004883,0.11964549483013294,0.2226865291595459,0.8548744460856721,0.2226865291595459,0.8548744460856721,1.2276159644386553e-08,1.8657802414168145e-08,1.4302095507900958e-07,1.0,0.1390804499387741,0.3028232455253601,127,0.4822635054588318,0.3028232157230377,1.0,0.3028232157230377
GCN,125,2448,2,0,5,-5.680813789367676,-2.4781198501586914,3.2026939392089844,0.7071066498756409,0.027096303179860115,-0.036859944462776184,0.21106195449829102,0.03139476850628853,0.10837438423645321,0,0.0,0.06908583391486392,99,0.15331782400608063,0.9907276034355164,0.25702535512361835,0.5620384047267356,25.390094757080078,0.07496307237813885,0.21193532645702362,0.8201624815361891,0.21193532645702362,0.8201624815361891,6.350773240626495e-09,8.202325041395397e-09,8.111065596949629e-08,1.0,0.15266452729701996,0.2878670394420624,95,0.691675066947937,0.28786706924438477,1.0,0.28786706924438477
GCN,125,2456,5,1,2,-1.5857625007629395,3.2775216102600098,4.863284111022949,0.8660253286361694,0.046375006437301636,-0.0564873032271862,0.2718321681022644,0.04265150427818298,0.11083743842364532,0,0.0,0.04326587578506629,62,0.24112874269485474,0.9890301823616028,0.30190851096627536,0.8607828655834564,32.611019134521484,0.41285081240768096,0.27147525548934937,0.9165435745937962,0.27147525548934937,0.9165435745937962,7.847463123766829e-09,5.93832272244299e-09,2.4802748299634914e-08,1.0,0.24049876630306244,0.37027212977409363,60,0.8437040448188782,0.37027207016944885,1.0,0.37027207016944885
GCN,125,2459,3,0,2,-6.303945541381836,-1.5194926261901855,4.78445291519165,0.8660253286361694,0.08521057665348053,0.0,0.27820906043052673,0.07052122801542282,0.21049640015157256,0,0.0,0.01465457083042568,21,0.2547374367713928,0.9663251638412476,0.30449626496565846,0.8626292466765141,33.402244567871094,0.45088626292466766,0.2776755094528198,0.922082717872969,0.2776755094528198,0.922082717872969,0.0,8.489543290579604e-09,2.9824143155110505e-08,1.0,0.24615918099880219,0.3789868950843811,16,0.7976057529449463,0.3789868950843811,1.0,0.3789868950843811
GCN,125,2461,6,1,1,-3.7293152809143066,2.19907808303833,5.928393363952637,0.9486831426620483,0.08985865861177444,0.0,0.3736255466938019,0.05748751759529114,0.19552860932171276,0,0.0,0.026517794836008374,38,0.36935532093048096,0.982330858707428,0.38406179895174064,0.9124815361890695,44.780967712402344,0.8751846381093058,0.37180453538894653,0.98301329394387,0.37180453538894653,0.98301329394387,6.71586253275791e-09,1.4346506205242804e-08,7.534652723961699e-08,1.0,0.3628291189670563,0.5099407434463501,33,0.9070502519607544,0.5099406838417053,1.0,0.5099406838417053
GCN,125,2467,6,1,2,-0.9279444217681885,3.9325361251831055,4.860480546951294,0.8660253286361694,0.05142149329185486,-0.0007309429929591715,0.30034759640693665,0.0406562015414238,0.10837438423645321,0,0.0,0.04256803907885555,61,0.26934814453125,0.98915696144104,0.32461966579756607,0.8751846381093058,36.042640686035156,0.5878877400295421,0.29980865120887756,0.941285081240768,0.29980865120887756,0.941285081240768,8.932932615834943e-09,3.0750836543802507e-08,6.380579264941844e-08,1.0,0.2664565145969391,0.4102367162704468,57,0.8002895712852478,0.4102366864681244,1.0,0.4102366864681244
GCN,125,2474,4,0,2,-5.0672221183776855,-1.1919429302215576,3.875279188156128,0.8660253286361694,0.07218801975250244,0.0,0.2712012529373169,0.07217179983854294,0.21163319439181508,0,0.0,0.03210048848569435,46,0.24652595818042755,0.9742987751960754,0.30084208083885905,0.8596750369276218,32.52655792236328,0.40841949778434267,0.2708803415298462,0.9165435745937962,0.2708803415298462,0.9165435745937962,1.594167464702423e-08,3.349303412392146e-08,1.3415329647159524e-07,1.0,0.24018992483615875,0.36979663372039795,41,0.9392575025558472,0.3697965741157532,1.0,0.3697965741157532
GCN,125,2479,6,1,1,-3.036929130554199,3.2802062034606934,6.317135334014893,0.9486831426620483,0.09083700180053711,0.0,0.3736419081687927,0.05655606836080551,0.19306555513452064,0,0.0,0.025819958129797628,37,0.36949682235717773,0.9819543957710266,0.38371895496777053,0.9117429837518464,44.834712982177734,0.8762924667651403,0.3722638189792633,0.98301329394387,0.3722638189792633,0.98301329394387,0.0,1.0193489607956963e-08,2.8803324170212363e-08,1.0,0.3628290295600891,0.5099406242370605,32,0.8827813267707825,0.5099406242370605,1.0,0.5099406242370605
GCN,125,2483,4,1,2,-3.2152223587036133,0.5973711013793945,3.812593460083008,0.8660253286361694,0.10451503098011017,0.0,0.2851004898548126,0.09844201803207397,0.3090185676392573,0,0.0,0.020237264480111653,29,0.2643497884273529,0.9526259899139404,0.3117735764323007,0.8674298375184638,34.198211669921875,0.491506646971935,0.2844172418117523,0.9298375184638109,0.2844172418117523,0.9298375184638109,1.825012141409843e-08,2.0255596311358204e-08,8.102238524543282e-08,1.0,0.2518264651298523,0.3877122700214386,24,0.9302297830581665,0.3877122402191162,1.0,0.3877122402191162
GCN,125,2489,3,1,1,-4.031211853027344,1.5566744804382324,5.587886333465576,0.9486831426620483,0.11761264503002167,0.0,0.32230719923973083,0.09186384081840515,0.26203107237589995,0,0.0,0.013258897418004187,19,0.3250177204608917,0.9604731202125549,0.34229767214629636,0.8873707533234859,38.62083053588867,0.7138109305760709,0.32112830877304077,0.9590103397341211,0.32112830877304077,0.9590103397341211,0.0,3.100081258367027e-08,6.869253610375381e-08,1.0,0.31217077374458313,0.43874260783195496,14,0.9553043842315674,0.43874257802963257,1.0,0.43874257802963257
GCN,125,2490,4,1,2,-2.381708860397339,1.6384267807006836,4.0201356410980225,0.8660253286361694,0.045974187552928925,0.0,0.2536744475364685,0.045923035591840744,0.12542629784009093,0,0.0,0.040474528960223306,58,0.22778716683387756,0.9878734350204468,0.2880670185665839,0.8408419497784343,30.4906063079834,0.2950516986706056,0.2536269426345825,0.8988183161004432,0.2536269426345825,0.8988183161004432,6.90687285143099e-09,1.609281241599092e-08,6.437251443003333e-08,1.0,0.22502487897872925,0.34644851088523865,53,0.8777763843536377,0.34644848108291626,1.0,0.34644848108291626
GCN,125,2496,4,1,1,-1.1154087781906128,3.6456518173217773,4.76106059551239,0.9486831426620483,0.0761379599571228,-0.00032792973797768354,0.31365707516670227,0.061235543340444565,0.2019704433497537,0,0.0,0.030006978367062107,43,0.3101373314857483,0.9820051193237305,0.33509472546821906,0.8829394387001477,37.62493896484375,0.6650664697193501,0.3126203119754791,0.9519940915805022,0.3126203119754791,0.9519940915805022,1.5017125321037383e-08,6.016971809685856e-08,1.8148368496895273e-07,1.0,0.3045755922794342,0.4280679225921631,39,0.9572792053222656,0.4280679523944855,1.0,0.4280679523944855
GCN,125,2505,1,1,1,-3.0664124488830566,3.6060757637023926,6.672488212585449,0.9486831426620483,0.0778270959854126,0.0,0.32146841287612915,0.05978018790483475,0.19969685486926866,0,0.0,0.026517794836008374,38,0.31786006689071655,0.982101321220398,0.34064982175067876,0.8870014771048744,38.50908279418945,0.7093796159527327,0.32005491852760315,0.9582717872968981,0.32005491852760315,0.9582717872968981,1.053671194739536e-08,5.979453732152251e-08,1.2077425992629287e-07,1.0,0.31217074394226074,0.43874257802963257,33,0.9370137453079224,0.43874257802963257,1.0,0.43874257802963257
GCN,125,2508,3,0,3,-4.343881130218506,-0.9393501281738281,3.4045310020446777,0.8017836213111877,0.057903166860342026,0.0,0.20467260479927063,0.08316364884376526,0.2233800682076544,0,0.0,0.0314026517794836,45,0.17347970604896545,0.9664742350578308,0.25302712761808266,0.4778434268833087,24.64476203918457,0.060561299852289516,0.2056148499250412,0.7784342688330872,0.2056148499250412,0.7784342688330872,1.862645149230957e-08,5.723325813278279e-09,3.0691282404404774e-08,1.0,0.16766367852687836,0.2788178324699402,40,0.9427751302719116,0.2788178324699402,1.0,0.2788178324699402
GCN,125,2509,3,0,5,-6.54599666595459,-2.65767502784729,3.8883216381073,0.7071066498756409,0.02911454066634178,0.0,0.22064067423343658,0.03045606054365635,0.10837438423645321,0,0.0,0.06489881367759945,93,0.1614125669002533,0.9903265237808228,0.2641921808429614,0.6864844903988183,26.527130126953125,0.11447562776957164,0.22128479182720184,0.8511816838995568,0.22128479182720184,0.8511816838995568,6.485911363540708e-09,5.837331507052568e-09,3.5362674566385977e-08,1.0,0.15985114872455597,0.301418274641037,88,0.6528213024139404,0.301418274641037,1.0,0.301418274641037
GCN,125,2514,2,1,2,-3.4576199054718018,0.9035372734069824,4.361157178878784,0.8660253286361694,0.05017181858420372,-0.00019900777260772884,0.240666002035141,0.05591251701116562,0.19306555513452064,0,0.0,0.03628750872295883,52,0.21684309840202332,0.9840324521064758,0.2770664817064431,0.8057607090103397,28.904945373535156,0.21639586410635156,0.24086636304855347,0.8836779911373708,0.24086636304855347,0.8836779911373708,7.450580596923828e-09,5.5306466073545835e-09,2.734744342092199e-08,1.0,0.2133883386850357,0.328532874584198,48,0.9290830492973328,0.328532874584198,1.0,0.328532874584198
GCN,125,2523,2,1,2,-2.8957881927490234,1.2694648504257202,4.165253043174744,0.8660253286361694,0.05218149349093437,0.0,0.22597408294677734,0.04894563928246498,0.14948844259189087,0,0.0,0.030006978367062107,43,0.20426449179649353,0.9805001616477966,0.26821888129257654,0.7367060561299852,27.186182022094727,0.1399556868537666,0.22642108798027039,0.8622599704579025,0.22642108798027039,0.8622599704579025,3.2261959770352178e-09,1.5513515805309908e-08,1.2066918486652867e-07,1.0,0.20028135180473328,0.30835336446762085,38,0.7342545986175537,0.30835336446762085,1.0,0.30835336446762085
GCN,125,2533,0,1,1,-2.7786989212036133,4.828009605407715,7.606708526611328,0.9486831426620483,0.0822051614522934,-0.0027621560730040073,0.33215445280075073,0.06300835311412811,0.2046229632436529,0,0.0,0.024424284717376135,35,0.32843074202537537,0.9812880158424377,0.3501885481019942,0.888109305760709,39.783817291259766,0.7540620384047267,0.3311963975429535,0.9667651403249631,0.3311963975429535,0.9667651403249631,1.4427987693466093e-08,7.693986781021067e-09,6.237949889964511e-08,1.0,0.3224598467350006,0.4532034397125244,32,0.9259238243103027,0.453203409910202,1.0,0.453203409910202
GCN,125,2540,3,0,1,-8.240564346313477,-2.1312265396118164,6.10933780670166,0.9486831426620483,0.13973881304264069,0.0,0.3229199945926666,0.11045768857002258,0.3685107995452823,1,0.0,0.011165387299371946,16,0.33016085624694824,0.945510983467102,0.34022139251851646,0.8870014771048744,38.57194900512695,0.7112259970457903,0.3211929500102997,0.9590103397341211,0.3211929500102997,0.9590103397341211,1.4901161193847656e-08,3.144636195884232e-08,6.829363741189809e-08,1.0,0.31217071413993835,0.4387425184249878,11,0.9686235785484314,0.4387425184249878,1.0,0.4387425184249878
GCN,125,2543,3,1,3,-5.348301887512207,0.06036067008972168,5.408662557601929,0.8017836213111877,0.03918425366282463,0.0,0.23258960247039795,0.035914137959480286,0.10837438423645321,0,0.0,0.04675505931612003,67,0.19337806105613708,0.9877763390541077,0.27293453279406227,0.7799113737075333,27.943906784057617,0.17429837518463812,0.2330339550971985,0.8729689807976366,0.2330339550971985,0.8729689807976366,5.26835597369768e-09,1.3983535218642373e-08,7.324364759142554e-08,1.0,0.19101428985595703,0.3176489472389221,62,0.6836932897567749,0.3176489472389221,1.0,0.3176489472389221
GCN,125,2549,4,1,1,-3.5722789764404297,1.5928065776824951,5.165085554122925,0.9486831426620483,0.07610095292329788,0.0,0.3214397430419922,0.05886818841099739,0.19723380068207655,0,0.0,0.028611304954640614,41,0.3176126480102539,0.9828662872314453,0.3417799918228406,0.8873707533234859,38.58390808105469,0.7119645494830132,0.32067760825157166,0.9590103397341211,0.32067760825157166,0.9590103397341211,4.5625303535246076e-09,5.969836536223738e-08,1.197899450744444e-07,1.0,0.31217074394226074,0.43874257802963257,36,0.94356369972229,0.4387425482273102,1.0,0.4387425482273102
GCN,125,2552,3,1,1,-2.966902732849121,4.153351306915283,7.120254039764404,0.9486831426620483,0.15586954355239868,-0.02835986204445362,0.3168446719646454,0.12843352556228638,0.4160666919287609,1,0.0,0.0209351011863224,30,0.3241487145423889,0.9291266202926636,0.33219228093321485,0.880354505169867,37.90462875366211,0.6809453471196455,0.3147958815097809,0.9531019202363368,0.3147958815097809,0.9531019202363368,1.053671194739536e-08,5.984664852576316e-08,1.8010199198670307e-07,1.0,0.30457568168640137,0.42806804180145264,26,0.9907057881355286,0.42806804180145264,1.0,0.42806804180145264
GCN,125,2557,2,1,1,-4.203047275543213,1.4876744747161865,5.690721750259399,0.9486831426620483,0.08323174715042114,0.0,0.30284714698791504,0.07085826992988586,0.21049640015157256,0,0.0,0.02721563154221912,39,0.30080774426460266,0.977084219455719,0.32505928379162774,0.8751846381093058,36.302860260009766,0.6045051698670606,0.3021160960197449,0.9427621861152142,0.3021160960197449,0.9427621861152142,6.71586253275791e-09,2.997236592250374e-08,6.048938416824967e-08,1.0,0.2939144968986511,0.4130842089653015,34,0.9783767461776733,0.4130842387676239,1.0,0.4130842387676239
GCN,125,2561,2,1,1,-1.808056116104126,4.802192687988281,6.610248804092407,0.9486831426620483,0.15477439761161804,-0.00018176756566390395,0.3338954448699951,0.12043695151805878,0.3980674497915877,1,0.0,0.022330774598743892,32,0.3437187671661377,0.938087522983551,0.3512785506608407,0.8888478581979321,40.00616455078125,0.7610782865583456,0.3316032290458679,0.9671344165435746,0.3316032290458679,0.9671344165435746,1.343172506551582e-08,3.1630708718921596e-08,7.313699512678795e-08,1.0,0.3224599063396454,0.4532035291194916,28,0.9859440326690674,0.4532034993171692,1.0,0.4532034993171692
GCN,125,2562,0,1,2,-0.8248400688171387,4.370532989501953,5.195373058319092,0.8660253286361694,0.08063244819641113,0.0,0.3434298634529114,0.04782688617706299,0.13793103448275862,0,0.0,0.02372644801116539,34,0.31061607599258423,0.9798582792282104,0.35879098043411956,0.8977104874446086,41.133094787597656,0.7994830132939439,0.3420255482196808,0.9741506646971935,0.3420255482196808,0.9741506646971935,6.71586253275791e-09,5.994767349193353e-08,1.8063876439100568e-07,1.0,0.30435970425605774,0.46859249472618103,29,0.7056525945663452,0.46859246492385864,1.0,0.46859246492385864
GCN,125,2566,3,1,2,-2.2390851974487305,3.252933979034424,5.492019176483154,0.8660253286361694,0.06715395301580429,0.0,0.2841615676879883,0.053265295922756195,0.1816976127320955,0,0.0,0.026517794836008374,38,0.2570705711841583,0.9796005487442017,0.31089036766417755,0.8666912850812407,34.07707977294922,0.4848596750369276,0.2835622727870941,0.9279911373707533,0.2835622727870941,0.9279911373707533,9.125060707049215e-09,7.627646958496825e-09,3.05105878339873e-08,1.0,0.2518264651298523,0.3877122402191162,33,0.7807800769805908,0.3877122402191162,1.0,0.3877122402191162
GCN,125,2568,3,1,1,-5.807955741882324,2.112104892730713,7.920060634613037,0.9486831426620483,0.07965358346700668,0.0,0.332051545381546,0.058676183223724365,0.1964759378552482,0,0.0,0.027913468248429867,40,0.328230082988739,0.9824200868606567,0.34906853767098006,0.888109305760709,39.83174514770508,0.7551698670605613,0.3309665322303772,0.9667651403249631,0.3309665322303772,0.9667651403249631,1.5359765015432458e-08,7.46511830129748e-09,6.144612285652329e-08,1.0,0.3224598467350006,0.4532034397125244,35,0.9282035231590271,0.4532034397125244,1.0,0.4532034397125244
GCN,125,2578,0,1,2,-1.6003426313400269,4.150384426116943,5.75072705745697,0.8660253286361694,0.049117445945739746,-0.1475171446800232,0.2708809971809387,0.25188201665878296,0.8003031451307313,1,0.0,0.040474528960223306,58,0.23584283888339996,0.9873656630516052,0.29732283895052486,0.8559822747415067,32.50657653808594,0.4080502215657312,0.27069368958473206,0.9165435745937962,0.27069368958473206,0.9165435745937962,5.665014235489707e-09,5.604886776922058e-09,2.241954710768823e-08,1.0,0.2384370118379593,0.3670978546142578,54,0.8650009632110596,0.3670978248119354,1.0,0.3670978248119354
GCN,125,2582,3,0,3,-7.389236927032471,-1.3596820831298828,6.029554843902588,0.8017836213111877,0.044431619346141815,-0.0010323867900297046,0.2677600681781769,0.036052100360393524,0.10837438423645321,0,0.0,0.0418702023726448,60,0.22250105440616608,0.988130509853363,0.29864441454288365,0.8574593796159528,32.116519927978516,0.38774002954209746,0.26761624217033386,0.9132200886262924,0.26761624217033386,0.9132200886262924,8.535712581192456e-09,7.782431588054806e-09,3.556445093977345e-08,1.0,0.2198953777551651,0.36567699909210205,56,0.674896776676178,0.36567699909210205,1.0,0.36567699909210205
GCN,125,2586,5,1,1,-2.001636028289795,4.940642833709717,6.942278861999512,0.9486831426620483,0.12263746559619904,0.0,0.37427234649658203,0.05882738530635834,0.19723380068207655,0,0.0,0.020237264480111653,29,0.3748936951160431,0.9678186774253845,0.38613834560445315,0.9154357459379616,44.83088684082031,0.8762924667651403,0.3725787401199341,0.98301329394387,0.3725787401199341,0.98301329394387,1.053671194739536e-08,1.1791326137711167e-08,6.879977831886208e-08,1.0,0.3628291189670563,0.5099407434463501,24,0.6812794208526611,0.5099407434463501,1.0,0.5099407434463501
GCN,125,2592,5,1,2,-3.708827495574951,0.934412956237793,4.643240451812744,0.8660253286361694,0.05470056086778641,-0.003537100041285157,0.25271615386009216,0.05931106209754944,0.19950738916256158,0,0.0,0.03210048848569435,46,0.22776593267917633,0.9827859401702881,0.28663606620816917,0.8375184638109305,30.4127197265625,0.2898818316100443,0.25282448530197144,0.8988183161004432,0.25282448530197144,0.8988183161004432,7.450580596923828e-09,3.026087469493177e-08,1.2157238415966276e-07,1.0,0.22399397194385529,0.34486132860183716,42,0.9032821655273438,0.34486135840415955,1.0000001192092896,0.34486132860183716
GCN,125,2598,1,1,1,-1.5989527702331543,5.310399055480957,6.909351825714111,0.9486831426620483,0.08357597142457962,0.0,0.33211857080459595,0.06112063303589821,0.2019704433497537,0,0.0,0.02512212142358688,36,0.3288068175315857,0.9806970953941345,0.34932070274366206,0.888109305760709,39.845829010009766,0.7555391432791728,0.3310331404209137,0.9667651403249631,0.3310331404209137,0.9667651403249631,8.119082295365843e-09,3.0561405850448864e-08,6.344794911683493e-08,1.0,0.322459876537323,0.4532034993171692,31,0.92168128490448,0.4532034397125244,1.0,0.4532034397125244
GCN,125,2599,3,1,3,-4.2769365310668945,0.27117085456848145,4.548107385635376,0.8017836213111877,0.04320725053548813,0.0,0.2387361228466034,0.042792461812496185,0.11083743842364532,0,0.0,0.03977669225401256,57,0.19881832599639893,0.9859266877174377,0.2773527627474495,0.8068685376661743,28.7031192779541,0.20605612998522896,0.2391565591096878,0.880354505169867,0.2391565591096878,0.880354505169867,5.015325488244571e-09,1.584168352053439e-08,6.559546505968683e-08,1.0,0.19602032005786896,0.3259737491607666,52,0.758308470249176,0.3259737491607666,1.0,0.3259737491607666
GCN,125,2603,3,1,1,-2.4113805294036865,5.4287567138671875,7.840137243270874,0.9486831426620483,0.07365676015615463,-0.0004871197452303022,0.37338870763778687,0.04415084421634674,0.11405835543766578,0,0.0,0.034891835310537335,50,0.3671995997428894,0.9880226850509644,0.38548063271480193,0.914327917282127,44.78175354003906,0.8751846381093058,0.372004896402359,0.98301329394387,0.372004896402359,0.98301329394387,6.4523919540704355e-09,6.386948303571671e-09,6.201517521731148e-08,1.0,0.3628291189670563,0.5099407434463501,46,0.8493149280548096,0.5099407434463501,1.0,0.5099407434463501
GCN,125,2604,6,1,3,-0.8774211406707764,2.4421474933624268,3.319568634033203,0.8017836213111877,0.04394714534282684,0.0,0.26859620213508606,0.03974469378590584,0.10837438423645321,0,0.0,0.04256803907885555,61,0.22317750751972198,0.9884600043296814,0.29941803543232015,0.8578286558345642,32.278324127197266,0.3951255539143279,0.26855555176734924,0.9139586410635155,0.26855555176734924,0.9139586410635155,1.0495472047011845e-08,1.1566933189044448e-08,5.379143885875237e-08,1.0,0.22060205042362213,0.36685216426849365,56,0.779050350189209,0.36685213446617126,1.0,0.36685213446617126
GCN,125,2614,2,0,5,-4.8883466720581055,-1.023775577545166,3.8645710945129395,0.7071066498756409,0.04686826467514038,0.0,0.2631104588508606,0.02958666905760765,0.10837438423645321,0,0.0,0.04675505931612003,67,0.19383162260055542,0.9825479388237,0.29509483722347923,0.8552437223042836,31.551809310913086,0.35413589364844905,0.2628531754016876,0.9076809453471196,0.2628531754016876,0.9076809453471196,1.4740220599662734e-08,2.174576252400584e-08,1.4641696566286555e-07,1.0,0.19044889509677887,0.3591139316558838,62,0.4697861075401306,0.3591139018535614,1.0,0.3591139018535614
GCN,125,2618,2,1,1,-1.0463063716888428,5.657459259033203,6.703765630722046,0.9486831426620483,0.16227637231349945,0.0,0.3753185570240021,0.10935205221176147,0.367942402425161,1,0.0,0.01674808094905792,24,0.3837037980556488,0.9455967545509338,0.3839146066578227,0.9124815361890695,44.78732681274414,0.8751846381093058,0.37212416529655457,0.98301329394387,0.37212416529655457,0.98301329394387,1.4784287571956156e-08,3.133475701133648e-08,7.006771340911655e-08,1.0,0.3628290891647339,0.5099406838417053,19,0.9597383737564087,0.5099406242370605,1.0,0.5099406242370605
GCN,125,2631,4,1,1,-4.19875431060791,2.6098062992095947,6.808560609817505,0.9486831426620483,0.10608096420764923,0.0,0.3739207983016968,0.056506235152482986,0.19306555513452064,0,0.0,0.018143754361479414,26,0.37189289927482605,0.9756277799606323,0.3852601141483855,0.914327917282127,44.963809967041016,0.8788774002954209,0.3723893165588379,0.98301329394387,0.3723893165588379,0.98301329394387,0.0,3.573191875716475e-08,7.858646711156325e-08,1.0,0.3628290891647339,0.5099406838417053,21,0.7558224201202393,0.5099406242370605,1.0,0.5099406242370605
GCN,125,2641,2,1,2,-3.166489601135254,2.1892333030700684,5.355722904205322,0.8660253286361694,0.05231768637895584,-0.0002983061131089926,0.2818527817726135,0.0460205152630806,0.12542629784009093,0,0.0,0.039078855547801813,56,0.2532069683074951,0.987287163734436,0.3095264945322036,0.8666912850812407,33.84287643432617,0.47673559822747413,0.2815719544887543,0.9257754800590842,0.2815719544887543,0.9257754800590842,3.0888476221235805e-09,1.5502482852980393e-08,6.200993141192157e-08,1.0,0.2499999701976776,0.38490018248558044,52,0.8588470220565796,0.38490018248558044,1.0,0.38490018248558044
GCN,125,2642,2,0,4,-5.3184051513671875,-0.828650712966919,4.4897544384002686,0.7499998807907104,0.034271951764822006,0.0,0.23967245221138,0.03176155686378479,0.10837438423645321,0,0.0,0.04954640614096301,71,0.18604117631912231,0.9899077415466309,0.27704249394163677,0.8046528803545052,28.833877563476562,0.21270310192023634,0.23995471000671387,0.8829394387001477,0.23995471000671387,0.8829394387001477,7.450580596923828e-09,1.616276890104018e-08,6.779971073456181e-08,1.0,0.18416358530521393,0.3274019956588745,66,0.6663497686386108,0.3274019658565521,1.0,0.3274019658565521
GCN,125,2646,4,1,1,-3.880685806274414,1.5212466716766357,5.40193247795105,0.9486831426620483,0.0707089975476265,0.0,0.313562273979187,0.055670566856861115,0.19268662372110648,0,0.0,0.030006978367062107,43,0.3093946874141693,0.9844242334365845,0.3339770355310494,0.8822008862629247,37.65781021118164,0.6665435745937962,0.31289803981781006,0.9519940915805022,0.31289803981781006,0.9519940915805022,0.0,5.589147811235762e-09,1.5893995453097887e-08,1.0,0.304575651884079,0.42806798219680786,38,0.9368195533752441,0.4280679523944855,1.0,0.4280679523944855
GCN,125,2647,4,0,3,-3.685668468475342,-0.06537008285522461,3.620298385620117,0.8017836213111877,0.0396854393184185,0.0,0.2718985974788666,0.03484518453478813,0.10837438423645321,0,0.0,0.051639916259595256,74,0.22545038163661957,0.9907892346382141,0.3023166235255514,0.8607828655834564,32.633453369140625,0.4139586410635155,0.27164921164512634,0.9165435745937962,0.27164921164512634,0.9165435745937962,4.6566128730773926e-09,1.6635990363056408e-08,6.766845217498485e-08,1.0,0.22337384521961212,0.37146154046058655,69,0.7656595706939697,0.37146151065826416,1.0,0.37146151065826416
GCN,125,2653,0,1,2,-0.2930591106414795,4.236402988433838,4.529462099075317,0.8660253286361694,0.05294527858495712,-0.05747916176915169,0.2969166934490204,0.04163090139627457,0.10913224706328155,0,0.0,0.040474528960223306,58,0.26343172788619995,0.9880154728889465,0.3217853087856193,0.8733382570162481,35.62205123901367,0.5661004431314623,0.2963677644729614,0.939807976366322,0.2963677644729614,0.939807976366322,8.686798835810805e-09,3.042629614924408e-08,1.2170518459697632e-07,1.0,0.26261574029922485,0.40432342886924744,54,0.8087489604949951,0.40432336926460266,1.0,0.40432336926460266
GCN,125,2658,2,1,1,-4.465775012969971,2.6389081478118896,7.10468316078186,0.9486831426620483,0.07463280111551285,0.0,0.3319706320762634,0.05496157705783844,0.18927624100037893,0,0.0,0.030704815073272853,44,0.327531099319458,0.9845169186592102,0.3492443374032741,0.888109305760709,39.82161331176758,0.7548005908419497,0.33084234595298767,0.9667651403249631,0.33084234595298767,0.9667651403249631,0.0,3.018301697466086e-08,5.986781559386145e-08,1.0,0.322459876537323,0.4532034993171692,39,0.9277058243751526,0.4532035291194916,1.0,0.4532035291194916
GCN,125,2668,3,0,5,-4.113976955413818,-0.9559669494628906,3.1580100059509277,0.7071066498756409,0.02500685304403305,-0.00025447309599258006,0.20829470455646515,0.03257249295711517,0.10837438423645321,0,0.0,0.06489881367759945,93,0.152149498462677,0.991974949836731,0.2558740946488607,0.5398818316100443,25.066110610961914,0.06757754800590841,0.20926669239997864,0.8039143279172821,0.20926669239997864,0.8039143279172821,6.683496867054828e-09,6.177763633985478e-09,4.26175503775994e-08,1.0,0.1509333848953247,0.2846027612686157,89,0.7673882246017456,0.28460273146629333,1.0,0.28460273146629333
GCN,125,2669,3,1,1,-4.00006103515625,4.385776042938232,8.385837078094482,0.9486831426620483,0.08908270299434662,0.0,0.3736126124858856,0.05412040650844574,0.1856763925729443,0,0.0,0.025819958129797628,37,0.3692440092563629,0.9826267957687378,0.385812738461454,0.9154357459379616,44.78207778930664,0.8751846381093058,0.37225690484046936,0.98301329394387,0.37225690484046936,0.98301329394387,1.0030650976489142e-08,3.094480405252398e-08,6.498102322893828e-08,1.0,0.3628290891647339,0.5099406838417053,32,0.8613315224647522,0.5099406242370605,1.0,0.5099406242370605
GCN,125,2681,4,1,5,-1.1192293167114258,2.4995644092559814,3.6187937259674072,0.7071066498756409,0.04261180758476257,-0.05925598740577698,0.3225342035293579,0.24435466527938843,0.7838196286472149,1,0.0,0.056524773203070484,81,0.23338733613491058,0.9901222586631775,0.34040709096093263,0.8870014771048744,38.668052673339844,0.7149187592319055,0.32158249616622925,0.9597488921713442,0.32158249616622925,0.9597488921713442,1.1368240571130173e-08,1.3032408041624421e-08,5.2124953242582706e-08,1.0,0.23302441835403442,0.43939512968063354,77,0.6850107908248901,0.43939512968063354,1.0,0.43939512968063354
GCN,125,2685,2,0,4,-6.628287315368652,-2.5165669918060303,4.111720323562622,0.7499998807907104,0.05934588238596916,0.0,0.25743797421455383,0.054117828607559204,0.1856763925729443,0,0.0,0.027913468248429867,40,0.2026631236076355,0.9742972254753113,0.28956270756210767,0.843426883308715,30.86906623840332,0.3142540620384047,0.2571312487125397,0.9017725258493353,0.2571312487125397,0.9017725258493353,9.313225746154785e-09,1.250855419243635e-08,6.247328343533809e-08,1.0,0.19745412468910217,0.351029634475708,35,0.7042770385742188,0.351029634475708,1.0,0.351029634475708
GCN,125,2686,3,1,2,-5.719179630279541,0.6907870173454285,6.4099666476249695,0.8660253286361694,0.09780437499284744,0.0,0.2774033546447754,0.08671943098306656,0.2315270935960591,0,0.0,0.015352407536636426,22,0.2564183175563812,0.9559838175773621,0.30659514897861045,0.8633677991137371,33.37989044189453,0.4494091580502216,0.27709802985191345,0.9213441654357459,0.27709802985191345,0.9213441654357459,1.053671194739536e-08,2.192196646433331e-08,8.768786585733324e-08,1.0,0.24513176083564758,0.3774050772190094,17,0.8520408868789673,0.377405047416687,1.0,0.377405047416687
GCN,125,2689,2,1,2,-4.654911041259766,1.9812918901443481,6.636202931404114,0.8660253286361694,0.08940719068050385,0.0,0.30667537450790405,0.07427068054676056,0.21314892004547176,0,0.0,0.024424284717376135,35,0.2800244987010956,0.9693673253059387,0.3281922044505838,0.8777695716395865,36.79621505737305,0.6307237813884786,0.30577296018600464,0.9471935007385525,0.30577296018600464,0.9471935007385525,0.0,1.0505797121140859e-08,4.081913473896748e-08,1.0,0.2714465856552124,0.417919397354126,30,0.8824994564056396,0.41791942715644836,1.0,0.41791942715644836
GCN,125,2690,6,1,1,-0.11884963512420654,5.14935302734375,5.2682026624679565,0.9486831426620483,0.15704141557216644,0.0,0.37516388297080994,0.10578548908233643,0.35392194012883665,1,0.0,0.015352407536636426,22,0.3824125826358795,0.9487895369529724,0.3833325221046212,0.9106351550960118,44.80988693237305,0.8759231905465288,0.3720776438713074,0.98301329394387,0.3720776438713074,0.98301329394387,1.053671194739536e-08,2.9802549761370756e-08,5.995467944330812e-08,1.0,0.3628290891647339,0.5099406838417053,17,0.9589899778366089,0.5099406242370605,1.0,0.5099406242370605
GCN,125,2699,3,1,1,-3.0275211334228516,3.9663474559783936,6.993868589401245,0.9486831426620483,0.08612877875566483,0.0,0.3476237952709198,0.060414642095565796,0.2006441834028041,0,0.0,0.025819958129797628,37,0.3439783751964569,0.9812738299369812,0.36329462170346105,0.8980797636632201,41.84932327270508,0.8153618906942393,0.34667855501174927,0.9756277695716395,0.34667855501174927,0.9756277695716395,9.497663988611293e-09,4.7516848233897235e-09,1.757215883912977e-08,1.0,0.3375369906425476,0.47439372539520264,32,0.9253044128417969,0.47439369559288025,1.0,0.47439369559288025
GCN,125,2700,3,1,1,-2.0154714584350586,4.292665481567383,6.308136940002441,0.9486831426620483,0.08699715882539749,-0.0018295325571671128,0.34768062829971313,0.06290268152952194,0.20386510041682457,0,0.0,0.02372644801116539,34,0.3439875543117523,0.9808917045593262,0.3632334400833982,0.8980797636632201,41.70504379272461,0.8138847858197932,0.34660735726356506,0.9756277695716395,0.34660735726356506,0.9756277695716395,6.969380184074225e-09,1.270261318353505e-08,4.13154666034643e-08,1.0,0.3375369906425476,0.47439372539520264,30,0.9171635508537292,0.47439369559288025,1.0,0.47439369559288025
GCN,125,2702,0,1,2,-0.0029098987579345703,3.679399251937866,3.682309150695801,0.8660253286361694,0.05912607163190842,-0.00046151314745657146,0.2591094970703125,0.05385722219944,0.18321333838575218,0,0.0,0.025819958129797628,37,0.23409461975097656,0.9809426069259644,0.2921838800950643,0.8504431314623339,31.117321014404297,0.3275480059084195,0.2588934898376465,0.904357459379616,0.2588934898376465,0.904357459379616,4.928095709288982e-09,3.7402667629748976e-09,6.165397792301519e-08,1.0,0.22965440154075623,0.353576123714447,33,0.8175961971282959,0.35357609391212463,1.0,0.35357609391212463
GCN,125,2707,3,0,4,-5.7077484130859375,-2.4101202487945557,3.297628164291382,0.7499998807907104,0.03268706053495407,0.0,0.211572527885437,0.03987845033407211,0.10837438423645321,0,0.0,0.05512909979064899,79,0.164474219083786,0.9882442951202393,0.2582785988064096,0.595642540620384,25.46211051940918,0.07644017725258494,0.21257257461547852,0.8220088626292467,0.21257257461547852,0.8220088626292467,4.374490547576215e-09,1.616958122951928e-08,7.21128756708822e-08,1.0,0.16254070401191711,0.2889613211154938,74,0.774359941482544,0.2889613211154938,1.0,0.2889613211154938
GCN,996,1370,6,1,8,-1.1976544857025146,0.6972678899765015,1.8949223756790161,0.6123723983764648,0.021423546597361565,-0.0001446457754354924,0.19232158362865448,0.029433663934469223,0.10837438423645321,0,0.0,0.07815771109560363,112,0.12179069221019745,0.9908021092414856,0.24499262346139927,0.31646971935007384,23.1663818359375,0.03508124076809453,0.19357147812843323,0.6584194977843427,0.19357147812843323,0.6584194977843427,1.0755666579598255e-08,1.2093052781381175e-08,9.875093809341706e-08,1.0,0.12067287415266037,0.2627439796924591,108,0.6472269296646118,0.2627439498901367,1.0,0.2627439498901367
GCN,996,1376,0,1,3,2.3077261447906494,4.561007499694824,2.253281354904175,0.8017836213111877,0.0350797064602375,0.0,0.22272099554538727,0.04135102778673172,0.10913224706328155,0,0.0,0.04884856943475227,70,0.18492120504379272,0.989294707775116,0.2654914941188495,0.7101181683899557,26.782052993774414,0.12186115214180207,0.2232971340417862,0.8559822747415067,0.2232971340417862,0.8559822747415067,6.8754064663778536e-09,4.769477701671576e-09,6.43438795577822e-08,1.0,0.18294157087802887,0.3042243421077728,65,0.841993510723114,0.3042243421077728,1.0,0.3042243421077728
GCN,996,1378,2,1,3,-2.8987369537353516,1.058607816696167,3.9573447704315186,0.8017836213111877,0.052128564566373825,0.0,0.29675716161727905,0.03477957099676132,0.10837438423645321,0,0.0,0.0418702023726448,60,0.24696004390716553,0.9867284893989563,0.3214323194035498,0.8733382570162481,35.60538101196289,0.5649926144756278,0.2961888611316681,0.939807976366322,0.2961888611316681,0.939807976366322,9.266542200236927e-09,1.8007911606332527e-08,7.203164642533011e-08,1.0,0.24368251860141754,0.40523403882980347,55,0.6349899172782898,0.40523403882980347,1.0,0.40523403882980347
GCN,996,1392,3,1,3,-1.701887845993042,1.9245997667312622,3.626487612724304,0.8017836213111877,0.035835810005664825,-0.0011514369398355484,0.2395954430103302,0.036246009171009064,0.10837438423645321,0,0.0,0.05024424284717376,72,0.19870473444461823,0.9903294444084167,0.27714458890343663,0.8057607090103397,28.775352478027344,0.2101181683899557,0.23990978300571442,0.8829394387001477,0.23990978300571442,0.8829394387001477,4.267856290596228e-09,1.6558109550146582e-08,6.94709854087705e-08,1.0,0.1968149095773697,0.32729512453079224,69,0.777210533618927,0.32729509472846985,1.0,0.32729509472846985
GCN,996,1393,3,1,1,-1.8472251892089844,3.70778226852417,5.555007457733154,0.9486831426620483,0.08223089575767517,0.0,0.37350350618362427,0.05043279007077217,0.1612353164077302,0,0.0,0.030006978367062107,43,0.36830222606658936,0.9851397275924683,0.3858938763940973,0.9154357459379616,44.80952072143555,0.8759231905465288,0.372132271528244,0.98301329394387,0.372132271528244,0.98301329394387,7.902533738501916e-09,1.6192613472298945e-08,7.806044521885269e-08,1.0,0.3628291189670563,0.5099407434463501,38,0.8692684769630432,0.5099407434463501,1.0,0.5099407434463501
GCN,996,1400,3,0,2,-5.313746452331543,-0.3505547046661377,4.963191747665405,0.8660253286361694,0.058645207434892654,-0.0003919585142284632,0.30606257915496826,0.045570798218250275,0.12182644941265632,0,0.0,0.03628750872295883,52,0.2751525938510895,0.9864668250083923,0.32846051047501773,0.8777695716395865,36.69017791748047,0.6244460856720827,0.30530205368995667,0.9464549483013294,0.30530205368995667,0.9464549483013294,5.26835597369768e-09,4.80557016402372e-09,1.8034983284564987e-08,1.0,0.2714465856552124,0.417919397354126,48,0.8238628506660461,0.417919397354126,1.0,0.417919397354126
GCN,996,1416,0,1,18,3.6168723106384277,4.923158168792725,1.3062858581542969,0.4522669315338135,0.013079440221190453,-0.0010089233983308077,0.22634726762771606,0.013396133668720722,0.10837438423645321,0,0.0,0.14863921842288905,213,0.10541397333145142,0.9954343438148499,0.26805851269827446,0.7367060561299852,27.201608657836914,0.14069423929098965,0.226933553814888,0.8629985228951256,0.226933553814888,0.8629985228951256,1.0780838444190977e-08,1.5910831763221722e-08,1.5098254380063736e-07,1.0,0.10494285076856613,0.30938321352005005,211,0.4193922281265259,0.30938321352005005,1.0,0.30938321352005005
GCN,996,1422,4,1,1,-4.95759391784668,0.02036309242248535,4.977957010269165,0.9486831426620483,0.0850110873579979,0.0,0.3321439027786255,0.06293544173240662,0.20386510041682457,0,0.0,0.025819958129797628,37,0.3290244936943054,0.9800483584403992,0.3496310371209115,0.888109305760709,39.873207092285156,0.7562776957163959,0.3310074806213379,0.9667651403249631,0.3310074806213379,0.9667651403249631,9.856191418577964e-09,2.9803231882397085e-08,5.960464477539063e-08,1.0,0.3224599063396454,0.4532035291194916,32,0.933097779750824,0.45320355892181396,1.0000001192092896,0.4532034993171692
GCN,996,1423,3,1,2,-0.03954017162322998,3.5429036617279053,3.5824438333511353,0.8660253286361694,0.046310484409332275,0.0,0.2313232570886612,0.052581749856472015,0.1733611216369837,0,0.0,0.03628750872295883,52,0.2082064300775528,0.9852526783943176,0.27169200449707065,0.7695716395864106,27.853904724121094,0.17134416543574593,0.2317579686641693,0.870384047267356,0.2317579686641693,0.870384047267356,5.26835597369768e-09,1.5771268735420563e-08,6.423425702450913e-08,1.0,0.20513594150543213,0.31582748889923096,47,0.9098411202430725,0.31582748889923096,1.0,0.31582748889923096
GCN,996,1425,4,1,2,-3.0175247192382812,0.16652774810791016,3.1840524673461914,0.8660253286361694,0.04911937192082405,-0.0007117718923836946,0.2376030832529068,0.05150902643799782,0.17032967032967034,0,0.0,0.03210048848569435,46,0.21400785446166992,0.9842891097068787,0.2761549657153131,0.8002215657311669,28.549785614013672,0.20125553914327918,0.23771151900291443,0.8785081240768094,0.23771151900291443,0.8785081240768094,6.969380184074225e-09,1.6551945591913864e-08,1.2292663598145737e-07,1.0,0.21067248284816742,0.32435154914855957,42,0.8631240129470825,0.3243514895439148,1.0,0.3243514895439148
GCN,996,1429,4,0,3,-3.2452940940856934,-0.38780736923217773,2.8574867248535156,0.8017836213111877,0.04172129929065704,0.0,0.23849834501743317,0.037468887865543365,0.10837438423645321,0,0.0,0.040474528960223306,58,0.19845806062221527,0.9868364334106445,0.27710286277171886,0.8057607090103397,28.643346786499023,0.20273264401772526,0.23874250054359436,0.8799852289512555,0.23874250054359436,0.8799852289512555,6.4523919540704355e-09,5.3414845879729e-09,6.583798750625647e-08,1.0,0.19584564864635468,0.3256832957267761,53,0.6869348883628845,0.3256832957267761,1.0,0.3256832957267761
GCN,996,1434,3,0,2,-4.054275989532471,-0.44444358348846436,3.6098324060440063,0.8660253286361694,0.0720544308423996,0.0,0.24162621796131134,0.08129023760557175,0.22167487684729065,0,0.0,0.02512212142358688,36,0.22090184688568115,0.9680069088935852,0.2798731001601622,0.8197932053175776,29.042001724243164,0.22156573116691286,0.24172453582286835,0.8847858197932054,0.24172453582286835,0.8847858197932054,9.125060707049215e-09,1.6157843063524524e-08,6.463807977752367e-08,1.0,0.21383453905582428,0.32921984791755676,31,0.9443051218986511,0.3292198181152344,1.0,0.3292198181152344
GCN,996,1436,5,1,1,-4.129384994506836,1.5142688751220703,5.643653869628906,0.9486831426620483,0.08288966119289398,0.0,0.32155629992485046,0.05580155551433563,0.19268662372110648,0,0.0,0.022330774598743892,32,0.3186165988445282,0.9797692894935608,0.3410913979680343,0.8873707533234859,38.519500732421875,0.7097488921713442,0.32046744227409363,0.9586410635155096,0.32046744227409363,0.9586410635155096,7.450580596923828e-09,6.062288093744428e-08,1.2411773298026674e-07,1.0,0.31217074394226074,0.43874257802963257,27,0.8214555978775024,0.43874257802963257,1.0,0.43874257802963257
GCN,996,1437,4,1,1,-1.3054295778274536,3.563976526260376,4.86940610408783,0.9486831426620483,0.07450384646654129,0.0,0.3319685757160187,0.055374324321746826,0.1896551724137931,0,0.0,0.030006978367062107,43,0.3275136947631836,0.9845691323280334,0.349732350719405,0.888109305760709,39.86307907104492,0.7555391432791728,0.33083459734916687,0.9667651403249631,0.33083459734916687,0.9667651403249631,7.679882507716229e-09,3.105671808611987e-08,6.53736051958731e-08,1.0,0.3224598467350006,0.4532034695148468,38,0.9362846612930298,0.4532034397125244,1.0,0.4532034397125244
GCN,996,1441,5,0,23,-3.0291337966918945,-1.3591375350952148,1.6699962615966797,0.40824824571609497,0.01655450649559498,-0.00035007341648451984,0.2793337404727936,0.012619777582585812,0.10837438423645321,0,0.0,0.14724354501046755,211,0.11757644265890121,0.994117021560669,0.3076872367423832,0.8641063515509602,33.499053955078125,0.45679468242245197,0.2790776491165161,0.9231905465288035,0.2790776491165161,0.9231905465288035,1.6757336851469518e-08,2.409438160100308e-08,2.0316741711212671e-07,1.0,0.11688920855522156,0.38175857067108154,207,0.347730815410614,0.38175857067108154,1.0,0.38175857067108154
GCN,996,1442,3,1,2,-2.657454252243042,2.6203622817993164,5.277816534042358,0.8660253286361694,0.056303102523088455,0.0,0.3245210349559784,0.03745819628238678,0.10837438423645321,0,0.0,0.03838101884159107,55,0.29114288091659546,0.9888724088668823,0.34427068030295765,0.8877400295420975,38.91565704345703,0.7234121122599705,0.3234799802303314,0.9612259970457903,0.3234799802303314,0.9612259970457903,7.902533738501916e-09,7.097516796505943e-09,6.498770233065443e-08,1.0,0.28790315985679626,0.4432559609413147,50,0.7479075789451599,0.4432559311389923,1.0,0.4432559311389923
GCN,996,1444,2,0,4,-2.668447971343994,-1.3399367332458496,1.3285112380981445,0.7499998807907104,0.03330957144498825,-0.0004692487418651581,0.19579026103019714,0.03411320224404335,0.10837438423645321,0,0.0,0.052337752965806,75,0.15252526104450226,0.9857870936393738,0.24797912483409404,0.3733382570162482,23.585847854614258,0.03914327917282127,0.1969500035047531,0.7005169867060561,0.1969500035047531,0.7005169867060561,2.592692283087672e-09,5.268516733991646e-09,3.2413879580417415e-08,1.0,0.15036945044994354,0.2673235237598419,72,0.6015417575836182,0.26732349395751953,1.0,0.26732349395751953
GCN,996,1448,1,1,5,-1.4140148162841797,0.8340659141540527,2.2480807304382324,0.7071066498756409,0.02160467952489853,-0.0008186937193386257,0.16303156316280365,0.03975696861743927,0.10837438423645321,0,0.0,0.06629448709002093,95,0.11925861984491348,0.9902418255805969,0.22793939270695998,0.1310930576070901,19.73208999633789,0.0051698670605613,0.16527767479419708,0.155096011816839,0.16527767479419708,0.155096011816839,4.368290174028289e-09,6.595983759183355e-09,5.3557123180780764e-08,1.0,0.11810848861932755,0.22270753979682922,91,0.8205729126930237,0.22270753979682922,1.0,0.22270753979682922
GCN,996,1450,3,0,3,-3.727747678756714,-0.1303565502166748,3.597391128540039,0.8017836213111877,0.04063565284013748,0.0,0.2676871716976166,0.036529723554849625,0.10837438423645321,0,0.0,0.05024424284717376,72,0.22210615873336792,0.9900462627410889,0.29861499940326874,0.8574593796159528,32.135581970214844,0.3892171344165436,0.2674880623817444,0.912850812407681,0.2674880623817444,0.912850812407681,6.4523919540704355e-09,6.960624077123612e-09,3.090601907729251e-08,1.0,0.2198953777551651,0.36567699909210205,67,0.7717628479003906,0.36567696928977966,1.0,0.36567696928977966
GCN,996,1452,4,0,3,-3.24088716506958,-1.2880656719207764,1.9528214931488037,0.8017836213111877,0.039163362234830856,0.0,0.20426855981349945,0.05236315354704857,0.1733611216369837,0,0.0,0.0418702023726448,60,0.17037200927734375,0.9842410087585449,0.25312045352290674,0.4778434268833087,24.588228225708008,0.058714918759231904,0.2052142173051834,0.7721565731166913,0.2052142173051834,0.7721565731166913,5.7410578513383825e-09,1.5384561180553646e-08,6.344794911683493e-08,1.0,0.16768711805343628,0.2788568139076233,55,0.8759201765060425,0.2788568139076233,1.0,0.2788568139076233
GCN,996,1457,3,1,3,-4.092370986938477,1.0709037780761719,5.163274765014648,0.8017836213111877,0.044011928141117096,-0.0004613852361217141,0.319662481546402,0.027460526674985886,0.10837438423645321,0,0.0,0.052337752965806,75,0.26479607820510864,0.9917921423912048,0.34026013002023964,0.8870014771048744,38.323936462402344,0.7005169867060561,0.3188307285308838,0.9571639586410635,0.3188307285308838,0.9571639586410635,5.350040854779081e-09,6.646896810735825e-09,2.6440376998948523e-08,1.0,0.26263830065727234,0.4367567300796509,71,0.6396572589874268,0.4367567002773285,1.0,0.4367567002773285
GCN,996,1476,6,1,2,-2.3844757080078125,1.3968843221664429,3.7813600301742554,0.8660253286361694,0.0553131178021431,-0.0019927402026951313,0.3060360252857208,0.038459938019514084,0.10837438423645321,0,0.0,0.03558967201674808,51,0.2746776044368744,0.9879283308982849,0.32815942129606746,0.8777695716395865,36.693206787109375,0.6248153618906942,0.30528929829597473,0.9464549483013294,0.30528929829597473,0.9464549483013294,3.2261959770352178e-09,3.6149723214862206e-09,9.599853356689891e-09,1.0,0.2714465856552124,0.417919397354126,48,0.7371292114257812,0.417919397354126,1.0,0.417919397354126
GCN,996,1486,2,1,3,-3.056509494781494,0.1434556245803833,3.1999651193618774,0.8017836213111877,0.03606593608856201,-0.06325185298919678,0.21675944328308105,0.045570626854896545,0.12182644941265632,0,0.0,0.04884856943475227,70,0.17784957587718964,0.9878063201904297,0.2614322346634278,0.6480797636632201,26.107030868530273,0.09785819793205318,0.2176028937101364,0.8408419497784343,0.2176028937101364,0.8408419497784343,1.862645149230957e-09,1.5663593089243477e-08,6.455919532299959e-08,1.0,0.17743583023548126,0.29506850242614746,67,0.8783811330795288,0.29506850242614746,1.0,0.29506850242614746
GCN,996,1487,6,1,4,-0.810586154460907,1.1229275465011597,1.9335137009620667,0.7499998807907104,0.027274535968899727,-0.000595325545873493,0.22081813216209412,0.03213720768690109,0.10837438423645321,0,0.0,0.0628053035589672,90,0.17100046575069427,0.9924439787864685,0.26449760840475883,0.6905465288035451,26.548505783081055,0.11521418020679468,0.22157472372055054,0.8515509601181684,0.22157472372055054,0.8515509601181684,3.8399412538581146e-09,1.5447417567315824e-08,6.434556354406595e-08,1.0,0.169720858335495,0.3017260432243347,86,0.7542918920516968,0.30172601342201233,1.0,0.30172601342201233
GCN,996,1493,4,1,1,-1.2239623069763184,2.894148826599121,4.1181111335754395,0.9486831426620483,0.07283671945333481,0.0,0.28047069907188416,0.0672539621591568,0.20765441455096628,0,0.0,0.028611304954640614,41,0.2779804766178131,0.9794750809669495,0.3080622647277404,0.8652141802067946,33.65645980834961,0.46639586410635153,0.28003066778182983,0.9246676514032496,0.28003066778182983,0.9246676514032496,7.213993846733047e-09,3.8768224186469524e-09,1.550728967458781e-08,1.0,0.2722749412059784,0.38267073035240173,36,0.9827343821525574,0.38267073035240173,1.0,0.38267073035240173
GCN,996,1499,2,0,4,-2.4648163318634033,-0.2944681644439697,2.1703481674194336,0.7499998807907104,0.032199643552303314,0.0,0.18113964796066284,0.043852798640728,0.1138688897309587,0,0.0,0.051639916259595256,74,0.14128898084163666,0.9845120906829834,0.23770196258094198,0.21307237813884786,21.850448608398438,0.02031019202363368,0.18267574906349182,0.4793205317577548,0.18267574906349182,0.4793205317577548,8.981349886028056e-09,1.8717722483074795e-08,1.439966297311912e-07,1.0,0.13910070061683655,0.24729019403457642,69,0.7400838732719421,0.24729017913341522,1.0,0.24729017913341522
GCN,996,1501,6,1,7,-1.0376026630401611,1.06624174118042,2.103844404220581,0.6396021246910095,0.021951094269752502,-0.00022954259475227445,0.22519908845424652,0.019517723470926285,0.10837438423645321,0,0.0,0.07885554780181438,113,0.1485891193151474,0.9935214519500732,0.2674743423233839,0.731536189069424,27.0739688873291,0.13552437223042835,0.22590771317481995,0.8615214180206795,0.22590771317481995,0.8615214180206795,1.1272466515777069e-08,1.834691865099103e-08,9.350868168667148e-08,1.0,0.14763034880161285,0.3077545762062073,109,0.5122825503349304,0.3077545762062073,1.0,0.3077545762062073
GCN,996,1506,2,1,2,-1.318467140197754,1.6148414611816406,2.9333086013793945,0.8660253286361694,0.05089077726006508,0.0,0.2407170683145523,0.05573076754808426,0.19268662372110648,0,0.0,0.034193998604326585,49,0.21698597073554993,0.9835895895957947,0.27731958472053253,0.8057607090103397,28.893760681152344,0.21565731166912852,0.24088583886623383,0.8836779911373708,0.24088583886623383,0.8836779911373708,7.406796065367871e-09,1.544434802269734e-08,6.155365639415322e-08,1.0,0.21342512965202332,0.328589528799057,44,0.9131736755371094,0.3285894989967346,1.0,0.3285894989967346
GCN,996,1507,0,1,6,-1.8230829238891602,0.263485312461853,2.086568236351013,0.6708203554153442,0.028268294408917427,0.0,0.20975223183631897,0.03159470483660698,0.10837438423645321,0,0.0,0.056524773203070484,81,0.1457705795764923,0.988810122013092,0.25721059241281996,0.5705317577548006,25.2315616607666,0.07163958641063516,0.2106783390045166,0.8131462333825702,0.2106783390045166,0.8131462333825702,9.5545704681399e-09,1.885445399807395e-08,1.0043073928045487e-07,1.0,0.14413942396640778,0.28649380803108215,76,0.6290534138679504,0.28649380803108215,1.0,0.28649380803108215
GCN,996,1523,0,1,2,0.6246308088302612,3.9901046752929688,3.3654738664627075,0.8660253286361694,0.05808721482753754,-0.08949168026447296,0.30193257331848145,0.04814467579126358,0.14153088291019325,0,0.0,0.03768318213538032,54,0.266204297542572,0.9859253764152527,0.32200431633360527,0.8733382570162481,36.209957122802734,0.6000738552437223,0.3011668026447296,0.9420236336779911,0.3011668026447296,0.9420236336779911,1.0495472047011845e-08,3.172632645487283e-08,7.072994634427232e-08,1.0,0.2664565145969391,0.4102367162704468,50,0.8668985366821289,0.4102367162704468,1.0,0.4102367162704468
GCN,996,1541,3,1,1,-4.213269233703613,2.564351797103882,6.777621030807495,0.9486831426620483,0.09069238603115082,0.0,0.3736395239830017,0.05680093169212341,0.19325502084122773,0,0.0,0.025819958129797628,37,0.3694758117198944,0.9820103049278259,0.3834082191684732,0.9106351550960118,44.820491790771484,0.8759231905465288,0.3715169429779053,0.98301329394387,0.3715169429779053,0.98301329394387,6.969380184074225e-09,3.042540797082438e-08,6.26708143158794e-08,1.0,0.3628290891647339,0.5099406838417053,32,0.8880113363265991,0.5099406242370605,1.0,0.5099406242370605
GCN,996,1546,2,0,5,-3.5329508781433105,-1.5550382137298584,1.9779126644134521,0.7071066498756409,0.025761853903532028,-0.06594783812761307,0.17848734557628632,0.03571829944849014,0.10837438423645321,0,0.0,0.05303558967201675,76,0.12906594574451447,0.9881930947303772,0.2366453516511078,0.19719350073855244,21.535507202148438,0.01809453471196455,0.180108442902565,0.43057607090103395,0.180108442902565,0.43057607090103395,6.664205187689731e-09,8.779678317694106e-09,7.001479218615714e-08,1.0,0.12884901463985443,0.24296008050441742,72,0.6999483108520508,0.2429600954055786,1.0,0.2429600954055786
GCN,996,1554,3,0,4,-6.627439975738525,-3.9467508792877197,2.6806890964508057,0.7499998807907104,0.057508327066898346,0.0,0.27055513858795166,0.05334868282079697,0.18226600985221675,0,0.0,0.03210048848569435,46,0.21226847171783447,0.9780408143997192,0.3011683660518015,0.8604135893648449,32.482826232910156,0.4076809453471196,0.2701962888240814,0.9158050221565731,0.2701962888240814,0.9158050221565731,8.33000246558413e-09,8.618862068487942e-09,7.471361129773868e-08,1.0,0.207607239484787,0.3690796196460724,41,0.7529566287994385,0.36907958984375,1.0,0.36907958984375
GCN,996,1561,1,1,2,-1.3350017070770264,2.2163538932800293,3.5513556003570557,0.8660253286361694,0.04245861992239952,0.0,0.21044495701789856,0.05464693531394005,0.18927624100037893,0,0.0,0.03698534542916958,53,0.1894531100988388,0.985026478767395,0.25576748544688793,0.5398818316100443,25.35221290588379,0.07459379615952733,0.21131044626235962,0.8153618906942393,0.21131044626235962,0.8153618906942393,7.450580596923828e-09,1.5183276858010686e-08,6.259637785888117e-08,1.0,0.18661633133888245,0.28731468319892883,48,0.9382726550102234,0.28731468319892883,1.0,0.28731468319892883
GCN,996,1565,2,0,2,-3.526384115219116,-0.2655954360961914,3.260788679122925,0.8660253286361694,0.12177783250808716,0.0,0.20521759986877441,0.16577862203121185,0.563849943160288,1,0.0,0.020237264480111653,29,0.2025602012872696,0.8866291642189026,0.25087051526058735,0.4423929098966027,24.450632095336914,0.05502215657311669,0.20378604531288147,0.7632939438700148,0.20378604531288147,0.7632939438700148,0.0,6.718258394045051e-09,4.7424350668734405e-08,1.0,0.17959578335285187,0.27650582790374756,24,0.9677550196647644,0.27650582790374756,1.0,0.27650582790374756
GCN,996,1567,3,0,4,-4.996186256408691,-2.9804039001464844,2.015782356262207,0.7499998807907104,0.048893678933382034,0.0,0.23198021948337555,0.05722377076745033,0.19458128078817735,0,0.0,0.03349616189811584,48,0.18194495141506195,0.9783991575241089,0.27254328970072766,0.7788035450516987,27.88252067565918,0.17208271787296897,0.23236039280891418,0.8722304283604135,0.23236039280891418,0.8722304283604135,1.0860993882033654e-08,1.1383876952208993e-08,6.198020230385737e-08,1.0,0.17801478505134583,0.31647080183029175,43,0.8145090341567993,0.31647077202796936,1.0,0.31647077202796936
GCN,996,1568,2,0,4,-2.540273427963257,-0.36958765983581543,2.1706857681274414,0.7499998807907104,0.026322316378355026,-0.0003338335664011538,0.1693403422832489,0.04483628645539284,0.11860553239863585,0,0.0,0.05722260990928123,82,0.13165123760700226,0.9881007671356201,0.23141715123877127,0.14734121122599705,20.465749740600586,0.00812407680945347,0.17126117646694183,0.258493353028065,0.17126117646694183,0.258493353028065,3.6369309786010717e-09,1.513007319431381e-08,1.2090615086890466e-07,1.0,0.13009144365787506,0.23127372562885284,78,0.8653408288955688,0.23127372562885284,1.0,0.23127372562885284
GCN,996,1583,0,1,10,-0.8217312097549438,0.8845794200897217,1.7063106298446655,0.5669466257095337,0.015888851135969162,-0.00022900456679053605,0.17726927995681763,0.023317739367485046,0.10837438423645321,0,0.0,0.08932309839497557,128,0.10372307151556015,0.9930325150489807,0.2369800513464096,0.2034711964549483,21.40812873840332,0.016617429837518464,0.17907561361789703,0.4102658788774003,0.17907561361789703,0.4102658788774003,8.999439415902089e-09,1.2137065574790995e-08,1.1002300936979736e-07,1.0,0.10300317406654358,0.24224072694778442,124,0.5899695158004761,0.24224071204662323,1.0,0.24224071204662323
GCN,996,1589,2,1,3,-3.3782708644866943,0.3432579040527344,3.7215287685394287,0.8017836213111877,0.03290301933884621,-0.0003226068802177906,0.24270011484622955,0.031701426953077316,0.10837438423645321,0,0.0,0.05792044661549198,83,0.20100386440753937,0.9920398592948914,0.2799437973547388,0.8197932053175776,29.169645309448242,0.22673559822747416,0.2430289089679718,0.8866322008862629,0.2430289089679718,0.8866322008862629,5.665014235489707e-09,1.5553240473309415e-08,6.389748108404092e-08,1.0,0.199412003159523,0.3316139876842499,79,0.7499464154243469,0.3316139876842499,1.0,0.3316139876842499
GCN,996,1591,3,1,1,-5.328783988952637,1.625551700592041,6.954335689544678,0.9486831426620483,0.07737024128437042,-0.0012462912127375603,0.3475061058998108,0.054451730102300644,0.1883289124668435,0,0.0,0.02930914166085136,42,0.34267130494117737,0.9848003387451172,0.36296564154211447,0.8980797636632201,41.64900588989258,0.8138847858197932,0.3462936282157898,0.9756277695716395,0.3462936282157898,0.9756277695716395,0.0,8.789935002084803e-09,2.4644878138246895e-08,1.0,0.33753702044487,0.4743937849998474,38,0.9112474918365479,0.47439372539520264,0.9999999403953552,0.474393755197525
GCN,996,1597,3,1,2,-2.5425896644592285,1.9834635257720947,4.526053190231323,0.8660253286361694,0.07410874962806702,-0.0010894184233620763,0.30635857582092285,0.041457898914813995,0.10913224706328155,0,0.0,0.027913468248429867,40,0.2773078680038452,0.9786396622657776,0.3293795331429475,0.8788774002954209,36.68962860107422,0.6244460856720827,0.3055703639984131,0.9471935007385525,0.3055703639984131,0.9471935007385525,4.839293854530524e-09,3.037659368487766e-08,6.407540098507525e-08,1.0,0.2714466154575348,0.41791945695877075,36,0.5605037212371826,0.41791942715644836,1.0,0.41791942715644836
GCN,996,1600,3,1,1,-3.8265609741210938,3.451638698577881,7.278199672698975,0.9486831426620483,0.08537032455205917,0.0,0.37355250120162964,0.05391151085495949,0.18321333838575218,0,0.0,0.02930914166085136,42,0.3687247037887573,0.9840108752250671,0.38502158931169933,0.9132200886262924,44.79343795776367,0.8755539143279173,0.3721856474876404,0.98301329394387,0.3721856474876404,0.98301329394387,1.1019557710767458e-08,7.126101486676362e-09,6.212172820596606e-08,1.0,0.3628291189670563,0.5099407434463501,37,0.8951737880706787,0.5099406838417053,1.0,0.5099406838417053
GCN,996,1602,0,1,10,3.638867139816284,5.087319850921631,1.4484527111053467,0.5669466257095337,0.018756752833724022,-0.0003110597899649292,0.20407071709632874,0.023015096783638,0.10837438423645321,0,0.0,0.09979064898813678,143,0.11944135278463364,0.9926762580871582,0.2526946135290282,0.4771048744460857,24.557714462280273,0.057976366322008865,0.20508486032485962,0.7703101920236337,0.20508486032485962,0.7703101920236337,1.02577688565475e-08,1.3937035525657393e-08,1.2015075867566338e-07,1.0,0.11857108771800995,0.27885302901268005,140,0.5424400568008423,0.27885299921035767,1.0,0.27885299921035767
GCN,996,1605,3,0,3,-3.4007408618927,-0.06599974632263184,3.3347411155700684,0.8017836213111877,0.034807637333869934,0.0,0.23211050033569336,0.03711290657520294,0.10837438423645321,0,0.0,0.055826936496859735,80,0.1925465315580368,0.990283191204071,0.27189106290874177,0.7703101920236337,27.889339447021484,0.17208271787296897,0.232411190867424,0.8722304283604135,0.232411190867424,0.8722304283604135,5.247736023505922e-09,5.121612467462455e-09,6.495265836292674e-08,1.0,0.19067558646202087,0.3170856833457947,75,0.7937110662460327,0.3170856535434723,1.0,0.3170856535434723
GCN,996,1611,3,0,2,-3.855747938156128,-1.0387754440307617,2.816972494125366,0.8660253286361694,0.08774266391992569,0.0,0.25630810856819153,0.08635631203651428,0.23133762788935203,0,0.0,0.01465457083042568,21,0.23639944195747375,0.9583713412284851,0.2896912026811687,0.8441654357459379,30.757917404174805,0.30834564254062036,0.25583377480506897,0.9002954209748892,0.25583377480506897,0.9002954209748892,1.0370769132350688e-08,2.0132194578081908e-08,8.206479407135703e-08,1.0,0.22655843198299408,0.3488095700740814,16,0.8738486766815186,0.3488095700740814,1.0,0.3488095700740814
GCN,996,1628,0,1,17,4.4059553146362305,5.307516574859619,0.9015612602233887,0.462909996509552,0.013872208073735237,-0.01157333143055439,0.20233502984046936,0.015784263610839844,0.10837438423645321,0,0.0,0.13189113747383113,189,0.09643127024173737,0.9938586354255676,0.25165746033852465,0.45420974889217136,24.357149124145508,0.051698670605613,0.203435480594635,0.7592319054652881,0.203435480594635,0.7592319054652881,1.2440653840428695e-08,1.5050048318698828e-08,1.6768591137861222e-07,1.0,0.09596256911754608,0.2764038145542145,187,0.42629116773605347,0.2764038145542145,1.0,0.2764038145542145
GCN,996,1629,2,1,3,-2.555130958557129,0.7910385131835938,3.3461694717407227,0.8017836213111877,0.040660664439201355,-0.0007715807296335697,0.26336565613746643,0.03607141226530075,0.10837438423645321,0,0.0,0.045359385903698535,65,0.2185547798871994,0.9897055625915527,0.2945934133927338,0.8530280649926145,31.604562759399414,0.3567208271787297,0.26318395137786865,0.9084194977843427,0.26318395137786865,0.9084194977843427,6.4523919540704355e-09,1.5889732196683326e-08,6.502939697838883e-08,1.0,0.21632902324199677,0.3597463071346283,62,0.7314921617507935,0.3597462475299835,0.9999999403953552,0.3597462773323059
GCN,996,1632,2,0,3,-3.7403454780578613,-1.0391991138458252,2.701146364212036,0.8017836213111877,0.0515323206782341,0.0,0.22225908935070038,0.06663265824317932,0.2074649488442592,0,0.0,0.03628750872295883,52,0.18656475841999054,0.9771642684936523,0.2646322491751618,0.6971935007385525,26.784015655517578,0.12186115214180207,0.22270257771015167,0.8548744460856721,0.22270257771015167,0.8548744460856721,8.172322374377927e-09,1.601779153759253e-08,6.63187336158444e-08,1.0,0.18230442702770233,0.3031647801399231,47,0.9216883182525635,0.3031647801399231,1.0,0.3031647801399231
GCN,996,1637,0,1,2,-1.1841260194778442,1.8588624000549316,3.042988419532776,0.8660253286361694,0.07311322540044785,0.0,0.22256948053836823,0.08557026088237762,0.23076923076923078,0,0.0,0.02372644801116539,34,0.20469149947166443,0.9615088105201721,0.26467232402815444,0.7005169867060561,26.728612899780273,0.12001477104874446,0.22276008129119873,0.8548744460856721,0.22276008129119873,0.8548744460856721,5.26835597369768e-09,6.824212306355548e-09,6.861673540470292e-08,1.0,0.1968126744031906,0.3030129671096802,29,0.9023668766021729,0.3030129671096802,1.0,0.3030129671096802
GCN,996,1644,0,1,2,0.5337625741958618,3.4264943599700928,2.892731785774231,0.8660253286361694,0.042852409183979034,0.0,0.19471700489521027,0.060759179294109344,0.20121258052292534,0,0.0,0.03279832519190509,47,0.1757330596446991,0.9822480082511902,0.24677609653557767,0.3511816838995569,23.467201232910156,0.03840472673559823,0.19591520726680756,0.6879615952732644,0.19591520726680756,0.6879615952732644,7.138452495780712e-09,1.5596395286365805e-08,6.591040602188514e-08,1.0,0.1726134568452835,0.265755832195282,42,0.9563813805580139,0.265755832195282,1.0,0.265755832195282
GCN,996,1645,3,1,4,-1.7277127504348755,0.29936277866363525,2.0270755290985107,0.7499998807907104,0.03293371573090553,0.0,0.22667859494686127,0.036897897720336914,0.10837438423645321,0,0.0,0.050942079553384506,73,0.17600567638874054,0.989585816860199,0.26885158426482403,0.7440915805022157,27.244327545166016,0.1429098966026588,0.22722645103931427,0.8637370753323486,0.22722645103931427,0.8637370753323486,6.177695244247161e-09,1.1942362654338012e-08,6.917852601873165e-08,1.0,0.17417272925376892,0.30964046716690063,68,0.7618905901908875,0.30964046716690063,1.0,0.30964046716690063
GCN,996,1653,4,0,5,-4.339203834533691,-2.0502591133117676,2.288944721221924,0.7071066498756409,0.027107516303658485,-0.0005282131605781615,0.21705351769924164,0.033741142600774765,0.10837438423645321,0,0.0,0.06489881367759945,93,0.1586320698261261,0.9913220405578613,0.2620464522308475,0.6621122599704579,26.114715576171875,0.0982274741506647,0.217876136302948,0.8419497784342689,0.217876136302948,0.8419497784342689,5.963374238859842e-09,6.060029811294498e-09,3.8901536214552834e-08,1.0,0.1572664976119995,0.29654461145401,89,0.7374335527420044,0.29654461145401,1.0,0.29654461145401
GCN,996,1661,5,1,4,-0.13176703453063965,2.0714035034179688,2.2031705379486084,0.7499998807907104,0.024772167205810547,-0.0009103647316806018,0.16424186527729034,0.042254433035850525,0.10989010989010989,0,0.0,0.04745289602233078,68,0.1275947391986847,0.9887840747833252,0.22866931865633006,0.1329394387001477,19.872034072875977,0.005539143279172821,0.16641922295093536,0.17319054652880356,0.16641922295093536,0.17319054652880356,0.0,7.997571493945088e-09,6.400937735406842e-08,1.0,0.1261809915304184,0.22432181239128113,64,0.8151115775108337,0.22432181239128113,1.0,0.22432181239128113
GCN,996,1668,2,1,2,-1.3601458072662354,2.9119560718536377,4.272101879119873,0.8660253286361694,0.052428293973207474,-0.0004664873122237623,0.2896761894226074,0.04256094992160797,0.10989010989010989,0,0.0,0.039078855547801813,56,0.2600827217102051,0.9879030585289001,0.31427656868107756,0.8685376661742984,34.717891693115234,0.5210487444608567,0.28904247283935547,0.9350073855243722,0.28904247283935547,0.9350073855243722,6.035659971814766e-09,5.65303981403531e-09,6.374969530043018e-08,1.0,0.2569553256034851,0.39560866355895996,52,0.814608633518219,0.39560866355895996,1.0,0.39560866355895996
GCN,996,1675,6,1,4,-1.0155980587005615,1.5790261030197144,2.594624161720276,0.7499998807907104,0.028180701658129692,0.0,0.18724778294563293,0.03943974897265434,0.10837438423645321,0,0.0,0.044661549197487785,64,0.14548718929290771,0.9888362288475037,0.2422305422651126,0.2692023633677991,22.58723258972168,0.027695716395864108,0.1888255774974823,0.5849335302806499,0.1888255774974823,0.5849335302806499,5.8161075955354136e-09,1.5751599136137884e-08,1.2401811488871317e-07,1.0,0.1438629925251007,0.2557564973831177,59,0.7861766815185547,0.2557564973831177,1.0,0.2557564973831177
GCN,996,1679,3,0,3,-4.788257122039795,-0.561432421207428,4.226824700832367,0.8017836213111877,0.04936723783612251,-0.00039515725802630186,0.27205872535705566,0.03915656358003616,0.10837438423645321,0,0.0,0.034891835310537335,50,0.22656431794166565,0.985851526260376,0.30245166006126145,0.8607828655834564,32.695281982421875,0.41654357459379615,0.2719586491584778,0.9165435745937962,0.2719586491584778,0.9165435745937962,7.450580596923828e-09,1.880350630756311e-08,8.131491568974525e-08,1.0,0.22337381541728973,0.37146151065826416,46,0.6920629739761353,0.3714614808559418,1.0,0.3714614808559418
GCN,996,1684,3,1,2,-4.218010902404785,0.273514986038208,4.491525888442993,0.8660253286361694,0.07073012739419937,0.0,0.3137349784374237,0.0544777512550354,0.1883289124668435,0,0.0,0.027913468248429867,40,0.28336602449417114,0.9813919067382812,0.33509752697227047,0.8829394387001477,37.62458801269531,0.6650664697193501,0.31282880902290344,0.9519940915805022,0.31282880902290344,0.9519940915805022,7.092741505232425e-09,3.048570462738098e-08,6.451720224731616e-08,1.0,0.2780930995941162,0.4281523823738098,35,0.8370825052261353,0.4281524419784546,1.0,0.4281524419784546
GCN,996,1688,4,1,3,-2.116150140762329,1.0967252254486084,3.2128753662109375,0.8017836213111877,0.042996279895305634,0.0,0.26113638281822205,0.042811207473278046,0.1110269041303524,0,0.0,0.04815073272854152,69,0.2170071303844452,0.9883160591125488,0.2935002147618536,0.8511816838995568,31.382556915283203,0.3434268833087149,0.26101216673851013,0.9069423929098966,0.26101216673851013,0.9069423929098966,7.258941003840391e-09,1.6639248201499868e-08,7.032873128309802e-08,1.0,0.21447165310382843,0.35665756464004517,64,0.8338945508003235,0.3566575050354004,1.0,0.3566575050354004
GCN,996,1695,0,1,3,1.8464688062667847,4.553306579589844,2.706837773323059,0.8017836213111877,0.03938470408320427,0.0,0.23238077759742737,0.04282008856534958,0.1110269041303524,0,0.0,0.0418702023726448,60,0.19322964549064636,0.98763108253479,0.27248310012646015,0.7788035450516987,27.926401138305664,0.17319054652880356,0.2328334003686905,0.8729689807976366,0.2328334003686905,0.8729689807976366,9.76779368500047e-09,7.81393172388789e-09,3.940826331927383e-08,1.0,0.19083960354328156,0.31735843420028687,55,0.8102841973304749,0.31735843420028687,1.0,0.31735843420028687
GCN,996,1705,1,1,7,-0.7263571619987488,1.8962018489837646,2.6225590109825134,0.6396021246910095,0.022932209074497223,0.0,0.22149328887462616,0.026231056079268456,0.10837438423645321,0,0.0,0.08443824145150035,121,0.14625658094882965,0.9926989674568176,0.2645165653287533,0.6905465288035451,26.625764846801758,0.11816838995568685,0.22213295102119446,0.8519202363367799,0.22213295102119446,0.8519202363367799,7.996300510626497e-09,8.848043187015264e-09,6.403149654943263e-08,1.0,0.14518874883651733,0.30266472697257996,116,0.6481870412826538,0.30266472697257996,1.0,0.30266472697257996
GCN,996,1707,5,1,1,-2.602189064025879,0.9641099572181702,3.566299021244049,0.9486831426620483,0.06727758795022964,0.0,0.2726956307888031,0.06388485431671143,0.20500189465706706,0,0.0,0.030006978367062107,43,0.26979827880859375,0.9814287424087524,0.3028938365704029,0.861890694239291,32.753883361816406,0.4191285081240768,0.2723209857940674,0.9165435745937962,0.2723209857940674,0.9165435745937962,7.213993846733047e-09,4.199028236229196e-09,6.192594526055473e-08,1.0,0.26478779315948486,0.3721478581428528,38,0.9826230406761169,0.3721478283405304,1.0,0.3721478283405304
GCN,996,1726,2,0,3,-2.721322774887085,-0.2847389578819275,2.4365838170051575,0.8017836213111877,0.029439043253660202,0.0,0.16683048009872437,0.05034510791301727,0.1612353164077302,0,0.0,0.045359385903698535,65,0.13885046541690826,0.9866095185279846,0.23023506213636738,0.1362629246676514,20.163476943969727,0.00775480059084195,0.16880373656749725,0.21159527326440178,0.16880373656749725,0.21159527326440178,1.3774447138459323e-09,1.517479475410255e-08,1.2096622015178582e-07,1.0,0.13699117302894592,0.22781071066856384,60,0.9150107502937317,0.22781069576740265,1.0,0.22781069576740265
GCN,996,1727,2,0,3,-3.3443140983581543,-0.7515276074409485,2.592786490917206,0.8017836213111877,0.041580550372600555,-0.0004188990278635174,0.22068777680397034,0.04748190939426422,0.1330049261083744,0,0.0,0.03977669225401256,57,0.18396136164665222,0.9847673773765564,0.2630575157621417,0.670605612998523,26.559247970581055,0.1155834564254062,0.22126899659633636,0.8511816838995568,0.22126899659633636,0.8511816838995568,7.1080110686239095e-09,6.883286829406643e-09,3.312419849521575e-08,1.0,0.18117254972457886,0.30128252506256104,53,0.8082270622253418,0.30128249526023865,1.0000001192092896,0.30128246545791626
GCN,996,1734,2,0,4,-3.899731397628784,-2.2387888431549072,1.660942554473877,0.7499998807907104,0.04960022494196892,0.0,0.156321719288826,0.0954800471663475,0.2847669571807503,0,0.0,0.03210048848569435,46,0.12551932036876678,0.9526767134666443,0.22521588908908888,0.12629246676514033,18.925914764404297,0.0029542097488921715,0.15855517983436584,0.0723781388478582,0.15855517983436584,0.0723781388478582,6.195220336735474e-09,5.779877021439006e-09,4.623901617151205e-08,1.0,0.11957933753728867,0.21258553862571716,41,0.9027542471885681,0.21258550882339478,1.0,0.21258550882339478
GCN,996,1749,2,0,4,-3.6407556533813477,-1.4955484867095947,2.145207166671753,0.7499998807907104,0.02372104860842228,-0.0526401661336422,0.1568552702665329,0.04547305405139923,0.11974232663887836,0,0.0,0.061409630146545706,88,0.12061502039432526,0.9885213375091553,0.22482543173495817,0.12481536189069424,19.004873275756836,0.0029542097488921715,0.15927430987358093,0.07828655834564253,0.15927430987358093,0.07828655834564253,3.2927225390722015e-09,8.354573921565134e-09,6.855350420664763e-08,1.0,0.12019108980894089,0.21367309987545013,84,0.9020707607269287,0.21367308497428894,1.0,0.21367308497428894
GCN,996,1752,2,0,3,-3.765188455581665,-0.7750704288482666,2.9901180267333984,0.8017836213111877,0.04047592729330063,-0.00028287104214541614,0.18734212219715118,0.05498063564300537,0.18927624100037893,0,0.0,0.03838101884159107,55,0.15682782232761383,0.9800923466682434,0.24125145946318177,0.2536927621861152,22.58033561706543,0.027695716395864108,0.18873588740825653,0.5841949778434269,0.18873588740825653,0.5841949778434269,3.4924596548080444e-10,2.282007471876568e-09,6.165617350006869e-08,1.0,0.15371456742286682,0.2556210160255432,51,0.8161417245864868,0.2556209862232208,1.0,0.2556209862232208
GCN,996,1753,2,0,3,-3.294074535369873,-0.48764926195144653,2.8064252734184265,0.8017836213111877,0.03781340271234512,-0.0003027886268682778,0.19315151870250702,0.058635562658309937,0.1964759378552482,0,0.0,0.040474528960223306,58,0.16118364036083221,0.983580470085144,0.24586585255427398,0.32644017725258495,23.310272216796875,0.03692762186115214,0.19444182515144348,0.6717134416543574,0.19444182515144348,0.6717134416543574,3.9786116623474754e-09,5.624574139773131e-09,3.840576567881726e-08,1.0,0.15854589641094208,0.26365533471107483,54,0.9605735540390015,0.26365533471107483,1.0,0.26365533471107483
GCN,996,1760,2,1,2,-2.4438798427581787,0.9980325698852539,3.4419124126434326,0.8660253286361694,0.03895721957087517,0.0,0.18569853901863098,0.05879000201821327,0.1964759378552482,0,0.0,0.04326587578506629,62,0.16735434532165527,0.983835756778717,0.24118235646546432,0.2536927621861152,22.423778533935547,0.026587887740029542,0.1871849000453949,0.5590841949778435,0.1871849000453949,0.5590841949778435,0.0,1.5088026827925205e-08,6.201692315244145e-08,1.0,0.16464917361736298,0.2534940242767334,57,0.9707659482955933,0.2534940242767334,1.0,0.2534940242767334
GCN,996,1764,5,1,2,-2.3362631797790527,1.147017478942871,3.483280658721924,0.8660253286361694,0.04298344999551773,0.0,0.21591365337371826,0.052489276975393295,0.1733611216369837,0,0.0,0.041172365666434056,59,0.19430853426456451,0.9854143261909485,0.26082619731686396,0.6388478581979321,26.021329879760742,0.09416543574593796,0.21664908528327942,0.8364106351550961,0.21664908528327942,0.8364106351550961,3.2261959770352178e-09,1.6062045915532508e-08,6.678953212713168e-08,1.0,0.19147440791130066,0.2947941720485687,54,0.913355827331543,0.29479414224624634,1.0,0.29479414224624634
GCN,996,1768,1,1,3,-1.6349472999572754,1.651384949684143,3.2863322496414185,0.8017836213111877,0.0384545661509037,-0.0006887938361614943,0.22043828666210175,0.03830130770802498,0.10837438423645321,0,0.0,0.039078855547801813,56,0.18339134752750397,0.9869045615196228,0.26296084572874234,0.6694977843426884,26.509620666503906,0.11447562776957164,0.22112123668193817,0.8511816838995568,0.22112123668193817,0.8511816838995568,3.1237508135717462e-09,6.049397427432268e-09,3.06523979531903e-08,1.0,0.1810101419687271,0.30101245641708374,52,0.6838627457618713,0.30101242661476135,1.0,0.30101242661476135
GCN,996,1771,1,1,3,-1.856972098350525,0.8723741769790649,2.72934627532959,0.8017836213111877,0.02847922407090664,0.0,0.1667909175157547,0.04922832176089287,0.15270935960591134,0,0.0,0.052337752965806,75,0.13871297240257263,0.9874486923217773,0.22993615405857087,0.1362629246676514,20.168190002441406,0.00775480059084195,0.1687733680009842,0.21048744460856722,0.1687733680009842,0.21048744460856722,2.561137080192566e-09,2.7830324711430876e-09,6.359303483804979e-08,1.0,0.13697195053100586,0.22777873277664185,70,0.9246481657028198,0.22777871787548065,1.0,0.22777871787548065
GCN,996,1777,1,1,5,-2.3398079872131348,0.13660979270935059,2.4764177799224854,0.7071066498756409,0.02049332670867443,0.0,0.17264069616794586,0.03278477489948273,0.10837438423645321,0,0.0,0.06838799720865317,98,0.12609125673770905,0.9921531677246094,0.23340625829641737,0.15805022156573117,20.85771369934082,0.01070901033973412,0.174547016620636,0.32348596750369274,0.174547016620636,0.32348596750369274,4.086161187188964e-09,9.009974100138152e-09,7.207979280110521e-08,1.0,0.12510183453559875,0.2358943223953247,93,0.7811740636825562,0.2358943074941635,1.0,0.2358943074941635
GCN,996,1779,1,1,6,-1.8524599075317383,0.11174368858337402,1.9642035961151123,0.6708203554153442,0.01649351976811886,0.0,0.15003091096878052,0.03128866106271744,0.10837438423645321,0,0.0,0.08094905792044661,116,0.10392065346240997,0.9925186634063721,0.2214453462663599,0.09638109305760709,18.19854164123535,0.001846381093057607,0.1526755541563034,0.03508124076809453,0.1526755541563034,0.03508124076809453,3.3254867748411243e-09,8.326188627449937e-09,6.969068522266753e-08,1.0,0.10314320027828217,0.2050090730190277,111,0.7636961340904236,0.20500905811786652,1.0,0.20500905811786652
GCN,996,1781,1,1,5,-1.6441162824630737,0.673582136631012,2.3176984190940857,0.7071066498756409,0.020358622074127197,0.0,0.1644277274608612,0.032540008425712585,0.10837438423645321,0,0.0,0.06908583391486392,99,0.12016611546278,0.9914705753326416,0.2289210171541874,0.1329394387001477,19.891075134277344,0.005539143279172821,0.1665939837694168,0.1761447562776957,0.1665939837694168,0.1761447562776957,5.309355621818668e-09,3.962505434884633e-09,3.496880651709944e-08,1.0,0.11914116889238358,0.22465477883815765,94,0.7433429956436157,0.22465477883815765,1.0,0.22465477883815765
GCN,996,1783,1,1,2,-1.9533159732818604,1.599501132965088,3.5528171062469482,0.8660253286361694,0.05284871533513069,0.0,0.24540263414382935,0.05702630802989006,0.19344448654793484,0,0.0,0.03349616189811584,48,0.22133004665374756,0.9829851984977722,0.28166470153582046,0.8231166912850812,29.488712310791016,0.24187592319054652,0.24563004076480865,0.8888478581979321,0.24563004076480865,0.8888478581979321,1.31708899342442e-09,8.797833572771196e-09,3.751970112375602e-08,1.0,0.2175641655921936,0.33496198058128357,43,0.9172983765602112,0.3349619507789612,1.0,0.3349619507789612
GCN,996,1786,1,1,3,-1.785516381263733,1.9616373777389526,3.7471537590026855,0.8017836213111877,0.04280943050980568,-0.1268579214811325,0.23570124804973602,0.26494452357292175,0.8232284956422887,1,0.0,0.040474528960223306,58,0.1907784342765808,0.9852319955825806,0.27442116236071534,0.7913589364844904,28.323305130004883,0.1894387001477105,0.236100971698761,0.8762924667651403,0.236100971698761,0.8762924667651403,3.8399412538581146e-09,9.07516994885782e-09,4.467679559638782e-08,1.0,0.19213871657848358,0.3195188045501709,56,0.7213177680969238,0.3195187747478485,1.0,0.3195187747478485
GCN,996,1794,4,0,4,-2.871253490447998,-0.18971514701843262,2.6815383434295654,0.7499998807907104,0.032362084835767746,-0.0012613985454663634,0.24709756672382355,0.028637098148465157,0.10837438423645321,0,0.0,0.05792044661549198,83,0.19148720800876617,0.991512656211853,0.2833257343988907,0.8268094534711965,29.699880599975586,0.25258493353028066,0.2472352385520935,0.8910635155096012,0.2472352385520935,0.8910635155096012,4.4664663079174716e-09,1.6135810909645443e-08,1.2374242430723825e-07,1.0,0.18989337980747223,0.3375883102416992,80,0.6559672355651855,0.3375883102416992,1.0,0.3375883102416992
GCN,996,1803,0,1,4,0.034716010093688965,2.27903151512146,2.244315505027771,0.7499998807907104,0.03411750867962837,0.0,0.23309288918972015,0.039502792060375214,0.10837438423645321,0,0.0,0.04884856943475227,70,0.18101097643375397,0.9894325137138367,0.27290386171124764,0.7799113737075333,28.035972595214844,0.17725258493353027,0.2335580289363861,0.8737075332348597,0.2335580289363861,0.8737075332348597,5.890201215663637e-09,1.650246161943869e-08,1.2518410130724078e-07,1.0,0.17909812927246094,0.31839674711227417,65,0.8096562623977661,0.31839674711227417,1.0,0.31839674711227417
GCN,996,1807,3,0,5,-3.3300750255584717,-1.5225402116775513,1.8075348138809204,0.7071066498756409,0.027405831962823868,0.0,0.16386844217777252,0.05354410409927368,0.18226600985221675,0,0.0,0.06629448709002093,95,0.12050052732229233,0.9845759272575378,0.22939912248209143,0.1358936484490399,19.816316604614258,0.005539143279172821,0.16605964303016663,0.16838995568685378,0.16605964303016663,0.16838995568685378,3.017829985907383e-09,9.287360214216278e-09,7.527022916065107e-08,1.0,0.1186419129371643,0.22371336817741394,90,0.9055426120758057,0.22371335327625275,1.0,0.22371335327625275
GCN,996,1809,3,1,3,-3.159270763397217,0.2765048146247864,3.435775578022003,0.8017836213111877,0.030296210199594498,-0.1414465308189392,0.2108420729637146,0.23617659509181976,0.7656309208033346,1,0.0,0.055826936496859735,80,0.17039664089679718,0.9907910227775574,0.2540393480494685,0.5044313146233382,25.383535385131836,0.07496307237813885,0.21178379654884338,0.8190546528803545,0.21178379654884338,0.8190546528803545,4.928095709288982e-09,4.491806482320726e-09,2.7584290407389744e-08,1.0,0.17212402820587158,0.2862352132797241,76,0.8405635952949524,0.28623518347740173,1.0,0.28623518347740173
GCN,996,1810,3,0,44,-7.368108749389648,-6.205827713012695,1.1622810363769531,0.3061861991882324,0.007939252071082592,-0.012251890264451504,0.2419920712709427,0.007699784357100725,0.10837438423645321,0,0.0,0.2882065596650384,413,0.07611686736345291,0.9967761635780334,0.27943788983346207,0.8190546528803545,29.05904197692871,0.22193500738552438,0.24233539402484894,0.8862629246676514,0.24233539402484894,0.8862629246676514,1.8102488397175875e-08,2.6100169137066587e-08,3.4975317930729943e-07,1.0,0.07594630867242813,0.3307195007801056,412,0.2874389886856079,0.3307194709777832,1.0,0.3307194709777832
GCN,996,1817,3,0,2,-2.715343475341797,-0.12127256393432617,2.5940709114074707,0.8660253286361694,0.040711306035518646,0.0,0.18844011425971985,0.06057606264948845,0.20083364910951118,0,0.0,0.039078855547801813,56,0.1699715554714203,0.9828785061836243,0.24373849939456102,0.2891432791728213,22.74767303466797,0.029172821270310192,0.19004391133785248,0.6067208271787297,0.19004391133785248,0.6067208271787297,7.450580596923828e-09,1.5305072764704164e-08,6.289875642551124e-08,1.0,0.16706138849258423,0.25720787048339844,51,0.9712923765182495,0.25720787048339844,1.0,0.25720787048339844
GCN,996,1822,3,0,2,-4.206591606140137,-0.7594955563545227,3.447096049785614,0.8660253286361694,0.04931676387786865,0.0,0.24485285580158234,0.05362497270107269,0.18226600985221675,0,0.0,0.039078855547801813,56,0.22041894495487213,0.985076367855072,0.281293455051728,0.8220088626292467,29.447385787963867,0.24076809453471196,0.24515676498413086,0.8884785819793205,0.24515676498413086,0.8884785819793205,7.623203401863066e-09,1.6433642002766646e-08,6.69889033133586e-08,1.0,0.21712946891784668,0.3342927396297455,51,0.92229163646698,0.3342927098274231,1.0,0.3342927098274231
GCN,996,1825,5,0,4,-3.457474708557129,-0.4972407817840576,2.9602339267730713,0.7499998807907104,0.026812797412276268,-0.07786749303340912,0.2039145827293396,0.033413149416446686,0.10837438423645321,0,0.0,0.06071179344033496,87,0.15593618154525757,0.9912666082382202,0.2533322374864978,0.4885524372230428,24.56060791015625,0.057976366322008865,0.2050422877073288,0.7703101920236337,0.2050422877073288,0.7703101920236337,3.259629011154175e-09,1.5589876056765206e-08,1.2253352110747073e-07,1.0,0.15618044137954712,0.27765417098999023,84,0.7623330950737,0.27765417098999023,1.0,0.27765417098999023
GCN,996,1829,5,1,5,-2.3769278526306152,0.358096718788147,2.735024571418762,0.7071066498756409,0.027531038969755173,-0.0006885640323162079,0.22064602375030518,0.023628922179341316,0.10837438423645321,0,0.0,0.0628053035589672,90,0.16125091910362244,0.991337239742279,0.26398479119567486,0.6850073855243722,26.53246307373047,0.11447562776957164,0.22129878401756287,0.8511816838995568,0.22129878401756287,0.8511816838995568,9.394362621151231e-09,1.7017182329936986e-08,1.2833848472837417e-07,1.0,0.15986861288547516,0.3014512062072754,87,0.5356267690658569,0.3014512062072754,1.0,0.3014512062072754
GCN,996,1836,6,1,2,-1.6435909271240234,1.7478066682815552,3.3913975954055786,0.8660253286361694,0.05269947648048401,-0.0003856551484204829,0.2874155044555664,0.04597548395395279,0.12542629784009093,0,0.0,0.0418702023726448,60,0.2581295073032379,0.9875900745391846,0.3135148497400078,0.8685376661742984,34.4931526184082,0.5066469719350074,0.28691402077674866,0.9327917282127031,0.28691402077674866,0.9327917282127031,9.077409934832303e-09,6.305799882255769e-09,2.521890074547173e-08,1.0,0.25494179129600525,0.3925085961818695,56,0.86860191822052,0.3925085961818695,1.0,0.3925085961818695
GCN,996,1838,0,1,4,1.9541471004486084,4.366262912750244,2.4121158123016357,0.7499998807907104,0.02996130846440792,-0.0025004108902066946,0.1962226778268814,0.03828217089176178,0.10837438423645321,0,0.0,0.05373342637822749,77,0.15242862701416016,0.988502025604248,0.24754806736945048,0.37149187592319055,23.639419555664062,0.03988183161004431,0.19755831360816956,0.7060561299852289,0.19755831360816956,0.7060561299852289,5.350040854779081e-09,3.036204887507665e-08,1.824923003823642e-07,1.0,0.15073361992835999,0.2679709494113922,75,0.683283805847168,0.2679709494113922,1.0,0.2679709494113922
GCN,996,1841,0,1,5,2.722395181655884,4.874639511108398,2.1522443294525146,0.7071066498756409,0.02428826503455639,0.0,0.1701803356409073,0.03657734394073486,0.10837438423645321,0,0.0,0.051639916259595256,74,0.12467844039201736,0.9887073040008545,0.2322028755190242,0.15398818316100443,20.5832576751709,0.008493353028064993,0.17229029536247253,0.2776957163958641,0.17229029536247253,0.2776957163958641,8.63673044193547e-09,1.0547639206492931e-08,8.438111365194345e-08,1.0,0.12327048182487488,0.23244108259677887,69,0.724886417388916,0.23244106769561768,1.0,0.23244106769561768
GCN,996,1845,5,1,2,0.3427172899246216,3.144139289855957,2.8014219999313354,0.8660253286361694,0.04723455011844635,0.0,0.23566706478595734,0.05223635956645012,0.1733611216369837,0,0.0,0.034193998604326585,49,0.2121225744485855,0.9852191805839539,0.27484349760962384,0.7920974889217134,28.329700469970703,0.19091580502215658,0.23612827062606812,0.8762924667651403,0.23612827062606812,0.8762924667651403,8.119082295365843e-09,1.5479407977636583e-08,1.211587630223221e-07,1.0,0.20898720622062683,0.32175689935684204,44,0.9028229117393494,0.32175689935684204,1.0,0.32175689935684204
GCN,996,1852,3,1,2,-1.860553503036499,0.5404011011123657,2.4009546041488647,0.8660253286361694,0.04241049662232399,0.0,0.18247383832931519,0.06593703478574753,0.20670708601743085,0,0.0,0.041172365666434056,59,0.16498030722141266,0.9802521467208862,0.23969389430721577,0.23707533234859676,22.080076217651367,0.024002954209748892,0.18415042757987976,0.5003692762186115,0.18415042757987976,0.5003692762186115,1.0148852869207303e-09,3.915952451194471e-09,6.169089772356529e-08,1.0,0.16172228753566742,0.24898779392242432,54,0.9827594757080078,0.24898777902126312,1.0,0.24898777902126312
GCN,996,1853,3,1,1,-2.674074649810791,1.6828813552856445,4.3569560050964355,0.9486831426620483,0.07529958337545395,-0.00134771887678653,0.2551593482494354,0.07880726456642151,0.21883289124668434,0,0.0,0.027913468248429867,40,0.254119336605072,0.9736735224723816,0.2883517316137516,0.8408419497784343,30.62336540222168,0.301698670605613,0.25517043471336365,0.8995568685376661,0.25517043471336365,0.8995568685376661,7.450580596923828e-09,1.664739102125168e-08,6.668230412287812e-08,1.0,0.24750734865665436,0.3478609323501587,36,0.9960211515426636,0.3478609323501587,1.0,0.3478609323501587
GCN,996,1858,3,1,2,-3.215907335281372,0.8354616761207581,4.05136901140213,0.8660253286361694,0.04219500720500946,0.0,0.22139576077461243,0.05080198496580124,0.16331943918150815,0,0.0,0.04396371249127704,63,0.1990278959274292,0.9866112470626831,0.264657333618641,0.6971935007385525,26.703659057617188,0.11964549483013294,0.22226965427398682,0.8526587887740029,0.22226965427398682,0.8526587887740029,4.1191947630636605e-09,1.509094715856918e-08,6.060622581571806e-08,1.0,0.1963631510734558,0.3023208975791931,58,0.9233779311180115,0.3023208975791931,1.0,0.3023208975791931
GCN,996,1862,3,0,4,-5.886432647705078,-2.698568344116211,3.187864303588867,0.7499998807907104,0.03824695572257042,-0.0009649876155890524,0.23989897966384888,0.0392170324921608,0.10837438423645321,0,0.0,0.050942079553384506,73,0.18658317625522614,0.9874887466430664,0.27821741711767384,0.8083456425406204,28.820035934448242,0.2119645494830133,0.24015337228775024,0.8829394387001477,0.24015337228775024,0.8829394387001477,1.0900850888617697e-08,7.105627197745434e-09,7.024389248044827e-08,1.0,0.18427717685699463,0.32760393619537354,69,0.7139639854431152,0.32760387659072876,1.0000001192092896,0.32760384678840637
GCN,996,1866,3,0,2,-3.916707754135132,-0.28571468591690063,3.630993068218231,0.8660253286361694,0.050968583673238754,-0.000983250793069601,0.22908462584018707,0.06134919449687004,0.20215990905646078,0,0.0,0.03698534542916958,53,0.20677079260349274,0.9818568825721741,0.2696126731951589,0.7511078286558346,27.530242919921875,0.15657311669128507,0.2295246720314026,0.8677991137370753,0.2295246720314026,0.8677991137370753,1.2497172185987893e-08,3.925889835443286e-09,2.4236763707108366e-08,1.0,0.20305787026882172,0.3126280903816223,49,0.9353762865066528,0.3126280605792999,1.0,0.3126280605792999
GCN,996,1870,3,0,4,-3.57417893409729,-1.60908842086792,1.9650905132293701,0.7499998807907104,0.035886626690626144,0.0,0.15187397599220276,0.07472702860832214,0.21485411140583555,0,0.0,0.04954640614096301,71,0.11969640105962753,0.9730396270751953,0.22244135206916718,0.10081240768094535,18.431833267211914,0.001846381093057607,0.15444548428058624,0.04579025110782865,0.15444548428058624,0.04579025110782865,5.61213608918365e-09,4.6778465545571635e-09,3.742277243645731e-08,1.0,0.11646933853626251,0.20705664157867432,66,0.9487452507019043,0.20705661177635193,1.0,0.20705661177635193
GCN,996,1872,3,1,1,-2.4822869300842285,2.0105276107788086,4.492814540863037,0.9486831426620483,0.06322353333234787,0.0,0.25490492582321167,0.06499270349740982,0.20651762031072377,0,0.0,0.03279832519190509,47,0.25224071741104126,0.9812349081039429,0.28910037385417603,0.843426883308715,30.695470809936523,0.3050221565731167,0.255109965801239,0.8995568685376661,0.255109965801239,0.8995568685376661,0.0,2.9820505176303413e-08,1.193002105992491e-07,1.0,0.24750736355781555,0.3478609621524811,42,0.9943636655807495,0.34786099195480347,1.0,0.34786099195480347
GCN,996,1878,5,1,3,-1.6791963577270508,1.344097375869751,3.0232937335968018,0.8017836213111877,0.03861081600189209,0.0,0.22637905180454254,0.04973725974559784,0.15289882531261842,0,0.0,0.04675505931612003,67,0.18826523423194885,0.9874761700630188,0.26808836244255957,0.7367060561299852,27.23827362060547,0.1429098966026588,0.22701483964920044,0.8629985228951256,0.22701483964920044,0.8629985228951256,4.293184918680026e-09,4.267856290596228e-09,2.351013073109698e-08,1.0,0.18590745329856873,0.30915647745132446,62,0.935247004032135,0.3091564476490021,1.0,0.3091564476490021
GCN,996,1879,5,1,4,-0.16979777812957764,2.1675643920898438,2.3373621702194214,0.7499998807907104,0.02803421951830387,-0.00032346873194910586,0.19748935103416443,0.03926093131303787,0.10837438423645321,0,0.0,0.0628053035589672,90,0.1532682627439499,0.99005126953125,0.2487479537371715,0.39438700147710487,23.807783126831055,0.04283604135893648,0.19876958429813385,0.7149187592319055,0.19876958429813385,0.7149187592319055,8.092330361364475e-09,1.6748666453736405e-08,7.899789977727778e-08,1.0,0.15175040066242218,0.2697785496711731,86,0.8297302722930908,0.2697785496711731,1.0,0.2697785496711731
GCN,996,1881,5,0,5,-4.788170337677002,-2.2026405334472656,2.5855298042297363,0.7071066498756409,0.03032173216342926,-0.00022762620938010514,0.19046422839164734,0.04277043044567108,0.11083743842364532,0,0.0,0.05512909979064899,79,0.1398717314004898,0.9859967231750488,0.24478787645828104,0.3072378138847858,22.941728591918945,0.03323485967503693,0.1916879266500473,0.6318316100443131,0.1916879266500473,0.6318316100443131,8.092330361364475e-09,1.2018331219110223e-08,1.0275088158095969e-07,1.0,0.1379183828830719,0.26006144285202026,75,0.7598851323127747,0.26006144285202026,1.0,0.26006144285202026
GCN,996,1891,4,1,3,-1.985256552696228,0.23438316583633423,2.2196397185325623,0.8017836213111877,0.03477390855550766,0.0,0.181479349732399,0.05508973449468613,0.1896551724137931,0,0.0,0.045359385903698535,65,0.15136201679706573,0.9842588901519775,0.23890872322833187,0.22636632200886264,21.899429321289062,0.021048744460856722,0.18319891393184662,0.48670605612998524,0.18319891393184662,0.48670605612998524,2.2332331539587358e-09,3.850954666262396e-09,6.543825037397255e-08,1.0,0.14897941052913666,0.24774666130542755,60,0.9220651388168335,0.24774666130542755,1.0,0.24774666130542755
GCN,996,1899,5,1,5,-2.0342061519622803,0.5337429046630859,2.567949056625366,0.7071066498756409,0.03274163976311684,-0.000540827983058989,0.23483224213123322,0.026829548180103302,0.10837438423645321,0,0.0,0.061409630146545706,88,0.1719476878643036,0.9892134070396423,0.2742119720360347,0.7898818316100443,28.211727142333984,0.18463810930576072,0.23511260747909546,0.8755539143279173,0.23511260747909546,0.8755539143279173,1.1088215678967117e-08,1.7543058561386715e-08,1.3005795551634947e-07,1.0,0.17010660469532013,0.32075613737106323,85,0.5442715883255005,0.32075610756874084,1.0,0.32075610756874084
GCN,996,1901,5,0,6,-4.242432117462158,-2.0546321868896484,2.1877999305725098,0.6708203554153442,0.02412213571369648,-0.00015244641690514982,0.21842844784259796,0.027809180319309235,0.10837438423645321,0,0.0,0.0732728541521284,105,0.15130239725112915,0.9924506545066833,0.2629425275334205,0.6694977843426884,26.27332305908203,0.10524372230428361,0.219227597117424,0.8474889217134417,0.219227597117424,0.8474889217134417,5.7974363087964775e-09,1.6891755549863774e-08,1.3021124800616235e-07,1.0,0.15016300976276398,0.29846638441085815,101,0.6756905317306519,0.29846638441085815,1.0,0.29846638441085815
GCN,996,1904,5,0,3,-3.482701301574707,-1.1179382801055908,2.364763021469116,0.8017836213111877,0.03409658744931221,-0.0006328032468445599,0.21840454638004303,0.0413946695625782,0.10913224706328155,0,0.0,0.04884856943475227,70,0.1812853068113327,0.9894775152206421,0.26223287330737977,0.6632200886262924,26.265064239501953,0.10524372230428361,0.21901962161064148,0.8471196454948301,0.21901962161064148,0.8471196454948301,3.5463707526162125e-09,4.332073810786596e-09,2.352396144544855e-08,1.0,0.17939433455467224,0.29832541942596436,66,0.8503786325454712,0.29832538962364197,1.0,0.29832538962364197
GCN,996,1906,4,1,5,-1.6770732402801514,0.08957672119140625,1.7666499614715576,0.7071066498756409,0.022715983912348747,-0.0002679564349818975,0.1859721541404724,0.029020408168435097,0.10837438423645321,0,0.0,0.06769016050244243,97,0.13587744534015656,0.9916956424713135,0.24234796407246584,0.27474150664697194,22.431570053100586,0.026587887740029542,0.18746913969516754,0.5638847858197932,0.18746913969516754,0.5638847858197932,4.586231838743515e-09,3.516267943481921e-09,2.5076626997133644e-08,1.0,0.1347537487745285,0.2540941536426544,93,0.6719930171966553,0.25409412384033203,1.0,0.25409412384033203
GCN,996,1909,0,1,6,0.1720057725906372,2.1942601203918457,2.0222543478012085,0.6708203554153442,0.02229304611682892,0.0,0.17534658312797546,0.02433619648218155,0.10837438423645321,0,0.0,0.06838799720865317,98,0.12172708660364151,0.9900261163711548,0.2351632532236548,0.1827917282127031,21.167573928833008,0.014032496307237814,0.17712852358818054,0.3766617429837518,0.17712852358818054,0.3766617429837518,7.479627583961701e-09,1.779672409440991e-08,1.4392870184565254e-07,1.0,0.12051300704479218,0.23953357338905334,93,0.5136257410049438,0.23953357338905334,1.0,0.23953357338905334
GCN,996,1911,5,1,4,-0.21624064445495605,2.335584878921509,2.551825523376465,0.7499998807907104,0.03258530795574188,0.0,0.2275908887386322,0.033785104751586914,0.10837438423645321,0,0.0,0.05512909979064899,79,0.17666704952716827,0.9898827075958252,0.2684928961671872,0.7378138847858198,27.36508560180664,0.14881831610044313,0.22814799845218658,0.8648449039881831,0.22814799845218658,0.8648449039881831,5.94516524898836e-09,5.437355898862961e-09,3.078299215530933e-08,1.0,0.17487965524196625,0.31089723110198975,74,0.7079123258590698,0.31089720129966736,1.0,0.31089720129966736
GCN,996,1913,0,1,4,1.8481636047363281,3.824991464614868,1.97682785987854,0.7499998807907104,0.026215925812721252,0.0,0.22118084132671356,0.027659330517053604,0.10837438423645321,0,0.0,0.06769016050244243,97,0.17120715975761414,0.9930381178855896,0.2643850360029613,0.6905465288035451,26.59195899963379,0.11742983751846381,0.22165818512439728,0.8515509601181684,0.22165818512439728,0.8515509601181684,5.778704625925002e-09,1.6540504077511287e-08,7.296483062191328e-08,1.0,0.17001523077487946,0.30224937200546265,92,0.7000759840011597,0.30224934220314026,1.0,0.30224934220314026
GCN,996,1916,6,1,3,-0.3318486213684082,2.5964250564575195,2.9282736778259277,0.8017836213111877,0.0381162203848362,0.0,0.2240227907896042,0.04102206230163574,0.10894278135657447,0,0.0,0.03838101884159107,55,0.18629571795463562,0.9875359535217285,0.2666705534820615,0.7267355982274741,26.935861587524414,0.12666174298375185,0.22475680708885193,0.8585672082717873,0.22475680708885193,0.8585672082717873,5.101064015633483e-09,5.651241696824627e-09,3.0895495939375905e-08,1.0,0.18397371470928192,0.30594074726104736,50,0.7732448577880859,0.30594074726104736,1.0,0.30594074726104736
GCN,996,1918,6,1,2,-0.28737473487854004,2.9916560649871826,3.2790307998657227,0.8660253286361694,0.09712883830070496,0.0,0.23151783645153046,0.11587414145469666,0.3901098901098901,1,0.0,0.01465457083042568,21,0.2173830270767212,0.9390727877616882,0.2688343326081373,0.7440915805022157,27.741621017456055,0.16691285081240767,0.23145757615566254,0.870384047267356,0.23145757615566254,0.870384047267356,1.2598698084786975e-08,1.6726982465797846e-08,7.061642293137993e-08,1.0,0.20413848757743835,0.3142918050289154,16,0.9567828178405762,0.314291775226593,1.0,0.314291775226593
GCN,996,1920,0,1,6,0.08282983303070068,2.091712474822998,2.0088826417922974,0.6708203554153442,0.023431697860360146,-0.08731811493635178,0.22368526458740234,0.24092403054237366,0.7762410003789314,1,0.0,0.0718771807397069,103,0.1527523547410965,0.9930666089057922,0.26639775461204296,0.7215657311669128,26.891000747680664,0.1240768094534712,0.22433961927890778,0.8574593796159528,0.22433961927890778,0.8574593796159528,7.138452495780712e-09,8.203644874527072e-09,7.959267378510049e-08,1.0,0.15326720476150513,0.3046363592147827,100,0.6054542064666748,0.3046363592147827,1.0,0.3046363592147827
GCN,996,1925,0,1,3,0.768210768699646,3.487593412399292,2.719382643699646,0.8017836213111877,0.033570628613233566,-0.032433606684207916,0.22524206340312958,0.03603973239660263,0.10837438423645321,0,0.0,0.055826936496859735,80,0.1857215166091919,0.9902953505516052,0.2679175987024741,0.7367060561299852,27.108421325683594,0.13737075332348597,0.22589194774627686,0.8615214180206795,0.22589194774627686,0.8615214180206795,3.0888476221235805e-09,3.0098945558165724e-08,1.2160269591277029e-07,1.0,0.18475672602653503,0.30724287033081055,77,0.7755123376846313,0.30724287033081055,1.0,0.30724287033081055
GCN,996,1931,3,0,3,-2.9924919605255127,-0.4405903220176697,2.551901638507843,0.8017836213111877,0.02676834538578987,0.0,0.16832701861858368,0.04419542849063873,0.11405835543766578,0,0.0,0.05024424284717376,72,0.13978451490402222,0.9890899658203125,0.2314888313680743,0.15140324963072377,20.369884490966797,0.00775480059084195,0.17026644945144653,0.23855243722304284,0.17026644945144653,0.23855243722304284,4.702948253054728e-09,1.559856777078039e-08,6.87918983999225e-08,1.0,0.13825947046279907,0.22991982102394104,67,0.8913059234619141,0.22991982102394104,1.0,0.22991982102394104
GCN,996,1932,3,1,3,-3.055220127105713,0.16020452976226807,3.215424656867981,0.8017836213111877,0.037597812712192535,0.0,0.20771344006061554,0.04910973459482193,0.14967790829859795,0,0.0,0.04256803907885555,61,0.17298337817192078,0.9859229326248169,0.2558345928275038,0.5398818316100443,25.012908935546875,0.06646971935007386,0.20866042375564575,0.7991137370753324,0.20866042375564575,0.7991137370753324,6.23012352818364e-09,1.7625486847805405e-08,8.07825060178402e-08,1.0,0.17054829001426697,0.2836148142814636,56,0.8701351881027222,0.28361478447914124,1.0,0.28361478447914124
GCN,996,1936,3,0,5,-3.6487550735473633,-1.9776678085327148,1.6710872650146484,0.7071066498756409,0.024816514924168587,0.0,0.17280487716197968,0.039856042712926865,0.10837438423645321,0,0.0,0.05931612002791347,85,0.12661702930927277,0.9885682463645935,0.23428037640674712,0.16617429837518463,20.883007049560547,0.011078286558345642,0.17466402053833008,0.32680945347119644,0.17466402053833008,0.32680945347119644,4.839293854530524e-09,5.5248237096350294e-09,4.4198589677080236e-08,1.0,0.125169575214386,0.23602205514907837,80,0.7849721908569336,0.23602205514907837,1.0,0.23602205514907837
GCN,996,1938,3,1,1,-3.046062469482422,3.0979080200195312,6.143970489501953,0.9486831426620483,0.09287750720977783,0.0,0.3477444648742676,0.0660393089056015,0.20689655172413793,0,0.0,0.024424284717376135,35,0.3450160026550293,0.9783226847648621,0.3636021171233311,0.8980797636632201,41.81047058105469,0.8153618906942393,0.3463084101676941,0.9756277695716395,0.3463084101676941,0.9756277695716395,0.0,3.1137126654812164e-08,6.609110414501629e-08,1.0,0.3375369906425476,0.474393755197525,30,0.9382820129394531,0.47439372539520264,1.0000001192092896,0.47439366579055786
GCN,996,1942,3,1,3,-3.1191678047180176,0.6809341907501221,3.8001019954681396,0.8017836213111877,0.03432358801364899,-0.0016871411353349686,0.21906352043151855,0.040991827845573425,0.10894278135657447,0,0.0,0.04954640614096301,71,0.1818077564239502,0.9893977642059326,0.2636352231018215,0.6846381093057607,26.36041259765625,0.10745937961595273,0.21970823407173157,0.8482274741506647,0.21970823407173157,0.8482274741506647,4.165001232792065e-09,4.5456571839963544e-09,2.7780121314435746e-08,1.0,0.17992474138736725,0.299207478761673,68,0.8177613019943237,0.2992074489593506,1.0,0.2992074489593506
GCN,996,1947,3,0,4,-5.033106803894043,-2.8485240936279297,2.1845827102661133,0.7499998807907104,0.028092721477150917,-0.00035896262852475047,0.19305330514907837,0.03836847096681595,0.10837438423645321,0,0.0,0.05373342637822749,77,0.14989130198955536,0.9895519018173218,0.24641635730117878,0.34379615952732645,23.27840232849121,0.0361890694239291,0.19449922442436218,0.6724519940915805,0.19449922442436218,0.6724519940915805,5.509778855383729e-09,1.5755793114635708e-08,6.810763863995817e-08,1.0,0.14833298325538635,0.2637031376361847,73,0.7910047173500061,0.2637031376361847,1.0,0.2637031376361847
GCN,996,1959,5,0,5,-5.451210975646973,-2.688023090362549,2.763187885284424,0.7071066498756409,0.02964317612349987,-0.00022179116785991937,0.23004597425460815,0.030395247042179108,0.10837438423645321,0,0.0,0.0628053035589672,90,0.1682196408510208,0.9907692670822144,0.27081794725631764,0.7647710487444609,27.643268585205078,0.16100443131462333,0.23050855100154877,0.8692762186115214,0.23050855100154877,0.8692762186115214,8.459156930484824e-09,7.071227603461239e-09,7.313254712926209e-08,1.0,0.16667191684246063,0.31427961587905884,86,0.6671760678291321,0.31427958607673645,1.0,0.31427958607673645
GCN,996,1961,5,1,3,-3.828660011291504,0.11104953289031982,3.9397095441818237,0.8017836213111877,0.03412124142050743,0.0,0.240464985370636,0.0331047847867012,0.10837438423645321,0,0.0,0.05512909979064899,79,0.19929741322994232,0.991288959980011,0.278484724237959,0.8124076809453471,28.88333511352539,0.21565731166912852,0.24075078964233398,0.8833087149187593,0.24075078964233398,0.8833087149187593,5.963374238859842e-09,1.594507459401484e-08,6.710694577805043e-08,1.0,0.1975613236427307,0.32853639125823975,74,0.7482297420501709,0.32853639125823975,1.0,0.32853639125823975
GCN,996,1962,5,1,3,-3.1388425827026367,0.5174546837806702,3.656297266483307,0.8017836213111877,0.0409243181347847,0.0,0.25503236055374146,0.0414736345410347,0.10913224706328155,0,0.0,0.0418702023726448,60,0.21182481944561005,0.9888939261436462,0.2884773182068097,0.8408419497784343,30.642866134643555,0.30280649926144754,0.25503095984458923,0.8995568685376661,0.25503095984458923,0.8995568685376661,8.277775798148923e-09,6.62647625659929e-09,2.838624801881906e-08,1.0,0.20947229862213135,0.3483438491821289,55,0.8289018869400024,0.34834378957748413,1.0,0.34834378957748413
GCN,996,1969,4,0,3,-3.1577365398406982,-0.6486003398895264,2.509136199951172,0.8017836213111877,0.04241855442523956,0.0,0.2062690258026123,0.05279349163174629,0.17904509283819628,0,0.0,0.03838101884159107,55,0.17239996790885925,0.9819236993789673,0.2552279623748073,0.5199409158050221,24.85407066345215,0.0638847858197932,0.20732910931110382,0.7909896602658789,0.20732910931110382,0.7909896602658789,1.0960365059986543e-08,1.8036768523188584e-08,8.215062052840949e-08,1.0,0.16928362846374512,0.28151172399520874,50,0.8233333826065063,0.28151172399520874,1.0,0.28151172399520874
GCN,996,1972,6,1,3,-0.9270413517951965,1.6273448467254639,2.5543861985206604,0.8017836213111877,0.03172735869884491,0.0,0.2223600596189499,0.035418473184108734,0.10837438423645321,0,0.0,0.05443126308443824,78,0.18430785834789276,0.9911931753158569,0.26507449605466277,0.7056868537666174,26.745981216430664,0.1207533234859675,0.22303953766822815,0.8552437223042836,0.22303953766822815,0.8552437223042836,2.2812651767623038e-09,1.5278374121407978e-08,6.232907168168822e-08,1.0,0.18268467485904694,0.3037971258163452,73,0.7961041331291199,0.3037971258163452,1.0,0.3037971258163452
GCN,996,1977,3,1,2,0.300750732421875,2.7830111980438232,2.4822604656219482,0.8660253286361694,0.04147058352828026,0.0,0.22427649796009064,0.04931080341339111,0.15270935960591134,0,0.0,0.044661549197487785,64,0.20147763192653656,0.987384557723999,0.266762094757972,0.7267355982274741,26.960966110229492,0.129615952732644,0.22478775680065155,0.8593057607090103,0.22478775680065155,0.8593057607090103,3.6666205627255977e-09,1.531082816086382e-08,6.281423736709257e-08,1.0,0.19893589615821838,0.3062818944454193,59,0.9237966537475586,0.3062818944454193,1.0,0.3062818944454193
GCN,996,1983,0,1,4,0.12317311763763428,2.183859348297119,2.060686230659485,0.7499998807907104,0.02255108952522278,-0.0007830297108739614,0.17782406508922577,0.03555334359407425,0.10837438423645321,0,0.0,0.06559665038381018,94,0.13775131106376648,0.992038369178772,0.23689549492064357,0.1986706056129985,21.4738712310791,0.017355982274741506,0.17962807416915894,0.4224519940915805,0.17962807416915894,0.4224519940915805,3.725290298461914e-09,1.5211032433626315e-08,1.2162053053543787e-07,1.0,0.1366681605577469,0.2429656684398651,90,0.8155556917190552,0.24296563863754272,1.0,0.24296563863754272
GCN,996,1996,3,0,5,-6.92284631729126,-4.679103851318359,2.2437424659729004,0.7071066498756409,0.035515155643224716,-0.00028542071231640875,0.21407122910022736,0.04177924990653992,0.10989010989010989,0,0.0,0.04396371249127704,63,0.15737268328666687,0.984815239906311,0.25997782766270067,0.6225997045790251,25.729713439941406,0.08567208271787297,0.21483372151851654,0.8323485967503693,0.21483372151851654,0.8323485967503693,1.0116752768851711e-08,9.4353884705356e-09,8.610957280552611e-08,1.0,0.1549908071756363,0.2922535240650177,59,0.7122789621353149,0.2922535240650177,1.0,0.2922535240650177
GCN,996,2004,3,0,4,-4.92706298828125,-2.534959554672241,2.392103433609009,0.7499998807907104,0.029339486733078957,0.0,0.18052734434604645,0.040775030851364136,0.10837438423645321,0,0.0,0.04815073272854152,69,0.14049534499645233,0.9870120286941528,0.2387506364394488,0.22636632200886264,21.784095764160156,0.019571639586410634,0.18225716054439545,0.47156573116691286,0.18225716054439545,0.47156573116691286,3.5768121797730146e-09,1.6041360240137692e-08,1.2697618956281076e-07,1.0,0.13867057859897614,0.24652552604675293,64,0.7526723146438599,0.24652552604675293,1.0,0.24652552604675293
GCN,996,2006,3,0,3,-5.239622116088867,-1.4241247177124023,3.815497398376465,0.8017836213111877,0.043684832751750946,0.0,0.24613262712955475,0.043108269572257996,0.1110269041303524,0,0.0,0.03558967201674808,51,0.20488062500953674,0.9864561557769775,0.28202530175696666,0.8231166912850812,29.556795120239258,0.24556868537666174,0.2462916523218155,0.8899556868537666,0.2462916523218155,0.8899556868537666,8.433485021441811e-09,8.997179890002371e-09,4.5798444148204e-08,1.0,0.20210576057434082,0.33609360456466675,46,0.7789621353149414,0.33609357476234436,1.0,0.33609357476234436
GCN,996,2010,0,1,4,-0.1156015396118164,1.8194966316223145,1.9350981712341309,0.7499998807907104,0.028498560190200806,-0.0003300841781310737,0.19820727407932281,0.03889865800738335,0.10837438423645321,0,0.0,0.0628053035589672,90,0.1538601964712143,0.9897966384887695,0.2495527364381508,0.4102658788774003,23.877578735351562,0.043205317577548,0.19939756393432617,0.7208271787296898,0.19939756393432617,0.7208271787296898,2.2812651767623038e-09,6.167265809153832e-09,4.1519651716726e-08,1.0,0.15229754149913788,0.2707512378692627,86,0.8116194605827332,0.2707512378692627,1.0,0.2707512378692627
GCN,996,2011,3,1,3,-1.8346540927886963,0.278400719165802,2.1130548119544983,0.8017836213111877,0.028305912390351295,-0.0008483136189170182,0.18561844527721405,0.04056129977107048,0.10837438423645321,0,0.0,0.05512909979064899,79,0.15399989485740662,0.9899532198905945,0.2413399077429073,0.2536927621861152,22.393051147460938,0.026587887740029542,0.18720972537994385,0.5594534711964549,0.18720972537994385,0.5594534711964549,4.293184918680026e-09,5.656934032316485e-09,3.8419173620241054e-08,1.0,0.1524711549282074,0.25355327129364014,76,0.8530471324920654,0.25355327129364014,1.0,0.25355327129364014
GCN,996,2014,3,1,2,0.45930933952331543,2.9614341259002686,2.502124786376953,0.8660253286361694,0.04926475137472153,0.0,0.19425846636295319,0.07143861800432205,0.21106479727169383,0,0.0,0.03558967201674808,51,0.1762160360813141,0.9765996336936951,0.2466530876889724,0.3467503692762186,23.42444610595703,0.03840472673559823,0.19534604251384735,0.6816838995568686,0.19534604251384735,0.6816838995568686,7.0621029024664495e-09,6.7337482256846215e-09,6.769888472035746e-08,1.0,0.1720925122499466,0.2649537920951843,46,0.9758145809173584,0.26495376229286194,1.0,0.26495376229286194
GCN,996,2015,6,1,3,0.5208768844604492,2.5228846073150635,2.0020077228546143,0.8017836213111877,0.027811937034130096,0.0,0.17960965633392334,0.04234936833381653,0.10989010989010989,0,0.0,0.05373342637822749,77,0.149079367518425,0.9896483421325684,0.2375493456373233,0.21307237813884786,21.68354606628418,0.01883308714918759,0.1813308149576187,0.4538404726735598,0.1813308149576187,0.4538404726735598,3.2844804653819892e-09,4.351193183538271e-09,3.026798367500305e-08,1.0,0.14753615856170654,0.24534659087657928,72,0.8771272897720337,0.2453465759754181,1.0000001192092896,0.2453465461730957
GCN,996,2019,0,1,2,0.2570432424545288,2.42897629737854,2.1719330549240112,0.8660253286361694,0.0535748191177845,-0.0002178770228056237,0.22538895905017853,0.06543360650539398,0.20670708601743085,0,0.0,0.03628750872295883,52,0.20393216609954834,0.9793659448623657,0.26757117770566724,0.7333825701624815,27.10666847229004,0.13737075332348597,0.2258719950914383,0.8615214180206795,0.2258719950914383,0.8615214180206795,7.0621029024664495e-09,1.765295465361305e-08,7.623346220952953e-08,1.0,0.1997331976890564,0.3075094223022461,48,0.9535938501358032,0.3075094223022461,1.0,0.3075094223022461
GCN,996,2038,3,1,2,-2.1167550086975098,1.32606840133667,3.4428234100341797,0.8660253286361694,0.05329085513949394,-0.0005060115363448858,0.26443472504615784,0.05256568640470505,0.1733611216369837,0,0.0,0.03838101884159107,55,0.23802298307418823,0.9850565195083618,0.29555707068406495,0.8552437223042836,31.75787353515625,0.36669128508124077,0.26430341601371765,0.9098966026587888,0.26430341601371765,0.9098966026587888,0.0,2.727698289461955e-09,1.088094059298328e-08,1.0,0.23448683321475983,0.3610161542892456,51,0.9035636782646179,0.3610161244869232,1.0,0.3610161244869232
GCN,996,2043,4,1,2,-2.1295340061187744,1.0800879001617432,3.2096219062805176,0.8660253286361694,0.05481059476733208,0.0,0.2582683861255646,0.056398890912532806,0.19306555513452064,0,0.0,0.03977669225401256,57,0.2328328937292099,0.9834660291671753,0.29008162471962456,0.8441654357459379,30.98644256591797,0.31979320531757754,0.25815585255622864,0.9036189069423929,0.25815585255622864,0.9036189069423929,4.2167425107209056e-09,2.9954104974194706e-08,1.1981710201780515e-07,1.0,0.22898322343826294,0.35254278779029846,52,0.9205934405326843,0.35254281759262085,1.0,0.35254281759262085
GCN,996,2045,1,1,32,-0.55946284532547,0.5636529326438904,1.1231157779693604,0.35355332493782043,0.008514121174812317,-0.05715232342481613,0.19730441272258759,0.013607182539999485,0.10837438423645321,0,0.0,0.22609909281228194,324,0.07131815701723099,0.9957879185676575,0.24838015926255305,0.3895864106351551,23.760025024414062,0.04098966026587888,0.19852174818515778,0.7134416543574594,0.19852174818515778,0.7134416543574594,1.3944592147652202e-08,2.225679729406238e-08,3.1072113415575586e-07,1.0,0.07139209657907486,0.2692365050315857,323,0.44594377279281616,0.2692364752292633,1.0,0.2692364752292633
GCN,996,2051,0,1,3,1.3538732528686523,3.606703758239746,2.2528305053710938,0.8017836213111877,0.03236551210284233,-0.03397081792354584,0.2160038948059082,0.03726053610444069,0.10837438423645321,0,0.0,0.051639916259595256,74,0.1780642867088318,0.9901875853538513,0.2609254000479495,0.6392171344165436,25.992061614990234,0.0930576070901034,0.21680010855197906,0.837149187592319,0.21680010855197906,0.837149187592319,3.951266869250958e-09,5.435486283289492e-09,6.61370194166011e-08,1.0,0.17716284096240997,0.2946145534515381,72,0.7975269556045532,0.2946145236492157,1.0,0.2946145236492157
GCN,996,2054,0,1,9,3.2411246299743652,4.429365158081055,1.1882405281066895,0.588348388671875,0.016404271125793457,-0.02173342928290367,0.16459921002388,0.025813324376940727,0.10837438423645321,0,0.0,0.08234473133286811,118,0.09967697411775589,0.991957426071167,0.2293257332859232,0.1358936484490399,19.905061721801758,0.005539143279172821,0.1667320728302002,0.17872968980797638,0.1667320728302002,0.17872968980797638,8.333255863135491e-09,9.850155358037682e-09,8.765478298755625e-08,1.0,0.09914957731962204,0.2246958464384079,116,0.609549880027771,0.2246958315372467,1.0,0.2246958315372467
GCN,996,2055,0,1,4,1.323246717453003,3.4115114212036133,2.0882647037506104,0.7499998807907104,0.027869440615177155,-0.02998439595103264,0.19671688973903656,0.037468768656253815,0.10837438423645321,0,0.0,0.05931612002791347,85,0.15182287991046906,0.989988386631012,0.24844620317533544,0.3895864106351551,23.691831588745117,0.04062038404726736,0.1979069858789444,0.7086410635155096,0.1979069858789444,0.7086410635155096,5.26835597369768e-09,1.6088733900687657e-08,1.2618046696388774e-07,1.0,0.15094570815563202,0.26834797859191895,82,0.7934216856956482,0.26834797859191895,1.0,0.26834797859191895
GCN,996,2058,5,1,3,-2.853266716003418,1.0972771644592285,3.9505438804626465,0.8017836213111877,0.05248594656586647,0.0,0.2967633306980133,0.03540828078985214,0.10837438423645321,0,0.0,0.039078855547801813,56,0.24700486660003662,0.9865495562553406,0.3214555905922066,0.8733382570162481,35.58654022216797,0.5638847858197932,0.29610803723335266,0.939807976366322,0.29610803723335266,0.939807976366322,9.313225746154785e-09,1.6461966012570883e-08,6.584786405028353e-08,1.0,0.24368254840373993,0.40523409843444824,51,0.6420801877975464,0.40523406863212585,1.0,0.40523406863212585
GCN,996,2059,0,1,6,1.544991374015808,3.3081583976745605,1.7631670236587524,0.6708203554153442,0.024539893493056297,-0.04755387455224991,0.22359301149845123,0.026660554111003876,0.10837438423645321,0,0.0,0.07466852756454989,107,0.15368063747882843,0.992443859577179,0.2658620786123045,0.7134416543574594,26.885269165039062,0.1240768094534712,0.22421489655971527,0.8570901033973413,0.22421489655971527,0.8570901033973413,8.786079419564885e-09,1.660574433515194e-08,1.2936335735957982e-07,1.0,0.15341712534427643,0.3049343228340149,105,0.6266746520996094,0.3049342930316925,1.0,0.3049342930316925
GCN,996,2071,2,1,8,0.9075390696525574,2.5621800422668457,1.6546409726142883,0.6123723983764648,0.02076597884297371,-0.04011921584606171,0.22739462554454803,0.023786909878253937,0.10837438423645321,0,0.0,0.09909281228192603,142,0.1427697092294693,0.9937305450439453,0.2686943523325607,0.741506646971935,27.323667526245117,0.14734121122599705,0.22795222699642181,0.8644756277695717,0.22795222699642181,0.8644756277695717,8.446330745925934e-09,6.803841490210516e-09,4.829875166478814e-08,1.0,0.14251551032066345,0.3103024959564209,139,0.6380304098129272,0.3103024959564209,1.0,0.3103024959564209
GCN,996,2072,0,1,3,2.2306175231933594,4.59674072265625,2.3661231994628906,0.8017836213111877,0.03359357640147209,-0.0007382450858131051,0.1985042840242386,0.046580322086811066,0.12788935202728305,0,0.0,0.045359385903698535,65,0.16503016650676727,0.9876631498336792,0.24916433948181735,0.4054652880354505,23.91791534423828,0.044682422451994094,0.19968301057815552,0.7226735598227474,0.19968301057815552,0.7226735598227474,2.7939677238464355e-09,3.423382466394287e-09,2.0934050937171378e-08,1.0,0.16301329433918,0.27108442783355713,62,0.8827409744262695,0.27108442783355713,1.0,0.27108442783355713
GCN,996,2075,3,0,8,-3.217629909515381,-0.9888549447059631,2.2287749648094177,0.6123723983764648,0.019943196326494217,-0.00019021210027858615,0.21403810381889343,0.026031216606497765,0.10837438423645321,0,0.0,0.08583391486392185,123,0.13521096110343933,0.993541955947876,0.2596144559020361,0.6222304283604135,25.745088577270508,0.08567208271787297,0.2149299830198288,0.8327178729689808,0.2149299830198288,0.8327178729689808,7.66575247723722e-09,8.081017632832754e-09,6.005586783430772e-08,1.0,0.13434068858623505,0.2925032377243042,119,0.6843313574790955,0.2925032079219818,1.0,0.2925032079219818
GCN,996,2082,1,1,2,-1.6558563709259033,2.2749710083007812,3.9308273792266846,0.8660253286361694,0.09021378308534622,0.0,0.24554575979709625,0.09797058254480362,0.306176582038651,0,0.0,0.021632937892533146,31,0.22771547734737396,0.9524286389350891,0.28143623596846185,0.8231166912850812,29.504817962646484,0.2429837518463811,0.24538861215114594,0.8884785819793205,0.24538861215114594,0.8884785819793205,8.065490497699557e-09,1.3689570366182124e-08,5.47582814647285e-08,1.0,0.21688273549079895,0.33391284942626953,26,0.9237316250801086,0.3339128792285919,1.0,0.3339128792285919
GCN,996,2087,1,1,2,-1.84165620803833,1.1315555572509766,2.9732117652893066,0.8660253286361694,0.04726164788007736,0.0,0.22858190536499023,0.053150542080402374,0.1816976127320955,0,0.0,0.03838101884159107,55,0.2059173583984375,0.9842897057533264,0.2693201841929982,0.7492614475627769,27.482303619384766,0.155096011816839,0.2291090190410614,0.8670605612998523,0.2291090190410614,0.8670605612998523,5.309355621818668e-09,3.1280864565275124e-09,1.2641653057698932e-08,1.0,0.20268233120441437,0.31204989552497864,50,0.8904945254325867,0.31204986572265625,1.0,0.31204986572265625
GCN,996,2096,1,1,6,-1.0372703075408936,1.561814785003662,2.5990850925445557,0.6708203554153442,0.022502277046442032,-0.0010334664257243276,0.2318892627954483,0.024636855348944664,0.10837438423645321,0,0.0,0.0851360781577111,122,0.16036191582679749,0.9941568374633789,0.27205002127820666,0.7714180206794683,27.86111068725586,0.17134416543574593,0.23233577609062195,0.8722304283604135,0.23233577609062195,0.8722304283604135,7.1838726078965465e-09,6.50104281518793e-09,7.202863372413049e-08,1.0,0.15944278240203857,0.3169110119342804,119,0.6539239883422852,0.3169110119342804,1.0,0.3169110119342804
GCN,996,2105,5,1,2,0.3359043598175049,3.795149087905884,3.459244728088379,0.8660253286361694,0.04772282764315605,-0.0012616189196705818,0.26867571473121643,0.044792406260967255,0.11860553239863585,0,0.0,0.041172365666434056,59,0.24109451472759247,0.9883387684822083,0.2986959277183521,0.8574593796159528,32.242374420166016,0.3932791728212703,0.2684681713581085,0.9139586410635155,0.2684681713581085,0.9139586410635155,6.7801306791182014e-09,1.5650392981569894e-08,1.2073655852873344e-07,1.0,0.23832935094833374,0.36693209409713745,56,0.8515893816947937,0.36693206429481506,1.0,0.36693206429481506
GCN,996,2107,1,1,4,-1.2384514808654785,1.554638385772705,2.7930898666381836,0.7499998807907104,0.0266443882137537,-0.0003378766996320337,0.20046326518058777,0.03452015668153763,0.10837438423645321,0,0.0,0.0642009769713887,92,0.1554075926542282,0.991264283657074,0.2503828901503653,0.43353028064992616,24.136648178100586,0.047636632200886264,0.2015640288591385,0.7418759231905465,0.2015640288591385,0.7418759231905465,4.6566128730773926e-09,1.546670702623487e-08,1.219561482912468e-07,1.0,0.15405692160129547,0.2738790214061737,88,0.77915358543396,0.2738789916038513,1.0,0.2738789916038513
GCN,996,2113,2,1,6,-2.2519495487213135,0.038936734199523926,2.2908862829208374,0.6708203554153442,0.02168796956539154,-0.03461850807070732,0.17496514320373535,0.032329946756362915,0.10837438423645321,0,0.0,0.06978367062107467,100,0.12064536660909653,0.9904034733772278,0.23303874882422423,0.15620384047267355,21.123388290405273,0.01292466765140325,0.17676424980163574,0.371122599704579,0.17676424980163574,0.371122599704579,3.5463707526162125e-09,8.136797902125181e-09,6.626312654134381e-08,1.0,0.12006516754627228,0.23864343762397766,96,0.6998481750488281,0.23864343762397766,1.0,0.23864343762397766
GCN,996,2120,4,1,5,-2.246636152267456,0.48546266555786133,2.7320988178253174,0.7071066498756409,0.03176762908697128,0.0,0.22909581661224365,0.041316740214824677,0.10913224706328155,0,0.0,0.06699232379623168,96,0.16774752736091614,0.9893313646316528,0.2701538607181159,0.7573855243722304,27.556705474853516,0.15768094534711966,0.22961123287677765,0.8677991137370753,0.22961123287677765,0.8677991137370753,5.430496941016827e-09,5.70019142998035e-09,6.82872851598404e-08,1.0,0.16595789790153503,0.3129332661628723,91,0.8427587747573853,0.3129332363605499,1.0,0.3129332363605499
GCN,996,2122,4,0,10,-4.2339043617248535,-2.4444119930267334,1.7894923686981201,0.5669466257095337,0.01523348968476057,-0.053657934069633484,0.21518413722515106,0.21949169039726257,0.7324744221295946,1,0.0,0.12630844382414516,181,0.12478340417146683,0.9955931901931763,0.2606715703197707,0.6299852289512555,25.882814407348633,0.08973412112259971,0.21605627238750458,0.8349335302806499,0.21605627238750458,0.8349335302806499,7.100380283731056e-09,1.1333242788680309e-08,9.077260187950742e-08,1.0,0.12486229836940765,0.2936485707759857,178,0.5070580244064331,0.29364854097366333,1.0,0.29364854097366333
GCN,996,2130,4,0,12,-4.827614784240723,-2.924316167831421,1.9032986164093018,0.5303300619125366,0.021718846634030342,0.0,0.2569352686405182,0.017508704215288162,0.10837438423645321,0,0.0,0.0928122819260293,133,0.14064663648605347,0.9929191470146179,0.29057570623925577,0.8452732644017725,30.83758544921875,0.31277695716395865,0.25699347257614136,0.9014032496307238,0.25699347257614136,0.9014032496307238,2.7059488871827853e-08,2.9525589084755666e-08,1.9051900324029702e-07,1.0,0.13965076208114624,0.3511040210723877,128,0.43938711285591125,0.3511039912700653,1.0,0.3511039912700653
GCN,996,2131,0,1,3,1.8712117671966553,4.262340545654297,2.3911287784576416,0.8017836213111877,0.034073006361722946,-0.0016303393058478832,0.2015925794839859,0.046943068504333496,0.1328154604016673,0,0.0,0.046057222609909285,66,0.16756229102611542,0.9876893758773804,0.2514855533701417,0.4538404726735598,24.271596908569336,0.050221565731166914,0.202516570687294,0.7503692762186115,0.202516570687294,0.7503692762186115,3.725290298461914e-09,5.978127770589481e-09,3.6118031232490466e-08,1.0,0.16554223001003265,0.27528995275497437,63,0.8642656803131104,0.27528995275497437,1.0,0.27528995275497437
GCN,996,2139,3,0,4,-5.4696550369262695,-3.18209171295166,2.2875633239746094,0.7499998807907104,0.0377153716981411,0.0,0.22115734219551086,0.04681386053562164,0.13111026904130352,0,0.0,0.0418702023726448,60,0.17231501638889313,0.9857232570648193,0.2650615943995762,0.7056868537666174,26.61747932434082,0.11742983751846381,0.22183345258235931,0.8515509601181684,0.22183345258235931,0.8515509601181684,5.778704625925002e-09,5.754615450825895e-09,3.602184150963694e-08,1.0,0.16985490918159485,0.30196434259414673,55,0.8235284090042114,0.30196431279182434,1.0,0.30196431279182434
GCN,996,2141,3,0,4,-6.264873504638672,-2.8284032344818115,3.4364702701568604,0.7499998807907104,0.04076367989182472,0.0,0.2484614998102188,0.04434170946478844,0.11405835543766578,0,0.0,0.046057222609909285,66,0.19340737164020538,0.986768364906311,0.2841276009663371,0.8308714918759232,29.83966636657715,0.25960118168389956,0.24857667088508606,0.8940177252584933,0.24857667088508606,0.8940177252584933,9.700966252523813e-09,3.1951923773476665e-08,1.3392437381298805e-07,1.0,0.19084826111793518,0.33928588032722473,61,0.8108104467391968,0.33928585052490234,1.0,0.33928585052490234
GCN,996,2153,4,1,3,0.2663058042526245,2.927408218383789,2.6611024141311646,0.8017836213111877,0.034706272184848785,0.0,0.17083927989006042,0.054511092603206635,0.1883289124668435,0,0.0,0.03698534542916958,53,0.1427328884601593,0.9823499321937561,0.23243301429020466,0.15398818316100443,20.640148162841797,0.009231905465288036,0.17268355190753937,0.2865583456425406,0.17268355190753937,0.2865583456425406,4.005769937975856e-09,4.054947932985442e-09,2.77996274888892e-08,1.0,0.14021363854408264,0.2331695407629013,48,0.8605613708496094,0.2331695407629013,1.0,0.2331695407629013
GCN,996,2156,0,1,4,0.6265227794647217,2.821660041809082,2.1951372623443604,0.7499998807907104,0.028042687103152275,0.0,0.20246325433254242,0.037517249584198,0.10837438423645321,0,0.0,0.05931612002791347,85,0.1570715755224228,0.9905238151550293,0.2519786585208289,0.4619645494830133,24.37041473388672,0.05206794682422452,0.20355205237865448,0.7607090103397341,0.20355205237865448,0.7607090103397341,6.683496867054828e-09,1.6501230604148986e-08,7.473682472891596e-08,1.0,0.15558311343193054,0.2765922546386719,80,0.8126035928726196,0.2765922248363495,1.0,0.2765922248363495
GCN,996,2157,6,1,5,-1.866992473602295,0.45358192920684814,2.320574402809143,0.7071066498756409,0.02939080260694027,-0.0002739701885730028,0.25446927547454834,0.027628818526864052,0.10837438423645321,0,0.0,0.06838799720865317,98,0.18577919900417328,0.992566704750061,0.28903276702964475,0.843426883308715,30.578933715820312,0.2998522895125554,0.2546834349632263,0.8995568685376661,0.2546834349632263,0.8995568685376661,7.566100634903705e-09,5.878757480815011e-09,3.1849324955146585e-08,1.0,0.18440444767475128,0.34771642088890076,94,0.6765987873077393,0.34771642088890076,1.0,0.34771642088890076
GCN,996,2158,6,1,1,-1.6528000831604004,2.2882986068725586,3.941098690032959,0.9486831426620483,0.07506507635116577,0.0,0.3136325776576996,0.059873729944229126,0.19969685486926866,0,0.0,0.02930914166085136,42,0.310001403093338,0.9824975728988647,0.33530833966108653,0.8829394387001477,37.740516662597656,0.670605612998523,0.31298360228538513,0.9519940915805022,0.31298360228538513,0.9519940915805022,9.856191418577964e-09,3.359948763659304e-09,1.3113140795439904e-08,1.0,0.304575651884079,0.42806798219680786,37,0.9492940902709961,0.42806798219680786,1.0,0.42806798219680786
GCN,996,2160,6,1,8,-1.8590843677520752,0.11780297756195068,1.9768873453140259,0.6123723983764648,0.02421741373836994,-0.09238199889659882,0.24530522525310516,0.02183491736650467,0.10837438423645321,0,0.0,0.08304256803907886,119,0.15278945863246918,0.9926024079322815,0.2821706036592332,0.8238552437223042,29.466081619262695,0.24187592319054652,0.2455407679080963,0.8888478581979321,0.2455407679080963,0.8888478581979321,1.4547723914404287e-08,2.0220021212935535e-08,1.4900942346685042e-07,1.0,0.15338025987148285,0.33395856618881226,115,0.5417590141296387,0.33395856618881226,1.0,0.33395856618881226
GCN,996,2164,6,1,3,-2.3534421920776367,0.09531211853027344,2.44875431060791,0.8017836213111877,0.03696797415614128,0.0,0.24113571643829346,0.03744124993681908,0.10837438423645321,0,0.0,0.04884856943475227,70,0.20011095702648163,0.9898502826690674,0.2788553282255524,0.8138847858197932,28.98442840576172,0.22008862629246675,0.24155345559120178,0.8847858197932054,0.24155345559120178,0.8847858197932054,3.6069969233665233e-09,7.259407741599944e-09,3.6222942867425445e-08,1.0,0.1980798989534378,0.3293987512588501,65,0.7832553386688232,0.3293987214565277,1.0,0.3293987214565277
GCN,996,2165,6,1,3,-1.0463385581970215,1.5079278945922852,2.5542664527893066,0.8017836213111877,0.030789891257882118,0.0,0.19305303692817688,0.04303107038140297,0.1110269041303524,0,0.0,0.05024424284717376,72,0.16032686829566956,0.9890271425247192,0.24642707563744984,0.34379615952732645,23.25726318359375,0.0361890694239291,0.19425088167190552,0.6683899556868538,0.19425088167190552,0.6683899556868538,4.032745248849778e-09,3.7834979593753815e-09,6.376329508839262e-08,1.0,0.1585676223039627,0.2636914551258087,67,0.8653022050857544,0.2636914551258087,1.0,0.2636914551258087
GCN,996,2166,5,1,2,-2.9803085327148438,0.0868978500366211,3.067206382751465,0.8660253286361694,0.08365887403488159,0.0,0.25622132420539856,0.09048342704772949,0.24820007578628267,0,0.0,0.034193998604326585,49,0.23554489016532898,0.9619505405426025,0.29067376558266955,0.8452732644017725,30.77763557434082,0.3087149187592319,0.2563375234603882,0.9006646971935007,0.2563375234603882,0.9006646971935007,1.7423450460185563e-09,1.6313624229269408e-08,1.2243172875514574e-07,1.0,0.22658252716064453,0.3488466739654541,44,0.959981381893158,0.3488466441631317,1.0,0.3488466441631317
GCN,996,2172,0,1,5,2.9406778812408447,4.846864700317383,1.906186819076538,0.7071066498756409,0.03074590116739273,-0.000337238481733948,0.18906818330287933,0.04231371358036995,0.10989010989010989,0,0.0,0.05373342637822749,77,0.13891743123531342,0.9853994250297546,0.24314710259179137,0.28508124076809455,22.78757667541504,0.030280649926144758,0.190331369638443,0.6104135893648449,0.190331369638443,0.6104135893648449,1.2529663528937363e-08,9.181508886513257e-09,6.184535550346482e-08,1.0,0.13689713180065155,0.25813573598861694,73,0.7359651923179626,0.25813573598861694,1.0,0.25813573598861694
GCN,996,2177,3,1,4,0.6453651189804077,2.810145378112793,2.1647802591323853,0.7499998807907104,0.060897283256053925,0.0,0.228438138961792,0.08384816348552704,0.22735884804850323,0,0.0,0.05443126308443824,78,0.18119633197784424,0.966000497341156,0.26720529184722625,0.7267355982274741,27.374454498291016,0.14918759231905465,0.22846387326717377,0.8655834564254062,0.22846387326717377,0.8655834564254062,8.277775798148923e-09,1.0033015307442383e-08,8.625424641195423e-08,1.0,0.1750357449054718,0.3111747205257416,73,0.9435946941375732,0.3111746907234192,1.0,0.3111746907234192
GCN,996,2181,0,1,8,4.019107341766357,4.888868808746338,0.8697614669799805,0.6123723983764648,0.027886131778359413,-7.699819252593443e-05,0.19875705242156982,0.018849357962608337,0.10837438423645321,0,0.0,0.07606420097697139,109,0.12646633386611938,0.9855085015296936,0.2497009783844042,0.4121122599704579,23.928804397583008,0.044682422451994094,0.19974485039710999,0.7230428360413589,0.19974485039710999,0.7230428360413589,1.006033123474026e-08,7.960788472871627e-09,6.375564254312849e-08,1.0,0.12463530153036118,0.2713714838027954,105,0.32908377051353455,0.2713714838027954,1.0,0.2713714838027954
GCN,996,2189,0,1,6,1.252976655960083,3.2231433391571045,1.9701666831970215,0.6708203554153442,0.02135578542947769,-0.0013706176541745663,0.1984741985797882,0.027560923248529434,0.10837438423645321,0,0.0,0.0732728541521284,105,0.13740739226341248,0.9928269982337952,0.2491543593976671,0.4054652880354505,23.903766632080078,0.04357459379615953,0.19966243207454681,0.7226735598227474,0.19966243207454681,0.7226735598227474,6.71586253275791e-09,1.7064731849814052e-08,1.3394623010754003e-07,1.0,0.1364443004131317,0.2711988687515259,102,0.6252293586730957,0.2711988687515259,1.0,0.2711988687515259
GCN,996,2195,0,1,4,-0.40564048290252686,2.229463577270508,2.6351040601730347,0.7499998807907104,0.03672810643911362,-0.0002032588963629678,0.256971150636673,0.03253729268908501,0.10837438423645321,0,0.0,0.052337752965806,75,0.19945965707302094,0.9899165630340576,0.28976432555219195,0.8441654357459379,30.844459533691406,0.31277695716395865,0.2570893466472626,0.9014032496307238,0.2570893466472626,0.9014032496307238,5.509778855383729e-09,4.889530114127183e-09,2.465807291684996e-08,1.0,0.19745415449142456,0.3510296940803528,71,0.6829491853713989,0.3510296940803528,1.0,0.3510296940803528
GCN,996,2198,0,1,5,2.3400912284851074,4.332393646240234,1.992302417755127,0.7071066498756409,0.023195475339889526,-0.029263010248541832,0.18655729293823242,0.03399661183357239,0.10837438423645321,0,0.0,0.06908583391486392,99,0.13565629720687866,0.9913188815116882,0.2420086046119645,0.2692023633677991,22.496089935302734,0.026957163958641065,0.1880907118320465,0.5727474150664698,0.1880907118320465,0.5727474150664698,4.856067992164981e-09,1.5586318014015887e-08,1.2447907238311018e-07,1.0,0.1350008249282837,0.25456002354621887,97,0.7733740210533142,0.2545599937438965,1.0,0.2545599937438965
GCN,996,2212,3,1,4,-2.32186222076416,0.4121452569961548,2.734007477760315,0.7499998807907104,0.032489582896232605,-0.0007181899854913354,0.2329956293106079,0.036224283277988434,0.10837438423645321,0,0.0,0.056524773203070484,81,0.18075546622276306,0.9903944134712219,0.2725951981712112,0.7791728212703102,27.989532470703125,0.17466765140324964,0.2334364950656891,0.8737075332348597,0.2334364950656891,0.8737075332348597,6.748073211326755e-09,1.622313483551352e-08,1.2415354433414905e-07,1.0,0.17903713881969452,0.31828832626342773,77,0.7793357372283936,0.31828832626342773,1.0,0.31828832626342773
GCN,996,2215,3,1,4,-2.4463486671447754,0.5858033895492554,3.0321520566940308,0.7499998807907104,0.031249022111296654,-0.0002667192311491817,0.21828587353229523,0.038489386439323425,0.10837438423645321,0,0.0,0.055826936496859735,80,0.16943517327308655,0.9898843169212341,0.26245296034092663,0.6632200886262924,26.244434356689453,0.10450516986706056,0.21912944316864014,0.8474889217134417,0.21912944316864014,0.8474889217134417,5.26835597369768e-09,7.99487054337078e-09,4.863653302322746e-08,1.0,0.16772763431072235,0.29818251729011536,76,0.8065873384475708,0.29818248748779297,1.0,0.29818248748779297
GCN,996,2218,1,1,2,-0.8856234550476074,3.3891968727111816,4.274820327758789,0.8660253286361694,0.10057755559682846,0.0,0.3254115879535675,0.08233054727315903,0.22300113679424025,0,0.0,0.027913468248429867,40,0.29811838269233704,0.9657344222068787,0.3434682688584323,0.8877400295420975,38.96195983886719,0.725258493353028,0.3238150477409363,0.9612259970457903,0.3238150477409363,0.9612259970457903,8.932932615834943e-09,9.455475513675538e-09,6.910168792728655e-08,1.0,0.28790315985679626,0.4432559609413147,35,0.922748863697052,0.4432559311389923,1.0,0.4432559311389923
GCN,996,2224,4,0,8,-2.9754867553710938,-0.8870781064033508,2.088408648967743,0.6123723983764648,0.01864817552268505,-0.1201976016163826,0.2149686962366104,0.2517143785953522,0.8003031451307313,1,0.0,0.08932309839497557,128,0.13340328633785248,0.9942852258682251,0.2609162624648001,0.6392171344165436,25.86009407043457,0.0878877400295421,0.21583053469657898,0.8349335302806499,0.21583053469657898,0.8349335302806499,9.428922531640183e-09,5.242568601460107e-09,7.144373626033484e-08,1.0,0.13436521589756012,0.29255664348602295,125,0.4852263331413269,0.29255664348602295,1.0,0.29255664348602295
GCN,996,2228,6,1,6,-1.2813353538513184,0.6692084074020386,1.950543761253357,0.6708203554153442,0.02134540118277073,0.0,0.191536083817482,0.02608475647866726,0.10837438423645321,0,0.0,0.0718771807397069,103,0.13269400596618652,0.992313802242279,0.245261746216159,0.3205317577548006,23.090301513671875,0.03508124076809453,0.1929779201745987,0.6491875923190547,0.1929779201745987,0.6491875923190547,5.509778855383729e-09,4.874174841518197e-09,3.632754896898405e-08,1.0,0.13167409598827362,0.2617175281047821,98,0.6280573010444641,0.2617175281047821,1.0,0.2617175281047821
GCN,996,2229,3,1,3,-2.4669594764709473,1.0149506330490112,3.4819101095199585,0.8017836213111877,0.04354128986597061,0.0,0.2719559073448181,0.03836346045136452,0.10837438423645321,0,0.0,0.04815073272854152,69,0.22587114572525024,0.9889434576034546,0.3018748972874816,0.8607828655834564,32.64480972290039,0.4139586410635155,0.27185022830963135,0.9165435745937962,0.27185022830963135,0.9165435745937962,3.8399412538581146e-09,1.6308121075780946e-08,6.663676543894326e-08,1.0,0.22337381541728973,0.37146151065826416,64,0.7684792280197144,0.37146151065826416,1.0,0.37146151065826416
GCN,996,2231,0,1,2,-1.8549854755401611,1.5070648193359375,3.3620502948760986,0.8660253286361694,0.04434539005160332,-0.0005277837626636028,0.255408376455307,0.04231519252061844,0.10989010989010989,0,0.0,0.04256803907885555,61,0.22911837697029114,0.9888536334037781,0.2897965287354422,0.8441654357459379,30.694181442260742,0.3050221565731167,0.25556060671806335,0.8999261447562777,0.25556060671806335,0.8999261447562777,4.514753904061308e-09,1.6011444614605352e-08,1.2259103243650316e-07,1.0,0.22658252716064453,0.3488466739654541,57,0.8442549705505371,0.3488466739654541,1.0,0.3488466739654541
GCN,996,2232,0,1,3,2.3057239055633545,4.691333770751953,2.3856098651885986,0.8017836213111877,0.03898737207055092,-0.00043322957935743034,0.22401630878448486,0.046522002667188644,0.12580522925350512,0,0.0,0.04256803907885555,61,0.18636813759803772,0.986966073513031,0.26616684960675707,0.7186115214180206,26.92978858947754,0.12629246676514033,0.22462494671344757,0.8581979320531757,0.22462494671344757,0.8581979320531757,6.177695244247161e-09,1.769311808175189e-08,1.306285781765837e-07,1.0,0.18395204842090607,0.30590471625328064,57,0.8572969436645508,0.30590468645095825,1.0,0.30590468645095825
GCN,996,2235,5,1,3,-4.384425163269043,0.08561825752258301,4.470043420791626,0.8017836213111877,0.04306357726454735,-0.15606853365898132,0.2715737223625183,0.2831510603427887,0.8529746115953013,1,0.0,0.04675505931612003,67,0.21864068508148193,0.9887376427650452,0.3019776022244305,0.8607828655834564,32.582763671875,0.41285081240768096,0.27133896946907043,0.9165435745937962,0.27133896946907043,0.9165435745937962,7.608968566330532e-09,3.058185171767036e-08,1.234467958965979e-07,1.0,0.22134846448898315,0.36809343099594116,64,0.7160329818725586,0.36809343099594116,1.0,0.36809343099594116
GCN,996,2249,4,0,6,-4.1834611892700195,-2.4078145027160645,1.775646686553955,0.6708203554153442,0.019440261647105217,0.0,0.1641959547996521,0.03286745026707649,0.10837438423645321,0,0.0,0.0718771807397069,103,0.11385264992713928,0.9913356304168701,0.22928615005599876,0.1358936484490399,19.863876342773438,0.005539143279172821,0.1663948893547058,0.17319054652880356,0.1663948893547058,0.17319054652880356,7.861267192765808e-09,1.60190616327327e-08,1.3039347379617539e-07,1.0,0.11286621540784836,0.2243346869945526,98,0.7448909282684326,0.22433467209339142,1.0,0.22433467209339142
GCN,996,2264,4,1,1,-0.07366681098937988,3.74255633354187,3.81622314453125,0.9486831426620483,0.07057054340839386,0.0,0.3319089114665985,0.05079802870750427,0.16331943918150815,0,0.0,0.03210048848569435,46,0.3269977867603302,0.9861224889755249,0.3499781512355026,0.888109305760709,39.82202911376953,0.7548005908419497,0.3309451639652252,0.9667651403249631,0.3309451639652252,0.9667651403249631,0.0,3.017223804135938e-08,6.141964803418887e-08,1.0,0.322459876537323,0.4532034993171692,41,0.9066163301467896,0.4532034695148468,0.9999999403953552,0.4532034993171692
GCN,996,2274,0,1,3,-0.4546070098876953,1.9348841905593872,2.3894912004470825,0.8017836213111877,0.03593374043703079,0.0,0.19494833052158356,0.05186285078525543,0.1724137931034483,0,0.0,0.041172365666434056,59,0.16242720186710358,0.9854120016098022,0.24644165575691776,0.34379615952732645,23.47225570678711,0.03840472673559823,0.19609437882900238,0.691285081240768,0.19609437882900238,0.691285081240768,4.5625303535246076e-09,1.5331725222722525e-08,6.41988009419947e-08,1.0,0.16005772352218628,0.2661694288253784,54,0.902382493019104,0.2661694288253784,1.0,0.2661694288253784
GCN,996,2279,2,0,3,-3.937441110610962,-0.16275829076766968,3.7746828198432922,0.8017836213111877,0.0312647819519043,-0.0006133209681138396,0.2196732610464096,0.035697631537914276,0.10837438423645321,0,0.0,0.05722260990928123,82,0.18205420672893524,0.991235077381134,0.26306779681379244,0.670605612998523,26.41356658935547,0.11078286558345643,0.22041445970535278,0.8500738552437223,0.22041445970535278,0.8500738552437223,4.3433994179054025e-09,4.735972058966809e-09,2.6072873637872362e-08,1.0,0.18047328293323517,0.30011966824531555,78,0.7846745848655701,0.30011963844299316,1.0,0.30011963844299316
GCN,996,2288,5,1,3,-1.6919465065002441,1.551619291305542,3.243565797805786,0.8017836213111877,0.040046680718660355,0.0,0.24866840243339539,0.03800889477133751,0.10837438423645321,0,0.0,0.04396371249127704,63,0.2065536230802536,0.9888151288032532,0.2829406047707154,0.8260709010339734,29.856674194335938,0.25960118168389956,0.24872422218322754,0.8943870014771049,0.24872422218322754,0.8943870014771049,4.5625303535246076e-09,7.165218640636795e-09,6.882498837512685e-08,1.0,0.20424336194992065,0.3396483361721039,58,0.7569312453269958,0.3396482467651367,1.0,0.3396482467651367
GCN,996,2293,0,1,3,-0.47029584646224976,2.224895477294922,2.6951913237571716,0.8017836213111877,0.03955579921603203,0.0,0.2219996452331543,0.04167373478412628,0.10913224706328155,0,0.0,0.03977669225401256,57,0.18480966985225677,0.9863518476486206,0.2651961876369707,0.7056868537666174,26.689273834228516,0.11964549483013294,0.22263358533382416,0.8548744460856721,0.22263358533382416,0.8548744460856721,6.71586253275791e-09,1.5749018089650235e-08,6.662700258175391e-08,1.0,0.18228736519813538,0.30313640832901,52,0.7501043677330017,0.30313640832901,1.0,0.30313640832901
GCN,996,2297,4,1,3,-3.602621555328369,0.4571371078491211,4.05975866317749,0.8017836213111877,0.05695796385407448,0.0,0.29684343934059143,0.028776567429304123,0.10837438423645321,0,0.0,0.03977669225401256,57,0.24759043753147125,0.9842162132263184,0.32157477107976656,0.8733382570162481,35.609352111816406,0.5649926144756278,0.2962161898612976,0.939807976366322,0.2962161898612976,0.939807976366322,5.430496941016827e-09,1.7530462415038528e-08,7.020837955451498e-08,1.0,0.24368251860141754,0.40523403882980347,52,0.48098236322402954,0.40523403882980347,1.0,0.40523403882980347
GCN,996,2299,4,1,2,-2.8022265434265137,0.7668325901031494,3.569059133529663,0.8660253286361694,0.04767318069934845,0.0,0.26643121242523193,0.04564858227968216,0.12315270935960591,0,0.0,0.04326587578506629,62,0.23917746543884277,0.9881746768951416,0.2975833498174862,0.8567208271787297,32.02043533325195,0.3814623338257016,0.26635849475860596,0.9113737075332349,0.26635849475860596,0.9113737075332349,8.381903171539307e-09,3.351871891155156e-09,1.3407487564620624e-08,1.0,0.23634912073612213,0.3638833165168762,57,0.8837489485740662,0.36388325691223145,1.0,0.36388325691223145
GCN,996,2302,3,1,2,-2.327096462249756,0.23614060878753662,2.5632370710372925,0.8660253286361694,0.03836897388100624,0.0,0.19902381300926208,0.053249988704919815,0.1816976127320955,0,0.0,0.0418702023726448,60,0.17896528542041779,0.986305832862854,0.2504987658710117,0.43353028064992616,23.96748924255371,0.04542097488921713,0.2001519352197647,0.7293205317577548,0.2001519352197647,0.7293205317577548,3.8399412538581146e-09,4.582166646116548e-09,2.580116564843138e-08,1.0,0.17651450634002686,0.2717618942260742,55,0.9568302631378174,0.2717618942260742,1.0,0.2717618942260742
GCN,996,2310,3,1,2,-0.37524449825286865,2.696622371673584,3.0718668699264526,0.8660253286361694,0.05637802183628082,-0.05397937446832657,0.27847257256507874,0.05146251618862152,0.17032967032967034,0,0.0,0.034891835310537335,50,0.24763426184654236,0.9845893979072571,0.3066873818485335,0.8633677991137371,33.419097900390625,0.4527326440177253,0.278060644865036,0.922821270310192,0.278060644865036,0.922821270310192,9.812092471861433e-09,6.975211075399557e-09,2.7900844301598227e-08,1.0,0.2461591511964798,0.3789868652820587,46,0.8805503249168396,0.37898683547973633,1.0,0.37898683547973633
GCN,996,2316,3,1,1,-3.12774920463562,0.923762321472168,4.051511526107788,0.9486831426620483,0.08433899283409119,0.0,0.30286842584609985,0.07227198779582977,0.21163319439181508,0,0.0,0.020237264480111653,29,0.3009902536869049,0.9764919281005859,0.3261956417538987,0.8770310192023634,36.30524826049805,0.6045051698670606,0.302094429731369,0.9427621861152142,0.302094429731369,0.9427621861152142,1.2904783908140871e-08,2.9103830456733704e-09,1.160421980728188e-08,1.0,0.2939145565032959,0.4130842685699463,24,0.9848650693893433,0.4130842685699463,1.0,0.4130842685699463
GCN,996,2318,1,1,2,-0.7371847033500671,3.1249523162841797,3.862137019634247,0.8660253286361694,0.04087688401341438,0.0,0.2401271015405655,0.042279671877622604,0.10989010989010989,0,0.0,0.04326587578506629,62,0.21535012125968933,0.9892816543579102,0.2777752675830485,0.8076070901033974,28.85600471496582,0.21344165435745938,0.2403872311115265,0.8833087149187593,0.2403872311115265,0.8833087149187593,5.509778855383729e-09,4.844892043109894e-09,2.8599338008916675e-08,1.0,0.21304193139076233,0.3279995620250702,57,0.8603706955909729,0.3279995322227478,1.0,0.3279995322227478
GCN,996,2320,3,1,2,-0.7115581035614014,2.4608712196350098,3.172429323196411,0.8660253286361694,0.0470731146633625,0.0,0.2293240875005722,0.0551406554877758,0.1896551724137931,0,0.0,0.03698534542916958,53,0.20654480159282684,0.9845110774040222,0.270399354200255,0.758493353028065,27.584157943725586,0.15989660265878877,0.22969859838485718,0.8677991137370753,0.22969859838485718,0.8677991137370753,6.384826001237798e-09,4.54765380908384e-09,6.23186338088999e-08,1.0,0.2033456414937973,0.3130711317062378,48,0.9305490255355835,0.3130711317062378,1.0,0.3130711317062378
GCN,996,2321,0,1,2,1.1829465627670288,4.614266872406006,3.431320309638977,0.8660253286361694,0.04849979281425476,-0.00038547630538232625,0.2480238676071167,0.05069107189774513,0.16331943918150815,0,0.0,0.03768318213538032,54,0.22308573126792908,0.9859156608581543,0.2833976603628134,0.8268094534711965,29.78489875793457,0.25775480059084194,0.24805960059165955,0.8929098966026587,0.24805960059165955,0.8929098966026587,5.890201215663637e-09,1.5957818177980698e-08,6.498770233065443e-08,1.0,0.21995809674263,0.3386476933956146,50,0.8979986310005188,0.3386476933956146,1.0,0.3386476933956146
GCN,996,2330,0,1,3,0.9250943660736084,3.8298938274383545,2.904799461364746,0.8017836213111877,0.034849558025598526,-0.0014892976032570004,0.23525255918502808,0.03962778300046921,0.10837438423645321,0,0.0,0.051639916259595256,74,0.1950596570968628,0.9905103445053101,0.27383501585644515,0.7869276218611522,28.27650260925293,0.1883308714918759,0.23558852076530457,0.8759231905465288,0.23558852076530457,0.8759231905465288,5.509778855383729e-09,1.6672304425924267e-08,7.136629420756435e-08,1.0,0.19324854016304016,0.3213644027709961,70,0.8076953887939453,0.3213644027709961,1.0,0.3213644027709961
GCN,996,2331,1,1,2,-1.3933525085449219,2.112971782684326,3.506324291229248,0.8660253286361694,0.055538635700941086,0.0,0.24916793406009674,0.060301441699266434,0.2002652519893899,0,0.0,0.03279832519190509,47,0.22496600449085236,0.9818006157875061,0.28446348511421815,0.8334564254062038,29.921621322631836,0.2640324963072378,0.2491999864578247,0.8943870014771049,0.2491999864578247,0.8943870014771049,6.71586253275791e-09,5.172299921696322e-09,2.0093702701728944e-08,1.0,0.22087177634239197,0.34005439281463623,42,0.9371631741523743,0.34005439281463623,1.0,0.34005439281463623
GCN,996,2337,4,1,1,-3.9674689769744873,1.8086490631103516,5.776118040084839,0.9486831426620483,0.08601745963096619,-0.0008580302237533033,0.3216327428817749,0.0603230856359005,0.2006441834028041,0,0.0,0.0209351011863224,30,0.3190512955188751,0.9782565832138062,0.34074308072311665,0.8873707533234859,38.53383255004883,0.7101181683899557,0.3203481137752533,0.9582717872968981,0.3203481137752533,0.9582717872968981,6.4523919540704355e-09,6.004740527032482e-08,1.2218529832352942e-07,1.0,0.31217074394226074,0.43874257802963257,26,0.8395986557006836,0.43874257802963257,1.0,0.43874257802963257
GCN,996,2341,4,1,1,-2.9666099548339844,2.814786911010742,5.781396865844727,0.9486831426620483,0.14220845699310303,0.0,0.37475278973579407,0.08250690996646881,0.2233800682076544,0,0.0,0.015352407536636426,22,0.37896254658699036,0.9574272036552429,0.3863573987031456,0.9161742983751846,44.81678009033203,0.8759231905465288,0.3730453848838806,0.98301329394387,0.3730453848838806,0.98301329394387,0.0,2.2603467542126054e-08,6.110285255545023e-08,1.0,0.3628290295600891,0.5099406242370605,17,0.8250702023506165,0.5099406242370605,1.0,0.5099406242370605
GCN,996,2342,0,1,1,1.216327428817749,5.189994812011719,3.9736673831939697,0.9486831426620483,0.07826709002256393,-0.001479726517572999,0.34752511978149414,0.05361884832382202,0.18226600985221675,0,0.0,0.028611304954640614,41,0.3427771031856537,0.9844527840614319,0.3632791785724609,0.8980797636632201,41.666847229003906,0.8138847858197932,0.34634944796562195,0.9756277695716395,0.34634944796562195,0.9756277695716395,1.580506747700383e-08,6.090758120080864e-08,1.235977720170922e-07,1.0,0.33753693103790283,0.47439366579055786,38,0.9034531116485596,0.47439369559288025,1.0,0.47439369559288025
GCN,996,2346,3,1,3,-2.733272075653076,0.24666351079940796,2.979935586452484,0.8017836213111877,0.035053856670856476,0.0,0.2015916258096695,0.046090200543403625,0.12542629784009093,0,0.0,0.04326587578506629,62,0.167724147439003,0.9869910478591919,0.2517827367171726,0.45457902511078285,24.274686813354492,0.050221565731166914,0.20268936455249786,0.7536927621861153,0.20268936455249786,0.7536927621861153,4.816837595456036e-09,4.7176942352678e-09,2.698024026415169e-08,1.0,0.16554223001003265,0.27528995275497437,57,0.8500851392745972,0.275289922952652,1.0,0.275289922952652
GCN,996,2347,0,1,3,0.8198299407958984,3.1572701930999756,2.337440252304077,0.8017836213111877,0.033701181411743164,0.0,0.19353826344013214,0.04007366672158241,0.10837438423645321,0,0.0,0.0418702023726448,60,0.16102901101112366,0.9869546890258789,0.2464592202918462,0.34379615952732645,23.320409774780273,0.03692762186115214,0.19470416009426117,0.6739290989660266,0.19470416009426117,0.6739290989660266,4.44212577832559e-09,4.739547865284521e-09,6.662212115315924e-08,1.0,0.15892833471298218,0.26429131627082825,55,0.7380706071853638,0.26429128646850586,1.0,0.26429128646850586
GCN,996,2353,4,1,3,-2.5023956298828125,0.2512481212615967,2.753643751144409,0.8017836213111877,0.03555407375097275,-0.0004075457400176674,0.2299342304468155,0.04010401666164398,0.10837438423645321,0,0.0,0.04954640614096301,71,0.1908300369977951,0.989675760269165,0.27141608607466566,0.7680945347119645,27.674903869628906,0.16285081240768096,0.230531245470047,0.8692762186115214,0.230531245470047,0.8692762186115214,3.696071892989039e-09,1.6237434508070692e-08,6.983366773738453e-08,1.0,0.18887102603912354,0.3140847682952881,67,0.8318006992340088,0.3140847384929657,1.0,0.3140847384929657
GCN,996,2359,2,0,11,-4.9193830490112305,-3.8903844356536865,1.028998613357544,0.5477225184440613,0.024233287200331688,-9.588197281118482e-05,0.20917119085788727,0.038263894617557526,0.10837438423645321,0,0.0,0.09979064898813678,143,0.11881638318300247,0.9876149296760559,0.2561273409195168,0.5476366322008862,25.15035629272461,0.06831610044313147,0.21002811193466187,0.8090841949778435,0.21002811193466187,0.8090841949778435,9.281156287954673e-09,1.2095384249732888e-08,9.951787660611444e-08,1.0,0.1173466220498085,0.2856595516204834,139,0.7236012816429138,0.285659521818161,1.0,0.285659521818161
GCN,996,2365,2,0,7,-5.6254472732543945,-4.265385627746582,1.3600616455078125,0.6396021246910095,0.03492196649312973,-0.0003014862013515085,0.22231651842594147,0.038465701043605804,0.10837438423645321,0,0.0,0.06769016050244243,97,0.1480201631784439,0.9833922982215881,0.26410544740290565,0.6864844903988183,26.707857131958008,0.11964549483013294,0.22272171080112457,0.8548744460856721,0.22272171080112457,0.8548744460856721,8.786079419564885e-09,1.68755036611401e-08,8.132158058060668e-08,1.0,0.14556998014450073,0.3034594655036926,93,0.6264935731887817,0.3034594655036926,1.0,0.3034594655036926
GCN,996,2368,3,1,2,-0.44912850856781006,3.2133302688598633,3.6624587774276733,0.8660253286361694,0.05734952166676521,0.0,0.2463206797838211,0.06448768079280853,0.20500189465706706,0,0.0,0.03210048848569435,46,0.22271974384784698,0.9801849126815796,0.28274675627280443,0.8245937961595273,29.590957641601562,0.24741506646971936,0.24638831615447998,0.8899556868537666,0.24638831615447998,0.8899556868537666,1.2355390488494322e-08,1.6154173110294323e-08,6.988177858602285e-08,1.0,0.2183065265417099,0.3361049294471741,41,0.9594854116439819,0.3361049294471741,1.0,0.3361049294471741
GCN,996,2383,4,0,10,-5.332347393035889,-3.635392665863037,1.6969547271728516,0.5669466257095337,0.02022654376924038,-0.00028079590993002057,0.21968302130699158,0.01673302985727787,0.10837438423645321,0,0.0,0.09630146545708304,138,0.1285826414823532,0.9926514029502869,0.26372937176022904,0.6850073855243722,26.41769027709961,0.11078286558345643,0.22042834758758545,0.8500738552437223,0.22042834758758545,0.8500738552437223,1.6692512261329284e-08,2.6791195040232196e-08,2.13974914231585e-07,1.0,0.12764208018779755,0.30018600821495056,135,0.4121464788913727,0.3001859784126282,1.0,0.3001859784126282
GCN,996,2384,0,1,1,0.9174216985702515,4.843726634979248,3.9263049364089966,0.9486831426620483,0.0686800554394722,-0.00021621469932142645,0.2873614728450775,0.06159036606550217,0.20291777188328913,0,0.0,0.0314026517794836,45,0.28400713205337524,0.9825441837310791,0.3134210008479422,0.8685376661742984,34.42827224731445,0.5048005908419497,0.28649020195007324,0.9324224519940916,0.28649020195007324,0.9324224519940916,0.0,3.0354108560004534e-08,6.156070497809196e-08,1.0,0.2790609896183014,0.3922082185745239,41,0.9778942465782166,0.3922082185745239,1.0,0.3922082185745239
GCN,996,2389,2,0,2,-3.1264567375183105,-0.058824777603149414,3.067631959915161,0.8660253286361694,0.04658159986138344,-0.0024914813693612814,0.2192494422197342,0.05840533971786499,0.1964759378552482,0,0.0,0.03210048848569435,46,0.19754602015018463,0.9834104180335999,0.26303661255039834,0.670605612998523,26.38700294494629,0.10930576070901034,0.21982333064079285,0.8482274741506647,0.21982333064079285,0.8482274741506647,3.4846900920371127e-09,6.054995616011638e-09,3.218794120130042e-08,1.0,0.19435809552669525,0.29923391342163086,42,0.9069632887840271,0.29923391342163086,1.0,0.29923391342163086
GCN,996,2392,2,0,3,-3.120316743850708,-0.09117484092712402,3.029141902923584,0.8017836213111877,0.03611104562878609,-0.0019445432117208838,0.22313788533210754,0.04299012944102287,0.1110269041303524,0,0.0,0.04326587578506629,62,0.1852937787771225,0.9886980652809143,0.265724149599544,0.7130723781388478,26.843862533569336,0.12259970457902511,0.22378017008304596,0.8563515509601182,0.22378017008304596,0.8563515509601182,4.4664663079174716e-09,1.5973309785977108e-08,6.800727447853205e-08,1.0,0.18325364589691162,0.30474328994750977,58,0.7984821796417236,0.30474328994750977,1.0,0.30474328994750977
GCN,996,2411,3,1,1,-2.2806665897369385,4.312167644500732,6.592834234237671,0.9486831426620483,0.0862840935587883,0.0,0.37356701493263245,0.05362537130713463,0.18226600985221675,0,0.0,0.027913468248429867,40,0.36885058879852295,0.9836750626564026,0.3846341019670165,0.9124815361890695,44.7761344909668,0.8748153618906942,0.3720611035823822,0.98301329394387,0.3720611035823822,0.98301329394387,1.3170890156288806e-08,3.759692113192159e-09,6.144788500250797e-08,1.0,0.3628291189670563,0.5099407434463501,35,0.8810270428657532,0.5099407434463501,1.0,0.5099407434463501
GCN,996,2425,3,1,5,0.8303108811378479,3.2524237632751465,2.4221128821372986,0.7071066498756409,0.03545233607292175,0.0,0.2479589730501175,0.02528553456068039,0.10837438423645321,0,0.0,0.055826936496859735,80,0.18166755139827728,0.9886673092842102,0.2835612696183106,0.8286558345642541,29.783992767333984,0.25775480059084194,0.24816927313804626,0.8936484490398818,0.24816927313804626,0.8936484490398818,8.15904499518183e-09,7.984215955048057e-09,4.4021618350598146e-08,1.0,0.1796087771654129,0.3386736214160919,75,0.5002095699310303,0.3386736214160919,1.0,0.3386736214160919
GCN,996,2427,3,1,3,-1.1938605308532715,2.7679531574249268,3.9618136882781982,0.8017836213111877,0.05776606872677803,-0.0006739170057699084,0.2882784605026245,0.03205937147140503,0.10837438423645321,0,0.0,0.04884856943475227,70,0.24071037769317627,0.9828116297721863,0.3128883928464594,0.8685376661742984,34.54713821411133,0.509970457902511,0.2875351309776306,0.9331610044313147,0.2875351309776306,0.9331610044313147,1.0860993882033654e-08,2.2184984516115946e-08,8.905825410465695e-08,1.0,0.23660291731357574,0.3934609591960907,67,0.49467939138412476,0.3934609591960907,1.0,0.3934609591960907
GCN,996,2428,5,1,1,-1.2469968795776367,2.8612663745880127,4.108263254165649,0.9486831426620483,0.15541410446166992,-0.00020570385095197707,0.3339170515537262,0.12070884555578232,0.3980674497915877,1,0.0,0.020237264480111653,29,0.34388670325279236,0.9376207590103149,0.34658945548069675,0.888109305760709,39.79824447631836,0.7540620384047267,0.33133673667907715,0.9671344165435746,0.33133673667907715,0.9671344165435746,1.2904783908140871e-08,3.260460346155014e-08,7.197894547061878e-08,1.0,0.322459876537323,0.4532034993171692,25,0.984166145324707,0.4532034695148468,1.0,0.4532034695148468
GCN,996,2431,4,1,1,-3.4627339839935303,2.2126333713531494,5.67536735534668,0.9486831426620483,0.11249000579118729,0.0,0.37405091524124146,0.0748787671327591,0.21485411140583555,0,0.0,0.021632937892533146,31,0.37300580739974976,0.9727170467376709,0.38520599956984913,0.914327917282127,44.91326141357422,0.8777695716395865,0.37205296754837036,0.98301329394387,0.37205296754837036,0.98301329394387,0.0,4.5906620727009795e-09,6.289875642551124e-08,1.0,0.3628291189670563,0.5099407434463501,26,0.9448363780975342,0.5099407434463501,1.0,0.5099407434463501
GCN,996,2433,2,1,1,0.2540551424026489,5.157520771026611,4.903465628623962,0.9486831426620483,0.08693026006221771,0.0,0.37357738614082336,0.05327460914850235,0.1816976127320955,0,0.0,0.02721563154221912,39,0.3689402639865875,0.9834356904029846,0.3847508693905849,0.9124815361890695,44.76774978637695,0.8748153618906942,0.3720213770866394,0.98301329394387,0.3720213770866394,0.98301329394387,1.4901161193847656e-08,1.4785662472149852e-08,3.871995346571566e-08,1.0,0.3628290295600891,0.5099406242370605,34,0.868782639503479,0.5099406242370605,1.0,0.5099406242370605
GCN,996,2435,4,1,2,-2.4935412406921387,1.339289665222168,3.8328309059143066,0.8660253286361694,0.047886960208415985,0.0,0.2687818109989166,0.04185961186885834,0.10989010989010989,0,0.0,0.039078855547801813,56,0.24126595258712769,0.9882746338844299,0.2995148913871859,0.8578286558345642,32.2783088684082,0.3951255539143279,0.2686867117881775,0.9139586410635155,0.2686867117881775,0.9139586410635155,5.890201215663637e-09,9.366913467090399e-09,4.009557486028825e-08,1.0,0.23843704164028168,0.3670978844165802,51,0.8138949871063232,0.3670978844165802,1.0,0.3670978844165802
GCN,996,2438,3,1,2,-2.6322994232177734,2.2745611667633057,4.906860589981079,0.8660253286361694,0.06340334564447403,-0.0005552056827582419,0.2840999364852905,0.054912492632865906,0.18927624100037893,0,0.0,0.02721563154221912,39,0.25647976994514465,0.9817514419555664,0.31112932968345514,0.8670605612998523,34.10260009765625,0.48559822747415066,0.2835114002227783,0.9279911373707533,0.2835114002227783,0.9279911373707533,6.4523919540704355e-09,6.3688863072286495e-09,2.5360376909588922e-08,1.0,0.2518264651298523,0.3877122402191162,35,0.8523554801940918,0.3877122402191162,1.0,0.3877122402191162
GCN,996,2445,2,0,4,-3.8095273971557617,-0.5624039173126221,3.2471234798431396,0.7499998807907104,0.026136137545108795,0.0,0.20192576944828033,0.03009486012160778,0.10837438423645321,0,0.0,0.06071179344033496,87,0.1564880758523941,0.9917118549346924,0.2517700121330491,0.45457902511078285,24.34292984008789,0.05132939438700148,0.203200563788414,0.7566469719350074,0.203200563788414,0.7566469719350074,6.7801306791182014e-09,7.770450061173051e-09,7.838062998644091e-08,1.0,0.1551910787820816,0.27589529752731323,82,0.697531521320343,0.27589529752731323,1.0,0.27589529752731323
GCN,996,2446,2,0,8,-4.81697416305542,-2.170415163040161,2.646559000015259,0.6123723983764648,0.021225396543741226,-0.052343033254146576,0.2220500111579895,0.21823972463607788,0.7322849564228875,1,0.0,0.09141660851360782,131,0.13918420672416687,0.9931139945983887,0.26442796595928725,0.6905465288035451,26.694398880004883,0.11964549483013294,0.2226865291595459,0.8548744460856721,0.2226865291595459,0.8548744460856721,8.4719644632969e-09,1.818102113304576e-08,1.3995271785915975e-07,1.0,0.1390804499387741,0.3028232455253601,127,0.4822635054588318,0.3028232157230377,1.0,0.3028232157230377
GCN,996,2448,2,0,5,-4.622608184814453,-1.9032015800476074,2.7194066047668457,0.7071066498756409,0.027096306905150414,-0.036859940737485886,0.2110619843006134,0.03139476478099823,0.10837438423645321,0,0.0,0.06908583391486392,99,0.15331785380840302,0.9907276034355164,0.25702535512361835,0.5620384047267356,25.390094757080078,0.07496307237813885,0.21193532645702362,0.8201624815361891,0.21193532645702362,0.8201624815361891,7.153624359546029e-09,1.0410875717070667e-08,9.36928543637805e-08,1.0,0.15266454219818115,0.28786706924438477,95,0.691675066947937,0.28786709904670715,1.0,0.28786709904670715
GCN,996,2456,5,1,2,-1.1593087911605835,2.6413371562957764,3.80064594745636,0.8660253286361694,0.046375006437301636,-0.0564873032271862,0.2718321681022644,0.04265150427818298,0.11083743842364532,0,0.0,0.04326587578506629,62,0.24112871289253235,0.9890302419662476,0.30190851096627536,0.8607828655834564,32.611019134521484,0.41285081240768096,0.27147525548934937,0.9165435745937962,0.27147525548934937,0.9165435745937962,5.8161075955354136e-09,1.587778619693836e-08,6.39110595557213e-08,1.0,0.24049876630306244,0.37027212977409363,60,0.8437040448188782,0.37027207016944885,1.0,0.37027207016944885
GCN,996,2459,3,0,2,-5.081582069396973,-1.527146339416504,3.5544357299804688,0.8660253286361694,0.08521057665348053,0.0,0.27820906043052673,0.07052122801542282,0.21049640015157256,0,0.0,0.01465457083042568,21,0.2547374367713928,0.9663251638412476,0.30449626496565846,0.8626292466765141,33.402244567871094,0.45088626292466766,0.2776755094528198,0.922082717872969,0.2776755094528198,0.922082717872969,0.0,1.1295286483914424e-08,3.9441264476636206e-08,1.0,0.24615918099880219,0.3789868950843811,16,0.7976057529449463,0.3789868950843811,1.0,0.3789868950843811
GCN,996,2461,6,1,1,-3.3766770362854004,1.249537467956543,4.626214504241943,0.9486831426620483,0.08985865861177444,0.0,0.3736255466938019,0.05748751759529114,0.19552860932171276,0,0.0,0.026517794836008374,38,0.36935532093048096,0.982330858707428,0.38406179895174064,0.9124815361890695,44.780967712402344,0.8751846381093058,0.37180453538894653,0.98301329394387,0.37180453538894653,0.98301329394387,6.71586253275791e-09,1.4346506205242804e-08,7.534652723961699e-08,1.0,0.3628291189670563,0.5099407434463501,33,0.9070502519607544,0.5099406838417053,1.0,0.5099406838417053
GCN,996,2467,6,1,2,-0.9424031972885132,3.036667823791504,3.979071021080017,0.8660253286361694,0.05142149329185486,-0.0007309429929591715,0.30034759640693665,0.0406562015414238,0.10837438423645321,0,0.0,0.04256803907885555,61,0.26934814453125,0.98915696144104,0.32461966579756607,0.8751846381093058,36.042640686035156,0.5878877400295421,0.29980865120887756,0.941285081240768,0.29980865120887756,0.941285081240768,7.450580596923828e-09,3.079311738929391e-08,6.418528641916055e-08,1.0,0.2664565145969391,0.4102367162704468,57,0.8002895712852478,0.4102366864681244,1.0,0.4102366864681244
GCN,996,2474,4,0,2,-5.292046546936035,-1.8709596395492554,3.42108690738678,0.8660253286361694,0.07218801975250244,0.0,0.2712012529373169,0.07217179983854294,0.21163319439181508,0,0.0,0.03210048848569435,46,0.24652595818042755,0.9742987751960754,0.30084208083885905,0.8596750369276218,32.52655792236328,0.40841949778434267,0.2708803415298462,0.9165435745937962,0.2708803415298462,0.9165435745937962,9.077409934832303e-09,3.045479246566174e-08,1.2201836341318995e-07,1.0,0.24018992483615875,0.36979663372039795,41,0.9392575025558472,0.3697965741157532,1.0,0.3697965741157532
GCN,996,2479,6,1,1,-2.781949520111084,2.0687103271484375,4.8506598472595215,0.9486831426620483,0.09083700180053711,0.0,0.3736419081687927,0.05655606836080551,0.19306555513452064,0,0.0,0.025819958129797628,37,0.36949682235717773,0.9819543957710266,0.38371895496777053,0.9117429837518464,44.834712982177734,0.8762924667651403,0.3722638189792633,0.98301329394387,0.3722638189792633,0.98301329394387,0.0,1.0193489607956963e-08,2.8803324170212363e-08,1.0,0.3628290295600891,0.5099406242370605,32,0.8827813267707825,0.5099406242370605,1.0,0.5099406242370605
GCN,996,2483,4,1,2,-3.0370125770568848,0.22168827056884766,3.2587008476257324,0.8660253286361694,0.10451503098011017,0.0,0.2851004898548126,0.09844201803207397,0.3090185676392573,0,0.0,0.020237264480111653,29,0.2643497884273529,0.9526259899139404,0.3117735764323007,0.8674298375184638,34.198211669921875,0.491506646971935,0.2844172418117523,0.9298375184638109,0.2844172418117523,0.9298375184638109,1.2904783908140871e-08,2.0255596311358204e-08,8.102238524543282e-08,1.0,0.2518264651298523,0.3877122700214386,24,0.9302297830581665,0.3877122402191162,1.0,0.3877122402191162
GCN,996,2489,3,1,1,-3.9519155025482178,0.986327588558197,4.938243091106415,0.9486831426620483,0.11761264503002167,0.0,0.32230719923973083,0.09186384081840515,0.26203107237589995,0,0.0,0.013258897418004187,19,0.3250177204608917,0.9604731202125549,0.34229767214629636,0.8873707533234859,38.62083053588867,0.7138109305760709,0.32112830877304077,0.9590103397341211,0.32112830877304077,0.9590103397341211,0.0,3.054987374184748e-08,6.538023455959774e-08,1.0,0.31217077374458313,0.43874260783195496,14,0.9553043842315674,0.43874257802963257,1.0,0.43874257802963257
GCN,996,2490,4,1,2,-2.5844297409057617,1.0218505859375,3.6062803268432617,0.8660253286361694,0.045974187552928925,0.0,0.2536744475364685,0.045923035591840744,0.12542629784009093,0,0.0,0.040474528960223306,58,0.22778716683387756,0.9878734350204468,0.2880670185665839,0.8408419497784343,30.4906063079834,0.2950516986706056,0.2536269426345825,0.8988183161004432,0.2536269426345825,0.8988183161004432,5.350040854779081e-09,1.6106282529904092e-08,6.442638778025866e-08,1.0,0.22502487897872925,0.34644851088523865,53,0.8777763843536377,0.34644848108291626,1.0,0.34644848108291626
GCN,996,2496,4,1,1,-1.1001009941101074,2.979856014251709,4.079957008361816,0.9486831426620483,0.0761379599571228,-0.00032792973797768354,0.31365707516670227,0.061235543340444565,0.2019704433497537,0,0.0,0.030006978367062107,43,0.3101373314857483,0.9820051193237305,0.33509472546821906,0.8829394387001477,37.62493896484375,0.6650664697193501,0.3126203119754791,0.9519940915805022,0.3126203119754791,0.9519940915805022,1.4307248719092058e-08,6.015349640620116e-08,1.814603791672198e-07,1.0,0.3045755922794342,0.4280679225921631,39,0.9572792053222656,0.4280679523944855,1.0,0.4280679523944855
GCN,996,2505,1,1,1,-2.469585418701172,2.333303213119507,4.802888631820679,0.9486831426620483,0.0778270959854126,0.0,0.32146841287612915,0.05978018790483475,0.19969685486926866,0,0.0,0.026517794836008374,38,0.31786006689071655,0.982101321220398,0.34064982175067876,0.8870014771048744,38.50908279418945,0.7093796159527327,0.32005491852760315,0.9582717872968981,0.32005491852760315,0.9582717872968981,9.678587709061048e-09,5.972196959191933e-08,1.2018392681056866e-07,1.0,0.31217074394226074,0.43874257802963257,33,0.9370137453079224,0.43874257802963257,1.0,0.43874257802963257
GCN,996,2508,3,0,3,-3.8885228633880615,-1.1654069423675537,2.723115921020508,0.8017836213111877,0.05790315940976143,0.0,0.20467260479927063,0.08316363394260406,0.2233800682076544,0,0.0,0.0314026517794836,45,0.17347970604896545,0.9664742350578308,0.25302712761808266,0.4778434268833087,24.64476203918457,0.060561299852289516,0.2056148499250412,0.7784342688330872,0.2056148499250412,0.7784342688330872,1.825012141409843e-08,1.6238582034588944e-08,9.743788353944183e-08,1.0,0.16766367852687836,0.2788178324699402,40,0.9427751302719116,0.2788178324699402,1.0,0.2788178324699402
GCN,996,2509,3,0,5,-5.532158851623535,-2.4686877727508545,3.0634710788726807,0.7071066498756409,0.02911454066634178,0.0,0.22064067423343658,0.0304560586810112,0.10837438423645321,0,0.0,0.06489881367759945,93,0.1614125669002533,0.9903265237808228,0.2641921808429614,0.6864844903988183,26.527130126953125,0.11447562776957164,0.22128479182720184,0.8511816838995568,0.22128479182720184,0.8511816838995568,8.303929988073833e-09,5.302011718555377e-09,3.115061630865057e-08,1.0,0.15985114872455597,0.301418274641037,88,0.6528213024139404,0.301418274641037,1.0,0.301418274641037
GCN,996,2514,2,1,2,-3.196955680847168,0.4317625164985657,3.6287181973457336,0.8660253286361694,0.05017181858420372,-0.00019900777260772884,0.240666002035141,0.05591251701116562,0.19306555513452064,0,0.0,0.03628750872295883,52,0.21684309840202332,0.9840324521064758,0.2770664817064431,0.8057607090103397,28.904945373535156,0.21639586410635156,0.24086636304855347,0.8836779911373708,0.24086636304855347,0.8836779911373708,6.107090388951519e-09,8.574524201776512e-09,4.200512648822041e-08,1.0,0.2133883386850357,0.328532874584198,48,0.9290830492973328,0.328532874584198,1.0,0.328532874584198
GCN,996,2523,2,1,2,-2.9158215522766113,0.5805709362030029,3.4963924884796143,0.8660253286361694,0.05218149349093437,0.0,0.22597408294677734,0.04894563928246498,0.14948844259189087,0,0.0,0.030006978367062107,43,0.20426449179649353,0.9805001616477966,0.26821888129257654,0.7367060561299852,27.186182022094727,0.1399556868537666,0.22642108798027039,0.8622599704579025,0.22642108798027039,0.8622599704579025,1.862645149230957e-09,1.5288240007294007e-08,1.2022270823308645e-07,1.0,0.20028135180473328,0.30835336446762085,38,0.7342545986175537,0.30835336446762085,1.0,0.30835336446762085
GCN,996,2533,0,1,1,-2.5095276832580566,3.7901668548583984,6.299694538116455,0.9486831426620483,0.0822051614522934,-0.0027621560730040073,0.33215445280075073,0.06300835311412811,0.2046229632436529,0,0.0,0.024424284717376135,35,0.32843074202537537,0.9812880158424377,0.3501885481019942,0.888109305760709,39.783817291259766,0.7540620384047267,0.3311963975429535,0.9667651403249631,0.3311963975429535,0.9667651403249631,1.4062662145875038e-08,7.693986781021067e-09,6.237949889964511e-08,1.0,0.3224598467350006,0.4532034397125244,32,0.9259238243103027,0.453203409910202,1.0,0.453203409910202
GCN,996,2540,3,0,1,-6.789289474487305,-2.188768148422241,4.6005213260650635,0.9486831426620483,0.13973881304264069,0.0,0.3229199945926666,0.11045768857002258,0.3685107995452823,1,0.0,0.011165387299371946,16,0.33016085624694824,0.945510983467102,0.34022139251851646,0.8870014771048744,38.57194900512695,0.7112259970457903,0.3211929500102997,0.9590103397341211,0.3211929500102997,0.9590103397341211,1.4901161193847656e-08,3.150147875885523e-08,6.869885282867472e-08,1.0,0.31217071413993835,0.4387425184249878,11,0.9686235785484314,0.4387425184249878,1.0,0.4387425184249878
GCN,996,2543,3,0,3,-4.536789417266846,-0.19105029106140137,4.345739126205444,0.8017836213111877,0.03918425366282463,0.0,0.23258960247039795,0.035914137959480286,0.10837438423645321,0,0.0,0.04675505931612003,67,0.19337806105613708,0.9877763390541077,0.27293453279406227,0.7799113737075333,27.943906784057617,0.17429837518463812,0.2330339550971985,0.8729689807976366,0.2330339550971985,0.8729689807976366,8.535712581192456e-09,1.127021143076945e-08,5.905642552761492e-08,1.0,0.19101428985595703,0.3176489472389221,62,0.6836933493614197,0.3176489472389221,1.0,0.3176489472389221
GCN,996,2549,4,1,1,-3.85060977935791,0.8515727519989014,4.7021825313568115,0.9486831426620483,0.07610095292329788,0.0,0.3214397430419922,0.05886818841099739,0.19723380068207655,0,0.0,0.028611304954640614,41,0.3176126480102539,0.9828662872314453,0.3417799918228406,0.8873707533234859,38.58390808105469,0.7119645494830132,0.32067760825157166,0.9590103397341211,0.32067760825157166,0.9590103397341211,3.2261959770352178e-09,5.97491904841263e-08,1.1990574932951859e-07,1.0,0.31217074394226074,0.43874257802963257,36,0.94356369972229,0.4387425482273102,1.0,0.4387425482273102
GCN,996,2552,3,1,1,-2.5872349739074707,3.2026147842407227,5.789849758148193,0.9486831426620483,0.15586954355239868,-0.02835986204445362,0.3168446719646454,0.12843352556228638,0.4160666919287609,1,0.0,0.0209351011863224,30,0.3241487145423889,0.9291266202926636,0.33219228093321485,0.880354505169867,37.90462875366211,0.6809453471196455,0.3147958815097809,0.9531019202363368,0.3147958815097809,0.9531019202363368,1.053671194739536e-08,5.984664852576316e-08,1.8010199198670307e-07,1.0,0.30457568168640137,0.42806804180145264,26,0.9907057881355286,0.42806804180145264,1.0,0.42806804180145264
GCN,996,2557,2,1,1,-3.7565815448760986,0.7340118288993835,4.490593373775482,0.9486831426620483,0.08323174715042114,0.0,0.30284714698791504,0.07085826992988586,0.21049640015157256,0,0.0,0.02721563154221912,39,0.30080774426460266,0.977084219455719,0.32505928379162774,0.8751846381093058,36.302860260009766,0.6045051698670606,0.3021160960197449,0.9427621861152142,0.3021160960197449,0.9427621861152142,6.71586253275791e-09,3.004462811873054e-08,6.064691149276769e-08,1.0,0.2939144968986511,0.4130842089653015,34,0.9783767461776733,0.4130842387676239,1.0,0.4130842387676239
GCN,996,2561,2,1,1,-1.6006641387939453,3.7804529666900635,5.381117105484009,0.9486831426620483,0.15477439761161804,-0.00018176756566390395,0.3338954448699951,0.12043695151805878,0.3980674497915877,1,0.0,0.022330774598743892,32,0.3437187373638153,0.9380875825881958,0.3512785506608407,0.8888478581979321,40.00616455078125,0.7610782865583456,0.3316032290458679,0.9671344165435746,0.3316032290458679,0.9671344165435746,1.343172506551582e-08,3.249635227575709e-08,7.897593690131544e-08,1.0,0.3224599063396454,0.4532035291194916,28,0.9859440326690674,0.4532034993171692,1.0,0.4532034993171692
GCN,996,2562,0,1,2,-0.2978118658065796,3.599654197692871,3.8974660634994507,0.8660253286361694,0.08063244819641113,0.0,0.3434298634529114,0.04782688617706299,0.13793103448275862,0,0.0,0.02372644801116539,34,0.31061607599258423,0.9798582792282104,0.35879098043411956,0.8977104874446086,41.133094787597656,0.7994830132939439,0.3420255482196808,0.9741506646971935,0.3420255482196808,0.9741506646971935,6.71586253275791e-09,5.994767349193353e-08,1.8063876439100568e-07,1.0,0.30435970425605774,0.46859249472618103,29,0.7056525945663452,0.46859246492385864,1.0,0.46859246492385864
GCN,996,2566,3,1,2,-2.006927490234375,2.519641399383545,4.52656888961792,0.8660253286361694,0.06715395301580429,0.0,0.2841615676879883,0.053265295922756195,0.1816976127320955,0,0.0,0.026517794836008374,38,0.2570705711841583,0.9796005487442017,0.31089036766417755,0.8666912850812407,34.07707977294922,0.4848596750369276,0.2835622727870941,0.9279911373707533,0.2835622727870941,0.9279911373707533,9.856191418577964e-09,6.911776928575364e-09,2.7647107714301455e-08,1.0,0.2518264651298523,0.3877122402191162,33,0.7807800769805908,0.3877122402191162,1.0,0.3877122402191162
GCN,996,2568,3,1,1,-4.71394157409668,1.524095892906189,6.238037467002869,0.9486831426620483,0.07965358346700668,0.0,0.332051545381546,0.058676183223724365,0.1964759378552482,0,0.0,0.027913468248429867,40,0.328230082988739,0.9824200868606567,0.34906853767098006,0.888109305760709,39.83174514770508,0.7551698670605613,0.3309665322303772,0.9667651403249631,0.3309665322303772,0.9667651403249631,1.466648225090239e-08,7.46511830129748e-09,6.144612285652329e-08,1.0,0.3224598467350006,0.4532034397125244,35,0.9282035231590271,0.4532034397125244,1.0,0.4532034397125244
GCN,996,2578,0,1,2,-1.400905728340149,3.286224842071533,4.687130570411682,0.8660253286361694,0.049117445945739746,-0.1475171446800232,0.2708809971809387,0.25188201665878296,0.8003031451307313,1,0.0,0.040474528960223306,58,0.23584283888339996,0.9873656630516052,0.29732283895052486,0.8559822747415067,32.50657653808594,0.4080502215657312,0.27069368958473206,0.9165435745937962,0.27069368958473206,0.9165435745937962,7.153624359546029e-09,5.526969992786235e-09,2.2225266960163026e-08,1.0,0.2384370118379593,0.3670978546142578,54,0.8650009632110596,0.3670978248119354,1.0,0.3670978248119354
GCN,996,2582,3,0,3,-6.237736225128174,-1.4990944862365723,4.738641738891602,0.8017836213111877,0.044431619346141815,-0.0010323867900297046,0.2677600681781769,0.036052096635103226,0.10837438423645321,0,0.0,0.0418702023726448,60,0.22250105440616608,0.988130509853363,0.29864441454288365,0.8574593796159528,32.116519927978516,0.38774002954209746,0.26761624217033386,0.9132200886262924,0.26761624217033386,0.9132200886262924,4.267856290596228e-09,4.640578143977336e-09,2.1201655542313347e-08,1.0,0.2198953777551651,0.36567699909210205,56,0.6748967170715332,0.36567699909210205,1.0,0.36567699909210205
GCN,996,2586,5,1,1,-1.8951119184494019,3.9835188388824463,5.878630757331848,0.9486831426620483,0.12263746559619904,0.0,0.37427234649658203,0.05882738530635834,0.19723380068207655,0,0.0,0.020237264480111653,29,0.3748936951160431,0.9678186774253845,0.38613834560445315,0.9154357459379616,44.83088684082031,0.8762924667651403,0.3725787401199341,0.98301329394387,0.3725787401199341,0.98301329394387,1.053671194739536e-08,1.1791326137711167e-08,6.879977831886208e-08,1.0,0.3628291189670563,0.5099407434463501,24,0.6812794208526611,0.5099407434463501,1.0,0.5099407434463501
GCN,996,2592,5,1,2,-3.5550456047058105,0.19715726375579834,3.752202868461609,0.8660253286361694,0.05470056086778641,-0.003537100041285157,0.25271615386009216,0.05931106209754944,0.19950738916256158,0,0.0,0.03210048848569435,46,0.22776593267917633,0.9827859401702881,0.28663606620816917,0.8375184638109305,30.4127197265625,0.2898818316100443,0.25282448530197144,0.8988183161004432,0.25282448530197144,0.8988183161004432,8.932932615834943e-09,3.024653949523781e-08,1.215152991562718e-07,1.0,0.22399397194385529,0.34486132860183716,42,0.9032821655273438,0.34486135840415955,1.0000001192092896,0.34486132860183716
GCN,996,2598,1,1,1,-1.025773286819458,3.8670589923858643,4.892832279205322,0.9486831426620483,0.08357597142457962,0.0,0.33211857080459595,0.06112063303589821,0.2019704433497537,0,0.0,0.02512212142358688,36,0.3288068175315857,0.9806970953941345,0.34932070274366206,0.888109305760709,39.845829010009766,0.7555391432791728,0.3310331404209137,0.9667651403249631,0.3310331404209137,0.9667651403249631,8.119082295365843e-09,3.0561405850448864e-08,6.344794911683493e-08,1.0,0.322459876537323,0.4532034993171692,31,0.92168128490448,0.4532034397125244,1.0,0.4532034397125244
GCN,996,2599,3,1,3,-3.409669876098633,0.062030673027038574,3.4717005491256714,0.8017836213111877,0.04320725053548813,0.0,0.2387361228466034,0.042792461812496185,0.11083743842364532,0,0.0,0.03977669225401256,57,0.19881832599639893,0.9859266877174377,0.2773527627474495,0.8068685376661743,28.7031192779541,0.20605612998522896,0.2391565591096878,0.880354505169867,0.2391565591096878,0.880354505169867,8.981349886028056e-09,1.6327016183481646e-08,6.762677884353252e-08,1.0,0.19602032005786896,0.3259737491607666,52,0.758308470249176,0.3259737491607666,1.0,0.3259737491607666
GCN,996,2603,3,1,1,-1.9746012687683105,4.380889892578125,6.3554911613464355,0.9486831426620483,0.07365676015615463,-0.0004871197452303022,0.37338870763778687,0.04415084421634674,0.11405835543766578,0,0.0,0.034891835310537335,50,0.3671995997428894,0.9880226850509644,0.38548063271480193,0.914327917282127,44.78175354003906,0.8751846381093058,0.372004896402359,0.98301329394387,0.372004896402359,0.98301329394387,6.4523919540704355e-09,6.386948303571671e-09,6.201517521731148e-08,1.0,0.3628291189670563,0.5099407434463501,46,0.8493149280548096,0.5099407434463501,1.0,0.5099407434463501
GCN,996,2604,6,1,3,-0.611441969871521,1.9569040536880493,2.5683460235595703,0.8017836213111877,0.04394714534282684,0.0,0.26859620213508606,0.03974469378590584,0.10837438423645321,0,0.0,0.04256803907885555,61,0.22317750751972198,0.9884600043296814,0.29941803543232015,0.8578286558345642,32.278324127197266,0.3951255539143279,0.26855555176734924,0.9139586410635155,0.26855555176734924,0.9139586410635155,7.566100634903705e-09,9.987491722540653e-09,4.539660380942223e-08,1.0,0.22060205042362213,0.36685216426849365,56,0.779050350189209,0.36685213446617126,1.0,0.36685213446617126
GCN,996,2614,2,0,5,-3.666416645050049,-0.5284754633903503,3.1379411816596985,0.7071066498756409,0.04686826467514038,0.0,0.2631104588508606,0.02958666905760765,0.10837438423645321,0,0.0,0.04675505931612003,67,0.19383162260055542,0.9825479388237,0.29509483722347923,0.8552437223042836,31.551809310913086,0.35413589364844905,0.2628531754016876,0.9076809453471196,0.2628531754016876,0.9076809453471196,1.4390365343786016e-08,2.249084118943756e-08,1.4932632552699943e-07,1.0,0.19044889509677887,0.3591139316558838,62,0.4697861075401306,0.3591139018535614,1.0,0.3591139018535614
GCN,996,2618,2,1,1,-0.7558600902557373,4.65447998046875,5.410340070724487,0.9486831426620483,0.16227637231349945,0.0,0.3753185570240021,0.10935205221176147,0.367942402425161,1,0.0,0.01674808094905792,24,0.3837037980556488,0.9455967545509338,0.3839146066578227,0.9124815361890695,44.78732681274414,0.8751846381093058,0.37212416529655457,0.98301329394387,0.37212416529655457,0.98301329394387,1.4784287571956156e-08,3.133475701133648e-08,7.006771340911655e-08,1.0,0.3628290891647339,0.5099406838417053,19,0.9597383737564087,0.5099406242370605,1.0,0.5099406242370605
GCN,996,2631,4,1,1,-4.773548126220703,1.6488044261932373,6.42235255241394,0.9486831426620483,0.10608096420764923,0.0,0.3739207983016968,0.056506235152482986,0.19306555513452064,0,0.0,0.018143754361479414,26,0.37189289927482605,0.9756277799606323,0.3852601141483855,0.914327917282127,44.963809967041016,0.8788774002954209,0.3723893165588379,0.98301329394387,0.3723893165588379,0.98301329394387,0.0,3.573191875716475e-08,7.858646711156325e-08,1.0,0.3628290891647339,0.5099406838417053,21,0.7558224201202393,0.5099406242370605,1.0,0.5099406242370605
GCN,996,2641,2,1,2,-2.8881168365478516,1.375815987586975,4.263932824134827,0.8660253286361694,0.05231768637895584,-0.0002983061131089926,0.2818527817726135,0.0460205152630806,0.12542629784009093,0,0.0,0.039078855547801813,56,0.2532069683074951,0.987287163734436,0.3095264945322036,0.8666912850812407,33.84287643432617,0.47673559822747413,0.2815719544887543,0.9257754800590842,0.2815719544887543,0.9257754800590842,5.963374238859842e-09,1.5418329724070645e-08,6.167331889628258e-08,1.0,0.2499999701976776,0.38490018248558044,52,0.8588470220565796,0.38490018248558044,1.0,0.38490018248558044
GCN,996,2642,2,0,4,-4.619531631469727,-0.7797045707702637,3.839827060699463,0.7499998807907104,0.034271951764822006,0.0,0.23967245221138,0.03176155686378479,0.10837438423645321,0,0.0,0.04954640614096301,71,0.18604117631912231,0.9899077415466309,0.27704249394163677,0.8046528803545052,28.833877563476562,0.21270310192023634,0.23995471000671387,0.8829394387001477,0.23995471000671387,0.8829394387001477,6.71586253275791e-09,1.69997260712762e-08,7.323032491513004e-08,1.0,0.18416358530521393,0.3274019956588745,66,0.6663497686386108,0.3274019956588745,1.0,0.3274019956588745
GCN,996,2646,4,1,1,-4.02638053894043,0.8949339389801025,4.921314477920532,0.9486831426620483,0.0707089975476265,0.0,0.313562273979187,0.055670566856861115,0.19268662372110648,0,0.0,0.030006978367062107,43,0.3093946874141693,0.9844242334365845,0.3339770355310494,0.8822008862629247,37.65781021118164,0.6665435745937962,0.31289803981781006,0.9519940915805022,0.31289803981781006,0.9519940915805022,0.0,5.81727244153285e-09,1.5921258977869002e-08,1.0,0.304575651884079,0.42806798219680786,38,0.9368195533752441,0.4280679523944855,1.0,0.4280679523944855
GCN,996,2647,4,0,3,-3.917043447494507,-0.66849684715271,3.248546600341797,0.8017836213111877,0.0396854393184185,0.0,0.2718985974788666,0.03484518453478813,0.10837438423645321,0,0.0,0.051639916259595256,74,0.22545038163661957,0.9907892346382141,0.3023166235255514,0.8607828655834564,32.633453369140625,0.4139586410635155,0.27164921164512634,0.9165435745937962,0.27164921164512634,0.9165435745937962,4.6566128730773926e-09,1.624025003366114e-08,6.611242753251645e-08,1.0,0.22337384521961212,0.37146154046058655,69,0.7656595706939697,0.37146151065826416,1.0,0.37146151065826416
GCN,996,2653,0,1,2,-0.38936400413513184,3.440145969390869,3.829509973526001,0.8660253286361694,0.05294527858495712,-0.05747916176915169,0.2969166934490204,0.04163090139627457,0.10913224706328155,0,0.0,0.040474528960223306,58,0.26343172788619995,0.9880154728889465,0.3217853087856193,0.8733382570162481,35.62205123901367,0.5661004431314623,0.2963677644729614,0.939807976366322,0.2963677644729614,0.939807976366322,8.736580348056577e-09,3.042629614924408e-08,1.2170518459697632e-07,1.0,0.26261574029922485,0.40432342886924744,54,0.8087489604949951,0.40432336926460266,1.0,0.40432336926460266
GCN,996,2658,2,1,1,-4.045627117156982,1.6402922868728638,5.685919404029846,0.9486831426620483,0.07463280111551285,0.0,0.3319706320762634,0.05496157705783844,0.18927624100037893,0,0.0,0.030704815073272853,44,0.327531099319458,0.9845169186592102,0.3492443374032741,0.888109305760709,39.82161331176758,0.7548005908419497,0.33084234595298767,0.9667651403249631,0.33084234595298767,0.9667651403249631,0.0,3.018301697466086e-08,5.9889543990721e-08,1.0,0.322459876537323,0.4532034993171692,39,0.9277058243751526,0.4532035291194916,1.0,0.4532035291194916
GCN,996,2668,3,0,5,-3.578347682952881,-1.0876836776733398,2.490664005279541,0.7071066498756409,0.02500685304403305,-0.00025447309599258006,0.20829470455646515,0.03257249295711517,0.10837438423645321,0,0.0,0.06489881367759945,93,0.152149498462677,0.991974949836731,0.2558740946488607,0.5398818316100443,25.066110610961914,0.06757754800590841,0.20926669239997864,0.8039143279172821,0.20926669239997864,0.8039143279172821,6.333678470582527e-09,5.2787161308742725e-09,3.556140271143704e-08,1.0,0.1509333848953247,0.2846027612686157,89,0.7673882246017456,0.28460273146629333,1.0,0.28460273146629333
GCN,996,2669,3,1,1,-3.631439447402954,3.404648780822754,7.036088228225708,0.9486831426620483,0.08908270299434662,0.0,0.3736126124858856,0.05412040650844574,0.1856763925729443,0,0.0,0.025819958129797628,37,0.3692440092563629,0.9826267957687378,0.385812738461454,0.9154357459379616,44.78207778930664,0.8751846381093058,0.37225690484046936,0.98301329394387,0.37225690484046936,0.98301329394387,1.0030650976489142e-08,3.094480405252398e-08,6.498102322893828e-08,1.0,0.3628290891647339,0.5099406838417053,32,0.8613315224647522,0.5099406242370605,1.0,0.5099406242370605
GCN,996,2681,4,1,5,-1.9610388278961182,1.284407377243042,3.24544620513916,0.7071066498756409,0.04261181131005287,-0.05925598368048668,0.3225342035293579,0.24435466527938843,0.7838196286472149,1,0.0,0.056524773203070484,81,0.23338733613491058,0.9901222586631775,0.34040709096093263,0.8870014771048744,38.668052673339844,0.7149187592319055,0.32158249616622925,0.9597488921713442,0.32158249616622925,0.9597488921713442,1.1632215191070827e-08,1.1690469037262119e-08,5.022670279686281e-08,1.0,0.23302441835403442,0.43939512968063354,77,0.6850107908248901,0.43939512968063354,1.0,0.43939512968063354
GCN,996,2685,2,0,4,-5.26521635055542,-2.0930705070495605,3.1721458435058594,0.7499998807907104,0.05934588238596916,0.0,0.25743797421455383,0.054117828607559204,0.1856763925729443,0,0.0,0.027913468248429867,40,0.2026631236076355,0.9742972254753113,0.28956270756210767,0.843426883308715,30.86906623840332,0.3142540620384047,0.2571312487125397,0.9017725258493353,0.2571312487125397,0.9017725258493353,1.053671194739536e-08,1.3167288592796922e-08,6.615668723952695e-08,1.0,0.19745412468910217,0.351029634475708,35,0.7042770385742188,0.351029634475708,1.0,0.351029634475708
GCN,996,2686,3,1,2,-4.889965057373047,0.2528730630874634,5.14283812046051,0.8660253286361694,0.09780437499284744,0.0,0.2774033546447754,0.08671943098306656,0.2315270935960591,0,0.0,0.015352407536636426,22,0.2564183175563812,0.9559838175773621,0.30659514897861045,0.8633677991137371,33.37989044189453,0.4494091580502216,0.27709802985191345,0.9213441654357459,0.27709802985191345,0.9213441654357459,1.2904783908140871e-08,2.3153482686666393e-08,9.261393074666557e-08,1.0,0.24513176083564758,0.3774050772190094,17,0.8520408868789673,0.377405047416687,1.0,0.377405047416687
GCN,996,2689,2,1,2,-3.7178189754486084,1.6947182416915894,5.412537217140198,0.8660253286361694,0.08940719068050385,0.0,0.30667537450790405,0.07427068054676056,0.21314892004547176,0,0.0,0.024424284717376135,35,0.2800244987010956,0.9693673253059387,0.3281922044505838,0.8777695716395865,36.79621505737305,0.6307237813884786,0.30577296018600464,0.9471935007385525,0.30577296018600464,0.9471935007385525,0.0,1.0505797121140859e-08,4.081913473896748e-08,1.0,0.2714465856552124,0.417919397354126,30,0.8824994564056396,0.41791942715644836,1.0,0.41791942715644836
GCN,996,2690,6,1,1,-0.13976502418518066,4.328270435333252,4.468035459518433,0.9486831426620483,0.15704141557216644,0.0,0.37516388297080994,0.10578548908233643,0.35392194012883665,1,0.0,0.015352407536636426,22,0.3824125826358795,0.9487895369529724,0.3833325221046212,0.9106351550960118,44.80988693237305,0.8759231905465288,0.3720776438713074,0.98301329394387,0.3720776438713074,0.98301329394387,1.053671194739536e-08,2.9802549761370756e-08,5.995467944330812e-08,1.0,0.3628290891647339,0.5099406838417053,17,0.9589899778366089,0.5099406242370605,1.0,0.5099406242370605
GCN,996,2699,3,1,1,-2.5954976081848145,3.398669719696045,5.994167327880859,0.9486831426620483,0.08612877875566483,0.0,0.3476237952709198,0.060414642095565796,0.2006441834028041,0,0.0,0.025819958129797628,37,0.3439783751964569,0.9812738299369812,0.36329462170346105,0.8980797636632201,41.84932327270508,0.8153618906942393,0.34667855501174927,0.9756277695716395,0.34667855501174927,0.9756277695716395,9.497663988611293e-09,4.7516848233897235e-09,1.757215883912977e-08,1.0,0.3375369906425476,0.47439372539520264,32,0.9253044128417969,0.47439369559288025,1.0,0.47439369559288025
GCN,996,2700,3,1,1,-2.047022819519043,3.5773754119873047,5.624398231506348,0.9486831426620483,0.08699715882539749,-0.0018295325571671128,0.34768062829971313,0.06290268152952194,0.20386510041682457,0,0.0,0.02372644801116539,34,0.3439875543117523,0.9808917045593262,0.3632334400833982,0.8980797636632201,41.70504379272461,0.8138847858197932,0.34660735726356506,0.9756277695716395,0.34660735726356506,0.9756277695716395,6.969380184074225e-09,1.270261318353505e-08,4.13154666034643e-08,1.0,0.3375369906425476,0.47439372539520264,30,0.9171635508537292,0.47439369559288025,1.0,0.47439369559288025
GCN,996,2702,0,1,2,0.1654813289642334,3.270759344100952,3.1052780151367188,0.8660253286361694,0.05912607163190842,-0.00046151314745657146,0.2591094970703125,0.05385722219944,0.18321333838575218,0,0.0,0.025819958129797628,37,0.23409461975097656,0.9809426069259644,0.2921838800950643,0.8504431314623339,31.117321014404297,0.3275480059084195,0.2588934898376465,0.904357459379616,0.2588934898376465,0.904357459379616,3.725290298461914e-09,4.1784020687885e-09,6.210252934124583e-08,1.0,0.22965440154075623,0.353576123714447,33,0.8175961971282959,0.35357609391212463,1.0,0.35357609391212463
GCN,996,2707,3,0,4,-4.745936393737793,-2.1652255058288574,2.5807108879089355,0.7499998807907104,0.03268706053495407,0.0,0.211572527885437,0.03987845033407211,0.10837438423645321,0,0.0,0.05512909979064899,79,0.164474219083786,0.9882442951202393,0.2582785988064096,0.595642540620384,25.46211051940918,0.07644017725258494,0.21257257461547852,0.8220088626292467,0.21257257461547852,0.8220088626292467,2.2931159193717576e-09,1.6149453330172037e-08,7.138756075164565e-08,1.0,0.16254070401191711,0.2889613211154938,74,0.7743598818778992,0.2889613211154938,1.0,0.2889613211154938
GCN,527,1370,6,1,8,-1.1106176376342773,0.7299020886421204,1.8405197262763977,0.6123723983764648,0.021423550322651863,-0.00014464574633166194,0.19232158362865448,0.02943366765975952,0.10837438423645321,0,0.0,0.07815771109560363,112,0.12179069221019745,0.9908021092414856,0.24499262346139927,0.31646971935007384,23.1663818359375,0.03508124076809453,0.19357147812843323,0.6584194977843427,0.19357147812843323,0.6584194977843427,1.1953988909851887e-08,1.200080479435428e-08,9.986779048176686e-08,1.0,0.12067287415266037,0.2627439796924591,108,0.647226870059967,0.2627439498901367,1.0,0.2627439498901367
GCN,527,1376,0,1,3,2.1963205337524414,4.497919082641602,2.30159854888916,0.8017836213111877,0.0350797064602375,0.0,0.22272099554538727,0.04135102778673172,0.10913224706328155,0,0.0,0.04884856943475227,70,0.18492120504379272,0.989294707775116,0.2654914941188495,0.7101181683899557,26.782052993774414,0.12186115214180207,0.2232971340417862,0.8559822747415067,0.2232971340417862,0.8559822747415067,6.367822269481849e-09,8.451543465071154e-09,7.536523582984955e-08,1.0,0.18294157087802887,0.3042243421077728,65,0.841993510723114,0.3042243421077728,1.0,0.3042243421077728
GCN,527,1378,2,1,3,-3.538398504257202,1.2310633659362793,4.7694618701934814,0.8017836213111877,0.052128564566373825,0.0,0.29675716161727905,0.03477957099676132,0.10837438423645321,0,0.0,0.0418702023726448,60,0.24696004390716553,0.9867284893989563,0.3214323194035498,0.8733382570162481,35.60538101196289,0.5649926144756278,0.2961888611316681,0.939807976366322,0.2961888611316681,0.939807976366322,8.686798835810805e-09,1.8031977688792722e-08,7.239198396291613e-08,1.0,0.24368251860141754,0.40523403882980347,55,0.634989857673645,0.40523403882980347,1.0,0.40523403882980347
GCN,527,1392,3,1,3,-1.7475409507751465,1.6627423763275146,3.410283327102661,0.8017836213111877,0.035835810005664825,-0.0011514369398355484,0.2395954430103302,0.036246009171009064,0.10837438423645321,0,0.0,0.05024424284717376,72,0.19870473444461823,0.9903294444084167,0.27714458890343663,0.8057607090103397,28.775352478027344,0.2101181683899557,0.23990978300571442,0.8829394387001477,0.23990978300571442,0.8829394387001477,4.368290174028289e-09,1.6597351049085773e-08,6.953961673161757e-08,1.0,0.1968149095773697,0.32729512453079224,69,0.777210533618927,0.32729509472846985,1.0,0.32729509472846985
GCN,527,1393,3,1,1,-2.1557703018188477,4.058567047119141,6.214337348937988,0.9486831426620483,0.08223089575767517,0.0,0.37350350618362427,0.05043279007077217,0.1612353164077302,0,0.0,0.030006978367062107,43,0.36830222606658936,0.9851397275924683,0.3858938763940973,0.9154357459379616,44.80952072143555,0.8759231905465288,0.372132271528244,0.98301329394387,0.372132271528244,0.98301329394387,7.902533738501916e-09,1.6192613472298945e-08,7.806044521885269e-08,1.0,0.3628291189670563,0.5099407434463501,38,0.8692684769630432,0.5099407434463501,1.0,0.5099407434463501
GCN,527,1400,3,0,2,-5.2761030197143555,-0.5700616836547852,4.70604133605957,0.8660253286361694,0.058645207434892654,-0.0003919585142284632,0.30606257915496826,0.045570798218250275,0.12182644941265632,0,0.0,0.03628750872295883,52,0.2751525938510895,0.9864668250083923,0.32846051047501773,0.8777695716395865,36.69017791748047,0.6244460856720827,0.30530205368995667,0.9464549483013294,0.30530205368995667,0.9464549483013294,5.26835597369768e-09,5.400466296379136e-09,1.8415711622310482e-08,1.0,0.2714465856552124,0.417919397354126,48,0.8238628506660461,0.417919397354126,1.0,0.417919397354126
GCN,527,1416,0,1,18,3.653749704360962,4.870457649230957,1.2167079448699951,0.4522669315338135,0.013079440221190453,-0.0010089233983308077,0.22634726762771606,0.013396130874752998,0.10837438423645321,0,0.0,0.14863921842288905,213,0.10541397333145142,0.9954343438148499,0.26805851269827446,0.7367060561299852,27.201608657836914,0.14069423929098965,0.226933553814888,0.8629985228951256,0.226933553814888,0.8629985228951256,1.5069376857468342e-08,1.3378907759431513e-08,1.274787706506686e-07,1.0,0.10494285076856613,0.30938321352005005,211,0.41939210891723633,0.30938321352005005,1.0,0.30938321352005005
GCN,527,1422,4,1,1,-4.632478713989258,0.39339303970336914,5.025871753692627,0.9486831426620483,0.0850110873579979,0.0,0.3321439027786255,0.06293544173240662,0.20386510041682457,0,0.0,0.025819958129797628,37,0.3290244936943054,0.9800483584403992,0.3496310371209115,0.888109305760709,39.873207092285156,0.7562776957163959,0.3310074806213379,0.9667651403249631,0.3310074806213379,0.9667651403249631,8.33000246558413e-09,2.9803231882397085e-08,5.960464477539063e-08,1.0,0.3224599063396454,0.4532035291194916,32,0.933097779750824,0.45320355892181396,1.0000001192092896,0.4532034993171692
GCN,527,1423,3,1,2,-0.18223059177398682,3.2096846103668213,3.391915202140808,0.8660253286361694,0.046310484409332275,0.0,0.2313232570886612,0.052581749856472015,0.1733611216369837,0,0.0,0.03628750872295883,52,0.2082064300775528,0.9852526783943176,0.27169200449707065,0.7695716395864106,27.853904724121094,0.17134416543574593,0.2317579686641693,0.870384047267356,0.2317579686641693,0.870384047267356,5.26835597369768e-09,1.5771268735420563e-08,6.423425702450913e-08,1.0,0.20513594150543213,0.31582748889923096,47,0.9098411202430725,0.31582748889923096,1.0,0.31582748889923096
GCN,527,1425,4,1,2,-3.2043890953063965,0.2706592082977295,3.475048303604126,0.8660253286361694,0.04911937192082405,-0.0007117718923836946,0.2376030832529068,0.05150902643799782,0.17032967032967034,0,0.0,0.03210048848569435,46,0.21400785446166992,0.9842891097068787,0.2761549657153131,0.8002215657311669,28.549785614013672,0.20125553914327918,0.23771151900291443,0.8785081240768094,0.23771151900291443,0.8785081240768094,6.177695244247161e-09,1.660426640626156e-08,1.2303948437875079e-07,1.0,0.21067248284816742,0.32435154914855957,42,0.8631240129470825,0.3243514895439148,1.0,0.3243514895439148
GCN,527,1429,4,1,3,-3.1678104400634766,0.0008449554443359375,3.1686553955078125,0.8017836213111877,0.04172129929065704,0.0,0.23849834501743317,0.037468887865543365,0.10837438423645321,0,0.0,0.040474528960223306,58,0.19845806062221527,0.9868364334106445,0.27710286277171886,0.8057607090103397,28.643346786499023,0.20273264401772526,0.23874250054359436,0.8799852289512555,0.23874250054359436,0.8799852289512555,5.26835597369768e-09,6.578495970188669e-09,6.86119960846554e-08,1.0,0.19584564864635468,0.3256832957267761,53,0.6869348883628845,0.3256832957267761,1.0,0.3256832957267761
GCN,527,1434,3,0,2,-4.09772253036499,-0.8228750824928284,3.274847447872162,0.8660253286361694,0.0720544308423996,0.0,0.24162621796131134,0.08129023760557175,0.22167487684729065,0,0.0,0.02512212142358688,36,0.22090184688568115,0.9680069088935852,0.2798731001601622,0.8197932053175776,29.042001724243164,0.22156573116691286,0.24172453582286835,0.8847858197932054,0.24172453582286835,0.8847858197932054,9.125060707049215e-09,1.69950418182907e-08,7.078664054915862e-08,1.0,0.21383453905582428,0.32921984791755676,31,0.9443051218986511,0.3292198181152344,1.0,0.3292198181152344
GCN,527,1436,5,1,1,-4.1332783699035645,1.7962521314620972,5.929530501365662,0.9486831426620483,0.08288966119289398,0.0,0.32155629992485046,0.05580155551433563,0.19268662372110648,0,0.0,0.022330774598743892,32,0.3186165988445282,0.9797692894935608,0.3410913979680343,0.8873707533234859,38.519500732421875,0.7097488921713442,0.32046744227409363,0.9586410635155096,0.32046744227409363,0.9586410635155096,6.4523919540704355e-09,6.062288093744428e-08,1.2411773298026674e-07,1.0,0.31217074394226074,0.43874257802963257,27,0.8214555978775024,0.43874257802963257,1.0,0.43874257802963257
GCN,527,1437,4,1,1,-1.264305591583252,3.9699838161468506,5.2342894077301025,0.9486831426620483,0.07450384646654129,0.0,0.3319685757160187,0.055374324321746826,0.1896551724137931,0,0.0,0.030006978367062107,43,0.3275136947631836,0.9845691323280334,0.349732350719405,0.888109305760709,39.86307907104492,0.7555391432791728,0.33083459734916687,0.9667651403249631,0.33083459734916687,0.9667651403249631,7.679882507716229e-09,3.094480405252398e-08,6.505440097726023e-08,1.0,0.3224598467350006,0.4532034695148468,38,0.9362846612930298,0.4532034397125244,1.0,0.4532034397125244
GCN,527,1441,5,0,23,-2.2618143558502197,-0.7097156047821045,1.5520987510681152,0.40824824571609497,0.016554508358240128,-0.0003500733582768589,0.2793337106704712,0.012619782239198685,0.10837438423645321,0,0.0,0.14724354501046755,211,0.11757643520832062,0.994117021560669,0.3076872367423832,0.8641063515509602,33.499053955078125,0.45679468242245197,0.2790776491165161,0.9231905465288035,0.2790776491165161,0.9231905465288035,2.025492840118659e-08,2.1332805744123107e-08,1.817286801042428e-07,1.0,0.11688919365406036,0.38175854086875916,207,0.3477308750152588,0.38175854086875916,1.0,0.38175854086875916
GCN,527,1442,3,1,2,-2.6511478424072266,2.4460737705230713,5.097221612930298,0.8660253286361694,0.056303102523088455,0.0,0.3245210349559784,0.03745819628238678,0.10837438423645321,0,0.0,0.03838101884159107,55,0.29114288091659546,0.9888724088668823,0.34427068030295765,0.8877400295420975,38.91565704345703,0.7234121122599705,0.3234799802303314,0.9612259970457903,0.3234799802303314,0.9612259970457903,7.902533738501916e-09,7.278518232567421e-09,6.530723339892575e-08,1.0,0.28790315985679626,0.4432559609413147,50,0.7479075789451599,0.4432559311389923,1.0,0.4432559311389923
GCN,527,1444,2,0,4,-2.173389434814453,-0.7892338037490845,1.3841556310653687,0.7499998807907104,0.03330957144498825,-0.0004692487418651581,0.19579026103019714,0.03411320224404335,0.10837438423645321,0,0.0,0.052337752965806,75,0.15252526104450226,0.9857870936393738,0.24797912483409404,0.3733382570162482,23.585847854614258,0.03914327917282127,0.1969500035047531,0.7005169867060561,0.1969500035047531,0.7005169867060561,3.3254867748411243e-09,5.061891794611029e-09,3.1292561430973365e-08,1.0,0.15036945044994354,0.2673235237598419,72,0.6015417575836182,0.26732349395751953,1.0,0.26732349395751953
GCN,527,1448,1,1,5,-1.4718151092529297,0.7111257910728455,2.182940900325775,0.7071066498756409,0.02160467952489853,-0.0008186937193386257,0.16303156316280365,0.03975696861743927,0.10837438423645321,0,0.0,0.06629448709002093,95,0.11925861984491348,0.9902418255805969,0.22793939270695998,0.1310930576070901,19.73208999633789,0.0051698670605613,0.16527767479419708,0.155096011816839,0.16527767479419708,0.155096011816839,4.165001232792065e-09,6.496611248962836e-09,5.319963847227882e-08,1.0,0.11810848861932755,0.22270753979682922,91,0.8205729126930237,0.22270753979682922,1.0,0.22270753979682922
GCN,527,1450,3,0,3,-3.829460620880127,-0.4344785213470459,3.394982099533081,0.8017836213111877,0.04063565284013748,0.0,0.2676871716976166,0.036529723554849625,0.10837438423645321,0,0.0,0.05024424284717376,72,0.22210615873336792,0.9900462627410889,0.29861499940326874,0.8574593796159528,32.135581970214844,0.3892171344165436,0.2674880623817444,0.912850812407681,0.2674880623817444,0.912850812407681,6.035659971814766e-09,7.007196600739007e-09,3.1073952300175733e-08,1.0,0.2198953777551651,0.36567699909210205,67,0.7717628479003906,0.36567696928977966,1.0,0.36567696928977966
GCN,527,1452,4,0,3,-3.2955968379974365,-1.131662368774414,2.1639344692230225,0.8017836213111877,0.039163362234830856,0.0,0.20426855981349945,0.05236315354704857,0.1733611216369837,0,0.0,0.0418702023726448,60,0.17037200927734375,0.9842410087585449,0.25312045352290674,0.4778434268833087,24.588228225708008,0.058714918759231904,0.2052142173051834,0.7721565731166913,0.2052142173051834,0.7721565731166913,5.4504254443088485e-09,1.5342218162572863e-08,6.317394962707112e-08,1.0,0.16768711805343628,0.2788568139076233,55,0.8759201765060425,0.2788568139076233,1.0,0.2788568139076233
GCN,527,1457,3,1,3,-3.9907073974609375,0.873934268951416,4.8646416664123535,0.8017836213111877,0.044011928141117096,-0.0004613852361217141,0.319662481546402,0.027460526674985886,0.10837438423645321,0,0.0,0.052337752965806,75,0.26479607820510864,0.9917921423912048,0.34026013002023964,0.8870014771048744,38.323936462402344,0.7005169867060561,0.3188307285308838,0.9571639586410635,0.3188307285308838,0.9571639586410635,6.035659971814766e-09,7.446941729938317e-09,2.9744057883362984e-08,1.0,0.26263830065727234,0.4367567300796509,71,0.6396572589874268,0.4367567002773285,1.0,0.4367567002773285
GCN,527,1476,6,1,2,-2.195129156112671,1.4119322299957275,3.6070613861083984,0.8660253286361694,0.0553131178021431,-0.0019927402026951313,0.3060360252857208,0.038459938019514084,0.10837438423645321,0,0.0,0.03558967201674808,51,0.2746776044368744,0.9879283308982849,0.32815942129606746,0.8777695716395865,36.693206787109375,0.6248153618906942,0.30528929829597473,0.9464549483013294,0.30528929829597473,0.9464549483013294,8.981349886028056e-09,4.472909154173976e-09,1.4495460831653872e-08,1.0,0.2714465856552124,0.417919397354126,48,0.7371292114257812,0.417919397354126,1.0,0.417919397354126
GCN,527,1486,2,1,3,-3.46954345703125,0.15197718143463135,3.6215206384658813,0.8017836213111877,0.03606593608856201,-0.06325185298919678,0.21675944328308105,0.045570626854896545,0.12182644941265632,0,0.0,0.04884856943475227,70,0.17784957587718964,0.9878063201904297,0.2614322346634278,0.6480797636632201,26.107030868530273,0.09785819793205318,0.2176028937101364,0.8408419497784343,0.2176028937101364,0.8408419497784343,0.0,1.543172878371024e-08,6.321512557860842e-08,1.0,0.17743583023548126,0.29506850242614746,67,0.8783811330795288,0.29506850242614746,1.0,0.29506850242614746
GCN,527,1487,6,1,4,-0.7778534293174744,1.0878640413284302,1.8657174706459045,0.7499998807907104,0.027274535968899727,-0.000595325545873493,0.22081813216209412,0.03213720768690109,0.10837438423645321,0,0.0,0.0628053035589672,90,0.17100046575069427,0.9924439787864685,0.26449760840475883,0.6905465288035451,26.548505783081055,0.11521418020679468,0.22157472372055054,0.8515509601181684,0.22157472372055054,0.8515509601181684,3.2261959770352178e-09,1.554188067132145e-08,6.520920692310028e-08,1.0,0.169720858335495,0.3017260432243347,86,0.7542918920516968,0.30172601342201233,1.0,0.30172601342201233
GCN,527,1493,4,1,1,-1.2826144695281982,3.154975652694702,4.4375901222229,0.9486831426620483,0.07283671945333481,0.0,0.28047069907188416,0.0672539621591568,0.20765441455096628,0,0.0,0.028611304954640614,41,0.2779804766178131,0.9794750809669495,0.3080622647277404,0.8652141802067946,33.65645980834961,0.46639586410635153,0.28003066778182983,0.9246676514032496,0.28003066778182983,0.9246676514032496,7.213993846733047e-09,3.4000449122828513e-09,1.3600179649131405e-08,1.0,0.2722749412059784,0.38267073035240173,36,0.9827343821525574,0.38267073035240173,1.0,0.38267073035240173
GCN,527,1499,2,0,4,-2.991879940032959,-0.46144598722457886,2.53043395280838,0.7499998807907104,0.032199643552303314,0.0,0.18113964796066284,0.043852798640728,0.1138688897309587,0,0.0,0.051639916259595256,74,0.14128898084163666,0.9845120906829834,0.23770196258094198,0.21307237813884786,21.850448608398438,0.02031019202363368,0.18267574906349182,0.4793205317577548,0.18267574906349182,0.4793205317577548,8.835301379406246e-09,1.8732198014959067e-08,1.4403507009319583e-07,1.0,0.13910070061683655,0.24729019403457642,69,0.7400838732719421,0.24729017913341522,1.0,0.24729017913341522
GCN,527,1501,6,1,7,-0.940739631652832,1.099962830543518,2.04070246219635,0.6396021246910095,0.021951094269752502,-0.00022954259475227445,0.22519907355308533,0.019517727196216583,0.10837438423645321,0,0.0,0.07885554780181438,113,0.1485891044139862,0.9935214519500732,0.2674743423233839,0.731536189069424,27.0739688873291,0.13552437223042835,0.22590771317481995,0.8615214180206795,0.22590771317481995,0.8615214180206795,6.8754064663778536e-09,9.252915766921888e-09,6.224377813168758e-08,1.0,0.14763034880161285,0.3077545464038849,109,0.5122825503349304,0.3077545166015625,1.0,0.3077545166015625
GCN,527,1506,2,1,2,-1.760735034942627,1.7922755479812622,3.553010582923889,0.8660253286361694,0.05089077726006508,0.0,0.2407170683145523,0.05573076754808426,0.19268662372110648,0,0.0,0.034193998604326585,49,0.21698597073554993,0.9835895895957947,0.27731958472053253,0.8057607090103397,28.893760681152344,0.21565731166912852,0.24088583886623383,0.8836779911373708,0.24088583886623383,0.8836779911373708,7.392143785978078e-09,1.544434802269734e-08,6.155365639415322e-08,1.0,0.21342512965202332,0.328589528799057,44,0.9131736755371094,0.3285894989967346,1.0,0.3285894989967346
GCN,527,1507,0,1,6,-1.6815110445022583,0.3784337043762207,2.059944748878479,0.6708203554153442,0.028268294408917427,0.0,0.20975223183631897,0.03159470483660698,0.10837438423645321,0,0.0,0.056524773203070484,81,0.1457705795764923,0.988810122013092,0.25721059241281996,0.5705317577548006,25.2315616607666,0.07163958641063516,0.2106783390045166,0.8131462333825702,0.2106783390045166,0.8131462333825702,1.0297328323360944e-08,1.854133380163603e-08,9.68429958447814e-08,1.0,0.14413942396640778,0.28649380803108215,76,0.6290534138679504,0.28649380803108215,1.0,0.28649380803108215
GCN,527,1523,0,1,2,0.5776755809783936,3.857320785522461,3.2796452045440674,0.8660253286361694,0.05808721482753754,-0.08949168026447296,0.30193257331848145,0.04814467579126358,0.14153088291019325,0,0.0,0.03768318213538032,54,0.266204297542572,0.9859253764152527,0.32200431633360527,0.8733382570162481,36.209957122802734,0.6000738552437223,0.3011668026447296,0.9420236336779911,0.3011668026447296,0.9420236336779911,1.0740535572040244e-08,3.145864369002993e-08,6.919263029203648e-08,1.0,0.2664565145969391,0.4102367162704468,50,0.8668985366821289,0.4102367162704468,1.0,0.4102367162704468
GCN,527,1541,3,1,1,-4.252111911773682,2.2870712280273438,6.539183139801025,0.9486831426620483,0.09069238603115082,0.0,0.3736395239830017,0.05680093169212341,0.19325502084122773,0,0.0,0.025819958129797628,37,0.3694758117198944,0.9820103049278259,0.3834082191684732,0.9106351550960118,44.820491790771484,0.8759231905465288,0.3715169429779053,0.98301329394387,0.3715169429779053,0.98301329394387,6.969380184074225e-09,3.042540797082438e-08,6.26708143158794e-08,1.0,0.3628290891647339,0.5099406838417053,32,0.8880113363265991,0.5099406242370605,1.0,0.5099406242370605
GCN,527,1546,2,0,5,-4.282459735870361,-1.9463214874267578,2.3361382484436035,0.7071066498756409,0.025761853903532028,-0.06594783812761307,0.17848734557628632,0.03571829944849014,0.10837438423645321,0,0.0,0.05303558967201675,76,0.12906594574451447,0.9881930947303772,0.2366453516511078,0.19719350073855244,21.535507202148438,0.01809453471196455,0.180108442902565,0.43057607090103395,0.180108442902565,0.43057607090103395,7.634750609497587e-09,8.938774165301311e-09,7.129153090090767e-08,1.0,0.12884901463985443,0.24296008050441742,72,0.6999483108520508,0.2429600954055786,1.0,0.2429600954055786
GCN,527,1554,3,0,4,-6.527141571044922,-4.065463542938232,2.4616780281066895,0.7499998807907104,0.057508327066898346,0.0,0.27055513858795166,0.05334868282079697,0.18226600985221675,0,0.0,0.03210048848569435,46,0.21226847171783447,0.9780408143997192,0.3011683660518015,0.8604135893648449,32.482826232910156,0.4076809453471196,0.2701962888240814,0.9158050221565731,0.2701962888240814,0.9158050221565731,8.433485021441811e-09,8.915658433750195e-09,7.391997058903144e-08,1.0,0.207607239484787,0.3690796196460724,41,0.7529566287994385,0.36907958984375,1.0,0.36907958984375
GCN,527,1561,1,1,2,-1.309373140335083,2.073490858078003,3.382863998413086,0.8660253286361694,0.04245861992239952,0.0,0.21044495701789856,0.05464693531394005,0.18927624100037893,0,0.0,0.03698534542916958,53,0.1894531100988388,0.985026478767395,0.25576748544688793,0.5398818316100443,25.35221290588379,0.07459379615952733,0.21131044626235962,0.8153618906942393,0.21131044626235962,0.8153618906942393,7.450580596923828e-09,1.5140370734911812e-08,6.206061442526334e-08,1.0,0.18661633133888245,0.28731468319892883,48,0.9382726550102234,0.28731468319892883,1.0,0.28731468319892883
GCN,527,1565,2,1,2,-3.8366994857788086,0.03338050842285156,3.87007999420166,0.8660253286361694,0.12177783250808716,0.0,0.20521759986877441,0.16577862203121185,0.563849943160288,1,0.0,0.020237264480111653,29,0.2025602012872696,0.8866291642189026,0.25087051526058735,0.4423929098966027,24.450632095336914,0.05502215657311669,0.20378604531288147,0.7632939438700148,0.20378604531288147,0.7632939438700148,0.0,7.216224062744914e-09,4.957051302767468e-08,1.0,0.17959578335285187,0.27650582790374756,24,0.9677550196647644,0.27650582790374756,1.0,0.27650582790374756
GCN,527,1567,3,0,4,-4.911661624908447,-3.090418815612793,1.8212428092956543,0.7499998807907104,0.048893678933382034,0.0,0.23198021948337555,0.05722377076745033,0.19458128078817735,0,0.0,0.03349616189811584,48,0.18194495141506195,0.9783991575241089,0.27254328970072766,0.7788035450516987,27.88252067565918,0.17208271787296897,0.23236039280891418,0.8722304283604135,0.23236039280891418,0.8722304283604135,1.0659474192209473e-08,1.0747000622757241e-08,6.134369812116347e-08,1.0,0.17801478505134583,0.31647080183029175,43,0.8145090341567993,0.31647077202796936,1.0,0.31647077202796936
GCN,527,1568,2,0,4,-2.792917013168335,-0.30519795417785645,2.4877190589904785,0.7499998807907104,0.026322316378355026,-0.0003338335664011538,0.1693403422832489,0.04483628645539284,0.11860553239863585,0,0.0,0.05722260990928123,82,0.13165123760700226,0.9881007671356201,0.23141715123877127,0.14734121122599705,20.465749740600586,0.00812407680945347,0.17126117646694183,0.258493353028065,0.17126117646694183,0.258493353028065,4.059541147682921e-09,1.5540138065262e-08,1.2346173150490358e-07,1.0,0.13009144365787506,0.23127372562885284,78,0.8653408288955688,0.23127372562885284,1.0,0.23127372562885284
GCN,527,1583,0,1,10,-0.38545721769332886,1.204960584640503,1.5904178023338318,0.5669466257095337,0.015888851135969162,-0.00022900456679053605,0.17726927995681763,0.023317739367485046,0.10837438423645321,0,0.0,0.08932309839497557,128,0.10372307151556015,0.9930325150489807,0.2369800513464096,0.2034711964549483,21.40812873840332,0.016617429837518464,0.17907561361789703,0.4102658788774003,0.17907561361789703,0.4102658788774003,8.88425155665118e-09,1.1397671251245356e-08,1.0348660595127512e-07,1.0,0.10300317406654358,0.24224072694778442,124,0.5899695158004761,0.24224071204662323,1.0,0.24224071204662323
GCN,527,1589,2,1,3,-3.812666654586792,0.527587354183197,4.340254008769989,0.8017836213111877,0.03290301933884621,-0.0003226068802177906,0.24270011484622955,0.031701426953077316,0.10837438423645321,0,0.0,0.05792044661549198,83,0.20100386440753937,0.9920398592948914,0.2799437973547388,0.8197932053175776,29.169645309448242,0.22673559822747416,0.2430289089679718,0.8866322008862629,0.2430289089679718,0.8866322008862629,6.71586253275791e-09,1.558109907762173e-08,6.311213951448735e-08,1.0,0.199412003159523,0.3316139876842499,79,0.7499464154243469,0.3316139876842499,1.0,0.3316139876842499
GCN,527,1591,3,1,1,-5.0598344802856445,1.4551410675048828,6.514975547790527,0.9486831426620483,0.07737024128437042,-0.0012462912127375603,0.3475061058998108,0.054451730102300644,0.1883289124668435,0,0.0,0.02930914166085136,42,0.34267130494117737,0.9848003387451172,0.36296564154211447,0.8980797636632201,41.64900588989258,0.8138847858197932,0.3462936282157898,0.9756277695716395,0.3462936282157898,0.9756277695716395,0.0,8.789935002084803e-09,2.4644878138246895e-08,1.0,0.33753702044487,0.4743937849998474,38,0.9112474918365479,0.47439372539520264,0.9999999403953552,0.474393755197525
GCN,527,1597,3,1,2,-2.6745221614837646,2.3109500408172607,4.985472202301025,0.8660253286361694,0.07410874962806702,-0.0010894184233620763,0.30635857582092285,0.041457898914813995,0.10913224706328155,0,0.0,0.027913468248429867,40,0.2773078680038452,0.9786396622657776,0.3293795331429475,0.8788774002954209,36.68962860107422,0.6244460856720827,0.3055703639984131,0.9471935007385525,0.3055703639984131,0.9471935007385525,3.6069969233665233e-09,3.049059316140301e-08,6.493596060863638e-08,1.0,0.2714466154575348,0.41791945695877075,36,0.5605037212371826,0.41791942715644836,1.0,0.41791942715644836
GCN,527,1600,3,1,1,-3.692014217376709,3.1239829063415527,6.815997123718262,0.9486831426620483,0.08537032455205917,0.0,0.37355250120162964,0.05391151085495949,0.18321333838575218,0,0.0,0.02930914166085136,42,0.3687247037887573,0.9840108752250671,0.38502158931169933,0.9132200886262924,44.79343795776367,0.8755539143279173,0.3721856474876404,0.98301329394387,0.3721856474876404,0.98301329394387,1.1019557710767458e-08,7.126101486676362e-09,6.212172820596606e-08,1.0,0.3628291189670563,0.5099407434463501,37,0.8951737880706787,0.5099406838417053,1.0,0.5099406838417053
GCN,527,1602,0,1,10,3.5952582359313965,4.931156635284424,1.3358983993530273,0.5669466257095337,0.01875675655901432,-0.0003110597317572683,0.20407074689865112,0.02301509864628315,0.10837438423645321,0,0.0,0.09979064898813678,143,0.11944136768579483,0.9926762580871582,0.2526946135290282,0.4771048744460857,24.557714462280273,0.057976366322008865,0.20508486032485962,0.7703101920236337,0.20508486032485962,0.7703101920236337,8.73968186709817e-09,1.3817823329986823e-08,1.1929498100471392e-07,1.0,0.11857110261917114,0.27885305881500244,140,0.5424400568008423,0.27885302901268005,1.0,0.27885302901268005
GCN,527,1605,3,0,3,-3.4232232570648193,-0.2165071964263916,3.2067160606384277,0.8017836213111877,0.034807637333869934,0.0,0.23211050033569336,0.03711290657520294,0.10837438423645321,0,0.0,0.055826936496859735,80,0.1925465315580368,0.990283191204071,0.27189106290874177,0.7703101920236337,27.889339447021484,0.17208271787296897,0.232411190867424,0.8722304283604135,0.232411190867424,0.8722304283604135,6.46917319713225e-09,4.355084737284187e-09,6.326827417524328e-08,1.0,0.19067558646202087,0.3170856833457947,75,0.7937110662460327,0.3170856535434723,1.0,0.3170856535434723
GCN,527,1611,3,0,2,-3.9833450317382812,-0.8987151980400085,3.0846298336982727,0.8660253286361694,0.08774266391992569,0.0,0.25630810856819153,0.08635631203651428,0.23133762788935203,0,0.0,0.01465457083042568,21,0.23639944195747375,0.9583713412284851,0.2896912026811687,0.8441654357459379,30.757917404174805,0.30834564254062036,0.25583377480506897,0.9002954209748892,0.25583377480506897,0.9002954209748892,9.678587709061048e-09,2.272284227444743e-08,9.225501429455107e-08,1.0,0.22655843198299408,0.3488095700740814,16,0.8738486766815186,0.3488095700740814,1.0,0.3488095700740814
GCN,527,1628,0,1,17,4.441192626953125,5.444847583770752,1.003654956817627,0.462909996509552,0.013872209005057812,-0.011573330499231815,0.20233502984046936,0.015784265473484993,0.10837438423645321,0,0.0,0.13189113747383113,189,0.09643127024173737,0.9938586354255676,0.25165746033852465,0.45420974889217136,24.357149124145508,0.051698670605613,0.203435480594635,0.7592319054652881,0.203435480594635,0.7592319054652881,1.362208479349647e-08,1.0982009079896216e-08,1.290062527914415e-07,1.0,0.09596256911754608,0.2764038145542145,187,0.42629122734069824,0.2764038145542145,1.0,0.2764038145542145
GCN,527,1629,2,1,3,-2.8913934230804443,1.010261058807373,3.9016544818878174,0.8017836213111877,0.040660664439201355,-0.0007715807296335697,0.26336565613746643,0.03607141226530075,0.10837438423645321,0,0.0,0.045359385903698535,65,0.2185547798871994,0.9897055625915527,0.2945934133927338,0.8530280649926145,31.604562759399414,0.3567208271787297,0.26318395137786865,0.9084194977843427,0.26318395137786865,0.9084194977843427,6.4523919540704355e-09,1.561441465014468e-08,6.373608840704037e-08,1.0,0.21632902324199677,0.3597463071346283,62,0.7314921617507935,0.3597462475299835,0.9999999403953552,0.3597462773323059
GCN,527,1632,2,0,3,-4.15818977355957,-1.0005462169647217,3.1576435565948486,0.8017836213111877,0.0515323206782341,0.0,0.22225908935070038,0.06663265824317932,0.2074649488442592,0,0.0,0.03628750872295883,52,0.18656475841999054,0.9771642684936523,0.2646322491751618,0.6971935007385525,26.784015655517578,0.12186115214180207,0.22270257771015167,0.8548744460856721,0.22270257771015167,0.8548744460856721,7.902533738501916e-09,1.6115640377734053e-08,6.665140972472727e-08,1.0,0.18230442702770233,0.3031647801399231,47,0.9216883182525635,0.3031647801399231,1.0,0.3031647801399231
GCN,527,1637,0,1,2,-1.1131863594055176,1.7642565965652466,2.877442955970764,0.8660253286361694,0.07311322540044785,0.0,0.22256948053836823,0.08557026088237762,0.23076923076923078,0,0.0,0.02372644801116539,34,0.20469149947166443,0.9615088105201721,0.26467232402815444,0.7005169867060561,26.728612899780273,0.12001477104874446,0.22276008129119873,0.8548744460856721,0.22276008129119873,0.8548744460856721,0.0,5.010256209914132e-09,6.970780219717199e-08,1.0,0.1968126744031906,0.3030129671096802,29,0.9023668766021729,0.3030129671096802,1.0,0.3030129671096802
GCN,527,1644,0,1,2,0.5024517774581909,3.2780349254608154,2.7755831480026245,0.8660253286361694,0.042852409183979034,0.0,0.19471700489521027,0.060759179294109344,0.20121258052292534,0,0.0,0.03279832519190509,47,0.1757330596446991,0.9822480082511902,0.24677609653557767,0.3511816838995569,23.467201232910156,0.03840472673559823,0.19591520726680756,0.6879615952732644,0.19591520726680756,0.6879615952732644,6.922552753252376e-09,1.5516246065772066e-08,6.513601391588963e-08,1.0,0.1726134568452835,0.265755832195282,42,0.9563813805580139,0.265755832195282,1.0,0.265755832195282
GCN,527,1645,3,1,4,-1.697043538093567,0.5579829216003418,2.2550264596939087,0.7499998807907104,0.03293371573090553,0.0,0.22667859494686127,0.036897897720336914,0.10837438423645321,0,0.0,0.050942079553384506,73,0.17600567638874054,0.989585816860199,0.26885158426482403,0.7440915805022157,27.244327545166016,0.1429098966026588,0.22722645103931427,0.8637370753323486,0.22722645103931427,0.8637370753323486,5.7410578513383825e-09,6.695146215207615e-09,3.7270361019636766e-08,1.0,0.17417272925376892,0.30964046716690063,68,0.7618905901908875,0.30964046716690063,1.0,0.30964046716690063
GCN,527,1653,4,0,5,-4.5052361488342285,-1.9512485265731812,2.5539876222610474,0.7071066498756409,0.027107518166303635,-0.0005282131023705006,0.21705351769924164,0.033741146326065063,0.10837438423645321,0,0.0,0.06489881367759945,93,0.1586320698261261,0.9913220405578613,0.2620464522308475,0.6621122599704579,26.114715576171875,0.0982274741506647,0.217876136302948,0.8419497784342689,0.217876136302948,0.8419497784342689,5.0583763844258556e-09,5.965362426252341e-09,3.834007600289624e-08,1.0,0.1572664976119995,0.29654461145401,89,0.7374334335327148,0.29654461145401,1.0,0.29654461145401
GCN,527,1661,5,1,4,0.0709993839263916,2.2100045680999756,2.139005184173584,0.7499998807907104,0.024772167205810547,-0.0009103647316806018,0.16424186527729034,0.042254433035850525,0.10989010989010989,0,0.0,0.04745289602233078,68,0.1275947391986847,0.9887840747833252,0.22866931865633006,0.1329394387001477,19.872034072875977,0.005539143279172821,0.16641922295093536,0.17319054652880356,0.16641922295093536,0.17319054652880356,0.0,7.9226589733139e-09,6.341034719525851e-08,1.0,0.1261809915304184,0.22432181239128113,64,0.8151115775108337,0.22432181239128113,1.0,0.22432181239128113
GCN,527,1668,2,1,2,-1.6633652448654175,2.99662446975708,4.659989714622498,0.8660253286361694,0.052428293973207474,-0.0004664873122237623,0.2896761894226074,0.04256094992160797,0.10989010989010989,0,0.0,0.039078855547801813,56,0.2600827217102051,0.9879030585289001,0.31427656868107756,0.8685376661742984,34.717891693115234,0.5210487444608567,0.28904247283935547,0.9350073855243722,0.28904247283935547,0.9350073855243722,4.4664663079174716e-09,5.023425675432236e-09,6.290048304435913e-08,1.0,0.2569553256034851,0.39560866355895996,52,0.814608633518219,0.39560866355895996,1.0,0.39560866355895996
GCN,527,1675,6,1,4,-0.9928216338157654,1.5335601568222046,2.52638179063797,0.7499998807907104,0.028180701658129692,0.0,0.18724778294563293,0.03943974897265434,0.10837438423645321,0,0.0,0.044661549197487785,64,0.14548718929290771,0.9888362288475037,0.2422305422651126,0.2692023633677991,22.58723258972168,0.027695716395864108,0.1888255774974823,0.5849335302806499,0.1888255774974823,0.5849335302806499,6.107090388951519e-09,1.5823706789319658e-08,1.244753633500295e-07,1.0,0.1438629925251007,0.2557564973831177,59,0.7861766815185547,0.2557564973831177,1.0,0.2557564973831177
GCN,527,1679,3,0,3,-4.712634086608887,-0.7062263488769531,4.006407737731934,0.8017836213111877,0.04936723783612251,-0.00039515725802630186,0.27205872535705566,0.03915656358003616,0.10837438423645321,0,0.0,0.034891835310537335,50,0.22656431794166565,0.985851526260376,0.30245166006126145,0.8607828655834564,32.695281982421875,0.41654357459379615,0.2719586491584778,0.9165435745937962,0.2719586491584778,0.9165435745937962,7.450580596923828e-09,1.894138534908052e-08,8.187300437612066e-08,1.0,0.22337381541728973,0.37146151065826416,46,0.6920629739761353,0.3714614808559418,1.0,0.3714614808559418
GCN,527,1684,3,0,2,-4.505670547485352,-0.03716850280761719,4.468502044677734,0.8660253286361694,0.07073012739419937,0.0,0.3137349784374237,0.0544777512550354,0.1883289124668435,0,0.0,0.027913468248429867,40,0.28336602449417114,0.9813919067382812,0.33509752697227047,0.8829394387001477,37.62458801269531,0.6650664697193501,0.31282880902290344,0.9519940915805022,0.31282880902290344,0.9519940915805022,6.8437953082423064e-09,3.0570937781249086e-08,6.515931261219521e-08,1.0,0.2780930995941162,0.4281523823738098,35,0.8370825052261353,0.4281524419784546,1.0,0.4281524419784546
GCN,527,1688,4,1,3,-2.0665903091430664,1.426676869392395,3.4932671785354614,0.8017836213111877,0.042996279895305634,0.0,0.26113638281822205,0.042811207473278046,0.1110269041303524,0,0.0,0.04815073272854152,69,0.2170071303844452,0.9883160591125488,0.2935002147618536,0.8511816838995568,31.382556915283203,0.3434268833087149,0.26101216673851013,0.9069423929098966,0.26101216673851013,0.9069423929098966,7.303611937459209e-09,1.6534665192580178e-08,6.993295897927965e-08,1.0,0.21447165310382843,0.35665756464004517,64,0.8338945508003235,0.3566575050354004,1.0,0.3566575050354004
GCN,527,1695,0,1,3,1.5894659757614136,4.223479270935059,2.634013295173645,0.8017836213111877,0.03938470408320427,0.0,0.23238077759742737,0.04282008856534958,0.1110269041303524,0,0.0,0.0418702023726448,60,0.19322964549064636,0.98763108253479,0.27248310012646015,0.7788035450516987,27.926401138305664,0.17319054652880356,0.2328334003686905,0.8729689807976366,0.2328334003686905,0.8729689807976366,6.384826001237798e-09,6.44529940529992e-09,3.491528133281463e-08,1.0,0.19083960354328156,0.31735843420028687,55,0.8102842569351196,0.31735843420028687,1.0,0.31735843420028687
GCN,527,1705,1,1,7,-0.7760602831840515,1.8519737720489502,2.6280340552330017,0.6396021246910095,0.022932209074497223,0.0,0.22149328887462616,0.026231056079268456,0.10837438423645321,0,0.0,0.08443824145150035,121,0.14625658094882965,0.9926989674568176,0.2645165653287533,0.6905465288035451,26.625764846801758,0.11816838995568685,0.22213295102119446,0.8519202363367799,0.22213295102119446,0.8519202363367799,6.500521454455566e-09,6.620465953233179e-09,4.606988213140539e-08,1.0,0.14518874883651733,0.30266472697257996,116,0.6481870412826538,0.30266472697257996,1.0,0.30266472697257996
GCN,527,1707,5,1,1,-2.4351565837860107,0.9139645099639893,3.34912109375,0.9486831426620483,0.06727758795022964,0.0,0.2726956307888031,0.06388485431671143,0.20500189465706706,0,0.0,0.030006978367062107,43,0.26979827880859375,0.9814287424087524,0.3028938365704029,0.861890694239291,32.753883361816406,0.4191285081240768,0.2723209857940674,0.9165435745937962,0.2723209857940674,0.9165435745937962,7.679882507716229e-09,4.250355178925247e-09,6.198195023898734e-08,1.0,0.26478779315948486,0.3721478581428528,38,0.9826230406761169,0.3721478283405304,1.0,0.3721478283405304
GCN,527,1726,2,0,3,-3.060915946960449,-0.29152923822402954,2.7693867087364197,0.8017836213111877,0.029439043253660202,0.0,0.16683048009872437,0.05034510791301727,0.1612353164077302,0,0.0,0.045359385903698535,65,0.13885046541690826,0.9866095185279846,0.23023506213636738,0.1362629246676514,20.163476943969727,0.00775480059084195,0.16880373656749725,0.21159527326440178,0.16880373656749725,0.21159527326440178,1.5267725972378798e-09,1.520334613758223e-08,1.2087296852314466e-07,1.0,0.13699117302894592,0.22781071066856384,60,0.9150107502937317,0.22781069576740265,1.0,0.22781069576740265
GCN,527,1727,2,0,3,-3.7769272327423096,-0.6163856983184814,3.160541534423828,0.8017836213111877,0.041580550372600555,-0.0004188990278635174,0.22068779170513153,0.047481901943683624,0.1330049261083744,0,0.0,0.03977669225401256,57,0.1839613914489746,0.9847673177719116,0.2630575157621417,0.670605612998523,26.559247970581055,0.1155834564254062,0.22126899659633636,0.8511816838995568,0.22126899659633636,0.8511816838995568,9.599853356689891e-09,7.693547132703316e-09,4.0080699648115115e-08,1.0,0.18117256462574005,0.3012825548648834,53,0.8082270622253418,0.30128252506256104,1.0000001192092896,0.30128249526023865
GCN,527,1734,2,0,4,-4.335824489593506,-2.4021992683410645,1.9336252212524414,0.7499998807907104,0.04960022494196892,0.0,0.156321719288826,0.0954800471663475,0.2847669571807503,0,0.0,0.03210048848569435,46,0.12551932036876678,0.9526767134666443,0.22521588908908888,0.12629246676514033,18.925914764404297,0.0029542097488921715,0.15855517983436584,0.0723781388478582,0.15855517983436584,0.0723781388478582,6.177695244247161e-09,5.872919484062322e-09,4.698335587249858e-08,1.0,0.11957933753728867,0.21258553862571716,41,0.9027542471885681,0.21258550882339478,1.0,0.21258550882339478
GCN,527,1749,2,0,4,-4.157823085784912,-1.6746506690979004,2.4831724166870117,0.7499998807907104,0.02372104860842228,-0.0526401661336422,0.1568552702665329,0.04547305405139923,0.11974232663887836,0,0.0,0.061409630146545706,88,0.12061502039432526,0.9885213375091553,0.22482543173495817,0.12481536189069424,19.004873275756836,0.0029542097488921715,0.15927430987358093,0.07828655834564253,0.15927430987358093,0.07828655834564253,3.259629011154175e-09,8.354573921565134e-09,6.855350420664763e-08,1.0,0.12019108980894089,0.21367309987545013,84,0.9020707607269287,0.21367308497428894,1.0,0.21367308497428894
GCN,527,1752,2,0,3,-4.1589436531066895,-0.786717414855957,3.3722262382507324,0.8017836213111877,0.04047592729330063,-0.00028287104214541614,0.18734212219715118,0.05498063564300537,0.18927624100037893,0,0.0,0.03838101884159107,55,0.15682782232761383,0.9800923466682434,0.24125145946318177,0.2536927621861152,22.58033561706543,0.027695716395864108,0.18873588740825653,0.5841949778434269,0.18873588740825653,0.5841949778434269,5.287614346372038e-09,2.276060895312071e-09,6.164825805399232e-08,1.0,0.15371456742286682,0.2556210160255432,51,0.8161417245864868,0.2556209862232208,1.0,0.2556209862232208
GCN,527,1753,2,0,3,-3.7048325538635254,-0.5018978118896484,3.202934741973877,0.8017836213111877,0.03781340271234512,-0.0003027886268682778,0.19315151870250702,0.058635562658309937,0.1964759378552482,0,0.0,0.040474528960223306,58,0.16118364036083221,0.983580470085144,0.24586585255427398,0.32644017725258495,23.310272216796875,0.03692762186115214,0.19444182515144348,0.6717134416543574,0.19444182515144348,0.6717134416543574,3.9803147444672504e-09,6.347371073189834e-09,4.251183938208669e-08,1.0,0.15854589641094208,0.26365533471107483,54,0.9605735540390015,0.26365533471107483,1.0,0.26365533471107483
GCN,527,1760,2,1,2,-2.693997383117676,1.2644981145858765,3.9584954977035522,0.8660253286361694,0.03895721957087517,0.0,0.18569853901863098,0.05879000201821327,0.1964759378552482,0,0.0,0.04326587578506629,62,0.16735434532165527,0.983835756778717,0.24118235646546432,0.2536927621861152,22.423778533935547,0.026587887740029542,0.1871849000453949,0.5590841949778435,0.1871849000453949,0.5590841949778435,0.0,1.511674341259095e-08,6.212871284105859e-08,1.0,0.16464917361736298,0.2534940242767334,57,0.9707659482955933,0.2534940242767334,1.0,0.2534940242767334
GCN,527,1764,5,1,2,-2.6847262382507324,1.1247766017913818,3.8095028400421143,0.8660253286361694,0.04298344999551773,0.0,0.21591365337371826,0.052489276975393295,0.1733611216369837,0,0.0,0.041172365666434056,59,0.19430853426456451,0.9854143261909485,0.26082619731686396,0.6388478581979321,26.021329879760742,0.09416543574593796,0.21664908528327942,0.8364106351550961,0.21664908528327942,0.8364106351550961,3.2261959770352178e-09,1.6129405366882565e-08,6.725542078811486e-08,1.0,0.19147440791130066,0.2947941720485687,54,0.913355827331543,0.29479414224624634,1.0,0.29479414224624634
GCN,527,1768,1,1,3,-1.6334095001220703,1.5004563331604004,3.1338658332824707,0.8017836213111877,0.0384545661509037,-0.0006887938361614943,0.22043828666210175,0.03830130770802498,0.10837438423645321,0,0.0,0.039078855547801813,56,0.18339134752750397,0.9869045615196228,0.26296084572874234,0.6694977843426884,26.509620666503906,0.11447562776957164,0.22112123668193817,0.8511816838995568,0.22112123668193817,0.8511816838995568,3.6369309786010717e-09,5.755498744264287e-09,2.908426566250455e-08,1.0,0.1810101419687271,0.30101245641708374,52,0.6838627457618713,0.30101242661476135,1.0,0.30101242661476135
GCN,527,1771,1,1,3,-1.9661924839019775,0.6264617443084717,2.592654228210449,0.8017836213111877,0.02847922407090664,0.0,0.1667909175157547,0.04922832176089287,0.15270935960591134,0,0.0,0.052337752965806,75,0.13871297240257263,0.9874486923217773,0.22993615405857087,0.1362629246676514,20.168190002441406,0.00775480059084195,0.1687733680009842,0.21048744460856722,0.1687733680009842,0.21048744460856722,2.2812651767623038e-09,2.440560420424731e-09,6.26777350021257e-08,1.0,0.13697195053100586,0.22777873277664185,70,0.9246481657028198,0.22777871787548065,1.0,0.22777871787548065
GCN,527,1777,1,0,5,-2.493039608001709,-0.14927291870117188,2.343766689300537,0.7071066498756409,0.02049332670867443,0.0,0.17264069616794586,0.03278477489948273,0.10837438423645321,0,0.0,0.06838799720865317,98,0.12609125673770905,0.9921531677246094,0.23340625829641737,0.15805022156573117,20.85771369934082,0.01070901033973412,0.174547016620636,0.32348596750369274,0.174547016620636,0.32348596750369274,3.5156655364687595e-09,8.991905886546192e-09,7.193524709236954e-08,1.0,0.12510183453559875,0.2358943223953247,93,0.7811740636825562,0.2358943074941635,1.0,0.2358943074941635
GCN,527,1779,1,1,6,-1.839890480041504,0.09464681148529053,1.9345372915267944,0.6708203554153442,0.01649351790547371,0.0,0.15003091096878052,0.03128865733742714,0.10837438423645321,0,0.0,0.08094905792044661,116,0.10392065346240997,0.9925186634063721,0.2214453462663599,0.09638109305760709,18.19854164123535,0.001846381093057607,0.1526755541563034,0.03508124076809453,0.1526755541563034,0.03508124076809453,2.9080537977677068e-09,8.843973553496198e-09,7.460759832156327e-08,1.0,0.10314320027828217,0.2050090730190277,111,0.7636961936950684,0.20500905811786652,1.0,0.20500905811786652
GCN,527,1781,1,1,5,-1.545736312866211,0.7063494324684143,2.2520857453346252,0.7071066498756409,0.020358620211482048,0.0,0.1644277274608612,0.032540008425712585,0.10837438423645321,0,0.0,0.06908583391486392,99,0.12016611546278,0.9914705753326416,0.2289210171541874,0.1329394387001477,19.891075134277344,0.005539143279172821,0.1665939837694168,0.1761447562776957,0.1665939837694168,0.1761447562776957,3.9237315618834145e-09,4.4582089131495195e-09,3.7595480506524837e-08,1.0,0.11914116889238358,0.22465477883815765,94,0.7433429956436157,0.22465477883815765,1.0,0.22465477883815765
GCN,527,1783,1,1,2,-1.879076361656189,1.6145964860916138,3.4936728477478027,0.8660253286361694,0.05284871533513069,0.0,0.24540263414382935,0.05702630802989006,0.19344448654793484,0,0.0,0.03349616189811584,48,0.22133004665374756,0.9829851984977722,0.28166470153582046,0.8231166912850812,29.488712310791016,0.24187592319054652,0.24563004076480865,0.8888478581979321,0.24563004076480865,0.8888478581979321,0.0,8.50330028612234e-09,3.6261830871353595e-08,1.0,0.2175641655921936,0.33496198058128357,43,0.9172983765602112,0.3349619507789612,1.0,0.3349619507789612
GCN,527,1786,1,1,3,-1.847350835800171,1.7399271726608276,3.5872780084609985,0.8017836213111877,0.04280943050980568,-0.1268579214811325,0.23570124804973602,0.26494452357292175,0.8232284956422887,1,0.0,0.040474528960223306,58,0.1907784342765808,0.9852319955825806,0.27442116236071534,0.7913589364844904,28.323305130004883,0.1894387001477105,0.236100971698761,0.8762924667651403,0.236100971698761,0.8762924667651403,3.4218976541211532e-09,6.9742398522976146e-09,3.1930920130207596e-08,1.0,0.19213871657848358,0.3195188045501709,56,0.7213177680969238,0.3195187747478485,1.0,0.3195187747478485
GCN,527,1794,4,1,4,-2.5779149532318115,0.33776962757110596,2.9156845808029175,0.7499998807907104,0.03236208111047745,-0.0012613986618816853,0.24709756672382355,0.028637096285820007,0.10837438423645321,0,0.0,0.05792044661549198,83,0.19148720800876617,0.991512656211853,0.2833257343988907,0.8268094534711965,29.699880599975586,0.25258493353028066,0.2472352385520935,0.8910635155096012,0.2472352385520935,0.8910635155096012,4.4664663079174716e-09,1.6242962530554905e-08,1.2421814687968435e-07,1.0,0.18989337980747223,0.3375883102416992,80,0.6559672355651855,0.3375883102416992,1.0,0.3375883102416992
GCN,527,1803,0,1,4,0.1386781930923462,2.292919635772705,2.154241442680359,0.7499998807907104,0.03411750867962837,0.0,0.23309288918972015,0.039502792060375214,0.10837438423645321,0,0.0,0.04884856943475227,70,0.18101097643375397,0.9894325137138367,0.27290386171124764,0.7799113737075333,28.035972595214844,0.17725258493353027,0.2335580289363861,0.8737075332348597,0.2335580289363861,0.8737075332348597,7.153624359546029e-09,1.611017275138238e-08,1.2330971799201507e-07,1.0,0.17909812927246094,0.31839674711227417,65,0.8096562623977661,0.31839674711227417,1.0,0.31839674711227417
GCN,527,1807,3,0,5,-3.2376346588134766,-1.5460340976715088,1.6916005611419678,0.7071066498756409,0.027405831962823868,0.0,0.16386844217777252,0.05354410409927368,0.18226600985221675,0,0.0,0.06629448709002093,95,0.12050052732229233,0.9845759272575378,0.22939912248209143,0.1358936484490399,19.816316604614258,0.005539143279172821,0.16605964303016663,0.16838995568685378,0.16605964303016663,0.16838995568685378,3.017829985907383e-09,9.258129374245527e-09,7.500038634589146e-08,1.0,0.1186419129371643,0.22371336817741394,90,0.9055426120758057,0.22371335327625275,1.0,0.22371335327625275
GCN,527,1809,3,1,3,-3.1449456214904785,0.14614081382751465,3.291086435317993,0.8017836213111877,0.030296210199594498,-0.1414465308189392,0.2108420729637146,0.23617659509181976,0.7656309208033346,1,0.0,0.055826936496859735,80,0.17039664089679718,0.9907909631729126,0.2540393480494685,0.5044313146233382,25.383535385131836,0.07496307237813885,0.21178379654884338,0.8190546528803545,0.21178379654884338,0.8190546528803545,4.928095709288982e-09,4.476695014687948e-09,2.752526917504383e-08,1.0,0.17212402820587158,0.2862352132797241,76,0.8405635952949524,0.28623518347740173,1.0,0.28623518347740173
GCN,527,1810,3,0,44,-6.951028347015381,-5.8510589599609375,1.0999693870544434,0.3061861991882324,0.00793925579637289,-0.012251884676516056,0.24199211597442627,0.007699795998632908,0.10837438423645321,0,0.0,0.2882065596650384,413,0.07611687481403351,0.9967761635780334,0.27943788983346207,0.8190546528803545,29.05904197692871,0.22193500738552438,0.24233539402484894,0.8862629246676514,0.24233539402484894,0.8862629246676514,1.6757336851469518e-08,2.721715475217934e-08,3.6488444266069564e-07,1.0,0.07594632357358932,0.33071956038475037,412,0.28743934631347656,0.3307195007801056,1.0,0.3307195007801056
GCN,527,1817,3,0,2,-2.7447402477264404,-0.35034412145614624,2.394396126270294,0.8660253286361694,0.040711306035518646,0.0,0.18844011425971985,0.06057606264948845,0.20083364910951118,0,0.0,0.039078855547801813,56,0.1699715554714203,0.9828785061836243,0.24373849939456102,0.2891432791728213,22.74767303466797,0.029172821270310192,0.19004391133785248,0.6067208271787297,0.19004391133785248,0.6067208271787297,7.736145946068973e-09,1.5305072764704164e-08,6.289875642551124e-08,1.0,0.16706138849258423,0.25720787048339844,51,0.9712923765182495,0.25720787048339844,1.0,0.25720787048339844
GCN,527,1822,3,0,2,-4.474827766418457,-1.0787804126739502,3.396047353744507,0.8660253286361694,0.04931676387786865,0.0,0.24485285580158234,0.05362497270107269,0.18226600985221675,0,0.0,0.039078855547801813,56,0.22041894495487213,0.985076367855072,0.281293455051728,0.8220088626292467,29.447385787963867,0.24076809453471196,0.24515676498413086,0.8884785819793205,0.24515676498413086,0.8884785819793205,6.384826001237798e-09,1.6460010243690704e-08,6.706654431809511e-08,1.0,0.21712946891784668,0.3342927396297455,51,0.92229163646698,0.3342927098274231,1.0,0.3342927098274231
GCN,527,1825,5,0,4,-3.25123929977417,-0.47728222608566284,2.773957073688507,0.7499998807907104,0.026812797412276268,-0.07786749303340912,0.2039145827293396,0.033413149416446686,0.10837438423645321,0,0.0,0.06071179344033496,87,0.15593618154525757,0.9912666082382202,0.2533322374864978,0.4885524372230428,24.56060791015625,0.057976366322008865,0.2050422877073288,0.7703101920236337,0.2050422877073288,0.7703101920236337,5.015325488244571e-09,1.5577700906987957e-08,1.2245121183696028e-07,1.0,0.15618044137954712,0.27765417098999023,84,0.7623330950737,0.27765417098999023,1.0,0.27765417098999023
GCN,527,1829,5,1,5,-2.1319541931152344,0.44770628213882446,2.579660475254059,0.7071066498756409,0.027531038969755173,-0.0006885640323162079,0.22064602375030518,0.023628922179341316,0.10837438423645321,0,0.0,0.0628053035589672,90,0.16125091910362244,0.991337239742279,0.26398479119567486,0.6850073855243722,26.53246307373047,0.11447562776957164,0.22129878401756287,0.8511816838995568,0.22129878401756287,0.8511816838995568,9.428922531640183e-09,1.6552098358602052e-08,1.2678820837663807e-07,1.0,0.15986861288547516,0.3014512062072754,87,0.5356267690658569,0.3014512062072754,1.0,0.3014512062072754
GCN,527,1836,6,1,2,-1.4587846994400024,1.787047028541565,3.2458317279815674,0.8660253286361694,0.05269947648048401,-0.0003856551484204829,0.2874155044555664,0.04597548395395279,0.12542629784009093,0,0.0,0.0418702023726448,60,0.2581295073032379,0.9875900745391846,0.3135148497400078,0.8685376661742984,34.4931526184082,0.5066469719350074,0.28691402077674866,0.9327917282127031,0.28691402077674866,0.9327917282127031,8.277775798148923e-09,6.640777261424091e-09,2.6559026977679423e-08,1.0,0.25494179129600525,0.3925085961818695,56,0.86860191822052,0.3925085961818695,1.0,0.3925085961818695
GCN,527,1838,0,1,4,2.0728321075439453,4.376713275909424,2.3038811683654785,0.7499998807907104,0.02996130846440792,-0.0025004108902066946,0.1962226778268814,0.03828217089176178,0.10837438423645321,0,0.0,0.05373342637822749,77,0.15242862701416016,0.988502025604248,0.24754806736945048,0.37149187592319055,23.639419555664062,0.03988183161004431,0.19755831360816956,0.7060561299852289,0.19755831360816956,0.7060561299852289,5.350040854779081e-09,3.036204887507665e-08,1.824923003823642e-07,1.0,0.15073361992835999,0.2679709494113922,75,0.683283805847168,0.2679709494113922,1.0,0.2679709494113922
GCN,527,1841,0,1,5,2.7832260131835938,4.770298004150391,1.9870719909667969,0.7071066498756409,0.02428826317191124,0.0,0.1701803207397461,0.03657734766602516,0.10837438423645321,0,0.0,0.051639916259595256,74,0.12467843294143677,0.9887073040008545,0.2322028755190242,0.15398818316100443,20.5832576751709,0.008493353028064993,0.17229029536247253,0.2776957163958641,0.17229029536247253,0.2776957163958641,5.890201215663637e-09,1.0197975797154868e-08,8.253509520272928e-08,1.0,0.12327047437429428,0.23244106769561768,69,0.724886417388916,0.2324410378932953,1.0,0.2324410378932953
GCN,527,1845,5,1,2,0.4109762907028198,3.131462335586548,2.720486044883728,0.8660253286361694,0.04723455011844635,0.0,0.23566706478595734,0.05223635956645012,0.1733611216369837,0,0.0,0.034193998604326585,49,0.2121225744485855,0.9852191805839539,0.27484349760962384,0.7920974889217134,28.329700469970703,0.19091580502215658,0.23612827062606812,0.8762924667651403,0.23612827062606812,0.8762924667651403,6.969380184074225e-09,1.5479407977636583e-08,1.216731106978841e-07,1.0,0.20898720622062683,0.32175689935684204,44,0.9028229117393494,0.32175689935684204,1.0,0.32175689935684204
GCN,527,1852,3,1,2,-1.9437658786773682,0.36184895038604736,2.3056148290634155,0.8660253286361694,0.04241049662232399,0.0,0.18247383832931519,0.06593703478574753,0.20670708601743085,0,0.0,0.041172365666434056,59,0.16498030722141266,0.9802521467208862,0.23969389430721577,0.23707533234859676,22.080076217651367,0.024002954209748892,0.18415042757987976,0.5003692762186115,0.18415042757987976,0.5003692762186115,1.0148852869207303e-09,4.719489243854014e-09,6.335560698289555e-08,1.0,0.16172228753566742,0.24898779392242432,54,0.9827594757080078,0.24898777902126312,1.0,0.24898777902126312
GCN,527,1853,3,1,1,-2.7434287071228027,1.4757660627365112,4.219194769859314,0.9486831426620483,0.07529958337545395,-0.00134771887678653,0.2551593482494354,0.07880726456642151,0.21883289124668434,0,0.0,0.027913468248429867,40,0.254119336605072,0.9736735224723816,0.2883517316137516,0.8408419497784343,30.62336540222168,0.301698670605613,0.25517043471336365,0.8995568685376661,0.25517043471336365,0.8995568685376661,7.450580596923828e-09,1.62319029328728e-08,6.502272498210004e-08,1.0,0.24750734865665436,0.3478609323501587,36,0.9960211515426636,0.3478609323501587,1.0,0.3478609323501587
GCN,527,1858,3,1,2,-3.308328151702881,0.575353741645813,3.883681893348694,0.8660253286361694,0.04219500720500946,0.0,0.22139576077461243,0.05080198496580124,0.16331943918150815,0,0.0,0.04396371249127704,63,0.1990278959274292,0.9866112470626831,0.264657333618641,0.6971935007385525,26.703659057617188,0.11964549483013294,0.22226965427398682,0.8526587887740029,0.22226965427398682,0.8526587887740029,4.411511156376946e-09,1.531912374730382e-08,6.151533682441368e-08,1.0,0.1963631510734558,0.3023208975791931,58,0.9233779311180115,0.3023208975791931,1.0,0.3023208975791931
GCN,527,1862,3,0,4,-5.720484256744385,-2.7429392337799072,2.9775450229644775,0.7499998807907104,0.03824695572257042,-0.0009649876155890524,0.23989897966384888,0.0392170324921608,0.10837438423645321,0,0.0,0.050942079553384506,73,0.18658317625522614,0.9874887466430664,0.27821741711767384,0.8083456425406204,28.820035934448242,0.2119645494830133,0.24015337228775024,0.8829394387001477,0.24015337228775024,0.8829394387001477,8.826093633729215e-09,8.10362710268464e-09,7.335458462875977e-08,1.0,0.18427717685699463,0.32760393619537354,69,0.7139639854431152,0.32760387659072876,1.0000001192092896,0.32760384678840637
GCN,527,1866,3,0,2,-3.9324474334716797,-0.4921431541442871,3.4403042793273926,0.8660253286361694,0.050968583673238754,-0.000983250793069601,0.22908462584018707,0.06134919449687004,0.20215990905646078,0,0.0,0.03698534542916958,53,0.20677079260349274,0.9818568825721741,0.2696126731951589,0.7511078286558346,27.530242919921875,0.15657311669128507,0.2295246720314026,0.8677991137370753,0.2295246720314026,0.8677991137370753,1.2477637589825008e-08,3.925889835443286e-09,2.4236763707108366e-08,1.0,0.20305787026882172,0.3126280903816223,49,0.9353762865066528,0.3126280605792999,1.0,0.3126280605792999
GCN,527,1870,3,0,4,-3.6816937923431396,-1.8361345529556274,1.8455592393875122,0.7499998807907104,0.035886626690626144,0.0,0.15187397599220276,0.07472702860832214,0.21485411140583555,0,0.0,0.04954640614096301,71,0.11969640105962753,0.9730396270751953,0.22244135206916718,0.10081240768094535,18.431833267211914,0.001846381093057607,0.15444548428058624,0.04579025110782865,0.15444548428058624,0.04579025110782865,6.687550957451549e-09,4.6312598200870525e-09,3.705007856069642e-08,1.0,0.11646933853626251,0.20705664157867432,66,0.9487452507019043,0.20705661177635193,1.0,0.20705661177635193
GCN,527,1872,3,1,1,-2.5417098999023438,1.7733509540557861,4.31506085395813,0.9486831426620483,0.06322353333234787,0.0,0.25490492582321167,0.06499270349740982,0.20651762031072377,0,0.0,0.03279832519190509,47,0.25224071741104126,0.9812349081039429,0.28910037385417603,0.843426883308715,30.695470809936523,0.3050221565731167,0.255109965801239,0.8995568685376661,0.255109965801239,0.8995568685376661,0.0,2.982868707590569e-08,1.1937379440496443e-07,1.0,0.24750736355781555,0.3478609621524811,42,0.9943636655807495,0.34786099195480347,1.0,0.34786099195480347
GCN,527,1878,5,1,3,-1.4772112369537354,1.333911418914795,2.8111226558685303,0.8017836213111877,0.03861081600189209,0.0,0.22637905180454254,0.04973725974559784,0.15289882531261842,0,0.0,0.04675505931612003,67,0.18826523423194885,0.9874761700630188,0.26808836244255957,0.7367060561299852,27.23827362060547,0.1429098966026588,0.22701483964920044,0.8629985228951256,0.22701483964920044,0.8629985228951256,4.293184918680026e-09,4.229578465242412e-09,2.336209270481504e-08,1.0,0.18590745329856873,0.30915647745132446,62,0.935247004032135,0.3091564476490021,1.0,0.3091564476490021
GCN,527,1879,5,1,4,-0.20881259441375732,2.0195183753967285,2.228330969810486,0.7499998807907104,0.02803421951830387,-0.00032346873194910586,0.19748935103416443,0.03926093131303787,0.10837438423645321,0,0.0,0.0628053035589672,90,0.1532682627439499,0.99005126953125,0.2487479537371715,0.39438700147710487,23.807783126831055,0.04283604135893648,0.19876958429813385,0.7149187592319055,0.19876958429813385,0.7149187592319055,4.514753904061308e-09,1.6748666453736405e-08,7.899789977727778e-08,1.0,0.15175040066242218,0.2697785496711731,86,0.8297302722930908,0.2697785496711731,1.0,0.2697785496711731
GCN,527,1881,5,0,5,-4.099335193634033,-1.7594656944274902,2.339869499206543,0.7071066498756409,0.03032173030078411,-0.00022762620938010514,0.19046422839164734,0.04277043044567108,0.11083743842364532,0,0.0,0.05512909979064899,79,0.1398717314004898,0.9859967231750488,0.24478787645828104,0.3072378138847858,22.941728591918945,0.03323485967503693,0.1916879266500473,0.6318316100443131,0.1916879266500473,0.6318316100443131,7.875047280947456e-09,1.2848904162865438e-08,1.1587483328412418e-07,1.0,0.1379183828830719,0.26006144285202026,75,0.7598851323127747,0.2600614130496979,1.0,0.2600614130496979
GCN,527,1891,4,1,3,-2.0036747455596924,0.6927144527435303,2.6963891983032227,0.8017836213111877,0.03477390855550766,0.0,0.181479349732399,0.05508973449468613,0.1896551724137931,0,0.0,0.045359385903698535,65,0.15136201679706573,0.9842588901519775,0.23890872322833187,0.22636632200886264,21.899429321289062,0.021048744460856722,0.18319891393184662,0.48670605612998524,0.18319891393184662,0.48670605612998524,2.981687119429921e-09,4.595456903899731e-09,6.779490746566808e-08,1.0,0.14897941052913666,0.24774666130542755,60,0.9220651388168335,0.24774666130542755,1.0,0.24774666130542755
GCN,527,1899,5,1,5,-1.8121211528778076,0.6154976487159729,2.4276188015937805,0.7071066498756409,0.03274163976311684,-0.000540827983058989,0.23483224213123322,0.026829548180103302,0.10837438423645321,0,0.0,0.061409630146545706,88,0.1719476878643036,0.9892134070396423,0.2742119720360347,0.7898818316100443,28.211727142333984,0.18463810930576072,0.23511260747909546,0.8755539143279173,0.23511260747909546,0.8755539143279173,1.0730436983408254e-08,1.8251828493021094e-08,1.3320111236225785e-07,1.0,0.17010660469532013,0.32075613737106323,85,0.5442715883255005,0.32075610756874084,1.0,0.32075610756874084
GCN,527,1901,5,0,6,-3.890087842941284,-1.824825644493103,2.065262198448181,0.6708203554153442,0.02412213571369648,-0.00015244641690514982,0.21842844784259796,0.027809180319309235,0.10837438423645321,0,0.0,0.0732728541521284,105,0.15130239725112915,0.9924506545066833,0.2629425275334205,0.6694977843426884,26.27332305908203,0.10524372230428361,0.219227597117424,0.8474889217134417,0.219227597117424,0.8474889217134417,5.7974363087964775e-09,1.7645175987013317e-08,1.345068056934906e-07,1.0,0.15016300976276398,0.29846638441085815,101,0.6756905317306519,0.29846638441085815,1.0,0.29846638441085815
GCN,527,1904,5,0,3,-3.135894775390625,-0.9060084819793701,2.229886293411255,0.8017836213111877,0.03409658744931221,-0.0006328032468445599,0.21840454638004303,0.0413946695625782,0.10913224706328155,0,0.0,0.04884856943475227,70,0.1812853068113327,0.9894775152206421,0.26223287330737977,0.6632200886262924,26.265064239501953,0.10524372230428361,0.21901962161064148,0.8471196454948301,0.21901962161064148,0.8471196454948301,4.032745248849778e-09,4.873827119666885e-09,2.8036522436991618e-08,1.0,0.17939433455467224,0.29832541942596436,66,0.8503786325454712,0.29832538962364197,1.0,0.29832538962364197
GCN,527,1906,4,1,5,-1.6281214952468872,0.3778212070465088,2.005942702293396,0.7071066498756409,0.022715983912348747,-0.0002679564349818975,0.1859721541404724,0.029020408168435097,0.10837438423645321,0,0.0,0.06769016050244243,97,0.13587744534015656,0.9916956424713135,0.24234796407246584,0.27474150664697194,22.431570053100586,0.026587887740029542,0.18746913969516754,0.5638847858197932,0.18746913969516754,0.5638847858197932,4.190951585769653e-09,3.5774041506897447e-09,2.5244682788638784e-08,1.0,0.1347537487745285,0.2540941536426544,93,0.6719931364059448,0.25409412384033203,1.0,0.25409412384033203
GCN,527,1909,0,1,6,0.13910150527954102,2.044373035430908,1.9052715301513672,0.6708203554153442,0.02229304611682892,0.0,0.17534658312797546,0.02433619648218155,0.10837438423645321,0,0.0,0.06838799720865317,98,0.12172708660364151,0.9900261163711548,0.2351632532236548,0.1827917282127031,21.167573928833008,0.014032496307237814,0.17712852358818054,0.3766617429837518,0.17712852358818054,0.3766617429837518,7.494109333094912e-09,1.7026138721121242e-08,1.3646199192862696e-07,1.0,0.12051300704479218,0.23953357338905334,93,0.5136258006095886,0.23953357338905334,1.0,0.23953357338905334
GCN,527,1911,5,1,4,0.04359698295593262,2.4240992069244385,2.380502223968506,0.7499998807907104,0.03258531168103218,0.0,0.2275908887386322,0.033785104751586914,0.10837438423645321,0,0.0,0.05512909979064899,79,0.17666704952716827,0.9898827075958252,0.2684928961671872,0.7378138847858198,27.36508560180664,0.14881831610044313,0.22814799845218658,0.8648449039881831,0.22814799845218658,0.8648449039881831,5.390419222095488e-09,5.70019142998035e-09,3.273569149087052e-08,1.0,0.17487965524196625,0.31089723110198975,74,0.7079123854637146,0.31089720129966736,1.0,0.31089720129966736
GCN,527,1913,0,1,4,1.5741374492645264,3.976447105407715,2.4023096561431885,0.7499998807907104,0.026215925812721252,0.0,0.22118084132671356,0.027659330517053604,0.10837438423645321,0,0.0,0.06769016050244243,97,0.17120715975761414,0.9930381178855896,0.2643850360029613,0.6905465288035451,26.59195899963379,0.11742983751846381,0.22165818512439728,0.8515509601181684,0.22165818512439728,0.8515509601181684,6.05359673500061e-09,1.6379122058651774e-08,7.164679516336037e-08,1.0,0.17001523077487946,0.30224937200546265,92,0.7000759840011597,0.30224934220314026,1.0,0.30224934220314026
GCN,527,1916,6,1,3,-0.3531123399734497,2.566861867904663,2.919974207878113,0.8017836213111877,0.0381162203848362,0.0,0.2240227907896042,0.04102206230163574,0.10894278135657447,0,0.0,0.03838101884159107,55,0.18629571795463562,0.9875359535217285,0.2666705534820615,0.7267355982274741,26.935861587524414,0.12666174298375185,0.22475680708885193,0.8585672082717873,0.22475680708885193,0.8585672082717873,5.890201215663637e-09,4.040299206309328e-09,2.1329116250967672e-08,1.0,0.18397371470928192,0.30594074726104736,50,0.7732448577880859,0.30594074726104736,1.0,0.30594074726104736
GCN,527,1918,6,1,2,0.1338660717010498,3.536350727081299,3.402484655380249,0.8660253286361694,0.09712883830070496,0.0,0.23151783645153046,0.11587414145469666,0.3901098901098901,1,0.0,0.01465457083042568,21,0.2173830270767212,0.9390727877616882,0.2688343326081373,0.7440915805022157,27.741621017456055,0.16691285081240767,0.23145757615566254,0.870384047267356,0.23145757615566254,0.870384047267356,1.0116752768851711e-08,1.975804941878323e-08,8.215854307991322e-08,1.0,0.20413848757743835,0.3142918050289154,16,0.9567828178405762,0.314291775226593,1.0,0.314291775226593
GCN,527,1920,0,1,6,0.1191720962524414,2.078709125518799,1.9595370292663574,0.6708203554153442,0.023431697860360146,-0.08731811493635178,0.22368526458740234,0.24092403054237366,0.7762410003789314,1,0.0,0.0718771807397069,103,0.1527523547410965,0.9930666089057922,0.26639775461204296,0.7215657311669128,26.891000747680664,0.1240768094534712,0.22433961927890778,0.8574593796159528,0.22433961927890778,0.8574593796159528,9.336480033539374e-09,7.036964344564467e-09,7.51851914060353e-08,1.0,0.15326720476150513,0.3046363592147827,100,0.6054542064666748,0.3046363592147827,1.0,0.3046363592147827
GCN,527,1925,0,1,3,0.6887760162353516,3.3158376216888428,2.627061605453491,0.8017836213111877,0.033570628613233566,-0.032433606684207916,0.22524206340312958,0.03603973239660263,0.10837438423645321,0,0.0,0.055826936496859735,80,0.1857215166091919,0.9902953505516052,0.2679175987024741,0.7367060561299852,27.108421325683594,0.13737075332348597,0.22589194774627686,0.8615214180206795,0.22589194774627686,0.8615214180206795,2.6750204273895406e-09,3.0025013586509885e-08,1.208299096333576e-07,1.0,0.18475672602653503,0.30724287033081055,77,0.7755123376846313,0.30724287033081055,1.0,0.30724287033081055
GCN,527,1931,3,0,3,-2.977186441421509,-0.627194344997406,2.349992096424103,0.8017836213111877,0.02676834538578987,0.0,0.16832701861858368,0.04419542849063873,0.11405835543766578,0,0.0,0.05024424284717376,72,0.13978451490402222,0.9890899658203125,0.2314888313680743,0.15140324963072377,20.369884490966797,0.00775480059084195,0.17026644945144653,0.23855243722304284,0.17026644945144653,0.23855243722304284,4.794276531328023e-09,1.561246243397818e-08,6.899334437093785e-08,1.0,0.13825947046279907,0.22991982102394104,67,0.8913059234619141,0.22991982102394104,1.0,0.22991982102394104
GCN,527,1932,3,0,3,-3.123044967651367,-0.12821555137634277,2.9948294162750244,0.8017836213111877,0.037597812712192535,0.0,0.20771344006061554,0.04910973459482193,0.14967790829859795,0,0.0,0.04256803907885555,61,0.17298337817192078,0.9859229326248169,0.2558345928275038,0.5398818316100443,25.012908935546875,0.06646971935007386,0.20866042375564575,0.7991137370753324,0.20866042375564575,0.7991137370753324,8.368957971072177e-09,1.64481708253561e-08,7.259389178670972e-08,1.0,0.17054829001426697,0.2836148142814636,56,0.8701351881027222,0.28361478447914124,1.0,0.28361478447914124
GCN,527,1936,3,0,5,-3.628365993499756,-2.100477457046509,1.527888536453247,0.7071066498756409,0.024816513061523438,0.0,0.17280487716197968,0.039856038987636566,0.10837438423645321,0,0.0,0.05931612002791347,85,0.12661702930927277,0.9885682463645935,0.23428037640674712,0.16617429837518463,20.883007049560547,0.011078286558345642,0.17466402053833008,0.32680945347119644,0.17466402053833008,0.32680945347119644,5.9406044528032e-09,7.56274065594198e-09,6.050192524753584e-08,1.0,0.125169575214386,0.23602205514907837,80,0.7849721908569336,0.23602205514907837,1.0,0.23602205514907837
GCN,527,1938,3,1,1,-3.10292387008667,2.504976272583008,5.607900142669678,0.9486831426620483,0.09287750720977783,0.0,0.3477444648742676,0.0660393089056015,0.20689655172413793,0,0.0,0.024424284717376135,35,0.3450160026550293,0.9783226847648621,0.3636021171233311,0.8980797636632201,41.81047058105469,0.8153618906942393,0.3463084101676941,0.9756277695716395,0.3463084101676941,0.9756277695716395,0.0,3.1137126654812164e-08,6.609110414501629e-08,1.0,0.3375369906425476,0.474393755197525,30,0.9382820129394531,0.47439372539520264,1.0000001192092896,0.47439366579055786
GCN,527,1942,3,1,3,-3.140873432159424,0.44889408349990845,3.5897675156593323,0.8017836213111877,0.03432358801364899,-0.0016871411353349686,0.21906352043151855,0.040991827845573425,0.10894278135657447,0,0.0,0.04954640614096301,71,0.1818077564239502,0.9893977642059326,0.2636352231018215,0.6846381093057607,26.36041259765625,0.10745937961595273,0.21970823407173157,0.8482274741506647,0.21970823407173157,0.8482274741506647,5.509778855383729e-09,5.253750323674922e-09,3.260626613155182e-08,1.0,0.17992474138736725,0.299207478761673,68,0.8177613019943237,0.2992074489593506,1.0,0.2992074489593506
GCN,527,1947,3,0,4,-4.856442451477051,-2.917477607727051,1.93896484375,0.7499998807907104,0.028092721477150917,-0.00035896262852475047,0.19305330514907837,0.03836847096681595,0.10837438423645321,0,0.0,0.05373342637822749,77,0.14989130198955536,0.9895519018173218,0.24641635730117878,0.34379615952732645,23.27840232849121,0.0361890694239291,0.19449922442436218,0.6724519940915805,0.19449922442436218,0.6724519940915805,3.8399412538581146e-09,1.5755793114635708e-08,6.881711556161463e-08,1.0,0.14833298325538635,0.2637031376361847,73,0.7910047173500061,0.2637031376361847,1.0,0.2637031376361847
GCN,527,1959,5,0,5,-4.646684646606445,-2.1399903297424316,2.5066943168640137,0.7071066498756409,0.02964317798614502,-0.00022179115330800414,0.23004597425460815,0.030395250767469406,0.10837438423645321,0,0.0,0.0628053035589672,90,0.1682196408510208,0.9907692670822144,0.27081794725631764,0.7647710487444609,27.643268585205078,0.16100443131462333,0.23050855100154877,0.8692762186115214,0.23050855100154877,0.8692762186115214,1.0960365059986543e-08,1.1553606960035268e-08,9.094235053908051e-08,1.0,0.16667191684246063,0.31427961587905884,86,0.6671761274337769,0.31427958607673645,1.0,0.31427958607673645
GCN,527,1961,5,1,3,-3.512737274169922,0.12550640106201172,3.6382436752319336,0.8017836213111877,0.03412124142050743,0.0,0.240464985370636,0.0331047847867012,0.10837438423645321,0,0.0,0.05512909979064899,79,0.19929741322994232,0.991288959980011,0.278484724237959,0.8124076809453471,28.88333511352539,0.21565731166912852,0.24075078964233398,0.8833087149187593,0.24075078964233398,0.8833087149187593,5.890201215663637e-09,1.5808497622060713e-08,6.629420568060596e-08,1.0,0.1975613236427307,0.32853639125823975,74,0.7482297420501709,0.32853639125823975,1.0,0.32853639125823975
GCN,527,1962,5,1,3,-2.8539795875549316,0.5315043330192566,3.3854839205741882,0.8017836213111877,0.0409243181347847,0.0,0.25503236055374146,0.0414736345410347,0.10913224706328155,0,0.0,0.0418702023726448,60,0.21182481944561005,0.9888939261436462,0.2884773182068097,0.8408419497784343,30.642866134643555,0.30280649926144754,0.25503095984458923,0.8995568685376661,0.25503095984458923,0.8995568685376661,6.2475016271434924e-09,8.018303354617728e-09,3.6178015250243334e-08,1.0,0.20947229862213135,0.3483438491821289,55,0.8289018869400024,0.34834378957748413,1.0,0.34834378957748413
GCN,527,1969,4,0,3,-3.3795695304870605,-0.5342121720314026,2.845357358455658,0.8017836213111877,0.04241855442523956,0.0,0.2062690258026123,0.05279349163174629,0.17904509283819628,0,0.0,0.03838101884159107,55,0.17239996790885925,0.9819236993789673,0.2552279623748073,0.5199409158050221,24.85407066345215,0.0638847858197932,0.20732910931110382,0.7909896602658789,0.20732910931110382,0.7909896602658789,9.160635805471884e-09,1.725648601791363e-08,7.723662776015772e-08,1.0,0.16928362846374512,0.28151172399520874,50,0.8233333826065063,0.28151172399520874,1.0,0.28151172399520874
GCN,527,1972,6,1,3,-0.8273995518684387,1.6451412439346313,2.47254079580307,0.8017836213111877,0.03172735869884491,0.0,0.2223600596189499,0.035418473184108734,0.10837438423645321,0,0.0,0.05443126308443824,78,0.18430785834789276,0.9911931753158569,0.26507449605466277,0.7056868537666174,26.745981216430664,0.1207533234859675,0.22303953766822815,0.8552437223042836,0.22303953766822815,0.8552437223042836,3.2261959770352178e-09,1.524640680372613e-08,6.218975556748774e-08,1.0,0.18268467485904694,0.3037971258163452,73,0.7961041331291199,0.3037971258163452,1.0,0.3037971258163452
GCN,527,1977,3,1,2,0.27862465381622314,2.5903937816619873,2.311769127845764,0.8660253286361694,0.04147058352828026,0.0,0.22427649796009064,0.04931080341339111,0.15270935960591134,0,0.0,0.044661549197487785,64,0.20147763192653656,0.987384557723999,0.266762094757972,0.7267355982274741,26.960966110229492,0.129615952732644,0.22478775680065155,0.8593057607090103,0.22478775680065155,0.8593057607090103,3.6369309786010717e-09,1.5268280861846506e-08,6.271231711707514e-08,1.0,0.19893589615821838,0.3062818944454193,59,0.9237966537475586,0.3062818944454193,1.0,0.3062818944454193
GCN,527,1983,0,1,4,0.1511516571044922,2.4660191535949707,2.3148674964904785,0.7499998807907104,0.02255108952522278,-0.0007830297108739614,0.17782406508922577,0.03555334359407425,0.10837438423645321,0,0.0,0.06559665038381018,94,0.13775131106376648,0.992038369178772,0.23689549492064357,0.1986706056129985,21.4738712310791,0.017355982274741506,0.17962807416915894,0.4224519940915805,0.17962807416915894,0.4224519940915805,3.725290298461914e-09,1.5253739604759176e-08,1.2183429021206393e-07,1.0,0.1366681605577469,0.2429656684398651,90,0.8155556917190552,0.24296563863754272,1.0,0.24296563863754272
GCN,527,1996,3,0,5,-6.748239517211914,-4.769843578338623,1.978395938873291,0.7071066498756409,0.035515155643224716,-0.00028542071231640875,0.21407122910022736,0.04177924990653992,0.10989010989010989,0,0.0,0.04396371249127704,63,0.15737268328666687,0.984815239906311,0.25997782766270067,0.6225997045790251,25.729713439941406,0.08567208271787297,0.21483372151851654,0.8323485967503693,0.21483372151851654,0.8323485967503693,1.203533983584748e-08,9.79619585450564e-09,8.740922652350491e-08,1.0,0.1549908071756363,0.2922535240650177,59,0.7122789621353149,0.2922535240650177,1.0,0.2922535240650177
GCN,527,2004,3,0,4,-4.791882038116455,-2.6155362129211426,2.1763458251953125,0.7499998807907104,0.029339486733078957,0.0,0.18052734434604645,0.040775030851364136,0.10837438423645321,0,0.0,0.04815073272854152,69,0.14049534499645233,0.9870120286941528,0.2387506364394488,0.22636632200886264,21.784095764160156,0.019571639586410634,0.18225716054439545,0.47156573116691286,0.18225716054439545,0.47156573116691286,8.132424511586578e-09,1.6068371522237612e-08,1.271945961889287e-07,1.0,0.13867057859897614,0.24652552604675293,64,0.7526723146438599,0.24652552604675293,1.0,0.24652552604675293
GCN,527,2006,3,0,3,-5.2204742431640625,-1.5671184062957764,3.653355836868286,0.8017836213111877,0.043684832751750946,0.0,0.24613262712955475,0.043108269572257996,0.1110269041303524,0,0.0,0.03558967201674808,51,0.20488062500953674,0.9864561557769775,0.28202530175696666,0.8231166912850812,29.556795120239258,0.24556868537666174,0.2462916523218155,0.8899556868537666,0.2462916523218155,0.8899556868537666,4.748831994305647e-09,4.733109904009325e-09,2.5029024186551396e-08,1.0,0.20210576057434082,0.33609360456466675,46,0.7789621353149414,0.33609357476234436,1.0,0.33609357476234436
GCN,527,2010,0,1,4,-0.24557948112487793,1.934039831161499,2.179619312286377,0.7499998807907104,0.028498560190200806,-0.0003300841781310737,0.19820727407932281,0.03889865800738335,0.10837438423645321,0,0.0,0.0628053035589672,90,0.1538601964712143,0.9897966384887695,0.2495527364381508,0.4102658788774003,23.877578735351562,0.043205317577548,0.19939756393432617,0.7208271787296898,0.19939756393432617,0.7208271787296898,1.31708899342442e-09,6.184820655619205e-09,4.202835057753873e-08,1.0,0.15229754149913788,0.2707512378692627,86,0.8116194605827332,0.2707512378692627,1.0,0.2707512378692627
GCN,527,2011,3,1,3,-1.8465583324432373,0.12119412422180176,1.967752456665039,0.8017836213111877,0.028305912390351295,-0.0008483136189170182,0.18561844527721405,0.04056129977107048,0.10837438423645321,0,0.0,0.05512909979064899,79,0.15399989485740662,0.9899532198905945,0.2413399077429073,0.2536927621861152,22.393051147460938,0.026587887740029542,0.18720972537994385,0.5594534711964549,0.18720972537994385,0.5594534711964549,4.293184918680026e-09,5.560278903971039e-09,3.750525223722434e-08,1.0,0.1524711549282074,0.25355327129364014,76,0.8530471324920654,0.25355327129364014,1.0,0.25355327129364014
GCN,527,2014,3,1,2,0.2781935930252075,2.7903175354003906,2.512123942375183,0.8660253286361694,0.04926475137472153,0.0,0.19425846636295319,0.07143861800432205,0.21106479727169383,0,0.0,0.03558967201674808,51,0.1762160360813141,0.9765996336936951,0.2466530876889724,0.3467503692762186,23.42444610595703,0.03840472673559823,0.19534604251384735,0.6816838995568686,0.19534604251384735,0.6816838995568686,7.015894532003131e-09,6.723677614672852e-09,6.758989457011921e-08,1.0,0.1720925122499466,0.2649537920951843,46,0.9758145809173584,0.26495376229286194,1.0,0.26495376229286194
GCN,527,2015,6,1,3,0.24202311038970947,2.222132921218872,1.9801098108291626,0.8017836213111877,0.027811935171484947,0.0,0.17960964143276215,0.042349375784397125,0.10989010989010989,0,0.0,0.05373342637822749,77,0.149079367518425,0.9896483421325684,0.2375493456373233,0.21307237813884786,21.68354606628418,0.01883308714918759,0.1813308149576187,0.4538404726735598,0.1813308149576187,0.4538404726735598,2.8610709357224096e-09,6.047156997368575e-09,4.015501886556194e-08,1.0,0.14753615856170654,0.2453465759754181,72,0.8771272897720337,0.2453465759754181,1.0000001192092896,0.2453465461730957
GCN,527,2019,0,1,2,0.4572739601135254,2.580698013305664,2.1234240531921387,0.8660253286361694,0.0535748191177845,-0.0002178770228056237,0.22538895905017853,0.06543360650539398,0.20670708601743085,0,0.0,0.03628750872295883,52,0.20393216609954834,0.9793659448623657,0.26757117770566724,0.7333825701624815,27.10666847229004,0.13737075332348597,0.2258719950914383,0.8615214180206795,0.2258719950914383,0.8615214180206795,7.957223324694951e-09,1.782409420059139e-08,7.777659050134389e-08,1.0,0.1997331976890564,0.3075094223022461,48,0.9535938501358032,0.3075094223022461,1.0,0.3075094223022461
GCN,527,2038,3,1,2,-2.057363986968994,1.6452035903930664,3.7025675773620605,0.8660253286361694,0.05329085513949394,-0.0005060115363448858,0.26443472504615784,0.05256568640470505,0.1733611216369837,0,0.0,0.03838101884159107,55,0.23802298307418823,0.9850565195083618,0.29555707068406495,0.8552437223042836,31.75787353515625,0.36669128508124077,0.26430341601371765,0.9098966026587888,0.26430341601371765,0.9098966026587888,3.725290298461914e-09,2.727698289461955e-09,1.088094059298328e-08,1.0,0.23448683321475983,0.3610161542892456,51,0.9035636782646179,0.3610161244869232,1.0,0.3610161244869232
GCN,527,2043,4,1,2,-2.1206483840942383,1.6739120483398438,3.794560432434082,0.8660253286361694,0.05481059476733208,0.0,0.2582683861255646,0.056398890912532806,0.19306555513452064,0,0.0,0.03977669225401256,57,0.2328328937292099,0.9834660291671753,0.29008162471962456,0.8441654357459379,30.98644256591797,0.31979320531757754,0.25815585255622864,0.9036189069423929,0.25815585255622864,0.9036189069423929,4.2167425107209056e-09,3.009854054880634e-08,1.2039483010539698e-07,1.0,0.22898322343826294,0.35254278779029846,52,0.9205934405326843,0.35254281759262085,1.0,0.35254281759262085
GCN,527,2045,1,1,32,-0.7015106081962585,0.39959073066711426,1.1011013388633728,0.35355332493782043,0.00851412583142519,-0.057152293622493744,0.19730441272258759,0.013607187196612358,0.10837438423645321,0,0.0,0.22609909281228194,324,0.07131816446781158,0.9957877993583679,0.24838015926255305,0.3895864106351551,23.760025024414062,0.04098966026587888,0.19852174818515778,0.7134416543574594,0.19852174818515778,0.7134416543574594,1.9043781662730908e-08,1.8212821473184704e-08,2.54790791132109e-07,1.0,0.07139209657907486,0.2692365050315857,323,0.4459436535835266,0.2692364454269409,1.0,0.2692364454269409
GCN,527,2051,0,1,3,1.0585503578186035,3.302912473678589,2.2443621158599854,0.8017836213111877,0.03236551210284233,-0.03397081792354584,0.2160038948059082,0.03726053610444069,0.10837438423645321,0,0.0,0.051639916259595256,74,0.1780642867088318,0.9901875853538513,0.2609254000479495,0.6392171344165436,25.992061614990234,0.0930576070901034,0.21680010855197906,0.837149187592319,0.21680010855197906,0.837149187592319,4.368290174028289e-09,5.020726945303977e-09,6.513933925589299e-08,1.0,0.17716284096240997,0.2946145534515381,72,0.7975269556045532,0.2946145236492157,1.0,0.2946145236492157
GCN,527,2054,0,1,9,3.2956268787384033,4.427975177764893,1.1323482990264893,0.588348388671875,0.016404271125793457,-0.02173342928290367,0.16459921002388,0.025813322514295578,0.10837438423645321,0,0.0,0.08234473133286811,118,0.09967697411775589,0.991957426071167,0.2293257332859232,0.1358936484490399,19.905061721801758,0.005539143279172821,0.1667320728302002,0.17872968980797638,0.1667320728302002,0.17872968980797638,8.984367028119777e-09,9.71717462050492e-09,8.677963592162996e-08,1.0,0.09914957731962204,0.2246958464384079,116,0.6095499396324158,0.2246958315372467,1.0,0.2246958315372467
GCN,527,2055,0,1,4,1.105017900466919,3.0445239543914795,1.9395060539245605,0.7499998807907104,0.027869440615177155,-0.02998439595103264,0.19671688973903656,0.037468768656253815,0.10837438423645321,0,0.0,0.05931612002791347,85,0.15182287991046906,0.989988386631012,0.24844620317533544,0.3895864106351551,23.691831588745117,0.04062038404726736,0.1979069858789444,0.7086410635155096,0.1979069858789444,0.7086410635155096,5.350040854779081e-09,1.627632784106936e-08,1.270231422267898e-07,1.0,0.15094570815563202,0.26834797859191895,82,0.7934216856956482,0.26834797859191895,1.0,0.26834797859191895
GCN,527,2058,5,1,3,-3.5251455307006836,1.2785849571228027,4.803730487823486,0.8017836213111877,0.05248594656586647,0.0,0.2967633306980133,0.03540828078985214,0.10837438423645321,0,0.0,0.039078855547801813,56,0.24700486660003662,0.9865495562553406,0.3214555905922066,0.8733382570162481,35.58654022216797,0.5638847858197932,0.29610803723335266,0.939807976366322,0.29610803723335266,0.939807976366322,8.535712581192456e-09,1.638274227389047e-08,6.553096909556189e-08,1.0,0.24368254840373993,0.40523409843444824,51,0.6420801877975464,0.40523406863212585,1.0,0.40523406863212585
GCN,527,2059,0,1,6,1.8033297061920166,3.801295280456543,1.9979655742645264,0.6708203554153442,0.024539891630411148,-0.04755387827754021,0.22359298169612885,0.026660554111003876,0.10837438423645321,0,0.0,0.07466852756454989,107,0.15368062257766724,0.992443859577179,0.2658620786123045,0.7134416543574594,26.885269165039062,0.1240768094534712,0.22421489655971527,0.8570901033973413,0.22421489655971527,0.8570901033973413,8.49752090914535e-09,8.307040388899622e-09,5.572391614805383e-08,1.0,0.15341711044311523,0.3049342930316925,105,0.6266746520996094,0.3049342930316925,1.0,0.3049342930316925
GCN,527,2071,2,1,8,0.906349778175354,2.5559499263763428,1.6496001482009888,0.6123723983764648,0.02076598070561886,-0.04011921212077141,0.22739462554454803,0.023786909878253937,0.10837438423645321,0,0.0,0.09909281228192603,142,0.1427697092294693,0.9937305450439453,0.2686943523325607,0.741506646971935,27.323667526245117,0.14734121122599705,0.22795222699642181,0.8644756277695717,0.22795222699642181,0.8644756277695717,7.213993846733047e-09,5.5779412200251954e-09,4.0195498485218195e-08,1.0,0.14251551032066345,0.3103024959564209,139,0.6380305290222168,0.3103024959564209,1.0,0.3103024959564209
GCN,527,2072,0,1,3,2.2500715255737305,4.3686652183532715,2.118593692779541,0.8017836213111877,0.03359357640147209,-0.0007382450858131051,0.1985042840242386,0.046580322086811066,0.12788935202728305,0,0.0,0.045359385903698535,65,0.16503016650676727,0.9876631498336792,0.24916433948181735,0.4054652880354505,23.91791534423828,0.044682422451994094,0.19968301057815552,0.7226735598227474,0.19968301057815552,0.7226735598227474,2.7939677238464355e-09,3.938814163717552e-09,2.6428072175121997e-08,1.0,0.16301329433918,0.27108442783355713,62,0.88274085521698,0.27108442783355713,1.0,0.27108442783355713
GCN,527,2075,3,0,8,-3.105421543121338,-0.9980671405792236,2.1073544025421143,0.6123723983764648,0.019943196326494217,-0.00019021210027858615,0.21403810381889343,0.026031216606497765,0.10837438423645321,0,0.0,0.08583391486392185,123,0.13521096110343933,0.993541955947876,0.2596144559020361,0.6222304283604135,25.745088577270508,0.08567208271787297,0.2149299830198288,0.8327178729689808,0.2149299830198288,0.8327178729689808,7.1687642488882375e-09,8.00011346058227e-09,5.88983297689083e-08,1.0,0.13434068858623505,0.2925032377243042,119,0.6843313574790955,0.2925032079219818,1.0,0.2925032079219818
GCN,527,2082,1,1,2,-1.7186124324798584,1.9207732677459717,3.63938570022583,0.8660253286361694,0.09021378308534622,0.0,0.24554575979709625,0.09797058254480362,0.306176582038651,0,0.0,0.021632937892533146,31,0.22771547734737396,0.9524286389350891,0.28143623596846185,0.8231166912850812,29.504817962646484,0.2429837518463811,0.24538861215114594,0.8884785819793205,0.24538861215114594,0.8884785819793205,8.065490497699557e-09,7.905962995380378e-09,3.162385198152151e-08,1.0,0.21688273549079895,0.33391284942626953,26,0.9237316250801086,0.3339128792285919,1.0,0.3339128792285919
GCN,527,2087,1,1,2,-1.8314392566680908,1.047293782234192,2.8787330389022827,0.8660253286361694,0.04726164788007736,0.0,0.22858190536499023,0.053150542080402374,0.1816976127320955,0,0.0,0.03838101884159107,55,0.2059173583984375,0.9842897057533264,0.2693201841929982,0.7492614475627769,27.482303619384766,0.155096011816839,0.2291090190410614,0.8670605612998523,0.2291090190410614,0.8670605612998523,4.6566128730773926e-09,3.1280864565275124e-09,1.4135715709073793e-08,1.0,0.20268233120441437,0.31204989552497864,50,0.8904945254325867,0.31204986572265625,1.0,0.31204986572265625
GCN,527,2096,1,1,6,-0.9523418545722961,1.6329619884490967,2.585303843021393,0.6708203554153442,0.022502277046442032,-0.0010334664257243276,0.2318892627954483,0.024636855348944664,0.10837438423645321,0,0.0,0.0851360781577111,122,0.16036191582679749,0.9941568374633789,0.27205002127820666,0.7714180206794683,27.86111068725586,0.17134416543574593,0.23233577609062195,0.8722304283604135,0.23233577609062195,0.8722304283604135,9.689784086219788e-09,5.851534812251202e-09,6.976377164846781e-08,1.0,0.15944278240203857,0.3169110119342804,119,0.6539239883422852,0.3169110119342804,1.0,0.3169110119342804
GCN,527,2105,5,1,2,0.22809624671936035,3.4888548851013184,3.260758638381958,0.8660253286361694,0.04772282764315605,-0.0012616189196705818,0.26867571473121643,0.044792406260967255,0.11860553239863585,0,0.0,0.041172365666434056,59,0.24109451472759247,0.9883387684822083,0.2986959277183521,0.8574593796159528,32.242374420166016,0.3932791728212703,0.2684681713581085,0.9139586410635155,0.2684681713581085,0.9139586410635155,8.433485021441811e-09,1.5567040989594716e-08,1.2056401033078146e-07,1.0,0.23832935094833374,0.36693209409713745,56,0.8515893816947937,0.36693206429481506,1.0,0.36693206429481506
GCN,527,2107,1,1,4,-1.1008763313293457,1.6311484575271606,2.7320247888565063,0.7499998807907104,0.02664438635110855,-0.00033787672873586416,0.20046326518058777,0.03452015668153763,0.10837438423645321,0,0.0,0.0642009769713887,92,0.1554075926542282,0.991264283657074,0.2503828901503653,0.43353028064992616,24.136648178100586,0.047636632200886264,0.2015640288591385,0.7418759231905465,0.2015640288591385,0.7418759231905465,4.267856290596228e-09,1.5658294216791546e-08,1.228384149953854e-07,1.0,0.15405692160129547,0.2738790214061737,88,0.77915358543396,0.2738789916038513,1.0,0.2738789916038513
GCN,527,2113,2,1,6,-2.405658721923828,0.12371706962585449,2.5293757915496826,0.6708203554153442,0.02168796956539154,-0.03461850807070732,0.17496514320373535,0.032329946756362915,0.10837438423645321,0,0.0,0.06978367062107467,100,0.12064536660909653,0.9904034733772278,0.23303874882422423,0.15620384047267355,21.123388290405273,0.01292466765140325,0.17676424980163574,0.371122599704579,0.17676424980163574,0.371122599704579,1.1853801495931293e-08,6.023578968950005e-09,5.162963745419802e-08,1.0,0.12006516754627228,0.23864343762397766,96,0.6998481750488281,0.23864343762397766,1.0,0.23864343762397766
GCN,527,2120,4,1,5,-1.9775383472442627,0.7586343884468079,2.7361727356910706,0.7071066498756409,0.03176762908697128,0.0,0.22909581661224365,0.041316740214824677,0.10913224706328155,0,0.0,0.06699232379623168,96,0.16774751245975494,0.9893314838409424,0.2701538607181159,0.7573855243722304,27.556705474853516,0.15768094534711966,0.22961123287677765,0.8677991137370753,0.22961123287677765,0.8677991137370753,9.207855811155241e-09,7.761943088269163e-09,7.42273442710939e-08,1.0,0.16595789790153503,0.3129332661628723,91,0.8427587747573853,0.3129332363605499,1.0,0.3129332363605499
GCN,527,2122,4,0,10,-3.582258701324463,-1.614839792251587,1.967418909072876,0.5669466257095337,0.015233488753437996,-0.05365793779492378,0.21518413722515106,0.21949169039726257,0.7324744221295946,1,0.0,0.12630844382414516,181,0.12478340417146683,0.9955931901931763,0.2606715703197707,0.6299852289512555,25.882814407348633,0.08973412112259971,0.21605627238750458,0.8349335302806499,0.21605627238750458,0.8349335302806499,6.548297015740445e-09,1.0943892014836365e-08,8.766158998696483e-08,1.0,0.12486229836940765,0.2936485707759857,178,0.5070580244064331,0.29364854097366333,1.0,0.29364854097366333
GCN,527,2130,4,0,12,-3.9425344467163086,-1.8836994171142578,2.058835029602051,0.5303300619125366,0.021718839183449745,0.0,0.2569352388381958,0.017508704215288162,0.10837438423645321,0,0.0,0.0928122819260293,133,0.14064662158489227,0.9929191470146179,0.29057570623925577,0.8452732644017725,30.83758544921875,0.31277695716395865,0.25699347257614136,0.9014032496307238,0.25699347257614136,0.9014032496307238,1.3707379231675532e-08,1.65422449072139e-08,1.1779056308114377e-07,1.0,0.13965073227882385,0.3511039614677429,128,0.43938711285591125,0.3511039614677429,1.0,0.3511039614677429
GCN,527,2131,0,1,3,1.62919020652771,4.167672634124756,2.538482427597046,0.8017836213111877,0.034073006361722946,-0.0016303393058478832,0.2015925794839859,0.046943068504333496,0.1328154604016673,0,0.0,0.046057222609909285,66,0.16756229102611542,0.9876893758773804,0.2514855533701417,0.4538404726735598,24.271596908569336,0.050221565731166914,0.202516570687294,0.7503692762186115,0.202516570687294,0.7503692762186115,3.725290298461914e-09,6.261586360523097e-09,3.780756685500819e-08,1.0,0.16554223001003265,0.27528995275497437,63,0.8642656803131104,0.27528995275497437,1.0,0.27528995275497437
GCN,527,2139,3,0,4,-5.239039421081543,-3.2368874549865723,2.0021519660949707,0.7499998807907104,0.0377153716981411,0.0,0.22115734219551086,0.04681386053562164,0.13111026904130352,0,0.0,0.0418702023726448,60,0.17231501638889313,0.9857232570648193,0.2650615943995762,0.7056868537666174,26.61747932434082,0.11742983751846381,0.22183345258235931,0.8515509601181684,0.22183345258235931,0.8515509601181684,7.637413368399848e-09,9.562723057854328e-09,6.034941435473229e-08,1.0,0.16985490918159485,0.30196434259414673,55,0.8235284090042114,0.30196431279182434,1.0,0.30196431279182434
GCN,527,2141,3,0,4,-5.931243419647217,-2.8495938777923584,3.0816495418548584,0.7499998807907104,0.04076368361711502,0.0,0.24846147000789642,0.044341713190078735,0.11405835543766578,0,0.0,0.046057222609909285,66,0.193407341837883,0.986768364906311,0.2841276009663371,0.8308714918759232,29.83966636657715,0.25960118168389956,0.24857667088508606,0.8940177252584933,0.24857667088508606,0.8940177252584933,1.271860661233859e-08,1.6974395222746352e-08,7.276544522483164e-08,1.0,0.190848246216774,0.33928585052490234,61,0.8108103275299072,0.33928582072257996,1.0,0.33928582072257996
GCN,527,2153,4,1,3,0.3449850082397461,2.8829152584075928,2.5379302501678467,0.8017836213111877,0.034706272184848785,0.0,0.17083927989006042,0.054511092603206635,0.1883289124668435,0,0.0,0.03698534542916958,53,0.1427328884601593,0.9823499321937561,0.23243301429020466,0.15398818316100443,20.640148162841797,0.009231905465288036,0.17268355190753937,0.2865583456425406,0.17268355190753937,0.2865583456425406,4.267856290596228e-09,4.081598170557754e-09,2.759215078640409e-08,1.0,0.14021363854408264,0.2331695407629013,48,0.8605613708496094,0.2331695407629013,1.0,0.2331695407629013
GCN,527,2156,0,1,4,0.5512492656707764,2.6887035369873047,2.1374542713165283,0.7499998807907104,0.028042687103152275,0.0,0.20246325433254242,0.037517249584198,0.10837438423645321,0,0.0,0.05931612002791347,85,0.1570715755224228,0.9905238151550293,0.2519786585208289,0.4619645494830133,24.37041473388672,0.05206794682422452,0.20355205237865448,0.7607090103397341,0.20355205237865448,0.7607090103397341,5.684120285565086e-09,1.5820281973333294e-08,6.826505227763846e-08,1.0,0.15558311343193054,0.2765922546386719,80,0.8126035332679749,0.2765922248363495,1.0,0.2765922248363495
GCN,527,2157,6,1,5,-1.6597113609313965,0.5745729804039001,2.2342843413352966,0.7071066498756409,0.02939080074429512,-0.0002739701885730028,0.25446927547454834,0.027628818526864052,0.10837438423645321,0,0.0,0.06838799720865317,98,0.18577919900417328,0.992566704750061,0.28903276702964475,0.843426883308715,30.578933715820312,0.2998522895125554,0.2546834349632263,0.8995568685376661,0.2546834349632263,0.8995568685376661,7.623203401863066e-09,6.382769424106982e-09,3.424748129532418e-08,1.0,0.18440444767475128,0.34771642088890076,94,0.6765987873077393,0.34771642088890076,1.0,0.34771642088890076
GCN,527,2158,6,1,1,-1.5086581707000732,2.283783197402954,3.7924413681030273,0.9486831426620483,0.07506507635116577,0.0,0.3136325776576996,0.059873729944229126,0.19969685486926866,0,0.0,0.02930914166085136,42,0.310001403093338,0.9824975728988647,0.33530833966108653,0.8829394387001477,37.740516662597656,0.670605612998523,0.31298360228538513,0.9519940915805022,0.31298360228538513,0.9519940915805022,1.0030650976489142e-08,4.4679828725691095e-09,1.619135758801349e-08,1.0,0.304575651884079,0.42806798219680786,37,0.9492940902709961,0.42806798219680786,1.0,0.42806798219680786
GCN,527,2160,6,1,8,-1.665018916130066,0.23838210105895996,1.9034010171890259,0.6123723983764648,0.02421741746366024,-0.09238198399543762,0.24530522525310516,0.02183491922914982,0.10837438423645321,0,0.0,0.08304256803907886,119,0.15278944373130798,0.9926024675369263,0.2821706036592332,0.8238552437223042,29.466081619262695,0.24187592319054652,0.2455407679080963,0.8888478581979321,0.2455407679080963,0.8888478581979321,1.6397626367847806e-08,2.147973177102358e-08,1.5686427445871232e-07,1.0,0.15338025987148285,0.33395856618881226,115,0.5417590141296387,0.33395856618881226,1.0,0.33395856618881226
GCN,527,2164,6,1,3,-2.184628486633301,0.205979585647583,2.390608072280884,0.8017836213111877,0.03696797415614128,0.0,0.24113571643829346,0.03744124993681908,0.10837438423645321,0,0.0,0.04884856943475227,70,0.20011095702648163,0.9898502826690674,0.2788553282255524,0.8138847858197932,28.98442840576172,0.22008862629246675,0.24155345559120178,0.8847858197932054,0.24155345559120178,0.8847858197932054,5.509778855383729e-09,7.289216785721919e-09,3.716840524248255e-08,1.0,0.1980798989534378,0.3293987512588501,65,0.783255398273468,0.3293987214565277,1.0,0.3293987214565277
GCN,527,2165,6,1,3,-1.002864122390747,1.456212043762207,2.459076166152954,0.8017836213111877,0.030789891257882118,0.0,0.19305303692817688,0.04303107038140297,0.1110269041303524,0,0.0,0.05024424284717376,72,0.16032686829566956,0.9890271425247192,0.24642707563744984,0.34379615952732645,23.25726318359375,0.0361890694239291,0.19425088167190552,0.6683899556868538,0.19425088167190552,0.6683899556868538,3.453436425715495e-09,3.6670826375484467e-09,6.365438309785532e-08,1.0,0.1585676223039627,0.2636914551258087,67,0.8653022050857544,0.2636914551258087,1.0,0.2636914551258087
GCN,527,2166,5,1,2,-2.600637912750244,0.11128759384155273,2.711925506591797,0.8660253286361694,0.08365887403488159,0.0,0.25622132420539856,0.09048342704772949,0.24820007578628267,0,0.0,0.034193998604326585,49,0.23554489016532898,0.9619505405426025,0.29067376558266955,0.8452732644017725,30.77763557434082,0.3087149187592319,0.2563375234603882,0.9006646971935007,0.2563375234603882,0.9006646971935007,1.975633434625479e-09,1.63401878694458e-08,1.2252024816916673e-07,1.0,0.22658252716064453,0.3488466739654541,44,0.959981381893158,0.3488466441631317,1.0,0.3488466441631317
GCN,527,2172,0,1,5,2.989914894104004,5.0420098304748535,2.0520949363708496,0.7071066498756409,0.03074590116739273,-0.000337238481733948,0.18906818330287933,0.04231371358036995,0.10989010989010989,0,0.0,0.05373342637822749,77,0.13891743123531342,0.9853994250297546,0.24314710259179137,0.28508124076809455,22.78757667541504,0.030280649926144758,0.190331369638443,0.6104135893648449,0.190331369638443,0.6104135893648449,1.0159530106079728e-08,1.1366005026047787e-08,7.970973570081696e-08,1.0,0.13689713180065155,0.25813573598861694,73,0.7359651327133179,0.25813573598861694,1.0,0.25813573598861694
GCN,527,2177,3,1,4,1.45452880859375,3.3734726905822754,1.9189438819885254,0.7499998807907104,0.060897283256053925,0.0,0.228438138961792,0.08384816348552704,0.22735884804850323,0,0.0,0.05443126308443824,78,0.18119633197784424,0.966000497341156,0.26720529184722625,0.7267355982274741,27.374454498291016,0.14918759231905465,0.22846387326717377,0.8655834564254062,0.22846387326717377,0.8655834564254062,8.119082295365843e-09,1.4263370928802033e-08,1.0881538514695421e-07,1.0,0.1750357449054718,0.3111747205257416,73,0.9435946941375732,0.3111746907234192,1.0,0.3111746907234192
GCN,527,2181,0,1,8,4.123134613037109,5.262756824493408,1.1396222114562988,0.6123723983764648,0.027886128053069115,-7.699820707784966e-05,0.19875700771808624,0.018849361687898636,0.10837438423645321,0,0.0,0.07606420097697139,109,0.1264663189649582,0.9855085015296936,0.2497009783844042,0.4121122599704579,23.928804397583008,0.044682422451994094,0.19974485039710999,0.7230428360413589,0.19974485039710999,0.7230428360413589,7.088918785314036e-09,9.573390968853346e-09,7.660234047079939e-08,1.0,0.12463527917861938,0.27137142419815063,105,0.32908380031585693,0.27137142419815063,1.0,0.27137142419815063
GCN,527,2189,0,1,6,1.309207797050476,3.2202162742614746,1.9110084772109985,0.6708203554153442,0.02135578542947769,-0.0013706176541745663,0.1984741985797882,0.027560923248529434,0.10837438423645321,0,0.0,0.0732728541521284,105,0.13740739226341248,0.9928269982337952,0.2491543593976671,0.4054652880354505,23.903766632080078,0.04357459379615953,0.19966243207454681,0.7226735598227474,0.19966243207454681,0.7226735598227474,7.778076849263016e-09,1.7004266439357707e-08,1.336188262257565e-07,1.0,0.1364443004131317,0.2711988687515259,102,0.6252293586730957,0.2711988687515259,1.0,0.2711988687515259
GCN,527,2195,0,1,4,-0.5322080850601196,2.0783305168151855,2.610538601875305,0.7499998807907104,0.03672810643911362,-0.0002032588963629678,0.256971150636673,0.03253729268908501,0.10837438423645321,0,0.0,0.052337752965806,75,0.19945965707302094,0.9899165630340576,0.28976432555219195,0.8441654357459379,30.844459533691406,0.31277695716395865,0.2570893466472626,0.9014032496307238,0.2570893466472626,0.9014032496307238,6.035659971814766e-09,4.674133080584397e-09,2.319442060638721e-08,1.0,0.19745415449142456,0.3510296940803528,71,0.6829491853713989,0.3510296940803528,1.0,0.3510296940803528
GCN,527,2198,0,1,5,2.5118417739868164,4.181676864624023,1.669835090637207,0.7071066498756409,0.023195475339889526,-0.029263010248541832,0.18655729293823242,0.033996615558862686,0.10837438423645321,0,0.0,0.06908583391486392,99,0.13565629720687866,0.9913188815116882,0.2420086046119645,0.2692023633677991,22.496089935302734,0.026957163958641065,0.1880907118320465,0.5727474150664698,0.1880907118320465,0.5727474150664698,6.120390860786529e-09,1.6136571190372706e-08,1.278918659863848e-07,1.0,0.1350008249282837,0.25456002354621887,97,0.773374080657959,0.2545599937438965,1.0,0.2545599937438965
GCN,527,2212,3,1,4,-2.3695316314697266,0.2389277219772339,2.6084593534469604,0.7499998807907104,0.032489582896232605,-0.0007181899854913354,0.2329956293106079,0.036224283277988434,0.10837438423645321,0,0.0,0.056524773203070484,81,0.18075546622276306,0.9903944134712219,0.2725951981712112,0.7791728212703102,27.989532470703125,0.17466765140324964,0.2334364950656891,0.8737075332348597,0.2334364950656891,0.8737075332348597,6.585445078144403e-09,1.6159519944380918e-08,1.2396827742122696e-07,1.0,0.17903713881969452,0.31828832626342773,77,0.7793357372283936,0.31828832626342773,1.0,0.31828832626342773
GCN,527,2215,3,1,4,-2.568110704421997,0.3423948287963867,2.910505533218384,0.7499998807907104,0.031249022111296654,-0.0002667192311491817,0.21828587353229523,0.038489386439323425,0.10837438423645321,0,0.0,0.055826936496859735,80,0.16943517327308655,0.9898843169212341,0.26245296034092663,0.6632200886262924,26.244434356689453,0.10450516986706056,0.21912944316864014,0.8474889217134417,0.21912944316864014,0.8474889217134417,4.4664663079174716e-09,6.058422208354841e-09,3.5430062439445464e-08,1.0,0.16772763431072235,0.29818251729011536,76,0.8065873384475708,0.29818248748779297,1.0,0.29818248748779297
GCN,527,2218,1,1,2,-0.32549524307250977,3.626887083053589,3.9523823261260986,0.8660253286361694,0.10057755559682846,0.0,0.3254115879535675,0.08233054727315903,0.22300113679424025,0,0.0,0.027913468248429867,40,0.29811838269233704,0.9657344222068787,0.3434682688584323,0.8877400295420975,38.96195983886719,0.725258493353028,0.3238150477409363,0.9612259970457903,0.3238150477409363,0.9612259970457903,8.932932615834943e-09,9.455475513675538e-09,6.910168792728655e-08,1.0,0.28790315985679626,0.4432559609413147,35,0.922748863697052,0.4432559311389923,1.0,0.4432559311389923
GCN,527,2224,4,0,8,-2.629896402359009,-0.38776588439941406,2.2421305179595947,0.6123723983764648,0.01864817552268505,-0.1201976016163826,0.21496866643428802,0.2517143785953522,0.8003031451307313,1,0.0,0.08932309839497557,128,0.1334032565355301,0.9942852258682251,0.2609162624648001,0.6392171344165436,25.86009407043457,0.0878877400295421,0.21583053469657898,0.8349335302806499,0.21583053469657898,0.8349335302806499,7.693986781021067e-09,6.859619094967684e-09,7.921958200540757e-08,1.0,0.13436520099639893,0.29255661368370056,125,0.4852263629436493,0.29255661368370056,1.0,0.29255661368370056
GCN,527,2228,6,1,6,-1.134798526763916,0.7516568899154663,1.8864554166793823,0.6708203554153442,0.02134540118277073,0.0,0.191536083817482,0.02608475647866726,0.10837438423645321,0,0.0,0.0718771807397069,103,0.13269400596618652,0.992313802242279,0.245261746216159,0.3205317577548006,23.090301513671875,0.03508124076809453,0.1929779201745987,0.6491875923190547,0.1929779201745987,0.6491875923190547,7.333241125451195e-09,5.9051377121477344e-09,4.4137223653706315e-08,1.0,0.13167409598827362,0.2617175281047821,98,0.6280573010444641,0.2617175281047821,1.0,0.2617175281047821
GCN,527,2229,3,1,3,-2.456188917160034,0.7660236358642578,3.222212553024292,0.8017836213111877,0.04354128986597061,0.0,0.2719559073448181,0.03836346045136452,0.10837438423645321,0,0.0,0.04815073272854152,69,0.22587114572525024,0.9889434576034546,0.3018748972874816,0.8607828655834564,32.64480972290039,0.4139586410635155,0.27185022830963135,0.9165435745937962,0.27185022830963135,0.9165435745937962,4.4664663079174716e-09,1.683157790921541e-08,6.900277327304138e-08,1.0,0.22337381541728973,0.37146151065826416,64,0.7684792280197144,0.37146151065826416,1.0,0.37146151065826416
GCN,527,2231,0,1,2,-1.8906676769256592,1.7786880731582642,3.6693557500839233,0.8660253286361694,0.04434539005160332,-0.0005277837626636028,0.255408376455307,0.04231519252061844,0.10989010989010989,0,0.0,0.04256803907885555,61,0.22911837697029114,0.9888536334037781,0.2897965287354422,0.8441654357459379,30.694181442260742,0.3050221565731167,0.25556060671806335,0.8999261447562777,0.25556060671806335,0.8999261447562777,6.938197127936974e-09,1.5882267945244166e-08,1.2210362854148116e-07,1.0,0.22658252716064453,0.3488466739654541,57,0.8442549705505371,0.3488466739654541,1.0,0.3488466739654541
GCN,527,2232,0,1,3,2.248847484588623,4.719532012939453,2.47068452835083,0.8017836213111877,0.03898737207055092,-0.00043322957935743034,0.22401630878448486,0.046522002667188644,0.12580522925350512,0,0.0,0.04256803907885555,61,0.18636813759803772,0.986966073513031,0.26616684960675707,0.7186115214180206,26.92978858947754,0.12629246676514033,0.22462494671344757,0.8581979320531757,0.22462494671344757,0.8581979320531757,6.650973549682249e-09,1.7056631662626387e-08,1.2793148584933078e-07,1.0,0.18395204842090607,0.30590471625328064,57,0.8572969436645508,0.30590468645095825,1.0,0.30590468645095825
GCN,527,2235,5,1,3,-4.033420085906982,0.14616084098815918,4.179580926895142,0.8017836213111877,0.04306357726454735,-0.15606853365898132,0.2715737223625183,0.2831510603427887,0.8529746115953013,1,0.0,0.04675505931612003,67,0.21864068508148193,0.9887376427650452,0.3019776022244305,0.8607828655834564,32.582763671875,0.41285081240768096,0.27133896946907043,0.9165435745937962,0.27133896946907043,0.9165435745937962,8.198813183923903e-09,3.0585397325921804e-08,1.2345030597771256e-07,1.0,0.22134846448898315,0.36809343099594116,64,0.7160329818725586,0.36809343099594116,1.0,0.36809343099594116
GCN,527,2249,4,0,6,-4.184462070465088,-2.1405467987060547,2.043915271759033,0.6708203554153442,0.019440259784460068,0.0,0.1641959547996521,0.03286745026707649,0.10837438423645321,0,0.0,0.0718771807397069,103,0.11385264992713928,0.9913356304168701,0.22928615005599876,0.1358936484490399,19.863876342773438,0.005539143279172821,0.1663948893547058,0.17319054652880356,0.1663948893547058,0.17319054652880356,4.702948253054728e-09,1.567699925431043e-08,1.2716134278889513e-07,1.0,0.11286621540784836,0.2243346869945526,98,0.7448909282684326,0.22433467209339142,1.0,0.22433467209339142
GCN,527,2264,4,1,1,0.03757309913635254,4.208404541015625,4.1708314418792725,0.9486831426620483,0.07057054340839386,0.0,0.3319089114665985,0.05079802870750427,0.16331943918150815,0,0.0,0.03210048848569435,46,0.3269977867603302,0.9861224889755249,0.3499781512355026,0.888109305760709,39.82202911376953,0.7548005908419497,0.3309451639652252,0.9667651403249631,0.3309451639652252,0.9667651403249631,0.0,3.0401341888364186e-08,6.242814265533525e-08,1.0,0.322459876537323,0.4532034993171692,41,0.9066163301467896,0.4532034695148468,0.9999999403953552,0.4532034993171692
GCN,527,2274,0,1,3,-0.6158130168914795,1.788792371749878,2.4046053886413574,0.8017836213111877,0.03593374043703079,0.0,0.19494833052158356,0.05186285078525543,0.1724137931034483,0,0.0,0.041172365666434056,59,0.16242720186710358,0.9854120016098022,0.24644165575691776,0.34379615952732645,23.47225570678711,0.03840472673559823,0.19609437882900238,0.691285081240768,0.19609437882900238,0.691285081240768,3.2261959770352178e-09,1.5402278563669825e-08,6.444152944595771e-08,1.0,0.16005772352218628,0.2661694288253784,54,0.902382493019104,0.2661694288253784,1.0,0.2661694288253784
GCN,527,2279,2,0,3,-4.56422233581543,-0.23479580879211426,4.329426527023315,0.8017836213111877,0.0312647819519043,-0.0006133209681138396,0.2196732610464096,0.035697631537914276,0.10837438423645321,0,0.0,0.05722260990928123,82,0.18205420672893524,0.991235077381134,0.26306779681379244,0.670605612998523,26.41356658935547,0.11078286558345643,0.22041445970535278,0.8500738552437223,0.22041445970535278,0.8500738552437223,5.015325488244571e-09,6.052477186102578e-09,3.2204777511424254e-08,1.0,0.18047328293323517,0.30011966824531555,78,0.7846745848655701,0.30011963844299316,1.0,0.30011963844299316
GCN,527,2288,5,1,3,-1.516554832458496,1.5577607154846191,3.0743155479431152,0.8017836213111877,0.040046680718660355,0.0,0.24866840243339539,0.03800889477133751,0.10837438423645321,0,0.0,0.04396371249127704,63,0.2065536230802536,0.9888151288032532,0.2829406047707154,0.8260709010339734,29.856674194335938,0.25960118168389956,0.24872422218322754,0.8943870014771049,0.24872422218322754,0.8943870014771049,6.035659971814766e-09,7.255439804509933e-09,6.904517846351155e-08,1.0,0.20424336194992065,0.3396483361721039,58,0.7569312453269958,0.3396482467651367,1.0,0.3396482467651367
GCN,527,2293,0,1,3,-0.40002965927124023,2.2535781860351562,2.6536078453063965,0.8017836213111877,0.03955579921603203,0.0,0.2219996452331543,0.04167373478412628,0.10913224706328155,0,0.0,0.03977669225401256,57,0.18480966985225677,0.9863518476486206,0.2651961876369707,0.7056868537666174,26.689273834228516,0.11964549483013294,0.22263358533382416,0.8548744460856721,0.22263358533382416,0.8548744460856721,4.165001232792065e-09,1.612992939215019e-08,6.958170217785664e-08,1.0,0.18228736519813538,0.30313640832901,52,0.7501043677330017,0.30313640832901,1.0,0.30313640832901
GCN,527,2297,4,1,3,-3.464010238647461,0.8684283494949341,4.332438588142395,0.8017836213111877,0.05695796385407448,0.0,0.29684343934059143,0.028776567429304123,0.10837438423645321,0,0.0,0.03977669225401256,57,0.24759043753147125,0.9842162132263184,0.32157477107976656,0.8733382570162481,35.609352111816406,0.5649926144756278,0.2962161898612976,0.939807976366322,0.2962161898612976,0.939807976366322,5.015325488244571e-09,1.8464218598523985e-08,7.39214343070671e-08,1.0,0.24368251860141754,0.40523403882980347,52,0.48098236322402954,0.40523403882980347,1.0,0.40523403882980347
GCN,527,2299,4,1,2,-2.7369637489318848,1.1640418767929077,3.9010056257247925,0.8660253286361694,0.04767318069934845,0.0,0.26643121242523193,0.04564858227968216,0.12315270935960591,0,0.0,0.04326587578506629,62,0.23917746543884277,0.9881746768951416,0.2975833498174862,0.8567208271787297,32.02043533325195,0.3814623338257016,0.26635849475860596,0.9113737075332349,0.26635849475860596,0.9113737075332349,8.119082295365843e-09,3.4159517436904707e-09,1.3663806974761883e-08,1.0,0.23634912073612213,0.3638833165168762,57,0.8837489485740662,0.36388325691223145,1.0,0.36388325691223145
GCN,527,2302,3,1,2,-2.2582077980041504,0.1283167004585266,2.386524498462677,0.8660253286361694,0.03836897388100624,0.0,0.19902381300926208,0.053249988704919815,0.1816976127320955,0,0.0,0.0418702023726448,60,0.17896528542041779,0.986305832862854,0.2504987658710117,0.43353028064992616,23.96748924255371,0.04542097488921713,0.2001519352197647,0.7293205317577548,0.2001519352197647,0.7293205317577548,3.951266869250958e-09,4.339106851602992e-09,2.4348342009261614e-08,1.0,0.17651450634002686,0.2717618942260742,55,0.9568302631378174,0.2717618942260742,1.0,0.2717618942260742
GCN,527,2310,3,1,2,-0.2098749876022339,2.7617199420928955,2.9715949296951294,0.8660253286361694,0.05637802183628082,-0.05397937446832657,0.27847257256507874,0.05146251618862152,0.17032967032967034,0,0.0,0.034891835310537335,50,0.24763426184654236,0.9845893979072571,0.3066873818485335,0.8633677991137371,33.419097900390625,0.4527326440177253,0.278060644865036,0.922821270310192,0.278060644865036,0.922821270310192,9.723293281638234e-09,6.8497336691564215e-09,2.7398934676625686e-08,1.0,0.2461591511964798,0.3789868652820587,46,0.8805503249168396,0.37898683547973633,1.0,0.37898683547973633
GCN,527,2316,3,1,1,-3.171915054321289,1.0825133323669434,4.254428386688232,0.9486831426620483,0.08433899283409119,0.0,0.30286842584609985,0.07227198779582977,0.21163319439181508,0,0.0,0.020237264480111653,29,0.3009902536869049,0.9764919281005859,0.3261956417538987,0.8770310192023634,36.30524826049805,0.6045051698670606,0.302094429731369,0.9427621861152142,0.302094429731369,0.9427621861152142,1.2214180777903039e-08,5.123597102141275e-09,2.04943884085651e-08,1.0,0.2939145565032959,0.4130842685699463,24,0.9848650693893433,0.4130842685699463,1.0,0.4130842685699463
GCN,527,2318,1,1,2,-0.5826194286346436,3.253016948699951,3.8356363773345947,0.8660253286361694,0.04087688401341438,0.0,0.2401271015405655,0.042279671877622604,0.10989010989010989,0,0.0,0.04326587578506629,62,0.21535012125968933,0.9892816543579102,0.2777752675830485,0.8076070901033974,28.85600471496582,0.21344165435745938,0.2403872311115265,0.8833087149187593,0.2403872311115265,0.8833087149187593,6.107090388951519e-09,5.10637487849408e-09,3.001980886097044e-08,1.0,0.21304193139076233,0.3279995620250702,57,0.8603706955909729,0.3279995322227478,1.0,0.3279995322227478
GCN,527,2320,3,1,2,-0.7240139842033386,2.2737581729888916,2.9977721571922302,0.8660253286361694,0.0470731146633625,0.0,0.2293240875005722,0.0551406554877758,0.1896551724137931,0,0.0,0.03698534542916958,53,0.20654480159282684,0.9845110774040222,0.270399354200255,0.758493353028065,27.584157943725586,0.15989660265878877,0.22969859838485718,0.8677991137370753,0.22969859838485718,0.8677991137370753,5.509778855383729e-09,4.499719707951044e-09,6.226293436384367e-08,1.0,0.2033456414937973,0.3130711317062378,48,0.9305490255355835,0.3130711317062378,1.0,0.3130711317062378
GCN,527,2321,0,1,2,1.0311115980148315,4.489706039428711,3.4585944414138794,0.8660253286361694,0.04849979281425476,-0.00038547630538232625,0.2480238676071167,0.05069107189774513,0.16331943918150815,0,0.0,0.03768318213538032,54,0.22308573126792908,0.9859156608581543,0.2833976603628134,0.8268094534711965,29.78489875793457,0.25775480059084194,0.24805960059165955,0.8929098966026587,0.24805960059165955,0.8929098966026587,7.902533738501916e-09,1.7518862804877244e-08,7.349929376232467e-08,1.0,0.21995809674263,0.3386476933956146,50,0.8979986310005188,0.3386476933956146,1.0,0.3386476933956146
GCN,527,2330,0,1,3,0.8437850475311279,3.630974769592285,2.7871897220611572,0.8017836213111877,0.034849561750888824,-0.0014892973704263568,0.23525255918502808,0.03962778300046921,0.10837438423645321,0,0.0,0.051639916259595256,74,0.1950596570968628,0.9905103445053101,0.27383501585644515,0.7869276218611522,28.27650260925293,0.1883308714918759,0.23558852076530457,0.8759231905465288,0.23558852076530457,0.8759231905465288,5.350040854779081e-09,1.726021636727637e-08,7.502784882262858e-08,1.0,0.19324854016304016,0.3213644027709961,70,0.8076953887939453,0.3213644027709961,1.0,0.3213644027709961
GCN,527,2331,1,1,2,-1.3573921918869019,2.0396718978881836,3.3970640897750854,0.8660253286361694,0.055538635700941086,0.0,0.24916793406009674,0.060301441699266434,0.2002652519893899,0,0.0,0.03279832519190509,47,0.22496600449085236,0.9818006157875061,0.28446348511421815,0.8334564254062038,29.921621322631836,0.2640324963072378,0.2491999864578247,0.8943870014771049,0.2491999864578247,0.8943870014771049,6.71586253275791e-09,4.042814527593919e-09,1.5402060071778578e-08,1.0,0.22087177634239197,0.34005439281463623,42,0.9371631741523743,0.34005439281463623,1.0,0.34005439281463623
GCN,527,2337,4,1,1,-3.966092109680176,2.1153907775878906,6.081482887268066,0.9486831426620483,0.08601745963096619,-0.0008580302237533033,0.3216327428817749,0.0603230856359005,0.2006441834028041,0,0.0,0.0209351011863224,30,0.3190512955188751,0.9782565832138062,0.34074308072311665,0.8873707533234859,38.53383255004883,0.7101181683899557,0.3203481137752533,0.9582717872968981,0.3203481137752533,0.9582717872968981,6.4523919540704355e-09,6.073678804341398e-08,1.2499253898567986e-07,1.0,0.31217074394226074,0.43874257802963257,26,0.8395986557006836,0.43874257802963257,1.0,0.43874257802963257
GCN,527,2341,4,1,1,-3.0918049812316895,3.1007184982299805,6.19252347946167,0.9486831426620483,0.14220845699310303,0.0,0.37475278973579407,0.08250690996646881,0.2233800682076544,0,0.0,0.015352407536636426,22,0.37896254658699036,0.9574272036552429,0.3863573987031456,0.9161742983751846,44.81678009033203,0.8759231905465288,0.3730453848838806,0.98301329394387,0.3730453848838806,0.98301329394387,0.0,2.2603467542126054e-08,6.110285255545023e-08,1.0,0.3628290295600891,0.5099406242370605,17,0.8250702023506165,0.5099406242370605,1.0,0.5099406242370605
GCN,527,2342,0,1,1,1.1870546340942383,5.041806697845459,3.8547520637512207,0.9486831426620483,0.07826709002256393,-0.001479726517572999,0.34752511978149414,0.05361884832382202,0.18226600985221675,0,0.0,0.028611304954640614,41,0.3427771031856537,0.9844527840614319,0.3632791785724609,0.8980797636632201,41.666847229003906,0.8138847858197932,0.34634944796562195,0.9756277695716395,0.34634944796562195,0.9756277695716395,1.580506747700383e-08,6.090758120080864e-08,1.235977720170922e-07,1.0,0.33753693103790283,0.47439366579055786,38,0.9034531116485596,0.47439369559288025,1.0,0.47439369559288025
GCN,527,2346,3,1,3,-2.5893611907958984,0.20889568328857422,2.7982568740844727,0.8017836213111877,0.035053856670856476,0.0,0.2015916258096695,0.046090200543403625,0.12542629784009093,0,0.0,0.04326587578506629,62,0.167724147439003,0.9869910478591919,0.2517827367171726,0.45457902511078285,24.274686813354492,0.050221565731166914,0.20268936455249786,0.7536927621861153,0.20268936455249786,0.7536927621861153,7.608968566330532e-09,4.64823779466883e-09,2.572962998215189e-08,1.0,0.16554223001003265,0.27528995275497437,57,0.8500851392745972,0.275289922952652,1.0,0.275289922952652
GCN,527,2347,0,1,3,0.8468695282936096,3.27241849899292,2.4255489706993103,0.8017836213111877,0.033701181411743164,0.0,0.19353826344013214,0.04007366672158241,0.10837438423645321,0,0.0,0.0418702023726448,60,0.16102901101112366,0.9869546890258789,0.2464592202918462,0.34379615952732645,23.320409774780273,0.03692762186115214,0.19470416009426117,0.6739290989660266,0.19470416009426117,0.6739290989660266,5.94516524898836e-09,4.762368721600296e-09,6.646570938073637e-08,1.0,0.15892833471298218,0.26429131627082825,55,0.7380706071853638,0.26429128646850586,1.0,0.26429128646850586
GCN,527,2353,4,1,3,-2.6883292198181152,0.36401450634002686,3.052343726158142,0.8017836213111877,0.03555407375097275,-0.0004075457400176674,0.2299342304468155,0.04010401666164398,0.10837438423645321,0,0.0,0.04954640614096301,71,0.1908300369977951,0.989675760269165,0.27141608607466566,0.7680945347119645,27.674903869628906,0.16285081240768096,0.230531245470047,0.8692762186115214,0.230531245470047,0.8692762186115214,2.133928145298114e-09,1.6059512830679523e-08,6.819355036213892e-08,1.0,0.18887102603912354,0.3140847682952881,67,0.8318006992340088,0.3140847384929657,1.0,0.3140847384929657
GCN,527,2359,2,0,11,-5.265000343322754,-4.272299766540527,0.9927005767822266,0.5477225184440613,0.024233289062976837,-9.588196553522721e-05,0.20917119085788727,0.038263894617557526,0.10837438423645321,0,0.0,0.09979064898813678,143,0.11881637573242188,0.9876149892807007,0.2561273409195168,0.5476366322008862,25.15035629272461,0.06831610044313147,0.21002811193466187,0.8090841949778435,0.21002811193466187,0.8090841949778435,6.243161543295628e-09,1.1716327463773268e-08,9.627568431369582e-08,1.0,0.1173466220498085,0.2856595516204834,139,0.7236012816429138,0.285659521818161,1.0,0.285659521818161
GCN,527,2365,2,0,7,-5.999416828155518,-4.391667366027832,1.6077494621276855,0.6396021246910095,0.03492196649312973,-0.0003014862013515085,0.22231651842594147,0.038465701043605804,0.10837438423645321,0,0.0,0.06769016050244243,97,0.1480201631784439,0.9833922982215881,0.26410544740290565,0.6864844903988183,26.707857131958008,0.11964549483013294,0.22272171080112457,0.8548744460856721,0.22272171080112457,0.8548744460856721,9.207855811155241e-09,1.7195315393792043e-08,8.499051773469546e-08,1.0,0.14556998014450073,0.3034594655036926,93,0.626493513584137,0.30345943570137024,1.0,0.30345943570137024
GCN,527,2368,3,1,2,-0.40459537506103516,3.081519603729248,3.486114978790283,0.8660253286361694,0.05734952166676521,0.0,0.2463206797838211,0.06448768079280853,0.20500189465706706,0,0.0,0.03210048848569435,46,0.22271974384784698,0.9801849126815796,0.28274675627280443,0.8245937961595273,29.590957641601562,0.24741506646971936,0.24638831615447998,0.8899556868537666,0.24638831615447998,0.8899556868537666,1.236416213856728e-08,1.6100390354267802e-08,6.978241628985415e-08,1.0,0.2183065265417099,0.3361049294471741,41,0.9594854116439819,0.3361049294471741,1.0,0.3361049294471741
GCN,527,2383,4,0,10,-4.814418315887451,-2.957563877105713,1.8568544387817383,0.5669466257095337,0.02022654004395008,-0.0002807959681376815,0.2196829915046692,0.01673302799463272,0.10837438423645321,0,0.0,0.09630146545708304,138,0.12858261168003082,0.9926514625549316,0.26372937176022904,0.6850073855243722,26.41769027709961,0.11078286558345643,0.22042834758758545,0.8500738552437223,0.22042834758758545,0.8500738552437223,1.2468944987631403e-08,2.549858102440794e-08,2.0095590969049226e-07,1.0,0.12764206528663635,0.3001859784126282,135,0.4121464490890503,0.3001859486103058,1.0,0.3001859486103058
GCN,527,2384,0,1,1,0.8820623159408569,4.669101238250732,3.7870389223098755,0.9486831426620483,0.0686800554394722,-0.00021621469932142645,0.2873614728450775,0.06159036606550217,0.20291777188328913,0,0.0,0.0314026517794836,45,0.28400713205337524,0.9825441837310791,0.3134210008479422,0.8685376661742984,34.42827224731445,0.5048005908419497,0.28649020195007324,0.9324224519940916,0.28649020195007324,0.9324224519940916,0.0,3.048242547265545e-08,6.156070497809196e-08,1.0,0.2790609896183014,0.3922082185745239,41,0.9778942465782166,0.3922082185745239,1.0,0.3922082185745239
GCN,527,2389,2,1,2,-3.563239097595215,0.07633405923843384,3.6395731568336487,0.8660253286361694,0.04658159986138344,-0.0024914813693612814,0.2192494422197342,0.05840533971786499,0.1964759378552482,0,0.0,0.03210048848569435,46,0.19754602015018463,0.9834104180335999,0.26303661255039834,0.670605612998523,26.38700294494629,0.10930576070901034,0.21982333064079285,0.8482274741506647,0.21982333064079285,0.8482274741506647,2.9451006078318187e-09,6.0370632937178925e-09,3.141057192124208e-08,1.0,0.19435809552669525,0.29923391342163086,42,0.9069632887840271,0.29923391342163086,1.0,0.29923391342163086
GCN,527,2392,2,1,3,-3.4662864208221436,0.04306221008300781,3.5093486309051514,0.8017836213111877,0.03611104562878609,-0.0019445432117208838,0.22313788533210754,0.04299012944102287,0.1110269041303524,0,0.0,0.04326587578506629,62,0.1852937787771225,0.9886980652809143,0.265724149599544,0.7130723781388478,26.843862533569336,0.12259970457902511,0.22378017008304596,0.8563515509601182,0.22378017008304596,0.8563515509601182,3.9237315618834145e-09,1.5836977951266817e-08,6.71085587100606e-08,1.0,0.18325364589691162,0.30474328994750977,58,0.7984821796417236,0.30474328994750977,1.0,0.30474328994750977
GCN,527,2411,3,1,1,-2.159367084503174,4.163457870483398,6.322824954986572,0.9486831426620483,0.0862840935587883,0.0,0.37356701493263245,0.05362537130713463,0.18226600985221675,0,0.0,0.027913468248429867,40,0.36885058879852295,0.9836750626564026,0.3846341019670165,0.9124815361890695,44.7761344909668,0.8748153618906942,0.3720611035823822,0.98301329394387,0.3720611035823822,0.98301329394387,1.3170890156288806e-08,3.759692113192159e-09,6.144788500250797e-08,1.0,0.3628291189670563,0.5099407434463501,35,0.8810270428657532,0.5099407434463501,1.0,0.5099407434463501
GCN,527,2425,3,1,5,0.8328947424888611,3.1558685302734375,2.3229737877845764,0.7071066498756409,0.03545233607292175,0.0,0.2479589730501175,0.02528553456068039,0.10837438423645321,0,0.0,0.055826936496859735,80,0.18166755139827728,0.9886673092842102,0.2835612696183106,0.8286558345642541,29.783992767333984,0.25775480059084194,0.24816927313804626,0.8936484490398818,0.24816927313804626,0.8936484490398818,4.906046235930717e-09,8.14553757777503e-09,4.4667089582617336e-08,1.0,0.1796087771654129,0.3386736214160919,75,0.5002095699310303,0.3386736214160919,1.0,0.3386736214160919
GCN,527,2427,3,1,3,-0.7291419506072998,2.8616974353790283,3.590839385986328,0.8017836213111877,0.05776606500148773,-0.0006739171221852303,0.2882784307003021,0.03205937147140503,0.10837438423645321,0,0.0,0.04884856943475227,70,0.24071034789085388,0.9828116297721863,0.3128883928464594,0.8685376661742984,34.54713821411133,0.509970457902511,0.2875351309776306,0.9331610044313147,0.2875351309776306,0.9331610044313147,7.902533738501916e-09,1.166203222879858e-08,5.957189230798576e-08,1.0,0.23660290241241455,0.3934609293937683,67,0.49467942118644714,0.3934609293937683,1.0,0.3934609293937683
GCN,527,2428,5,1,1,-0.772322416305542,3.163994550704956,3.936316967010498,0.9486831426620483,0.15541410446166992,-0.00020570385095197707,0.3339170515537262,0.12070884555578232,0.3980674497915877,1,0.0,0.020237264480111653,29,0.34388670325279236,0.9376207590103149,0.34658945548069675,0.888109305760709,39.79824447631836,0.7540620384047267,0.33133673667907715,0.9671344165435746,0.33133673667907715,0.9671344165435746,1.2904783908140871e-08,3.2577990083382247e-08,7.187041006773143e-08,1.0,0.322459876537323,0.4532034993171692,25,0.984166145324707,0.4532034695148468,1.0,0.4532034695148468
GCN,527,2431,4,1,1,-2.908351182937622,2.810601234436035,5.718952417373657,0.9486831426620483,0.11249000579118729,0.0,0.37405091524124146,0.0748787671327591,0.21485411140583555,0,0.0,0.021632937892533146,31,0.37300580739974976,0.9727170467376709,0.38520599956984913,0.914327917282127,44.91326141357422,0.8777695716395865,0.37205296754837036,0.98301329394387,0.37205296754837036,0.98301329394387,0.0,4.5906620727009795e-09,6.289875642551124e-08,1.0,0.3628291189670563,0.5099407434463501,26,0.9448363780975342,0.5099407434463501,1.0,0.5099407434463501
GCN,527,2433,2,1,1,-0.00850522518157959,4.821207523345947,4.829712748527527,0.9486831426620483,0.08693026006221771,0.0,0.37357738614082336,0.05327460914850235,0.1816976127320955,0,0.0,0.02721563154221912,39,0.3689402639865875,0.9834356904029846,0.3847508693905849,0.9124815361890695,44.76774978637695,0.8748153618906942,0.3720213770866394,0.98301329394387,0.3720213770866394,0.98301329394387,1.4901161193847656e-08,1.4785662472149852e-08,3.871995346571566e-08,1.0,0.3628290295600891,0.5099406242370605,34,0.868782639503479,0.5099406242370605,1.0,0.5099406242370605
GCN,527,2435,4,1,2,-2.635213613510132,1.495563268661499,4.130776882171631,0.8660253286361694,0.047886963933706284,0.0,0.2687818109989166,0.041859615594148636,0.10989010989010989,0,0.0,0.039078855547801813,56,0.24126595258712769,0.9882746338844299,0.2995148913871859,0.8578286558345642,32.2783088684082,0.3951255539143279,0.2686867117881775,0.9139586410635155,0.2686867117881775,0.9139586410635155,5.963374238859842e-09,6.885255476873908e-09,3.10215710896955e-08,1.0,0.23843704164028168,0.3670978844165802,51,0.8138951063156128,0.3670978844165802,1.0,0.3670978844165802
GCN,527,2438,3,1,2,-2.755148410797119,1.8768296241760254,4.6319780349731445,0.8660253286361694,0.06340334564447403,-0.0005552056827582419,0.2840999364852905,0.054912492632865906,0.18927624100037893,0,0.0,0.02721563154221912,39,0.25647974014282227,0.981751561164856,0.31112932968345514,0.8670605612998523,34.10260009765625,0.48559822747415066,0.2835114002227783,0.9279911373707533,0.2835114002227783,0.9279911373707533,6.177695244247161e-09,7.495013498726166e-09,2.9882251340040966e-08,1.0,0.2518264651298523,0.3877122402191162,35,0.852355420589447,0.3877122700214386,1.0,0.3877122700214386
GCN,527,2445,2,0,4,-4.214450359344482,-0.5378692150115967,3.6765811443328857,0.7499998807907104,0.026136137545108795,0.0,0.20192576944828033,0.03009486012160778,0.10837438423645321,0,0.0,0.06071179344033496,87,0.1564880758523941,0.9917118549346924,0.2517700121330491,0.45457902511078285,24.34292984008789,0.05132939438700148,0.203200563788414,0.7566469719350074,0.203200563788414,0.7566469719350074,5.7410578513383825e-09,5.379408474226466e-09,7.023308512543736e-08,1.0,0.1551910787820816,0.27589529752731323,82,0.697531521320343,0.27589529752731323,1.0,0.27589529752731323
GCN,527,2446,2,0,8,-5.375503063201904,-2.3390631675720215,3.036439895629883,0.6123723983764648,0.021225396543741226,-0.052343033254146576,0.2220500111579895,0.21823972463607788,0.7322849564228875,1,0.0,0.09141660851360782,131,0.13918419182300568,0.9931139945983887,0.26442796595928725,0.6905465288035451,26.694398880004883,0.11964549483013294,0.2226865291595459,0.8548744460856721,0.2226865291595459,0.8548744460856721,8.920786775945544e-09,9.456371685701015e-09,6.711987055041391e-08,1.0,0.1390804499387741,0.3028232455253601,127,0.4822635054588318,0.3028232157230377,1.0,0.3028232157230377
GCN,527,2448,2,0,5,-5.24237060546875,-2.1036598682403564,3.1387107372283936,0.7071066498756409,0.027096303179860115,-0.036859944462776184,0.21106195449829102,0.03139476850628853,0.10837438423645321,0,0.0,0.06908583391486392,99,0.15331782400608063,0.9907276034355164,0.25702535512361835,0.5620384047267356,25.390094757080078,0.07496307237813885,0.21193532645702362,0.8201624815361891,0.21193532645702362,0.8201624815361891,6.350773240626495e-09,7.906177934557945e-09,7.940310098319969e-08,1.0,0.15266452729701996,0.2878670394420624,95,0.691675066947937,0.28786706924438477,1.0,0.28786706924438477
GCN,527,2456,5,1,2,-1.5046777725219727,2.3152761459350586,3.8199539184570312,0.8660253286361694,0.046375006437301636,-0.0564873032271862,0.2718321681022644,0.04265150427818298,0.11083743842364532,0,0.0,0.04326587578506629,62,0.24112874269485474,0.9890301823616028,0.30190851096627536,0.8607828655834564,32.611019134521484,0.41285081240768096,0.27147525548934937,0.9165435745937962,0.27147525548934937,0.9165435745937962,7.623203401863066e-09,1.5543079712188046e-08,6.256692586248391e-08,1.0,0.24049876630306244,0.37027212977409363,60,0.8437040448188782,0.37027207016944885,1.0,0.37027207016944885
GCN,527,2459,3,0,2,-4.909974575042725,-1.7785680294036865,3.131406545639038,0.8660253286361694,0.08521057665348053,0.0,0.27820906043052673,0.07052122801542282,0.21049640015157256,0,0.0,0.01465457083042568,21,0.2547374367713928,0.9663251638412476,0.30449626496565846,0.8626292466765141,33.402244567871094,0.45088626292466766,0.2776755094528198,0.922082717872969,0.2776755094528198,0.922082717872969,0.0,1.0663288030343665e-08,3.873115161923124e-08,1.0,0.24615918099880219,0.3789868950843811,16,0.7976057529449463,0.3789868950843811,1.0,0.3789868950843811
GCN,527,2461,6,1,1,-3.0999088287353516,1.2839536666870117,4.383862495422363,0.9486831426620483,0.08985865861177444,0.0,0.3736255466938019,0.05748751759529114,0.19552860932171276,0,0.0,0.026517794836008374,38,0.36935532093048096,0.982330858707428,0.38406179895174064,0.9124815361890695,44.780967712402344,0.8751846381093058,0.37180453538894653,0.98301329394387,0.37180453538894653,0.98301329394387,6.71586253275791e-09,1.4346506205242804e-08,7.534652723961699e-08,1.0,0.3628291189670563,0.5099407434463501,33,0.9070502519607544,0.5099406838417053,1.0,0.5099406838417053
GCN,527,2467,6,1,2,-0.8751394748687744,2.883307456970215,3.7584469318389893,0.8660253286361694,0.05142149329185486,-0.0007309429929591715,0.30034759640693665,0.0406562015414238,0.10837438423645321,0,0.0,0.04256803907885555,61,0.26934814453125,0.98915696144104,0.32461966579756607,0.8751846381093058,36.042640686035156,0.5878877400295421,0.29980865120887756,0.941285081240768,0.29980865120887756,0.941285081240768,7.213993846733047e-09,3.0835341391366455e-08,6.440114219685711e-08,1.0,0.2664565145969391,0.4102367162704468,57,0.8002895712852478,0.4102366864681244,1.0,0.4102366864681244
GCN,527,2474,4,0,2,-5.11850643157959,-1.4268903732299805,3.6916160583496094,0.8660253286361694,0.07218801975250244,0.0,0.2712012529373169,0.07217179983854294,0.21163319439181508,0,0.0,0.03210048848569435,46,0.24652594327926636,0.9742988348007202,0.30084208083885905,0.8596750369276218,32.52655792236328,0.40841949778434267,0.2708803415298462,0.9165435745937962,0.2708803415298462,0.9165435745937962,4.839293854530524e-09,3.1352918483662506e-08,1.2560516893245222e-07,1.0,0.24018992483615875,0.36979663372039795,41,0.9392575621604919,0.3697965741157532,1.0,0.3697965741157532
GCN,527,2479,6,1,1,-2.466224193572998,2.192662239074707,4.658886432647705,0.9486831426620483,0.09083700180053711,0.0,0.3736419081687927,0.05655606836080551,0.19306555513452064,0,0.0,0.025819958129797628,37,0.36949682235717773,0.9819543957710266,0.38371895496777053,0.9117429837518464,44.834712982177734,0.8762924667651403,0.3722638189792633,0.98301329394387,0.3722638189792633,0.98301329394387,0.0,1.0193489607956963e-08,2.8803324170212363e-08,1.0,0.3628290295600891,0.5099406242370605,32,0.8827813267707825,0.5099406242370605,1.0,0.5099406242370605
GCN,527,2483,4,1,2,-2.8861546516418457,0.5978159308433533,3.483970582485199,0.8660253286361694,0.10451503098011017,0.0,0.2851004898548126,0.09844201803207397,0.3090185676392573,0,0.0,0.020237264480111653,29,0.2643497884273529,0.9526259899139404,0.3117735764323007,0.8674298375184638,34.198211669921875,0.491506646971935,0.2844172418117523,0.9298375184638109,0.2844172418117523,0.9298375184638109,1.2904783908140871e-08,2.0255596311358204e-08,8.102238524543282e-08,1.0,0.2518264651298523,0.3877122700214386,24,0.9302297830581665,0.3877122402191162,1.0,0.3877122402191162
GCN,527,2489,3,1,1,-3.9924416542053223,1.3145653009414673,5.3070069551467896,0.9486831426620483,0.11761264503002167,0.0,0.32230719923973083,0.09186384081840515,0.26203107237589995,0,0.0,0.013258897418004187,19,0.3250177204608917,0.9604731202125549,0.34229767214629636,0.8873707533234859,38.62083053588867,0.7138109305760709,0.32112830877304077,0.9590103397341211,0.32112830877304077,0.9590103397341211,7.450580596923828e-09,3.105671808611987e-08,6.909541383492979e-08,1.0,0.31217077374458313,0.43874260783195496,14,0.9553043842315674,0.43874257802963257,1.0,0.43874257802963257
GCN,527,2490,4,1,2,-2.623683452606201,1.2930917739868164,3.9167752265930176,0.8660253286361694,0.045974187552928925,0.0,0.2536744475364685,0.045923035591840744,0.12542629784009093,0,0.0,0.040474528960223306,58,0.22778716683387756,0.9878734350204468,0.2880670185665839,0.8408419497784343,30.4906063079834,0.2950516986706056,0.2536269426345825,0.8988183161004432,0.2536269426345825,0.8988183161004432,7.392143785978078e-09,1.6059091834108585e-08,6.4237632102504e-08,1.0,0.22502487897872925,0.34644851088523865,53,0.8777763843536377,0.34644848108291626,1.0,0.34644848108291626
GCN,527,2496,4,1,1,-1.1900321245193481,3.2706961631774902,4.460728287696838,0.9486831426620483,0.0761379599571228,-0.00032792973797768354,0.31365707516670227,0.061235543340444565,0.2019704433497537,0,0.0,0.030006978367062107,43,0.3101373314857483,0.9820051193237305,0.33509472546821906,0.8829394387001477,37.62493896484375,0.6650664697193501,0.3126203119754791,0.9519940915805022,0.3126203119754791,0.9519940915805022,1.5359765015432458e-08,6.0178727778748e-08,1.8149144409562723e-07,1.0,0.3045755922794342,0.4280679225921631,39,0.9572792053222656,0.4280679523944855,1.0,0.4280679523944855
GCN,527,2505,1,1,1,-2.472299098968506,2.2189230918884277,4.691222190856934,0.9486831426620483,0.0778270959854126,0.0,0.32146841287612915,0.05978018790483475,0.19969685486926866,0,0.0,0.026517794836008374,38,0.31786006689071655,0.982101321220398,0.34064982175067876,0.8870014771048744,38.50908279418945,0.7093796159527327,0.32005491852760315,0.9582717872968981,0.32005491852760315,0.9582717872968981,8.535712581192456e-09,5.979453732152251e-08,1.2073115840394166e-07,1.0,0.31217074394226074,0.43874257802963257,33,0.9370137453079224,0.43874257802963257,1.0,0.43874257802963257
GCN,527,2508,3,0,3,-3.8456950187683105,-1.2674756050109863,2.578219413757324,0.8017836213111877,0.05790315940976143,0.0,0.20467260479927063,0.08316363394260406,0.2233800682076544,0,0.0,0.0314026517794836,45,0.17347970604896545,0.9664742350578308,0.25302712761808266,0.4778434268833087,24.64476203918457,0.060561299852289516,0.2056148499250412,0.7784342688330872,0.2056148499250412,0.7784342688330872,1.2904783908140871e-08,1.5528687669075225e-08,9.519556698478482e-08,1.0,0.16766367852687836,0.2788178324699402,40,0.9427751302719116,0.2788178324699402,1.0,0.2788178324699402
GCN,527,2509,3,0,5,-5.3837571144104,-2.5210041999816895,2.862752914428711,0.7071066498756409,0.02911454066634178,0.0,0.22064067423343658,0.03045606054365635,0.10837438423645321,0,0.0,0.06489881367759945,93,0.1614125519990921,0.9903265833854675,0.2641921808429614,0.6864844903988183,26.527130126953125,0.11447562776957164,0.22128479182720184,0.8511816838995568,0.22128479182720184,0.8511816838995568,8.598987299990313e-09,5.71532821069809e-09,3.458142572299039e-08,1.0,0.15985114872455597,0.301418274641037,88,0.6528213024139404,0.301418274641037,1.0,0.301418274641037
GCN,527,2514,2,1,2,-3.5138845443725586,0.7336692214012146,4.247553765773773,0.8660253286361694,0.05017181858420372,-0.00019900777260772884,0.240666002035141,0.05591251701116562,0.19306555513452064,0,0.0,0.03628750872295883,52,0.21684309840202332,0.9840324521064758,0.2770664817064431,0.8057607090103397,28.904945373535156,0.21639586410635156,0.24086636304855347,0.8836779911373708,0.24086636304855347,0.8836779911373708,6.384826001237798e-09,5.310631490118567e-09,2.601459136997164e-08,1.0,0.2133883386850357,0.328532874584198,48,0.9290830492973328,0.328532874584198,1.0,0.328532874584198
GCN,527,2523,2,1,2,-3.237022876739502,0.8398093581199646,4.0768322348594666,0.8660253286361694,0.05218149349093437,0.0,0.22597408294677734,0.04894563928246498,0.14948844259189087,0,0.0,0.030006978367062107,43,0.20426449179649353,0.9805001616477966,0.26821888129257654,0.7367060561299852,27.186182022094727,0.1399556868537666,0.22642108798027039,0.8622599704579025,0.22642108798027039,0.8622599704579025,2.464047854644491e-09,1.6062889685031223e-08,1.2181382658127404e-07,1.0,0.20028135180473328,0.30835336446762085,38,0.7342545986175537,0.30835336446762085,1.0,0.30835336446762085
GCN,527,2533,0,1,1,-2.566880702972412,3.4456255435943604,6.0125062465667725,0.9486831426620483,0.0822051614522934,-0.0027621560730040073,0.33215445280075073,0.06300835311412811,0.2046229632436529,0,0.0,0.024424284717376135,35,0.32843074202537537,0.9812880158424377,0.3501885481019942,0.888109305760709,39.783817291259766,0.7540620384047267,0.3311963975429535,0.9667651403249631,0.3311963975429535,0.9667651403249631,1.3301947099364497e-08,7.693986781021067e-09,6.237949889964511e-08,1.0,0.3224598467350006,0.4532034397125244,32,0.9259238243103027,0.453203409910202,1.0,0.453203409910202
GCN,527,2540,3,0,1,-6.382902145385742,-2.371131658554077,4.011770486831665,0.9486831426620483,0.13973881304264069,0.0,0.3229199945926666,0.11045768857002258,0.3685107995452823,1,0.0,0.011165387299371946,16,0.33016085624694824,0.945510983467102,0.34022139251851646,0.8870014771048744,38.57194900512695,0.7112259970457903,0.3211929500102997,0.9590103397341211,0.3211929500102997,0.9590103397341211,1.4901161193847656e-08,3.150147875885523e-08,6.869885282867472e-08,1.0,0.31217071413993835,0.4387425184249878,11,0.9686235785484314,0.4387425184249878,1.0,0.4387425184249878
GCN,527,2543,3,0,3,-4.4544878005981445,-0.306598424911499,4.1478893756866455,0.8017836213111877,0.03918425366282463,0.0,0.23258960247039795,0.035914137959480286,0.10837438423645321,0,0.0,0.04675505931612003,67,0.19337806105613708,0.9877763390541077,0.27293453279406227,0.7799113737075333,27.943906784057617,0.17429837518463812,0.2330339550971985,0.8729689807976366,0.2330339550971985,0.8729689807976366,8.33000246558413e-09,1.1318209480748465e-08,5.918846213148754e-08,1.0,0.19101428985595703,0.3176489472389221,62,0.6836933493614197,0.3176489472389221,1.0,0.3176489472389221
GCN,527,2549,4,1,1,-3.7193379402160645,1.1489166021347046,4.868254542350769,0.9486831426620483,0.07610095292329788,0.0,0.3214397430419922,0.05886818841099739,0.19723380068207655,0,0.0,0.028611304954640614,41,0.3176126480102539,0.9828662872314453,0.3417799918228406,0.8873707533234859,38.58390808105469,0.7119645494830132,0.32067760825157166,0.9590103397341211,0.32067760825157166,0.9590103397341211,5.890201215663637e-09,5.969836536223738e-08,1.197899450744444e-07,1.0,0.31217074394226074,0.43874257802963257,36,0.94356369972229,0.4387425482273102,1.0,0.4387425482273102
GCN,527,2552,3,1,1,-2.6054842472076416,3.0604872703552246,5.665971517562866,0.9486831426620483,0.15586954355239868,-0.02835986204445362,0.3168446719646454,0.12843352556228638,0.4160666919287609,1,0.0,0.0209351011863224,30,0.3241487145423889,0.9291266202926636,0.33219228093321485,0.880354505169867,37.90462875366211,0.6809453471196455,0.3147958815097809,0.9531019202363368,0.3147958815097809,0.9531019202363368,1.053671194739536e-08,5.984664852576316e-08,1.8010199198670307e-07,1.0,0.30457568168640137,0.42806804180145264,26,0.9907057881355286,0.42806804180145264,1.0,0.42806804180145264
GCN,527,2557,2,1,1,-4.286046981811523,1.092148780822754,5.378195762634277,0.9486831426620483,0.08323174715042114,0.0,0.30284714698791504,0.07085826992988586,0.21049640015157256,0,0.0,0.02721563154221912,39,0.30080774426460266,0.977084219455719,0.32505928379162774,0.8751846381093058,36.302860260009766,0.6045051698670606,0.3021160960197449,0.9427621861152142,0.3021160960197449,0.9427621861152142,7.679882507716229e-09,3.007348325922976e-08,6.067550373245467e-08,1.0,0.2939144968986511,0.4130842089653015,34,0.9783767461776733,0.4130842387676239,1.0,0.4130842387676239
GCN,527,2561,2,1,1,-1.7992687225341797,4.537291049957275,6.336559772491455,0.9486831426620483,0.15477439761161804,-0.00018176756566390395,0.3338954448699951,0.12043695151805878,0.3980674497915877,1,0.0,0.022330774598743892,32,0.3437187373638153,0.9380875825881958,0.3512785506608407,0.8888478581979321,40.00616455078125,0.7610782865583456,0.3316032290458679,0.9671344165435746,0.3316032290458679,0.9671344165435746,1.343172506551582e-08,3.1630708718921596e-08,7.313699512678795e-08,1.0,0.3224599063396454,0.4532035291194916,28,0.9859440326690674,0.4532034993171692,1.0,0.4532034993171692
GCN,527,2562,0,1,2,-0.2825661897659302,3.472245454788208,3.754811644554138,0.8660253286361694,0.08063244819641113,0.0,0.3434298634529114,0.04782688617706299,0.13793103448275862,0,0.0,0.02372644801116539,34,0.31061607599258423,0.9798582792282104,0.35879098043411956,0.8977104874446086,41.133094787597656,0.7994830132939439,0.3420255482196808,0.9741506646971935,0.3420255482196808,0.9741506646971935,6.71586253275791e-09,5.994767349193353e-08,1.8063876439100568e-07,1.0,0.30435970425605774,0.46859249472618103,29,0.7056525945663452,0.46859246492385864,1.0,0.46859246492385864
GCN,527,2566,3,1,2,-2.280494213104248,2.054053783416748,4.334547996520996,0.8660253286361694,0.06715395301580429,0.0,0.2841615676879883,0.053265295922756195,0.1816976127320955,0,0.0,0.026517794836008374,38,0.2570705711841583,0.9796005487442017,0.31089036766417755,0.8666912850812407,34.07707977294922,0.4848596750369276,0.2835622727870941,0.9279911373707533,0.2835622727870941,0.9279911373707533,5.26835597369768e-09,7.627646958496825e-09,3.05105878339873e-08,1.0,0.2518264651298523,0.3877122402191162,33,0.7807800769805908,0.3877122402191162,1.0,0.3877122402191162
GCN,527,2568,3,1,1,-4.654387950897217,1.2187179327011108,5.873105883598328,0.9486831426620483,0.07965358346700668,0.0,0.332051545381546,0.058676183223724365,0.1964759378552482,0,0.0,0.027913468248429867,40,0.328230082988739,0.9824200868606567,0.34906853767098006,0.888109305760709,39.83174514770508,0.7551698670605613,0.3309665322303772,0.9667651403249631,0.3309665322303772,0.9667651403249631,1.466648225090239e-08,7.46511830129748e-09,6.144612285652329e-08,1.0,0.3224598467350006,0.4532034397125244,35,0.9282035231590271,0.4532034397125244,1.0,0.4532034397125244
GCN,527,2578,0,1,2,-1.3303152322769165,3.1397013664245605,4.470016598701477,0.8660253286361694,0.049117445945739746,-0.1475171446800232,0.2708809971809387,0.25188201665878296,0.8003031451307313,1,0.0,0.040474528960223306,58,0.23584283888339996,0.9873656630516052,0.29732283895052486,0.8559822747415067,32.50657653808594,0.4080502215657312,0.27069368958473206,0.9165435745937962,0.27069368958473206,0.9165435745937962,5.587935447692871e-09,4.947308784863935e-09,1.978923513945574e-08,1.0,0.2384370118379593,0.3670978546142578,54,0.8650009632110596,0.3670978248119354,1.0,0.3670978248119354
GCN,527,2582,3,0,3,-5.989643573760986,-1.542112112045288,4.447531461715698,0.8017836213111877,0.044431619346141815,-0.0010323867900297046,0.2677600681781769,0.036052096635103226,0.10837438423645321,0,0.0,0.0418702023726448,60,0.22250105440616608,0.988130509853363,0.29864441454288365,0.8574593796159528,32.116519927978516,0.38774002954209746,0.26761624217033386,0.9132200886262924,0.26761624217033386,0.9132200886262924,4.839293854530524e-09,6.639756744419856e-09,3.1254856480700255e-08,1.0,0.2198953777551651,0.36567699909210205,56,0.6748967170715332,0.36567699909210205,1.0,0.36567699909210205
GCN,527,2586,5,1,1,-1.832848072052002,3.8983023166656494,5.731150388717651,0.9486831426620483,0.12263746559619904,0.0,0.37427234649658203,0.05882738530635834,0.19723380068207655,0,0.0,0.020237264480111653,29,0.3748936951160431,0.9678186774253845,0.38613834560445315,0.9154357459379616,44.83088684082031,0.8762924667651403,0.3725787401199341,0.98301329394387,0.3725787401199341,0.98301329394387,1.053671194739536e-08,1.1791326137711167e-08,6.879977831886208e-08,1.0,0.3628291189670563,0.5099407434463501,24,0.6812794208526611,0.5099407434463501,1.0,0.5099407434463501
GCN,527,2592,5,1,2,-3.2688825130462646,0.2317655086517334,3.500648021697998,0.8660253286361694,0.05470056086778641,-0.003537100041285157,0.25271615386009216,0.05931106209754944,0.19950738916256158,0,0.0,0.03210048848569435,46,0.22776593267917633,0.9827859401702881,0.28663606620816917,0.8375184638109305,30.4127197265625,0.2898818316100443,0.25282448530197144,0.8988183161004432,0.25282448530197144,0.8988183161004432,9.900094966042161e-09,3.0189131194902075e-08,1.212866607147589e-07,1.0,0.22399397194385529,0.34486132860183716,42,0.9032821655273438,0.34486135840415955,1.0000001192092896,0.34486132860183716
GCN,527,2598,1,1,1,-0.896432101726532,3.713305711746216,4.609737813472748,0.9486831426620483,0.08357597142457962,0.0,0.33211857080459595,0.06112063303589821,0.2019704433497537,0,0.0,0.02512212142358688,36,0.3288068175315857,0.9806970953941345,0.34932070274366206,0.888109305760709,39.845829010009766,0.7555391432791728,0.3310331404209137,0.9667651403249631,0.3310331404209137,0.9667651403249631,8.119082295365843e-09,3.0561405850448864e-08,6.344794911683493e-08,1.0,0.322459876537323,0.4532034993171692,31,0.92168128490448,0.4532034397125244,1.0,0.4532034397125244
GCN,527,2599,3,0,3,-3.5940465927124023,-0.256040096282959,3.3380064964294434,0.8017836213111877,0.04320725053548813,0.0,0.2387361228466034,0.042792461812496185,0.11083743842364532,0,0.0,0.03977669225401256,57,0.19881832599639893,0.9859266877174377,0.2773527627474495,0.8068685376661743,28.7031192779541,0.20605612998522896,0.2391565591096878,0.880354505169867,0.2391565591096878,0.880354505169867,8.981349886028056e-09,1.6247133416413817e-08,6.707947619588595e-08,1.0,0.19602032005786896,0.3259737491607666,52,0.758308470249176,0.3259737491607666,1.0,0.3259737491607666
GCN,527,2603,3,1,1,-2.0563409328460693,4.003348350524902,6.059689283370972,0.9486831426620483,0.07365676015615463,-0.0004871197452303022,0.37338870763778687,0.04415084421634674,0.11405835543766578,0,0.0,0.034891835310537335,50,0.3671995997428894,0.9880226850509644,0.38548063271480193,0.914327917282127,44.78175354003906,0.8751846381093058,0.372004896402359,0.98301329394387,0.372004896402359,0.98301329394387,6.4523919540704355e-09,6.386948303571671e-09,6.201517521731148e-08,1.0,0.3628291189670563,0.5099407434463501,46,0.8493149280548096,0.5099407434463501,1.0,0.5099407434463501
GCN,527,2604,6,1,3,-0.4903982877731323,1.9785385131835938,2.468936800956726,0.8017836213111877,0.043947141617536545,0.0,0.26859620213508606,0.03974469006061554,0.10837438423645321,0,0.0,0.04256803907885555,61,0.22317750751972198,0.9884600043296814,0.29941803543232015,0.8578286558345642,32.278324127197266,0.3951255539143279,0.26855555176734924,0.9139586410635155,0.26855555176734924,0.9139586410635155,9.98732208046249e-09,1.2143099858974438e-08,5.5731700143724083e-08,1.0,0.22060205042362213,0.36685216426849365,56,0.779050350189209,0.36685213446617126,1.0,0.36685213446617126
GCN,527,2614,2,0,5,-4.344498634338379,-0.608033299446106,3.736465334892273,0.7071066498756409,0.04686826467514038,0.0,0.2631104588508606,0.0295866709202528,0.10837438423645321,0,0.0,0.04675505931612003,67,0.19383162260055542,0.9825479388237,0.29509483722347923,0.8552437223042836,31.551809310913086,0.35413589364844905,0.2628531754016876,0.9076809453471196,0.2628531754016876,0.9076809453471196,1.4607223874918418e-08,2.2821041056886315e-08,1.507254268062752e-07,1.0,0.19044889509677887,0.3591139316558838,62,0.4697861671447754,0.3591139018535614,1.0,0.3591139018535614
GCN,527,2618,2,1,1,-1.5051897764205933,4.524205684661865,6.0293954610824585,0.9486831426620483,0.16227637231349945,0.0,0.3753185570240021,0.10935205221176147,0.367942402425161,1,0.0,0.01674808094905792,24,0.3837037980556488,0.9455967545509338,0.3839146066578227,0.9124815361890695,44.78732681274414,0.8751846381093058,0.37212416529655457,0.98301329394387,0.37212416529655457,0.98301329394387,1.4784287571956156e-08,3.133475701133648e-08,7.006771340911655e-08,1.0,0.3628290891647339,0.5099406838417053,19,0.9597383737564087,0.5099406242370605,1.0,0.5099406242370605
GCN,527,2631,4,1,1,-4.567927837371826,2.175053834915161,6.742981672286987,0.9486831426620483,0.10608096420764923,0.0,0.3739207983016968,0.056506235152482986,0.19306555513452064,0,0.0,0.018143754361479414,26,0.37189289927482605,0.9756277799606323,0.3852601141483855,0.914327917282127,44.963809967041016,0.8788774002954209,0.3723893165588379,0.98301329394387,0.3723893165588379,0.98301329394387,0.0,3.573191875716475e-08,7.858646711156325e-08,1.0,0.3628290891647339,0.5099406838417053,21,0.7558224201202393,0.5099406242370605,1.0,0.5099406242370605
GCN,527,2641,2,1,2,-3.045041561126709,1.9793635606765747,5.024405121803284,0.8660253286361694,0.05231768637895584,-0.0002983061131089926,0.2818527817726135,0.0460205152630806,0.12542629784009093,0,0.0,0.039078855547801813,56,0.2532069683074951,0.987287163734436,0.3095264945322036,0.8666912850812407,33.84287643432617,0.47673559822747413,0.2815719544887543,0.9257754800590842,0.2815719544887543,0.9257754800590842,4.748831994305647e-09,1.5530432051491516e-08,6.212172820596606e-08,1.0,0.2499999701976776,0.38490018248558044,52,0.8588470220565796,0.38490018248558044,1.0,0.38490018248558044
GCN,527,2642,2,0,4,-5.255725860595703,-0.8132897019386292,4.442436158657074,0.7499998807907104,0.034271951764822006,0.0,0.23967245221138,0.03176155686378479,0.10837438423645321,0,0.0,0.04954640614096301,71,0.18604117631912231,0.9899077415466309,0.27704249394163677,0.8046528803545052,28.833877563476562,0.21270310192023634,0.23995471000671387,0.8829394387001477,0.23995471000671387,0.8829394387001477,5.890201215663637e-09,1.5994190860624258e-08,6.727959345198542e-08,1.0,0.18416358530521393,0.3274019956588745,66,0.6663497686386108,0.3274019658565521,1.0,0.3274019658565521
GCN,527,2646,4,1,1,-4.243470191955566,1.0039660930633545,5.247436285018921,0.9486831426620483,0.0707089975476265,0.0,0.313562273979187,0.055670566856861115,0.19268662372110648,0,0.0,0.030006978367062107,43,0.3093946874141693,0.9844242334365845,0.3339770355310494,0.8822008862629247,37.65781021118164,0.6665435745937962,0.31289803981781006,0.9519940915805022,0.31289803981781006,0.9519940915805022,0.0,6.178791700506281e-09,1.6744392539180808e-08,1.0,0.304575651884079,0.42806798219680786,38,0.9368195533752441,0.4280679523944855,1.0,0.4280679523944855
GCN,527,2647,4,0,3,-3.6002745628356934,-0.17894649505615234,3.421328067779541,0.8017836213111877,0.0396854393184185,0.0,0.2718985974788666,0.03484518453478813,0.10837438423645321,0,0.0,0.051639916259595256,74,0.22545038163661957,0.9907892346382141,0.3023166235255514,0.8607828655834564,32.633453369140625,0.4139586410635155,0.27164921164512634,0.9165435745937962,0.27164921164512634,0.9165435745937962,4.165001232792065e-09,1.6373226330301804e-08,6.655047712911255e-08,1.0,0.22337384521961212,0.37146154046058655,69,0.7656595706939697,0.37146151065826416,1.0,0.37146151065826416
GCN,527,2653,0,1,2,-0.31045985221862793,3.368323802947998,3.678783655166626,0.8660253286361694,0.05294527858495712,-0.05747916176915169,0.2969166934490204,0.04163090139627457,0.10913224706328155,0,0.0,0.040474528960223306,58,0.26343172788619995,0.9880154728889465,0.3217853087856193,0.8733382570162481,35.62205123901367,0.5661004431314623,0.2963677644729614,0.939807976366322,0.2963677644729614,0.939807976366322,8.686798835810805e-09,3.0511699833368766e-08,1.2204679933347506e-07,1.0,0.26261574029922485,0.40432342886924744,54,0.8087489604949951,0.40432336926460266,1.0,0.40432336926460266
GCN,527,2658,2,1,1,-4.406315326690674,2.238265037536621,6.644580364227295,0.9486831426620483,0.07463280111551285,0.0,0.3319706320762634,0.05496157705783844,0.18927624100037893,0,0.0,0.030704815073272853,44,0.327531099319458,0.9845169186592102,0.3492443374032741,0.888109305760709,39.82161331176758,0.7548005908419497,0.33084234595298767,0.9667651403249631,0.33084234595298767,0.9667651403249631,0.0,3.018301697466086e-08,5.993297946815801e-08,1.0,0.322459876537323,0.4532034993171692,39,0.9277058243751526,0.4532035291194916,1.0,0.4532035291194916
GCN,527,2668,3,0,5,-3.4328689575195312,-1.105644941329956,2.327224016189575,0.7071066498756409,0.02500685304403305,-0.00025447309599258006,0.20829470455646515,0.03257249295711517,0.10837438423645321,0,0.0,0.06489881367759945,93,0.152149498462677,0.991974949836731,0.2558740946488607,0.5398818316100443,25.066110610961914,0.06757754800590841,0.20926669239997864,0.8039143279172821,0.20926669239997864,0.8039143279172821,6.601888369317521e-09,5.339977793283879e-09,3.6831423244620964e-08,1.0,0.1509333848953247,0.2846027612686157,89,0.7673882246017456,0.28460273146629333,1.0,0.28460273146629333
GCN,527,2669,3,1,1,-3.660088062286377,2.9176957607269287,6.577783823013306,0.9486831426620483,0.08908270299434662,0.0,0.3736126124858856,0.05412040650844574,0.1856763925729443,0,0.0,0.025819958129797628,37,0.3692440092563629,0.9826267957687378,0.385812738461454,0.9154357459379616,44.78207778930664,0.8751846381093058,0.37225690484046936,0.98301329394387,0.37225690484046936,0.98301329394387,1.0030650976489142e-08,3.094480405252398e-08,6.498102322893828e-08,1.0,0.3628290891647339,0.5099406838417053,32,0.8613315224647522,0.5099406242370605,1.0,0.5099406242370605
GCN,527,2681,4,1,5,-1.3305037021636963,2.1822938919067383,3.5127975940704346,0.7071066498756409,0.042611803859472275,-0.059255994856357574,0.3225342035293579,0.24435466527938843,0.7838196286472149,1,0.0,0.056524773203070484,81,0.23338733613491058,0.9901222586631775,0.34040709096093263,0.8870014771048744,38.668052673339844,0.7149187592319055,0.32158249616622925,0.9597488921713442,0.32158249616622925,0.9597488921713442,1.4427987693466093e-08,1.5162733291163022e-08,6.34428261037101e-08,1.0,0.23302441835403442,0.43939512968063354,77,0.6850107908248901,0.43939512968063354,1.0,0.43939512968063354
GCN,527,2685,2,0,4,-5.9642720222473145,-2.1740028858184814,3.790269136428833,0.7499998807907104,0.05934588238596916,0.0,0.25743797421455383,0.054117828607559204,0.1856763925729443,0,0.0,0.027913468248429867,40,0.2026631236076355,0.9742972254753113,0.28956270756210767,0.843426883308715,30.86906623840332,0.3142540620384047,0.2571312487125397,0.9017725258493353,0.2571312487125397,0.9017725258493353,9.856191418577964e-09,1.3556762823441204e-08,6.801843710491084e-08,1.0,0.19745412468910217,0.351029634475708,35,0.7042770385742188,0.351029634475708,1.0,0.351029634475708
GCN,527,2686,3,0,2,-4.852340221405029,-0.13400888442993164,4.718331336975098,0.8660253286361694,0.09780437499284744,0.0,0.2774033546447754,0.08671943098306656,0.2315270935960591,0,0.0,0.015352407536636426,22,0.2564183175563812,0.9559838175773621,0.30659514897861045,0.8633677991137371,33.37989044189453,0.4494091580502216,0.27709802985191345,0.9213441654357459,0.27709802985191345,0.9213441654357459,1.2904783908140871e-08,2.285182709726996e-08,9.140730838907984e-08,1.0,0.24513176083564758,0.3774050772190094,17,0.8520408868789673,0.377405047416687,1.0,0.377405047416687
GCN,527,2689,2,1,2,-3.6602888107299805,1.6747379302978516,5.335026741027832,0.8660253286361694,0.08940719068050385,0.0,0.30667537450790405,0.07427068054676056,0.21314892004547176,0,0.0,0.024424284717376135,35,0.2800244987010956,0.9693673253059387,0.3281922044505838,0.8777695716395865,36.79621505737305,0.6307237813884786,0.30577296018600464,0.9471935007385525,0.30577296018600464,0.9471935007385525,0.0,1.0505797121140859e-08,4.081913473896748e-08,1.0,0.2714465856552124,0.417919397354126,30,0.8824994564056396,0.41791942715644836,1.0,0.41791942715644836
GCN,527,2690,6,1,1,-0.2810370922088623,3.930109739303589,4.211146831512451,0.9486831426620483,0.15704141557216644,0.0,0.37516388297080994,0.10578548908233643,0.35392194012883665,1,0.0,0.015352407536636426,22,0.3824125826358795,0.9487895369529724,0.3833325221046212,0.9106351550960118,44.80988693237305,0.8759231905465288,0.3720776438713074,0.98301329394387,0.3720776438713074,0.98301329394387,1.053671194739536e-08,2.9802549761370756e-08,5.995467944330812e-08,1.0,0.3628290891647339,0.5099406838417053,17,0.9589899778366089,0.5099406242370605,1.0,0.5099406242370605
GCN,527,2699,3,1,1,-2.7114577293395996,3.312342643737793,6.023800373077393,0.9486831426620483,0.08612877875566483,0.0,0.3476237952709198,0.060414642095565796,0.2006441834028041,0,0.0,0.025819958129797628,37,0.3439783751964569,0.9812738299369812,0.36329462170346105,0.8980797636632201,41.84932327270508,0.8153618906942393,0.34667855501174927,0.9756277695716395,0.34667855501174927,0.9756277695716395,9.497663988611293e-09,4.7516848233897235e-09,1.757215883912977e-08,1.0,0.3375369906425476,0.47439372539520264,32,0.9253044128417969,0.47439369559288025,1.0,0.47439369559288025
GCN,527,2700,3,1,1,-2.2580437660217285,3.6494505405426025,5.907494306564331,0.9486831426620483,0.08699715882539749,-0.0018295325571671128,0.34768062829971313,0.06290268152952194,0.20386510041682457,0,0.0,0.02372644801116539,34,0.3439875543117523,0.9808917045593262,0.3632334400833982,0.8980797636632201,41.70504379272461,0.8138847858197932,0.34660735726356506,0.9756277695716395,0.34660735726356506,0.9756277695716395,6.969380184074225e-09,1.270261318353505e-08,4.13154666034643e-08,1.0,0.3375369906425476,0.47439372539520264,30,0.9171635508537292,0.47439369559288025,1.0,0.47439369559288025
GCN,527,2702,0,1,2,0.09772133827209473,3.6287412643432617,3.531019926071167,0.8660253286361694,0.05912607163190842,-0.00046151314745657146,0.2591094970703125,0.05385722219944,0.18321333838575218,0,0.0,0.025819958129797628,37,0.23409461975097656,0.9809426069259644,0.2921838800950643,0.8504431314623339,31.117321014404297,0.3275480059084195,0.2588934898376465,0.904357459379616,0.2588934898376465,0.904357459379616,4.928095709288982e-09,5.112011258745497e-09,6.320998124920152e-08,1.0,0.22965440154075623,0.353576123714447,33,0.8175961971282959,0.35357609391212463,1.0,0.35357609391212463
GCN,527,2707,3,0,4,-4.743021488189697,-2.305086135864258,2.4379353523254395,0.7499998807907104,0.03268706426024437,0.0,0.2115725427865982,0.03987845033407211,0.10837438423645321,0,0.0,0.05512909979064899,79,0.164474219083786,0.9882444143295288,0.2582785988064096,0.595642540620384,25.46211051940918,0.07644017725258494,0.21257257461547852,0.8220088626292467,0.21257257461547852,0.8220088626292467,2.644447771871228e-09,1.5808282682883146e-08,6.717839795555847e-08,1.0,0.1625407189130783,0.28896135091781616,74,0.7743598222732544,0.2889613211154938,1.0,0.2889613211154938
GCN,320,1370,6,1,8,-1.5899628400802612,0.7429978847503662,2.3329607248306274,0.6123723983764648,0.021423552185297012,-0.0001446457317797467,0.19232161343097687,0.02943366765975952,0.10837438423645321,0,0.0,0.07815771109560363,112,0.12179069966077805,0.9908021688461304,0.24499262346139927,0.31646971935007384,23.1663818359375,0.03508124076809453,0.19357147812843323,0.6584194977843427,0.19357147812843323,0.6584194977843427,9.09530761816768e-09,1.0499355163062773e-08,8.607053558762345e-08,1.0,0.12067288160324097,0.2627440094947815,108,0.6472269892692566,0.2627439796924591,1.0,0.2627439796924591
GCN,320,1376,0,1,3,2.316561698913574,4.46101713180542,2.1444554328918457,0.8017836213111877,0.0350797064602375,0.0,0.22272099554538727,0.04135102778673172,0.10913224706328155,0,0.0,0.04884856943475227,70,0.18492120504379272,0.989294707775116,0.2654914941188495,0.7101181683899557,26.782052993774414,0.12186115214180207,0.2232971340417862,0.8559822747415067,0.2232971340417862,0.8559822747415067,7.000424240288794e-09,8.741619872409956e-09,7.61238680979659e-08,1.0,0.18294157087802887,0.3042243421077728,65,0.841993510723114,0.3042243421077728,1.0,0.3042243421077728
GCN,320,1378,2,1,3,-3.8067209720611572,1.6316112279891968,5.438332200050354,0.8017836213111877,0.052128568291664124,0.0,0.29675716161727905,0.03477957099676132,0.10837438423645321,0,0.0,0.0418702023726448,60,0.24696004390716553,0.9867284893989563,0.3214323194035498,0.8733382570162481,35.60538101196289,0.5649926144756278,0.2961888611316681,0.939807976366322,0.2961888611316681,0.939807976366322,1.0116752768851711e-08,1.8115960287445887e-08,7.298859827642445e-08,1.0,0.24368251860141754,0.40523403882980347,55,0.6349899172782898,0.40523403882980347,1.0,0.40523403882980347
GCN,320,1392,3,1,3,-1.8674403429031372,2.475078582763672,4.342518925666809,0.8017836213111877,0.035835810005664825,-0.0011514369398355484,0.2395954430103302,0.036246009171009064,0.10837438423645321,0,0.0,0.05024424284717376,72,0.19870473444461823,0.9903294444084167,0.27714458890343663,0.8057607090103397,28.775352478027344,0.2101181683899557,0.23990978300571442,0.8829394387001477,0.23990978300571442,0.8829394387001477,5.015325488244571e-09,1.6320685247706024e-08,6.81728735685283e-08,1.0,0.1968149095773697,0.32729512453079224,69,0.777210533618927,0.32729509472846985,1.0,0.32729509472846985
GCN,320,1393,3,1,1,-1.8799102306365967,3.7411274909973145,5.621037721633911,0.9486831426620483,0.08223089575767517,0.0,0.37350350618362427,0.05043279007077217,0.1612353164077302,0,0.0,0.030006978367062107,43,0.36830222606658936,0.9851397275924683,0.3858938763940973,0.9154357459379616,44.80952072143555,0.8759231905465288,0.372132271528244,0.98301329394387,0.372132271528244,0.98301329394387,7.902533738501916e-09,1.6192613472298945e-08,7.806044521885269e-08,1.0,0.3628291189670563,0.5099407434463501,38,0.8692684769630432,0.5099407434463501,1.0,0.5099407434463501
GCN,320,1400,3,1,2,-5.860456943511963,0.45209312438964844,6.312550067901611,0.8660253286361694,0.058645207434892654,-0.0003919585142284632,0.30606257915496826,0.045570798218250275,0.12182644941265632,0,0.0,0.03628750872295883,52,0.2751525938510895,0.9864668250083923,0.32846051047501773,0.8777695716395865,36.69017791748047,0.6244460856720827,0.30530205368995667,0.9464549483013294,0.30530205368995667,0.9464549483013294,5.26835597369768e-09,4.574396417211801e-09,1.7046001943299416e-08,1.0,0.2714465856552124,0.417919397354126,48,0.8238628506660461,0.417919397354126,1.0,0.417919397354126
GCN,320,1416,0,1,18,3.813361167907715,5.405269622802734,1.5919084548950195,0.4522669315338135,0.013079440221190453,-0.0010089233983308077,0.22634726762771606,0.013396130874752998,0.10837438423645321,0,0.0,0.14863921842288905,213,0.10541397333145142,0.9954343438148499,0.26805851269827446,0.7367060561299852,27.201608657836914,0.14069423929098965,0.226933553814888,0.8629985228951256,0.226933553814888,0.8629985228951256,1.4236979595239063e-08,1.199784716021668e-08,1.1479235695333045e-07,1.0,0.10494285076856613,0.30938321352005005,211,0.41939210891723633,0.30938321352005005,1.0,0.30938321352005005
GCN,320,1422,4,1,1,-4.149216651916504,1.1311326026916504,5.280349254608154,0.9486831426620483,0.0850110873579979,0.0,0.3321439027786255,0.06293544173240662,0.20386510041682457,0,0.0,0.025819958129797628,37,0.3290244936943054,0.9800483584403992,0.3496310371209115,0.888109305760709,39.873207092285156,0.7562776957163959,0.3310074806213379,0.9667651403249631,0.3310074806213379,0.9667651403249631,7.450580596923828e-09,2.9803231882397085e-08,5.960464477539063e-08,1.0,0.3224599063396454,0.4532035291194916,32,0.933097779750824,0.45320355892181396,1.0000001192092896,0.4532034993171692
GCN,320,1423,3,1,2,-0.03665757179260254,3.247230052947998,3.2838876247406006,0.8660253286361694,0.046310484409332275,0.0,0.2313232570886612,0.052581749856472015,0.1733611216369837,0,0.0,0.03628750872295883,52,0.2082064300775528,0.9852526783943176,0.27169200449707065,0.7695716395864106,27.853904724121094,0.17134416543574593,0.2317579686641693,0.870384047267356,0.2317579686641693,0.870384047267356,3.725290298461914e-09,1.5771268735420563e-08,6.423425702450913e-08,1.0,0.20513594150543213,0.31582748889923096,47,0.9098411202430725,0.31582748889923096,1.0,0.31582748889923096
GCN,320,1425,4,1,2,-3.0024542808532715,0.41805171966552734,3.420506000518799,0.8660253286361694,0.04911937192082405,-0.0007117718923836946,0.2376030832529068,0.05150902643799782,0.17032967032967034,0,0.0,0.03210048848569435,46,0.21400785446166992,0.9842891097068787,0.2761549657153131,0.8002215657311669,28.549785614013672,0.20125553914327918,0.23771151900291443,0.8785081240768094,0.23771151900291443,0.8785081240768094,7.213993846733047e-09,1.6630364640946027e-08,1.230958730502607e-07,1.0,0.21067248284816742,0.32435154914855957,42,0.8631240129470825,0.3243514895439148,1.0,0.3243514895439148
GCN,320,1429,4,1,3,-2.9225826263427734,0.11247515678405762,3.035057783126831,0.8017836213111877,0.04172129929065704,0.0,0.23849834501743317,0.037468887865543365,0.10837438423645321,0,0.0,0.040474528960223306,58,0.19845806062221527,0.9868364334106445,0.27710286277171886,0.8057607090103397,28.643346786499023,0.20273264401772526,0.23874250054359436,0.8799852289512555,0.23874250054359436,0.8799852289512555,9.678587709061048e-09,5.134496383618625e-09,6.537526076044742e-08,1.0,0.19584564864635468,0.3256832957267761,53,0.6869348883628845,0.3256832957267761,1.0,0.3256832957267761
GCN,320,1434,3,1,2,-4.257199764251709,0.2628854513168335,4.5200852155685425,0.8660253286361694,0.0720544308423996,0.0,0.24162621796131134,0.08129023760557175,0.22167487684729065,0,0.0,0.02512212142358688,36,0.22090184688568115,0.9680069088935852,0.2798731001601622,0.8197932053175776,29.042001724243164,0.22156573116691286,0.24172453582286835,0.8847858197932054,0.24172453582286835,0.8847858197932054,9.125060707049215e-09,1.7792892492707324e-08,7.644224098157792e-08,1.0,0.21383453905582428,0.32921984791755676,31,0.9443051218986511,0.3292198181152344,1.0,0.3292198181152344
GCN,320,1436,5,1,1,-3.7753212451934814,2.2105555534362793,5.985876798629761,0.9486831426620483,0.08288966119289398,0.0,0.32155629992485046,0.05580155551433563,0.19268662372110648,0,0.0,0.022330774598743892,32,0.3186165988445282,0.9797692894935608,0.3410913979680343,0.8873707533234859,38.519500732421875,0.7097488921713442,0.32046744227409363,0.9586410635155096,0.32046744227409363,0.9586410635155096,7.450580596923828e-09,6.02785235059855e-08,1.229945354452866e-07,1.0,0.31217074394226074,0.43874257802963257,27,0.8214555978775024,0.43874257802963257,1.0,0.43874257802963257
GCN,320,1437,4,1,1,-1.3413026332855225,3.412799835205078,4.754102468490601,0.9486831426620483,0.07450384646654129,0.0,0.3319685757160187,0.055374324321746826,0.1896551724137931,0,0.0,0.030006978367062107,43,0.3275136947631836,0.9845691323280334,0.349732350719405,0.888109305760709,39.86307907104492,0.7555391432791728,0.33083459734916687,0.9667651403249631,0.33083459734916687,0.9667651403249631,7.679882507716229e-09,3.105671808611987e-08,6.535370289384446e-08,1.0,0.3224598467350006,0.4532034695148468,38,0.9362846612930298,0.4532034397125244,1.0,0.4532034397125244
GCN,320,1441,5,0,23,-3.094757556915283,-1.142249345779419,1.9525082111358643,0.40824824571609497,0.016554517671465874,-0.00035007315455004573,0.27933377027511597,0.012619787827134132,0.10837438423645321,0,0.0,0.14724354501046755,211,0.1175764724612236,0.994117021560669,0.3076872367423832,0.8641063515509602,33.499053955078125,0.45679468242245197,0.2790776491165161,0.9231905465288035,0.2790776491165161,0.9231905465288035,2.8557606057688645e-08,2.8532721074725487e-08,2.453442391470162e-07,1.0,0.11688922345638275,0.3817586302757263,207,0.34773093461990356,0.38175857067108154,1.0,0.38175857067108154
GCN,320,1442,3,1,2,-2.92478346824646,2.7984025478363037,5.723186016082764,0.8660253286361694,0.056303102523088455,0.0,0.3245210349559784,0.03745819628238678,0.10837438423645321,0,0.0,0.03838101884159107,55,0.29114288091659546,0.9888724088668823,0.34427068030295765,0.8877400295420975,38.91565704345703,0.7234121122599705,0.3234799802303314,0.9612259970457903,0.3234799802303314,0.9612259970457903,9.125060707049215e-09,7.0361481085967625e-09,6.488083670319611e-08,1.0,0.28790315985679626,0.4432559609413147,50,0.7479075789451599,0.4432559311389923,1.0,0.4432559311389923
GCN,320,1444,2,0,4,-2.650757312774658,-0.9932917952537537,1.6574655175209045,0.7499998807907104,0.03330957144498825,-0.0004692487418651581,0.19579026103019714,0.03411320224404335,0.10837438423645321,0,0.0,0.052337752965806,75,0.15252526104450226,0.9857870936393738,0.24797912483409404,0.3733382570162482,23.585847854614258,0.03914327917282127,0.1969500035047531,0.7005169867060561,0.1969500035047531,0.7005169867060561,2.7548894276918645e-09,5.222657861736479e-09,3.196358733248417e-08,1.0,0.15036945044994354,0.2673235237598419,72,0.6015417575836182,0.26732349395751953,1.0,0.26732349395751953
GCN,320,1448,1,1,5,-2.153380870819092,1.0609047412872314,3.2142856121063232,0.7071066498756409,0.02160467952489853,-0.0008186937193386257,0.16303156316280365,0.03975696861743927,0.10837438423645321,0,0.0,0.06629448709002093,95,0.11925861984491348,0.9902418255805969,0.22793939270695998,0.1310930576070901,19.73208999633789,0.0051698670605613,0.16527767479419708,0.155096011816839,0.16527767479419708,0.155096011816839,6.2475016271434924e-09,6.463147794733004e-09,5.2938130323809673e-08,1.0,0.11810848861932755,0.22270753979682922,91,0.8205729126930237,0.22270753979682922,1.0,0.22270753979682922
GCN,320,1450,3,1,3,-3.7539761066436768,0.6895084381103516,4.443484544754028,0.8017836213111877,0.04063565284013748,0.0,0.2676871716976166,0.036529723554849625,0.10837438423645321,0,0.0,0.05024424284717376,72,0.22210615873336792,0.9900462627410889,0.29861499940326874,0.8574593796159528,32.135581970214844,0.3892171344165436,0.2674880623817444,0.912850812407681,0.2674880623817444,0.912850812407681,5.587935447692871e-09,5.318282259025864e-09,2.5150020732667144e-08,1.0,0.2198953777551651,0.36567699909210205,67,0.7717628479003906,0.36567696928977966,1.0,0.36567696928977966
GCN,320,1452,4,0,3,-3.1412203311920166,-0.9669392108917236,2.174281120300293,0.8017836213111877,0.039163362234830856,0.0,0.20426855981349945,0.05236315354704857,0.1733611216369837,0,0.0,0.0418702023726448,60,0.17037200927734375,0.9842410087585449,0.25312045352290674,0.4778434268833087,24.588228225708008,0.058714918759231904,0.2052142173051834,0.7721565731166913,0.2052142173051834,0.7721565731166913,5.529421365224607e-09,1.542678695898303e-08,6.372077621108474e-08,1.0,0.16768711805343628,0.2788568139076233,55,0.8759201765060425,0.2788568139076233,1.0,0.2788568139076233
GCN,320,1457,3,1,3,-4.282950401306152,1.7049273252487183,5.987877726554871,0.8017836213111877,0.044011928141117096,-0.0004613852361217141,0.319662481546402,0.027460526674985886,0.10837438423645321,0,0.0,0.052337752965806,75,0.26479607820510864,0.9917921423912048,0.34026013002023964,0.8870014771048744,38.323936462402344,0.7005169867060561,0.3188307285308838,0.9571639586410635,0.3188307285308838,0.9571639586410635,7.847463123766829e-09,7.619647135470586e-09,2.9802322387695312e-08,1.0,0.26263830065727234,0.4367567300796509,71,0.6396572589874268,0.4367567002773285,1.0,0.4367567002773285
GCN,320,1476,6,1,2,-2.256364107131958,2.3738861083984375,4.6302502155303955,0.8660253286361694,0.0553131178021431,-0.0019927402026951313,0.3060360252857208,0.038459938019514084,0.10837438423645321,0,0.0,0.03558967201674808,51,0.2746776044368744,0.9879283308982849,0.32815942129606746,0.8777695716395865,36.693206787109375,0.6248153618906942,0.30528929829597473,0.9464549483013294,0.30528929829597473,0.9464549483013294,4.5625303535246076e-09,3.958549044114079e-09,1.1415826506322446e-08,1.0,0.2714465856552124,0.417919397354126,48,0.7371292114257812,0.417919397354126,1.0,0.417919397354126
GCN,320,1486,2,1,3,-3.440870761871338,0.5823150277137756,4.0231857895851135,0.8017836213111877,0.03606593608856201,-0.06325185298919678,0.21675944328308105,0.045570626854896545,0.12182644941265632,0,0.0,0.04884856943475227,70,0.17784957587718964,0.9878063201904297,0.2614322346634278,0.6480797636632201,26.107030868530273,0.09785819793205318,0.2176028937101364,0.8408419497784343,0.2176028937101364,0.8408419497784343,1.862645149230957e-09,1.568434626619819e-08,6.469340974035731e-08,1.0,0.17743583023548126,0.29506850242614746,67,0.8783811330795288,0.29506850242614746,1.0,0.29506850242614746
GCN,320,1487,6,1,4,-0.8366348743438721,1.7274565696716309,2.564091444015503,0.7499998807907104,0.027274535968899727,-0.000595325545873493,0.22081813216209412,0.03213720768690109,0.10837438423645321,0,0.0,0.0628053035589672,90,0.17100046575069427,0.9924439787864685,0.26449760840475883,0.6905465288035451,26.548505783081055,0.11521418020679468,0.22157472372055054,0.8515509601181684,0.22157472372055054,0.8515509601181684,3.357931266378955e-09,1.534531079983026e-08,6.359303483804979e-08,1.0,0.169720858335495,0.3017260432243347,86,0.7542918920516968,0.30172601342201233,1.0,0.30172601342201233
GCN,320,1493,4,1,1,-1.1151072978973389,3.0428175926208496,4.1579248905181885,0.9486831426620483,0.07283671945333481,0.0,0.28047069907188416,0.0672539621591568,0.20765441455096628,0,0.0,0.028611304954640614,41,0.2779804766178131,0.9794750809669495,0.3080622647277404,0.8652141802067946,33.65645980834961,0.46639586410635153,0.28003066778182983,0.9246676514032496,0.28003066778182983,0.9246676514032496,7.213993846733047e-09,4.498213357351233e-09,1.799285342940493e-08,1.0,0.2722749412059784,0.38267073035240173,36,0.9827343821525574,0.38267073035240173,1.0,0.38267073035240173
GCN,320,1499,2,0,4,-3.266998767852783,-0.5206354856491089,2.7463632822036743,0.7499998807907104,0.032199643552303314,0.0,0.18113964796066284,0.043852798640728,0.1138688897309587,0,0.0,0.051639916259595256,74,0.14128898084163666,0.9845120906829834,0.23770196258094198,0.21307237813884786,21.850448608398438,0.02031019202363368,0.18267574906349182,0.4793205317577548,0.18267574906349182,0.4793205317577548,8.859810662897871e-09,1.8717722483074795e-08,1.440093342353066e-07,1.0,0.13910070061683655,0.24729019403457642,69,0.7400838732719421,0.24729017913341522,1.0,0.24729017913341522
GCN,320,1501,6,1,7,-1.0641565322875977,1.5776581764221191,2.641814708709717,0.6396021246910095,0.02195109613239765,-0.00022954258020035923,0.22519907355308533,0.019517727196216583,0.10837438423645321,0,0.0,0.07885554780181438,113,0.1485891044139862,0.9935214519500732,0.2674743423233839,0.731536189069424,27.0739688873291,0.13552437223042835,0.22590771317481995,0.8615214180206795,0.22590771317481995,0.8615214180206795,1.1817158807048145e-08,1.1492367946175364e-08,7.766917775597904e-08,1.0,0.14763034880161285,0.3077545464038849,109,0.5122825503349304,0.3077545166015625,1.0,0.3077545166015625
GCN,320,1506,2,1,2,-2.147275447845459,1.8547786474227905,4.0020540952682495,0.8660253286361694,0.05089077726006508,0.0,0.2407170683145523,0.05573076754808426,0.19268662372110648,0,0.0,0.034193998604326585,49,0.21698597073554993,0.9835895895957947,0.27731958472053253,0.8057607090103397,28.893760681152344,0.21565731166912852,0.24088583886623383,0.8836779911373708,0.24088583886623383,0.8836779911373708,7.362751297534942e-09,1.544434802269734e-08,6.155365639415322e-08,1.0,0.21342512965202332,0.328589528799057,44,0.9131736755371094,0.3285894989967346,1.0,0.3285894989967346
GCN,320,1507,0,1,6,-1.2288509607315063,0.9507048726081848,2.179555833339691,0.6708203554153442,0.028268294408917427,0.0,0.20975223183631897,0.03159470483660698,0.10837438423645321,0,0.0,0.056524773203070484,81,0.1457705795764923,0.988810122013092,0.25721059241281996,0.5705317577548006,25.2315616607666,0.07163958641063516,0.2106783390045166,0.8131462333825702,0.2106783390045166,0.8131462333825702,9.5545704681399e-09,1.9949714769040838e-08,1.0945615969149003e-07,1.0,0.14413942396640778,0.28649380803108215,76,0.6290534138679504,0.28649380803108215,1.0,0.28649380803108215
GCN,320,1523,0,1,2,0.39617919921875,4.620612144470215,4.224432945251465,0.8660253286361694,0.05808721482753754,-0.08949168026447296,0.30193257331848145,0.04814467579126358,0.14153088291019325,0,0.0,0.03768318213538032,54,0.266204297542572,0.9859253764152527,0.32200431633360527,0.8733382570162481,36.209957122802734,0.6000738552437223,0.3011668026447296,0.9420236336779911,0.3011668026447296,0.9420236336779911,1.0159530106079728e-08,3.254281821796212e-08,7.643514976507504e-08,1.0,0.2664565145969391,0.4102367162704468,50,0.8668985366821289,0.4102367162704468,1.0,0.4102367162704468
GCN,320,1541,3,1,1,-4.6147027015686035,3.7053537368774414,8.320056438446045,0.9486831426620483,0.09069238603115082,0.0,0.3736395239830017,0.05680093169212341,0.19325502084122773,0,0.0,0.025819958129797628,37,0.3694758117198944,0.9820103049278259,0.3834082191684732,0.9106351550960118,44.820491790771484,0.8759231905465288,0.3715169429779053,0.98301329394387,0.3715169429779053,0.98301329394387,6.969380184074225e-09,3.042540797082438e-08,6.26708143158794e-08,1.0,0.3628290891647339,0.5099406838417053,32,0.8880113363265991,0.5099406242370605,1.0,0.5099406242370605
GCN,320,1546,2,0,5,-5.3253631591796875,-2.6530373096466064,2.672325849533081,0.7071066498756409,0.025761853903532028,-0.06594783812761307,0.17848734557628632,0.03571829944849014,0.10837438423645321,0,0.0,0.05303558967201675,76,0.12906594574451447,0.9881930947303772,0.2366453516511078,0.19719350073855244,21.535507202148438,0.01809453471196455,0.180108442902565,0.43057607090103395,0.180108442902565,0.43057607090103395,7.577733995844937e-09,9.525948918565064e-09,7.462040230166167e-08,1.0,0.12884901463985443,0.24296008050441742,72,0.6999483108520508,0.2429600954055786,1.0,0.2429600954055786
GCN,320,1554,3,0,4,-6.943039417266846,-3.39469051361084,3.548348903656006,0.7499998807907104,0.057508327066898346,0.0,0.27055513858795166,0.05334868282079697,0.18226600985221675,0,0.0,0.03210048848569435,46,0.21226847171783447,0.9780408143997192,0.3011683660518015,0.8604135893648449,32.482826232910156,0.4076809453471196,0.2701962888240814,0.9158050221565731,0.2701962888240814,0.9158050221565731,8.119082295365843e-09,1.0313931042560398e-08,8.04813069521515e-08,1.0,0.207607239484787,0.3690796196460724,41,0.7529566287994385,0.36907958984375,1.0,0.36907958984375
GCN,320,1561,1,1,2,-1.5991811752319336,2.902578592300415,4.501759767532349,0.8660253286361694,0.04245861992239952,0.0,0.21044495701789856,0.05464693531394005,0.18927624100037893,0,0.0,0.03698534542916958,53,0.1894531100988388,0.985026478767395,0.25576748544688793,0.5398818316100443,25.35221290588379,0.07459379615952733,0.21131044626235962,0.8153618906942393,0.21131044626235962,0.8153618906942393,7.450580596923828e-09,1.518684555890104e-08,6.265869956223469e-08,1.0,0.18661633133888245,0.28731468319892883,48,0.9382726550102234,0.28731468319892883,1.0,0.28731468319892883
GCN,320,1565,2,1,2,-3.9040791988372803,0.5685224533081055,4.472601652145386,0.8660253286361694,0.12177783250808716,0.0,0.20521759986877441,0.16577862203121185,0.563849943160288,1,0.0,0.020237264480111653,29,0.2025602012872696,0.8866291642189026,0.25087051526058735,0.4423929098966027,24.450632095336914,0.05502215657311669,0.20378604531288147,0.7632939438700148,0.20378604531288147,0.7632939438700148,3.725290298461914e-09,7.681977720608302e-09,5.162753780041385e-08,1.0,0.17959578335285187,0.27650582790374756,24,0.9677550196647644,0.27650582790374756,1.0,0.27650582790374756
GCN,320,1567,3,0,4,-5.381969451904297,-2.7255444526672363,2.6564249992370605,0.7499998807907104,0.048893678933382034,0.0,0.23198021948337555,0.05722377076745033,0.19458128078817735,0,0.0,0.03349616189811584,48,0.18194495141506195,0.9783991575241089,0.27254328970072766,0.7788035450516987,27.88252067565918,0.17208271787296897,0.23236039280891418,0.8722304283604135,0.23236039280891418,0.8722304283604135,1.0202128031266966e-08,1.1832201884942606e-08,6.58873702263918e-08,1.0,0.17801478505134583,0.31647080183029175,43,0.8145090341567993,0.31647077202796936,1.0,0.31647077202796936
GCN,320,1568,2,0,4,-2.864438533782959,-0.173248291015625,2.691190242767334,0.7499998807907104,0.026322316378355026,-0.0003338335664011538,0.1693403422832489,0.04483628645539284,0.11860553239863585,0,0.0,0.05722260990928123,82,0.13165123760700226,0.9881007671356201,0.23141715123877127,0.14734121122599705,20.465749740600586,0.00812407680945347,0.17126117646694183,0.258493353028065,0.17126117646694183,0.258493353028065,4.032745248849778e-09,1.5173007739122113e-08,1.212500109204484e-07,1.0,0.13009144365787506,0.23127372562885284,78,0.8653408288955688,0.23127372562885284,1.0,0.23127372562885284
GCN,320,1583,0,1,10,-0.9307137727737427,1.186582088470459,2.1172958612442017,0.5669466257095337,0.015888851135969162,-0.00022900456679053605,0.17726927995681763,0.023317741230130196,0.10837438423645321,0,0.0,0.08932309839497557,128,0.10372307151556015,0.9930325150489807,0.2369800513464096,0.2034711964549483,21.40812873840332,0.016617429837518464,0.17907561361789703,0.4102658788774003,0.17907561361789703,0.4102658788774003,6.342231628764239e-09,1.1596881677178317e-08,1.0439826070296476e-07,1.0,0.10300317406654358,0.24224072694778442,124,0.5899695158004761,0.24224071204662323,1.0,0.24224071204662323
GCN,320,1589,2,1,3,-4.0357208251953125,0.729999840259552,4.7657206654548645,0.8017836213111877,0.03290301933884621,-0.0003226068802177906,0.24270011484622955,0.031701426953077316,0.10837438423645321,0,0.0,0.05792044661549198,83,0.20100386440753937,0.9920398592948914,0.2799437973547388,0.8197932053175776,29.169645309448242,0.22673559822747416,0.2430289089679718,0.8866322008862629,0.2430289089679718,0.8866322008862629,5.963374238859842e-09,1.560890794394254e-08,6.355722348416748e-08,1.0,0.199412003159523,0.3316139876842499,79,0.7499464154243469,0.3316139876842499,1.0,0.3316139876842499
GCN,320,1591,3,1,1,-5.427639484405518,2.8732340335845947,8.300873517990112,0.9486831426620483,0.07737024128437042,-0.0012462912127375603,0.3475061058998108,0.054451730102300644,0.1883289124668435,0,0.0,0.02930914166085136,42,0.34267130494117737,0.9848003387451172,0.36296564154211447,0.8980797636632201,41.64900588989258,0.8138847858197932,0.3462936282157898,0.9756277695716395,0.3462936282157898,0.9756277695716395,0.0,8.789935002084803e-09,2.4644878138246895e-08,1.0,0.33753702044487,0.4743937849998474,38,0.9112474918365479,0.47439372539520264,0.9999999403953552,0.474393755197525
GCN,320,1597,3,1,2,-2.7882158756256104,2.243414878845215,5.031630754470825,0.8660253286361694,0.07410874962806702,-0.0010894184233620763,0.30635857582092285,0.041457898914813995,0.10913224706328155,0,0.0,0.027913468248429867,40,0.2773078680038452,0.9786396622657776,0.3293795331429475,0.8788774002954209,36.68962860107422,0.6244460856720827,0.3055703639984131,0.9471935007385525,0.3055703639984131,0.9471935007385525,3.8399412538581146e-09,3.049059316140301e-08,6.493596060863638e-08,1.0,0.2714466154575348,0.41791945695877075,36,0.5605037212371826,0.41791942715644836,1.0,0.41791942715644836
GCN,320,1600,3,1,1,-3.759995460510254,4.0256242752075195,7.785619735717773,0.9486831426620483,0.08537032455205917,0.0,0.37355250120162964,0.05391151085495949,0.18321333838575218,0,0.0,0.02930914166085136,42,0.3687247037887573,0.9840108752250671,0.38502158931169933,0.9132200886262924,44.79343795776367,0.8755539143279173,0.3721856474876404,0.98301329394387,0.3721856474876404,0.98301329394387,1.1019557710767458e-08,7.126101486676362e-09,6.212172820596606e-08,1.0,0.3628291189670563,0.5099407434463501,37,0.8951737880706787,0.5099406838417053,1.0,0.5099406838417053
GCN,320,1602,0,1,10,3.7513933181762695,5.442908763885498,1.6915154457092285,0.5669466257095337,0.01875675655901432,-0.0003110597317572683,0.20407074689865112,0.02301509864628315,0.10837438423645321,0,0.0,0.09979064898813678,143,0.11944136768579483,0.9926762580871582,0.2526946135290282,0.4771048744460857,24.557714462280273,0.057976366322008865,0.20508486032485962,0.7703101920236337,0.20508486032485962,0.7703101920236337,8.500710357850494e-09,1.3367151829868362e-08,1.1538091371221526e-07,1.0,0.11857110261917114,0.27885305881500244,140,0.5424399971961975,0.27885302901268005,1.0,0.27885302901268005
GCN,320,1605,3,1,3,-3.5928170680999756,0.5542469024658203,4.147063970565796,0.8017836213111877,0.034807637333869934,0.0,0.23211050033569336,0.03711290657520294,0.10837438423645321,0,0.0,0.055826936496859735,80,0.1925465315580368,0.990283191204071,0.27189106290874177,0.7703101920236337,27.889339447021484,0.17208271787296897,0.232411190867424,0.8722304283604135,0.232411190867424,0.8722304283604135,6.683496867054828e-09,4.292395772154123e-09,6.282114384248416e-08,1.0,0.19067558646202087,0.3170856833457947,75,0.7937110662460327,0.3170856535434723,1.0,0.3170856535434723
GCN,320,1611,3,0,2,-3.5171289443969727,-0.31924939155578613,3.1978795528411865,0.8660253286361694,0.08774266391992569,0.0,0.25630810856819153,0.08635631203651428,0.23133762788935203,0,0.0,0.01465457083042568,21,0.23639944195747375,0.9583713412284851,0.2896912026811687,0.8441654357459379,30.757917404174805,0.30834564254062036,0.25583377480506897,0.9002954209748892,0.25583377480506897,0.9002954209748892,1.2355390488494322e-08,2.2415392209040874e-08,9.035508696797478e-08,1.0,0.22655843198299408,0.3488095700740814,16,0.8738486766815186,0.3488095700740814,1.0,0.3488095700740814
GCN,320,1628,0,1,17,4.108537673950195,5.017119407653809,0.9085817337036133,0.462909996509552,0.013872208073735237,-0.01157333143055439,0.20233504474163055,0.015784261748194695,0.10837438423645321,0,0.0,0.13189113747383113,189,0.09643129259347916,0.9938586354255676,0.25165746033852465,0.45420974889217136,24.357149124145508,0.051698670605613,0.203435480594635,0.7592319054652881,0.203435480594635,0.7592319054652881,1.1805684430044039e-08,1.4616603927208871e-08,1.4337608433834248e-07,1.0,0.09596258401870728,0.27640384435653687,187,0.42629116773605347,0.27640384435653687,1.0,0.27640384435653687
GCN,320,1629,2,1,3,-3.203861713409424,1.2283616065979004,4.432223320007324,0.8017836213111877,0.040660664439201355,-0.0007715807296335697,0.26336565613746643,0.03607141226530075,0.10837438423645321,0,0.0,0.045359385903698535,65,0.2185547798871994,0.9897055625915527,0.2945934133927338,0.8530280649926145,31.604562759399414,0.3567208271787297,0.26318395137786865,0.9084194977843427,0.26318395137786865,0.9084194977843427,6.71586253275791e-09,1.56698654052434e-08,6.409570119103591e-08,1.0,0.21632902324199677,0.3597463071346283,62,0.7314921617507935,0.3597462475299835,0.9999999403953552,0.3597462773323059
GCN,320,1632,2,0,3,-4.195434093475342,-0.6221004128456116,3.5733336806297302,0.8017836213111877,0.0515323206782341,0.0,0.22225908935070038,0.06663265824317932,0.2074649488442592,0,0.0,0.03628750872295883,52,0.18656475841999054,0.9771642684936523,0.2646322491751618,0.6971935007385525,26.784015655517578,0.12186115214180207,0.22270257771015167,0.8548744460856721,0.22270257771015167,0.8548744460856721,5.7410578513383825e-09,1.601779153759253e-08,6.727959345198542e-08,1.0,0.18230442702770233,0.3031647801399231,47,0.9216883182525635,0.3031647801399231,1.0,0.3031647801399231
GCN,320,1637,0,1,2,-1.440674066543579,2.1484267711639404,3.5891008377075195,0.8660253286361694,0.07311322540044785,0.0,0.22256948053836823,0.08557026088237762,0.23076923076923078,0,0.0,0.02372644801116539,34,0.20469149947166443,0.9615088105201721,0.26467232402815444,0.7005169867060561,26.728612899780273,0.12001477104874446,0.22276008129119873,0.8548744460856721,0.22276008129119873,0.8548744460856721,0.0,5.021064453103463e-09,6.477380054548121e-08,1.0,0.1968126744031906,0.3030129671096802,29,0.9023668766021729,0.3030129671096802,1.0,0.3030129671096802
GCN,320,1644,0,1,2,0.4028831720352173,3.8531546592712402,3.450271487236023,0.8660253286361694,0.042852409183979034,0.0,0.19471700489521027,0.060759179294109344,0.20121258052292534,0,0.0,0.03279832519190509,47,0.1757330596446991,0.9822480082511902,0.24677609653557767,0.3511816838995569,23.467201232910156,0.03840472673559823,0.19591520726680756,0.6879615952732644,0.19591520726680756,0.6879615952732644,6.6672551923829815e-09,1.5382909168693004e-08,6.404832220141543e-08,1.0,0.1726134568452835,0.265755832195282,42,0.9563813805580139,0.265755832195282,1.0,0.265755832195282
GCN,320,1645,3,1,4,-1.3517539501190186,0.9240502119064331,2.2758041620254517,0.7499998807907104,0.03293371945619583,0.0,0.22667859494686127,0.03689790144562721,0.10837438423645321,0,0.0,0.050942079553384506,73,0.17600567638874054,0.989585816860199,0.26885158426482403,0.7440915805022157,27.244327545166016,0.1429098966026588,0.22722645103931427,0.8637370753323486,0.22722645103931427,0.8637370753323486,5.665014235489707e-09,7.134179469403534e-09,4.040802537019772e-08,1.0,0.17417272925376892,0.30964046716690063,68,0.7618906497955322,0.30964046716690063,1.0,0.30964046716690063
GCN,320,1653,4,0,5,-4.182563304901123,-1.7256460189819336,2.4569172859191895,0.7071066498756409,0.027107518166303635,-0.0005282131023705006,0.21705351769924164,0.033741146326065063,0.10837438423645321,0,0.0,0.06489881367759945,93,0.1586320698261261,0.9913220405578613,0.2620464522308475,0.6621122599704579,26.114715576171875,0.0982274741506647,0.217876136302948,0.8419497784342689,0.217876136302948,0.8419497784342689,5.6266067360866145e-09,5.41769207274001e-09,3.385905245067988e-08,1.0,0.1572664976119995,0.29654461145401,89,0.7374334335327148,0.29654461145401,1.0,0.29654461145401
GCN,320,1661,5,1,4,-0.4697476625442505,2.258525848388672,2.7282735109329224,0.7499998807907104,0.024772167205810547,-0.0009103647316806018,0.16424186527729034,0.042254433035850525,0.10989010989010989,0,0.0,0.04745289602233078,68,0.1275947391986847,0.9887840747833252,0.22866931865633006,0.1329394387001477,19.872034072875977,0.005539143279172821,0.16641922295093536,0.17319054652880356,0.16641922295093536,0.17319054652880356,0.0,8.038139043264891e-09,6.433376853465234e-08,1.0,0.1261809915304184,0.22432181239128113,64,0.8151115775108337,0.22432181239128113,1.0,0.22432181239128113
GCN,320,1668,2,1,2,-1.6201578378677368,3.7480599880218506,5.368217825889587,0.8660253286361694,0.052428293973207474,-0.0004664873122237623,0.2896761894226074,0.04256094992160797,0.10989010989010989,0,0.0,0.039078855547801813,56,0.2600827217102051,0.9879030585289001,0.31427656868107756,0.8685376661742984,34.717891693115234,0.5210487444608567,0.28904247283935547,0.9350073855243722,0.28904247283935547,0.9350073855243722,4.5625303535246076e-09,5.255478274790448e-09,6.320311740637408e-08,1.0,0.2569553256034851,0.39560866355895996,52,0.814608633518219,0.39560866355895996,1.0,0.39560866355895996
GCN,320,1675,6,1,4,-1.0175907611846924,2.173703670501709,3.1912944316864014,0.7499998807907104,0.028180701658129692,0.0,0.18724778294563293,0.03943974897265434,0.10837438423645321,0,0.0,0.044661549197487785,64,0.14548718929290771,0.9888362288475037,0.2422305422651126,0.2692023633677991,22.58723258972168,0.027695716395864108,0.1888255774974823,0.5849335302806499,0.1888255774974823,0.5849335302806499,6.650973549682249e-09,1.5885254001091198e-08,1.2495523549205245e-07,1.0,0.1438629925251007,0.2557564973831177,59,0.7861766815185547,0.2557564973831177,1.0,0.2557564973831177
GCN,320,1679,3,1,3,-4.6564130783081055,0.4405270218849182,5.096940100193024,0.8017836213111877,0.04936723783612251,-0.00039515725802630186,0.27205872535705566,0.03915656358003616,0.10837438423645321,0,0.0,0.034891835310537335,50,0.22656431794166565,0.985851526260376,0.30245166006126145,0.8607828655834564,32.695281982421875,0.41654357459379615,0.2719586491584778,0.9165435745937962,0.2719586491584778,0.9165435745937962,1.0412502859935557e-08,1.7796320861407366e-08,7.476873520317895e-08,1.0,0.22337381541728973,0.37146151065826416,46,0.6920629739761353,0.3714614808559418,1.0,0.3714614808559418
GCN,320,1684,3,1,2,-5.088491439819336,0.8776507377624512,5.966142177581787,0.8660253286361694,0.07073012739419937,0.0,0.3137349784374237,0.0544777512550354,0.1883289124668435,0,0.0,0.027913468248429867,40,0.28336602449417114,0.9813919067382812,0.33509752697227047,0.8829394387001477,37.62458801269531,0.6650664697193501,0.31282880902290344,0.9519940915805022,0.31282880902290344,0.9519940915805022,6.8437953082423064e-09,3.05141405476661e-08,6.473194247291758e-08,1.0,0.2780930995941162,0.4281523823738098,35,0.8370825052261353,0.4281524419784546,1.0,0.4281524419784546
GCN,320,1688,4,1,3,-2.105618953704834,1.2171967029571533,3.3228156566619873,0.8017836213111877,0.042996279895305634,0.0,0.26113638281822205,0.042811207473278046,0.1110269041303524,0,0.0,0.04815073272854152,69,0.2170071303844452,0.9883160591125488,0.2935002147618536,0.8511816838995568,31.382556915283203,0.3434268833087149,0.26101216673851013,0.9069423929098966,0.26101216673851013,0.9069423929098966,7.392143785978078e-09,1.6210179865083774e-08,6.770049054694027e-08,1.0,0.21447165310382843,0.35665756464004517,64,0.8338945508003235,0.3566575050354004,1.0,0.3566575050354004
GCN,320,1695,0,1,3,1.7778140306472778,5.157660007476807,3.379845976829529,0.8017836213111877,0.03938470408320427,0.0,0.23238077759742737,0.04282008856534958,0.1110269041303524,0,0.0,0.0418702023726448,60,0.19322964549064636,0.98763108253479,0.27248310012646015,0.7788035450516987,27.926401138305664,0.17319054652880356,0.2328334003686905,0.8729689807976366,0.2328334003686905,0.8729689807976366,6.177695244247161e-09,6.240176375627016e-09,3.399646431034853e-08,1.0,0.19083960354328156,0.31735843420028687,55,0.8102842569351196,0.31735843420028687,1.0,0.31735843420028687
GCN,320,1705,1,1,7,-1.6843416690826416,2.1020095348358154,3.786351203918457,0.6396021246910095,0.022932209074497223,0.0,0.22149328887462616,0.026231056079268456,0.10837438423645321,0,0.0,0.08443824145150035,121,0.14625658094882965,0.9926989674568176,0.2645165653287533,0.6905465288035451,26.625764846801758,0.11816838995568685,0.22213295102119446,0.8519202363367799,0.22213295102119446,0.8519202363367799,8.223570269194624e-09,8.613258550838054e-09,6.209204883589337e-08,1.0,0.14518874883651733,0.30266472697257996,116,0.6481870412826538,0.30266472697257996,1.0,0.30266472697257996
GCN,320,1707,5,1,1,-2.304716110229492,2.319993257522583,4.624709367752075,0.9486831426620483,0.06727758795022964,0.0,0.2726956307888031,0.06388485431671143,0.20500189465706706,0,0.0,0.030006978367062107,43,0.26979827880859375,0.9814287424087524,0.3028938365704029,0.861890694239291,32.753883361816406,0.4191285081240768,0.2723209857940674,0.9165435745937962,0.2723209857940674,0.9165435745937962,7.679882507716229e-09,4.250355178925247e-09,6.198195023898734e-08,1.0,0.26478779315948486,0.3721478581428528,38,0.9826230406761169,0.3721478283405304,1.0,0.3721478283405304
GCN,320,1726,2,0,3,-3.2420167922973633,-0.3447495102882385,2.8972672820091248,0.8017836213111877,0.029439043253660202,0.0,0.16683048009872437,0.05034510791301727,0.1612353164077302,0,0.0,0.045359385903698535,65,0.13885046541690826,0.9866095185279846,0.23023506213636738,0.1362629246676514,20.163476943969727,0.00775480059084195,0.16880373656749725,0.21159527326440178,0.16880373656749725,0.21159527326440178,1.7267182128577474e-09,1.5246074624997163e-08,1.2106298186154163e-07,1.0,0.13699117302894592,0.22781071066856384,60,0.9150107502937317,0.22781069576740265,1.0,0.22781069576740265
GCN,320,1727,2,0,3,-3.9239161014556885,-0.3969978094100952,3.5269182920455933,0.8017836213111877,0.041580550372600555,-0.0004188990278635174,0.22068779170513153,0.047481901943683624,0.1330049261083744,0,0.0,0.03977669225401256,57,0.1839613914489746,0.9847673177719116,0.2630575157621417,0.670605612998523,26.559247970581055,0.1155834564254062,0.22126899659633636,0.8511816838995568,0.22126899659633636,0.8511816838995568,7.3480110884815986e-09,6.2664540223522636e-09,3.307506446503794e-08,1.0,0.18117256462574005,0.3012825548648834,53,0.8082270622253418,0.30128252506256104,1.0000001192092896,0.30128249526023865
GCN,320,1734,2,0,4,-4.335000038146973,-2.0943613052368164,2.2406387329101562,0.7499998807907104,0.04960022494196892,0.0,0.156321719288826,0.0954800471663475,0.2847669571807503,0,0.0,0.03210048848569435,46,0.12551932036876678,0.9526767134666443,0.22521588908908888,0.12629246676514033,18.925914764404297,0.0029542097488921715,0.15855517983436584,0.0723781388478582,0.15855517983436584,0.0723781388478582,6.177695244247161e-09,5.891351406717149e-09,4.713081125373719e-08,1.0,0.11957933753728867,0.21258553862571716,41,0.9027542471885681,0.21258550882339478,1.0,0.21258550882339478
GCN,320,1749,2,0,4,-4.381491184234619,-1.7526423931121826,2.6288487911224365,0.7499998807907104,0.02372105047106743,-0.0526401624083519,0.1568552702665329,0.04547305405139923,0.11974232663887836,0,0.0,0.061409630146545706,88,0.12061502039432526,0.9885213375091553,0.22482543173495817,0.12481536189069424,19.004873275756836,0.0029542097488921715,0.15927430987358093,0.07828655834564253,0.15927430987358093,0.07828655834564253,3.5463707526162125e-09,8.315550914517189e-09,6.773891669809018e-08,1.0,0.12019108980894089,0.21367309987545013,84,0.9020706415176392,0.21367311477661133,1.0,0.21367311477661133
GCN,320,1752,2,0,3,-4.273924827575684,-0.6338722109794617,3.640052616596222,0.8017836213111877,0.04047592729330063,-0.00028287104214541614,0.18734212219715118,0.05498063564300537,0.18927624100037893,0,0.0,0.03838101884159107,55,0.15682782232761383,0.9800923466682434,0.24125145946318177,0.2536927621861152,22.58033561706543,0.027695716395864108,0.18873588740825653,0.5841949778434269,0.18873588740825653,0.5841949778434269,5.371529443465306e-09,2.2968067447948215e-09,6.167595500983225e-08,1.0,0.15371456742286682,0.2556210160255432,51,0.8161417245864868,0.2556209862232208,1.0,0.2556209862232208
GCN,320,1753,2,0,3,-3.779775381088257,-0.2524482011795044,3.5273271799087524,0.8017836213111877,0.03781340271234512,-0.0003027886268682778,0.19315151870250702,0.05863555893301964,0.1964759378552482,0,0.0,0.040474528960223306,58,0.16118364036083221,0.983580470085144,0.24586585255427398,0.32644017725258495,23.310272216796875,0.03692762186115214,0.19444182515144348,0.6717134416543574,0.19444182515144348,0.6717134416543574,3.9803147444672504e-09,5.305285988299602e-09,3.78491264996228e-08,1.0,0.15854589641094208,0.26365533471107483,54,0.9605735540390015,0.26365533471107483,1.0,0.26365533471107483
GCN,320,1760,2,1,2,-2.4650933742523193,1.8048605918884277,4.269953966140747,0.8660253286361694,0.03895721957087517,0.0,0.18569853901863098,0.05879000201821327,0.1964759378552482,0,0.0,0.04326587578506629,62,0.16735434532165527,0.983835756778717,0.24118235646546432,0.2536927621861152,22.423778533935547,0.026587887740029542,0.1871849000453949,0.5590841949778435,0.1871849000453949,0.5590841949778435,0.0,1.511674341259095e-08,6.212871284105859e-08,1.0,0.16464917361736298,0.2534940242767334,57,0.9707659482955933,0.2534940242767334,1.0,0.2534940242767334
GCN,320,1764,5,1,2,-2.3624253273010254,1.927965760231018,4.2903910875320435,0.8660253286361694,0.04298344999551773,0.0,0.21591365337371826,0.052489276975393295,0.1733611216369837,0,0.0,0.041172365666434056,59,0.19430853426456451,0.9854143261909485,0.26082619731686396,0.6388478581979321,26.021329879760742,0.09416543574593796,0.21664908528327942,0.8364106351550961,0.21664908528327942,0.8364106351550961,3.2261959770352178e-09,1.6129405366882565e-08,6.725542078811486e-08,1.0,0.19147440791130066,0.2947941720485687,54,0.913355827331543,0.29479414224624634,1.0,0.29479414224624634
GCN,320,1768,1,1,3,-2.3143534660339355,2.4437708854675293,4.758124351501465,0.8017836213111877,0.0384545661509037,-0.0006887938361614943,0.22043828666210175,0.03830130770802498,0.10837438423645321,0,0.0,0.039078855547801813,56,0.18339134752750397,0.9869045615196228,0.26296084572874234,0.6694977843426884,26.509620666503906,0.11447562776957164,0.22112123668193817,0.8511816838995568,0.22112123668193817,0.8511816838995568,3.811601700931533e-09,6.630820781339253e-09,3.391664193941324e-08,1.0,0.1810101419687271,0.30101245641708374,52,0.6838627457618713,0.30101242661476135,1.0,0.30101242661476135
GCN,320,1771,1,1,3,-2.443769693374634,1.2934963703155518,3.7372660636901855,0.8017836213111877,0.02847922407090664,0.0,0.1667909175157547,0.04922832176089287,0.15270935960591134,0,0.0,0.052337752965806,75,0.13871297240257263,0.9874486923217773,0.22993615405857087,0.1362629246676514,20.168190002441406,0.00775480059084195,0.1687733680009842,0.21048744460856722,0.1687733680009842,0.21048744460856722,1.862645149230957e-09,2.443335533897084e-09,6.268681573828871e-08,1.0,0.13697195053100586,0.22777873277664185,70,0.9246481657028198,0.22777871787548065,1.0,0.22777871787548065
GCN,320,1777,1,1,5,-3.1339290142059326,0.29058992862701416,3.4245189428329468,0.7071066498756409,0.02049332670867443,0.0,0.17264069616794586,0.03278477489948273,0.10837438423645321,0,0.0,0.06838799720865317,98,0.12609125673770905,0.9921531677246094,0.23340625829641737,0.15805022156573117,20.85771369934082,0.01070901033973412,0.174547016620636,0.32348596750369274,0.174547016620636,0.32348596750369274,5.122274160385132e-09,9.40067224064478e-09,7.520537792515825e-08,1.0,0.12510184943675995,0.2358943372964859,93,0.7811740636825562,0.2358943223953247,1.0,0.2358943223953247
GCN,320,1779,1,1,6,-2.6434359550476074,0.09728837013244629,2.7407243251800537,0.6708203554153442,0.01649351790547371,0.0,0.15003091096878052,0.03128865733742714,0.10837438423645321,0,0.0,0.08094905792044661,116,0.10392065346240997,0.9925186634063721,0.2214453462663599,0.09638109305760709,18.19854164123535,0.001846381093057607,0.1526755541563034,0.03508124076809453,0.1526755541563034,0.03508124076809453,3.453436425715495e-09,9.106709164541371e-09,7.72689077166433e-08,1.0,0.10314320027828217,0.2050090730190277,111,0.7636961936950684,0.20500905811786652,1.0,0.20500905811786652
GCN,320,1781,1,1,5,-2.3003597259521484,1.0136878490447998,3.3140475749969482,0.7071066498756409,0.020358620211482048,0.0,0.1644277274608612,0.032540008425712585,0.10837438423645321,0,0.0,0.06908583391486392,99,0.12016611546278,0.9914705753326416,0.2289210171541874,0.1329394387001477,19.891075134277344,0.005539143279172821,0.1665939837694168,0.1761447562776957,0.1665939837694168,0.1761447562776957,5.759912102831777e-09,4.897838135065058e-09,4.328458658164891e-08,1.0,0.11914116889238358,0.22465477883815765,94,0.7433429956436157,0.22465477883815765,1.0,0.22465477883815765
GCN,320,1783,1,1,2,-2.5298852920532227,2.694366693496704,5.224251985549927,0.8660253286361694,0.05284871533513069,0.0,0.24540263414382935,0.05702630802989006,0.19344448654793484,0,0.0,0.03349616189811584,48,0.22133004665374756,0.9829851984977722,0.28166470153582046,0.8231166912850812,29.488712310791016,0.24187592319054652,0.24563004076480865,0.8888478581979321,0.24563004076480865,0.8888478581979321,3.951266869250958e-09,8.50330028612234e-09,3.5949533128132316e-08,1.0,0.2175641655921936,0.33496198058128357,43,0.9172983765602112,0.3349619507789612,1.0,0.3349619507789612
GCN,320,1786,1,1,3,-2.505763530731201,2.866124153137207,5.371887683868408,0.8017836213111877,0.04280943050980568,-0.1268579214811325,0.23570124804973602,0.26494452357292175,0.8232284956422887,1,0.0,0.040474528960223306,58,0.1907784342765808,0.9852319955825806,0.27442116236071534,0.7913589364844904,28.323305130004883,0.1894387001477105,0.236100971698761,0.8762924667651403,0.236100971698761,0.8762924667651403,5.036897121613038e-09,1.0894011026607586e-08,5.5074167448765365e-08,1.0,0.19213871657848358,0.3195188045501709,56,0.7213177680969238,0.3195187747478485,1.0,0.3195187747478485
GCN,320,1794,4,1,4,-2.2836802005767822,0.5155028104782104,2.7991830110549927,0.7499998807907104,0.032362084835767746,-0.0012613985454663634,0.24709756672382355,0.028637098148465157,0.10837438423645321,0,0.0,0.05792044661549198,83,0.19148720800876617,0.991512656211853,0.2833257343988907,0.8268094534711965,29.699880599975586,0.25258493353028066,0.2472352385520935,0.8910635155096012,0.2472352385520935,0.8910635155096012,5.430496941016827e-09,1.6192823082405994e-08,1.2361530821181077e-07,1.0,0.18989337980747223,0.3375883102416992,80,0.6559672355651855,0.3375883102416992,1.0,0.3375883102416992
GCN,320,1803,0,1,4,-0.019936442375183105,2.8054850101470947,2.825421452522278,0.7499998807907104,0.03411750867962837,0.0,0.23309288918972015,0.039502792060375214,0.10837438423645321,0,0.0,0.04884856943475227,70,0.18101097643375397,0.9894325137138367,0.27290386171124764,0.7799113737075333,28.035972595214844,0.17725258493353027,0.2335580289363861,0.8737075332348597,0.2335580289363861,0.8737075332348597,9.633675190912072e-09,1.6096707966539725e-08,1.2325342879648815e-07,1.0,0.17909812927246094,0.31839674711227417,65,0.8096562623977661,0.31839674711227417,1.0,0.31839674711227417
GCN,320,1807,3,0,5,-3.458803176879883,-1.1099553108215332,2.3488478660583496,0.7071066498756409,0.027405831962823868,0.0,0.16386844217777252,0.05354410409927368,0.18226600985221675,0,0.0,0.06629448709002093,95,0.12050052732229233,0.9845759272575378,0.22939912248209143,0.1358936484490399,19.816316604614258,0.005539143279172821,0.16605964303016663,0.16838995568685378,0.16605964303016663,0.16838995568685378,3.017829985907383e-09,9.287360214216278e-09,7.527022916065107e-08,1.0,0.1186419129371643,0.22371336817741394,90,0.9055426120758057,0.22371335327625275,1.0,0.22371335327625275
GCN,320,1809,3,1,3,-3.442336082458496,0.8381149768829346,4.280451059341431,0.8017836213111877,0.030296210199594498,-0.1414465308189392,0.2108420729637146,0.23617659509181976,0.7656309208033346,1,0.0,0.055826936496859735,80,0.17039664089679718,0.9907910227775574,0.2540393480494685,0.5044313146233382,25.383535385131836,0.07496307237813885,0.21178379654884338,0.8190546528803545,0.21178379654884338,0.8190546528803545,4.928095709288982e-09,4.49783676970128e-09,2.7607862662648586e-08,1.0,0.17212402820587158,0.2862352132797241,76,0.8405635952949524,0.28623518347740173,1.0,0.28623518347740173
GCN,320,1810,3,0,44,-8.3720121383667,-6.911886692047119,1.46012544631958,0.3061861991882324,0.007939258590340614,-0.012251880951225758,0.24199210107326508,0.0076998076401650906,0.10837438423645321,0,0.0,0.2882065596650384,413,0.07611686736345291,0.996776282787323,0.27943788983346207,0.8190546528803545,29.05904197692871,0.22193500738552438,0.24233539402484894,0.8862629246676514,0.24233539402484894,0.8862629246676514,2.3039648411327107e-08,2.5633676514758008e-08,3.427126955557469e-07,1.0,0.07594631612300873,0.330719530582428,412,0.2874396741390228,0.330719530582428,1.0,0.330719530582428
GCN,320,1817,3,1,2,-2.957691192626953,0.3783367872238159,3.336027979850769,0.8660253286361694,0.040711306035518646,0.0,0.18844011425971985,0.06057606264948845,0.20083364910951118,0,0.0,0.039078855547801813,56,0.1699715554714203,0.9828785061836243,0.24373849939456102,0.2891432791728213,22.74767303466797,0.029172821270310192,0.19004391133785248,0.6067208271787297,0.19004391133785248,0.6067208271787297,6.177695244247161e-09,1.5305072764704164e-08,6.289875642551124e-08,1.0,0.16706138849258423,0.25720787048339844,51,0.9712923765182495,0.25720787048339844,1.0,0.25720787048339844
GCN,320,1822,3,0,2,-5.15761661529541,-0.4768627882003784,4.680753827095032,0.8660253286361694,0.04931676387786865,0.0,0.24485285580158234,0.05362497270107269,0.18226600985221675,0,0.0,0.039078855547801813,56,0.22041894495487213,0.985076367855072,0.281293455051728,0.8220088626292467,29.447385787963867,0.24076809453471196,0.24515676498413086,0.8884785819793205,0.24515676498413086,0.8884785819793205,6.585445078144403e-09,1.597871879255308e-08,6.449534595276418e-08,1.0,0.21712946891784668,0.3342927396297455,51,0.92229163646698,0.3342927098274231,1.0,0.3342927098274231
GCN,320,1825,5,1,4,-3.3064475059509277,0.14521867036819458,3.4516661763191223,0.7499998807907104,0.026812797412276268,-0.07786749303340912,0.2039145827293396,0.033413149416446686,0.10837438423645321,0,0.0,0.06071179344033496,87,0.15593618154525757,0.9912666082382202,0.2533322374864978,0.4885524372230428,24.56060791015625,0.057976366322008865,0.2050422877073288,0.7703101920236337,0.2050422877073288,0.7703101920236337,2.9080537977677068e-09,1.5451913526476346e-08,1.2176397490293311e-07,1.0,0.15618044137954712,0.27765417098999023,84,0.7623330950737,0.27765417098999023,1.0,0.27765417098999023
GCN,320,1829,5,1,5,-2.245720386505127,0.9994004964828491,3.245120882987976,0.7071066498756409,0.027531038969755173,-0.0006885640323162079,0.22064602375030518,0.023628922179341316,0.10837438423645321,0,0.0,0.0628053035589672,90,0.16125091910362244,0.991337239742279,0.26398479119567486,0.6850073855243722,26.53246307373047,0.11447562776957164,0.22129878401756287,0.8511816838995568,0.22129878401756287,0.8511816838995568,9.301577286180418e-09,1.6470016461767045e-08,1.2643197067063738e-07,1.0,0.15986861288547516,0.3014512062072754,87,0.5356267690658569,0.3014512062072754,1.0,0.3014512062072754
GCN,320,1836,6,1,2,-1.6793427467346191,2.659787893295288,4.339130640029907,0.8660253286361694,0.05269947648048401,-0.0003856551484204829,0.2874155044555664,0.04597548395395279,0.12542629784009093,0,0.0,0.0418702023726448,60,0.2581295073032379,0.9875900745391846,0.3135148497400078,0.8685376661742984,34.4931526184082,0.5066469719350074,0.28691402077674866,0.9327917282127031,0.28691402077674866,0.9327917282127031,9.077409934832303e-09,6.374203831427394e-09,2.4872591097846453e-08,1.0,0.25494179129600525,0.3925085961818695,56,0.86860191822052,0.3925085961818695,1.0,0.3925085961818695
GCN,320,1838,0,1,4,2.3997488021850586,4.8752336502075195,2.475484848022461,0.7499998807907104,0.02996130846440792,-0.0025004108902066946,0.1962226778268814,0.03828217089176178,0.10837438423645321,0,0.0,0.05373342637822749,77,0.15242862701416016,0.988502025604248,0.24754806736945048,0.37149187592319055,23.639419555664062,0.03988183161004431,0.19755831360816956,0.7060561299852289,0.19755831360816956,0.7060561299852289,5.350040854779081e-09,3.0354904367868585e-08,1.8246377919695078e-07,1.0,0.15073361992835999,0.2679709494113922,75,0.683283805847168,0.2679709494113922,1.0,0.2679709494113922
GCN,320,1841,0,1,5,2.93742299079895,4.697476387023926,1.7600533962249756,0.7071066498756409,0.02428826130926609,0.0,0.1701803207397461,0.03657734394073486,0.10837438423645321,0,0.0,0.051639916259595256,74,0.12467843294143677,0.9887073040008545,0.2322028755190242,0.15398818316100443,20.5832576751709,0.008493353028064993,0.17229029536247253,0.2776957163958641,0.17229029536247253,0.2776957163958641,8.686798835810805e-09,1.0807048589356327e-08,8.735463552511646e-08,1.0,0.12327047437429428,0.23244106769561768,69,0.7248864769935608,0.2324410378932953,1.0,0.2324410378932953
GCN,320,1845,5,1,2,0.40069878101348877,3.9612438678741455,3.5605450868606567,0.8660253286361694,0.04723455011844635,0.0,0.23566706478595734,0.05223635956645012,0.1733611216369837,0,0.0,0.034193998604326585,49,0.2121225744485855,0.9852191805839539,0.27484349760962384,0.7920974889217134,28.329700469970703,0.19091580502215658,0.23612827062606812,0.8762924667651403,0.23612827062606812,0.8762924667651403,7.213993846733047e-09,1.5479407977636583e-08,1.2150191253113007e-07,1.0,0.20898720622062683,0.32175689935684204,44,0.9028229117393494,0.32175689935684204,1.0,0.32175689935684204
GCN,320,1852,3,1,2,-2.512681484222412,0.602327823638916,3.115009307861328,0.8660253286361694,0.04241049662232399,0.0,0.18247383832931519,0.06593703478574753,0.20670708601743085,0,0.0,0.041172365666434056,59,0.16498030722141266,0.9802521467208862,0.23969389430721577,0.23707533234859676,22.080076217651367,0.024002954209748892,0.18415042757987976,0.5003692762186115,0.18415042757987976,0.5003692762186115,1.0148852869207303e-09,3.915952451194471e-09,6.169089772356529e-08,1.0,0.16172228753566742,0.24898779392242432,54,0.9827594757080078,0.24898777902126312,1.0,0.24898777902126312
GCN,320,1853,3,1,1,-2.887033700942993,2.074239730834961,4.961273431777954,0.9486831426620483,0.07529958337545395,-0.00134771887678653,0.2551593482494354,0.07880726456642151,0.21883289124668434,0,0.0,0.027913468248429867,40,0.254119336605072,0.9736735224723816,0.2883517316137516,0.8408419497784343,30.62336540222168,0.301698670605613,0.25517043471336365,0.8995568685376661,0.25517043471336365,0.8995568685376661,7.450580596923828e-09,1.610785993477748e-08,6.452727774330924e-08,1.0,0.24750734865665436,0.3478609323501587,36,0.9960211515426636,0.3478609323501587,1.0,0.3478609323501587
GCN,320,1858,3,1,2,-3.4822230339050293,1.4365975856781006,4.91882061958313,0.8660253286361694,0.04219500720500946,0.0,0.22139576077461243,0.05080198496580124,0.16331943918150815,0,0.0,0.04396371249127704,63,0.1990278959274292,0.9866112470626831,0.264657333618641,0.6971935007385525,26.703659057617188,0.11964549483013294,0.22226965427398682,0.8526587887740029,0.22226965427398682,0.8526587887740029,4.6566128730773926e-09,1.509094715856918e-08,6.060622581571806e-08,1.0,0.1963631510734558,0.3023208975791931,58,0.9233779311180115,0.3023208975791931,1.0,0.3023208975791931
GCN,320,1862,3,0,4,-6.2928595542907715,-2.2073569297790527,4.085502624511719,0.7499998807907104,0.03824695572257042,-0.0009649876155890524,0.23989897966384888,0.0392170324921608,0.10837438423645321,0,0.0,0.050942079553384506,73,0.18658317625522614,0.9874887466430664,0.27821741711767384,0.8083456425406204,28.820035934448242,0.2119645494830133,0.24015337228775024,0.8829394387001477,0.24015337228775024,0.8829394387001477,9.954701063463745e-09,7.1664008061134155e-09,7.036725691023094e-08,1.0,0.18427717685699463,0.32760393619537354,69,0.7139639854431152,0.32760387659072876,1.0000001192092896,0.32760384678840637
GCN,320,1866,3,1,2,-4.261075019836426,0.35062819719314575,4.6117032170295715,0.8660253286361694,0.050968583673238754,-0.000983250793069601,0.22908462584018707,0.06134919449687004,0.20215990905646078,0,0.0,0.03698534542916958,53,0.20677079260349274,0.9818568825721741,0.2696126731951589,0.7511078286558346,27.530242919921875,0.15657311669128507,0.2295246720314026,0.8677991137370753,0.2295246720314026,0.8677991137370753,1.249066450270675e-08,3.925889835443286e-09,2.4236763707108366e-08,1.0,0.20305787026882172,0.3126280903816223,49,0.9353762865066528,0.3126280605792999,1.0,0.3126280605792999
GCN,320,1870,3,0,4,-4.093692779541016,-1.4992036819458008,2.594489097595215,0.7499998807907104,0.035886626690626144,0.0,0.15187397599220276,0.07472702860832214,0.21485411140583555,0,0.0,0.04954640614096301,71,0.11969640105962753,0.9730396270751953,0.22244135206916718,0.10081240768094535,18.431833267211914,0.001846381093057607,0.15444548428058624,0.04579025110782865,0.15444548428058624,0.04579025110782865,5.490065735358485e-09,4.6312598200870525e-09,3.705007856069642e-08,1.0,0.11646933853626251,0.20705664157867432,66,0.9487452507019043,0.20705661177635193,1.0,0.20705661177635193
GCN,320,1872,3,1,1,-2.5243337154388428,2.9246954917907715,5.449029207229614,0.9486831426620483,0.06322353333234787,0.0,0.25490492582321167,0.06499270349740982,0.20651762031072377,0,0.0,0.03279832519190509,47,0.25224071741104126,0.9812349081039429,0.28910037385417603,0.843426883308715,30.695470809936523,0.3050221565731167,0.255109965801239,0.8995568685376661,0.255109965801239,0.8995568685376661,0.0,2.981959923431532e-08,1.1929202514693316e-07,1.0,0.24750736355781555,0.3478609621524811,42,0.9943636655807495,0.34786099195480347,1.0,0.34786099195480347
GCN,320,1878,5,1,3,-1.5927720069885254,2.0714111328125,3.6641831398010254,0.8017836213111877,0.03861081600189209,0.0,0.22637905180454254,0.04973725974559784,0.15289882531261842,0,0.0,0.04675505931612003,67,0.18826523423194885,0.9874761700630188,0.26808836244255957,0.7367060561299852,27.23827362060547,0.1429098966026588,0.22701483964920044,0.8629985228951256,0.22701483964920044,0.8629985228951256,2.7939677238464355e-09,4.229578465242412e-09,2.336209270481504e-08,1.0,0.18590745329856873,0.30915647745132446,62,0.935247004032135,0.3091564476490021,1.0,0.3091564476490021
GCN,320,1879,5,1,4,-0.2943025827407837,2.61468768119812,2.908990263938904,0.7499998807907104,0.02803421951830387,-0.00032346873194910586,0.19748935103416443,0.03926093131303787,0.10837438423645321,0,0.0,0.0628053035589672,90,0.1532682627439499,0.99005126953125,0.2487479537371715,0.39438700147710487,23.807783126831055,0.04283604135893648,0.19876958429813385,0.7149187592319055,0.19876958429813385,0.7149187592319055,4.514753904061308e-09,1.6115246026515706e-08,7.191716377974444e-08,1.0,0.15175040066242218,0.2697785496711731,86,0.8297302722930908,0.2697785496711731,1.0,0.2697785496711731
GCN,320,1881,5,0,5,-4.197063446044922,-1.1697484254837036,3.0273150205612183,0.7071066498756409,0.03032173030078411,-0.00022762620938010514,0.19046422839164734,0.04277043044567108,0.11083743842364532,0,0.0,0.05512909979064899,79,0.1398717164993286,0.9859967231750488,0.24478787645828104,0.3072378138847858,22.941728591918945,0.03323485967503693,0.1916879266500473,0.6318316100443131,0.1916879266500473,0.6318316100443131,7.875047280947456e-09,1.1683511935700608e-08,1.0670554928537967e-07,1.0,0.1379183679819107,0.2600614130496979,75,0.7598851323127747,0.2600614130496979,1.0,0.2600614130496979
GCN,320,1891,4,1,3,-1.8271081447601318,0.617444634437561,2.444552779197693,0.8017836213111877,0.03477390855550766,0.0,0.181479349732399,0.05508973449468613,0.1896551724137931,0,0.0,0.045359385903698535,65,0.15136201679706573,0.9842588901519775,0.23890872322833187,0.22636632200886264,21.899429321289062,0.021048744460856722,0.18319891393184662,0.48670605612998524,0.18319891393184662,0.48670605612998524,3.1237508135717462e-09,4.595456903899731e-09,6.78460665426428e-08,1.0,0.14897941052913666,0.24774666130542755,60,0.9220651388168335,0.24774666130542755,1.0,0.24774666130542755
GCN,320,1899,5,1,5,-1.796510100364685,1.3743252754211426,3.1708353757858276,0.7071066498756409,0.03274163976311684,-0.000540827983058989,0.23483224213123322,0.026829548180103302,0.10837438423645321,0,0.0,0.061409630146545706,88,0.1719476878643036,0.9892134070396423,0.2742119720360347,0.7898818316100443,28.211727142333984,0.18463810930576072,0.23511260747909546,0.8755539143279173,0.23511260747909546,0.8755539143279173,7.819783043316875e-09,1.8721015848655043e-08,1.3540979182380397e-07,1.0,0.17010660469532013,0.32075613737106323,85,0.5442715883255005,0.32075610756874084,1.0,0.32075610756874084
GCN,320,1901,5,0,6,-3.979715347290039,-1.2231577634811401,2.756557583808899,0.6708203554153442,0.02412213571369648,-0.00015244641690514982,0.21842844784259796,0.027809180319309235,0.10837438423645321,0,0.0,0.0732728541521284,105,0.15130239725112915,0.9924506545066833,0.2629425275334205,0.6694977843426884,26.27332305908203,0.10524372230428361,0.219227597117424,0.8474889217134417,0.219227597117424,0.8474889217134417,7.318441408443732e-09,1.6502150756991796e-08,1.2828863305003324e-07,1.0,0.15016300976276398,0.29846638441085815,101,0.6756905317306519,0.29846638441085815,1.0,0.29846638441085815
GCN,320,1904,5,0,3,-3.1988444328308105,-0.26267945766448975,2.936164975166321,0.8017836213111877,0.03409658744931221,-0.0006328032468445599,0.21840454638004303,0.0413946695625782,0.10913224706328155,0,0.0,0.04884856943475227,70,0.1812853068113327,0.9894775152206421,0.26223287330737977,0.6632200886262924,26.265064239501953,0.10524372230428361,0.21901962161064148,0.8471196454948301,0.21901962161064148,0.8471196454948301,3.0535451944757597e-09,4.357028959844911e-09,2.3966858719859374e-08,1.0,0.17939433455467224,0.29832541942596436,66,0.8503786325454712,0.29832538962364197,1.0,0.29832538962364197
GCN,320,1906,4,1,5,-1.4214622974395752,0.4155240058898926,1.8369863033294678,0.7071066498756409,0.022715983912348747,-0.0002679564349818975,0.1859721541404724,0.029020408168435097,0.10837438423645321,0,0.0,0.06769016050244243,97,0.13587744534015656,0.9916956424713135,0.24234796407246584,0.27474150664697194,22.431570053100586,0.026587887740029542,0.18746913969516754,0.5638847858197932,0.18746913969516754,0.5638847858197932,4.032745248849778e-09,3.358561873056942e-09,2.4012052790567395e-08,1.0,0.1347537487745285,0.2540941536426544,93,0.6719931364059448,0.25409412384033203,1.0,0.25409412384033203
GCN,320,1909,0,1,6,-0.04129791259765625,2.564375400543213,2.605673313140869,0.6708203554153442,0.02229304611682892,0.0,0.17534658312797546,0.02433619648218155,0.10837438423645321,0,0.0,0.06838799720865317,98,0.12172708660364151,0.9900261163711548,0.2351632532236548,0.1827917282127031,21.167573928833008,0.014032496307237814,0.17712852358818054,0.3766617429837518,0.17712852358818054,0.3766617429837518,7.708066185330154e-09,1.8194363349266496e-08,1.472588877504677e-07,1.0,0.12051300704479218,0.23953357338905334,93,0.5136258006095886,0.23953357338905334,1.0,0.23953357338905334
GCN,320,1911,5,1,4,-0.3573497533798218,2.7932510375976562,3.150600790977478,0.7499998807907104,0.03258530795574188,0.0,0.2275908887386322,0.033785104751586914,0.10837438423645321,0,0.0,0.05512909979064899,79,0.17666704952716827,0.9898827075958252,0.2684928961671872,0.7378138847858198,27.36508560180664,0.14881831610044313,0.22814799845218658,0.8648449039881831,0.22814799845218658,0.8648449039881831,7.153624359546029e-09,7.07504499430911e-09,4.0397292622174064e-08,1.0,0.17487965524196625,0.31089723110198975,74,0.7079123258590698,0.31089720129966736,1.0,0.31089720129966736
GCN,320,1913,0,1,4,1.8741108179092407,3.740530014038086,1.8664191961288452,0.7499998807907104,0.026215925812721252,0.0,0.22118084132671356,0.027659330517053604,0.10837438423645321,0,0.0,0.06769016050244243,97,0.17120715975761414,0.9930381178855896,0.2643850360029613,0.6905465288035451,26.59195899963379,0.11742983751846381,0.22165818512439728,0.8515509601181684,0.22165818512439728,0.8515509601181684,5.548994597148749e-09,1.6282857728810995e-08,7.072841867739044e-08,1.0,0.17001523077487946,0.30224937200546265,92,0.7000759840011597,0.30224934220314026,1.0,0.30224934220314026
GCN,320,1916,6,1,3,-0.19364523887634277,3.486701011657715,3.6803462505340576,0.8017836213111877,0.0381162203848362,0.0,0.2240227907896042,0.04102206230163574,0.10894278135657447,0,0.0,0.03838101884159107,55,0.18629571795463562,0.9875359535217285,0.2666705534820615,0.7267355982274741,26.935861587524414,0.12666174298375185,0.22475680708885193,0.8585672082717873,0.22475680708885193,0.8585672082717873,5.7410578513383825e-09,5.335455188770766e-09,2.8803324170212363e-08,1.0,0.18397371470928192,0.30594074726104736,50,0.7732448577880859,0.30594074726104736,1.0,0.30594074726104736
GCN,320,1918,6,1,2,-0.5513899326324463,3.2262139320373535,3.7776038646698,0.8660253286361694,0.09712883830070496,0.0,0.23151783645153046,0.11587414145469666,0.3901098901098901,1,0.0,0.01465457083042568,21,0.21738301217556,0.939072847366333,0.2688343326081373,0.7440915805022157,27.741621017456055,0.16691285081240767,0.23145757615566254,0.870384047267356,0.23145757615566254,0.870384047267356,6.8437953082423064e-09,1.6778756162239006e-08,7.098395116145184e-08,1.0,0.20413848757743835,0.3142918050289154,16,0.9567828178405762,0.314291775226593,1.0,0.314291775226593
GCN,320,1920,0,1,6,-0.1455087661743164,2.4158620834350586,2.561370849609375,0.6708203554153442,0.023431697860360146,-0.08731811493635178,0.22368526458740234,0.24092403054237366,0.7762410003789314,1,0.0,0.0718771807397069,103,0.1527523547410965,0.9930666089057922,0.26639775461204296,0.7215657311669128,26.891000747680664,0.1240768094534712,0.22433961927890778,0.8574593796159528,0.22433961927890778,0.8574593796159528,8.15904499518183e-09,6.2103482356690165e-09,7.197442641881935e-08,1.0,0.15326720476150513,0.3046363592147827,100,0.6054542064666748,0.3046363592147827,1.0,0.3046363592147827
GCN,320,1925,0,1,3,0.55015629529953,3.693010091781616,3.142853796482086,0.8017836213111877,0.033570628613233566,-0.032433606684207916,0.22524206340312958,0.03603973239660263,0.10837438423645321,0,0.0,0.055826936496859735,80,0.1857215166091919,0.9902953505516052,0.2679175987024741,0.7367060561299852,27.108421325683594,0.13737075332348597,0.22589194774627686,0.8615214180206795,0.22589194774627686,0.8615214180206795,2.5505320078167415e-09,3.0026818365058716e-08,1.208299096333576e-07,1.0,0.18475672602653503,0.30724287033081055,77,0.7755123376846313,0.30724287033081055,1.0,0.30724287033081055
GCN,320,1931,3,1,3,-2.931729316711426,0.2944246530532837,3.2261539697647095,0.8017836213111877,0.02676834538578987,0.0,0.16832701861858368,0.04419542849063873,0.11405835543766578,0,0.0,0.05024424284717376,72,0.13978451490402222,0.9890899658203125,0.2314888313680743,0.15140324963072377,20.369884490966797,0.00775480059084195,0.17026644945144653,0.23855243722304284,0.17026644945144653,0.23855243722304284,3.896001743441957e-09,1.5681752785212666e-08,6.999184876121944e-08,1.0,0.13825947046279907,0.22991982102394104,67,0.8913059234619141,0.22991982102394104,1.0,0.22991982102394104
GCN,320,1932,3,1,3,-2.97365665435791,0.9593201279640198,3.93297678232193,0.8017836213111877,0.037597812712192535,0.0,0.20771344006061554,0.04910973459482193,0.14967790829859795,0,0.0,0.04256803907885555,61,0.17298337817192078,0.9859229326248169,0.2558345928275038,0.5398818316100443,25.012908935546875,0.06646971935007386,0.20866042375564575,0.7991137370753324,0.20866042375564575,0.7991137370753324,9.633675190912072e-09,1.645146596729319e-08,7.155897208122042e-08,1.0,0.17054829001426697,0.2836148142814636,56,0.8701351881027222,0.28361478447914124,1.0,0.28361478447914124
GCN,320,1936,3,0,5,-3.591850757598877,-1.3534667491912842,2.2383840084075928,0.7071066498756409,0.024816514924168587,0.0,0.17280487716197968,0.039856042712926865,0.10837438423645321,0,0.0,0.05931612002791347,85,0.12661704421043396,0.9885681867599487,0.23428037640674712,0.16617429837518463,20.883007049560547,0.011078286558345642,0.17466402053833008,0.32680945347119644,0.17466402053833008,0.32680945347119644,6.160119969678135e-09,4.766279815271446e-09,3.813023852217157e-08,1.0,0.125169575214386,0.23602205514907837,80,0.7849721908569336,0.23602205514907837,1.0,0.23602205514907837
GCN,320,1938,3,1,1,-3.145082712173462,4.053940773010254,7.199023485183716,0.9486831426620483,0.09287750720977783,0.0,0.3477444648742676,0.0660393089056015,0.20689655172413793,0,0.0,0.024424284717376135,35,0.3450160026550293,0.9783226847648621,0.3636021171233311,0.8980797636632201,41.81047058105469,0.8153618906942393,0.3463084101676941,0.9756277695716395,0.3463084101676941,0.9756277695716395,0.0,3.1137126654812164e-08,6.609110414501629e-08,1.0,0.3375369906425476,0.474393755197525,30,0.9382820129394531,0.47439372539520264,1.0000001192092896,0.47439366579055786
GCN,320,1942,3,1,3,-3.0976688861846924,1.394729495048523,4.492398381233215,0.8017836213111877,0.03432358801364899,-0.0016871411353349686,0.21906352043151855,0.040991827845573425,0.10894278135657447,0,0.0,0.04954640614096301,71,0.1818077564239502,0.9893977642059326,0.2636352231018215,0.6846381093057607,26.36041259765625,0.10745937961595273,0.21970823407173157,0.8482274741506647,0.21970823407173157,0.8482274741506647,5.26835597369768e-09,4.35066382920013e-09,2.623868056161882e-08,1.0,0.17992474138736725,0.299207478761673,68,0.8177613019943237,0.2992074489593506,1.0,0.2992074489593506
GCN,320,1947,3,0,4,-4.941463947296143,-2.2097980976104736,2.731665849685669,0.7499998807907104,0.028092721477150917,-0.00035896262852475047,0.19305330514907837,0.03836847096681595,0.10837438423645321,0,0.0,0.05373342637822749,77,0.14989130198955536,0.9895519018173218,0.24641635730117878,0.34379615952732645,23.27840232849121,0.0361890694239291,0.19449922442436218,0.6724519940915805,0.19449922442436218,0.6724519940915805,5.350040854779081e-09,1.5810748266176233e-08,6.84126035821464e-08,1.0,0.14833298325538635,0.2637031376361847,73,0.7910047173500061,0.2637031376361847,1.0,0.2637031376361847
GCN,320,1959,5,0,5,-4.831300258636475,-1.5230447053909302,3.3082555532455444,0.7071066498756409,0.02964317798614502,-0.00022179115330800414,0.23004597425460815,0.030395247042179108,0.10837438423645321,0,0.0,0.0628053035589672,90,0.1682196408510208,0.9907692670822144,0.27081794725631764,0.7647710487444609,27.643268585205078,0.16100443131462333,0.23050855100154877,0.8692762186115214,0.23050855100154877,0.8692762186115214,6.585445078144403e-09,6.562268506371538e-09,7.148317848759689e-08,1.0,0.16667191684246063,0.31427961587905884,86,0.6671761274337769,0.31427958607673645,1.0,0.31427958607673645
GCN,320,1961,5,1,3,-3.4842076301574707,1.072506070137024,4.556713700294495,0.8017836213111877,0.03412124142050743,0.0,0.240464985370636,0.0331047847867012,0.10837438423645321,0,0.0,0.05512909979064899,79,0.19929741322994232,0.991288959980011,0.278484724237959,0.8124076809453471,28.88333511352539,0.21565731166912852,0.24075078964233398,0.8833087149187593,0.24075078964233398,0.8833087149187593,6.2475016271434924e-09,1.6107438938206542e-08,6.820944520313788e-08,1.0,0.1975613236427307,0.32853639125823975,74,0.7482297420501709,0.32853639125823975,1.0,0.32853639125823975
GCN,320,1962,5,1,3,-2.7124855518341064,1.6250741481781006,4.337559700012207,0.8017836213111877,0.0409243181347847,0.0,0.25503236055374146,0.0414736345410347,0.10913224706328155,0,0.0,0.0418702023726448,60,0.21182481944561005,0.9888939261436462,0.2884773182068097,0.8408419497784343,30.642866134643555,0.30280649926144754,0.25503095984458923,0.8995568685376661,0.25503095984458923,0.8995568685376661,7.333241125451195e-09,1.0396872696105675e-08,4.590012636640495e-08,1.0,0.20947229862213135,0.3483438491821289,55,0.8289018869400024,0.34834378957748413,1.0,0.34834378957748413
GCN,320,1969,4,0,3,-3.131162643432617,-0.45380884408950806,2.677353799343109,0.8017836213111877,0.042418546974658966,0.0,0.2062690258026123,0.052793487906455994,0.17904509283819628,0,0.0,0.03838101884159107,55,0.17239996790885925,0.9819236993789673,0.2552279623748073,0.5199409158050221,24.85407066345215,0.0638847858197932,0.20732910931110382,0.7909896602658789,0.20732910931110382,0.7909896602658789,9.324859995274437e-09,1.557911488703212e-08,6.409062791590259e-08,1.0,0.16928362846374512,0.28151172399520874,50,0.8233335018157959,0.28151169419288635,1.0,0.28151169419288635
GCN,320,1972,6,1,3,-0.889315664768219,2.3459086418151855,3.2352243065834045,0.8017836213111877,0.03172735869884491,0.0,0.2223600596189499,0.035418473184108734,0.10837438423645321,0,0.0,0.05443126308443824,78,0.18430785834789276,0.9911931753158569,0.26507449605466277,0.7056868537666174,26.745981216430664,0.1207533234859675,0.22303953766822815,0.8552437223042836,0.22303953766822815,0.8552437223042836,3.8399412538581146e-09,1.522505854723022e-08,6.207807956570832e-08,1.0,0.18268467485904694,0.3037971258163452,73,0.7961041331291199,0.3037971258163452,1.0,0.3037971258163452
GCN,320,1977,3,1,2,0.21610093116760254,3.207988739013672,2.9918878078460693,0.8660253286361694,0.04147058352828026,0.0,0.22427649796009064,0.04931080341339111,0.15270935960591134,0,0.0,0.044661549197487785,64,0.20147763192653656,0.987384557723999,0.266762094757972,0.7267355982274741,26.960966110229492,0.129615952732644,0.22478775680065155,0.8593057607090103,0.22478775680065155,0.8593057607090103,2.8705289256691913e-09,1.528956872220988e-08,6.277970499013463e-08,1.0,0.19893589615821838,0.3062818944454193,59,0.9237966537475586,0.3062818944454193,1.0,0.3062818944454193
GCN,320,1983,0,1,4,0.0978548526763916,2.264216899871826,2.1663620471954346,0.7499998807907104,0.02255108952522278,-0.0007830297108739614,0.17782406508922577,0.03555334359407425,0.10837438423645321,0,0.0,0.06559665038381018,94,0.13775131106376648,0.992038369178772,0.23689549492064357,0.1986706056129985,21.4738712310791,0.017355982274741506,0.17962807416915894,0.4224519940915805,0.17962807416915894,0.4224519940915805,3.725290298461914e-09,1.5211032433626315e-08,1.2162053053543787e-07,1.0,0.1366681605577469,0.2429656684398651,90,0.8155556917190552,0.24296563863754272,1.0,0.24296563863754272
GCN,320,1996,3,0,5,-8.015291213989258,-4.998885631561279,3.0164055824279785,0.7071066498756409,0.035515155643224716,-0.00028542071231640875,0.21407122910022736,0.04177924990653992,0.10989010989010989,0,0.0,0.04396371249127704,63,0.15737268328666687,0.984815239906311,0.25997782766270067,0.6225997045790251,25.729713439941406,0.08567208271787297,0.21483372151851654,0.8323485967503693,0.21483372151851654,0.8323485967503693,1.0030650976489142e-08,9.4353884705356e-09,8.610957280552611e-08,1.0,0.1549908071756363,0.2922535240650177,59,0.7122789621353149,0.2922535240650177,1.0,0.2922535240650177
GCN,320,2004,3,0,4,-5.398083686828613,-2.40561842918396,2.9924652576446533,0.7499998807907104,0.029339486733078957,0.0,0.18052734434604645,0.040775030851364136,0.10837438423645321,0,0.0,0.04815073272854152,69,0.14049534499645233,0.9870120286941528,0.2387506364394488,0.22636632200886264,21.784095764160156,0.019571639586410634,0.18225716054439545,0.47156573116691286,0.18225716054439545,0.47156573116691286,5.227034804988762e-09,1.6456716878110456e-08,1.2938095039771724e-07,1.0,0.13867057859897614,0.24652552604675293,64,0.7526723146438599,0.24652552604675293,1.0,0.24652552604675293
GCN,320,2006,3,0,3,-6.114652633666992,-1.304821252822876,4.809831380844116,0.8017836213111877,0.043684832751750946,0.0,0.24613262712955475,0.043108269572257996,0.1110269041303524,0,0.0,0.03558967201674808,51,0.20488062500953674,0.9864561557769775,0.28202530175696666,0.8231166912850812,29.556795120239258,0.24556868537666174,0.2462916523218155,0.8899556868537666,0.2462916523218155,0.8899556868537666,5.185384566175344e-09,5.57458035288505e-09,2.9366212572767836e-08,1.0,0.20210576057434082,0.33609360456466675,46,0.7789621353149414,0.33609357476234436,1.0,0.33609357476234436
GCN,320,2010,0,1,4,0.018285036087036133,2.0309605598449707,2.0126755237579346,0.7499998807907104,0.028498560190200806,-0.0003300841781310737,0.19820727407932281,0.03889865800738335,0.10837438423645321,0,0.0,0.0628053035589672,90,0.1538601964712143,0.9897966384887695,0.2495527364381508,0.4102658788774003,23.877578735351562,0.043205317577548,0.19939756393432617,0.7208271787296898,0.19939756393432617,0.7208271787296898,2.464047854644491e-09,5.879261966157401e-09,3.9976416843501283e-08,1.0,0.15229754149913788,0.2707512378692627,86,0.8116194605827332,0.2707512378692627,1.0,0.2707512378692627
GCN,320,2011,3,1,3,-1.989967703819275,0.7763291597366333,2.766296863555908,0.8017836213111877,0.028305912390351295,-0.0008483136189170182,0.18561844527721405,0.04056129977107048,0.10837438423645321,0,0.0,0.05512909979064899,79,0.15399989485740662,0.9899532198905945,0.2413399077429073,0.2536927621861152,22.393051147460938,0.026587887740029542,0.18720972537994385,0.5594534711964549,0.18720972537994385,0.5594534711964549,4.293184918680026e-09,5.656934032316485e-09,3.8419173620241054e-08,1.0,0.1524711549282074,0.25355327129364014,76,0.8530471324920654,0.25355327129364014,1.0,0.25355327129364014
GCN,320,2014,3,1,2,0.31661224365234375,3.46736478805542,3.150752544403076,0.8660253286361694,0.04926475137472153,0.0,0.19425846636295319,0.07143861800432205,0.21106479727169383,0,0.0,0.03558967201674808,51,0.1762160360813141,0.9765996336936951,0.2466530876889724,0.3467503692762186,23.42444610595703,0.03840472673559823,0.19534604251384735,0.6816838995568686,0.19534604251384735,0.6816838995568686,6.01766991792374e-09,6.739783398046484e-09,6.779490746566808e-08,1.0,0.1720925122499466,0.2649537920951843,46,0.9758145809173584,0.26495376229286194,1.0,0.26495376229286194
GCN,320,2015,6,1,3,0.2757749557495117,2.819685220718384,2.543910264968872,0.8017836213111877,0.027811935171484947,0.0,0.17960964143276215,0.042349375784397125,0.10989010989010989,0,0.0,0.05373342637822749,77,0.149079367518425,0.9896483421325684,0.2375493456373233,0.21307237813884786,21.68354606628418,0.01883308714918759,0.1813308149576187,0.4538404726735598,0.1813308149576187,0.4538404726735598,2.8610709357224096e-09,6.429509813443701e-09,4.282058796434285e-08,1.0,0.14753615856170654,0.2453465759754181,72,0.8771272897720337,0.2453465759754181,1.0000001192092896,0.2453465461730957
GCN,320,2019,0,1,2,-0.038399457931518555,3.016040325164795,3.0544397830963135,0.8660253286361694,0.0535748191177845,-0.0002178770228056237,0.22538895905017853,0.06543360650539398,0.20670708601743085,0,0.0,0.03628750872295883,52,0.20393216609954834,0.9793659448623657,0.26757117770566724,0.7333825701624815,27.10666847229004,0.13737075332348597,0.2258719950914383,0.8615214180206795,0.2258719950914383,0.8615214180206795,7.943586233238875e-09,1.79694890078963e-08,7.783789612858527e-08,1.0,0.1997331976890564,0.3075094223022461,48,0.9535938501358032,0.3075094223022461,1.0,0.3075094223022461
GCN,320,2038,3,1,2,-2.0657660961151123,1.5754395723342896,3.641205668449402,0.8660253286361694,0.05329085513949394,-0.0005060115363448858,0.26443472504615784,0.05256568640470505,0.1733611216369837,0,0.0,0.03838101884159107,55,0.23802298307418823,0.9850565195083618,0.29555707068406495,0.8552437223042836,31.75787353515625,0.36669128508124077,0.26430341601371765,0.9098966026587888,0.26430341601371765,0.9098966026587888,3.725290298461914e-09,2.1996027221860004e-09,8.76136496685831e-09,1.0,0.23448683321475983,0.3610161542892456,51,0.9035636782646179,0.3610161244869232,1.0,0.3610161244869232
GCN,320,2043,4,1,2,-1.9887440204620361,1.4715092182159424,3.4602532386779785,0.8660253286361694,0.05481059476733208,0.0,0.2582683861255646,0.056398890912532806,0.19306555513452064,0,0.0,0.03977669225401256,57,0.2328328937292099,0.9834660291671753,0.29008162471962456,0.8441654357459379,30.98644256591797,0.31979320531757754,0.25815585255622864,0.9036189069423929,0.25815585255622864,0.9036189069423929,4.609811643518924e-09,3.008412718941145e-08,1.2033719087867212e-07,1.0,0.22898322343826294,0.35254278779029846,52,0.9205934405326843,0.35254281759262085,1.0,0.35254281759262085
GCN,320,2045,1,0,32,-2.838111400604248,-1.21895432472229,1.619157075881958,0.35355332493782043,0.008514124900102615,-0.05715218931436539,0.19730441272258759,0.013607184402644634,0.10837438423645321,0,0.0,0.22609909281228194,324,0.07131815701723099,0.9957879185676575,0.24838015926255305,0.3895864106351551,23.760025024414062,0.04098966026587888,0.19852174818515778,0.7134416543574594,0.19852174818515778,0.7134416543574594,1.9734372358470864e-08,2.0376434761715245e-08,2.8404349450283917e-07,1.0,0.07139209657907486,0.2692365050315857,323,0.4459436535835266,0.2692364752292633,1.0,0.2692364752292633
GCN,320,2051,0,1,3,1.0097286701202393,3.8395965099334717,2.8298678398132324,0.8017836213111877,0.03236551210284233,-0.03397081792354584,0.2160038948059082,0.03726053610444069,0.10837438423645321,0,0.0,0.051639916259595256,74,0.1780642867088318,0.9901875853538513,0.2609254000479495,0.6392171344165436,25.992061614990234,0.0930576070901034,0.21680010855197906,0.837149187592319,0.21680010855197906,0.837149187592319,3.2261959770352178e-09,3.958120942115784e-09,6.281423736709257e-08,1.0,0.17716284096240997,0.2946145534515381,72,0.7975269556045532,0.2946145236492157,1.0,0.2946145236492157
GCN,320,2054,0,1,9,3.346452236175537,4.435137748718262,1.0886855125427246,0.588348388671875,0.016404271125793457,-0.02173342928290367,0.16459921002388,0.025813322514295578,0.10837438423645321,0,0.0,0.08234473133286811,118,0.09967697411775589,0.991957426071167,0.2293257332859232,0.1358936484490399,19.905061721801758,0.005539143279172821,0.1667320728302002,0.17872968980797638,0.1667320728302002,0.17872968980797638,7.3516988052801935e-09,9.45706890576048e-09,8.345768520712227e-08,1.0,0.09914957731962204,0.2246958464384079,116,0.6095499396324158,0.2246958315372467,1.0,0.2246958315372467
GCN,320,2055,0,1,4,1.22902512550354,3.8922853469848633,2.6632602214813232,0.7499998807907104,0.027869440615177155,-0.02998439595103264,0.19671688973903656,0.037468768656253815,0.10837438423645321,0,0.0,0.05931612002791347,85,0.15182287991046906,0.989988386631012,0.24844620317533544,0.3895864106351551,23.691831588745117,0.04062038404726736,0.1979069858789444,0.7086410635155096,0.1979069858789444,0.7086410635155096,4.4664663079174716e-09,1.676201222267082e-08,1.293910116828556e-07,1.0,0.15094570815563202,0.26834797859191895,82,0.7934216856956482,0.26834797859191895,1.0,0.26834797859191895
GCN,320,2058,5,1,3,-3.7403745651245117,1.6687345504760742,5.409109115600586,0.8017836213111877,0.05248594656586647,0.0,0.2967633306980133,0.03540828078985214,0.10837438423645321,0,0.0,0.039078855547801813,56,0.24700486660003662,0.9865495562553406,0.3214555905922066,0.8733382570162481,35.58654022216797,0.5638847858197932,0.29610803723335266,0.939807976366322,0.29610803723335266,0.939807976366322,1.0780838444190977e-08,1.69551235273957e-08,6.78204941095828e-08,1.0,0.24368254840373993,0.40523409843444824,51,0.6420801877975464,0.40523406863212585,1.0,0.40523406863212585
GCN,320,2059,0,1,6,1.259817123413086,3.133730888366699,1.8739137649536133,0.6708203554153442,0.024539893493056297,-0.04755387455224991,0.22359301149845123,0.026660554111003876,0.10837438423645321,0,0.0,0.07466852756454989,107,0.15368062257766724,0.992443859577179,0.2658620786123045,0.7134416543574594,26.885269165039062,0.1240768094534712,0.22421489655971527,0.8570901033973413,0.22421489655971527,0.8570901033973413,7.847463123766829e-09,1.742143318494982e-08,1.3420338973446633e-07,1.0,0.15341712534427643,0.3049343228340149,105,0.6266746520996094,0.3049342930316925,1.0,0.3049342930316925
GCN,320,2071,2,1,8,0.5972461700439453,2.77105450630188,2.1738083362579346,0.6123723983764648,0.02076597884297371,-0.04011921584606171,0.22739462554454803,0.023786909878253937,0.10837438423645321,0,0.0,0.09909281228192603,142,0.1427697092294693,0.9937305450439453,0.2686943523325607,0.741506646971935,27.323667526245117,0.14734121122599705,0.22795222699642181,0.8644756277695717,0.22795222699642181,0.8644756277695717,7.551757441603968e-09,6.582116185427367e-09,4.628823191410447e-08,1.0,0.14251551032066345,0.3103024959564209,139,0.6380304098129272,0.3103024959564209,1.0,0.3103024959564209
GCN,320,2072,0,1,3,2.3547544479370117,4.794597625732422,2.43984317779541,0.8017836213111877,0.03359357640147209,-0.0007382450858131051,0.1985042840242386,0.046580322086811066,0.12788935202728305,0,0.0,0.045359385903698535,65,0.16503016650676727,0.9876631498336792,0.24916433948181735,0.4054652880354505,23.91791534423828,0.044682422451994094,0.19968301057815552,0.7226735598227474,0.19968301057815552,0.7226735598227474,2.9451006078318187e-09,3.741172704962992e-09,2.328772019666303e-08,1.0,0.16301329433918,0.27108442783355713,62,0.88274085521698,0.27108442783355713,1.0,0.27108442783355713
GCN,320,2075,3,0,8,-3.3580684661865234,-0.5593869090080261,2.7986815571784973,0.6123723983764648,0.019943196326494217,-0.00019021210027858615,0.21403810381889343,0.026031216606497765,0.10837438423645321,0,0.0,0.08583391486392185,123,0.13521096110343933,0.993541955947876,0.2596144559020361,0.6222304283604135,25.745088577270508,0.08567208271787297,0.2149299830198288,0.8327178729689808,0.2149299830198288,0.8327178729689808,7.406796065367871e-09,6.8502279404469846e-09,5.1296769498776484e-08,1.0,0.13434068858623505,0.2925032377243042,119,0.6843313574790955,0.2925032079219818,1.0,0.2925032079219818
GCN,320,2082,1,1,2,-2.199842929840088,3.1396796703338623,5.33952260017395,0.8660253286361694,0.09021378308534622,0.0,0.24554575979709625,0.09797058254480362,0.306176582038651,0,0.0,0.021632937892533146,31,0.22771547734737396,0.9524286389350891,0.28143623596846185,0.8231166912850812,29.504817962646484,0.2429837518463811,0.24538861215114594,0.8884785819793205,0.24538861215114594,0.8884785819793205,8.119082295365843e-09,1.2073565258674535e-08,4.829426103469814e-08,1.0,0.21688273549079895,0.33391284942626953,26,0.9237316250801086,0.3339128792285919,1.0,0.3339128792285919
GCN,320,2087,1,1,2,-2.361469030380249,2.002781867980957,4.364250898361206,0.8660253286361694,0.04726164788007736,0.0,0.22858190536499023,0.053150542080402374,0.1816976127320955,0,0.0,0.03838101884159107,55,0.2059173583984375,0.9842897057533264,0.2693201841929982,0.7492614475627769,27.482303619384766,0.155096011816839,0.2291090190410614,0.8670605612998523,0.2291090190410614,0.8670605612998523,4.6391175345661395e-09,3.1280864565275124e-09,1.4221741118092268e-08,1.0,0.20268233120441437,0.31204989552497864,50,0.8904945254325867,0.31204986572265625,1.0,0.31204986572265625
GCN,320,2096,1,1,6,-1.9087715148925781,1.7979683876037598,3.706739902496338,0.6708203554153442,0.022502277046442032,-0.0010334664257243276,0.2318892627954483,0.024636855348944664,0.10837438423645321,0,0.0,0.0851360781577111,122,0.16036191582679749,0.9941568374633789,0.27205002127820666,0.7714180206794683,27.86111068725586,0.17134416543574593,0.23233577609062195,0.8722304283604135,0.23233577609062195,0.8722304283604135,6.367822269481849e-09,5.753437726241373e-09,6.96455586535194e-08,1.0,0.15944278240203857,0.3169110119342804,119,0.6539239883422852,0.3169110119342804,1.0,0.3169110119342804
GCN,320,2105,5,1,2,0.2581160068511963,4.562716007232666,4.30460000038147,0.8660253286361694,0.04772282764315605,-0.0012616189196705818,0.26867571473121643,0.044792406260967255,0.11860553239863585,0,0.0,0.041172365666434056,59,0.24109451472759247,0.9883387684822083,0.2986959277183521,0.8574593796159528,32.242374420166016,0.3932791728212703,0.2684681713581085,0.9139586410635155,0.2684681713581085,0.9139586410635155,6.71586253275791e-09,1.555310369383278e-08,1.2053523334998317e-07,1.0,0.23832935094833374,0.36693209409713745,56,0.8515893816947937,0.36693206429481506,1.0,0.36693206429481506
GCN,320,2107,1,1,4,-1.4181771278381348,2.5236754417419434,3.941852569580078,0.7499998807907104,0.0266443882137537,-0.0003378766996320337,0.20046326518058777,0.03452015668153763,0.10837438423645321,0,0.0,0.0642009769713887,92,0.1554075926542282,0.991264283657074,0.2503828901503653,0.43353028064992616,24.136648178100586,0.047636632200886264,0.2015640288591385,0.7418759231905465,0.2015640288591385,0.7418759231905465,3.8399412538581146e-09,1.5706687506167327e-08,1.2336684562797018e-07,1.0,0.15405692160129547,0.2738790214061737,88,0.77915358543396,0.2738789916038513,1.0,0.2738789916038513
GCN,320,2113,2,0,6,-2.72218656539917,-0.04142415523529053,2.6807624101638794,0.6708203554153442,0.02168796956539154,-0.03461850807070732,0.17496514320373535,0.032329946756362915,0.10837438423645321,0,0.0,0.06978367062107467,100,0.12064536660909653,0.9904034733772278,0.23303874882422423,0.15620384047267355,21.123388290405273,0.01292466765140325,0.17676424980163574,0.371122599704579,0.17676424980163574,0.371122599704579,7.436014470840746e-09,7.082463504559655e-09,5.933664937174399e-08,1.0,0.12006516754627228,0.23864343762397766,96,0.6998482346534729,0.23864343762397766,1.0,0.23864343762397766
GCN,320,2120,4,1,5,-2.3529000282287598,0.4664022922515869,2.8193023204803467,0.7071066498756409,0.03176762908697128,0.0,0.22909578680992126,0.041316743940114975,0.10913224706328155,0,0.0,0.06699232379623168,96,0.16774751245975494,0.9893313646316528,0.2701538607181159,0.7573855243722304,27.556705474853516,0.15768094534711966,0.22961123287677765,0.8677991137370753,0.22961123287677765,0.8677991137370753,6.46917319713225e-09,6.7039964690707166e-09,7.186135775327784e-08,1.0,0.16595788300037384,0.3129332363605499,91,0.84275883436203,0.31293320655822754,1.0,0.31293320655822754
GCN,320,2122,4,0,10,-3.899515151977539,-1.9998527765274048,1.8996623754501343,0.5669466257095337,0.01523348968476057,-0.053657934069633484,0.21518413722515106,0.21949169039726257,0.7324744221295946,1,0.0,0.12630844382414516,181,0.12478340417146683,0.9955931901931763,0.2606715703197707,0.6299852289512555,25.882814407348633,0.08973412112259971,0.21605627238750458,0.8349335302806499,0.21605627238750458,0.8349335302806499,5.783393319802599e-09,1.0836869179797759e-08,8.680649443704169e-08,1.0,0.12486229836940765,0.2936485707759857,178,0.5070580244064331,0.29364854097366333,1.0,0.29364854097366333
GCN,320,2130,4,0,12,-4.287795066833496,-2.2685346603393555,2.0192604064941406,0.5303300619125366,0.021718842908740044,0.0,0.2569352686405182,0.017508702352643013,0.10837438423645321,0,0.0,0.0928122819260293,133,0.14064663648605347,0.9929191470146179,0.29057570623925577,0.8452732644017725,30.83758544921875,0.31277695716395865,0.25699347257614136,0.9014032496307238,0.25699347257614136,0.9014032496307238,1.56013904017982e-08,2.2739628846579762e-08,1.364686568194884e-07,1.0,0.13965076208114624,0.3511040210723877,128,0.43938708305358887,0.3511039912700653,1.0,0.3511039912700653
GCN,320,2131,0,1,3,1.7288687229156494,4.806621074676514,3.0777523517608643,0.8017836213111877,0.034073006361722946,-0.0016303393058478832,0.2015925794839859,0.046943068504333496,0.1328154604016673,0,0.0,0.046057222609909285,66,0.16756229102611542,0.9876893758773804,0.2514855533701417,0.4538404726735598,24.271596908569336,0.050221565731166914,0.202516570687294,0.7503692762186115,0.202516570687294,0.7503692762186115,3.725290298461914e-09,5.978127770589481e-09,3.6118031232490466e-08,1.0,0.16554223001003265,0.27528995275497437,63,0.8642656803131104,0.27528995275497437,1.0,0.27528995275497437
GCN,320,2139,3,0,4,-5.504662036895752,-2.6055407524108887,2.8991212844848633,0.7499998807907104,0.0377153716981411,0.0,0.22115734219551086,0.04681386053562164,0.13111026904130352,0,0.0,0.0418702023726448,60,0.17231501638889313,0.9857232570648193,0.2650615943995762,0.7056868537666174,26.61747932434082,0.11742983751846381,0.22183345258235931,0.8515509601181684,0.22183345258235931,0.8515509601181684,9.96558657817559e-09,6.048557654736442e-09,3.9281502495214227e-08,1.0,0.16985490918159485,0.30196434259414673,55,0.8235284090042114,0.30196431279182434,1.0,0.30196431279182434
GCN,320,2141,3,0,4,-6.3463029861450195,-2.200712203979492,4.145590782165527,0.7499998807907104,0.04076367989182472,0.0,0.24846147000789642,0.044341713190078735,0.11405835543766578,0,0.0,0.046057222609909285,66,0.193407341837883,0.986768364906311,0.2841276009663371,0.8308714918759232,29.83966636657715,0.25960118168389956,0.24857667088508606,0.8940177252584933,0.24857667088508606,0.8940177252584933,9.005460377409236e-09,1.9237873516431137e-08,8.851729660364072e-08,1.0,0.190848246216774,0.33928585052490234,61,0.8108103275299072,0.33928582072257996,1.0,0.33928582072257996
GCN,320,2153,4,1,3,0.07674455642700195,3.3968818187713623,3.3201372623443604,0.8017836213111877,0.034706272184848785,0.0,0.17083927989006042,0.054511092603206635,0.1883289124668435,0,0.0,0.03698534542916958,53,0.1427328884601593,0.9823499321937561,0.23243301429020466,0.15398818316100443,20.640148162841797,0.009231905465288036,0.17268355190753937,0.2865583456425406,0.17268355190753937,0.2865583456425406,3.9237315618834145e-09,4.041556866951623e-09,2.815614763562735e-08,1.0,0.14021363854408264,0.2331695407629013,48,0.8605613708496094,0.2331695407629013,1.0,0.2331695407629013
GCN,320,2156,0,1,4,0.5692861080169678,3.206620216369629,2.637334108352661,0.7499998807907104,0.028042685240507126,0.0,0.20246325433254242,0.0375172458589077,0.10837438423645321,0,0.0,0.05931612002791347,85,0.1570715755224228,0.9905238151550293,0.2519786585208289,0.4619645494830133,24.37041473388672,0.05206794682422452,0.20355205237865448,0.7607090103397341,0.20355205237865448,0.7607090103397341,5.14339681956244e-09,1.556812811998043e-08,6.64559181018376e-08,1.0,0.15558311343193054,0.2765922546386719,80,0.8126035928726196,0.2765922248363495,1.0,0.2765922248363495
GCN,320,2157,6,1,5,-1.8891196250915527,1.0586363077163696,2.9477559328079224,0.7071066498756409,0.02939080260694027,-0.0002739701885730028,0.25446927547454834,0.0276288203895092,0.10837438423645321,0,0.0,0.06838799720865317,98,0.18577919900417328,0.992566704750061,0.28903276702964475,0.843426883308715,30.578933715820312,0.2998522895125554,0.2546834349632263,0.8995568685376661,0.2546834349632263,0.8995568685376661,7.957223324694951e-09,5.860286034220508e-09,3.195807352085467e-08,1.0,0.18440444767475128,0.34771642088890076,94,0.6765987873077393,0.34771642088890076,1.0,0.34771642088890076
GCN,320,2158,6,1,1,-1.6895915269851685,3.3386216163635254,5.028213143348694,0.9486831426620483,0.07506507635116577,0.0,0.3136325776576996,0.059873729944229126,0.19969685486926866,0,0.0,0.02930914166085136,42,0.310001403093338,0.9824975728988647,0.33530833966108653,0.8829394387001477,37.740516662597656,0.670605612998523,0.31298360228538513,0.9519940915805022,0.31298360228538513,0.9519940915805022,9.943804002432444e-09,3.72710884377625e-09,1.3977597745906678e-08,1.0,0.304575651884079,0.42806798219680786,37,0.9492940902709961,0.42806798219680786,1.0,0.42806798219680786
GCN,320,2160,6,1,8,-1.8828387260437012,0.6452184319496155,2.5280571579933167,0.6123723983764648,0.02421741932630539,-0.09238197654485703,0.24530522525310516,0.021834921091794968,0.10837438423645321,0,0.0,0.08304256803907886,119,0.15278945863246918,0.9926024079322815,0.2821706036592332,0.8238552437223042,29.466081619262695,0.24187592319054652,0.2455407679080963,0.8888478581979321,0.2455407679080963,0.8888478581979321,1.1166165769793679e-08,1.9891611913180895e-08,1.4666852621303406e-07,1.0,0.15338025987148285,0.33395856618881226,115,0.5417589545249939,0.33395856618881226,1.0,0.33395856618881226
GCN,320,2164,6,1,3,-2.4575085639953613,0.7325488924980164,3.1900574564933777,0.8017836213111877,0.03696797415614128,0.0,0.24113571643829346,0.03744124993681908,0.10837438423645321,0,0.0,0.04884856943475227,70,0.20011095702648163,0.9898502826690674,0.2788553282255524,0.8138847858197932,28.98442840576172,0.22008862629246675,0.24155345559120178,0.8847858197932054,0.24155345559120178,0.8847858197932054,5.430496941016827e-09,9.065831640953093e-09,4.676825327010192e-08,1.0,0.1980798989534378,0.3293987512588501,65,0.7832553386688232,0.3293987214565277,1.0,0.3293987214565277
GCN,320,2165,6,1,3,-0.9289288520812988,2.079836130142212,3.0087649822235107,0.8017836213111877,0.030789891257882118,0.0,0.19305303692817688,0.04303107038140297,0.1110269041303524,0,0.0,0.05024424284717376,72,0.16032686829566956,0.9890271425247192,0.24642707563744984,0.34379615952732645,23.25726318359375,0.0361890694239291,0.19425088167190552,0.6683899556868538,0.19425088167190552,0.6683899556868538,2.419646927265262e-09,3.7834979593753815e-09,6.384486539445788e-08,1.0,0.1585676223039627,0.2636914551258087,67,0.8653022050857544,0.2636914551258087,1.0,0.2636914551258087
GCN,320,2166,5,1,2,-2.4487714767456055,1.1303324699401855,3.579103946685791,0.8660253286361694,0.08365887403488159,0.0,0.25622132420539856,0.09048342704772949,0.24820007578628267,0,0.0,0.034193998604326585,49,0.23554489016532898,0.9619505405426025,0.29067376558266955,0.8452732644017725,30.77763557434082,0.3087149187592319,0.2563375234603882,0.9006646971935007,0.2563375234603882,0.9006646971935007,1.862645149230957e-09,1.6273700609303887e-08,1.2236263557952043e-07,1.0,0.22658252716064453,0.3488466739654541,44,0.959981381893158,0.3488466441631317,1.0,0.3488466441631317
GCN,320,2172,0,1,5,3.2224998474121094,4.740423679351807,1.5179238319396973,0.7071066498756409,0.03074590116739273,-0.000337238481733948,0.18906818330287933,0.04231371358036995,0.10989010989010989,0,0.0,0.05373342637822749,77,0.13891743123531342,0.9853994250297546,0.24314710259179137,0.28508124076809455,22.78757667541504,0.030280649926144758,0.190331369638443,0.6104135893648449,0.190331369638443,0.6104135893648449,6.316537071171524e-09,1.0967935892836067e-08,7.613383701254861e-08,1.0,0.13689713180065155,0.25813573598861694,73,0.7359651327133179,0.25813573598861694,1.0,0.25813573598861694
GCN,320,2177,3,1,4,0.6016138792037964,2.6755290031433105,2.073915123939514,0.7499998807907104,0.060897283256053925,0.0,0.228438138961792,0.08384816348552704,0.22735884804850323,0,0.0,0.05443126308443824,78,0.18119633197784424,0.966000497341156,0.26720529184722625,0.7267355982274741,27.374454498291016,0.14918759231905465,0.22846387326717377,0.8655834564254062,0.22846387326717377,0.8655834564254062,8.33000246558413e-09,1.4384477609041824e-08,1.0929656468761095e-07,1.0,0.1750357449054718,0.3111747205257416,73,0.9435946941375732,0.3111746907234192,1.0,0.3111746907234192
GCN,320,2181,0,1,8,3.6868324279785156,4.613190650939941,0.9263582229614258,0.6123723983764648,0.027886126190423965,-7.699820707784966e-05,0.19875702261924744,0.018849361687898636,0.10837438423645321,0,0.0,0.07606420097697139,109,0.1264663189649582,0.9855085015296936,0.2497009783844042,0.4121122599704579,23.928804397583008,0.044682422451994094,0.19974485039710999,0.7230428360413589,0.19974485039710999,0.7230428360413589,1.3316203251179104e-08,2.093484141596491e-08,1.6770563604495692e-07,1.0,0.12463529407978058,0.271371454000473,105,0.3290838301181793,0.271371454000473,1.0,0.271371454000473
GCN,320,2189,0,1,6,1.0849246978759766,3.617543935775757,2.5326192378997803,0.6708203554153442,0.02135578542947769,-0.0013706176541745663,0.1984741985797882,0.027560923248529434,0.10837438423645321,0,0.0,0.0732728541521284,105,0.13740739226341248,0.9928269982337952,0.2491543593976671,0.4054652880354505,23.903766632080078,0.04357459379615953,0.19966243207454681,0.7226735598227474,0.19966243207454681,0.7226735598227474,6.333678470582527e-09,1.607338617759524e-08,1.2721504560886387e-07,1.0,0.1364443004131317,0.2711988687515259,102,0.6252293586730957,0.2711988687515259,1.0,0.2711988687515259
GCN,320,2195,0,1,4,-0.6433396935462952,2.732393980026245,3.3757336735725403,0.7499998807907104,0.03672810643911362,-0.0002032588963629678,0.256971150636673,0.03253729268908501,0.10837438423645321,0,0.0,0.052337752965806,75,0.19945965707302094,0.9899165630340576,0.28976432555219195,0.8441654357459379,30.844459533691406,0.31277695716395865,0.2570893466472626,0.9014032496307238,0.2570893466472626,0.9014032496307238,5.185384566175344e-09,5.0851811650431955e-09,2.55562788709085e-08,1.0,0.19745415449142456,0.3510296940803528,71,0.6829491853713989,0.3510296940803528,1.0,0.3510296940803528
GCN,320,2198,0,1,5,2.395059823989868,4.759492874145508,2.3644330501556396,0.7071066498756409,0.023195473477244377,-0.02926301211118698,0.18655729293823242,0.033996615558862686,0.10837438423645321,0,0.0,0.06908583391486392,99,0.13565629720687866,0.9913188815116882,0.2420086046119645,0.2692023633677991,22.496089935302734,0.026957163958641065,0.1880907118320465,0.5727474150664698,0.1880907118320465,0.5727474150664698,5.201042707625447e-09,1.5693334631805556e-08,1.2482958311466064e-07,1.0,0.1350007951259613,0.2545599937438965,97,0.773374080657959,0.2545599937438965,1.0,0.2545599937438965
GCN,320,2212,3,1,4,-2.5797221660614014,0.9621410369873047,3.541863203048706,0.7499998807907104,0.032489582896232605,-0.0007181899854913354,0.2329956293106079,0.036224283277988434,0.10837438423645321,0,0.0,0.056524773203070484,81,0.18075546622276306,0.9903944134712219,0.2725951981712112,0.7791728212703102,27.989532470703125,0.17466765140324964,0.2334364950656891,0.8737075332348597,0.2334364950656891,0.8737075332348597,7.258941003840391e-09,1.6109121148133454e-08,1.2392978021580348e-07,1.0,0.17903713881969452,0.31828832626342773,77,0.7793357968330383,0.31828832626342773,1.0,0.31828832626342773
GCN,320,2215,3,1,4,-2.9401509761810303,0.8321542739868164,3.7723052501678467,0.7499998807907104,0.031249022111296654,-0.0002667192311491817,0.21828587353229523,0.038489386439323425,0.10837438423645321,0,0.0,0.055826936496859735,80,0.16943517327308655,0.9898843169212341,0.26245296034092663,0.6632200886262924,26.244434356689453,0.10450516986706056,0.21912944316864014,0.8474889217134417,0.21912944316864014,0.8474889217134417,4.679837850574131e-09,6.776444294587236e-09,3.955928917775964e-08,1.0,0.16772763431072235,0.29818251729011536,76,0.8065873384475708,0.29818248748779297,1.0,0.29818248748779297
GCN,320,2218,1,1,2,-1.0625115633010864,4.778384685516357,5.840896248817444,0.8660253286361694,0.10057755559682846,0.0,0.3254115879535675,0.08233054727315903,0.22300113679424025,0,0.0,0.027913468248429867,40,0.29811838269233704,0.9657344222068787,0.3434682688584323,0.8877400295420975,38.96195983886719,0.725258493353028,0.3238150477409363,0.9612259970457903,0.3238150477409363,0.9612259970457903,9.678587709061048e-09,9.455475513675538e-09,6.910168792728655e-08,1.0,0.28790315985679626,0.4432559609413147,35,0.922748863697052,0.4432559311389923,1.0,0.4432559311389923
GCN,320,2224,4,0,8,-2.320507287979126,-0.19125604629516602,2.12925124168396,0.6123723983764648,0.01864817552268505,-0.1201976016163826,0.2149686962366104,0.2517143785953522,0.8003031451307313,1,0.0,0.08932309839497557,128,0.13340327143669128,0.9942852258682251,0.2609162624648001,0.6392171344165436,25.86009407043457,0.0878877400295421,0.21583053469657898,0.8349335302806499,0.21583053469657898,0.8349335302806499,6.601888369317521e-09,6.3972840358417216e-09,7.678153224333073e-08,1.0,0.13436521589756012,0.29255664348602295,125,0.4852263331413269,0.29255664348602295,1.0,0.29255664348602295
GCN,320,2228,6,1,6,-1.3352384567260742,1.152419090270996,2.4876575469970703,0.6708203554153442,0.02134540118277073,0.0,0.191536083817482,0.02608475461602211,0.10837438423645321,0,0.0,0.0718771807397069,103,0.13269400596618652,0.992313802242279,0.245261746216159,0.3205317577548006,23.090301513671875,0.03508124076809453,0.1929779201745987,0.6491875923190547,0.1929779201745987,0.6491875923190547,5.568498995245363e-09,6.178791700506281e-09,4.618270921241674e-08,1.0,0.13167409598827362,0.2617175281047821,98,0.6280573010444641,0.2617175281047821,1.0,0.2617175281047821
GCN,320,2229,3,1,3,-2.5298547744750977,1.8355872631072998,4.3654420375823975,0.8017836213111877,0.04354128986597061,0.0,0.2719559073448181,0.03836346045136452,0.10837438423645321,0,0.0,0.04815073272854152,69,0.22587114572525024,0.9889434576034546,0.3018748972874816,0.8607828655834564,32.64480972290039,0.4139586410635155,0.27185022830963135,0.9165435745937962,0.27185022830963135,0.9165435745937962,4.4664663079174716e-09,1.753819134364676e-08,7.223305686920867e-08,1.0,0.22337381541728973,0.37146151065826416,64,0.7684792280197144,0.37146151065826416,1.0,0.37146151065826416
GCN,320,2231,0,1,2,-1.973127007484436,1.7351443767547607,3.7082713842391968,0.8660253286361694,0.04434539005160332,-0.0005277837626636028,0.255408376455307,0.04231519252061844,0.10989010989010989,0,0.0,0.04256803907885555,61,0.22911837697029114,0.9888536334037781,0.2897965287354422,0.8441654357459379,30.694181442260742,0.3050221565731167,0.25556060671806335,0.8999261447562777,0.25556060671806335,0.8999261447562777,7.875047280947456e-09,1.6139589220642847e-08,1.2307648944442917e-07,1.0,0.22658252716064453,0.3488466739654541,57,0.8442549705505371,0.3488466739654541,1.0,0.3488466739654541
GCN,320,2232,0,1,3,2.6054160594940186,4.6843695640563965,2.078953504562378,0.8017836213111877,0.03898737207055092,-0.00043322957935743034,0.22401630878448486,0.046522002667188644,0.12580522925350512,0,0.0,0.04256803907885555,61,0.18636813759803772,0.986966073513031,0.26616684960675707,0.7186115214180206,26.92978858947754,0.12629246676514033,0.22462494671344757,0.8581979320531757,0.22462494671344757,0.8581979320531757,6.177695244247161e-09,1.7706900834468797e-08,1.3064600068446452e-07,1.0,0.18395204842090607,0.30590471625328064,57,0.8572970032691956,0.30590468645095825,1.0,0.30590468645095825
GCN,320,2235,5,1,3,-4.018385410308838,1.1870408058166504,5.205426216125488,0.8017836213111877,0.04306357726454735,-0.15606853365898132,0.2715737223625183,0.2831510603427887,0.8529746115953013,1,0.0,0.04675505931612003,67,0.21864068508148193,0.9887376427650452,0.3019776022244305,0.8607828655834564,32.582763671875,0.41285081240768096,0.27133896946907043,0.9165435745937962,0.27133896946907043,0.9165435745937962,8.624168046367231e-09,3.0585397325921804e-08,1.2345734035079658e-07,1.0,0.22134846448898315,0.36809343099594116,64,0.7160329818725586,0.36809343099594116,1.0,0.36809343099594116
GCN,320,2249,4,0,6,-3.836589813232422,-1.9426345825195312,1.8939552307128906,0.6708203554153442,0.019440261647105217,0.0,0.1641959547996521,0.03286745026707649,0.10837438423645321,0,0.0,0.0718771807397069,103,0.11385264992713928,0.9913356304168701,0.22928615005599876,0.1358936484490399,19.863876342773438,0.005539143279172821,0.1663948893547058,0.17319054652880356,0.1663948893547058,0.17319054652880356,4.702948253054728e-09,1.5565952082852164e-08,1.2617616107490903e-07,1.0,0.11286621540784836,0.2243346869945526,98,0.7448909282684326,0.22433467209339142,1.0,0.22433467209339142
GCN,320,2264,4,1,1,0.24331486225128174,4.163422584533691,3.9201077222824097,0.9486831426620483,0.07057054340839386,0.0,0.3319089114665985,0.05079802870750427,0.16331943918150815,0,0.0,0.03210048848569435,46,0.3269977867603302,0.9861224889755249,0.3499781512355026,0.888109305760709,39.82202911376953,0.7548005908419497,0.3309451639652252,0.9667651403249631,0.3309451639652252,0.9667651403249631,0.0,3.017223804135938e-08,6.141964803418887e-08,1.0,0.322459876537323,0.4532034993171692,41,0.9066163301467896,0.4532034695148468,0.9999999403953552,0.4532034993171692
GCN,320,2274,0,1,3,-1.0307565927505493,1.887505054473877,2.9182616472244263,0.8017836213111877,0.03593374043703079,0.0,0.19494833052158356,0.05186285078525543,0.1724137931034483,0,0.0,0.041172365666434056,59,0.16242720186710358,0.9854120016098022,0.24644165575691776,0.34379615952732645,23.47225570678711,0.03840472673559823,0.19609437882900238,0.691285081240768,0.19609437882900238,0.691285081240768,5.015325488244571e-09,1.5483019311091084e-08,6.497101168179142e-08,1.0,0.16005772352218628,0.2661694288253784,54,0.902382493019104,0.2661694288253784,1.0,0.2661694288253784
GCN,320,2279,2,0,3,-5.082881927490234,-0.3075789213180542,4.77530300617218,0.8017836213111877,0.0312647819519043,-0.0006133209681138396,0.2196732610464096,0.035697631537914276,0.10837438423645321,0,0.0,0.05722260990928123,82,0.18205420672893524,0.991235077381134,0.26306779681379244,0.670605612998523,26.41356658935547,0.11078286558345643,0.22041445970535278,0.8500738552437223,0.22041445970535278,0.8500738552437223,4.906046235930717e-09,4.124126817828255e-09,2.1476024514299752e-08,1.0,0.18047328293323517,0.30011966824531555,78,0.7846745848655701,0.30011963844299316,1.0,0.30011963844299316
GCN,320,2288,5,1,3,-2.0624799728393555,2.0239038467407227,4.086383819580078,0.8017836213111877,0.040046680718660355,0.0,0.24866840243339539,0.03800889477133751,0.10837438423645321,0,0.0,0.04396371249127704,63,0.2065536230802536,0.9888151288032532,0.2829406047707154,0.8260709010339734,29.856674194335938,0.25960118168389956,0.24872422218322754,0.8943870014771049,0.24872422218322754,0.8943870014771049,5.963374238859842e-09,7.073847285710144e-09,6.860409484943375e-08,1.0,0.20424336194992065,0.3396483361721039,58,0.7569312453269958,0.3396482467651367,1.0,0.3396482467651367
GCN,320,2293,0,1,3,-0.2805277109146118,3.114983081817627,3.3955107927322388,0.8017836213111877,0.03955579921603203,0.0,0.2219996452331543,0.04167373478412628,0.10913224706328155,0,0.0,0.03977669225401256,57,0.18480966985225677,0.9863518476486206,0.2651961876369707,0.7056868537666174,26.689273834228516,0.11964549483013294,0.22263358533382416,0.8548744460856721,0.22263358533382416,0.8548744460856721,7.213993846733047e-09,1.6183614448550543e-08,7.017749226179149e-08,1.0,0.18228736519813538,0.30313640832901,52,0.7501043677330017,0.30313640832901,1.0,0.30313640832901
GCN,320,2297,4,1,3,-3.362931489944458,0.8648927211761475,4.2278242111206055,0.8017836213111877,0.05695796385407448,0.0,0.29684343934059143,0.028776567429304123,0.10837438423645321,0,0.0,0.03977669225401256,57,0.24759043753147125,0.9842162132263184,0.32157477107976656,0.8733382570162481,35.609352111816406,0.5649926144756278,0.2962161898612976,0.939807976366322,0.2962161898612976,0.939807976366322,8.932932615834943e-09,1.7586035738759165e-08,7.04242424376389e-08,1.0,0.24368251860141754,0.40523403882980347,52,0.48098236322402954,0.40523403882980347,1.0,0.40523403882980347
GCN,320,2299,4,1,2,-2.4570937156677246,1.3619178533554077,3.8190115690231323,0.8660253286361694,0.04767318069934845,0.0,0.26643121242523193,0.04564858227968216,0.12315270935960591,0,0.0,0.04326587578506629,62,0.23917746543884277,0.9881746768951416,0.2975833498174862,0.8567208271787297,32.02043533325195,0.3814623338257016,0.26635849475860596,0.9113737075332349,0.26635849475860596,0.9113737075332349,8.225217840163168e-09,3.6013565463122177e-09,1.440542618524887e-08,1.0,0.23634912073612213,0.3638833165168762,57,0.8837489485740662,0.36388325691223145,1.0,0.36388325691223145
GCN,320,2302,3,1,2,-2.353142738342285,0.6877957582473755,3.0409384965896606,0.8660253286361694,0.03836897388100624,0.0,0.19902381300926208,0.053249988704919815,0.1816976127320955,0,0.0,0.0418702023726448,60,0.17896528542041779,0.986305832862854,0.2504987658710117,0.43353028064992616,23.96748924255371,0.04542097488921713,0.2001519352197647,0.7293205317577548,0.2001519352197647,0.7293205317577548,3.951266869250958e-09,4.462291869344881e-09,2.5085272525871005e-08,1.0,0.17651450634002686,0.2717618942260742,55,0.9568302631378174,0.2717618942260742,1.0,0.2717618942260742
GCN,320,2310,3,1,2,-0.8972519636154175,3.0120561122894287,3.909308075904846,0.8660253286361694,0.05637802183628082,-0.05397937446832657,0.27847257256507874,0.05146251618862152,0.17032967032967034,0,0.0,0.034891835310537335,50,0.24763426184654236,0.9845893979072571,0.3066873818485335,0.8633677991137371,33.419097900390625,0.4527326440177253,0.278060644865036,0.922821270310192,0.278060644865036,0.922821270310192,1.0116752768851711e-08,6.721913692331327e-09,2.688765476932531e-08,1.0,0.2461591511964798,0.3789868652820587,46,0.8805503249168396,0.37898683547973633,1.0,0.37898683547973633
GCN,320,2316,3,1,1,-2.7889392375946045,1.5832617282867432,4.372200965881348,0.9486831426620483,0.08433899283409119,0.0,0.30286842584609985,0.07227198779582977,0.21163319439181508,0,0.0,0.020237264480111653,29,0.3009902536869049,0.9764919281005859,0.3261956417538987,0.8770310192023634,36.30524826049805,0.6045051698670606,0.302094429731369,0.9427621861152142,0.302094429731369,0.9427621861152142,1.4307248719092058e-08,3.392063518958821e-09,1.3504177331924438e-08,1.0,0.2939145565032959,0.4130842685699463,24,0.9848650693893433,0.4130842685699463,1.0,0.4130842685699463
GCN,320,2318,1,1,2,-0.8012129664421082,4.232295989990234,5.0335089564323425,0.8660253286361694,0.04087688401341438,0.0,0.2401271015405655,0.042279671877622604,0.10989010989010989,0,0.0,0.04326587578506629,62,0.21535012125968933,0.9892816543579102,0.2777752675830485,0.8076070901033974,28.85600471496582,0.21344165435745938,0.2403872311115265,0.8833087149187593,0.2403872311115265,0.8833087149187593,5.7410578513383825e-09,5.020726945303977e-09,2.9495149433955703e-08,1.0,0.21304193139076233,0.3279995620250702,57,0.8603706955909729,0.3279995322227478,1.0,0.3279995322227478
GCN,320,2320,3,1,2,-0.7421797513961792,3.2719881534576416,4.014167904853821,0.8660253286361694,0.0470731146633625,0.0,0.2293240875005722,0.0551406554877758,0.1896551724137931,0,0.0,0.03698534542916958,53,0.20654480159282684,0.9845110774040222,0.270399354200255,0.758493353028065,27.584157943725586,0.15989660265878877,0.22969859838485718,0.8677991137370753,0.22969859838485718,0.8677991137370753,5.350040854779081e-09,4.499719707951044e-09,6.226293436384367e-08,1.0,0.2033456414937973,0.3130711317062378,48,0.9305490255355835,0.3130711317062378,1.0,0.3130711317062378
GCN,320,2321,0,1,2,1.2321441173553467,4.481225490570068,3.2490813732147217,0.8660253286361694,0.04849979281425476,-0.00038547630538232625,0.2480238676071167,0.05069107189774513,0.16331943918150815,0,0.0,0.03768318213538032,54,0.22308573126792908,0.9859156608581543,0.2833976603628134,0.8268094534711965,29.78489875793457,0.25775480059084194,0.24805960059165955,0.8929098966026587,0.24805960059165955,0.8929098966026587,5.587935447692871e-09,1.5635231775945613e-08,6.357768711495737e-08,1.0,0.21995809674263,0.3386476933956146,50,0.8979986310005188,0.3386476933956146,1.0,0.3386476933956146
GCN,320,2330,0,1,3,1.1136327981948853,4.388833999633789,3.275201201438904,0.8017836213111877,0.034849561750888824,-0.0014892973704263568,0.23525255918502808,0.03962778300046921,0.10837438423645321,0,0.0,0.051639916259595256,74,0.1950596570968628,0.9905103445053101,0.27383501585644515,0.7869276218611522,28.27650260925293,0.1883308714918759,0.23558852076530457,0.8759231905465288,0.23558852076530457,0.8759231905465288,5.890201215663637e-09,1.699753404693638e-08,7.317849082255634e-08,1.0,0.19324854016304016,0.3213644027709961,70,0.8076953887939453,0.3213644027709961,1.0,0.3213644027709961
GCN,320,2331,1,1,2,-1.8009889125823975,3.372800827026367,5.173789739608765,0.8660253286361694,0.055538635700941086,0.0,0.24916793406009674,0.060301441699266434,0.2002652519893899,0,0.0,0.03279832519190509,47,0.22496600449085236,0.9818006157875061,0.28446348511421815,0.8334564254062038,29.921621322631836,0.2640324963072378,0.2491999864578247,0.8943870014771049,0.2491999864578247,0.8943870014771049,5.26835597369768e-09,5.497466482040636e-09,2.143053912107007e-08,1.0,0.22087177634239197,0.34005439281463623,42,0.9371631741523743,0.34005439281463623,1.0,0.34005439281463623
GCN,320,2337,4,1,1,-3.6526241302490234,2.439429998397827,6.092054128646851,0.9486831426620483,0.08601745963096619,-0.0008580302237533033,0.3216327428817749,0.0603230856359005,0.2006441834028041,0,0.0,0.0209351011863224,30,0.3190512955188751,0.9782565832138062,0.34074308072311665,0.8873707533234859,38.53383255004883,0.7101181683899557,0.3203481137752533,0.9582717872968981,0.3203481137752533,0.9582717872968981,7.450580596923828e-09,6.039307720584475e-08,1.2387728531848552e-07,1.0,0.31217074394226074,0.43874257802963257,26,0.8395986557006836,0.43874257802963257,1.0,0.43874257802963257
GCN,320,2341,4,1,1,-2.7989578247070312,3.2227694988250732,6.0217273235321045,0.9486831426620483,0.14220845699310303,0.0,0.37475278973579407,0.08250690996646881,0.2233800682076544,0,0.0,0.015352407536636426,22,0.37896254658699036,0.9574272036552429,0.3863573987031456,0.9161742983751846,44.81678009033203,0.8759231905465288,0.3730453848838806,0.98301329394387,0.3730453848838806,0.98301329394387,0.0,2.2603467542126054e-08,6.110285255545023e-08,1.0,0.3628290295600891,0.5099406242370605,17,0.8250702023506165,0.5099406242370605,1.0,0.5099406242370605
GCN,320,2342,0,1,1,1.4883298873901367,5.429638385772705,3.9413084983825684,0.9486831426620483,0.07826709002256393,-0.001479726517572999,0.34752511978149414,0.05361884832382202,0.18226600985221675,0,0.0,0.028611304954640614,41,0.3427771031856537,0.9844527840614319,0.3632791785724609,0.8980797636632201,41.666847229003906,0.8138847858197932,0.34634944796562195,0.9756277695716395,0.34634944796562195,0.9756277695716395,1.580506747700383e-08,6.090758120080864e-08,1.235977720170922e-07,1.0,0.33753693103790283,0.47439366579055786,38,0.9034531116485596,0.47439369559288025,1.0,0.47439369559288025
GCN,320,2346,3,1,3,-2.8042216300964355,0.921319842338562,3.7255414724349976,0.8017836213111877,0.03505385294556618,0.0,0.2015916258096695,0.046090200543403625,0.12542629784009093,0,0.0,0.04326587578506629,62,0.167724147439003,0.9869910478591919,0.2517827367171726,0.45457902511078285,24.274686813354492,0.050221565731166914,0.20268936455249786,0.7536927621861153,0.20268936455249786,0.7536927621861153,9.243112941703657e-09,6.838099864125979e-09,3.833441653000591e-08,1.0,0.16554223001003265,0.27528995275497437,57,0.8500851988792419,0.275289922952652,1.0,0.275289922952652
GCN,320,2347,0,1,3,0.7088344693183899,3.07024884223938,2.36141437292099,0.8017836213111877,0.03370118513703346,0.0,0.19353826344013214,0.04007366672158241,0.10837438423645321,0,0.0,0.0418702023726448,60,0.16102901101112366,0.9869546890258789,0.2464592202918462,0.34379615952732645,23.320409774780273,0.03692762186115214,0.19470416009426117,0.6739290989660266,0.19470416009426117,0.6739290989660266,6.7801306791182014e-09,4.257523222861437e-09,6.522749629311875e-08,1.0,0.15892833471298218,0.26429131627082825,55,0.7380706071853638,0.26429128646850586,1.0,0.26429128646850586
GCN,320,2353,4,1,3,-2.3501369953155518,0.5667329430580139,2.9168699383735657,0.8017836213111877,0.03555407375097275,-0.0004075457400176674,0.2299342304468155,0.04010401666164398,0.10837438423645321,0,0.0,0.04954640614096301,71,0.1908300369977951,0.989675760269165,0.27141608607466566,0.7680945347119645,27.674903869628906,0.16285081240768096,0.230531245470047,0.8692762186115214,0.230531245470047,0.8692762186115214,2.9451006078318187e-09,1.622073142470981e-08,6.962843457358758e-08,1.0,0.18887102603912354,0.3140847682952881,67,0.8318006992340088,0.3140847384929657,1.0,0.3140847384929657
GCN,320,2359,2,0,11,-7.235702991485596,-5.637932300567627,1.5977706909179688,0.5477225184440613,0.024233287200331688,-9.588197281118482e-05,0.20917119085788727,0.038263894617557526,0.10837438423645321,0,0.0,0.09979064898813678,143,0.11881638318300247,0.9876149296760559,0.2561273409195168,0.5476366322008862,25.15035629272461,0.06831610044313147,0.21002811193466187,0.8090841949778435,0.21002811193466187,0.8090841949778435,1.1805684430044039e-08,1.14217080238177e-08,9.335928297105056e-08,1.0,0.1173466220498085,0.2856595516204834,139,0.7236012816429138,0.285659521818161,1.0,0.285659521818161
GCN,320,2365,2,0,7,-7.120924949645996,-5.147831916809082,1.973093032836914,0.6396021246910095,0.03492196649312973,-0.0003014862013515085,0.22231651842594147,0.038465701043605804,0.10837438423645321,0,0.0,0.06769016050244243,97,0.1480201631784439,0.9833922982215881,0.26410544740290565,0.6864844903988183,26.707857131958008,0.11964549483013294,0.22272171080112457,0.8548744460856721,0.22272171080112457,0.8548744460856721,1.1253213472173229e-08,1.829656781637823e-08,9.51044043517868e-08,1.0,0.14556998014450073,0.3034594655036926,93,0.626493513584137,0.3034594655036926,1.0,0.3034594655036926
GCN,320,2368,3,1,2,-0.28088295459747314,3.8807146549224854,4.1615976095199585,0.8660253286361694,0.05734952166676521,0.0,0.2463206797838211,0.06448768079280853,0.20500189465706706,0,0.0,0.03210048848569435,46,0.22271974384784698,0.9801849126815796,0.28274675627280443,0.8245937961595273,29.590957641601562,0.24741506646971936,0.24638831615447998,0.8899556868537666,0.24638831615447998,0.8899556868537666,1.236416213856728e-08,1.60464281862005e-08,6.918322981164238e-08,1.0,0.2183065265417099,0.3361049294471741,41,0.9594854116439819,0.3361049294471741,1.0,0.3361049294471741
GCN,320,2383,4,0,10,-4.812613010406494,-2.9838366508483887,1.8287763595581055,0.5669466257095337,0.02022654563188553,-0.0002807958808261901,0.21968302130699158,0.01673303171992302,0.10837438423645321,0,0.0,0.09630146545708304,138,0.1285826414823532,0.9926514029502869,0.26372937176022904,0.6850073855243722,26.41769027709961,0.11078286558345643,0.22042834758758545,0.8500738552437223,0.22042834758758545,0.8500738552437223,1.4465511455341584e-08,2.815324329219493e-08,2.2392994480924244e-07,1.0,0.12764208018779755,0.30018600821495056,135,0.41214650869369507,0.3001859784126282,1.0,0.3001859784126282
GCN,320,2384,0,1,1,1.0360625982284546,5.181539535522461,4.145476937294006,0.9486831426620483,0.0686800554394722,-0.00021621469932142645,0.2873614728450775,0.06159036606550217,0.20291777188328913,0,0.0,0.0314026517794836,45,0.28400713205337524,0.9825441837310791,0.3134210008479422,0.8685376661742984,34.42827224731445,0.5048005908419497,0.28649020195007324,0.9324224519940916,0.28649020195007324,0.9324224519940916,0.0,3.037017748397375e-08,6.167331889628258e-08,1.0,0.2790609896183014,0.3922082185745239,41,0.9778942465782166,0.3922082185745239,1.0,0.3922082185745239
GCN,320,2389,2,1,2,-3.5323593616485596,0.4554135799407959,3.9877729415893555,0.8660253286361694,0.04658159986138344,-0.0024914813693612814,0.2192494422197342,0.05840533971786499,0.1964759378552482,0,0.0,0.03210048848569435,46,0.19754602015018463,0.9834104180335999,0.26303661255039834,0.670605612998523,26.38700294494629,0.10930576070901034,0.21982333064079285,0.8482274741506647,0.21982333064079285,0.8482274741506647,2.63417798684884e-09,6.001037444747226e-09,3.143817295381268e-08,1.0,0.19435809552669525,0.29923391342163086,42,0.9069632887840271,0.29923391342163086,1.0,0.29923391342163086
GCN,320,2392,2,1,3,-3.6528642177581787,0.2500278353691101,3.902892053127289,0.8017836213111877,0.03611104562878609,-0.0019445432117208838,0.22313788533210754,0.04299012944102287,0.1110269041303524,0,0.0,0.04326587578506629,62,0.1852937787771225,0.9886980652809143,0.265724149599544,0.7130723781388478,26.843862533569336,0.12259970457902511,0.22378017008304596,0.8563515509601182,0.22378017008304596,0.8563515509601182,4.4664663079174716e-09,1.5560727817387487e-08,6.530723339892575e-08,1.0,0.18325364589691162,0.30474328994750977,58,0.7984821796417236,0.30474328994750977,1.0,0.30474328994750977
GCN,320,2411,3,1,1,-2.3094985485076904,4.498066425323486,6.807564973831177,0.9486831426620483,0.0862840935587883,0.0,0.37356701493263245,0.05362537130713463,0.18226600985221675,0,0.0,0.027913468248429867,40,0.36885058879852295,0.9836750626564026,0.3846341019670165,0.9124815361890695,44.7761344909668,0.8748153618906942,0.3720611035823822,0.98301329394387,0.3720611035823822,0.98301329394387,1.3170890156288806e-08,3.759692113192159e-09,6.144788500250797e-08,1.0,0.3628291189670563,0.5099407434463501,35,0.8810270428657532,0.5099407434463501,1.0,0.5099407434463501
GCN,320,2425,3,1,5,0.8761813044548035,3.8738720417022705,2.997690737247467,0.7071066498756409,0.03545233607292175,0.0,0.2479589730501175,0.02528553456068039,0.10837438423645321,0,0.0,0.055826936496859735,80,0.18166755139827728,0.9886673092842102,0.2835612696183106,0.8286558345642541,29.783992767333984,0.25775480059084194,0.24816927313804626,0.8936484490398818,0.24816927313804626,0.8936484490398818,6.683496867054828e-09,7.847247296410842e-09,4.330649971961975e-08,1.0,0.1796087771654129,0.3386736214160919,75,0.5002095699310303,0.3386736214160919,1.0,0.3386736214160919
GCN,320,2427,3,1,3,-1.2856285572052002,3.351670265197754,4.637298822402954,0.8017836213111877,0.05776606500148773,-0.0006739171221852303,0.2882784307003021,0.03205937147140503,0.10837438423645321,0,0.0,0.04884856943475227,70,0.24071034789085388,0.9828116297721863,0.3128883928464594,0.8685376661742984,34.54713821411133,0.509970457902511,0.2875351309776306,0.9331610044313147,0.2875351309776306,0.9331610044313147,1.3236580720388247e-08,1.170379348991446e-08,5.97409126612547e-08,1.0,0.23660290241241455,0.3934609293937683,67,0.49467942118644714,0.3934609293937683,1.0,0.3934609293937683
GCN,320,2428,5,1,1,-1.2091342210769653,3.9973413944244385,5.206475615501404,0.9486831426620483,0.15541410446166992,-0.00020570385095197707,0.3339170515537262,0.12070884555578232,0.3980674497915877,1,0.0,0.020237264480111653,29,0.34388670325279236,0.9376207590103149,0.34658945548069675,0.888109305760709,39.79824447631836,0.7540620384047267,0.33133673667907715,0.9671344165435746,0.33133673667907715,0.9671344165435746,1.2904783908140871e-08,3.2571335850661853e-08,7.185230543882426e-08,1.0,0.322459876537323,0.4532034993171692,25,0.984166145324707,0.4532034695148468,1.0,0.4532034695148468
GCN,320,2431,4,1,1,-2.8696653842926025,2.956483840942383,5.826149225234985,0.9486831426620483,0.11249000579118729,0.0,0.37405091524124146,0.0748787671327591,0.21485411140583555,0,0.0,0.021632937892533146,31,0.37300580739974976,0.9727170467376709,0.38520599956984913,0.914327917282127,44.91326141357422,0.8777695716395865,0.37205296754837036,0.98301329394387,0.37205296754837036,0.98301329394387,0.0,4.5906620727009795e-09,6.289875642551124e-08,1.0,0.3628291189670563,0.5099407434463501,26,0.9448363780975342,0.5099407434463501,1.0,0.5099407434463501
GCN,320,2433,2,1,1,0.23013520240783691,4.874948978424072,4.644813776016235,0.9486831426620483,0.08693026006221771,0.0,0.37357738614082336,0.05327460914850235,0.1816976127320955,0,0.0,0.02721563154221912,39,0.3689402639865875,0.9834356904029846,0.3847508693905849,0.9124815361890695,44.76774978637695,0.8748153618906942,0.3720213770866394,0.98301329394387,0.3720213770866394,0.98301329394387,1.4901161193847656e-08,1.4785662472149852e-08,3.871995346571566e-08,1.0,0.3628290295600891,0.5099406242370605,34,0.868782639503479,0.5099406242370605,1.0,0.5099406242370605
GCN,320,2435,4,1,2,-2.2467408180236816,1.8001824617385864,4.046923279762268,0.8660253286361694,0.047886960208415985,0.0,0.2687818109989166,0.04185961186885834,0.10989010989010989,0,0.0,0.039078855547801813,56,0.24126595258712769,0.9882746338844299,0.2995148913871859,0.8578286558345642,32.2783088684082,0.3951255539143279,0.2686867117881775,0.9139586410635155,0.2686867117881775,0.9139586410635155,5.890201215663637e-09,7.28317184339744e-09,3.244292656745529e-08,1.0,0.23843704164028168,0.3670978844165802,51,0.8138949871063232,0.3670978844165802,1.0,0.3670978844165802
GCN,320,2438,3,1,2,-2.7712807655334473,3.0820655822753906,5.853346347808838,0.8660253286361694,0.06340334564447403,-0.0005552056827582419,0.2840999364852905,0.054912492632865906,0.18927624100037893,0,0.0,0.02721563154221912,39,0.25647976994514465,0.9817514419555664,0.31112932968345514,0.8670605612998523,34.10260009765625,0.48559822747415066,0.2835114002227783,0.9279911373707533,0.2835114002227783,0.9279911373707533,7.450580596923828e-09,6.7651226842713186e-09,2.695209566638823e-08,1.0,0.2518264651298523,0.3877122402191162,35,0.852355420589447,0.3877122700214386,1.0,0.3877122700214386
GCN,320,2445,2,0,4,-4.4253716468811035,-0.4366258382797241,3.9887458086013794,0.7499998807907104,0.026136137545108795,0.0,0.20192576944828033,0.03009486012160778,0.10837438423645321,0,0.0,0.06071179344033496,87,0.1564880758523941,0.9917118549346924,0.2517700121330491,0.45457902511078285,24.34292984008789,0.05132939438700148,0.203200563788414,0.7566469719350074,0.203200563788414,0.7566469719350074,7.566100634903705e-09,6.543380060008985e-09,7.37040437570613e-08,1.0,0.1551910787820816,0.27589529752731323,82,0.697531521320343,0.27589529752731323,1.0,0.27589529752731323
GCN,320,2446,2,0,8,-6.017913818359375,-2.6350646018981934,3.3828492164611816,0.6123723983764648,0.021225396543741226,-0.052343033254146576,0.2220500111579895,0.21823972463607788,0.7322849564228875,1,0.0,0.09141660851360782,131,0.13918419182300568,0.9931139945983887,0.26442796595928725,0.6905465288035451,26.694398880004883,0.11964549483013294,0.2226865291595459,0.8548744460856721,0.2226865291595459,0.8548744460856721,9.160635805471884e-09,1.7149936581972725e-08,1.3355958117244882e-07,1.0,0.1390804499387741,0.3028232455253601,127,0.4822635054588318,0.3028232157230377,1.0,0.3028232157230377
GCN,320,2448,2,0,5,-5.733953475952148,-2.258024215698242,3.4759292602539062,0.7071066498756409,0.027096310630440712,-0.03685993701219559,0.2110619843006134,0.03139477223157883,0.10837438423645321,0,0.0,0.06908583391486392,99,0.15331785380840302,0.9907276034355164,0.25702535512361835,0.5620384047267356,25.390094757080078,0.07496307237813885,0.21193532645702362,0.8201624815361891,0.21193532645702362,0.8201624815361891,7.66575247723722e-09,1.6570893990319746e-08,1.2864983034432953e-07,1.0,0.15266454219818115,0.28786706924438477,95,0.6916749477386475,0.28786709904670715,1.0,0.28786709904670715
GCN,320,2456,5,1,2,-1.3839836120605469,3.346726179122925,4.730709791183472,0.8660253286361694,0.046375006437301636,-0.0564873032271862,0.2718321681022644,0.04265150427818298,0.11083743842364532,0,0.0,0.04326587578506629,62,0.24112874269485474,0.9890301823616028,0.30190851096627536,0.8607828655834564,32.611019134521484,0.41285081240768096,0.27147525548934937,0.9165435745937962,0.27147525548934937,0.9165435745937962,7.847463123766829e-09,1.571305041636606e-08,6.325628021386365e-08,1.0,0.24049876630306244,0.37027212977409363,60,0.8437040448188782,0.37027207016944885,1.0,0.37027207016944885
GCN,320,2459,3,0,2,-5.881847381591797,-1.2671476602554321,4.614699721336365,0.8660253286361694,0.08521057665348053,0.0,0.27820906043052673,0.07052122801542282,0.21049640015157256,0,0.0,0.01465457083042568,21,0.2547374367713928,0.9663251638412476,0.30449626496565846,0.8626292466765141,33.402244567871094,0.45088626292466766,0.2776755094528198,0.922082717872969,0.2776755094528198,0.922082717872969,0.0,1.1893749984892565e-08,4.281552179463688e-08,1.0,0.24615918099880219,0.3789868950843811,16,0.7976057529449463,0.3789868950843811,1.0,0.3789868950843811
GCN,320,2461,6,1,1,-3.2741506099700928,2.5245251655578613,5.798675775527954,0.9486831426620483,0.08985865861177444,0.0,0.3736255466938019,0.05748751759529114,0.19552860932171276,0,0.0,0.026517794836008374,38,0.36935532093048096,0.982330858707428,0.38406179895174064,0.9124815361890695,44.780967712402344,0.8751846381093058,0.37180453538894653,0.98301329394387,0.37180453538894653,0.98301329394387,6.71586253275791e-09,1.4346506205242804e-08,7.534652723961699e-08,1.0,0.3628291189670563,0.5099407434463501,33,0.9070502519607544,0.5099406838417053,1.0,0.5099406838417053
GCN,320,2467,6,1,2,-0.6837129592895508,3.5654170513153076,4.249130010604858,0.8660253286361694,0.05142149329185486,-0.0007309429929591715,0.30034759640693665,0.0406562015414238,0.10837438423645321,0,0.0,0.04256803907885555,61,0.26934814453125,0.98915696144104,0.32461966579756607,0.8751846381093058,36.042640686035156,0.5878877400295421,0.29980865120887756,0.941285081240768,0.29980865120887756,0.941285081240768,9.125060707049215e-09,3.079311738929391e-08,6.418528641916055e-08,1.0,0.2664565145969391,0.4102367162704468,57,0.8002895712852478,0.4102366864681244,1.0,0.4102366864681244
GCN,320,2474,4,0,2,-4.815701484680176,-1.0266494750976562,3.7890520095825195,0.8660253286361694,0.07218801975250244,0.0,0.2712012529373169,0.07217179983854294,0.21163319439181508,0,0.0,0.03210048848569435,46,0.24652594327926636,0.9742988348007202,0.30084208083885905,0.8596750369276218,32.52655792236328,0.40841949778434267,0.2708803415298462,0.9165435745937962,0.2708803415298462,0.9165435745937962,5.185384566175344e-09,3.045479246566174e-08,1.2201836341318995e-07,1.0,0.24018992483615875,0.36979663372039795,41,0.9392575621604919,0.3697965741157532,1.0,0.3697965741157532
GCN,320,2479,6,1,1,-2.7318480014801025,3.419816493988037,6.15166449546814,0.9486831426620483,0.09083700180053711,0.0,0.3736419081687927,0.05655606836080551,0.19306555513452064,0,0.0,0.025819958129797628,37,0.36949682235717773,0.9819543957710266,0.38371895496777053,0.9117429837518464,44.834712982177734,0.8762924667651403,0.3722638189792633,0.98301329394387,0.3722638189792633,0.98301329394387,0.0,1.0193489607956963e-08,2.8803324170212363e-08,1.0,0.3628290295600891,0.5099406242370605,32,0.8827813267707825,0.5099406242370605,1.0,0.5099406242370605
GCN,320,2483,4,1,2,-2.8106555938720703,0.729086697101593,3.5397422909736633,0.8660253286361694,0.10451503098011017,0.0,0.2851004898548126,0.09844201803207397,0.3090185676392573,0,0.0,0.020237264480111653,29,0.2643497884273529,0.9526259899139404,0.3117735764323007,0.8674298375184638,34.198211669921875,0.491506646971935,0.2844172418117523,0.9298375184638109,0.2844172418117523,0.9298375184638109,1.2904783908140871e-08,2.0212731044466636e-08,8.085092417786655e-08,1.0,0.2518264651298523,0.3877122700214386,24,0.9302297830581665,0.3877122402191162,1.0,0.3877122402191162
GCN,320,2489,3,1,1,-3.530540943145752,1.7543904781341553,5.284931421279907,0.9486831426620483,0.11761264503002167,0.0,0.32230719923973083,0.09186384081840515,0.26203107237589995,0,0.0,0.013258897418004187,19,0.3250177204608917,0.9604731202125549,0.34229767214629636,0.8873707533234859,38.62083053588867,0.7138109305760709,0.32112830877304077,0.9590103397341211,0.32112830877304077,0.9590103397341211,0.0,3.100081258367027e-08,6.869253610375381e-08,1.0,0.31217077374458313,0.43874260783195496,14,0.9553043842315674,0.43874257802963257,1.0,0.43874257802963257
GCN,320,2490,4,1,2,-2.4460558891296387,1.3572998046875,3.8033556938171387,0.8660253286361694,0.045974187552928925,0.0,0.2536744475364685,0.045923035591840744,0.12542629784009093,0,0.0,0.040474528960223306,58,0.22778716683387756,0.9878734350204468,0.2880670185665839,0.8408419497784343,30.4906063079834,0.2950516986706056,0.2536269426345825,0.8988183161004432,0.2536269426345825,0.8988183161004432,6.90687285143099e-09,1.6045582640344946e-08,6.41836024328768e-08,1.0,0.22502487897872925,0.34644851088523865,53,0.8777763843536377,0.34644848108291626,1.0,0.34644848108291626
GCN,320,2496,4,1,1,-0.8484852313995361,3.367584705352783,4.216069936752319,0.9486831426620483,0.0761379599571228,-0.00032792973797768354,0.31365707516670227,0.061235543340444565,0.2019704433497537,0,0.0,0.030006978367062107,43,0.3101373314857483,0.9820051193237305,0.33509472546821906,0.8829394387001477,37.62493896484375,0.6650664697193501,0.3126203119754791,0.9519940915805022,0.3126203119754791,0.9519940915805022,1.4307248719092058e-08,6.018773746063744e-08,1.8151952474454447e-07,1.0,0.3045755922794342,0.4280679225921631,39,0.9572792053222656,0.4280679523944855,1.0,0.4280679523944855
GCN,320,2505,1,1,1,-3.2745161056518555,3.8758630752563477,7.150379180908203,0.9486831426620483,0.0778270959854126,0.0,0.32146841287612915,0.05978018790483475,0.19969685486926866,0,0.0,0.026517794836008374,38,0.31786006689071655,0.982101321220398,0.34064982175067876,0.8870014771048744,38.50908279418945,0.7093796159527327,0.32005491852760315,0.9582717872968981,0.32005491852760315,0.9582717872968981,8.33000246558413e-09,5.96929154994541e-08,1.2001058280475263e-07,1.0,0.31217074394226074,0.43874257802963257,33,0.9370137453079224,0.43874257802963257,1.0,0.43874257802963257
GCN,320,2508,3,0,3,-3.9221391677856445,-0.5357398986816406,3.386399269104004,0.8017836213111877,0.05790315940976143,0.0,0.20467260479927063,0.08316363394260406,0.2233800682076544,0,0.0,0.0314026517794836,45,0.17347970604896545,0.9664742350578308,0.25302712761808266,0.4778434268833087,24.64476203918457,0.060561299852289516,0.2056148499250412,0.7784342688330872,0.2056148499250412,0.7784342688330872,8.33000246558413e-09,1.240847513628296e-08,7.444175054160951e-08,1.0,0.16766367852687836,0.2788178324699402,40,0.9427751302719116,0.2788178324699402,1.0,0.2788178324699402
GCN,320,2509,3,0,5,-5.903341293334961,-2.1077961921691895,3.7955451011657715,0.7071066498756409,0.02911454252898693,0.0,0.22064070403575897,0.0304560586810112,0.10837438423645321,0,0.0,0.06489881367759945,93,0.1614125818014145,0.9903265237808228,0.2641921808429614,0.6864844903988183,26.527130126953125,0.11447562776957164,0.22128479182720184,0.8511816838995568,0.22128479182720184,0.8511816838995568,7.623203401863066e-09,6.306337230199688e-09,3.989497088241478e-08,1.0,0.15985116362571716,0.3014183044433594,88,0.6528213024139404,0.3014183044433594,1.0,0.3014183044433594
GCN,320,2514,2,1,2,-3.3877334594726562,1.343709945678711,4.731443405151367,0.8660253286361694,0.05017181858420372,-0.00019900777260772884,0.240666002035141,0.05591251701116562,0.19306555513452064,0,0.0,0.03628750872295883,52,0.21684309840202332,0.9840324521064758,0.2770664817064431,0.8057607090103397,28.904945373535156,0.21639586410635156,0.24086636304855347,0.8836779911373708,0.24086636304855347,0.8836779911373708,5.587935447692871e-09,7.32677030157447e-09,3.428544914640952e-08,1.0,0.2133883386850357,0.328532874584198,48,0.9290830492973328,0.328532874584198,1.0,0.328532874584198
GCN,320,2523,2,1,2,-3.1323459148406982,1.4287285804748535,4.561074495315552,0.8660253286361694,0.05218149349093437,0.0,0.22597408294677734,0.04894563928246498,0.14948844259189087,0,0.0,0.030006978367062107,43,0.20426449179649353,0.9805001616477966,0.26821888129257654,0.7367060561299852,27.186182022094727,0.1399556868537666,0.22642108798027039,0.8622599704579025,0.22642108798027039,0.8622599704579025,2.63417798684884e-09,1.6383673084874317e-08,1.2259457093932724e-07,1.0,0.20028135180473328,0.30835336446762085,38,0.7342545986175537,0.30835336446762085,1.0,0.30835336446762085
GCN,320,2533,0,1,1,-2.508991003036499,4.750901699066162,7.259892702102661,0.9486831426620483,0.0822051614522934,-0.0027621560730040073,0.33215445280075073,0.06300835311412811,0.2046229632436529,0,0.0,0.024424284717376135,35,0.32843074202537537,0.9812880158424377,0.3501885481019942,0.888109305760709,39.783817291259766,0.7540620384047267,0.3311963975429535,0.9667651403249631,0.3311963975429535,0.9667651403249631,1.4062662145875038e-08,7.693986781021067e-09,6.237949889964511e-08,1.0,0.3224598467350006,0.4532034397125244,32,0.9259238243103027,0.453203409910202,1.0,0.453203409910202
GCN,320,2540,3,0,1,-7.58953332901001,-1.506513237953186,6.083020091056824,0.9486831426620483,0.13973881304264069,0.0,0.3229199945926666,0.11045768857002258,0.3685107995452823,1,0.0,0.011165387299371946,16,0.33016085624694824,0.945510983467102,0.34022139251851646,0.8870014771048744,38.57194900512695,0.7112259970457903,0.3211929500102997,0.9590103397341211,0.3211929500102997,0.9590103397341211,1.4901161193847656e-08,3.150147875885523e-08,6.869885282867472e-08,1.0,0.31217071413993835,0.4387425184249878,11,0.9686235785484314,0.4387425184249878,1.0,0.4387425184249878
GCN,320,2543,3,1,3,-4.91237211227417,0.4061875343322754,5.318559646606445,0.8017836213111877,0.03918425366282463,0.0,0.23258960247039795,0.035914137959480286,0.10837438423645321,0,0.0,0.04675505931612003,67,0.19337806105613708,0.9877763390541077,0.27293453279406227,0.7799113737075333,27.943906784057617,0.17429837518463812,0.2330339550971985,0.8729689807976366,0.2330339550971985,0.8729689807976366,2.63417798684884e-09,9.709519410705525e-09,5.113800582989825e-08,1.0,0.19101428985595703,0.3176489472389221,62,0.6836932897567749,0.3176489472389221,1.0,0.3176489472389221
GCN,320,2549,4,1,1,-3.310811996459961,1.6776771545410156,4.988489151000977,0.9486831426620483,0.07610095292329788,0.0,0.3214397430419922,0.05886818841099739,0.19723380068207655,0,0.0,0.028611304954640614,41,0.3176126480102539,0.9828662872314453,0.3417799918228406,0.8873707533234859,38.58390808105469,0.7119645494830132,0.32067760825157166,0.9590103397341211,0.32067760825157166,0.9590103397341211,3.2261959770352178e-09,5.969836536223738e-08,1.197899450744444e-07,1.0,0.31217074394226074,0.43874257802963257,36,0.94356369972229,0.4387425482273102,1.0,0.4387425482273102
GCN,320,2552,3,1,1,-2.8760986328125,3.9697511196136475,6.8458497524261475,0.9486831426620483,0.15586954355239868,-0.02835986204445362,0.3168446719646454,0.12843352556228638,0.4160666919287609,1,0.0,0.0209351011863224,30,0.3241487145423889,0.9291266202926636,0.33219228093321485,0.880354505169867,37.90462875366211,0.6809453471196455,0.3147958815097809,0.9531019202363368,0.3147958815097809,0.9531019202363368,1.053671194739536e-08,5.984664852576316e-08,1.8010199198670307e-07,1.0,0.30457568168640137,0.42806804180145264,26,0.9907057881355286,0.42806804180145264,1.0,0.42806804180145264
GCN,320,2557,2,1,1,-4.533926963806152,1.6102590560913086,6.144186019897461,0.9486831426620483,0.08323174715042114,0.0,0.30284714698791504,0.07085826992988586,0.21049640015157256,0,0.0,0.02721563154221912,39,0.30080774426460266,0.977084219455719,0.32505928379162774,0.8751846381093058,36.302860260009766,0.6045051698670606,0.3021160960197449,0.9427621861152142,0.3021160960197449,0.9427621861152142,6.71586253275791e-09,3.003740900453522e-08,6.096784943565581e-08,1.0,0.2939144968986511,0.4130842089653015,34,0.9783767461776733,0.4130842387676239,1.0,0.4130842387676239
GCN,320,2561,2,1,1,-1.4365496635437012,4.643242359161377,6.079792022705078,0.9486831426620483,0.15477439761161804,-0.00018176756566390395,0.3338954448699951,0.12043695151805878,0.3980674497915877,1,0.0,0.022330774598743892,32,0.3437187373638153,0.9380875825881958,0.3512785506608407,0.8888478581979321,40.00616455078125,0.7610782865583456,0.3316032290458679,0.9671344165435746,0.3316032290458679,0.9671344165435746,1.343172506551582e-08,3.1630708718921596e-08,7.313699512678795e-08,1.0,0.3224599063396454,0.4532035291194916,28,0.9859440326690674,0.4532034993171692,1.0,0.4532034993171692
GCN,320,2562,0,1,2,-0.3011411428451538,4.528140544891357,4.829281687736511,0.8660253286361694,0.08063244819641113,0.0,0.3434298634529114,0.04782688617706299,0.13793103448275862,0,0.0,0.02372644801116539,34,0.31061607599258423,0.9798582792282104,0.35879098043411956,0.8977104874446086,41.133094787597656,0.7994830132939439,0.3420255482196808,0.9741506646971935,0.3420255482196808,0.9741506646971935,6.71586253275791e-09,5.994767349193353e-08,1.8063876439100568e-07,1.0,0.30435970425605774,0.46859249472618103,29,0.7056525945663452,0.46859246492385864,1.0,0.46859246492385864
GCN,320,2566,3,1,2,-1.8615440130233765,3.1975858211517334,5.05912983417511,0.8660253286361694,0.06715395301580429,0.0,0.2841615676879883,0.053265295922756195,0.1816976127320955,0,0.0,0.026517794836008374,38,0.2570705711841583,0.9796005487442017,0.31089036766417755,0.8666912850812407,34.07707977294922,0.4848596750369276,0.2835622727870941,0.9279911373707533,0.2835622727870941,0.9279911373707533,3.725290298461914e-09,7.396725898445311e-09,2.9586903593781244e-08,1.0,0.2518264651298523,0.3877122402191162,33,0.7807800769805908,0.3877122402191162,1.0,0.3877122402191162
GCN,320,2568,3,1,1,-5.209576606750488,2.3596267700195312,7.5692033767700195,0.9486831426620483,0.07965358346700668,0.0,0.332051545381546,0.058676183223724365,0.1964759378552482,0,0.0,0.027913468248429867,40,0.328230082988739,0.9824200868606567,0.34906853767098006,0.888109305760709,39.83174514770508,0.7551698670605613,0.3309665322303772,0.9667651403249631,0.3309665322303772,0.9667651403249631,1.5017125321037383e-08,7.46511830129748e-09,6.144612285652329e-08,1.0,0.3224598467350006,0.4532034397125244,35,0.9282035231590271,0.4532034397125244,1.0,0.4532034397125244
GCN,320,2578,0,1,2,-1.3038959503173828,3.9195315837860107,5.2234275341033936,0.8660253286361694,0.049117445945739746,-0.1475171446800232,0.2708809971809387,0.25188201665878296,0.8003031451307313,1,0.0,0.040474528960223306,58,0.23584283888339996,0.9873656630516052,0.29732283895052486,0.8559822747415067,32.50657653808594,0.4080502215657312,0.27069368958473206,0.9165435745937962,0.27069368958473206,0.9165435745937962,5.101064015633483e-09,4.082843396702174e-09,1.64899329746504e-08,1.0,0.2384370118379593,0.3670978546142578,54,0.8650009632110596,0.3670978248119354,1.0,0.3670978248119354
GCN,320,2582,3,0,3,-6.647500038146973,-0.7971218228340149,5.850378215312958,0.8017836213111877,0.044431619346141815,-0.0010323867900297046,0.2677600681781769,0.036052096635103226,0.10837438423645321,0,0.0,0.0418702023726448,60,0.22250105440616608,0.988130509853363,0.29864441454288365,0.8574593796159528,32.116519927978516,0.38774002954209746,0.26761624217033386,0.9132200886262924,0.26761624217033386,0.9132200886262924,4.4664663079174716e-09,4.823866639469543e-09,2.1445712761192226e-08,1.0,0.2198953777551651,0.36567699909210205,56,0.6748967170715332,0.36567699909210205,1.0,0.36567699909210205
GCN,320,2586,5,1,1,-1.939659595489502,4.409922122955322,6.349581718444824,0.9486831426620483,0.12263746559619904,0.0,0.37427234649658203,0.05882738530635834,0.19723380068207655,0,0.0,0.020237264480111653,29,0.3748936951160431,0.9678186774253845,0.38613834560445315,0.9154357459379616,44.83088684082031,0.8762924667651403,0.3725787401199341,0.98301329394387,0.3725787401199341,0.98301329394387,1.053671194739536e-08,1.1791326137711167e-08,6.879977831886208e-08,1.0,0.3628291189670563,0.5099407434463501,24,0.6812794208526611,0.5099407434463501,1.0,0.5099407434463501
GCN,320,2592,5,1,2,-3.296602487564087,1.2071799039840698,4.503782391548157,0.8660253286361694,0.05470056086778641,-0.003537100041285157,0.25271615386009216,0.05931106209754944,0.19950738916256158,0,0.0,0.03210048848569435,46,0.22776593267917633,0.9827859401702881,0.28663606620816917,0.8375184638109305,30.4127197265625,0.2898818316100443,0.25282448530197144,0.8988183161004432,0.25282448530197144,0.8988183161004432,9.451891713752048e-09,3.024653949523781e-08,1.215152991562718e-07,1.0,0.22399397194385529,0.34486132860183716,42,0.9032821655273438,0.34486135840415955,1.0000001192092896,0.34486132860183716
GCN,320,2598,1,1,1,-1.5123138427734375,5.438765525817871,6.951079368591309,0.9486831426620483,0.08357597142457962,0.0,0.33211857080459595,0.06112063303589821,0.2019704433497537,0,0.0,0.02512212142358688,36,0.3288068175315857,0.9806970953941345,0.34932070274366206,0.888109305760709,39.845829010009766,0.7555391432791728,0.3310331404209137,0.9667651403249631,0.3310331404209137,0.9667651403249631,8.119082295365843e-09,3.0561405850448864e-08,6.344794911683493e-08,1.0,0.322459876537323,0.4532034993171692,31,0.92168128490448,0.4532034397125244,1.0,0.4532034397125244
GCN,320,2599,3,1,3,-4.139631748199463,0.396784245967865,4.536415994167328,0.8017836213111877,0.04320725426077843,0.0,0.23873615264892578,0.04279245436191559,0.11083743842364532,0,0.0,0.03977669225401256,57,0.1988183557987213,0.9859266877174377,0.2773527627474495,0.8068685376661743,28.7031192779541,0.20605612998522896,0.2391565591096878,0.880354505169867,0.2391565591096878,0.880354505169867,5.101064015633483e-09,5.37279110091049e-09,2.8213849034841587e-08,1.0,0.19602033495903015,0.325973778963089,52,0.758308470249176,0.3259737491607666,1.0,0.3259737491607666
GCN,320,2603,3,1,1,-2.155367612838745,4.6590166091918945,6.81438422203064,0.9486831426620483,0.07365676015615463,-0.0004871197452303022,0.37338870763778687,0.04415084421634674,0.11405835543766578,0,0.0,0.034891835310537335,50,0.3671995997428894,0.9880226850509644,0.38548063271480193,0.914327917282127,44.78175354003906,0.8751846381093058,0.372004896402359,0.98301329394387,0.372004896402359,0.98301329394387,6.4523919540704355e-09,6.386948303571671e-09,6.201517521731148e-08,1.0,0.3628291189670563,0.5099407434463501,46,0.8493149280548096,0.5099407434463501,1.0,0.5099407434463501
GCN,320,2604,6,1,3,-0.5912905931472778,2.7751049995422363,3.366395592689514,0.8017836213111877,0.04394714534282684,0.0,0.26859620213508606,0.03974469006061554,0.10837438423645321,0,0.0,0.04256803907885555,61,0.22317750751972198,0.9884600043296814,0.29941803543232015,0.8578286558345642,32.278324127197266,0.3951255539143279,0.26855555176734924,0.9139586410635155,0.26855555176734924,0.9139586410635155,7.623203401863066e-09,1.2718739839101545e-08,5.976450268008193e-08,1.0,0.22060205042362213,0.36685216426849365,56,0.779050350189209,0.36685213446617126,1.0,0.36685213446617126
GCN,320,2614,2,0,5,-5.361125946044922,-1.1962822675704956,4.164843678474426,0.7071066498756409,0.04686826467514038,0.0,0.2631104588508606,0.0295866709202528,0.10837438423645321,0,0.0,0.04675505931612003,67,0.19383162260055542,0.9825479388237,0.29509483722347923,0.8552437223042836,31.551809310913086,0.35413589364844905,0.2628531754016876,0.9076809453471196,0.2628531754016876,0.9076809453471196,1.4487978816646319e-08,2.2972566071643996e-08,1.5135711350922065e-07,1.0,0.19044889509677887,0.3591139316558838,62,0.4697861671447754,0.3591139018535614,1.0,0.3591139018535614
GCN,320,2618,2,1,1,-2.044276237487793,4.115007400512695,6.159283638000488,0.9486831426620483,0.16227637231349945,0.0,0.3753185570240021,0.10935205221176147,0.367942402425161,1,0.0,0.01674808094905792,24,0.3837037980556488,0.9455967545509338,0.3839146066578227,0.9124815361890695,44.78732681274414,0.8751846381093058,0.37212416529655457,0.98301329394387,0.37212416529655457,0.98301329394387,1.4784287571956156e-08,3.133475701133648e-08,7.006771340911655e-08,1.0,0.3628290891647339,0.5099406838417053,19,0.9597383737564087,0.5099406242370605,1.0,0.5099406242370605
GCN,320,2631,4,1,1,-4.418858051300049,2.1232316493988037,6.5420897006988525,0.9486831426620483,0.10608096420764923,0.0,0.3739207983016968,0.056506235152482986,0.19306555513452064,0,0.0,0.018143754361479414,26,0.37189289927482605,0.9756277799606323,0.3852601141483855,0.914327917282127,44.963809967041016,0.8788774002954209,0.3723893165588379,0.98301329394387,0.3723893165588379,0.98301329394387,0.0,3.573191875716475e-08,7.858646711156325e-08,1.0,0.3628290891647339,0.5099406838417053,21,0.7558224201202393,0.5099406242370605,1.0,0.5099406242370605
GCN,320,2641,2,1,2,-3.1332638263702393,2.347156286239624,5.480420112609863,0.8660253286361694,0.05231768637895584,-0.0002983061131089926,0.2818527817726135,0.0460205152630806,0.12542629784009093,0,0.0,0.039078855547801813,56,0.2532069683074951,0.987287163734436,0.3095264945322036,0.8666912850812407,33.84287643432617,0.47673559822747413,0.2815719544887543,0.9257754800590842,0.2815719544887543,0.9257754800590842,3.0888476221235805e-09,1.5613981219075868e-08,6.245592487630347e-08,1.0,0.2499999701976776,0.38490018248558044,52,0.8588470220565796,0.38490018248558044,1.0,0.38490018248558044
GCN,320,2642,2,0,4,-5.6888604164123535,-0.7746772170066833,4.91418319940567,0.7499998807907104,0.03427194803953171,0.0,0.23967245221138,0.03176155686378479,0.10837438423645321,0,0.0,0.04954640614096301,71,0.18604117631912231,0.9899077415466309,0.27704249394163677,0.8046528803545052,28.833877563476562,0.21270310192023634,0.23995471000671387,0.8829394387001477,0.23995471000671387,0.8829394387001477,7.508562660518692e-09,1.7126806639566894e-08,7.403721724585921e-08,1.0,0.18416358530521393,0.3274019956588745,66,0.6663497686386108,0.3274019658565521,1.0,0.3274019658565521
GCN,320,2646,4,1,1,-3.9472150802612305,1.1602356433868408,5.107450723648071,0.9486831426620483,0.0707089975476265,0.0,0.313562273979187,0.055670566856861115,0.19268662372110648,0,0.0,0.030006978367062107,43,0.3093946874141693,0.9844242334365845,0.3339770355310494,0.8822008862629247,37.65781021118164,0.6665435745937962,0.31289803981781006,0.9519940915805022,0.31289803981781006,0.9519940915805022,0.0,5.269642056049406e-09,1.5451256274445768e-08,1.0,0.304575651884079,0.42806798219680786,38,0.9368195533752441,0.4280679523944855,1.0,0.4280679523944855
GCN,320,2647,4,1,3,-3.534852981567383,0.017511844635009766,3.5523648262023926,0.8017836213111877,0.0396854393184185,0.0,0.2718985974788666,0.03484518453478813,0.10837438423645321,0,0.0,0.051639916259595256,74,0.22545038163661957,0.9907892346382141,0.3023166235255514,0.8607828655834564,32.633453369140625,0.4139586410635155,0.27164921164512634,0.9165435745937962,0.27164921164512634,0.9165435745937962,3.725290298461914e-09,1.647225467138469e-08,6.702449439899283e-08,1.0,0.22337384521961212,0.37146154046058655,69,0.7656595706939697,0.37146151065826416,1.0,0.37146151065826416
GCN,320,2653,0,1,2,-0.1318831443786621,3.9325506687164307,4.064433813095093,0.8660253286361694,0.05294527858495712,-0.05747916176915169,0.2969166934490204,0.04163090139627457,0.10913224706328155,0,0.0,0.040474528960223306,58,0.26343172788619995,0.9880154728889465,0.3217853087856193,0.8733382570162481,35.62205123901367,0.5661004431314623,0.2963677644729614,0.939807976366322,0.2963677644729614,0.939807976366322,8.277775798148923e-09,3.045479246566174e-08,1.2181916986264696e-07,1.0,0.26261574029922485,0.40432342886924744,54,0.8087489604949951,0.40432336926460266,1.0,0.40432336926460266
GCN,320,2658,2,1,1,-4.305142879486084,3.133159637451172,7.438302516937256,0.9486831426620483,0.07463280111551285,0.0,0.3319706320762634,0.05496157705783844,0.18927624100037893,0,0.0,0.030704815073272853,44,0.327531099319458,0.9845169186592102,0.3492443374032741,0.888109305760709,39.82161331176758,0.7548005908419497,0.33084234595298767,0.9667651403249631,0.33084234595298767,0.9667651403249631,0.0,3.018301697466086e-08,5.991126528215318e-08,1.0,0.322459876537323,0.4532034993171692,39,0.9277058243751526,0.4532035291194916,1.0,0.4532035291194916
GCN,320,2668,3,0,5,-3.5538225173950195,-0.4121321439743042,3.1416903734207153,0.7071066498756409,0.02500685304403305,-0.00025447309599258006,0.20829470455646515,0.03257249295711517,0.10837438423645321,0,0.0,0.06489881367759945,93,0.152149498462677,0.991974949836731,0.2558740946488607,0.5398818316100443,25.066110610961914,0.06757754800590841,0.20926669239997864,0.8039143279172821,0.20926669239997864,0.8039143279172821,5.999626129238322e-09,5.91323656706777e-09,4.162918187944342e-08,1.0,0.1509333848953247,0.2846027612686157,89,0.7673882246017456,0.28460273146629333,1.0,0.28460273146629333
GCN,320,2669,3,1,1,-3.6451263427734375,4.263413429260254,7.908539772033691,0.9486831426620483,0.08908270299434662,0.0,0.3736126124858856,0.05412040650844574,0.1856763925729443,0,0.0,0.025819958129797628,37,0.3692440092563629,0.9826267957687378,0.385812738461454,0.9154357459379616,44.78207778930664,0.8751846381093058,0.37225690484046936,0.98301329394387,0.37225690484046936,0.98301329394387,1.0030650976489142e-08,3.094480405252398e-08,6.498102322893828e-08,1.0,0.3628290891647339,0.5099406838417053,32,0.8613315224647522,0.5099406242370605,1.0,0.5099406242370605
GCN,320,2681,4,1,5,-2.100216865539551,1.3437538146972656,3.4439706802368164,0.7071066498756409,0.04261181131005287,-0.05925598368048668,0.3225342035293579,0.24435466527938843,0.7838196286472149,1,0.0,0.056524773203070484,81,0.23338733613491058,0.9901222586631775,0.34040709096093263,0.8870014771048744,38.668052673339844,0.7149187592319055,0.32158249616622925,0.9597488921713442,0.32158249616622925,0.9597488921713442,1.2837396035081383e-08,1.412624506258453e-08,5.6715173002430674e-08,1.0,0.23302441835403442,0.43939512968063354,77,0.6850107908248901,0.43939512968063354,1.0,0.43939512968063354
GCN,320,2685,2,0,4,-6.720050811767578,-2.3427228927612305,4.377327919006348,0.7499998807907104,0.05934588238596916,0.0,0.25743797421455383,0.054117828607559204,0.1856763925729443,0,0.0,0.027913468248429867,40,0.2026631236076355,0.9742972254753113,0.28956270756210767,0.843426883308715,30.86906623840332,0.3142540620384047,0.2571312487125397,0.9017725258493353,0.2571312487125397,0.9017725258493353,1.0030650976489142e-08,1.2917904967935101e-08,6.444152944595771e-08,1.0,0.19745412468910217,0.351029634475708,35,0.7042770385742188,0.351029634475708,1.0,0.351029634475708
GCN,320,2686,3,1,2,-4.961034297943115,1.1900113821029663,6.1510456800460815,0.8660253286361694,0.09780437499284744,0.0,0.2774033546447754,0.08671943098306656,0.2315270935960591,0,0.0,0.015352407536636426,22,0.2564183175563812,0.9559838175773621,0.30659514897861045,0.8633677991137371,33.37989044189453,0.4494091580502216,0.27709802985191345,0.9213441654357459,0.27709802985191345,0.9213441654357459,1.053671194739536e-08,2.3153482686666393e-08,9.261393074666557e-08,1.0,0.24513176083564758,0.3774050772190094,17,0.8520408868789673,0.377405047416687,1.0,0.377405047416687
GCN,320,2689,2,1,2,-4.412678241729736,2.182122230529785,6.5948004722595215,0.8660253286361694,0.08940719068050385,0.0,0.30667537450790405,0.07427068054676056,0.21314892004547176,0,0.0,0.024424284717376135,35,0.2800244987010956,0.9693673253059387,0.3281922044505838,0.8777695716395865,36.79621505737305,0.6307237813884786,0.30577296018600464,0.9471935007385525,0.30577296018600464,0.9471935007385525,0.0,8.699270637180234e-09,3.3333023452541966e-08,1.0,0.2714465856552124,0.417919397354126,30,0.8824994564056396,0.41791942715644836,1.0,0.41791942715644836
GCN,320,2690,6,1,1,0.1578902006149292,4.812643051147461,4.654752850532532,0.9486831426620483,0.15704141557216644,0.0,0.37516388297080994,0.10578548908233643,0.35392194012883665,1,0.0,0.015352407536636426,22,0.3824125826358795,0.9487895369529724,0.3833325221046212,0.9106351550960118,44.80988693237305,0.8759231905465288,0.3720776438713074,0.98301329394387,0.3720776438713074,0.98301329394387,1.053671194739536e-08,2.9802549761370756e-08,5.995467944330812e-08,1.0,0.3628290891647339,0.5099406838417053,17,0.9589899778366089,0.5099406242370605,1.0,0.5099406242370605
GCN,320,2699,3,1,1,-2.733659267425537,3.599165916442871,6.332825183868408,0.9486831426620483,0.08612877875566483,0.0,0.3476237952709198,0.060414642095565796,0.2006441834028041,0,0.0,0.025819958129797628,37,0.3439783751964569,0.9812738299369812,0.36329462170346105,0.8980797636632201,41.84932327270508,0.8153618906942393,0.34667855501174927,0.9756277695716395,0.34667855501174927,0.9756277695716395,9.497663988611293e-09,4.7516848233897235e-09,1.757215883912977e-08,1.0,0.3375369906425476,0.47439372539520264,32,0.9253044128417969,0.47439369559288025,1.0,0.47439369559288025
GCN,320,2700,3,1,1,-1.916459321975708,3.818293571472168,5.734752893447876,0.9486831426620483,0.08699715882539749,-0.0018295325571671128,0.34768062829971313,0.06290268152952194,0.20386510041682457,0,0.0,0.02372644801116539,34,0.3439875543117523,0.9808917045593262,0.3632334400833982,0.8980797636632201,41.70504379272461,0.8138847858197932,0.34660735726356506,0.9756277695716395,0.34660735726356506,0.9756277695716395,6.969380184074225e-09,1.270261318353505e-08,4.13154666034643e-08,1.0,0.3375369906425476,0.47439372539520264,30,0.9171635508537292,0.47439369559288025,1.0,0.47439369559288025
GCN,320,2702,0,1,2,0.17244219779968262,3.3975915908813477,3.225149393081665,0.8660253286361694,0.05912607163190842,-0.00046151314745657146,0.2591094970703125,0.05385722219944,0.18321333838575218,0,0.0,0.025819958129797628,37,0.23409461975097656,0.9809426069259644,0.2921838800950643,0.8504431314623339,31.117321014404297,0.3275480059084195,0.2588934898376465,0.904357459379616,0.2588934898376465,0.904357459379616,5.587935447692871e-09,5.440782047116954e-09,6.364756899301938e-08,1.0,0.22965440154075623,0.353576123714447,33,0.8175961971282959,0.35357609391212463,1.0,0.35357609391212463
GCN,320,2707,3,0,4,-5.215616226196289,-1.8933292627334595,3.3222869634628296,0.7499998807907104,0.03268706053495407,0.0,0.211572527885437,0.03987845033407211,0.10837438423645321,0,0.0,0.05512909979064899,79,0.164474219083786,0.9882442951202393,0.2582785988064096,0.595642540620384,25.46211051940918,0.07644017725258494,0.21257257461547852,0.8220088626292467,0.21257257461547852,0.8220088626292467,1.877140665129673e-09,1.6176285200231177e-08,7.109536426241903e-08,1.0,0.16254070401191711,0.2889613211154938,74,0.7743598818778992,0.2889613211154938,1.0,0.2889613211154938
