architecture,seed,node_id,label,success,degree,clean_margin,trigger_margin,delta_margin,c_v,b_norm,b_q_cos,trigger_norm,trigger_victim_cos,edge_clean_percentile,edge_survives_tau_0_1,negative_ratio,density,nnz,actual_residual_norm_ratio,actual_residual_q_cos,knn_score,knn_percentile,mahalanobis_score,mahalanobis_percentile,pca_residual_score,pca_residual_percentile,ood_score,ood_percentile,payload_residual_l2,payload_residual_cos,total_residual_q_cos,total_residual_norm_ratio
GCN,265,1370,6,1,8,-1.406231164932251,2.550367593765259,3.9565987586975098,0.6123723983764648,0.021423550322651863,0.033232707530260086,0.7285075783729553,0.01823159120976925,0.10837438423645321,0,0.5415212512016296,0.9993021632937893,1432,0.9999999403953552,1.0,0.7118698545944835,1.0,136.46820068359375,1.0,0.6604446172714233,1.0,0.6604446172714233,1.0,0.021423548460006714,0.9988475441932678,1.0,0.9999999403953552
GCN,265,1376,0,1,3,2.428284168243408,6.81732177734375,4.389037609100342,0.8017836213111877,0.0350797064602375,0.017590340226888657,0.5576026439666748,0.012187981978058815,0.10837438423645321,0,0.5408234596252441,0.9993021632937893,1432,0.9999999403953552,1.0,0.5532423724628235,0.990029542097489,104.36863708496094,1.0,0.5072333812713623,0.9985228951255539,0.5072333812713623,0.9985228951255539,0.035079702734947205,0.9969178438186646,1.0,0.9999999403953552
GCN,265,1378,2,1,3,-3.9473137855529785,3.2475874423980713,7.19490122795105,0.8017836213111877,0.052128564566373825,0.011453164741396904,0.5596975088119507,0.041749581694602966,0.10989010989010989,0,0.5380321145057678,0.9993021632937893,1432,0.9999999403953552,1.0,0.5568485072606156,0.9918759231905465,104.60338592529297,1.0,0.5074166059494019,0.9985228951255539,0.5074166059494019,0.9985228951255539,0.05212856084108353,0.9932310581207275,1.0,0.9999999403953552
GCN,265,1392,3,1,3,-1.9898526668548584,5.624807357788086,7.614660024642944,0.8017836213111877,0.035835810005664825,5.23589551448822e-05,0.5584427714347839,0.0337764173746109,0.10837438423645321,0,0.5380321145057678,0.9993021632937893,1432,0.9999999403953552,1.0000001192092896,0.5556851669621234,0.9911373707533235,104.32032012939453,1.0,0.5072987079620361,0.9985228951255539,0.5072987079620361,0.9985228951255539,0.035835810005664825,0.9967920780181885,1.0000001192092896,0.9999999403953552
GCN,265,1393,3,1,1,-2.2879624366760254,5.4978556632995605,7.785818099975586,0.9486831426620483,0.08223089575767517,0.055397722870111465,0.4736306965351105,0.10216490924358368,0.3311860553239864,1,0.5345429182052612,0.9993021632937893,1432,0.9999999403953552,1.0,0.479457488814795,0.9759970457902511,87.66908264160156,1.0,0.4305541515350342,0.9959379615952733,0.4305541515350342,0.9959379615952733,0.08223089575767517,0.9831634163856506,1.0,0.9999999403953552
GCN,265,1400,3,1,2,-6.605390548706055,1.8973395824432373,8.502730131149292,0.8660253286361694,0.058645207434892654,-0.004828695207834244,0.5201151371002197,0.1262611597776413,0.41114058355437666,1,0.5345429182052612,0.9993021632937893,1432,0.9999999403953552,1.0,0.5218765841248734,0.9863367799113737,96.42379760742188,1.0,0.4679931700229645,0.9981536189069424,0.4679931700229645,0.9981536189069424,0.058645207434892654,0.9914883375167847,1.0,0.9999999403953552
GCN,265,1416,0,1,18,3.285435914993286,8.248736381530762,4.963300466537476,0.4522669315338135,0.013079443015158176,0.012114226818084717,0.986914873123169,-0.006460392847657204,0.0,0,0.5422191023826599,0.9993021632937893,1432,1.0,1.0,0.964752285595055,1.0,184.761474609375,1.0,0.8941705226898193,1.0,0.8941705226898193,1.0,0.013079443946480751,0.9995705485343933,1.0,1.0
GCN,265,1422,4,1,1,-4.149555206298828,4.285950660705566,8.435505867004395,0.9486831426620483,0.0850110873579979,0.04481550306081772,0.47495490312576294,0.12680275738239288,0.41114058355437666,1,0.535938560962677,0.9993021632937893,1432,0.9999999403953552,1.0,0.47798957714484525,0.9756277695716395,89.03087615966797,1.0,0.4279019832611084,0.9948301329394387,0.4279019832611084,0.9948301329394387,0.0850110873579979,0.9820769429206848,1.0,0.9999999403953552
GCN,265,1423,3,1,2,-0.0062683820724487305,6.150196075439453,6.156464457511902,0.8660253286361694,0.046310484409332275,-0.07344517856836319,0.5220198631286621,0.14593783020973206,0.4850322091701402,1,0.5401256084442139,0.9993021632937893,1432,0.9999999403953552,1.0,0.5224209779093042,0.9863367799113737,97.69971466064453,1.0,0.47387734055519104,0.9981536189069424,0.47387734055519104,0.9981536189069424,0.046310488134622574,0.9947679042816162,1.0,0.9999999403953552
GCN,265,1425,4,1,2,-3.0093986988067627,4.619350910186768,7.62874960899353,0.8660253286361694,0.04911937192082405,0.028512608259916306,0.5168628096580505,0.06087041273713112,0.2019704433497537,0,0.5380321145057678,0.9993021632937893,1432,0.9999999403953552,1.0,0.5175695742494593,0.9859675036927622,96.70828247070312,1.0,0.46864044666290283,0.9981536189069424,0.46864044666290283,0.9981536189069424,0.04911936819553375,0.993965744972229,1.0,0.9999999403953552
GCN,265,1429,4,1,3,-3.127490282058716,4.2462310791015625,7.373721361160278,0.8017836213111877,0.04172129929065704,0.040865689516067505,0.5569592118263245,0.10285365581512451,0.3378173550587344,1,0.5401256084442139,0.9993021632937893,1432,0.9999999403953552,1.0,0.552877939943056,0.990029542097489,104.3860092163086,1.0,0.507070004940033,0.9985228951255539,0.507070004940033,0.9985228951255539,0.04172129929065704,0.9956333637237549,1.0,0.9999999403953552
GCN,265,1434,3,1,2,-4.518190383911133,3.4582290649414062,7.976419448852539,0.8660253286361694,0.0720544308423996,0.05661836266517639,0.5173625946044922,0.09556590020656586,0.2847669571807503,0,0.533845067024231,0.9993021632937893,1432,0.9999999403953552,1.0,0.5191333939599097,0.9863367799113737,96.60514068603516,1.0,0.47057273983955383,0.9981536189069424,0.47057273983955383,0.9981536189069424,0.0720544382929802,0.9870260953903198,1.0,0.9999999403953552
GCN,265,1436,5,1,1,-3.7815184593200684,5.144117832183838,8.925636291503906,0.9486831426620483,0.08288966119289398,-0.009059861302375793,0.479280561208725,0.1641293466091156,0.5625236832133383,1,0.5394277572631836,0.9993021632937893,1432,0.9999999403953552,1.0,0.4830704317945816,0.9763663220088626,88.57080078125,1.0,0.43430477380752563,0.9963072378138847,0.43430477380752563,0.9963072378138847,0.08288965374231339,0.9832441806793213,1.0,0.9999999403953552
GCN,265,1437,4,1,1,-1.2475717067718506,6.317848205566406,7.565419912338257,0.9486831426620483,0.07450384646654129,-0.0342063382267952,0.4796103835105896,0.17032445967197418,0.5814702538840469,1,0.5380321145057678,0.9993021632937893,1432,0.9999999403953552,1.0,0.48308910915110603,0.9763663220088626,89.48664855957031,1.0,0.4340274930000305,0.9963072378138847,0.4340274930000305,0.9963072378138847,0.07450384646654129,0.9865185618400574,1.0,0.9999999403953552
GCN,265,1441,5,1,23,-2.7090728282928467,2.629851818084717,5.3389246463775635,0.40824824571609497,0.016554512083530426,0.07016835361719131,1.0911506414413452,0.054578326642513275,0.18927624100037893,0,0.5394277572631836,0.9993021632937893,1432,1.0,1.0,1.066428048047306,1.0,204.28854370117188,1.0,0.9883202314376831,1.0,0.9883202314376831,1.0,0.01655450649559498,0.9993126392364502,1.0,1.0
GCN,265,1442,3,1,2,-3.345346450805664,4.266295909881592,7.611642360687256,0.8660253286361694,0.056303102523088455,-0.014128429815173149,0.5203561782836914,0.12594729661941528,0.40867752936718454,1,0.5352407097816467,0.9993021632937893,1432,0.9999999403953552,1.0,0.518531439595914,0.9859675036927622,96.93212127685547,1.0,0.46981221437454224,0.9981536189069424,0.46981221437454224,0.9981536189069424,0.05630309507250786,0.9921658039093018,1.0,0.9999999403953552
GCN,265,1444,2,1,4,-2.9200711250305176,3.554621696472168,6.4746928215026855,0.7499998807907104,0.03330957144498825,0.026912640780210495,0.5955496430397034,0.0069334851577878,0.10837438423645321,0,0.5429169535636902,0.9993021632937893,1432,0.9999999403953552,1.0,0.5909811510317282,0.9944608567208272,111.2747802734375,1.0,0.5391777157783508,0.9988921713441654,0.5391777157783508,0.9988921713441654,0.03330956771969795,0.9972174167633057,1.0,0.9999999403953552
GCN,265,1448,1,1,5,-2.0751752853393555,3.1705574989318848,5.24573278427124,0.7071066498756409,0.02160467952489853,0.00856960378587246,0.63166344165802,0.010776333510875702,0.10837438423645321,0,0.5422191023826599,0.9993021632937893,1432,1.0,1.0,0.624185627618336,0.9948301329394387,118.13449096679688,1.0,0.5733354091644287,0.9996307237813885,0.5733354091644287,0.9996307237813885,0.02160467952489853,0.9988296031951904,1.0,1.0
GCN,265,1450,3,1,3,-4.320435523986816,3.228097438812256,7.548532962799072,0.8017836213111877,0.04063565656542778,0.0057709538377821445,0.5586646795272827,0.054014310240745544,0.18321333838575218,0,0.5394277572631836,0.9993021632937893,1432,0.9999999403953552,1.0,0.5547093937811005,0.9911373707533235,104.49421691894531,1.0,0.5067223906517029,0.9985228951255539,0.5067223906517029,0.9985228951255539,0.04063564911484718,0.9958766102790833,1.0,0.9999999403953552
GCN,265,1452,4,1,3,-3.137028694152832,3.8637852668762207,7.000813961029053,0.8017836213111877,0.039163362234830856,0.015552502125501633,0.5580353140830994,0.08211812376976013,0.22300113679424025,0,0.5394277572631836,0.9993021632937893,1432,1.0,1.0,0.5553439111364298,0.9911373707533235,104.32759857177734,1.0,0.507247805595398,0.9985228951255539,0.507247805595398,0.9985228951255539,0.03916335850954056,0.9961627721786499,1.0,1.0
GCN,265,1457,3,1,3,-4.799894332885742,3.4863290786743164,8.286223411560059,0.8017836213111877,0.044011928141117096,-0.04679902270436287,0.5619043111801147,0.11214806884527206,0.3781735505873437,1,0.5366364121437073,0.9993021632937893,1432,0.9999999403953552,1.0,0.5578463162128141,0.9918759231905465,104.24394989013672,1.0,0.5076107978820801,0.9985228951255539,0.5076107978820801,0.9985228951255539,0.044011928141117096,0.9952273964881897,1.0,0.9999999403953552
GCN,265,1476,6,1,2,-2.5354604721069336,2.8503899574279785,5.385850429534912,0.8660253286361694,0.0553131178021431,-0.01422436535358429,0.5202046632766724,0.14741453528404236,0.4971580143993937,1,0.5380321145057678,0.9993021632937893,1432,0.9999999403953552,1.0,0.5162761507038195,0.9844903988183161,96.71652221679688,1.0,0.4710078835487366,0.9981536189069424,0.4710078835487366,0.9981536189069424,0.0553131140768528,0.9924355745315552,1.0,0.9999999403953552
GCN,265,1486,2,1,3,-3.7448554039001465,4.094397068023682,7.839252471923828,0.8017836213111877,0.03606593608856201,-0.014760048128664494,0.559129536151886,0.0865844339132309,0.23133762788935203,0,0.5401256084442139,0.9993021632937893,1432,0.9999999403953552,1.0,0.5559661526771827,0.9911373707533235,104.54444885253906,1.0,0.5075204968452454,0.9985228951255539,0.5075204968452454,0.9985228951255539,0.03606593236327171,0.9967593550682068,1.0,0.9999999403953552
GCN,265,1487,6,1,4,-0.9715591669082642,3.14971923828125,4.121278405189514,0.7499998807907104,0.027274535968899727,-0.0018696747720241547,0.5962657928466797,0.03667611628770828,0.10837438423645321,0,0.5394277572631836,0.9993021632937893,1432,0.9999999403953552,1.0,0.58810818724159,0.9940915805022157,111.36180114746094,1.0,0.5405558943748474,0.9988921713441654,0.5405558943748474,0.9988921713441654,0.02727453038096428,0.9981383085250854,1.0,0.9999999403953552
GCN,265,1493,4,1,1,-1.0056016445159912,6.295933246612549,7.30153489112854,0.9486831426620483,0.07283671945333481,-0.0318070687353611,0.47908592224121094,0.1881198287010193,0.6347101174687382,1,0.5422191023826599,0.9993021632937893,1432,0.9999999403953552,1.0,0.4834751106875935,0.9763663220088626,89.01087951660156,1.0,0.4333515763282776,0.9963072378138847,0.4333515763282776,0.9963072378138847,0.07283671200275421,0.9870885610580444,1.0,0.9999999403953552
GCN,265,1499,2,1,4,-3.235072135925293,3.2358834743499756,6.4709556102752686,0.7499998807907104,0.032199643552303314,0.03434856981039047,0.5951617956161499,0.03260093927383423,0.10837438423645321,0,0.5408234596252441,0.9993021632937893,1432,0.9999999403953552,1.0,0.5902003795394402,0.9944608567208272,111.32960510253906,1.0,0.5402122735977173,0.9988921713441654,0.5402122735977173,0.9988921713441654,0.032199643552303314,0.9973978400230408,1.0,0.9999999403953552
GCN,265,1501,6,1,7,-1.3263238668441772,2.738727569580078,4.065051436424255,0.6396021246910095,0.021951092407107353,0.0459827184677124,0.6970676779747009,0.07548845559358597,0.2156119742326639,0,0.5408234596252441,0.9993021632937893,1432,0.9999999403953552,1.0,0.6836198638287824,0.9996307237813885,130.10568237304688,1.0,0.6311327815055847,1.0,0.6311327815055847,1.0,0.021951094269752502,0.9987897872924805,1.0,0.9999999403953552
GCN,265,1506,2,1,2,-2.148792266845703,3.882640838623047,6.03143310546875,0.8660253286361694,0.05089077726006508,0.06248512864112854,0.5150393843650818,0.05502676963806152,0.18927624100037893,0,0.5415212512016296,0.9993021632937893,1432,0.9999999403953552,1.0,0.5132293535586678,0.9844903988183161,96.42330169677734,1.0,0.46845656633377075,0.9981536189069424,0.46845656633377075,0.9981536189069424,0.05089077726006508,0.9934954047203064,1.0,0.9999999403953552
GCN,265,1507,0,1,6,-1.2865465879440308,3.1767916679382324,4.463338255882263,0.6708203554153442,0.028268294408917427,-0.035373371094465256,0.6681474447250366,0.13871970772743225,0.45149677908298597,1,0.5401256084442139,0.9993021632937893,1432,0.9999999403953552,1.0,0.6564890789320602,0.9955686853766618,124.44007110595703,1.0,0.6042041182518005,0.9996307237813885,0.6042041182518005,0.9996307237813885,0.02826828695833683,0.998011589050293,1.0,0.9999999403953552
GCN,265,1523,0,1,2,0.18714547157287598,5.176456451416016,4.98931097984314,0.8660253286361694,0.05808721482753754,-0.039179105311632156,0.5223069190979004,0.18353058397769928,0.6201212580522926,1,0.535938560962677,0.9993021632937893,1432,0.9999999403953552,1.0,0.5203321779671223,0.9863367799113737,97.06806182861328,1.0,0.47298330068588257,0.9981536189069424,0.47298330068588257,0.9981536189069424,0.05808721482753754,0.9917329549789429,1.0,0.9999999403953552
GCN,265,1541,3,1,1,-5.212923049926758,3.7364354133605957,8.949358463287354,0.9486831426620483,0.09069238603115082,0.02259621024131775,0.4779512584209442,0.18582655489444733,0.6218264494126563,1,0.5345429182052612,0.9993021632937893,1432,0.9999999403953552,1.0,0.4779143623666772,0.9756277695716395,88.88939666748047,1.0,0.4283407926559448,0.9948301329394387,0.4283407926559448,0.9948301329394387,0.09069238603115082,0.9798029661178589,1.0,0.9999999403953552
GCN,265,1546,2,1,5,-5.6075639724731445,1.8336663246154785,7.441230297088623,0.7071066498756409,0.025761853903532028,-0.009475968778133392,0.6325810551643372,0.06820708513259888,0.20954907161803712,0,0.5436148047447205,0.9993021632937893,1432,1.0,1.0,0.6247748207712064,0.9948301329394387,118.1048583984375,1.0,0.5731592774391174,0.9992614475627769,0.5731592774391174,0.9992614475627769,0.025761855766177177,0.9983402490615845,1.0,1.0
GCN,265,1554,3,0,4,-8.191333770751953,-1.0957798957824707,7.095553874969482,0.7499998807907104,0.057508327066898346,0.017212051898241043,0.5986970663070679,0.0765460729598999,0.21674876847290642,0,0.5380321145057678,0.9993021632937893,1432,0.9999999403953552,1.0,0.594510194102314,0.9944608567208272,111.60028076171875,1.0,0.5429750680923462,0.9988921713441654,0.5429750680923462,0.9988921713441654,0.05750831961631775,0.9917670488357544,1.0,0.9999999403953552
GCN,265,1561,1,1,2,-1.6162422895431519,4.422390460968018,6.038632750511169,0.8660253286361694,0.04245861992239952,-0.007766736671328545,0.5180667638778687,0.11163505166769028,0.3721106479727169,1,0.5436148047447205,0.9993021632937893,1432,0.9999999403953552,1.0,0.5175631538960961,0.9859675036927622,96.60673522949219,1.0,0.46847206354141235,0.9981536189069424,0.46847206354141235,0.9981536189069424,0.04245861619710922,0.9955122470855713,1.0,0.9999999403953552
GCN,265,1565,2,1,2,-4.3303914070129395,2.2076284885406494,6.538019895553589,0.8660253286361694,0.12177783250808716,0.009252896532416344,0.5329437851905823,0.2457667589187622,0.7896930655551345,1,0.5436148047447205,0.9993021632937893,1432,0.9999999403953552,1.0,0.5351647703508828,0.9889217134416544,96.74103546142578,1.0,0.4729742705821991,0.9981536189069424,0.4729742705821991,0.9981536189069424,0.12177781760692596,0.9645670652389526,1.0,0.9999999403953552
GCN,265,1567,3,1,4,-5.623181343078613,0.8531827926635742,6.4763641357421875,0.7499998807907104,0.048893678933382034,-0.023608673363924026,0.6001759767532349,0.13524556159973145,0.43444486547934824,1,0.5422191023826599,0.9993021632937893,1432,0.9999999403953552,1.0,0.595999472025823,0.9944608567208272,111.64672088623047,1.0,0.5428128838539124,0.9988921713441654,0.5428128838539124,0.9988921713441654,0.048893675208091736,0.994086503982544,1.0,0.9999999403953552
GCN,265,1568,2,1,4,-3.244764804840088,4.133933067321777,7.378697872161865,0.7499998807907104,0.026322316378355026,0.014225916936993599,0.5956231951713562,0.04460470378398895,0.11708980674497915,0,0.5415212512016296,0.9993021632937893,1432,0.9999999403953552,1.0,0.5899618422162785,0.9944608567208272,111.51351928710938,1.0,0.540527880191803,0.9988921713441654,0.540527880191803,0.9988921713441654,0.026322314515709877,0.998262882232666,1.0,0.9999999403953552
GCN,265,1583,0,1,10,-0.629521369934082,3.7307934761047363,4.360314846038818,0.5669466257095337,0.015888851135969162,0.017830656841397285,0.7872262597084045,0.04197123274207115,0.10989010989010989,0,0.5408234596252441,0.9993021632937893,1432,1.0,1.0,0.7707400050670568,1.0,147.0407257080078,1.0,0.7122883796691895,1.0,0.7122883796691895,1.0,0.01588885486125946,0.9993662238121033,1.0,1.0
GCN,265,1589,2,1,3,-4.41041374206543,3.9937069416046143,8.404120683670044,0.8017836213111877,0.03290301933884621,0.018083635717630386,0.5574236512184143,0.02694842964410782,0.10837438423645321,0,0.5366364121437073,0.9993021632937893,1432,0.9999999403953552,1.0,0.554042763829164,0.990029542097489,104.2444839477539,1.0,0.5048723220825195,0.9985228951255539,0.5048723220825195,0.9985228951255539,0.032903023064136505,0.9972872734069824,1.0,0.9999999403953552
GCN,265,1591,3,1,1,-5.862371444702148,3.214061737060547,9.076433181762695,0.9486831426620483,0.07737024128437042,-0.02717202715575695,0.4796532988548279,0.18559694290161133,0.6218264494126563,1,0.5352407097816467,0.9993021632937893,1432,0.9999999403953552,1.0,0.4821595316481068,0.9763663220088626,88.6673583984375,1.0,0.4286005198955536,0.9951994091580503,0.4286005198955536,0.9951994091580503,0.07737024128437042,0.9854496717453003,1.0,0.9999999403953552
GCN,265,1597,3,1,2,-2.9114749431610107,5.526461601257324,8.437936544418335,0.8660253286361694,0.07410874962806702,0.03661014884710312,0.5193175673484802,0.07640793919563293,0.21580143993937098,0,0.5394277572631836,0.9993021632937893,1432,0.9999999403953552,1.0,0.5192667639243536,0.9863367799113737,96.52583312988281,1.0,0.4715527594089508,0.9981536189069424,0.4715527594089508,0.9981536189069424,0.07410874217748642,0.9863487482070923,1.0,0.9999999403953552
GCN,265,1600,3,1,1,-3.932955265045166,5.157219886779785,9.090175151824951,0.9486831426620483,0.08537032455205917,0.02113897167146206,0.4771152138710022,0.16112558543682098,0.5490716180371353,1,0.5345429182052612,0.9993021632937893,1432,0.9999999403953552,1.0,0.4797063065858838,0.9759970457902511,88.6045150756836,1.0,0.43373221158981323,0.9963072378138847,0.43373221158981323,0.9963072378138847,0.08537031710147858,0.9820603728294373,1.0,0.9999999403953552
GCN,265,1602,0,1,10,3.9217097759246826,8.15133285522461,4.229623079299927,0.5669466257095337,0.018756752833724022,0.10464770346879959,0.7844552993774414,-0.0401708148419857,0.0,0,0.5401256084442139,0.9993021632937893,1432,1.0,1.0,0.7690338618632415,1.0,147.26768493652344,1.0,0.7131442427635193,1.0,0.7131442427635193,1.0,0.018756752833724022,0.9991200566291809,1.0,1.0
GCN,265,1605,3,1,3,-3.842862844467163,3.8534486293792725,7.6963114738464355,0.8017836213111877,0.034807637333869934,0.02173570543527603,0.5574023723602295,0.048309944570064545,0.14153088291019325,0,0.5380321145057678,0.9993021632937893,1432,0.9999999403953552,1.0,0.554064037624233,0.990029542097489,104.15568542480469,1.0,0.5063263177871704,0.9985228951255539,0.5063263177871704,0.9985228951255539,0.034807633608579636,0.9969638586044312,1.0,0.9999999403953552
GCN,265,1611,3,1,2,-3.566330909729004,3.804433584213257,7.370764493942261,0.8660253286361694,0.08774266391992569,0.06426499783992767,0.5187975764274597,0.10342726111412048,0.3421750663129973,1,0.5408234596252441,0.9993021632937893,1432,0.9999999403953552,1.0,0.5196804606774683,0.9863367799113737,96.57582092285156,1.0,0.46818026900291443,0.9981536189069424,0.46818026900291443,0.9981536189069424,0.08774265646934509,0.980825662612915,1.0,0.9999999403953552
GCN,265,1628,0,1,17,4.306248188018799,9.40955638885498,5.103308200836182,0.462909996509552,0.013872208073735237,0.02678901143372059,0.9638152122497559,0.014008218422532082,0.10837438423645321,0,0.5415212512016296,0.9993021632937893,1432,0.9999999403953552,1.0,0.9425884753724869,1.0,180.6741943359375,1.0,0.8749533891677856,1.0,0.8749533891677856,1.0,0.013872208073735237,0.9995168447494507,1.0,0.9999999403953552
GCN,265,1629,2,1,3,-3.4315290451049805,4.815067291259766,8.246596336364746,0.8017836213111877,0.040660664439201355,0.04146824777126312,0.5568606853485107,0.017250245437026024,0.10837438423645321,0,0.5394277572631836,0.9993021632937893,1432,1.0,1.0,0.5545079921339077,0.990029542097489,103.9434585571289,1.0,0.505659818649292,0.9985228951255539,0.505659818649292,0.9985228951255539,0.040660664439201355,0.9958516955375671,1.0,1.0
GCN,265,1632,2,1,3,-4.328597545623779,3.5184059143066406,7.84700345993042,0.8017836213111877,0.0515323206782341,0.045688338577747345,0.5574270486831665,0.09098722040653229,0.25142099280030317,0,0.5394277572631836,0.9993021632937893,1432,0.9999999403953552,1.0,0.5554003902815813,0.9911373707533235,104.33602905273438,1.0,0.5049740672111511,0.9985228951255539,0.5049740672111511,0.9985228951255539,0.0515323169529438,0.9933444857597351,1.0,0.9999999403953552
GCN,265,1637,0,1,2,-1.2794134616851807,4.0429487228393555,5.322362184524536,0.8660253286361694,0.07311322540044785,0.05673379451036453,0.5174820423126221,0.13085511326789856,0.4213717317165593,1,0.5415212512016296,0.9993021632937893,1432,0.9999999403953552,1.0,0.5190641842056317,0.9863367799113737,96.84742736816406,1.0,0.47140008211135864,0.9981536189069424,0.47140008211135864,0.9981536189069424,0.07311322540044785,0.9866456985473633,1.0,0.9999999403953552
GCN,265,1644,0,1,2,0.8115192651748657,5.497068881988525,4.68554961681366,0.8660253286361694,0.042852409183979034,-0.04766790196299553,0.5200737118721008,0.1284971535205841,0.4160666919287609,1,0.5415212512016296,0.9993021632937893,1432,0.9999999403953552,1.0,0.5201876229851287,0.9863367799113737,96.84256744384766,1.0,0.4719003736972809,0.9981536189069424,0.4719003736972809,0.9981536189069424,0.042852409183979034,0.9954738616943359,1.0,0.9999999403953552
GCN,265,1645,3,1,4,-1.539214849472046,3.44619083404541,4.985405683517456,0.7499998807907104,0.03293371573090553,-0.01602213829755783,0.5974069237709045,0.002347144763916731,0.10837438423645321,0,0.5408234596252441,0.9993021632937893,1432,0.9999999403953552,1.0,0.5901085720139112,0.9944608567208272,111.34540557861328,1.0,0.5395077466964722,0.9988921713441654,0.5395077466964722,0.9988921713441654,0.032933712005615234,0.9972956776618958,1.0,0.9999999403953552
GCN,265,1653,4,1,5,-4.2464280128479,2.711747646331787,6.9581756591796875,0.7071066498756409,0.027107518166303635,0.026379650458693504,0.6313387751579285,0.01015995629131794,0.10837438423645321,0,0.5387299060821533,0.9993021632937893,1432,1.0,1.0,0.6237449203544294,0.9948301329394387,117.95781707763672,1.0,0.5724332928657532,0.9992614475627769,0.5724332928657532,0.9992614475627769,0.027107518166303635,0.9981560707092285,1.0,1.0
GCN,265,1661,5,1,4,0.22165298461914062,4.623958587646484,4.402305603027344,0.7499998807907104,0.024772167205810547,0.03840753436088562,0.5947357416152954,0.03098500333726406,0.10837438423645321,0,0.5387299060821533,0.9993021632937893,1432,0.9999999403953552,1.0,0.5889758362500901,0.9944608567208272,111.25933837890625,1.0,0.5398458242416382,0.9988921713441654,0.5398458242416382,0.9988921713441654,0.024772165343165398,0.9984588623046875,1.0,0.9999999403953552
GCN,265,1668,2,1,2,-1.7560350894927979,4.334064483642578,6.090099573135376,0.8660253286361694,0.052428293973207474,0.00565730407834053,0.5185644030570984,0.0717536062002182,0.21106479727169383,0,0.5380321145057678,0.9993021632937893,1432,0.9999999403953552,1.0,0.516772870971788,0.9859675036927622,96.4992446899414,1.0,0.4674880802631378,0.9981536189069424,0.4674880802631378,0.9981536189069424,0.052428290247917175,0.9931623935699463,1.0,0.9999999403953552
GCN,265,1675,6,1,4,-0.8364739418029785,3.8732497692108154,4.709723711013794,0.7499998807907104,0.028180701658129692,-0.017633572220802307,0.5969337224960327,0.034022290259599686,0.10837438423645321,0,0.5422191023826599,0.9993021632937893,1432,0.9999999403953552,1.0,0.590052965461915,0.9944608567208272,111.34141540527344,1.0,0.5421334505081177,0.9988921713441654,0.5421334505081177,0.9988921713441654,0.028180701658129692,0.9980176091194153,1.0,0.9999999403953552
GCN,265,1679,3,1,3,-5.56037712097168,2.614713430404663,8.175090551376343,0.8017836213111877,0.04936723783612251,0.006270133424550295,0.5596646666526794,0.06464962661266327,0.20613868889730957,0,0.5373342633247375,0.9993021632937893,1432,0.9999999403953552,1.0,0.5583732276394779,0.9918759231905465,104.51810455322266,1.0,0.5080762505531311,0.9985228951255539,0.5080762505531311,0.9985228951255539,0.049367230385541916,0.9939301013946533,1.0,0.9999999403953552
GCN,265,1684,3,1,2,-5.350415229797363,2.539236068725586,7.889651298522949,0.8660253286361694,0.07073012739419937,0.049672819674015045,0.5177701115608215,0.12433864921331406,0.4041303524062145,1,0.5380321145057678,0.9993021632937893,1432,0.9999999403953552,1.0,0.5191329634009951,0.9863367799113737,96.26448822021484,1.0,0.4680710434913635,0.9981536189069424,0.4680710434913635,0.9981536189069424,0.07073012739419937,0.9875120520591736,1.0,0.9999999403953552
GCN,265,1688,4,1,3,-2.074363946914673,5.330434322357178,7.404798269271851,0.8017836213111877,0.042996279895305634,-0.01662585325539112,0.5601174831390381,0.133393332362175,0.4281924971580144,1,0.5380321145057678,0.9993021632937893,1432,0.9999999403953552,1.0,0.5558120181940466,0.9911373707533235,104.70774841308594,1.0,0.5078127980232239,0.9985228951255539,0.5078127980232239,0.9985228951255539,0.042996276170015335,0.9954076409339905,1.0,0.9999999403953552
GCN,265,1695,0,1,3,1.5356419086456299,6.449460983276367,4.913819074630737,0.8017836213111877,0.03938470408320427,-0.0321258045732975,0.5603864789009094,0.03859671205282211,0.10837438423645321,0,0.5401256084442139,0.9993021632937893,1432,0.9999999403953552,1.0,0.5575721041063139,0.9918759231905465,104.93439483642578,1.0,0.509319007396698,0.9985228951255539,0.509319007396698,0.9985228951255539,0.03938470035791397,0.99615478515625,1.0,0.9999999403953552
GCN,265,1705,1,1,7,-1.8515112400054932,3.489271879196167,5.34078311920166,0.6396021246910095,0.022932209074497223,0.08369913697242737,0.6957192420959473,-0.0431145578622818,0.0,0,0.5387299060821533,0.9993021632937893,1432,0.9999999403953552,1.0,0.6839369865833173,0.9996307237813885,130.52902221679688,1.0,0.632196843624115,1.0,0.632196843624115,1.0,0.022932205349206924,0.9986804723739624,1.0,0.9999999403953552
GCN,265,1707,5,1,1,-2.421039581298828,4.412528991699219,6.833568572998047,0.9486831426620483,0.06727758795022964,-0.04020213335752487,0.47858402132987976,0.1784127652645111,0.6059113300492611,1,0.5394277572631836,0.9993021632937893,1432,0.9999999403953552,1.0,0.480026863781891,0.9759970457902511,88.88839721679688,1.0,0.43258097767829895,0.9963072378138847,0.43258097767829895,0.9963072378138847,0.06727758049964905,0.9889782667160034,1.0,0.9999999403953552
GCN,265,1726,2,1,3,-3.355415105819702,3.7424941062927246,7.097909212112427,0.8017836213111877,0.029439043253660202,0.012223631143569946,0.557415246963501,0.06125775724649429,0.2019704433497537,0,0.5401256084442139,0.9993021632937893,1432,0.9999999403953552,1.0,0.554053790803418,0.990029542097489,104.16878509521484,1.0,0.5056576132774353,0.9985228951255539,0.5056576132774353,0.9985228951255539,0.0294390469789505,0.997828483581543,1.0,0.9999999403953552
GCN,265,1727,2,1,3,-4.028486251831055,3.647334575653076,7.675820827484131,0.8017836213111877,0.041580550372600555,0.026432722806930542,0.557697594165802,0.07070832699537277,0.21049640015157256,0,0.5394277572631836,0.9993021632937893,1432,0.9999999403953552,1.0,0.5540165671615364,0.990029542097489,104.15755462646484,1.0,0.5035601854324341,0.9985228951255539,0.5035601854324341,0.9985228951255539,0.041580550372600555,0.9956701397895813,1.0,0.9999999403953552
GCN,265,1734,2,1,4,-4.738266468048096,2.711996555328369,7.450263023376465,0.7499998807907104,0.04960022494196892,0.0495467334985733,0.5954857468605042,0.07368826121091843,0.21295945433876468,0,0.5415212512016296,0.9993021632937893,1432,0.9999999403953552,1.0,0.5909434292726288,0.9944608567208272,111.37030029296875,1.0,0.5422647595405579,0.9988921713441654,0.5422647595405579,0.9988921713441654,0.049600228667259216,0.9938291311264038,1.0,0.9999999403953552
GCN,265,1749,2,1,4,-4.672081470489502,3.087609052658081,7.759690523147583,0.7499998807907104,0.02372104860842228,0.044301100075244904,0.5945268273353577,0.009864779189229012,0.10837438423645321,0,0.5415212512016296,0.9993021632937893,1432,0.9999999403953552,1.0,0.5886421342917009,0.9944608567208272,111.24238586425781,1.0,0.5405808091163635,0.9988921713441654,0.5405808091163635,0.9988921713441654,0.02372104488313198,0.9985867142677307,1.0,0.9999999403953552
GCN,265,1752,2,1,3,-4.814177513122559,3.728283405303955,8.542460918426514,0.8017836213111877,0.04047592729330063,-0.005290879402309656,0.5592039823532104,0.10719045251607895,0.359037514209928,1,0.5429169535636902,0.9993021632937893,1432,0.9999999403953552,1.0,0.5562891603465343,0.9911373707533235,104.39144134521484,1.0,0.5069605112075806,0.9985228951255539,0.5069605112075806,0.9985228951255539,0.04047593101859093,0.9959169030189514,1.0,0.9999999403953552
GCN,265,1753,2,1,3,-4.167675971984863,4.080338954925537,8.2480149269104,0.8017836213111877,0.03781340271234512,-0.0035007335245609283,0.5588123202323914,0.1009284257888794,0.3266388783630163,1,0.5422191023826599,0.9993021632937893,1432,0.9999999403953552,1.0,0.5566633521007986,0.9918759231905465,104.45729064941406,1.0,0.5066454410552979,0.9985228951255539,0.5066454410552979,0.9985228951255539,0.03781340271234512,0.9964323043823242,1.0,0.9999999403953552
GCN,265,1760,2,1,2,-2.7647857666015625,4.644400596618652,7.409186363220215,0.8660253286361694,0.03895721957087517,0.030141862109303474,0.5159680843353271,0.06894172728061676,0.20954907161803712,0,0.5373342633247375,0.9993021632937893,1432,0.9999999403953552,1.0,0.5173326305967569,0.9859675036927622,96.39569091796875,1.0,0.4688219428062439,0.9981536189069424,0.4688219428062439,0.9981536189069424,0.03895721957087517,0.9961956739425659,1.0,0.9999999403953552
GCN,265,1764,5,1,2,-2.6627371311187744,4.1184821128845215,6.781219244003296,0.8660253286361694,0.04298344999551773,0.023807648569345474,0.5165680646896362,0.09024645388126373,0.24820007578628267,0,0.5373342633247375,0.9993021632937893,1432,0.9999999403953552,1.0,0.5170898725673534,0.9859675036927622,96.66963958740234,1.0,0.4683205783367157,0.9981536189069424,0.4683205783367157,0.9981536189069424,0.04298344999551773,0.9953759908676147,1.0,0.9999999403953552
GCN,265,1768,1,1,3,-2.414944648742676,3.4664688110351562,5.881413459777832,0.8017836213111877,0.0384545661509037,-0.00016497448086738586,0.5587238669395447,0.10624349117279053,0.3560060629026146,1,0.5401256084442139,0.9993021632937893,1432,0.9999999403953552,1.0,0.5566060373368813,0.9918759231905465,104.5167465209961,1.0,0.5096314549446106,0.9985228951255539,0.5096314549446106,0.9985228951255539,0.0384545661509037,0.9963088631629944,1.0,0.9999999403953552
GCN,265,1771,1,1,3,-2.4081084728240967,3.1819233894348145,5.590031862258911,0.8017836213111877,0.02847922407090664,0.09741832315921783,0.5543217062950134,-0.004453197121620178,0.0,0,0.5387299060821533,0.9993021632937893,1432,0.9999999403953552,1.0,0.5517942433440984,0.990029542097489,104.1052017211914,1.0,0.5041916966438293,0.9985228951255539,0.5041916966438293,0.9985228951255539,0.02847922593355179,0.9979644417762756,1.0,0.9999999403953552
GCN,265,1777,1,1,5,-3.101071357727051,2.1767308712005615,5.277802228927612,0.7071066498756409,0.02049332670867443,0.07659301906824112,0.6296295523643494,-0.014031721279025078,0.0,0,0.5408234596252441,0.9993021632937893,1432,1.0,1.0,0.6222663462719087,0.9944608567208272,118.0133285522461,1.0,0.5710230469703674,0.9992614475627769,0.5710230469703674,0.9992614475627769,0.02049332857131958,0.9989462494850159,1.0,1.0
GCN,265,1779,1,1,6,-2.260803461074829,2.745504140853882,5.006307601928711,0.6708203554153442,0.01649351790547371,0.06684793531894684,0.6641379594802856,-0.03350016474723816,0.0,0,0.5401256084442139,0.9993021632937893,1432,0.9999999403953552,1.0,0.6542067052854417,0.9951994091580503,124.37670135498047,1.0,0.6028598546981812,0.9996307237813885,0.6028598546981812,0.9996307237813885,0.01649351976811886,0.9993175268173218,1.0,0.9999999403953552
GCN,265,1781,1,1,5,-2.370461940765381,2.932302474975586,5.302764415740967,0.7071066498756409,0.020358620211482048,0.009064828976988792,0.6315814852714539,0.08579440414905548,0.23114816218264495,0,0.5422191023826599,0.9993021632937893,1432,1.0,1.0,0.6229074973980587,0.9944608567208272,118.07230377197266,1.0,0.5723598003387451,0.9992614475627769,0.5723598003387451,0.9992614475627769,0.020358620211482048,0.9989604353904724,1.0,1.0
GCN,265,1783,1,1,2,-2.4894182682037354,3.1034295558929443,5.59284782409668,0.8660253286361694,0.05284871533513069,0.0640372484922409,0.5150661468505859,0.06240680441260338,0.20310723758999621,0,0.5401256084442139,0.9993021632937893,1432,0.9999999403953552,1.0,0.5150342794231679,0.9844903988183161,96.7364730834961,1.0,0.46877315640449524,0.9981536189069424,0.46877315640449524,0.9981536189069424,0.05284871160984039,0.9929854869842529,1.0,0.9999999403953552
GCN,265,1786,1,1,3,-2.631148099899292,3.3529891967773438,5.984137296676636,0.8017836213111877,0.04280943050980568,0.035043299198150635,0.5573427677154541,0.08523118495941162,0.23001136794240243,0,0.5387299060821533,0.9993021632937893,1432,0.9999999403953552,1.0,0.5552929005682026,0.9911373707533235,104.2358627319336,1.0,0.5066749453544617,0.9985228951255539,0.5066749453544617,0.9985228951255539,0.04280943050980568,0.9954062700271606,1.0,0.9999999403953552
GCN,265,1794,4,1,4,-2.5545806884765625,4.566070079803467,7.120650768280029,0.7499998807907104,0.03236208111047745,-0.026738712564110756,0.5977997183799744,0.050796981900930405,0.16331943918150815,0,0.5387299060821533,0.9993021632937893,1432,0.9999999403953552,1.0,0.5917502406917158,0.9944608567208272,111.8825912475586,1.0,0.5410301685333252,0.9988921713441654,0.5410301685333252,0.9988921713441654,0.03236207738518715,0.9973934888839722,1.0,0.9999999403953552
GCN,265,1803,0,1,4,0.020949244499206543,4.164920330047607,4.143971085548401,0.7499998807907104,0.03411750867962837,0.03386319428682327,0.5952860116958618,0.03637748956680298,0.10837438423645321,0,0.5401256084442139,0.9993021632937893,1432,0.9999999403953552,1.0,0.5892455497075162,0.9944608567208272,111.74290466308594,1.0,0.5406209826469421,0.9988921713441654,0.5406209826469421,0.9988921713441654,0.03411751240491867,0.9970793128013611,1.0,0.9999999403953552
GCN,265,1807,3,1,5,-3.409635543823242,3.5897085666656494,6.999344110488892,0.7071066498756409,0.027405831962823868,0.013156987726688385,0.6318655610084534,0.06445227563381195,0.20500189465706706,0,0.5415212512016296,0.9993021632937893,1432,0.9999999403953552,1.0,0.6246821071893864,0.9948301329394387,118.09445190429688,1.0,0.5731614828109741,0.9992614475627769,0.5731614828109741,0.9992614475627769,0.027405831962823868,0.9981173276901245,1.0,1.0
GCN,265,1809,3,1,3,-3.706071615219116,4.249725341796875,7.955796957015991,0.8017836213111877,0.030296210199594498,0.015388387255370617,0.557354211807251,0.06785516440868378,0.2084122773777946,0,0.5415212512016296,0.9993021632937893,1432,0.9999999403953552,1.0,0.5555313300440464,0.9911373707533235,104.29743194580078,1.0,0.5068920254707336,0.9985228951255539,0.5068920254707336,0.9985228951255539,0.030296210199594498,0.9976998567581177,1.0,1.0
GCN,265,1810,3,0,44,-9.862281799316406,-4.3718719482421875,5.490409851074219,0.3061861991882324,0.007939260452985764,0.06097554415464401,1.4563101530075073,-0.002720354124903679,0.0,0,0.5408234596252441,0.9993021632937893,1432,0.9999999403953552,1.0,1.4264275745039339,1.0,272.23162841796875,1.0,1.3160457611083984,1.0,1.3160457611083984,1.0,0.007939258590340614,0.9998420476913452,1.0,0.9999999403953552
GCN,265,1817,3,1,2,-2.870802402496338,4.602499961853027,7.473302364349365,0.8660253286361694,0.040711306035518646,-0.01623445190489292,0.51826012134552,0.10494711250066757,0.3446381205001895,1,0.5380321145057678,0.9993021632937893,1432,0.9999999403953552,1.0,0.519084250530111,0.9863367799113737,96.40335845947266,1.0,0.46893250942230225,0.9981536189069424,0.46893250942230225,0.9981536189069424,0.040711306035518646,0.9958788156509399,1.0,0.9999999403953552
GCN,265,1822,3,1,2,-5.223357200622559,2.4122838973999023,7.635641098022461,0.8660253286361694,0.04931676387786865,0.020531632006168365,0.5173343420028687,0.06917363405227661,0.20954907161803712,0,0.535938560962677,0.9993021632937893,1432,0.9999999403953552,1.0,0.518520864184627,0.9859675036927622,96.58533477783203,1.0,0.46845710277557373,0.9981536189069424,0.46845710277557373,0.9981536189069424,0.049316760152578354,0.9939258098602295,1.0,0.9999999403953552
GCN,265,1825,5,1,4,-3.40934681892395,3.6984362602233887,7.107783079147339,0.7499998807907104,0.026812797412276268,0.029405929148197174,0.5951103568077087,0.04557493329048157,0.12182644941265632,0,0.5387299060821533,0.9993021632937893,1432,0.9999999403953552,1.0,0.5896096428122088,0.9944608567208272,111.20997619628906,1.0,0.5401405096054077,0.9988921713441654,0.5401405096054077,0.9988921713441654,0.026812797412276268,0.9981955289840698,1.0,0.9999999403953552
GCN,265,1829,5,1,5,-2.3455357551574707,4.025399208068848,6.370934963226318,0.7071066498756409,0.027531038969755173,0.06118815764784813,0.6300033330917358,0.015227802097797394,0.10837438423645321,0,0.5394277572631836,0.9993021632937893,1432,0.9999999403953552,1.0,0.6224904700013183,0.9944608567208272,118.1705551147461,1.0,0.5717924237251282,0.9992614475627769,0.5717924237251282,0.9992614475627769,0.02753104269504547,0.9980956315994263,1.0,0.9999999403953552
GCN,265,1836,6,1,2,-2.174527645111084,3.0191850662231445,5.1937127113342285,0.8660253286361694,0.05269947648048401,0.02202155813574791,0.5176087021827698,0.1354171335697174,0.43444486547934824,1,0.5408234596252441,0.9993021632937893,1432,0.9999999403953552,1.0,0.5171576177256362,0.9859675036927622,96.85004425048828,1.0,0.47007855772972107,0.9981536189069424,0.47007855772972107,0.9981536189069424,0.05269946902990341,0.9930686950683594,1.0,0.9999999403953552
GCN,265,1838,0,1,4,2.1118946075439453,6.418552398681641,4.306657791137695,0.7499998807907104,0.02996130846440792,0.026950839906930923,0.5953519940376282,0.07929293066263199,0.22034861690034105,0,0.5429169535636902,0.9993021632937893,1432,0.9999999403953552,1.0,0.5896727712032029,0.9944608567208272,111.85824584960938,1.0,0.5431395173072815,0.9988921713441654,0.5431395173072815,0.9988921713441654,0.02996130846440792,0.9977477788925171,1.0,0.9999999403953552
GCN,265,1841,0,1,5,3.1748905181884766,7.086411952972412,3.9115214347839355,0.7071066498756409,0.02428826317191124,0.038532085716724396,0.6307969093322754,0.05476237088441849,0.18927624100037893,0,0.5422191023826599,0.9993021632937893,1432,1.0,1.0,0.6234487355684972,0.9944608567208272,118.49178314208984,1.0,0.5748220682144165,0.9996307237813885,0.5748220682144165,0.9996307237813885,0.02428826503455639,0.9985184669494629,1.0,1.0
GCN,265,1845,5,1,2,0.337178111076355,5.182565689086914,4.845387578010559,0.8660253286361694,0.04723455011844635,-0.012284932658076286,0.5189050436019897,0.09988710284233093,0.31110269041303523,0,0.5408234596252441,0.9993021632937893,1432,0.9999999403953552,1.0,0.5184720075825823,0.9859675036927622,96.78825378417969,1.0,0.4713723361492157,0.9981536189069424,0.4713723361492157,0.9981536189069424,0.04723455384373665,0.9944615364074707,1.0,0.9999999403953552
GCN,265,1852,3,1,2,-2.5494017601013184,3.9035420417785645,6.452943801879883,0.8660253286361694,0.04241049662232399,0.01309126615524292,0.517043948173523,0.08011923730373383,0.2209170140204623,0,0.5408234596252441,0.9993021632937893,1432,0.9999999403953552,1.0,0.5180242954580552,0.9859675036927622,96.7856216430664,1.0,0.46887651085853577,0.9981536189069424,0.46887651085853577,0.9981536189069424,0.04241049662232399,0.9955052137374878,1.0,0.9999999403953552
GCN,265,1853,3,1,1,-3.1759848594665527,4.904470920562744,8.080455780029297,0.9486831426620483,0.07529958337545395,-0.06904710829257965,0.4824806749820709,0.23264478147029877,0.7589996210685865,1,0.5387299060821533,0.9993021632937893,1432,0.9999999403953552,1.0,0.4848096804461236,0.9763663220088626,88.52389526367188,1.0,0.4328385293483734,0.9963072378138847,0.4328385293483734,0.9963072378138847,0.07529958337545395,0.9864408373832703,1.0,0.9999999403953552
GCN,265,1858,3,1,2,-3.7108747959136963,4.814841270446777,8.525716066360474,0.8660253286361694,0.04219500720500946,0.05019848793745041,0.5152183771133423,0.04664044454693794,0.13092080333459644,0,0.5373342633247375,0.9993021632937893,1432,0.9999999403953552,1.0,0.516451346870902,0.9859675036927622,96.74475860595703,1.0,0.4702771306037903,0.9981536189069424,0.4702771306037903,0.9981536189069424,0.04219500347971916,0.99552983045578,1.0,0.9999999403953552
GCN,265,1862,3,1,4,-6.7410478591918945,0.8733580112457275,7.614405870437622,0.7499998807907104,0.03824695572257042,-0.09108380228281021,0.6018789410591125,0.1196293979883194,0.39674118984463813,1,0.5394277572631836,0.9993021632937893,1432,0.9999999403953552,1.0,0.5970435648458983,0.9944608567208272,111.50318908691406,1.0,0.5423310399055481,0.9988921713441654,0.5423310399055481,0.9988921713441654,0.03824695199728012,0.9964339733123779,1.0,0.9999999403953552
GCN,265,1866,3,1,2,-4.559407711029053,3.551604986190796,8.111012697219849,0.8660253286361694,0.050968583673238754,-0.04301592335104942,0.5212199091911316,0.16644784808158875,0.563849943160288,1,0.5387299060821533,0.9993021632937893,1432,0.9999999403953552,1.0,0.521760446002469,0.9863367799113737,96.61087036132812,1.0,0.4699355363845825,0.9981536189069424,0.4699355363845825,0.9981536189069424,0.05096858739852905,0.9936164617538452,1.0,0.9999999403953552
GCN,265,1870,3,1,4,-4.276928901672363,3.005563735961914,7.282492637634277,0.7499998807907104,0.035886626690626144,0.02172718569636345,0.5959711670875549,0.06076151505112648,0.20121258052292534,0,0.5401256084442139,0.9993021632937893,1432,0.9999999403953552,1.0,0.591560895850117,0.9944608567208272,111.39196014404297,1.0,0.5404190421104431,0.9988921713441654,0.5404190421104431,0.9988921713441654,0.035886626690626144,0.996773362159729,1.0,0.9999999403953552
GCN,265,1872,3,1,1,-2.8494019508361816,5.565319538116455,8.414721488952637,0.9486831426620483,0.06322353333234787,0.04732836037874222,0.4720216989517212,0.09417866915464401,0.2737779461917393,0,0.5387299060821533,0.9993021632937893,1432,0.9999999403953552,1.0,0.4785500650273714,0.9756277695716395,88.75654602050781,1.0,0.4296789765357971,0.9959379615952733,0.4296789765357971,0.9959379615952733,0.06322353333234787,0.9900054931640625,1.0,0.9999999403953552
GCN,265,1878,5,1,3,-1.5992047786712646,4.618711948394775,6.21791672706604,0.8017836213111877,0.03861081600189209,0.042204052209854126,0.5567042231559753,0.0370568186044693,0.10837438423645321,0,0.5401256084442139,0.9993021632937893,1432,1.0,1.0,0.5541242506769519,0.990029542097489,104.08245086669922,1.0,0.5054178833961487,0.9985228951255539,0.5054178833961487,0.9985228951255539,0.03861081972718239,0.9962583780288696,1.0,1.0
GCN,265,1879,5,1,4,-0.28382086753845215,4.672612190246582,4.956433057785034,0.7499998807907104,0.02803422138094902,0.03146900609135628,0.5950854420661926,0.03772542625665665,0.10837438423645321,0,0.5394277572631836,0.9993021632937893,1432,0.9999999403953552,1.0,0.5900590263759828,0.9944608567208272,111.65972137451172,1.0,0.5415403246879578,0.9988921713441654,0.5415403246879578,0.9988921713441654,0.02803422324359417,0.9980272054672241,1.0,0.9999999403953552
GCN,265,1881,5,1,5,-4.069097995758057,2.8156137466430664,6.884711742401123,0.7071066498756409,0.03032173216342926,-0.0012513156980276108,0.6326944231987,0.04316997528076172,0.1110269041303524,0,0.5380321145057678,0.9993021632937893,1432,1.0,1.0,0.6248629896669832,0.9948301329394387,118.07501220703125,1.0,0.5728126764297485,0.9992614475627769,0.5728126764297485,0.9992614475627769,0.03032173402607441,0.997700572013855,1.0,1.0
GCN,265,1891,4,1,3,-1.7890734672546387,5.686282157897949,7.475355625152588,0.8017836213111877,0.03477390855550766,0.058920618146657944,0.5557870864868164,0.03450961038470268,0.10837438423645321,0,0.5373342633247375,0.9993021632937893,1432,1.0,1.0,0.554275117625905,0.990029542097489,104.09085845947266,1.0,0.5056125521659851,0.9985228951255539,0.5056125521659851,0.9985228951255539,0.03477390855550766,0.9969611763954163,1.0,1.0
GCN,265,1899,5,1,5,-1.935253620147705,4.626960277557373,6.562213897705078,0.7071066498756409,0.03274163976311684,0.05630301684141159,0.630276620388031,-0.00837726704776287,0.0,0,0.5394277572631836,0.9993021632937893,1432,1.0,1.0,0.6219140639567778,0.9944608567208272,117.94772338867188,1.0,0.5701673030853271,0.9988921713441654,0.5701673030853271,0.9988921713441654,0.032741643488407135,0.997306227684021,1.0,1.0
GCN,265,1901,5,1,6,-3.9165663719177246,2.463153123855591,6.379719495773315,0.6708203554153442,0.02412213757634163,0.04544847086071968,0.6646654009819031,-0.026418369263410568,0.0,0,0.5415212512016296,0.9993021632937893,1432,0.9999999403953552,1.0,0.6545693129242574,0.9951994091580503,124.38027954101562,1.0,0.6028486490249634,0.9996307237813885,0.6028486490249634,0.9996307237813885,0.02412213757634163,0.9985385537147522,1.0,0.9999999403953552
GCN,265,1904,5,1,3,-3.2166898250579834,3.391857147216797,6.60854697227478,0.8017836213111877,0.03409658744931221,0.07379406690597534,0.5551378130912781,0.025484077632427216,0.10837438423645321,0,0.5387299060821533,0.9993021632937893,1432,0.9999999403953552,1.0,0.5519202069335972,0.990029542097489,104.07715606689453,1.0,0.5044134855270386,0.9985228951255539,0.5044134855270386,0.9985228951255539,0.03409659117460251,0.9970775842666626,1.0,0.9999999403953552
GCN,265,1906,4,1,5,-1.2964963912963867,5.331215858459473,6.627712249755859,0.7071066498756409,0.022715983912348747,-0.021643679589033127,0.6326969265937805,0.05969852954149246,0.19950738916256158,0,0.5415212512016296,0.9993021632937893,1432,0.9999999403953552,1.0,0.6241681046165876,0.9948301329394387,118.23736572265625,1.0,0.5729002952575684,0.9992614475627769,0.5729002952575684,0.9992614475627769,0.022715983912348747,0.9987107515335083,1.0,0.9999999403953552
GCN,265,1909,0,1,6,0.44602227210998535,5.786113262176514,5.340090990066528,0.6708203554153442,0.02229304611682892,-0.06753228604793549,0.668395459651947,0.035389237105846405,0.10837438423645321,0,0.5429169535636902,0.9993021632937893,1432,0.9999999403953552,1.0,0.6581111356935881,0.9955686853766618,124.60211944580078,1.0,0.6050686240196228,0.9996307237813885,0.6050686240196228,0.9996307237813885,0.02229304425418377,0.9987688660621643,1.0,0.9999999403953552
GCN,265,1911,5,1,4,-0.40064293146133423,4.9097900390625,5.310432970523834,0.7499998807907104,0.03258530795574188,0.005341697484254837,0.5964401960372925,-0.002646779641509056,0.0,0,0.5394277572631836,0.9993021632937893,1432,0.9999999403953552,1.0,0.5901714702943249,0.9944608567208272,111.95833587646484,1.0,0.5426144003868103,0.9988921713441654,0.5426144003868103,0.9988921713441654,0.03258530795574188,0.9973433613777161,1.0,0.9999999403953552
GCN,265,1913,0,1,4,1.6821894645690918,6.61697244644165,4.934782981872559,0.7499998807907104,0.026215925812721252,-0.08401188999414444,0.5990378856658936,0.10980787128210068,0.367942402425161,1,0.5408234596252441,0.9993021632937893,1432,0.9999999403953552,1.0,0.5922354907717821,0.9944608567208272,111.87081146240234,1.0,0.5435192584991455,0.9988921713441654,0.5435192584991455,0.9988921713441654,0.0262159276753664,0.9983081817626953,1.0,0.9999999403953552
GCN,265,1916,6,1,3,-0.3662536144256592,4.592273235321045,4.958526849746704,0.8017836213111877,0.0381162203848362,0.03096376731991768,0.5572113394737244,0.036644548177719116,0.10837438423645321,0,0.5415212512016296,0.9993021632937893,1432,0.9999999403953552,1.0,0.5518645596839715,0.990029542097489,104.4161605834961,1.0,0.5071753859519958,0.9985228951255539,0.5071753859519958,0.9985228951255539,0.038116224110126495,0.9963574409484863,1.0,1.0
GCN,265,1918,6,1,2,-0.7079614400863647,4.236495494842529,4.944456934928894,0.8660253286361694,0.09712883830070496,0.04396720230579376,0.5225831270217896,0.16868004202842712,0.5744600227358848,1,0.5429169535636902,0.9993021632937893,1432,0.9999999403953552,1.0,0.5244824242388096,0.9863367799113737,97.03356170654297,1.0,0.4739491641521454,0.9981536189069424,0.4739491641521454,0.9981536189069424,0.09712882339954376,0.9767441153526306,1.0,0.9999999403953552
GCN,265,1920,0,1,6,-0.3434370756149292,3.647793769836426,3.991230845451355,0.6708203554153442,0.023431697860360146,-0.006774134933948517,0.6664808392524719,0.011997136287391186,0.10837438423645321,0,0.5394277572631836,0.9993021632937893,1432,0.9999999403953552,1.0,0.6522099477636306,0.9951994091580503,124.59063720703125,1.0,0.6037996411323547,0.9996307237813885,0.6037996411323547,0.9996307237813885,0.023431699723005295,0.9986258149147034,1.0,0.9999999403953552
GCN,265,1925,0,1,3,0.5654571056365967,6.1044921875,5.539035081863403,0.8017836213111877,0.033570628613233566,-0.023099318146705627,0.5591896772384644,0.09464713931083679,0.27453580901856767,0,0.5394277572631836,0.9993021632937893,1432,0.9999999403953552,1.0,0.5568273666080804,0.9918759231905465,104.73820495605469,1.0,0.5084202885627747,0.9985228951255539,0.5084202885627747,0.9985228951255539,0.033570628613233566,0.9971944093704224,1.0,0.9999999403953552
GCN,265,1931,3,1,3,-3.1378207206726074,4.441798686981201,7.579619407653809,0.8017836213111877,0.02676834538578987,0.01431785337626934,0.5571765899658203,0.06517559289932251,0.20651762031072377,0,0.5408234596252441,0.9993021632937893,1432,0.9999999403953552,1.0,0.5557222788371072,0.9911373707533235,104.1294937133789,1.0,0.5060044527053833,0.9985228951255539,0.5060044527053833,0.9985228951255539,0.02676834538578987,0.9982035160064697,1.0,0.9999999403953552
GCN,265,1932,3,1,3,-3.3495335578918457,4.396275043487549,7.7458086013793945,0.8017836213111877,0.03759780898690224,0.04962431266903877,0.5563016533851624,-0.0008235401473939419,0.0,0,0.5401256084442139,0.9993021632937893,1432,0.9999999403953552,1.0,0.553906522247721,0.990029542097489,104.01637268066406,1.0,0.5056007504463196,0.9985228951255539,0.5056007504463196,0.9985228951255539,0.037597812712192535,0.9964497089385986,1.0,0.9999999403953552
GCN,265,1936,3,1,5,-3.989218235015869,2.7325186729431152,6.721736907958984,0.7071066498756409,0.024816513061523438,0.0302499420940876,0.6310999989509583,0.07237841188907623,0.21163319439181508,0,0.5415212512016296,0.9993021632937893,1432,1.0,1.0,0.6235224185559645,0.9944608567208272,117.92829895019531,1.0,0.5727984309196472,0.9992614475627769,0.5727984309196472,0.9992614475627769,0.024816513061523438,0.9984539151191711,1.0,1.0
GCN,265,1938,3,1,1,-3.5832762718200684,4.746024131774902,8.32930040359497,0.9486831426620483,0.09287750720977783,0.02358304336667061,0.4782710671424866,0.16474227607250214,0.5625236832133383,1,0.5387299060821533,0.9993021632937893,1432,0.9999999403953552,1.0,0.48286337476418695,0.9763663220088626,89.62487030029297,1.0,0.43336835503578186,0.9963072378138847,0.43336835503578186,0.9963072378138847,0.09287750720977783,0.9788368940353394,1.0,0.9999999403953552
GCN,265,1942,3,1,3,-3.5116686820983887,4.662202835083008,8.173871517181396,0.8017836213111877,0.03432358801364899,-0.0457209087908268,0.5602453947067261,0.12675365805625916,0.41114058355437666,1,0.5401256084442139,0.9993021632937893,1432,0.9999999403953552,1.0,0.5572375660480747,0.9918759231905465,104.21741485595703,1.0,0.5084763169288635,0.9985228951255539,0.5084763169288635,0.9985228951255539,0.03432358801364899,0.9970824718475342,1.0,0.9999999403953552
GCN,265,1947,3,1,4,-5.5630950927734375,1.5102843046188354,7.073379397392273,0.7499998807907104,0.028092721477150917,-0.01148842740803957,0.5966947674751282,0.05368536710739136,0.18226600985221675,0,0.5408234596252441,0.9993021632937893,1432,0.9999999403953552,1.0,0.5918746746026085,0.9944608567208272,111.44911193847656,1.0,0.5407363176345825,0.9988921713441654,0.5407363176345825,0.9988921713441654,0.02809271775186062,0.998028039932251,1.0,0.9999999403953552
GCN,265,1959,5,1,5,-4.73781681060791,1.9092780351638794,6.6470948457717896,0.7071066498756409,0.02964317612349987,0.03298863768577576,0.6311951279640198,0.01840246468782425,0.10837438423645321,0,0.5394277572631836,0.9993021632937893,1432,0.9999999403953552,1.0,0.6232302165757145,0.9944608567208272,117.9605941772461,1.0,0.571533203125,0.9992614475627769,0.571533203125,0.9992614475627769,0.02964317984879017,0.9977943897247314,1.0,1.0
GCN,265,1961,5,1,3,-3.5396125316619873,4.144270896911621,7.683883428573608,0.8017836213111877,0.03412124142050743,0.009488888084888458,0.5578752160072327,0.010873580351471901,0.10837438423645321,0,0.5373342633247375,0.9993021632937893,1432,0.9999999403953552,1.0,0.5541642635933919,0.990029542097489,104.22003936767578,1.0,0.5056377053260803,0.9985228951255539,0.5056377053260803,0.9985228951255539,0.03412124142050743,0.9970864057540894,1.0,0.9999999403953552
GCN,265,1962,5,1,3,-3.0202128887176514,4.113780975341797,7.133993864059448,0.8017836213111877,0.0409243181347847,-0.05710331350564957,0.561883807182312,0.11473492532968521,0.3874573702159909,1,0.5366364121437073,0.9993021632937893,1432,0.9999999403953552,1.0,0.5591406912201984,0.992245199409158,104.62223815917969,1.0,0.5077466368675232,0.9985228951255539,0.5077466368675232,0.9985228951255539,0.0409243181347847,0.9958789944648743,1.0,0.9999999403953552
GCN,265,1969,4,1,3,-2.9029297828674316,4.452502250671387,7.355432033538818,0.8017836213111877,0.042418550699949265,0.029963985085487366,0.5575817227363586,0.05586126446723938,0.19268662372110648,0,0.5415212512016296,0.9993021632937893,1432,0.9999999403953552,1.0,0.5562854369801894,0.9911373707533235,104.26426696777344,1.0,0.5076009035110474,0.9985228951255539,0.5076009035110474,0.9985228951255539,0.042418546974658966,0.9954924583435059,1.0,1.0
GCN,265,1972,6,1,3,-1.1995322704315186,3.4354333877563477,4.634965658187866,0.8017836213111877,0.03172735869884491,-0.019940689206123352,0.5588448643684387,0.06398002803325653,0.20500189465706706,0,0.5422191023826599,0.9993021632937893,1432,1.0,1.0,0.553589284406713,0.990029542097489,104.18424987792969,1.0,0.5056633949279785,0.9985228951255539,0.5056633949279785,0.9985228951255539,0.03172735869884491,0.9974908828735352,1.0,1.0
GCN,265,1977,3,1,2,0.17780756950378418,4.854000091552734,4.67619252204895,0.8660253286361694,0.04147058352828026,-0.02392887882888317,0.5187207460403442,0.1137896478176117,0.38044713906782873,1,0.5401256084442139,0.9993021632937893,1432,0.9999999403953552,1.0,0.5178616592839799,0.9859675036927622,96.74506378173828,1.0,0.4676879644393921,0.9981536189069424,0.4676879644393921,0.9981536189069424,0.04147057980298996,0.9957321882247925,1.0,0.9999999403953552
GCN,265,1983,0,1,4,0.31132543087005615,5.916354179382324,5.605028748512268,0.7499998807907104,0.02255108952522278,-0.011626019142568111,0.5961959362030029,0.019452771171927452,0.10837438423645321,0,0.5401256084442139,0.9993021632937893,1432,0.9999999403953552,1.0,0.5909052764079212,0.9944608567208272,111.54837036132812,1.0,0.5411664843559265,0.9988921713441654,0.5411664843559265,0.9988921713441654,0.02255108952522278,0.998727560043335,1.0,0.9999999403953552
GCN,265,1996,3,0,5,-8.420206069946289,-1.3760221004486084,7.044183969497681,0.7071066498756409,0.035515155643224716,-0.03600086271762848,0.6349810361862183,0.052525900304317474,0.1733611216369837,0,0.5436148047447205,0.9993021632937893,1432,1.0,1.0,0.6277595871026543,0.9948301329394387,117.94978332519531,1.0,0.5717263221740723,0.9992614475627769,0.5717263221740723,0.9992614475627769,0.035515159368515015,0.9968708157539368,1.0,1.0
GCN,265,2004,3,1,4,-5.5434722900390625,1.8134129047393799,7.356885194778442,0.7499998807907104,0.029339484870433807,0.02376202493906021,0.5954439043998718,0.03255556896328926,0.10837438423645321,0,0.5394277572631836,0.9993021632937893,1432,0.9999999403953552,1.0,0.5906862973895296,0.9944608567208272,111.14285278320312,1.0,0.5397369861602783,0.9988921713441654,0.5397369861602783,0.9988921713441654,0.02933948114514351,0.9978408217430115,1.0,0.9999999403953552
GCN,265,2006,3,1,3,-6.405816078186035,1.7577608823776245,8.16357696056366,0.8017836213111877,0.043684832751750946,0.012711998075246811,0.5586239695549011,0.047738637775182724,0.13793103448275862,0,0.5373342633247375,0.9993021632937893,1432,0.9999999403953552,1.0,0.5557032405403196,0.9911373707533235,104.03372192382812,1.0,0.5041838884353638,0.9985228951255539,0.5041838884353638,0.9985228951255539,0.043684832751750946,0.9952329397201538,1.0,0.9999999403953552
GCN,265,2010,0,1,4,0.27488601207733154,4.80789852142334,4.533012509346008,0.7499998807907104,0.028498558327555656,0.010068570263683796,0.5959177613258362,0.051864881068468094,0.1724137931034483,0,0.5401256084442139,0.9993021632937893,1432,0.9999999403953552,1.0,0.5907473180147395,0.9944608567208272,111.53141021728516,1.0,0.5401709675788879,0.9988921713441654,0.5401709675788879,0.9988921713441654,0.028498558327555656,0.9979652166366577,1.0,0.9999999403953552
GCN,265,2011,3,1,3,-1.2884447574615479,5.555970191955566,6.844414949417114,0.8017836213111877,0.028305912390351295,0.05347726121544838,0.5558846592903137,0.015913721174001694,0.10837438423645321,0,0.5401256084442139,0.9993021632937893,1432,0.9999999403953552,1.0,0.5532423724628235,0.990029542097489,103.77015686035156,1.0,0.5046725869178772,0.9985228951255539,0.5046725869178772,0.9985228951255539,0.028305910527706146,0.9979870319366455,1.0,0.9999999403953552
GCN,265,2014,3,1,2,0.7397645711898804,5.213207244873047,4.4734426736831665,0.8660253286361694,0.04926475137472153,0.059921734035015106,0.5150918960571289,0.03415583074092865,0.10837438423645321,0,0.5401256084442139,0.9993021632937893,1432,0.9999999403953552,1.0,0.5163125165166553,0.9844903988183161,96.71380615234375,1.0,0.46799665689468384,0.9981536189069424,0.46799665689468384,0.9981536189069424,0.049264755100011826,0.9939050078392029,1.0,0.9999999403953552
GCN,265,2015,6,1,3,0.6403301954269409,4.71925163269043,4.078921437263489,0.8017836213111877,0.027811935171484947,0.019382206723093987,0.5570619106292725,-0.0013671256601810455,0.0,0,0.5415212512016296,0.9993021632937893,1432,0.9999999403953552,1.0,0.5543819983125573,0.990029542097489,104.21387481689453,1.0,0.5053616762161255,0.9985228951255539,0.5053616762161255,0.9985228951255539,0.027811933308839798,0.9980600476264954,1.0,0.9999999403953552
GCN,265,2019,0,1,2,-0.03930187225341797,4.2095842361450195,4.2488861083984375,0.8660253286361694,0.0535748191177845,-0.06009216979146004,0.5227386951446533,0.16604875028133392,0.563849943160288,1,0.5408234596252441,0.9993021632937893,1432,0.9999999403953552,1.0,0.5194665108406253,0.9863367799113737,96.6029281616211,1.0,0.4705585241317749,0.9981536189069424,0.4705585241317749,0.9981536189069424,0.0535748191177845,0.9929981231689453,1.0,0.9999999403953552
GCN,265,2038,3,1,2,-2.056806802749634,5.482868671417236,7.53967547416687,0.8660253286361694,0.05329085513949394,0.04052988812327385,0.516539454460144,0.07672583311796188,0.21674876847290642,0,0.5373342633247375,0.9993021632937893,1432,0.9999999403953552,1.0,0.5173910414666674,0.9859675036927622,96.46751403808594,1.0,0.47076416015625,0.9981536189069424,0.47076416015625,0.9981536189069424,0.05329085513949394,0.992890477180481,1.0,0.9999999403953552
GCN,265,2043,4,1,2,-2.0624427795410156,5.649384021759033,7.711826801300049,0.8660253286361694,0.05481059476733208,-0.0380711555480957,0.5216188430786133,0.13968975841999054,0.4571807502841986,1,0.5401256084442139,0.9993021632937893,1432,0.9999999403953552,1.0,0.5203733288373648,0.9863367799113737,96.78813934326172,1.0,0.47138282656669617,0.9981536189069424,0.47138282656669617,0.9981536189069424,0.05481059476733208,0.9926224946975708,1.0,0.9999999403953552
GCN,265,2045,1,1,32,-2.8360726833343506,1.0938589572906494,3.929931640625,0.35355332493782043,0.008514120243489742,0.01592669077217579,1.2622179985046387,0.01321401633322239,0.10837438423645321,0,0.5415212512016296,0.9993021632937893,1432,1.0,1.0,1.2349603448130646,1.0,235.95660400390625,1.0,1.140720248222351,1.0,1.140720248222351,1.0,0.008514126762747765,0.999817967414856,1.0,1.0
GCN,265,2051,0,1,3,0.8445202112197876,5.285075664520264,4.440555453300476,0.8017836213111877,0.03236551210284233,0.023889001458883286,0.5571526885032654,0.04868166893720627,0.14153088291019325,0,0.5373342633247375,0.9993021632937893,1432,0.9999999403953552,1.0,0.5540630694287983,0.990029542097489,104.11051177978516,1.0,0.5051290988922119,0.9985228951255539,0.5051290988922119,0.9985228951255539,0.03236551210284233,0.9973733425140381,1.0,0.9999999403953552
GCN,265,2054,0,1,9,3.3088722229003906,7.1435933113098145,3.834721088409424,0.588348388671875,0.016404269263148308,0.01918206177651882,0.758568525314331,0.00925852358341217,0.10837438423645321,0,0.5408234596252441,0.9993021632937893,1432,0.9999999403953552,1.0,0.7441585268285281,1.0,142.1250762939453,1.0,0.6885823011398315,1.0,0.6885823011398315,1.0,0.01640426740050316,0.9993244409561157,1.0,0.9999999403953552
GCN,265,2055,0,1,4,1.4769129753112793,6.788666725158691,5.311753749847412,0.7499998807907104,0.027869442477822304,0.08795495331287384,0.5929758548736572,-0.02610902115702629,0.0,0,0.5415212512016296,0.9993021632937893,1432,0.9999999403953552,1.0,0.5883732332454727,0.9944608567208272,111.48385620117188,1.0,0.5408706665039062,0.9988921713441654,0.5408706665039062,0.9988921713441654,0.027869442477822304,0.9980497360229492,1.0,0.9999999403953552
GCN,265,2058,5,1,3,-3.8850646018981934,3.4686646461486816,7.353729248046875,0.8017836213111877,0.05248594656586647,0.00872548297047615,0.55992192029953,0.10634096711874008,0.3560060629026146,1,0.5394277572631836,0.9993021632937893,1432,0.9999999403953552,1.0,0.5562254043027606,0.9911373707533235,104.5187759399414,1.0,0.5081707835197449,0.9985228951255539,0.5081707835197449,0.9985228951255539,0.05248594284057617,0.99314284324646,1.0,0.9999999403953552
GCN,265,2059,0,1,6,1.5452377796173096,6.314647674560547,4.769409894943237,0.6708203554153442,0.024539891630411148,-0.027475539594888687,0.6673360466957092,0.0029911836609244347,0.10837438423645321,0,0.5408234596252441,0.9993021632937893,1432,0.9999999403953552,1.0,0.6564511717398921,0.9955686853766618,124.67369842529297,1.0,0.6041793823242188,0.9996307237813885,0.6041793823242188,0.9996307237813885,0.0245398860424757,0.9984974265098572,1.0,0.9999999403953552
GCN,265,2071,2,1,8,0.4004061818122864,3.827033042907715,3.4266268610954285,0.6123723983764648,0.02076598070561886,-0.012232296168804169,0.7300333380699158,0.05137210711836815,0.16729821902235695,0,0.5415212512016296,0.9993021632937893,1432,0.9999999403953552,1.0,0.7162689426839834,1.0,136.35142517089844,1.0,0.6603544354438782,1.0,0.6603544354438782,1.0,0.020765984430909157,0.998920738697052,1.0,0.9999999403953552
GCN,265,2072,0,1,3,2.5860090255737305,6.957233905792236,4.371224880218506,0.8017836213111877,0.03359357640147209,0.1254841387271881,0.5529605746269226,-0.03943084180355072,0.0,0,0.5408234596252441,0.9993021632937893,1432,0.9999999403953552,1.0,0.5513789673971455,0.990029542097489,104.34114074707031,1.0,0.5047977566719055,0.9985228951255539,0.5047977566719055,0.9985228951255539,0.03359358012676239,0.997170627117157,1.0,0.9999999403953552
GCN,265,2075,3,1,8,-3.5359251499176025,3.1733667850494385,6.709291934967041,0.6123723983764648,0.019943196326494217,0.01161627471446991,0.729179859161377,-0.013581406325101852,0.0,0,0.5387299060821533,0.9993021632937893,1432,0.9999999403953552,1.0,0.7155496416018651,1.0,136.27076721191406,1.0,0.6604784727096558,1.0,0.6604784727096558,1.0,0.019943196326494217,0.99900221824646,1.0,0.9999999403953552
GCN,265,2082,1,1,2,-2.2694482803344727,3.8524410724639893,6.121889352798462,0.8660253286361694,0.09021378308534622,0.03385237231850624,0.5223156809806824,0.16583949327468872,0.563849943160288,1,0.5380321145057678,0.9993021632937893,1432,0.9999999403953552,1.0,0.5245816834867962,0.9863367799113737,97.1030502319336,1.0,0.4723963737487793,0.9981536189069424,0.4723963737487793,0.9981536189069424,0.09021378308534622,0.9799335598945618,1.0,0.9999999403953552
GCN,265,2087,1,1,2,-2.4106264114379883,2.720867872238159,5.1314942836761475,0.8660253286361694,0.04726164788007736,0.04534565657377243,0.515775740146637,0.0692886933684349,0.20954907161803712,0,0.5380321145057678,0.9993021632937893,1432,0.9999999403953552,1.0,0.5156587242888715,0.9844903988183161,96.82579040527344,1.0,0.47000157833099365,0.9981536189069424,0.47000157833099365,0.9981536189069424,0.047261644154787064,0.9943981170654297,1.0,0.9999999403953552
GCN,265,2096,1,1,6,-2.1088707447052,3.1856486797332764,5.294519424438477,0.6708203554153442,0.02250227890908718,0.02238762378692627,0.6654229164123535,0.002469157800078392,0.10837438423645321,0,0.5415212512016296,0.9993021632937893,1432,0.9999999403953552,1.0,0.6555399913969702,0.9955686853766618,124.43601989746094,1.0,0.6032475233078003,0.9996307237813885,0.6032475233078003,0.9996307237813885,0.02250227890908718,0.9987291097640991,1.0,0.9999999403953552
GCN,265,2105,5,1,2,0.2299896478652954,5.870903491973877,5.6409138441085815,0.8660253286361694,0.04772282764315605,0.0793224573135376,0.5139341354370117,0.01690927892923355,0.10837438423645321,0,0.5380321145057678,0.9993021632937893,1432,0.9999999403953552,1.0,0.5152865368263417,0.9844903988183161,96.91459655761719,1.0,0.4694930613040924,0.9981536189069424,0.4694930613040924,0.9981536189069424,0.04772282764315605,0.9942713379859924,1.0,0.9999999403953552
GCN,265,2107,1,1,4,-1.2193212509155273,4.256117820739746,5.475439071655273,0.7499998807907104,0.02664438635110855,0.02203948423266411,0.5953651666641235,0.031198017299175262,0.10837438423645321,0,0.5429169535636902,0.9993021632937893,1432,0.9999999403953552,1.0,0.5885152191926384,0.9944608567208272,111.25544738769531,1.0,0.5392866134643555,0.9988921713441654,0.5392866134643555,0.9988921713441654,0.0266443882137537,0.9982190132141113,1.0,0.9999999403953552
GCN,265,2113,2,1,6,-2.6049866676330566,3.9835214614868164,6.588508129119873,0.6708203554153442,0.02168796956539154,0.0542801171541214,0.6643581986427307,-0.030806824564933777,0.0,0,0.5415212512016296,0.9993021632937893,1432,0.9999999403953552,1.0,0.6547658805086553,0.9955686853766618,124.32247161865234,1.0,0.6013065576553345,0.9996307237813885,0.6013065576553345,0.9996307237813885,0.02168796956539154,0.9988186359405518,1.0,0.9999999403953552
GCN,265,2120,4,1,5,-2.4369969367980957,4.585794448852539,7.022791385650635,0.7071066498756409,0.03176762908697128,0.10781201720237732,0.6279328465461731,-0.04735388606786728,0.0,0,0.5394277572631836,0.9993021632937893,1432,0.9999999403953552,1.0,0.6207696560925129,0.9944608567208272,118.04023742675781,1.0,0.5716709494590759,0.9992614475627769,0.5716709494590759,0.9992614475627769,0.03176763281226158,0.9974671006202698,1.0,0.9999999403953552
GCN,265,2122,4,1,10,-4.259280204772949,2.0803394317626953,6.3396196365356445,0.5669466257095337,0.01523348968476057,0.018464146181941032,0.7871895432472229,0.014035328291356564,0.10837438423645321,0,0.5401256084442139,0.9993021632937893,1432,1.0,1.0,0.7717650856493627,1.0,147.1422882080078,1.0,0.7130753397941589,1.0,0.7130753397941589,1.0,0.01523348968476057,0.9994174838066101,1.0,1.0
GCN,265,2130,4,1,12,-4.589865684509277,1.6032345294952393,6.193100214004517,0.5303300619125366,0.021718839183449745,0.08495904505252838,0.8390945196151733,0.006931149400770664,0.10837438423645321,0,0.5422191023826599,0.9993021632937893,1432,0.9999999403953552,1.0,0.8215845327227015,1.0,157.2773895263672,1.0,0.7607622742652893,1.0,0.7607622742652893,1.0,0.021718841046094894,0.9988168478012085,1.0,0.9999999403953552
GCN,265,2131,0,1,3,1.5654165744781494,6.229159355163574,4.663742780685425,0.8017836213111877,0.034073006361722946,-0.027989111840724945,0.5594581365585327,0.08485573530197144,0.2277377794619174,0,0.5415212512016296,0.9993021632937893,1432,0.9999999403953552,1.0,0.5574427129623843,0.9918759231905465,104.541259765625,1.0,0.5080922245979309,0.9985228951255539,0.5080922245979309,0.9985228951255539,0.034073006361722946,0.9971131682395935,1.0,0.9999999403953552
GCN,265,2139,3,1,4,-6.283331871032715,0.602048933506012,6.885380804538727,0.7499998807907104,0.0377153716981411,0.027195550501346588,0.5958444476127625,0.05098830163478851,0.16331943918150815,0,0.5373342633247375,0.9993021632937893,1432,0.9999999403953552,1.0,0.5914818961016348,0.9944608567208272,111.33916473388672,1.0,0.540789783000946,0.9988921713441654,0.540789783000946,0.9988921713441654,0.0377153679728508,0.9964349269866943,1.0,0.9999999403953552
GCN,265,2141,3,1,4,-7.291776657104492,0.21252655982971191,7.504303216934204,0.7499998807907104,0.04076367989182472,0.015062471851706505,0.5967488884925842,0.10486698895692825,0.3446381205001895,1,0.5380321145057678,0.9993021632937893,1432,0.9999999403953552,1.0,0.5923929768893623,0.9944608567208272,111.39118194580078,1.0,0.5405452847480774,0.9988921713441654,0.5405452847480774,0.9988921713441654,0.04076367989182472,0.9958445429801941,1.0,0.9999999403953552
GCN,265,2153,4,1,3,0.5500023365020752,5.484429359436035,4.93442702293396,0.8017836213111877,0.034706272184848785,0.013909034430980682,0.5577335357666016,0.08255241066217422,0.2233800682076544,0,0.5408234596252441,0.9993021632937893,1432,0.9999999403953552,1.0,0.5535982747314283,0.990029542097489,104.46105194091797,1.0,0.5070128440856934,0.9985228951255539,0.5070128440856934,0.9985228951255539,0.034706272184848785,0.9969843626022339,1.0,0.9999999403953552
GCN,265,2156,0,1,4,0.9681474566459656,5.0579986572265625,4.089851200580597,0.7499998807907104,0.028042687103152275,-0.015737270936369896,0.5968482494354248,0.07921971380710602,0.22034861690034105,0,0.5415212512016296,0.9993021632937893,1432,0.9999999403953552,1.0,0.5902874269507118,0.9944608567208272,111.51130676269531,1.0,0.5404924750328064,0.9988921713441654,0.5404924750328064,0.9988921713441654,0.028042688965797424,0.9980363249778748,1.0,0.9999999403953552
GCN,265,2157,6,1,5,-2.5581440925598145,1.8685911893844604,4.426735281944275,0.7071066498756409,0.02939080074429512,0.03605886548757553,0.6310557126998901,0.01678478717803955,0.10837438423645321,0,0.5373342633247375,0.9993021632937893,1432,1.0,0.9999999403953552,0.6232105386959427,0.9944608567208272,117.66456604003906,1.0,0.5709764361381531,0.9992614475627769,0.5709764361381531,0.9992614475627769,0.029390806332230568,0.9978313446044922,0.9999999403953552,1.0
GCN,265,2158,6,1,1,-1.9398534297943115,3.557589530944824,5.497442960739136,0.9486831426620483,0.07506507635116577,0.003388497978448868,0.4768013060092926,0.16333630681037903,0.5604395604395604,1,0.535938560962677,0.9993021632937893,1432,0.9999999403953552,1.0,0.48301376295917003,0.9763663220088626,88.78813171386719,1.0,0.4316079020500183,0.9959379615952733,0.4316079020500183,0.9959379615952733,0.07506506890058517,0.9861341714859009,1.0,0.9999999403953552
GCN,265,2160,6,1,8,-2.8416218757629395,1.241060495376587,4.082682371139526,0.6123723983764648,0.02421741746366024,0.0030789747834205627,0.7297811508178711,0.035742126405239105,0.10837438423645321,0,0.5387299060821533,0.9993021632937893,1432,0.9999999403953552,1.0,0.7162637833072949,1.0,136.08770751953125,1.0,0.6595834493637085,1.0,0.6595834493637085,1.0,0.024217410013079643,0.9985306859016418,0.9999999403953552,0.9999999403953552
GCN,265,2164,6,1,3,-2.728733539581299,1.8506066799163818,4.579340219497681,0.8017836213111877,0.03696797415614128,-0.000948665663599968,0.5586034655570984,0.08090724050998688,0.22110647972716937,0,0.5408234596252441,0.9993021632937893,1432,1.0,1.0,0.5526732016636441,0.990029542097489,104.26763916015625,1.0,0.5070831179618835,0.9985228951255539,0.5070831179618835,0.9985228951255539,0.03696797788143158,0.9965877532958984,1.0,1.0
GCN,265,2165,6,1,3,-0.854444146156311,4.078702449798584,4.933146595954895,0.8017836213111877,0.030789891257882118,-0.02018170803785324,0.5587493181228638,0.08070246130228043,0.2209170140204623,0,0.5380321145057678,0.9993021632937893,1432,1.0,1.0,0.5548443102477931,0.9911373707533235,104.17474365234375,1.0,0.5059738159179688,0.9985228951255539,0.5059738159179688,0.9985228951255539,0.03078988753259182,0.9976363778114319,1.0,1.0
GCN,265,2166,5,1,2,-2.560370445251465,3.483703851699829,6.044074296951294,0.8660253286361694,0.08365887403488159,0.03437536209821701,0.521062433719635,0.16148610413074493,0.5492610837438424,1,0.5366364121437073,0.9993021632937893,1432,0.9999999403953552,1.0,0.522272806967041,0.9863367799113737,96.75991821289062,1.0,0.4701736867427826,0.9981536189069424,0.4701736867427826,0.9981536189069424,0.08365887403488159,0.9826852083206177,1.0,0.9999999403953552
GCN,265,2172,0,1,5,3.3414387702941895,7.642423152923584,4.3009843826293945,0.7071066498756409,0.03074590116739273,0.05257788300514221,0.6303969621658325,0.030847979709506035,0.10837438423645321,0,0.5408234596252441,0.9993021632937893,1432,1.0,1.0,0.6224676088155767,0.9944608567208272,118.2822036743164,1.0,0.573445200920105,0.9996307237813885,0.573445200920105,0.9996307237813885,0.030745895579457283,0.9976250529289246,1.0,1.0
GCN,265,2177,3,1,4,0.3857693076133728,4.016881942749023,3.6311126351356506,0.7499998807907104,0.060897283256053925,0.10275810956954956,0.592276930809021,0.03533682972192764,0.10837438423645321,0,0.5401256084442139,0.9993021632937893,1432,0.9999999403953552,1.0,0.5866345900152644,0.9940915805022157,111.19881439208984,1.0,0.541344940662384,0.9988921713441654,0.541344940662384,0.9988921713441654,0.060897279530763626,0.9906585216522217,1.0,0.9999999403953552
GCN,265,2181,0,1,8,3.9517486095428467,8.135857582092285,4.1841089725494385,0.6123723983764648,0.027886128053069115,0.13698479533195496,0.7239992618560791,0.022516636177897453,0.10837438423645321,0,0.5415212512016296,0.9993021632937893,1432,0.9999999403953552,1.0,0.711029214497561,1.0,136.4636993408203,1.0,0.660618007183075,1.0,0.660618007183075,1.0,0.02788613550364971,0.9980571866035461,1.0,0.9999999403953552
GCN,265,2189,0,1,6,1.0282188653945923,5.072648048400879,4.044429183006287,0.6708203554153442,0.02135578542947769,0.042707886546850204,0.6647300720214844,0.06344100832939148,0.2046229632436529,0,0.5408234596252441,0.9993021632937893,1432,0.9999999403953552,1.0,0.6540824880521208,0.9951994091580503,124.4692611694336,1.0,0.6032567024230957,0.9996307237813885,0.6032567024230957,0.9996307237813885,0.02135578729212284,0.9988545179367065,1.0,0.9999999403953552
GCN,265,2195,0,1,4,-0.4927510619163513,3.878690242767334,4.371441304683685,0.7499998807907104,0.03672810643911362,0.05923417955636978,0.5942013263702393,0.015628408640623093,0.10837438423645321,0,0.5408234596252441,0.9993021632937893,1432,0.9999999403953552,1.0,0.5856437200935348,0.9940915805022157,111.0943603515625,1.0,0.5383424162864685,0.9988921713441654,0.5383424162864685,0.9988921713441654,0.03672810643911362,0.9966100454330444,1.0,0.9999999403953552
GCN,265,2198,0,1,5,2.50006103515625,6.803059101104736,4.302998065948486,0.7071066498756409,0.023195473477244377,0.11108992993831635,0.628387987613678,-0.0405668281018734,0.0,0,0.5408234596252441,0.9993021632937893,1432,0.9999999403953552,1.0,0.6210694458242845,0.9944608567208272,118.22235107421875,1.0,0.5730171203613281,0.9992614475627769,0.5730171203613281,0.9992614475627769,0.023195477202534676,0.9986534118652344,0.9999999403953552,1.0
GCN,265,2212,3,1,4,-2.8965697288513184,4.287498474121094,7.184068202972412,0.7499998807907104,0.032489582896232605,0.013928733766078949,0.5960603356361389,0.0627298578619957,0.20367563471011746,0,0.5408234596252441,0.9993021632937893,1432,0.9999999403953552,1.0,0.5901731619660159,0.9944608567208272,111.43115997314453,1.0,0.5419954657554626,0.9988921713441654,0.5419954657554626,0.9988921713441654,0.032489582896232605,0.997356116771698,1.0,0.9999999403953552
GCN,265,2215,3,1,4,-3.2835488319396973,4.2865471839904785,7.570096015930176,0.7499998807907104,0.031249022111296654,0.04648016765713692,0.5946096181869507,0.001445351168513298,0.10837438423645321,0,0.5380321145057678,0.9993021632937893,1432,0.9999999403953552,1.0,0.5892895754155082,0.9944608567208272,111.3060302734375,1.0,0.5402237772941589,0.9988921713441654,0.5402237772941589,0.9988921713441654,0.031249023973941803,0.9975472688674927,1.0,0.9999999403953552
GCN,265,2218,1,1,2,-1.265836477279663,4.4930830001831055,5.7589194774627686,0.8660253286361694,0.10057755559682846,0.08906224370002747,0.5180961489677429,0.1310935914516449,0.4226979916635089,1,0.5394277572631836,0.9993021632937893,1432,0.9999999403953552,1.0,0.5190568923876953,0.9863367799113737,96.8796157836914,1.0,0.4735978841781616,0.9981536189069424,0.4735978841781616,0.9981536189069424,0.10057755559682846,0.9747565388679504,1.0,0.9999999403953552
GCN,265,2224,4,1,8,-2.7944884300231934,3.4687318801879883,6.263220310211182,0.6123723983764648,0.01864817552268505,-0.0019520353525876999,0.7295259237289429,0.015978168696165085,0.10837438423645321,0,0.5415212512016296,0.9993021632937893,1432,0.9999999403953552,1.0,0.7158345511192589,1.0,136.37393188476562,1.0,0.6605429649353027,1.0,0.6605429649353027,1.0,0.0186481773853302,0.9991284012794495,1.0,0.9999999403953552
GCN,265,2228,6,1,6,-1.0044963359832764,3.1754798889160156,4.179976224899292,0.6708203554153442,0.02134540118277073,0.15144380927085876,0.6612578630447388,-0.12659373879432678,0.0,0,0.5408234596252441,0.9993021632937893,1432,0.9999999403953552,1.0,0.6507128813551819,0.9951994091580503,123.75923156738281,1.0,0.5989391207695007,0.9996307237813885,0.5989391207695007,0.9996307237813885,0.02134540304541588,0.9988680481910706,1.0,0.9999999403953552
GCN,265,2229,3,1,3,-2.958113193511963,4.329610824584961,7.287724018096924,0.8017836213111877,0.04354128986597061,-0.0108870267868042,0.5598844289779663,0.08289968967437744,0.2233800682076544,0,0.5366364121437073,0.9993021632937893,1432,0.9999999403953552,1.0,0.5554557906086347,0.9911373707533235,104.30735778808594,1.0,0.5056481957435608,0.9985228951255539,0.5056481957435608,0.9985228951255539,0.04354128986597061,0.9952855110168457,1.0,0.9999999403953552
GCN,265,2231,0,1,2,-1.7815021276474,5.995945930480957,7.777448058128357,0.8660253286361694,0.04434539005160332,-0.015053928829729557,0.5186651945114136,0.08277732133865356,0.2233800682076544,0,0.5401256084442139,0.9993021632937893,1432,0.9999999403953552,1.0,0.5204057718708983,0.9863367799113737,97.15233612060547,1.0,0.4705198109149933,0.9981536189069424,0.4705198109149933,0.9981536189069424,0.04434539005160332,0.9951158165931702,1.0,0.9999999403953552
GCN,265,2232,0,1,3,2.6624085903167725,7.3207268714904785,4.658318281173706,0.8017836213111877,0.03898736834526062,0.05891077592968941,0.5559123754501343,0.05444753170013428,0.1883289124668435,0,0.5394277572631836,0.9993021632937893,1432,0.9999999403953552,1.0,0.5530721488315296,0.990029542097489,104.42570495605469,1.0,0.508328378200531,0.9985228951255539,0.508328378200531,0.9985228951255539,0.03898737207055092,0.996180534362793,1.0,0.9999999403953552
GCN,265,2235,5,1,3,-4.405961513519287,3.258237838745117,7.664199352264404,0.8017836213111877,0.04306357726454735,0.013508804142475128,0.5585160851478577,0.07411129772663116,0.21314892004547176,0,0.5387299060821533,0.9993021632937893,1432,0.9999999403953552,1.0,0.5554320482879525,0.9911373707533235,104.38253021240234,1.0,0.5069029927253723,0.9985228951255539,0.5069029927253723,0.9985228951255539,0.04306357353925705,0.9953663349151611,1.0,0.9999999403953552
GCN,265,2249,4,1,6,-3.917884588241577,2.9589219093322754,6.8768064975738525,0.6708203554153442,0.019440259784460068,0.030416153371334076,0.6650779247283936,0.09835976362228394,0.3090185676392573,0,0.5415212512016296,0.9993021632937893,1432,0.9999999403953552,1.0,0.6552990426576824,0.9955686853766618,124.37419891357422,1.0,0.6026604175567627,0.9996307237813885,0.6026604175567627,0.9996307237813885,0.01944025792181492,0.9990510940551758,1.0,0.9999999403953552
GCN,265,2264,4,1,1,0.06904244422912598,6.924242973327637,6.855200529098511,0.9486831426620483,0.07057054340839386,-0.07452365756034851,0.48174744844436646,0.21394196152687073,0.7186434255399773,1,0.535938560962677,0.9993021632937893,1432,0.9999999403953552,1.0,0.4822627588950424,0.9763663220088626,89.37389373779297,1.0,0.4358435273170471,0.9963072378138847,0.4358435273170471,0.9963072378138847,0.07057053595781326,0.988073468208313,1.0,0.9999999403953552
GCN,265,2274,0,1,3,-0.7732290029525757,3.7473020553588867,4.520531058311462,0.8017836213111877,0.03593374043703079,-0.008707080036401749,0.558843731880188,0.0736384242773056,0.21295945433876468,0,0.5415212512016296,0.9993021632937893,1432,0.9999999403953552,1.0,0.5537481278674166,0.990029542097489,104.31080627441406,1.0,0.5057992935180664,0.9985228951255539,0.5057992935180664,0.9985228951255539,0.03593374043703079,0.9967793226242065,1.0,1.0
GCN,265,2279,2,1,3,-5.401945114135742,3.5687742233276367,8.970719337463379,0.8017836213111877,0.031264785677194595,-0.010754652321338654,0.5584359169006348,0.051322147250175476,0.16729821902235695,0,0.5387299060821533,0.9993021632937893,1432,0.9999999403953552,1.0,0.5549258136569212,0.9911373707533235,104.00077056884766,1.0,0.5055012106895447,0.9985228951255539,0.5055012106895447,0.9985228951255539,0.031264785677194595,0.9975593686103821,1.0,0.9999999403953552
GCN,265,2288,5,1,3,-1.7441344261169434,3.6353092193603516,5.379443645477295,0.8017836213111877,0.040046680718660355,-0.027166996151208878,0.5602397918701172,0.03559742122888565,0.10837438423645321,0,0.5387299060821533,0.9993021632937893,1432,0.9999999403953552,1.0,0.5561928269653843,0.9911373707533235,104.5662841796875,1.0,0.5072550773620605,0.9985228951255539,0.5072550773620605,0.9985228951255539,0.040046680718660355,0.9960207939147949,1.0,0.9999999403953552
GCN,265,2293,0,1,3,-0.47464168071746826,4.329099178314209,4.803740859031677,0.8017836213111877,0.03955579921603203,0.05153045058250427,0.5562974810600281,0.04767689108848572,0.13793103448275862,0,0.5429169535636902,0.9993021632937893,1432,0.9999999403953552,1.0,0.5530300360588326,0.990029542097489,104.20083618164062,1.0,0.5057826638221741,0.9985228951255539,0.5057826638221741,0.9985228951255539,0.03955579549074173,0.9960703253746033,1.0,0.9999999403953552
GCN,265,2297,4,1,3,-3.5760130882263184,4.104883193969727,7.680896282196045,0.8017836213111877,0.05695796385407448,-0.012847419828176498,0.5620728731155396,-0.010077577084302902,0.0,0,0.5373342633247375,0.9993021632937893,1432,1.0,1.0,0.5583696782917663,0.9918759231905465,104.68791198730469,1.0,0.5068361759185791,0.9985228951255539,0.5068361759185791,0.9985228951255539,0.05695796385407448,0.9919822216033936,1.0,0.9999999403953552
GCN,265,2299,4,1,2,-2.5836892127990723,5.188379764556885,7.772068977355957,0.8660253286361694,0.04767318069934845,-0.009117774665355682,0.5187916159629822,0.14283059537410736,0.46854869268662375,1,0.5380321145057678,0.9993021632937893,1432,0.9999999403953552,1.0,0.5170054020073712,0.9859675036927622,97.0810317993164,1.0,0.4686608612537384,0.9981536189069424,0.4686608612537384,0.9981536189069424,0.04767318069934845,0.9943550229072571,1.0,0.9999999403953552
GCN,265,2302,3,1,2,-2.1446800231933594,5.1750807762146,7.319760799407959,0.8660253286361694,0.03836897388100624,-0.007891101762652397,0.5176101922988892,0.09381438791751862,0.2737779461917393,0,0.5394277572631836,0.9993021632937893,1432,0.9999999403953552,1.0,0.5184574934108943,0.9859675036927622,96.49640655517578,1.0,0.469326376914978,0.9981536189069424,0.469326376914978,0.9981536189069424,0.03836897388100624,0.9963302612304688,1.0,0.9999999403953552
GCN,265,2310,3,1,2,-0.6349385976791382,4.123148441314697,4.7580870389938354,0.8660253286361694,0.05637802183628082,0.04811449721455574,0.5163396000862122,0.07070136815309525,0.21049640015157256,0,0.5394277572631836,0.9993021632937893,1432,0.9999999403953552,1.0,0.5153098732885406,0.9844903988183161,96.53400421142578,1.0,0.4671710729598999,0.9981536189069424,0.4671710729598999,0.9981536189069424,0.05637802183628082,0.9920387268066406,1.0,0.9999999403953552
GCN,265,2316,3,1,1,-2.901334762573242,4.752026557922363,7.6533613204956055,0.9486831426620483,0.08433899283409119,0.009481139481067657,0.47795528173446655,0.17894771695137024,0.6074270557029178,1,0.5373342633247375,0.9993021632937893,1432,0.9999999403953552,1.0,0.4819812383937672,0.9763663220088626,88.38691711425781,1.0,0.4277011454105377,0.9948301329394387,0.4277011454105377,0.9948301329394387,0.08433899283409119,0.9825507402420044,1.0,0.9999999403953552
GCN,265,2318,1,1,2,-1.0165255069732666,5.453765869140625,6.470291376113892,0.8660253286361694,0.04087688401341438,0.05980466678738594,0.5146993398666382,0.034591466188430786,0.10837438423645321,0,0.5401256084442139,0.9993021632937893,1432,0.9999999403953552,1.0,0.5151435164595181,0.9844903988183161,96.54653930664062,1.0,0.4683740437030792,0.9981536189069424,0.4683740437030792,0.9981536189069424,0.04087688401341438,0.9958013296127319,1.0,0.9999999403953552
GCN,265,2320,3,1,2,-0.7545571327209473,5.737117767333984,6.491674900054932,0.8660253286361694,0.0470731146633625,-0.016583936288952827,0.5191152691841125,0.1276836097240448,0.41227737779461915,1,0.5394277572631836,0.9993021632937893,1432,0.9999999403953552,1.0,0.5176973889253913,0.9859675036927622,96.8703842163086,1.0,0.4709087908267975,0.9981536189069424,0.4709087908267975,0.9981536189069424,0.047073110938072205,0.9945045709609985,1.0,0.9999999403953552
GCN,265,2321,0,1,2,1.3286489248275757,6.152853965759277,4.824205040931702,0.8660253286361694,0.04849979281425476,-0.008384108543395996,0.5188615322113037,0.0833871066570282,0.22565365668813944,0,0.5394277572631836,0.9993021632937893,1432,0.9999999403953552,1.0,0.5177680189035503,0.9859675036927622,96.976806640625,1.0,0.4731582701206207,0.9981536189069424,0.4731582701206207,0.9981536189069424,0.04849979281425476,0.9941585063934326,1.0,0.9999999403953552
GCN,265,2330,0,1,3,0.6161318421363831,5.89659309387207,5.280461251735687,0.8017836213111877,0.034849561750888824,-0.008495982736349106,0.5587159991264343,0.09683207422494888,0.29120879120879123,0,0.5415212512016296,0.9993021632937893,1432,0.9999999403953552,1.0,0.554978737466781,0.9911373707533235,104.70281982421875,1.0,0.5071027278900146,0.9985228951255539,0.5071027278900146,0.9985228951255539,0.034849561750888824,0.9969696402549744,1.0,0.9999999403953552
GCN,265,2331,1,1,2,-1.9973764419555664,3.5877723693847656,5.585148811340332,0.8660253286361694,0.055538635700941086,0.01980292797088623,0.518074095249176,0.10149997472763062,0.3283440697233801,1,0.5380321145057678,0.9993021632937893,1432,0.9999999403953552,1.0,0.5200038567271628,0.9863367799113737,96.74124145507812,1.0,0.4711742401123047,0.9981536189069424,0.4711742401123047,0.9981536189069424,0.055538635700941086,0.992311954498291,1.0,0.9999999403953552
GCN,265,2337,4,1,1,-3.6361048221588135,5.374847412109375,9.010952234268188,0.9486831426620483,0.08601745963096619,0.015046028420329094,0.47777441143989563,0.14227217435836792,0.46798029556650245,1,0.5394277572631836,0.9993021632937893,1432,0.9999999403953552,1.0,0.4830662520395313,0.9763663220088626,88.64628601074219,1.0,0.4303220808506012,0.9959379615952733,0.4303220808506012,0.9959379615952733,0.08601745963096619,0.981831431388855,1.0,0.9999999403953552
GCN,265,2341,4,1,1,-3.208845376968384,5.097397804260254,8.306243181228638,0.9486831426620483,0.14220845699310303,0.04139149188995361,0.48781466484069824,0.22464147210121155,0.7444107616521409,1,0.5415212512016296,0.9993021632937893,1432,0.9999999403953552,1.0,0.4887787687512912,0.9763663220088626,88.9213638305664,1.0,0.4329184293746948,0.9963072378138847,0.4329184293746948,0.9963072378138847,0.14220845699310303,0.9517006874084473,1.0,0.9999999403953552
GCN,265,2342,0,1,1,1.3215229511260986,6.029019832611084,4.707496881484985,0.9486831426620483,0.07826709002256393,-0.07135152816772461,0.48340049386024475,0.24913188815116882,0.7910193255020841,1,0.5401256084442139,0.9993021632937893,1432,0.9999999403953552,1.0,0.48214118915602366,0.9763663220088626,89.58171844482422,1.0,0.43509548902511597,0.9963072378138847,0.43509548902511597,0.9963072378138847,0.07826709002256393,0.985403835773468,1.0,0.9999999403953552
GCN,265,2346,3,1,3,-2.726162910461426,4.89622163772583,7.622384548187256,0.8017836213111877,0.035053856670856476,0.07585549354553223,0.5550518035888672,-0.01586936041712761,0.0,0,0.5394277572631836,0.9993021632937893,1432,0.9999999403953552,1.0,0.5526447021209732,0.990029542097489,104.01219940185547,1.0,0.5050447583198547,0.9985228951255539,0.5050447583198547,0.9985228951255539,0.035053856670856476,0.9969109296798706,1.0,0.9999999403953552
GCN,265,2347,0,1,3,0.9633724093437195,7.1693596839904785,6.205987274646759,0.8017836213111877,0.03370118513703346,0.017729979008436203,0.5574946999549866,0.025287985801696777,0.10837438423645321,0,0.5401256084442139,0.9993021632937893,1432,1.0,1.0,0.5546992663357829,0.990029542097489,104.42427062988281,1.0,0.5075415968894958,0.9985228951255539,0.5075415968894958,0.9985228951255539,0.03370118513703346,0.9971545934677124,1.0,1.0
GCN,265,2353,4,1,3,-2.473073959350586,4.828425884246826,7.301499843597412,0.8017836213111877,0.03555407375097275,-0.0013014543801546097,0.558474600315094,0.07565470784902573,0.21580143993937098,0,0.5401256084442139,0.9993021632937893,1432,0.9999999403953552,1.0,0.5554373602173184,0.9911373707533235,104.56288146972656,1.0,0.5070393681526184,0.9985228951255539,0.5070393681526184,0.9985228951255539,0.03555407375097275,0.9968427419662476,1.0,0.9999999403953552
GCN,265,2359,2,0,11,-7.851559638977051,-1.8336966037750244,6.017863035202026,0.5477225184440613,0.024233289062976837,0.006685484200716019,0.8157622814178467,0.017397940158843994,0.10837438423645321,0,0.5436148047447205,0.9993021632937893,1432,0.9999999403953552,1.0,0.7995611059754725,1.0,152.3148956298828,1.0,0.7370882630348206,1.0,0.7370882630348206,1.0,0.024233296513557434,0.9985281825065613,1.0,0.9999999403953552
GCN,265,2365,2,0,7,-7.694469928741455,-1.129673719406128,6.564796209335327,0.6396021246910095,0.03492196649312973,0.015394112095236778,0.6990965604782104,0.05331503972411156,0.18226600985221675,0,0.5380321145057678,0.9993021632937893,1432,0.9999999403953552,1.0,0.6871368793059563,0.9996307237813885,130.6056365966797,1.0,0.6335060000419617,1.0,0.6335060000419617,1.0,0.03492196649312973,0.9969463348388672,1.0,0.9999999403953552
GCN,265,2368,3,1,2,-0.4209946393966675,5.482379913330078,5.903374552726746,0.8660253286361694,0.05734952166676521,-0.07537257671356201,0.5245254635810852,0.18903370201587677,0.6367942402425161,1,0.5394277572631836,0.9993021632937893,1432,0.9999999403953552,1.0,0.5231890017372045,0.9863367799113737,96.96968078613281,1.0,0.4717448651790619,0.9981536189069424,0.4717448651790619,0.9981536189069424,0.057349517941474915,0.9920440316200256,1.0,0.9999999403953552
GCN,265,2383,4,1,10,-5.054336071014404,1.2228405475616455,6.27717661857605,0.5669466257095337,0.02022654190659523,-0.014779450371861458,0.7885616421699524,0.08176729083061218,0.22243273967411897,0,0.5401256084442139,0.9993021632937893,1432,1.0,1.0,0.7737373002201019,1.0,147.24851989746094,1.0,0.7125030159950256,1.0,0.7125030159950256,1.0,0.02022654563188553,0.9989763498306274,1.0,1.0
GCN,265,2384,0,1,1,1.0130348205566406,6.330921649932861,5.317886829376221,0.9486831426620483,0.0686800554394722,0.007132135331630707,0.4754851758480072,0.15640944242477417,0.53315649867374,1,0.5436148047447205,0.9993021632937893,1432,0.9999999403953552,1.0,0.479813493341767,0.9759970457902511,88.47832489013672,1.0,0.4276755452156067,0.9948301329394387,0.4276755452156067,0.9948301329394387,0.0686800554394722,0.988341748714447,1.0,0.9999999403953552
GCN,265,2389,2,1,2,-3.871364116668701,3.835509777069092,7.706873893737793,0.8660253286361694,0.04658159986138344,-0.013019045814871788,0.518856406211853,0.11380184441804886,0.38044713906782873,1,0.535938560962677,0.9993021632937893,1432,0.9999999403953552,1.0,0.5180791481169723,0.9859675036927622,96.62995910644531,1.0,0.4695502817630768,0.9981536189069424,0.4695502817630768,0.9981536189069424,0.04658159986138344,0.994612991809845,1.0,0.9999999403953552
GCN,265,2392,2,1,3,-3.9519646167755127,3.385282039642334,7.337246656417847,0.8017836213111877,0.03611104562878609,-0.02432239055633545,0.5595634579658508,0.09448949247598648,0.27434634331186053,0,0.5324493646621704,0.9993021632937893,1432,0.9999999403953552,1.0,0.5555683180879556,0.9911373707533235,104.26875305175781,1.0,0.5070397257804871,0.9985228951255539,0.5070397257804871,0.9985228951255539,0.03611104562878609,0.9967575073242188,1.0,0.9999999403953552
GCN,265,2411,3,1,1,-2.529517650604248,6.064242839813232,8.59376049041748,0.9486831426620483,0.0862840935587883,0.008572105318307877,0.4784030616283417,0.11320576071739197,0.38006820765441457,1,0.5401256084442139,0.9993021632937893,1432,0.9999999403953552,1.0,0.4799382452180931,0.9759970457902511,88.91171264648438,1.0,0.42730751633644104,0.9948301329394387,0.42730751633644104,0.9948301329394387,0.0862840935587883,0.9817632436752319,1.0,0.9999999403953552
GCN,265,2425,3,1,5,0.4872603416442871,5.4155402183532715,4.928279876708984,0.7071066498756409,0.03545233607292175,0.027244169265031815,0.6318109631538391,-0.008544597774744034,0.0,0,0.5387299060821533,0.9993021632937893,1432,0.9999999403953552,1.0,0.6233836731583677,0.9944608567208272,118.57107543945312,1.0,0.5728970170021057,0.9992614475627769,0.5728970170021057,0.9992614475627769,0.03545233607292175,0.9968488216400146,1.0,0.9999999403953552
GCN,265,2427,3,1,3,-0.9332833290100098,6.1441450119018555,7.077428340911865,0.8017836213111877,0.05776606500148773,0.06881283968687057,0.556358277797699,0.023773981258273125,0.10837438423645321,0,0.5345429182052612,0.9993021632937893,1432,1.0,1.0,0.5511152999467289,0.990029542097489,103.96397399902344,1.0,0.5050409436225891,0.9985228951255539,0.5050409436225891,0.9985228951255539,0.05776606500148773,0.991619884967804,1.0,1.0
GCN,265,2428,5,1,1,-0.86151522397995,6.455558776855469,7.317074000835419,0.9486831426620483,0.15541410446166992,0.04445958137512207,0.4912383556365967,0.29121163487434387,0.8666161424782114,1,0.5394277572631836,0.9993021632937893,1432,0.9999999403953552,1.0,0.48982794886752623,0.9763663220088626,88.5193862915039,1.0,0.4365151822566986,0.9963072378138847,0.4365151822566986,0.9963072378138847,0.15541410446166992,0.9428718090057373,1.0,0.9999999403953552
GCN,265,2431,4,1,1,-2.9873013496398926,5.140007019042969,8.127308368682861,0.9486831426620483,0.11249000579118729,-0.006457091774791479,0.48591288924217224,0.22556312382221222,0.7455475558923835,1,0.5387299060821533,0.9993021632937893,1432,0.9999999403953552,1.0,0.4916410137073745,0.9763663220088626,90.65360260009766,1.0,0.44005829095840454,0.9966765140324964,0.44005829095840454,0.9966765140324964,0.11249000579118729,0.9697701930999756,1.0,0.9999999403953552
GCN,265,2433,2,1,1,0.0989539623260498,6.1302103996276855,6.031256437301636,0.9486831426620483,0.08693026006221771,0.03198020160198212,0.4764138460159302,0.13480202853679657,0.43349753694581283,1,0.5394277572631836,0.9993021632937893,1432,0.9999999403953552,1.0,0.48026986386465453,0.9759970457902511,88.88253784179688,1.0,0.43096044659614563,0.9959379615952733,0.43096044659614563,0.9959379615952733,0.08693025261163712,0.981347918510437,1.0,0.9999999403953552
GCN,265,2435,4,1,2,-2.269674777984619,5.545446395874023,7.815121173858643,0.8660253286361694,0.047886963933706284,0.05903594195842743,0.5150629878044128,0.04199598357081413,0.10989010989010989,0,0.5366364121437073,0.9993021632937893,1432,0.9999999403953552,1.0,0.5143036818629735,0.9844903988183161,96.5953598022461,1.0,0.46857696771621704,0.9981536189069424,0.46857696771621704,0.9981536189069424,0.047886960208415985,0.9942408800125122,1.0,0.9999999403953552
GCN,265,2438,3,1,2,-3.1450459957122803,5.213756561279297,8.358802556991577,0.8660253286361694,0.06340334564447403,0.04749799519777298,0.5170810222625732,0.08085918426513672,0.22110647972716937,0,0.5352407097816467,0.9993021632937893,1432,0.9999999403953552,1.0,0.5181231813663458,0.9859675036927622,96.6209487915039,1.0,0.4695417582988739,0.9981536189069424,0.4695417582988739,0.9981536189069424,0.06340334564447403,0.9899486899375916,1.0,0.9999999403953552
GCN,265,2445,2,1,4,-4.8137664794921875,3.684403657913208,8.498170137405396,0.7499998807907104,0.026136137545108795,0.0030817585065960884,0.5960000157356262,0.02319440059363842,0.10837438423645321,0,0.5380321145057678,0.9993021632937893,1432,0.9999999403953552,1.0,0.5904675904681774,0.9944608567208272,111.42048645019531,1.0,0.5404602289199829,0.9988921713441654,0.5404602289199829,0.9988921713441654,0.026136135682463646,0.998289167881012,1.0,0.9999999403953552
GCN,265,2446,2,1,8,-6.716122150421143,0.8179554343223572,7.5340775847435,0.6123723983764648,0.021225398406386375,0.05679255723953247,0.7276854515075684,-0.024869665503501892,0.0,0,0.5415212512016296,0.9993021632937893,1432,0.9999999403953552,1.0,0.7139452514548228,1.0,136.16783142089844,1.0,0.6594764590263367,1.0,0.6594764590263367,1.0,0.021225398406386375,0.9988685846328735,1.0,0.9999999403953552
GCN,265,2448,2,1,5,-6.029080390930176,1.9229384660720825,7.952018857002258,0.7071066498756409,0.027096306905150414,0.022262154147028923,0.631496012210846,0.007061458192765713,0.10837438423645321,0,0.5422191023826599,0.9993021632937893,1432,0.9999999403953552,1.0,0.6232274430604088,0.9944608567208272,118.10454559326172,1.0,0.5725352168083191,0.9992614475627769,0.5725352168083191,0.9992614475627769,0.027096305042505264,0.9981581568717957,0.9999999403953552,1.0
GCN,265,2456,5,1,2,-1.469478964805603,4.695188999176025,6.164667963981628,0.8660253286361694,0.046375006437301636,0.04397118091583252,0.5157883167266846,0.11059020459651947,0.3685107995452823,1,0.5380321145057678,0.9993021632937893,1432,0.9999999403953552,1.0,0.5167361915120201,0.9859675036927622,96.49057006835938,1.0,0.46795475482940674,0.9981536189069424,0.46795475482940674,0.9981536189069424,0.046375006437301636,0.9946064949035645,1.0,0.9999999403953552
GCN,265,2459,3,1,2,-6.16639518737793,0.861219584941864,7.027614772319794,0.8660253286361694,0.08521057665348053,-0.04124222695827484,0.5286405086517334,0.1871280074119568,0.6309208033345964,1,0.5401256084442139,0.9993021632937893,1432,0.9999999403953552,1.0,0.5308794805159364,0.9870753323485968,97.21488952636719,1.0,0.4734984040260315,0.9981536189069424,0.4734984040260315,0.9981536189069424,0.08521057665348053,0.9825562834739685,1.0,0.9999999403953552
GCN,265,2461,6,1,1,-3.723979949951172,2.1852054595947266,5.909185409545898,0.9486831426620483,0.08985865861177444,0.07910184562206268,0.4724964201450348,0.09851238876581192,0.3090185676392573,0,0.5387299060821533,0.9993021632937893,1432,0.9999999403953552,1.0,0.47313580736241134,0.9719350073855244,88.83682250976562,1.0,0.4293905198574066,0.9959379615952733,0.4293905198574066,0.9959379615952733,0.08985865861177444,0.9798290133476257,1.0,0.9999999403953552
GCN,265,2467,6,1,2,-1.1029807329177856,4.676829814910889,5.779810547828674,0.8660253286361694,0.05142149329185486,0.015456883236765862,0.5178577303886414,0.07019304484128952,0.21049640015157256,0,0.5366364121437073,0.9993021632937893,1432,0.9999999403953552,1.0,0.5168879099367204,0.9859675036927622,96.57238006591797,1.0,0.4665927588939667,0.9981536189069424,0.4665927588939667,0.9981536189069424,0.05142148956656456,0.9934065937995911,1.0,0.9999999403953552
GCN,265,2474,4,1,2,-4.69047737121582,3.1193296909332275,7.809807062149048,0.8660253286361694,0.07218801975250244,0.09913550317287445,0.5138363838195801,0.04874762147665024,0.14153088291019325,0,0.535938560962677,0.9993021632937893,1432,0.9999999403953552,1.0,0.5154676486278469,0.9844903988183161,96.34740447998047,1.0,0.46710583567619324,0.9981536189069424,0.46710583567619324,0.9981536189069424,0.07218801975250244,0.9868853092193604,1.0,0.9999999403953552
GCN,265,2479,6,1,1,-3.3643693923950195,2.5441572666168213,5.908526659011841,0.9486831426620483,0.09083700180053711,-0.023925039917230606,0.48234280943870544,0.17747989296913147,0.5987116331943918,1,0.5352407097816467,0.9993021632937893,1432,0.9999999403953552,1.0,0.48523835180099684,0.9763663220088626,89.84538269042969,1.0,0.4362950026988983,0.9963072378138847,0.4362950026988983,0.9963072378138847,0.09083700180053711,0.9801100492477417,1.0,0.9999999403953552
GCN,265,2483,4,1,2,-2.7998666763305664,4.481849193572998,7.2817158699035645,0.8660253286361694,0.10451503098011017,0.0483243465423584,0.5235937833786011,0.1757357269525528,0.5962485790071997,1,0.5394277572631836,0.9993021632937893,1432,0.9999999403953552,1.0,0.5248217995525998,0.9863367799113737,97.02950286865234,1.0,0.47499802708625793,0.9981536189069424,0.47499802708625793,0.9981536189069424,0.10451502352952957,0.9731382131576538,1.0,0.9999999403953552
GCN,265,2489,3,1,1,-3.5702569484710693,4.841353893280029,8.411610841751099,0.9486831426620483,0.11761264503002167,0.06776507198810577,0.47832611203193665,0.1667979657649994,0.5666919287608942,1,0.5387299060821533,0.9993021632937893,1432,0.9999999403953552,1.0,0.48509570310632344,0.9763663220088626,88.57524108886719,1.0,0.4324524402618408,0.9959379615952733,0.4324524402618408,0.9959379615952733,0.11761264503002167,0.9659874439239502,1.0,0.9999999403953552
GCN,265,2490,4,1,2,-2.354599952697754,5.555469989776611,7.910069942474365,0.8660253286361694,0.045974187552928925,-0.009596600197255611,0.5185945630073547,0.0702473372220993,0.21049640015157256,0,0.5415212512016296,0.9993021632937893,1432,0.9999999403953552,1.0,0.5194704120551797,0.9863367799113737,96.93045806884766,1.0,0.4685746431350708,0.9981536189069424,0.4685746431350708,0.9981536189069424,0.04597418010234833,0.9947472810745239,1.0,0.9999999403953552
GCN,265,2496,4,1,1,-1.0241279602050781,5.483518123626709,6.507646083831787,0.9486831426620483,0.0761379599571228,-0.04481701925396919,0.4807872176170349,0.192286878824234,0.6494884425918909,1,0.5373342633247375,0.9993021632937893,1432,0.9999999403953552,1.0,0.48471538827475674,0.9763663220088626,89.2975082397461,1.0,0.4326997697353363,0.9963072378138847,0.4326997697353363,0.9963072378138847,0.0761379599571228,0.9859976172447205,1.0,0.9999999403953552
GCN,265,2505,1,1,1,-3.1929433345794678,2.4391491413116455,5.632092475891113,0.9486831426620483,0.0778270959854126,0.011466192081570625,0.47662973403930664,0.16166135668754578,0.5507768093974991,1,0.5387299060821533,0.9993021632937893,1432,0.9999999403953552,1.0,0.4803651837634676,0.9759970457902511,88.56060791015625,1.0,0.42963707447052,0.9959379615952733,0.42963707447052,0.9959379615952733,0.077827088534832,0.9850781559944153,1.0,0.9999999403953552
GCN,265,2508,3,1,3,-4.269040584564209,3.216257095336914,7.485297679901123,0.8017836213111877,0.057903170585632324,0.0895003080368042,0.5548718571662903,0.03701840341091156,0.10837438423645321,0,0.5401256084442139,0.9993021632937893,1432,0.9999999403953552,1.0,0.5534115474739689,0.990029542097489,104.23429107666016,1.0,0.5081713795661926,0.9985228951255539,0.5081713795661926,0.9985228951255539,0.057903166860342026,0.9915624856948853,1.0,0.9999999403953552
GCN,265,2509,3,1,5,-6.456267356872559,1.0901286602020264,7.546396017074585,0.7071066498756409,0.02911454066634178,0.02003590390086174,0.6317036747932434,0.003974445164203644,0.10837438423645321,0,0.5380321145057678,0.9993021632937893,1432,1.0,1.0,0.6241167264405635,0.9948301329394387,117.9020004272461,1.0,0.5720930099487305,0.9992614475627769,0.5720930099487305,0.9992614475627769,0.02911454252898693,0.99787437915802,1.0,1.0
GCN,265,2514,2,1,2,-3.9151711463928223,4.495678901672363,8.410850048065186,0.8660253286361694,0.05017181858420372,-0.028711527585983276,0.5202574133872986,0.13798503577709198,0.45054945054945056,1,0.5387299060821533,0.9993021632937893,1432,0.9999999403953552,1.0,0.5198208568176909,0.9863367799113737,96.84709930419922,1.0,0.47051146626472473,0.9981536189069424,0.47051146626472473,0.9981536189069424,0.05017181485891342,0.9937858581542969,1.0,0.9999999403953552
GCN,265,2523,2,1,2,-3.2969794273376465,4.149542331695557,7.446521759033203,0.8660253286361694,0.05218149349093437,0.0017633549869060516,0.518765926361084,0.1309211552143097,0.4213717317165593,1,0.5401256084442139,0.9993021632937893,1432,0.9999999403953552,1.0,0.5191770220785623,0.9863367799113737,96.81305694580078,1.0,0.4726067781448364,0.9981536189069424,0.4726067781448364,0.9981536189069424,0.052181489765644073,0.9932318329811096,1.0,0.9999999403953552
GCN,265,2533,0,1,1,-2.966460704803467,6.047072410583496,9.013533115386963,0.9486831426620483,0.0822051614522934,-0.008248965255916119,0.4790741205215454,0.1881924271583557,0.6347101174687382,1,0.5387299060821533,0.9993021632937893,1432,0.9999999403953552,1.0,0.48500338678553917,0.9763663220088626,88.52425384521484,1.0,0.43234068155288696,0.9959379615952733,0.43234068155288696,0.9959379615952733,0.0822051614522934,0.9835074543952942,1.0,0.9999999403953552
GCN,265,2540,3,0,1,-7.9887518882751465,-1.358008623123169,6.6307432651519775,0.9486831426620483,0.13973881304264069,-0.006110120564699173,0.493836373090744,0.29894354939460754,0.8751420992800303,1,0.5422191023826599,0.9993021632937893,1432,0.9999999403953552,1.0,0.49886362760499975,0.9763663220088626,88.2978515625,1.0,0.43347564339637756,0.9963072378138847,0.43347564339637756,0.9963072378138847,0.13973881304264069,0.9544825553894043,1.0,0.9999999403953552
GCN,265,2543,3,1,3,-5.226563930511475,3.3778905868530273,8.604454517364502,0.8017836213111877,0.03918425366282463,0.021323349326848984,0.5577557682991028,-0.02777770906686783,0.0,0,0.5401256084442139,0.9993021632937893,1432,0.9999999403953552,1.0,0.5554962441122568,0.9911373707533235,104.13493347167969,1.0,0.5048047304153442,0.9985228951255539,0.5048047304153442,0.9985228951255539,0.03918425366282463,0.9961556196212769,1.0,0.9999999403953552
GCN,265,2549,4,1,1,-3.4286487102508545,4.886342525482178,8.314991235733032,0.9486831426620483,0.07610095292329788,-0.03732497990131378,0.48019054532051086,0.17809388041496277,0.6023114816218265,1,0.5380321145057678,0.9993021632937893,1432,0.9999999403953552,1.0,0.4819289867177054,0.9763663220088626,89.14303588867188,1.0,0.4322618544101715,0.9959379615952733,0.4322618544101715,0.9959379615952733,0.07610095292329788,0.9859675765037537,1.0,0.9999999403953552
GCN,265,2552,3,1,1,-2.978895425796509,5.43427848815918,8.413173913955688,0.9486831426620483,0.15586954355239868,0.0061407145112752914,0.4973694980144501,0.3294782042503357,0.9088669950738916,1,0.5429169535636902,0.9993021632937893,1432,0.9999999403953552,1.0,0.503883331723934,0.9844903988183161,89.71527099609375,1.0,0.43780162930488586,0.9966765140324964,0.43780162930488586,0.9966765140324964,0.15586954355239868,0.9438642263412476,1.0,0.9999999403953552
GCN,265,2557,2,1,1,-4.730170726776123,3.939488649368286,8.66965937614441,0.9486831426620483,0.08323174715042114,-0.014873694628477097,0.4798499643802643,0.19286054372787476,0.6515725653656688,1,0.5401256084442139,0.9993021632937893,1432,0.9999999403953552,1.0,0.48171599479825267,0.9763663220088626,88.48690795898438,1.0,0.4321956932544708,0.9959379615952733,0.4321956932544708,0.9959379615952733,0.08323174715042114,0.9831470847129822,1.0,0.9999999403953552
GCN,265,2561,2,1,1,-1.6534788608551025,6.231311798095703,7.884790658950806,0.9486831426620483,0.15477439761161804,0.024445341899991035,0.49416109919548035,0.305621862411499,0.8825312618416067,1,0.5401256084442139,0.9993021632937893,1432,0.9999999403953552,1.0,0.5007166792590995,0.9844903988183161,90.06119537353516,1.0,0.43690380454063416,0.9966765140324964,0.43690380454063416,0.9966765140324964,0.15477439761161804,0.9439635276794434,1.0,0.9999999403953552
GCN,265,2562,0,1,2,-1.083935260772705,4.6490983963012695,5.733033657073975,0.8660253286361694,0.08063244819641113,-0.055023882538080215,0.5287213921546936,0.13719597458839417,0.44808639636225844,1,0.5394277572631836,0.9993021632937893,1432,0.9999999403953552,1.0,0.5256695202129338,0.9863367799113737,97.46159362792969,1.0,0.47397616505622864,0.9981536189069424,0.47397616505622864,0.9981536189069424,0.08063244819641113,0.9844204187393188,1.0,0.9999999403953552
GCN,265,2566,3,1,2,-2.0176234245300293,5.889845848083496,7.907469272613525,0.8660253286361694,0.06715395301580429,-0.016224201768636703,0.522404670715332,0.15140092372894287,0.5178097764304661,1,0.5394277572631836,0.9993021632937893,1432,0.9999999403953552,1.0,0.5214933473193789,0.9863367799113737,97.1395492553711,1.0,0.4717899262905121,0.9981536189069424,0.4717899262905121,0.9981536189069424,0.06715395301580429,0.9889252185821533,1.0,0.9999999403953552
GCN,265,2568,3,1,1,-5.446010589599609,3.3883602619171143,8.834370851516724,0.9486831426620483,0.07965358346700668,-0.02023039385676384,0.47956106066703796,0.19102737307548523,0.6451307313376279,1,0.535938560962677,0.9993021632937893,1432,0.9999999403953552,1.0,0.4837593041740114,0.9763663220088626,88.82951354980469,1.0,0.431018203496933,0.9959379615952733,0.431018203496933,0.9959379615952733,0.07965357601642609,0.9845602512359619,1.0,0.9999999403953552
GCN,265,2578,0,1,2,-1.7957383394241333,4.841348648071289,6.637086987495422,0.8660253286361694,0.049117445945739746,0.09438040107488632,0.5131241679191589,0.02603238821029663,0.10837438423645321,0,0.5380321145057678,0.9993021632937893,1432,0.9999999403953552,1.0,0.5137691043169677,0.9844903988183161,96.56390380859375,1.0,0.46881431341171265,0.9981536189069424,0.46881431341171265,0.9981536189069424,0.049117445945739746,0.9939274787902832,1.0,0.9999999403953552
GCN,265,2582,3,1,3,-7.1570329666137695,1.5021287202835083,8.659161686897278,0.8017836213111877,0.044431619346141815,-0.057930923998355865,0.5625906586647034,0.09186697006225586,0.26203107237589995,0,0.5394277572631836,0.9993021632937893,1432,0.9999999403953552,1.0,0.5597245567999849,0.992245199409158,104.20587158203125,1.0,0.5077563524246216,0.9985228951255539,0.5077563524246216,0.9985228951255539,0.044431619346141815,0.9951533079147339,1.0,0.9999999403953552
GCN,265,2586,5,1,1,-2.3257150650024414,4.9629058837890625,7.288620948791504,0.9486831426620483,0.12263746559619904,0.02615668997168541,0.4846240282058716,0.16948577761650085,0.5759757483895415,1,0.5387299060821533,0.9993021632937893,1432,0.9999999403953552,1.0,0.4898418663755276,0.9763663220088626,88.74391174316406,1.0,0.43435585498809814,0.9963072378138847,0.43435585498809814,0.9963072378138847,0.12263746559619904,0.9637922048568726,1.0,0.9999999403953552
GCN,265,2592,5,1,2,-3.3391053676605225,4.086656093597412,7.425761461257935,0.8660253286361694,0.05470056086778641,0.047305505722761154,0.516243040561676,0.06586304306983948,0.20670708601743085,0,0.5373342633247375,0.9993021632937893,1432,0.9999999403953552,1.0,0.5171049438231379,0.9859675036927622,97.26104736328125,1.0,0.4688212275505066,0.9981536189069424,0.4688212275505066,0.9981536189069424,0.05470055714249611,0.992503821849823,1.0,0.9999999403953552
GCN,265,2598,1,1,1,-1.741414189338684,4.553986549377441,6.2954007387161255,0.9486831426620483,0.08357597142457962,0.0577673502266407,0.4736069440841675,0.10166410356760025,0.3283440697233801,1,0.5380321145057678,0.9993021632937893,1432,0.9999999403953552,1.0,0.47748613746852314,0.9745199409158051,89.13253021240234,1.0,0.43353956937789917,0.9963072378138847,0.43353956937789917,0.9963072378138847,0.08357596397399902,0.982606053352356,1.0,0.9999999403953552
GCN,265,2599,3,1,3,-4.0984368324279785,3.674896717071533,7.773333549499512,0.8017836213111877,0.04320725426077843,0.013883518055081367,0.5585107803344727,0.09423809498548508,0.2737779461917393,0,0.5373342633247375,0.9993021632937893,1432,0.9999999403953552,1.0,0.5559347931236853,0.9911373707533235,104.30513000488281,1.0,0.5079715847969055,0.9985228951255539,0.5079715847969055,0.9985228951255539,0.04320725426077843,0.9953352212905884,1.0,0.9999999403953552
GCN,265,2603,3,1,1,-2.523261070251465,5.840708255767822,8.363969326019287,0.9486831426620483,0.07365676015615463,-0.012311000376939774,0.47776398062705994,0.11344505101442337,0.38044713906782873,1,0.535938560962677,0.9993021632937893,1432,0.9999999403953552,1.0,0.4775305437135588,0.9745199409158051,89.46711730957031,1.0,0.43505561351776123,0.9963072378138847,0.43505561351776123,0.9963072378138847,0.07365676015615463,0.9867089986801147,1.0,0.9999999403953552
GCN,265,2604,6,1,3,-1.0618442296981812,3.53222918510437,4.594073414802551,0.8017836213111877,0.04394714534282684,-0.03958557918667793,0.5615008473396301,0.10959174484014511,0.367942402425161,1,0.5380321145057678,0.9993021632937893,1432,1.0,1.0,0.5570663162900213,0.9918759231905465,104.6534652709961,1.0,0.5089186429977417,0.9985228951255539,0.5089186429977417,0.9985228951255539,0.04394714534282684,0.9952316284179688,1.0,0.9999999403953552
GCN,265,2614,2,1,5,-5.183650016784668,2.64378023147583,7.827430248260498,0.7071066498756409,0.04686826467514038,0.0012840237468481064,0.63457190990448,0.10698558390140533,0.359037514209928,1,0.5401256084442139,0.9993021632937893,1432,0.9999999403953552,1.0,0.6256534736472241,0.9948301329394387,118.27359771728516,1.0,0.5747660994529724,0.9996307237813885,0.5747660994529724,0.9996307237813885,0.046868257224559784,0.9945300221443176,1.0,0.9999999403953552
GCN,265,2618,2,1,1,-1.4573397636413574,5.856120586395264,7.313460350036621,0.9486831426620483,0.16227637231349945,0.11553139984607697,0.4816596210002899,0.22249537706375122,0.7347480106100795,1,0.5415212512016296,0.9993021632937893,1432,0.9999999403953552,1.0,0.4871419355802645,0.9763663220088626,88.6844482421875,1.0,0.43491485714912415,0.9963072378138847,0.43491485714912415,0.9963072378138847,0.16227637231349945,0.935714840888977,1.0,0.9999999403953552
GCN,265,2631,4,1,1,-4.789713382720947,3.9770302772521973,8.766743659973145,0.9486831426620483,0.10608096420764923,0.05640863627195358,0.4773882329463959,0.14297981560230255,0.47120121258052294,1,0.535938560962677,0.9993021632937893,1432,0.9999999403953552,1.0,0.4818327391432867,0.9763663220088626,89.4146499633789,1.0,0.429694265127182,0.9959379615952733,0.429694265127182,0.9959379615952733,0.10608096420764923,0.9722707867622375,1.0,0.9999999403953552
GCN,265,2641,2,1,2,-3.456745147705078,3.33467960357666,6.791424751281738,0.8660253286361694,0.05231768637895584,-0.016916941851377487,0.5199037790298462,0.11229857802391052,0.3781735505873437,1,0.5345429182052612,0.9993021632937893,1432,0.9999999403953552,1.0,0.5189743786167379,0.9863367799113737,96.78460693359375,1.0,0.47104761004447937,0.9981536189069424,0.47104761004447937,0.9981536189069424,0.05231768637895584,0.9932281970977783,1.0,0.9999999403953552
GCN,265,2642,2,1,4,-5.748328685760498,3.0897722244262695,8.838100910186768,0.7499998807907104,0.03427194803953171,0.06175549328327179,0.5940192937850952,0.06019086763262749,0.19969685486926866,0,0.535938560962677,0.9993021632937893,1432,0.9999999403953552,1.0,0.5883216165216992,0.9940915805022157,111.36409759521484,1.0,0.5382795333862305,0.9988921713441654,0.5382795333862305,0.9988921713441654,0.03427194803953171,0.9970481395721436,1.0,0.9999999403953552
GCN,265,2646,4,1,1,-3.8977556228637695,4.309967041015625,8.207722663879395,0.9486831426620483,0.0707089975476265,0.07651152461767197,0.4706595838069916,0.08398374915122986,0.22735884804850323,0,0.533845067024231,0.9993021632937893,1432,0.9999999403953552,1.0,0.4746500162690627,0.9726735598227474,88.4888916015625,1.0,0.4305347502231598,0.9959379615952733,0.4305347502231598,0.9959379615952733,0.0707089975476265,0.9874557256698608,1.0,0.9999999403953552
GCN,265,2647,4,1,3,-3.5509226322174072,3.8593719005584717,7.410294532775879,0.8017836213111877,0.0396854393184185,0.0037540048360824585,0.5586647391319275,0.11012934148311615,0.3685107995452823,1,0.5317515730857849,0.9993021632937893,1432,0.9999999403953552,1.0,0.556886076768856,0.9918759231905465,104.1926498413086,1.0,0.506842851638794,0.9985228951255539,0.506842851638794,0.9985228951255539,0.0396854393184185,0.9960675239562988,1.0,0.9999999403953552
GCN,265,2653,0,1,2,-0.4155430793762207,5.152950763702393,5.568493843078613,0.8660253286361694,0.05294527858495712,0.05260501801967621,0.5157710909843445,0.06984816491603851,0.21030693444486548,0,0.5373342633247375,0.9993021632937893,1432,0.9999999403953552,1.0,0.5156836620831099,0.9844903988183161,96.78361511230469,1.0,0.47008633613586426,0.9981536189069424,0.47008633613586426,0.9981536189069424,0.05294528231024742,0.9929696321487427,1.0,0.9999999403953552
GCN,265,2658,2,1,1,-5.000349521636963,4.8816938400268555,9.882043361663818,0.9486831426620483,0.07463280111551285,-0.007399781607091427,0.4775642454624176,0.18992508947849274,0.6369837059492232,1,0.5324493646621704,0.9993021632937893,1432,0.9999999403953552,1.0,0.4813676504516604,0.9763663220088626,88.59492492675781,1.0,0.4330926835536957,0.9963072378138847,0.4330926835536957,0.9963072378138847,0.07463280111551285,0.9863391518592834,1.0,0.9999999403953552
GCN,265,2668,3,1,5,-3.8146884441375732,3.2883546352386475,7.103043079376221,0.7071066498756409,0.02500685304403305,0.01429789885878563,0.6316708326339722,-0.015239259228110313,0.0,0,0.5394277572631836,0.9993021632937893,1432,1.0,1.0,0.6227536124159496,0.9944608567208272,118.08882904052734,1.0,0.5723000168800354,0.9992614475627769,0.5723000168800354,0.9992614475627769,0.0250068549066782,0.9984318614006042,1.0,0.9999999403953552
GCN,265,2669,3,1,1,-3.9727046489715576,4.760220527648926,8.732925176620483,0.9486831426620483,0.08908270299434662,0.0011974871158599854,0.4796275496482849,0.16638635098934174,0.563849943160288,1,0.5352407097816467,0.9993021632937893,1432,0.9999999403953552,1.0,0.48513285508316817,0.9763663220088626,88.77954864501953,1.0,0.43555811047554016,0.9963072378138847,0.43555811047554016,0.9963072378138847,0.08908270299434662,0.98064786195755,1.0,0.9999999403953552
GCN,265,2681,4,1,5,-2.3890786170959473,4.502355575561523,6.891434192657471,0.7071066498756409,0.04261180758476257,0.054474927484989166,0.6307797431945801,0.049205951392650604,0.15270935960591134,0,0.5394277572631836,0.9993021632937893,1432,1.0,1.0,0.6233169783352264,0.9944608567208272,118.19593811035156,1.0,0.5716750621795654,0.9992614475627769,0.5716750621795654,0.9992614475627769,0.042611800134181976,0.9954395890235901,1.0,1.0
GCN,265,2685,2,1,4,-6.633090496063232,1.404186725616455,8.037277221679688,0.7499998807907104,0.05934588238596916,-0.005754448939114809,0.6007766723632812,0.0702146664261818,0.21049640015157256,0,0.5387299060821533,0.9993021632937893,1432,0.9999999403953552,1.0,0.5945745565153816,0.9944608567208272,111.54383087158203,1.0,0.5433447360992432,0.9988921713441654,0.5433447360992432,0.9988921713441654,0.05934588238596916,0.9912886619567871,1.0,0.9999999403953552
GCN,265,2686,3,1,2,-5.81370735168457,2.9868695735931396,8.80057692527771,0.8660253286361694,0.09780437499284744,0.020896844565868378,0.5252797603607178,0.17019549012184143,0.5765441455096627,1,0.5408234596252441,0.9993021632937893,1432,0.9999999403953552,1.0,0.5275330097934514,0.9870753323485968,97.66681671142578,1.0,0.4778715968132019,0.9981536189069424,0.4778715968132019,0.9981536189069424,0.09780437499284744,0.9766245484352112,1.0,0.9999999403953552
GCN,265,2689,2,1,2,-4.744102954864502,4.267507076263428,9.01161003112793,0.8660253286361694,0.08940719068050385,-0.013897482305765152,0.5270048379898071,0.1779562383890152,0.6023114816218265,1,0.5387299060821533,0.9993021632937893,1432,0.9999999403953552,1.0,0.5292507306356526,0.9870753323485968,97.09930419921875,1.0,0.4748687148094177,0.9981536189069424,0.4748687148094177,0.9981536189069424,0.08940719068050385,0.980628252029419,1.0,0.9999999403953552
GCN,265,2690,6,1,1,0.49635541439056396,5.437555313110352,4.941199898719788,0.9486831426620483,0.15704141557216644,-0.03165356442332268,0.5036500096321106,0.34392786026000977,0.9225085259568018,1,0.5394277572631836,0.9993021632937893,1432,0.9999999403953552,1.0,0.5025628390805026,0.9844903988183161,88.8582992553711,1.0,0.43540051579475403,0.9963072378138847,0.43540051579475403,0.9963072378138847,0.15704141557216644,0.9445010423660278,1.0,0.9999999403953552
GCN,265,2699,3,1,1,-2.8614444732666016,5.62508487701416,8.486529350280762,0.9486831426620483,0.08612877875566483,0.020576300099492073,0.47730034589767456,0.1491832137107849,0.5049261083743842,1,0.533845067024231,0.9993021632937893,1432,0.9999999403953552,1.0,0.4832237313270443,0.9763663220088626,89.9895248413086,1.0,0.4342869520187378,0.9963072378138847,0.4342869520187378,0.9963072378138847,0.08612877875566483,0.9817510843276978,1.0,0.9999999403953552
GCN,265,2700,3,1,1,-1.9660230875015259,5.662441253662109,7.628464341163635,0.9486831426620483,0.08699715882539749,0.05813881382346153,0.47405049204826355,0.11736200749874115,0.3904888215233043,1,0.5373342633247375,0.9993021632937893,1432,0.9999999403953552,1.0,0.47827970956269533,0.9756277695716395,88.59532928466797,1.0,0.43235522508621216,0.9959379615952733,0.43235522508621216,0.9959379615952733,0.08699715882539749,0.9811754822731018,1.0,0.9999999403953552
GCN,265,2702,0,1,2,0.23798537254333496,6.271236419677734,6.033251047134399,0.8660253286361694,0.05912607163190842,-0.055784523487091064,0.5236256718635559,0.12721778452396393,0.41114058355437666,1,0.5401256084442139,0.9993021632937893,1432,0.9999999403953552,1.0,0.5237723176430206,0.9863367799113737,97.00370788574219,1.0,0.47110089659690857,0.9981536189069424,0.47110089659690857,0.9981536189069424,0.05912607163190842,0.9914901256561279,1.0,0.9999999403953552
GCN,265,2707,3,1,4,-5.692569732666016,1.57664155960083,7.269211292266846,0.7499998807907104,0.03268706053495407,-0.027344640344381332,0.5978689789772034,0.05718445032835007,0.19458128078817735,0,0.5394277572631836,0.9993021632937893,1432,0.9999999403953552,1.0,0.5922664126758397,0.9944608567208272,111.4488296508789,1.0,0.5414301753044128,0.9988921713441654,0.5414301753044128,0.9988921713441654,0.03268706053495407,0.9973413944244385,1.0,0.9999999403953552
GCN,125,1370,6,1,8,-1.1179578304290771,2.22233510017395,3.3402929306030273,0.6123723983764648,0.021423548460006714,0.033232685178518295,0.7285075783729553,0.018231583759188652,0.10837438423645321,0,0.5415212512016296,0.9993021632937893,1432,0.9999999403953552,1.0,0.7118698545944835,1.0,136.46820068359375,1.0,0.6604446172714233,1.0,0.6604446172714233,1.0,0.021423544734716415,0.9988475441932678,1.0,0.9999999403953552
GCN,125,1376,0,1,3,2.045062780380249,5.6309099197387695,3.5858471393585205,0.8017836213111877,0.0350797064602375,0.017590340226888657,0.5576026439666748,0.012187981978058815,0.10837438423645321,0,0.5408234596252441,0.9993021632937893,1432,0.9999999403953552,1.0,0.5532423724628235,0.990029542097489,104.36863708496094,1.0,0.5072333812713623,0.9985228951255539,0.5072333812713623,0.9985228951255539,0.035079702734947205,0.9969178438186646,1.0,0.9999999403953552
GCN,125,1378,2,1,3,-3.5144541263580322,3.142129898071289,6.656584024429321,0.8017836213111877,0.052128564566373825,0.011453164741396904,0.5596975088119507,0.041749581694602966,0.10989010989010989,0,0.5380321145057678,0.9993021632937893,1432,0.9999999403953552,1.0,0.5568485072606156,0.9918759231905465,104.60338592529297,1.0,0.5074166059494019,0.9985228951255539,0.5074166059494019,0.9985228951255539,0.05212856084108353,0.9932310581207275,1.0,0.9999999403953552
GCN,125,1392,3,1,3,-1.9261603355407715,4.967227935791016,6.893388271331787,0.8017836213111877,0.035835810005664825,5.23589551448822e-05,0.5584427714347839,0.0337764173746109,0.10837438423645321,0,0.5380321145057678,0.9993021632937893,1432,0.9999999403953552,1.0000001192092896,0.5556851669621234,0.9911373707533235,104.32032012939453,1.0,0.5072987079620361,0.9985228951255539,0.5072987079620361,0.9985228951255539,0.035835810005664825,0.9967920780181885,1.0000001192092896,0.9999999403953552
GCN,125,1393,3,1,1,-2.1606040000915527,4.456052303314209,6.616656303405762,0.9486831426620483,0.08223089575767517,0.055397722870111465,0.4736306965351105,0.10216490924358368,0.3311860553239864,1,0.5345429182052612,0.9993021632937893,1432,0.9999999403953552,1.0,0.479457488814795,0.9759970457902511,87.66908264160156,1.0,0.4305541515350342,0.9959379615952733,0.4305541515350342,0.9959379615952733,0.08223089575767517,0.9831634163856506,1.0,0.9999999403953552
GCN,125,1400,3,1,2,-6.119082450866699,1.4006741046905518,7.519756555557251,0.8660253286361694,0.058645207434892654,-0.004828695207834244,0.5201151371002197,0.1262611597776413,0.41114058355437666,1,0.5345429182052612,0.9993021632937893,1432,0.9999999403953552,1.0,0.5218765841248734,0.9863367799113737,96.42379760742188,1.0,0.4679931700229645,0.9981536189069424,0.4679931700229645,0.9981536189069424,0.058645207434892654,0.9914883375167847,1.0,0.9999999403953552
GCN,125,1416,0,1,18,2.86460018157959,7.396305084228516,4.531704902648926,0.4522669315338135,0.013079443015158176,0.012114260345697403,0.986914873123169,-0.006460389122366905,0.0,0,0.5422191023826599,0.9993021632937893,1432,1.0,1.0,0.964752285595055,1.0,184.761474609375,1.0,0.8941705226898193,1.0,0.8941705226898193,1.0,0.013079441152513027,0.9995705485343933,1.0,1.0
GCN,125,1422,4,1,1,-4.192233085632324,3.51455020904541,7.706783294677734,0.9486831426620483,0.0850110873579979,0.04481550306081772,0.47495490312576294,0.12680275738239288,0.41114058355437666,1,0.535938560962677,0.9993021632937893,1432,0.9999999403953552,1.0,0.47798957714484525,0.9756277695716395,89.03087615966797,1.0,0.4279019832611084,0.9948301329394387,0.4279019832611084,0.9948301329394387,0.0850110873579979,0.9820769429206848,1.0,0.9999999403953552
GCN,125,1423,3,1,2,-0.08469438552856445,5.538698673248291,5.6233930587768555,0.8660253286361694,0.046310484409332275,-0.07344517856836319,0.5220198631286621,0.14593783020973206,0.4850322091701402,1,0.5401256084442139,0.9993021632937893,1432,0.9999999403953552,1.0,0.5224209779093042,0.9863367799113737,97.69971466064453,1.0,0.47387734055519104,0.9981536189069424,0.47387734055519104,0.9981536189069424,0.046310488134622574,0.9947679042816162,1.0,0.9999999403953552
GCN,125,1425,4,1,2,-2.9551210403442383,5.4057087898254395,8.360829830169678,0.8660253286361694,0.04911937192082405,0.028512608259916306,0.5168628096580505,0.06087041273713112,0.2019704433497537,0,0.5380321145057678,0.9993021632937893,1432,0.9999999403953552,1.0,0.5175695742494593,0.9859675036927622,96.70828247070312,1.0,0.46864044666290283,0.9981536189069424,0.46864044666290283,0.9981536189069424,0.04911936819553375,0.9939656853675842,1.0,0.9999999403953552
GCN,125,1429,4,1,3,-2.905851364135742,5.186470031738281,8.092321395874023,0.8017836213111877,0.04172129929065704,0.040865689516067505,0.5569592118263245,0.10285365581512451,0.3378173550587344,1,0.5401256084442139,0.9993021632937893,1432,0.9999999403953552,1.0,0.552877939943056,0.990029542097489,104.3860092163086,1.0,0.507070004940033,0.9985228951255539,0.507070004940033,0.9985228951255539,0.04172129929065704,0.9956333637237549,1.0,0.9999999403953552
GCN,125,1434,3,1,2,-4.172649383544922,3.1219921112060547,7.294641494750977,0.8660253286361694,0.0720544308423996,0.05661836266517639,0.5173625946044922,0.09556590020656586,0.2847669571807503,0,0.533845067024231,0.9993021632937893,1432,0.9999999403953552,1.0,0.5191333939599097,0.9863367799113737,96.60514068603516,1.0,0.47057273983955383,0.9981536189069424,0.47057273983955383,0.9981536189069424,0.0720544308423996,0.9870260953903198,1.0,0.9999999403953552
GCN,125,1436,5,1,1,-3.7558813095092773,5.239743709564209,8.995625019073486,0.9486831426620483,0.08288966119289398,-0.009059861302375793,0.479280561208725,0.1641293466091156,0.5625236832133383,1,0.5394277572631836,0.9993021632937893,1432,0.9999999403953552,1.0,0.4830704317945816,0.9763663220088626,88.57080078125,1.0,0.43430477380752563,0.9963072378138847,0.43430477380752563,0.9963072378138847,0.08288966119289398,0.9832441806793213,1.0,0.9999999403953552
GCN,125,1437,4,1,1,-1.1492927074432373,5.359400749206543,6.50869345664978,0.9486831426620483,0.07450384646654129,-0.0342063382267952,0.4796103835105896,0.17032445967197418,0.5814702538840469,1,0.5380321145057678,0.9993021632937893,1432,0.9999999403953552,1.0,0.48308910915110603,0.9763663220088626,89.48664855957031,1.0,0.4340274930000305,0.9963072378138847,0.4340274930000305,0.9963072378138847,0.07450384646654129,0.9865185618400574,1.0,0.9999999403953552
GCN,125,1441,5,1,23,-2.8795080184936523,2.213402509689331,5.092910528182983,0.40824824571609497,0.016554517671465874,0.07016833126544952,1.0911506414413452,0.054578326642513275,0.18927624100037893,0,0.5394277572631836,0.9993021632937893,1432,1.0,1.0,1.066428048047306,1.0,204.28854370117188,1.0,0.9883202314376831,1.0,0.9883202314376831,1.0,0.016554513946175575,0.9993126392364502,1.0,1.0
GCN,125,1442,3,1,2,-3.163355827331543,3.5853347778320312,6.748690605163574,0.8660253286361694,0.056303102523088455,-0.014128429815173149,0.5203561782836914,0.12594729661941528,0.40867752936718454,1,0.5352407097816467,0.9993021632937893,1432,0.9999999403953552,1.0,0.518531439595914,0.9859675036927622,96.93212127685547,1.0,0.46981221437454224,0.9981536189069424,0.46981221437454224,0.9981536189069424,0.05630309507250786,0.9921659231185913,1.0,0.9999999403953552
GCN,125,1444,2,1,4,-2.321866035461426,4.548715591430664,6.87058162689209,0.7499998807907104,0.03330957144498825,0.026912640780210495,0.5955496430397034,0.0069334851577878,0.10837438423645321,0,0.5429169535636902,0.9993021632937893,1432,0.9999999403953552,1.0,0.5909811510317282,0.9944608567208272,111.2747802734375,1.0,0.5391777157783508,0.9988921713441654,0.5391777157783508,0.9988921713441654,0.03330956771969795,0.9972174167633057,1.0,0.9999999403953552
GCN,125,1448,1,1,5,-2.070559024810791,2.8544697761535645,4.9250288009643555,0.7071066498756409,0.02160467952489853,0.00856960378587246,0.63166344165802,0.010776333510875702,0.10837438423645321,0,0.5422191023826599,0.9993021632937893,1432,1.0,1.0,0.624185627618336,0.9948301329394387,118.13449096679688,1.0,0.5733354091644287,0.9996307237813885,0.5733354091644287,0.9996307237813885,0.02160467952489853,0.9988296031951904,1.0,1.0
GCN,125,1450,3,1,3,-4.011490821838379,2.7188007831573486,6.7302916049957275,0.8017836213111877,0.04063565284013748,0.00577096501365304,0.5586646795272827,0.054014310240745544,0.18321333838575218,0,0.5394277572631836,0.9993021632937893,1432,0.9999999403953552,1.0,0.5547093937811005,0.9911373707533235,104.49421691894531,1.0,0.5067223906517029,0.9985228951255539,0.5067223906517029,0.9985228951255539,0.04063565284013748,0.9958766102790833,1.0,0.9999999403953552
GCN,125,1452,4,1,3,-3.0616915225982666,4.5961527824401855,7.657844305038452,0.8017836213111877,0.039163362234830856,0.015552502125501633,0.5580353140830994,0.08211812376976013,0.22300113679424025,0,0.5394277572631836,0.9993021632937893,1432,0.9999999403953552,1.0,0.5553439111364298,0.9911373707533235,104.32759857177734,1.0,0.507247805595398,0.9985228951255539,0.507247805595398,0.9985228951255539,0.03916335850954056,0.9961627721786499,1.0,1.0
GCN,125,1457,3,1,3,-4.629417419433594,2.8080086708068848,7.4374260902404785,0.8017836213111877,0.044011928141117096,-0.04679902270436287,0.5619043111801147,0.11214806884527206,0.3781735505873437,1,0.5366364121437073,0.9993021632937893,1432,0.9999999403953552,1.0,0.5578463162128141,0.9918759231905465,104.24394989013672,1.0,0.5076107978820801,0.9985228951255539,0.5076107978820801,0.9985228951255539,0.044011928141117096,0.9952273964881897,1.0,0.9999999403953552
GCN,125,1476,6,1,2,-2.225666046142578,1.7451503276824951,3.9708163738250732,0.8660253286361694,0.0553131178021431,-0.01422436535358429,0.5202046632766724,0.14741453528404236,0.4971580143993937,1,0.5380321145057678,0.9993021632937893,1432,0.9999999403953552,1.0,0.5162761507038195,0.9844903988183161,96.71652221679688,1.0,0.4710078835487366,0.9981536189069424,0.4710078835487366,0.9981536189069424,0.0553131140768528,0.9924355745315552,1.0,0.9999999403953552
GCN,125,1486,2,1,3,-3.3182754516601562,3.9985673427581787,7.316842794418335,0.8017836213111877,0.03606593608856201,-0.014760048128664494,0.559129536151886,0.0865844339132309,0.23133762788935203,0,0.5401256084442139,0.9993021632937893,1432,0.9999999403953552,1.0,0.5559661526771827,0.9911373707533235,104.54444885253906,1.0,0.5075204968452454,0.9985228951255539,0.5075204968452454,0.9985228951255539,0.03606593608856201,0.996759295463562,1.0,0.9999999403953552
GCN,125,1487,6,1,4,-0.9406744837760925,2.2798781394958496,3.220552623271942,0.7499998807907104,0.027274535968899727,-0.0018696747720241547,0.5962657928466797,0.03667611628770828,0.10837438423645321,0,0.5394277572631836,0.9993021632937893,1432,0.9999999403953552,1.0,0.58810818724159,0.9940915805022157,111.36180114746094,1.0,0.5405558943748474,0.9988921713441654,0.5405558943748474,0.9988921713441654,0.02727453038096428,0.9981383085250854,1.0,0.9999999403953552
GCN,125,1493,4,1,1,-1.19600248336792,5.020228385925293,6.216230869293213,0.9486831426620483,0.07283671945333481,-0.0318070687353611,0.47908592224121094,0.1881198287010193,0.6347101174687382,1,0.5422191023826599,0.9993021632937893,1432,0.9999999403953552,1.0,0.4834751106875935,0.9763663220088626,89.01087951660156,1.0,0.4333515763282776,0.9963072378138847,0.4333515763282776,0.9963072378138847,0.07283671200275421,0.9870885610580444,1.0,0.9999999403953552
GCN,125,1499,2,1,4,-3.1120858192443848,3.1331896781921387,6.245275497436523,0.7499998807907104,0.032199643552303314,0.03434856981039047,0.5951617956161499,0.03260093927383423,0.10837438423645321,0,0.5408234596252441,0.9993021632937893,1432,0.9999999403953552,1.0,0.5902003795394402,0.9944608567208272,111.32960510253906,1.0,0.5402122735977173,0.9988921713441654,0.5402122735977173,0.9988921713441654,0.032199643552303314,0.9973978400230408,1.0,0.9999999403953552
GCN,125,1501,6,1,7,-1.221669316291809,2.073582887649536,3.295252203941345,0.6396021246910095,0.021951090544462204,0.0459827184677124,0.6970676779747009,0.07548844814300537,0.2156119742326639,0,0.5408234596252441,0.9993021632937893,1432,0.9999999403953552,1.0,0.6836198638287824,0.9996307237813885,130.10568237304688,1.0,0.6311327815055847,1.0,0.6311327815055847,1.0,0.021951090544462204,0.9987897872924805,1.0,0.9999999403953552
GCN,125,1506,2,1,2,-1.9742844104766846,3.6083638668060303,5.582648277282715,0.8660253286361694,0.05089077353477478,0.06248512119054794,0.5150393843650818,0.055026762187480927,0.18927624100037893,0,0.5415212512016296,0.9993021632937893,1432,0.9999999403953552,1.0,0.5132293535586678,0.9844903988183161,96.42330169677734,1.0,0.46845656633377075,0.9981536189069424,0.46845656633377075,0.9981536189069424,0.05089077353477478,0.9934953451156616,1.0,0.9999999403953552
GCN,125,1507,0,1,6,-1.3662577867507935,2.0444889068603516,3.410746693611145,0.6708203554153442,0.028268294408917427,-0.035373371094465256,0.6681474447250366,0.13871970772743225,0.45149677908298597,1,0.5401256084442139,0.9993021632937893,1432,0.9999999403953552,1.0,0.6564890789320602,0.9955686853766618,124.44007110595703,1.0,0.6042041182518005,0.9996307237813885,0.6042041182518005,0.9996307237813885,0.02826828882098198,0.998011589050293,1.0,0.9999999403953552
GCN,125,1523,0,1,2,0.24669957160949707,4.083427429199219,3.8367278575897217,0.8660253286361694,0.05808721482753754,-0.039179105311632156,0.5223069190979004,0.18353058397769928,0.6201212580522926,1,0.535938560962677,0.9993021632937893,1432,0.9999999403953552,1.0,0.5203321779671223,0.9863367799113737,97.06806182861328,1.0,0.47298330068588257,0.9981536189069424,0.47298330068588257,0.9981536189069424,0.05808721482753754,0.9917329549789429,1.0,0.9999999403953552
GCN,125,1541,3,1,1,-4.599668979644775,3.140707015991211,7.740375995635986,0.9486831426620483,0.09069238603115082,0.02259621024131775,0.4779512584209442,0.18582655489444733,0.6218264494126563,1,0.5345429182052612,0.9993021632937893,1432,0.9999999403953552,1.0,0.4779143623666772,0.9756277695716395,88.88939666748047,1.0,0.4283407926559448,0.9948301329394387,0.4283407926559448,0.9948301329394387,0.09069238603115082,0.9798029661178589,1.0,0.9999999403953552
GCN,125,1546,2,1,5,-4.7548065185546875,2.4928622245788574,7.247668743133545,0.7071066498756409,0.025761853903532028,-0.009475968778133392,0.6325810551643372,0.06820708513259888,0.20954907161803712,0,0.5436148047447205,0.9993021632937893,1432,1.0,1.0,0.6247748207712064,0.9948301329394387,118.1048583984375,1.0,0.5731592774391174,0.9992614475627769,0.5731592774391174,0.9992614475627769,0.025761857628822327,0.9983402490615845,1.0,1.0
GCN,125,1554,3,0,4,-7.548414707183838,-1.2834672927856445,6.264947414398193,0.7499998807907104,0.057508327066898346,0.017212051898241043,0.5986970663070679,0.0765460729598999,0.21674876847290642,0,0.5380321145057678,0.9993021632937893,1432,0.9999999403953552,1.0,0.594510194102314,0.9944608567208272,111.60028076171875,1.0,0.5429750680923462,0.9988921713441654,0.5429750680923462,0.9988921713441654,0.05750831961631775,0.9917670488357544,1.0,0.9999999403953552
GCN,125,1561,1,1,2,-1.6022011041641235,3.753187894821167,5.3553889989852905,0.8660253286361694,0.04245861992239952,-0.007766736671328545,0.5180667638778687,0.11163505166769028,0.3721106479727169,1,0.5436148047447205,0.9993021632937893,1432,0.9999999403953552,1.0,0.5175631538960961,0.9859675036927622,96.60673522949219,1.0,0.46847206354141235,0.9981536189069424,0.46847206354141235,0.9981536189069424,0.04245861619710922,0.9955122470855713,1.0,0.9999999403953552
GCN,125,1565,2,1,2,-3.482755661010742,1.397278070449829,4.880033731460571,0.8660253286361694,0.12177783250808716,0.009252896532416344,0.5329437851905823,0.2457667589187622,0.7896930655551345,1,0.5436148047447205,0.9993021632937893,1432,0.9999999403953552,1.0,0.5351647703508828,0.9889217134416544,96.74103546142578,1.0,0.4729742705821991,0.9981536189069424,0.4729742705821991,0.9981536189069424,0.12177782505750656,0.9645670652389526,1.0,0.9999999403953552
GCN,125,1567,3,1,4,-5.446688652038574,0.3133203983306885,5.760009050369263,0.7499998807907104,0.048893678933382034,-0.023608673363924026,0.6001759767532349,0.13524556159973145,0.43444486547934824,1,0.5422191023826599,0.9993021632937893,1432,0.9999999403953552,1.0,0.595999472025823,0.9944608567208272,111.64672088623047,1.0,0.5428128838539124,0.9988921713441654,0.5428128838539124,0.9988921713441654,0.04889367148280144,0.994086503982544,1.0,0.9999999403953552
GCN,125,1568,2,1,4,-2.6155483722686768,3.967534303665161,6.583082675933838,0.7499998807907104,0.026322316378355026,0.014225916936993599,0.5956231951713562,0.04460470378398895,0.11708980674497915,0,0.5415212512016296,0.9993021632937893,1432,0.9999999403953552,1.0,0.5899618422162785,0.9944608567208272,111.51351928710938,1.0,0.540527880191803,0.9988921713441654,0.540527880191803,0.9988921713441654,0.026322316378355026,0.998262882232666,1.0,0.9999999403953552
GCN,125,1583,0,1,10,-0.5997648239135742,3.512547731399536,4.11231255531311,0.5669466257095337,0.015888851135969162,0.017830656841397285,0.7872262597084045,0.04197123274207115,0.10989010989010989,0,0.5408234596252441,0.9993021632937893,1432,1.0,1.0,0.7707400050670568,1.0,147.0407257080078,1.0,0.7122883796691895,1.0,0.7122883796691895,1.0,0.01588885486125946,0.9993662238121033,1.0,1.0
GCN,125,1589,2,1,3,-3.8813254833221436,3.967907428741455,7.849232912063599,0.8017836213111877,0.03290301933884621,0.018083635717630386,0.5574236512184143,0.02694842964410782,0.10837438423645321,0,0.5366364121437073,0.9993021632937893,1432,0.9999999403953552,1.0,0.554042763829164,0.990029542097489,104.2444839477539,1.0,0.5048723220825195,0.9985228951255539,0.5048723220825195,0.9985228951255539,0.032903023064136505,0.9972872734069824,1.0,0.9999999403953552
GCN,125,1591,3,1,1,-5.671815872192383,2.614133834838867,8.28594970703125,0.9486831426620483,0.07737024128437042,-0.02717202715575695,0.4796532988548279,0.18559694290161133,0.6218264494126563,1,0.5352407097816467,0.9993021632937893,1432,0.9999999403953552,1.0,0.4821595316481068,0.9763663220088626,88.6673583984375,1.0,0.4286005198955536,0.9951994091580503,0.4286005198955536,0.9951994091580503,0.07737024128437042,0.9854496717453003,1.0,0.9999999403953552
GCN,125,1597,3,1,2,-2.8953638076782227,4.37177038192749,7.267134189605713,0.8660253286361694,0.07410874962806702,0.03661014884710312,0.5193175673484802,0.07640793919563293,0.21580143993937098,0,0.5394277572631836,0.9993021632937893,1432,0.9999999403953552,1.0,0.5192667639243536,0.9863367799113737,96.52583312988281,1.0,0.4715527594089508,0.9981536189069424,0.4715527594089508,0.9981536189069424,0.07410874962806702,0.9863487482070923,1.0,0.9999999403953552
GCN,125,1600,3,1,1,-3.605388879776001,4.559312343597412,8.164701223373413,0.9486831426620483,0.08537032455205917,0.02113897167146206,0.4771152138710022,0.16112558543682098,0.5490716180371353,1,0.5345429182052612,0.9993021632937893,1432,0.9999999403953552,1.0,0.4797063065858838,0.9759970457902511,88.6045150756836,1.0,0.43373221158981323,0.9963072378138847,0.43373221158981323,0.9963072378138847,0.08537031710147858,0.9820603728294373,1.0,0.9999999403953552
GCN,125,1602,0,1,10,3.313659906387329,7.335323810577393,4.0216639041900635,0.5669466257095337,0.01875675655901432,0.1046476885676384,0.7844552993774414,-0.040170811116695404,0.0,0,0.5401256084442139,0.9993021632937893,1432,1.0,1.0,0.7690338618632415,1.0,147.26768493652344,1.0,0.7131442427635193,1.0,0.7131442427635193,1.0,0.01875675469636917,0.9991199970245361,1.0,1.0
GCN,125,1605,3,1,3,-3.5289406776428223,3.266167640686035,6.795108318328857,0.8017836213111877,0.034807637333869934,0.02173570543527603,0.5574023723602295,0.048309944570064545,0.14153088291019325,0,0.5380321145057678,0.9993021632937893,1432,0.9999999403953552,1.0,0.554064037624233,0.990029542097489,104.15568542480469,1.0,0.5063263177871704,0.9985228951255539,0.5063263177871704,0.9985228951255539,0.034807637333869934,0.9969638586044312,1.0,0.9999999403953552
GCN,125,1611,3,1,2,-3.7750332355499268,4.096865653991699,7.871898889541626,0.8660253286361694,0.08774266391992569,0.06426499783992767,0.5187975764274597,0.10342726111412048,0.3421750663129973,1,0.5408234596252441,0.9993021632937893,1432,0.9999999403953552,1.0,0.5196804606774683,0.9863367799113737,96.57582092285156,1.0,0.46818026900291443,0.9981536189069424,0.46818026900291443,0.9981536189069424,0.08774266391992569,0.980825662612915,1.0,0.9999999403953552
GCN,125,1628,0,1,17,3.855975866317749,8.353485107421875,4.497509241104126,0.462909996509552,0.013872205279767513,0.026788948103785515,0.9638152122497559,0.014008214697241783,0.10837438423645321,0,0.5415212512016296,0.9993021632937893,1432,0.9999999403953552,1.0,0.9425884753724869,1.0,180.6741943359375,1.0,0.8749533891677856,1.0,0.8749533891677856,1.0,0.013872203417122364,0.9995168447494507,1.0,0.9999999403953552
GCN,125,1629,2,1,3,-2.9128081798553467,5.259908199310303,8.17271637916565,0.8017836213111877,0.040660664439201355,0.04146824777126312,0.5568606853485107,0.017250245437026024,0.10837438423645321,0,0.5394277572631836,0.9993021632937893,1432,1.0,1.0,0.5545079921339077,0.990029542097489,103.9434585571289,1.0,0.505659818649292,0.9985228951255539,0.505659818649292,0.9985228951255539,0.040660660713911057,0.9958516955375671,1.0,1.0
GCN,125,1632,2,1,3,-3.7949283123016357,3.933765411376953,7.728693723678589,0.8017836213111877,0.0515323206782341,0.045688338577747345,0.5574270486831665,0.09098722040653229,0.25142099280030317,0,0.5394277572631836,0.9993021632937893,1432,0.9999999403953552,1.0,0.5554003902815813,0.9911373707533235,104.33602905273438,1.0,0.5049740672111511,0.9985228951255539,0.5049740672111511,0.9985228951255539,0.0515323169529438,0.9933444857597351,1.0,0.9999999403953552
GCN,125,1637,0,1,2,-1.1783013343811035,3.267411947250366,4.44571328163147,0.8660253286361694,0.07311322540044785,0.05673379451036453,0.5174820423126221,0.13085511326789856,0.4213717317165593,1,0.5415212512016296,0.9993021632937893,1432,0.9999999403953552,1.0,0.5190641842056317,0.9863367799113737,96.84742736816406,1.0,0.47140008211135864,0.9981536189069424,0.47140008211135864,0.9981536189069424,0.07311322540044785,0.9866456985473633,1.0,0.9999999403953552
GCN,125,1644,0,1,2,0.6189582943916321,4.744903564453125,4.125945270061493,0.8660253286361694,0.042852409183979034,-0.04766790196299553,0.5200737118721008,0.1284971535205841,0.4160666919287609,1,0.5415212512016296,0.9993021632937893,1432,0.9999999403953552,1.0,0.5201876229851287,0.9863367799113737,96.84256744384766,1.0,0.4719003736972809,0.9981536189069424,0.4719003736972809,0.9981536189069424,0.042852409183979034,0.9954738616943359,1.0,0.9999999403953552
GCN,125,1645,3,1,4,-1.5697287321090698,2.1629393100738525,3.7326680421829224,0.7499998807907104,0.03293371945619583,-0.016022153198719025,0.5974069237709045,0.0023471484892070293,0.10837438423645321,0,0.5408234596252441,0.9993021632937893,1432,0.9999999403953552,1.0,0.5901085720139112,0.9944608567208272,111.34540557861328,1.0,0.5395077466964722,0.9988921713441654,0.5395077466964722,0.9988921713441654,0.03293371573090553,0.9972956776618958,1.0,0.9999999403953552
GCN,125,1653,4,1,5,-3.9493420124053955,3.6980466842651367,7.647388696670532,0.7071066498756409,0.027107518166303635,0.026379650458693504,0.6313387751579285,0.01015995629131794,0.10837438423645321,0,0.5387299060821533,0.9993021632937893,1432,1.0,1.0,0.6237449203544294,0.9948301329394387,117.95781707763672,1.0,0.5724332928657532,0.9992614475627769,0.5724332928657532,0.9992614475627769,0.027107521891593933,0.9981560707092285,1.0,1.0
GCN,125,1661,5,1,4,0.31136810779571533,3.918424367904663,3.6070562601089478,0.7499998807907104,0.024772167205810547,0.03840753436088562,0.5947357416152954,0.03098500333726406,0.10837438423645321,0,0.5387299060821533,0.9993021632937893,1432,0.9999999403953552,1.0,0.5889758362500901,0.9944608567208272,111.25933837890625,1.0,0.5398458242416382,0.9988921713441654,0.5398458242416382,0.9988921713441654,0.024772165343165398,0.9984588623046875,1.0,0.9999999403953552
GCN,125,1668,2,1,2,-1.5646376609802246,3.9449405670166016,5.509578227996826,0.8660253286361694,0.052428293973207474,0.00565730407834053,0.5185644030570984,0.0717536062002182,0.21106479727169383,0,0.5380321145057678,0.9993021632937893,1432,0.9999999403953552,1.0,0.516772870971788,0.9859675036927622,96.4992446899414,1.0,0.4674880802631378,0.9981536189069424,0.4674880802631378,0.9981536189069424,0.052428293973207474,0.9931623935699463,1.0,0.9999999403953552
GCN,125,1675,6,1,4,-0.7306562662124634,3.0921835899353027,3.822839856147766,0.7499998807907104,0.028180701658129692,-0.017633572220802307,0.5969337224960327,0.034022290259599686,0.10837438423645321,0,0.5422191023826599,0.9993021632937893,1432,0.9999999403953552,1.0,0.590052965461915,0.9944608567208272,111.34141540527344,1.0,0.5421334505081177,0.9988921713441654,0.5421334505081177,0.9988921713441654,0.028180699795484543,0.9980176091194153,1.0,0.9999999403953552
GCN,125,1679,3,1,3,-5.196122169494629,2.129291296005249,7.325413465499878,0.8017836213111877,0.04936723783612251,0.006270133424550295,0.5596646666526794,0.06464962661266327,0.20613868889730957,0,0.5373342633247375,0.9993021632937893,1432,0.9999999403953552,1.0,0.5583732276394779,0.9918759231905465,104.51810455322266,1.0,0.5080762505531311,0.9985228951255539,0.5080762505531311,0.9985228951255539,0.049367230385541916,0.9939301013946533,1.0,0.9999999403953552
GCN,125,1684,3,1,2,-5.147515773773193,1.8170169591903687,6.964532732963562,0.8660253286361694,0.07073012739419937,0.049672819674015045,0.5177701115608215,0.12433864921331406,0.4041303524062145,1,0.5380321145057678,0.9993021632937893,1432,0.9999999403953552,1.0,0.5191329634009951,0.9863367799113737,96.26448822021484,1.0,0.4680710434913635,0.9981536189069424,0.4680710434913635,0.9981536189069424,0.07073012739419937,0.9875120520591736,1.0,0.9999999403953552
GCN,125,1688,4,1,3,-1.87581467628479,5.387497425079346,7.263312101364136,0.8017836213111877,0.042996279895305634,-0.01662585511803627,0.5601174831390381,0.133393332362175,0.4281924971580144,1,0.5380321145057678,0.9993021632937893,1432,0.9999999403953552,1.0,0.5558120181940466,0.9911373707533235,104.70774841308594,1.0,0.5078127980232239,0.9985228951255539,0.5078127980232239,0.9985228951255539,0.042996279895305634,0.9954076409339905,1.0,0.9999999403953552
GCN,125,1695,0,1,3,1.5159780979156494,5.347321033477783,3.831342935562134,0.8017836213111877,0.03938470408320427,-0.0321258008480072,0.5603864789009094,0.03859671205282211,0.10837438423645321,0,0.5401256084442139,0.9993021632937893,1432,0.9999999403953552,1.0,0.5575721041063139,0.9918759231905465,104.93439483642578,1.0,0.509319007396698,0.9985228951255539,0.509319007396698,0.9985228951255539,0.03938470035791397,0.99615478515625,1.0,0.9999999403953552
GCN,125,1705,1,1,7,-1.7881584167480469,3.2122225761413574,5.000380992889404,0.6396021246910095,0.022932209074497223,0.08369913697242737,0.6957192420959473,-0.0431145578622818,0.0,0,0.5387299060821533,0.9993021632937893,1432,0.9999999403953552,1.0,0.6839369865833173,0.9996307237813885,130.52902221679688,1.0,0.632196843624115,1.0,0.632196843624115,1.0,0.022932207211852074,0.9986804723739624,1.0,0.9999999403953552
GCN,125,1707,5,1,1,-2.615715503692627,3.3076207637786865,5.9233362674713135,0.9486831426620483,0.06727758795022964,-0.04020213335752487,0.47858402132987976,0.1784127652645111,0.6059113300492611,1,0.5394277572631836,0.9993021632937893,1432,0.9999999403953552,1.0,0.480026863781891,0.9759970457902511,88.88839721679688,1.0,0.43258097767829895,0.9963072378138847,0.43258097767829895,0.9963072378138847,0.06727758049964905,0.9889782667160034,1.0,0.9999999403953552
GCN,125,1726,2,1,3,-3.0121712684631348,3.6602632999420166,6.672434568405151,0.8017836213111877,0.029439043253660202,0.012223631143569946,0.557415246963501,0.06125775724649429,0.2019704433497537,0,0.5401256084442139,0.9993021632937893,1432,0.9999999403953552,1.0,0.554053790803418,0.990029542097489,104.16878509521484,1.0,0.5056576132774353,0.9985228951255539,0.5056576132774353,0.9985228951255539,0.0294390469789505,0.997828483581543,1.0,0.9999999403953552
GCN,125,1727,2,1,3,-3.5469703674316406,3.7883636951446533,7.335334062576294,0.8017836213111877,0.041580550372600555,0.026432722806930542,0.557697594165802,0.07070832699537277,0.21049640015157256,0,0.5394277572631836,0.9993021632937893,1432,0.9999999403953552,1.0,0.5540165671615364,0.990029542097489,104.15755462646484,1.0,0.5035601854324341,0.9985228951255539,0.5035601854324341,0.9985228951255539,0.041580550372600555,0.9956701397895813,1.0,0.9999999403953552
GCN,125,1734,2,1,4,-4.133782386779785,3.1172738075256348,7.25105619430542,0.7499998807907104,0.04960022494196892,0.0495467334985733,0.5954857468605042,0.07368826121091843,0.21295945433876468,0,0.5415212512016296,0.9993021632937893,1432,0.9999999403953552,1.0,0.5909434292726288,0.9944608567208272,111.37030029296875,1.0,0.5422647595405579,0.9988921713441654,0.5422647595405579,0.9988921713441654,0.049600228667259216,0.9938291907310486,1.0,0.9999999403953552
GCN,125,1749,2,1,4,-4.033514022827148,3.776810884475708,7.8103249073028564,0.7499998807907104,0.02372104860842228,0.044301100075244904,0.5945268273353577,0.009864779189229012,0.10837438423645321,0,0.5415212512016296,0.9993021632937893,1432,0.9999999403953552,1.0,0.5886421342917009,0.9944608567208272,111.24238586425781,1.0,0.5405808091163635,0.9988921713441654,0.5405808091163635,0.9988921713441654,0.02372104488313198,0.9985867142677307,1.0,0.9999999403953552
GCN,125,1752,2,1,3,-4.008539199829102,4.305719375610352,8.314258575439453,0.8017836213111877,0.04047592729330063,-0.005290879402309656,0.5592039823532104,0.10719045251607895,0.359037514209928,1,0.5429169535636902,0.9993021632937893,1432,0.9999999403953552,1.0,0.5562891603465343,0.9911373707533235,104.39144134521484,1.0,0.5069605112075806,0.9985228951255539,0.5069605112075806,0.9985228951255539,0.04047592729330063,0.9959169030189514,1.0,0.9999999403953552
GCN,125,1753,2,1,3,-3.446648120880127,4.403801918029785,7.850450038909912,0.8017836213111877,0.03781340271234512,-0.0035007335245609283,0.5588123202323914,0.1009284257888794,0.3266388783630163,1,0.5422191023826599,0.9993021632937893,1432,0.9999999403953552,1.0,0.5566633521007986,0.9918759231905465,104.45729064941406,1.0,0.5066454410552979,0.9985228951255539,0.5066454410552979,0.9985228951255539,0.03781340271234512,0.9964323043823242,1.0,0.9999999403953552
GCN,125,1760,2,1,2,-2.4590365886688232,4.247374534606934,6.706411123275757,0.8660253286361694,0.03895721957087517,0.030141862109303474,0.5159680843353271,0.06894172728061676,0.20954907161803712,0,0.5373342633247375,0.9993021632937893,1432,0.9999999403953552,1.0,0.5173326305967569,0.9859675036927622,96.39569091796875,1.0,0.4688219428062439,0.9981536189069424,0.4688219428062439,0.9981536189069424,0.03895721957087517,0.9961956739425659,1.0,0.9999999403953552
GCN,125,1764,5,1,2,-2.6332030296325684,3.7462425231933594,6.379445552825928,0.8660253286361694,0.04298344999551773,0.023807648569345474,0.5165680646896362,0.09024645388126373,0.24820007578628267,0,0.5373342633247375,0.9993021632937893,1432,0.9999999403953552,1.0,0.5170898725673534,0.9859675036927622,96.66963958740234,1.0,0.4683205783367157,0.9981536189069424,0.4683205783367157,0.9981536189069424,0.04298344999551773,0.9953759908676147,1.0,0.9999999403953552
GCN,125,1768,1,1,3,-2.144369125366211,3.305224895477295,5.449594020843506,0.8017836213111877,0.0384545661509037,-0.00016497448086738586,0.5587238669395447,0.10624349117279053,0.3560060629026146,1,0.5401256084442139,0.9993021632937893,1432,0.9999999403953552,1.0,0.5566060373368813,0.9918759231905465,104.5167465209961,1.0,0.5096314549446106,0.9985228951255539,0.5096314549446106,0.9985228951255539,0.0384545661509037,0.9963088631629944,1.0,0.9999999403953552
GCN,125,1771,1,1,3,-2.279818534851074,3.0089406967163086,5.288759231567383,0.8017836213111877,0.02847922407090664,0.09741832315921783,0.5543217062950134,-0.004453197121620178,0.0,0,0.5387299060821533,0.9993021632937893,1432,0.9999999403953552,1.0,0.5517942433440984,0.990029542097489,104.1052017211914,1.0,0.5041916966438293,0.9985228951255539,0.5041916966438293,0.9985228951255539,0.02847922593355179,0.9979644417762756,1.0,0.9999999403953552
GCN,125,1777,1,1,5,-2.8427929878234863,2.2284984588623047,5.071291446685791,0.7071066498756409,0.02049332670867443,0.07659301161766052,0.6296295523643494,-0.014031721279025078,0.0,0,0.5408234596252441,0.9993021632937893,1432,1.0,1.0,0.6222663462719087,0.9944608567208272,118.0133285522461,1.0,0.5710230469703674,0.9992614475627769,0.5710230469703674,0.9992614475627769,0.02049332857131958,0.9989462494850159,1.0,1.0
GCN,125,1779,1,1,6,-2.14735746383667,2.5848753452301025,4.7322328090667725,0.6708203554153442,0.01649351976811886,0.06684792041778564,0.6641379594802856,-0.03350016474723816,0.0,0,0.5401256084442139,0.9993021632937893,1432,0.9999999403953552,1.0,0.6542067052854417,0.9951994091580503,124.37670135498047,1.0,0.6028598546981812,0.9996307237813885,0.6028598546981812,0.9996307237813885,0.01649351976811886,0.9993175268173218,1.0,0.9999999403953552
GCN,125,1781,1,1,5,-2.327993869781494,2.7120208740234375,5.040014743804932,0.7071066498756409,0.020358620211482048,0.009064828976988792,0.6315814852714539,0.08579440414905548,0.23114816218264495,0,0.5422191023826599,0.9993021632937893,1432,1.0,1.0,0.6229074973980587,0.9944608567208272,118.07230377197266,1.0,0.5723598003387451,0.9992614475627769,0.5723598003387451,0.9992614475627769,0.020358620211482048,0.9989604353904724,1.0,1.0
GCN,125,1783,1,1,2,-2.3579254150390625,2.9683949947357178,5.32632040977478,0.8660253286361694,0.05284871533513069,0.0640372484922409,0.5150661468505859,0.06240680441260338,0.20310723758999621,0,0.5401256084442139,0.9993021632937893,1432,0.9999999403953552,1.0,0.5150342794231679,0.9844903988183161,96.7364730834961,1.0,0.46877315640449524,0.9981536189069424,0.46877315640449524,0.9981536189069424,0.05284871160984039,0.9929854869842529,1.0,0.9999999403953552
GCN,125,1786,1,1,3,-2.4122586250305176,3.2436978816986084,5.655956506729126,0.8017836213111877,0.04280943050980568,0.035043299198150635,0.5573427677154541,0.08523118495941162,0.23001136794240243,0,0.5387299060821533,0.9993021632937893,1432,0.9999999403953552,1.0,0.5552929005682026,0.9911373707533235,104.2358627319336,1.0,0.5066749453544617,0.9985228951255539,0.5066749453544617,0.9985228951255539,0.04280943050980568,0.9954062700271606,1.0,0.9999999403953552
GCN,125,1794,4,1,4,-2.469736099243164,3.8079190254211426,6.277655124664307,0.7499998807907104,0.032362084835767746,-0.026738716289401054,0.5977997183799744,0.0507969856262207,0.16331943918150815,0,0.5387299060821533,0.9993021632937893,1432,0.9999999403953552,1.0,0.5917502406917158,0.9944608567208272,111.8825912475586,1.0,0.5410301685333252,0.9988921713441654,0.5410301685333252,0.9988921713441654,0.03236208111047745,0.9973934888839722,1.0,0.9999999403953552
GCN,125,1803,0,1,4,0.19599640369415283,3.6135413646698,3.417544960975647,0.7499998807907104,0.03411750867962837,0.03386319428682327,0.5952860116958618,0.03637748956680298,0.10837438423645321,0,0.5401256084442139,0.9993021632937893,1432,0.9999999403953552,1.0,0.5892455497075162,0.9944608567208272,111.74290466308594,1.0,0.5406209826469421,0.9988921713441654,0.5406209826469421,0.9988921713441654,0.03411751240491867,0.9970793128013611,1.0,0.9999999403953552
GCN,125,1807,3,1,5,-3.30444598197937,2.917004108428955,6.221450090408325,0.7071066498756409,0.027405831962823868,0.013156987726688385,0.6318655610084534,0.06445227563381195,0.20500189465706706,0,0.5415212512016296,0.9993021632937893,1432,0.9999999403953552,1.0,0.6246821071893864,0.9948301329394387,118.09445190429688,1.0,0.5731614828109741,0.9992614475627769,0.5731614828109741,0.9992614475627769,0.027405833825469017,0.9981173276901245,1.0,1.0
GCN,125,1809,3,1,3,-3.4838171005249023,3.6622684001922607,7.146085500717163,0.8017836213111877,0.030296210199594498,0.015388387255370617,0.557354211807251,0.06785516440868378,0.2084122773777946,0,0.5415212512016296,0.9993021632937893,1432,1.0,1.0,0.5555313300440464,0.9911373707533235,104.29743194580078,1.0,0.5068920254707336,0.9985228951255539,0.5068920254707336,0.9985228951255539,0.03029620833694935,0.9976998567581177,1.0,0.9999999403953552
GCN,125,1810,3,0,44,-9.287524223327637,-4.472034454345703,4.815489768981934,0.3061861991882324,0.007939252071082592,0.06097530573606491,1.4563101530075073,-0.002720363438129425,0.0,0,0.5408234596252441,0.9993021632937893,1432,0.9999999403953552,1.0,1.4264275745039339,1.0,272.23162841796875,1.0,1.3160457611083984,1.0,1.3160457611083984,1.0,0.007939242757856846,0.9998420476913452,1.0,0.9999999403953552
GCN,125,1817,3,1,2,-2.7449405193328857,3.9781277179718018,6.7230682373046875,0.8660253286361694,0.040711306035518646,-0.01623445190489292,0.51826012134552,0.10494711250066757,0.3446381205001895,1,0.5380321145057678,0.9993021632937893,1432,0.9999999403953552,1.0,0.519084250530111,0.9863367799113737,96.40335845947266,1.0,0.46893250942230225,0.9981536189069424,0.46893250942230225,0.9981536189069424,0.040711306035518646,0.9958788156509399,1.0,0.9999999403953552
GCN,125,1822,3,1,2,-4.840176582336426,1.8570574522018433,6.697234034538269,0.8660253286361694,0.04931676387786865,0.020531632006168365,0.5173343420028687,0.06917363405227661,0.20954907161803712,0,0.535938560962677,0.9993021632937893,1432,0.9999999403953552,1.0,0.518520864184627,0.9859675036927622,96.58533477783203,1.0,0.46845710277557373,0.9981536189069424,0.46845710277557373,0.9981536189069424,0.04931676387786865,0.9939258098602295,1.0,0.9999999403953552
GCN,125,1825,5,1,4,-3.6538045406341553,2.993410110473633,6.647214651107788,0.7499998807907104,0.026812797412276268,0.029405929148197174,0.5951103568077087,0.04557493329048157,0.12182644941265632,0,0.5387299060821533,0.9993021632937893,1432,0.9999999403953552,1.0,0.5896096428122088,0.9944608567208272,111.20997619628906,1.0,0.5401405096054077,0.9988921713441654,0.5401405096054077,0.9988921713441654,0.026812797412276268,0.9981955289840698,1.0,0.9999999403953552
GCN,125,1829,5,1,5,-2.416079044342041,3.239614963531494,5.655694007873535,0.7071066498756409,0.027531038969755173,0.06118815764784813,0.6300033330917358,0.015227802097797394,0.10837438423645321,0,0.5394277572631836,0.9993021632937893,1432,0.9999999403953552,1.0,0.6224904700013183,0.9944608567208272,118.1705551147461,1.0,0.5717924237251282,0.9992614475627769,0.5717924237251282,0.9992614475627769,0.02753104269504547,0.9980956315994263,1.0,0.9999999403953552
GCN,125,1836,6,1,2,-1.5369309186935425,2.40488338470459,3.9418143033981323,0.8660253286361694,0.05269947648048401,0.02202155813574791,0.5176087021827698,0.1354171335697174,0.43444486547934824,1,0.5408234596252441,0.9993021632937893,1432,0.9999999403953552,1.0,0.5171576177256362,0.9859675036927622,96.85004425048828,1.0,0.47007855772972107,0.9981536189069424,0.47007855772972107,0.9981536189069424,0.05269946902990341,0.9930686950683594,1.0,0.9999999403953552
GCN,125,1838,0,1,4,1.913020372390747,5.691830158233643,3.7788097858428955,0.7499998807907104,0.02996130846440792,0.026950839906930923,0.5953519940376282,0.07929293066263199,0.22034861690034105,0,0.5429169535636902,0.9993021632937893,1432,0.9999999403953552,1.0,0.5896727712032029,0.9944608567208272,111.85824584960938,1.0,0.5431395173072815,0.9988921713441654,0.5431395173072815,0.9988921713441654,0.02996130846440792,0.9977477788925171,1.0,0.9999999403953552
GCN,125,1841,0,1,5,2.904764413833618,6.320314407348633,3.4155499935150146,0.7071066498756409,0.02428826317191124,0.038532085716724396,0.6307969093322754,0.05476237088441849,0.18927624100037893,0,0.5422191023826599,0.9993021632937893,1432,1.0,1.0,0.6234487355684972,0.9944608567208272,118.49178314208984,1.0,0.5748220682144165,0.9996307237813885,0.5748220682144165,0.9996307237813885,0.02428826503455639,0.9985184669494629,1.0,1.0
GCN,125,1845,5,1,2,0.26954591274261475,4.0478081703186035,3.7782622575759888,0.8660253286361694,0.04723455011844635,-0.012284932658076286,0.5189050436019897,0.09988710284233093,0.31110269041303523,0,0.5408234596252441,0.9993021632937893,1432,0.9999999403953552,1.0,0.5184720075825823,0.9859675036927622,96.78825378417969,1.0,0.4713723361492157,0.9981536189069424,0.4713723361492157,0.9981536189069424,0.04723455384373665,0.9944615364074707,1.0,0.9999999403953552
GCN,125,1852,3,1,2,-2.369976043701172,3.4532487392425537,5.823224782943726,0.8660253286361694,0.04241049662232399,0.01309126615524292,0.517043948173523,0.08011923730373383,0.2209170140204623,0,0.5408234596252441,0.9993021632937893,1432,0.9999999403953552,1.0,0.5180242954580552,0.9859675036927622,96.7856216430664,1.0,0.46887651085853577,0.9981536189069424,0.46887651085853577,0.9981536189069424,0.04241049662232399,0.9955052137374878,1.0,0.9999999403953552
GCN,125,1853,3,1,1,-2.781261444091797,4.220357418060303,7.0016188621521,0.9486831426620483,0.07529958337545395,-0.06904710829257965,0.4824806749820709,0.23264478147029877,0.7589996210685865,1,0.5387299060821533,0.9993021632937893,1432,0.9999999403953552,1.0,0.4848096804461236,0.9763663220088626,88.52389526367188,1.0,0.4328385293483734,0.9963072378138847,0.4328385293483734,0.9963072378138847,0.07529958337545395,0.9864408373832703,1.0,0.9999999403953552
GCN,125,1858,3,1,2,-3.4291954040527344,4.095395565032959,7.524590969085693,0.8660253286361694,0.04219500720500946,0.05019848793745041,0.5152183771133423,0.04664044454693794,0.13092080333459644,0,0.5373342633247375,0.9993021632937893,1432,0.9999999403953552,1.0,0.516451346870902,0.9859675036927622,96.74475860595703,1.0,0.4702771306037903,0.9981536189069424,0.4702771306037903,0.9981536189069424,0.04219500347971916,0.99552983045578,1.0,0.9999999403953552
GCN,125,1862,3,1,4,-6.107976913452148,0.6514995098114014,6.75947642326355,0.7499998807907104,0.03824695572257042,-0.09108380228281021,0.6018789410591125,0.1196293979883194,0.39674118984463813,1,0.5394277572631836,0.9993021632937893,1432,0.9999999403953552,1.0,0.5970435648458983,0.9944608567208272,111.50318908691406,1.0,0.5423310399055481,0.9988921713441654,0.5423310399055481,0.9988921713441654,0.03824695572257042,0.9964339733123779,1.0,0.9999999403953552
GCN,125,1866,3,1,2,-4.071136951446533,3.11053466796875,7.181671619415283,0.8660253286361694,0.050968583673238754,-0.04301592335104942,0.5212199091911316,0.16644784808158875,0.563849943160288,1,0.5387299060821533,0.9993021632937893,1432,0.9999999403953552,1.0,0.521760446002469,0.9863367799113737,96.61087036132812,1.0,0.4699355363845825,0.9981536189069424,0.4699355363845825,0.9981536189069424,0.05096858739852905,0.9936164617538452,1.0,0.9999999403953552
GCN,125,1870,3,1,4,-3.9152705669403076,2.684004783630371,6.599275350570679,0.7499998807907104,0.035886626690626144,0.02172718569636345,0.5959711670875549,0.06076151505112648,0.20121258052292534,0,0.5401256084442139,0.9993021632937893,1432,0.9999999403953552,1.0,0.591560895850117,0.9944608567208272,111.39196014404297,1.0,0.5404190421104431,0.9988921713441654,0.5404190421104431,0.9988921713441654,0.035886626690626144,0.996773362159729,1.0,0.9999999403953552
GCN,125,1872,3,1,1,-2.61037015914917,4.637038230895996,7.247408390045166,0.9486831426620483,0.06322353333234787,0.04732836037874222,0.4720216989517212,0.09417866915464401,0.2737779461917393,0,0.5387299060821533,0.9993021632937893,1432,0.9999999403953552,1.0,0.4785500650273714,0.9756277695716395,88.75654602050781,1.0,0.4296789765357971,0.9959379615952733,0.4296789765357971,0.9959379615952733,0.06322353333234787,0.9900054931640625,1.0,0.9999999403953552
GCN,125,1878,5,1,3,-1.7846124172210693,3.5926265716552734,5.377238988876343,0.8017836213111877,0.03861081600189209,0.042204052209854126,0.5567042231559753,0.0370568186044693,0.10837438423645321,0,0.5401256084442139,0.9993021632937893,1432,1.0,1.0,0.5541242506769519,0.990029542097489,104.08245086669922,1.0,0.5054178833961487,0.9985228951255539,0.5054178833961487,0.9985228951255539,0.03861081972718239,0.9962583780288696,1.0,1.0
GCN,125,1879,5,1,4,-0.23057711124420166,3.73056697845459,3.9611440896987915,0.7499998807907104,0.02803421951830387,0.03146898001432419,0.5950854420661926,0.03772542625665665,0.10837438423645321,0,0.5394277572631836,0.9993021632937893,1432,0.9999999403953552,1.0,0.5900590263759828,0.9944608567208272,111.65972137451172,1.0,0.5415403246879578,0.9988921713441654,0.5415403246879578,0.9988921713441654,0.02803421951830387,0.9980272054672241,1.0,0.9999999403953552
GCN,125,1881,5,1,5,-4.540543079376221,2.1653523445129395,6.70589542388916,0.7071066498756409,0.03032173030078411,-0.0012513212859630585,0.6326944231987,0.04316997155547142,0.1110269041303524,0,0.5380321145057678,0.9993021632937893,1432,1.0,1.0,0.6248629896669832,0.9948301329394387,118.07501220703125,1.0,0.5728126764297485,0.9992614475627769,0.5728126764297485,0.9992614475627769,0.03032173402607441,0.997700572013855,1.0,1.0
GCN,125,1891,4,1,3,-1.744152545928955,4.8756890296936035,6.619841575622559,0.8017836213111877,0.03477390855550766,0.058920614421367645,0.5557870864868164,0.034509606659412384,0.10837438423645321,0,0.5373342633247375,0.9993021632937893,1432,1.0,1.0,0.554275117625905,0.990029542097489,104.09085845947266,1.0,0.5056125521659851,0.9985228951255539,0.5056125521659851,0.9985228951255539,0.03477390855550766,0.9969611763954163,1.0,1.0
GCN,125,1899,5,1,5,-2.106049060821533,4.117587566375732,6.223636627197266,0.7071066498756409,0.03274163976311684,0.05630301684141159,0.630276620388031,-0.00837726704776287,0.0,0,0.5394277572631836,0.9993021632937893,1432,1.0,1.0,0.6219140639567778,0.9944608567208272,117.94772338867188,1.0,0.5701673030853271,0.9988921713441654,0.5701673030853271,0.9988921713441654,0.032741643488407135,0.997306227684021,1.0,1.0
GCN,125,1901,5,1,6,-4.201268196105957,1.9139456748962402,6.115213871002197,0.6708203554153442,0.02412213571369648,0.04544847458600998,0.6646654009819031,-0.026418369263410568,0.0,0,0.5415212512016296,0.9993021632937893,1432,0.9999999403953552,1.0,0.6545693129242574,0.9951994091580503,124.38027954101562,1.0,0.6028486490249634,0.9996307237813885,0.6028486490249634,0.9996307237813885,0.02412213757634163,0.9985385537147522,1.0,0.9999999403953552
GCN,125,1904,5,1,3,-3.562666416168213,2.6386704444885254,6.201336860656738,0.8017836213111877,0.03409658744931221,0.07379406690597534,0.5551378130912781,0.025484077632427216,0.10837438423645321,0,0.5387299060821533,0.9993021632937893,1432,0.9999999403953552,1.0,0.5519202069335972,0.990029542097489,104.07715606689453,1.0,0.5044134855270386,0.9985228951255539,0.5044134855270386,0.9985228951255539,0.03409658744931221,0.9970775842666626,1.0,0.9999999403953552
GCN,125,1906,4,1,5,-1.4700502157211304,4.77974271774292,6.24979293346405,0.7071066498756409,0.022715983912348747,-0.021643679589033127,0.6326969265937805,0.05969852954149246,0.19950738916256158,0,0.5415212512016296,0.9993021632937893,1432,0.9999999403953552,1.0,0.6241681046165876,0.9948301329394387,118.23736572265625,1.0,0.5729002952575684,0.9992614475627769,0.5729002952575684,0.9992614475627769,0.022715983912348747,0.9987107515335083,1.0,0.9999999403953552
GCN,125,1909,0,1,6,0.31159305572509766,5.0804033279418945,4.768810272216797,0.6708203554153442,0.02229304611682892,-0.06753230094909668,0.668395459651947,0.035389237105846405,0.10837438423645321,0,0.5429169535636902,0.9993021632937893,1432,0.9999999403953552,1.0,0.6581111356935881,0.9955686853766618,124.60211944580078,1.0,0.6050686240196228,0.9996307237813885,0.6050686240196228,0.9996307237813885,0.02229304425418377,0.9987688660621643,1.0,0.9999999403953552
GCN,125,1911,5,1,4,-0.39895498752593994,3.967597484588623,4.366552472114563,0.7499998807907104,0.03258530795574188,0.005341693758964539,0.5964401960372925,-0.0026467759162187576,0.0,0,0.5394277572631836,0.9993021632937893,1432,0.9999999403953552,1.0,0.5901714702943249,0.9944608567208272,111.95833587646484,1.0,0.5426144003868103,0.9988921713441654,0.5426144003868103,0.9988921713441654,0.03258530795574188,0.9973433613777161,1.0,0.9999999403953552
GCN,125,1913,0,1,4,1.7975623607635498,5.5141706466674805,3.7166082859039307,0.7499998807907104,0.026215925812721252,-0.08401188999414444,0.5990378856658936,0.10980787128210068,0.367942402425161,1,0.5408234596252441,0.9993021632937893,1432,0.9999999403953552,1.0,0.5922354907717821,0.9944608567208272,111.87081146240234,1.0,0.5435192584991455,0.9988921713441654,0.5435192584991455,0.9988921713441654,0.0262159276753664,0.9983081817626953,1.0,0.9999999403953552
GCN,125,1916,6,1,3,-0.2979886531829834,3.800762176513672,4.098750829696655,0.8017836213111877,0.0381162203848362,0.03096376731991768,0.5572113394737244,0.036644548177719116,0.10837438423645321,0,0.5415212512016296,0.9993021632937893,1432,0.9999999403953552,1.0,0.5518645596839715,0.990029542097489,104.4161605834961,1.0,0.5071753859519958,0.9985228951255539,0.5071753859519958,0.9985228951255539,0.038116224110126495,0.9963574409484863,1.0,0.9999999403953552
GCN,125,1918,6,1,2,-0.4522380828857422,4.039350509643555,4.491588592529297,0.8660253286361694,0.09712883830070496,0.04396720230579376,0.5225831270217896,0.16868004202842712,0.5744600227358848,1,0.5429169535636902,0.9993021632937893,1432,0.9999999403953552,1.0,0.5244824242388096,0.9863367799113737,97.03356170654297,1.0,0.4739491641521454,0.9981536189069424,0.4739491641521454,0.9981536189069424,0.09712882339954376,0.9767441153526306,1.0,0.9999999403953552
GCN,125,1920,0,1,6,-0.3049488067626953,2.949873924255371,3.2548227310180664,0.6708203554153442,0.023431699723005295,-0.006774112582206726,0.6664808392524719,0.011997136287391186,0.10837438423645321,0,0.5394277572631836,0.9993021632937893,1432,0.9999999403953552,1.0,0.6522099477636306,0.9951994091580503,124.59063720703125,1.0,0.6037996411323547,0.9996307237813885,0.6037996411323547,0.9996307237813885,0.023431701585650444,0.9986258149147034,1.0,0.9999999403953552
GCN,125,1925,0,1,3,0.23791289329528809,5.2174787521362305,4.979565858840942,0.8017836213111877,0.033570628613233566,-0.023099318146705627,0.5591896772384644,0.09464713931083679,0.27453580901856767,0,0.5394277572631836,0.9993021632937893,1432,0.9999999403953552,1.0,0.5568273666080804,0.9918759231905465,104.73820495605469,1.0,0.5084202885627747,0.9985228951255539,0.5084202885627747,0.9985228951255539,0.033570628613233566,0.9971944093704224,1.0,0.9999999403953552
GCN,125,1931,3,1,3,-2.8906302452087402,4.037352561950684,6.927982807159424,0.8017836213111877,0.02676834538578987,0.01431785337626934,0.5571765899658203,0.06517559289932251,0.20651762031072377,0,0.5408234596252441,0.9993021632937893,1432,0.9999999403953552,1.0,0.5557222788371072,0.9911373707533235,104.1294937133789,1.0,0.5060044527053833,0.9985228951255539,0.5060044527053833,0.9985228951255539,0.02676834538578987,0.9982035160064697,1.0,0.9999999403953552
GCN,125,1932,3,1,3,-3.030571937561035,3.8707261085510254,6.9012980461120605,0.8017836213111877,0.037597812712192535,0.04962431639432907,0.5563016533851624,-0.0008235364221036434,0.0,0,0.5401256084442139,0.9993021632937893,1432,0.9999999403953552,1.0,0.553906522247721,0.990029542097489,104.01637268066406,1.0,0.5056007504463196,0.9985228951255539,0.5056007504463196,0.9985228951255539,0.037597812712192535,0.9964497089385986,1.0,0.9999999403953552
GCN,125,1936,3,1,5,-3.6248984336853027,2.3899903297424316,6.014888763427734,0.7071066498756409,0.024816513061523438,0.0302499420940876,0.6310999989509583,0.07237841188907623,0.21163319439181508,0,0.5415212512016296,0.9993021632937893,1432,1.0,1.0,0.6235224185559645,0.9944608567208272,117.92829895019531,1.0,0.5727984309196472,0.9992614475627769,0.5727984309196472,0.9992614475627769,0.024816516786813736,0.9984539151191711,1.0,1.0
GCN,125,1938,3,1,1,-3.41853928565979,3.9548652172088623,7.373404502868652,0.9486831426620483,0.09287750720977783,0.02358304336667061,0.4782710671424866,0.16474227607250214,0.5625236832133383,1,0.5387299060821533,0.9993021632937893,1432,0.9999999403953552,1.0,0.48286337476418695,0.9763663220088626,89.62487030029297,1.0,0.43336835503578186,0.9963072378138847,0.43336835503578186,0.9963072378138847,0.09287750720977783,0.9788368940353394,1.0,0.9999999403953552
GCN,125,1942,3,1,3,-3.2319791316986084,4.076406002044678,7.308385133743286,0.8017836213111877,0.03432358801364899,-0.0457209087908268,0.5602453947067261,0.12675365805625916,0.41114058355437666,1,0.5401256084442139,0.9993021632937893,1432,0.9999999403953552,1.0,0.5572375660480747,0.9918759231905465,104.21741485595703,1.0,0.5084763169288635,0.9985228951255539,0.5084763169288635,0.9985228951255539,0.03432358801364899,0.9970824718475342,1.0,0.9999999403953552
GCN,125,1947,3,1,4,-5.161349296569824,1.1600010395050049,6.321350336074829,0.7499998807907104,0.028092721477150917,-0.01148842740803957,0.5966947674751282,0.05368536710739136,0.18226600985221675,0,0.5408234596252441,0.9993021632937893,1432,0.9999999403953552,1.0,0.5918746746026085,0.9944608567208272,111.44911193847656,1.0,0.5407363176345825,0.9988921713441654,0.5407363176345825,0.9988921713441654,0.02809271775186062,0.998028039932251,1.0,0.9999999403953552
GCN,125,1959,5,1,5,-5.2104363441467285,1.1210694313049316,6.33150577545166,0.7071066498756409,0.02964317798614502,0.03298863023519516,0.6311951279640198,0.01840246468782425,0.10837438423645321,0,0.5394277572631836,0.9993021632937893,1432,1.0,1.0,0.6232302165757145,0.9944608567208272,117.9605941772461,1.0,0.571533203125,0.9992614475627769,0.571533203125,0.9992614475627769,0.02964317612349987,0.9977943897247314,1.0,1.0
GCN,125,1961,5,1,3,-3.859095811843872,3.4364407062530518,7.295536518096924,0.8017836213111877,0.03412124142050743,0.009488888084888458,0.5578752160072327,0.010873580351471901,0.10837438423645321,0,0.5373342633247375,0.9993021632937893,1432,0.9999999403953552,1.0,0.5541642635933919,0.990029542097489,104.22003936767578,1.0,0.5056377053260803,0.9985228951255539,0.5056377053260803,0.9985228951255539,0.03412124142050743,0.9970864057540894,1.0,0.9999999403953552
GCN,125,1962,5,1,3,-3.1231141090393066,3.189948558807373,6.31306266784668,0.8017836213111877,0.0409243181347847,-0.05710331350564957,0.561883807182312,0.11473492532968521,0.3874573702159909,1,0.5366364121437073,0.9993021632937893,1432,0.9999999403953552,1.0,0.5591406912201984,0.992245199409158,104.62223815917969,1.0,0.5077466368675232,0.9985228951255539,0.5077466368675232,0.9985228951255539,0.0409243181347847,0.9958789944648743,1.0,0.9999999403953552
GCN,125,1969,4,1,3,-3.096642017364502,5.126145839691162,8.222787857055664,0.8017836213111877,0.042418546974658966,0.029963985085487366,0.5575817227363586,0.05586126446723938,0.19268662372110648,0,0.5415212512016296,0.9993021632937893,1432,1.0,1.0,0.5562854369801894,0.9911373707533235,104.26426696777344,1.0,0.5076009035110474,0.9985228951255539,0.5076009035110474,0.9985228951255539,0.042418546974658966,0.9954924583435059,1.0,1.0
GCN,125,1972,6,1,3,-0.8993817567825317,2.783812999725342,3.6831947565078735,0.8017836213111877,0.03172735869884491,-0.019940689206123352,0.5588448643684387,0.06398002803325653,0.20500189465706706,0,0.5422191023826599,0.9993021632937893,1432,1.0,1.0,0.553589284406713,0.990029542097489,104.18424987792969,1.0,0.5056633949279785,0.9985228951255539,0.5056633949279785,0.9985228951255539,0.03172735869884491,0.9974908828735352,1.0,1.0
GCN,125,1977,3,1,2,0.22291994094848633,4.012351989746094,3.7894320487976074,0.8660253286361694,0.04147058352828026,-0.02392887882888317,0.5187207460403442,0.1137896478176117,0.38044713906782873,1,0.5401256084442139,0.9993021632937893,1432,0.9999999403953552,1.0,0.5178616592839799,0.9859675036927622,96.74506378173828,1.0,0.4676879644393921,0.9981536189069424,0.4676879644393921,0.9981536189069424,0.04147058352828026,0.9957321882247925,1.0,0.9999999403953552
GCN,125,1983,0,1,4,0.10824131965637207,4.9233198165893555,4.815078496932983,0.7499998807907104,0.02255108952522278,-0.011626019142568111,0.5961959362030029,0.019452771171927452,0.10837438423645321,0,0.5401256084442139,0.9993021632937893,1432,0.9999999403953552,1.0,0.5909052764079212,0.9944608567208272,111.54837036132812,1.0,0.5411664843559265,0.9988921713441654,0.5411664843559265,0.9988921713441654,0.02255108952522278,0.998727560043335,1.0,0.9999999403953552
GCN,125,1996,3,0,5,-7.949801445007324,-1.6649727821350098,6.2848286628723145,0.7071066498756409,0.035515155643224716,-0.03600086271762848,0.6349810361862183,0.052525900304317474,0.1733611216369837,0,0.5436148047447205,0.9993021632937893,1432,1.0,1.0,0.6277595871026543,0.9948301329394387,117.94978332519531,1.0,0.5717263221740723,0.9992614475627769,0.5717263221740723,0.9992614475627769,0.03551516309380531,0.9968708157539368,1.0,1.0
GCN,125,2004,3,1,4,-5.241435527801514,1.4157381057739258,6.6571736335754395,0.7499998807907104,0.029339486733078957,0.023762010037899017,0.5954439043998718,0.03255557641386986,0.10837438423645321,0,0.5394277572631836,0.9993021632937893,1432,0.9999999403953552,1.0,0.5906862973895296,0.9944608567208272,111.14285278320312,1.0,0.5397369861602783,0.9988921713441654,0.5397369861602783,0.9988921713441654,0.029339492321014404,0.9978408217430115,1.0,0.9999999403953552
GCN,125,2006,3,1,3,-5.706159591674805,1.395545244216919,7.101704835891724,0.8017836213111877,0.043684832751750946,0.012711998075246811,0.5586239695549011,0.047738637775182724,0.13793103448275862,0,0.5373342633247375,0.9993021632937893,1432,0.9999999403953552,1.0,0.5557032405403196,0.9911373707533235,104.03372192382812,1.0,0.5041838884353638,0.9985228951255539,0.5041838884353638,0.9985228951255539,0.043684836477041245,0.9952329397201538,1.0,0.9999999403953552
GCN,125,2010,0,1,4,0.3226536512374878,3.7552428245544434,3.4325891733169556,0.7499998807907104,0.028498560190200806,0.010068564675748348,0.5959177613258362,0.051864881068468094,0.1724137931034483,0,0.5401256084442139,0.9993021632937893,1432,0.9999999403953552,1.0,0.5907473180147395,0.9944608567208272,111.53141021728516,1.0,0.5401709675788879,0.9988921713441654,0.5401709675788879,0.9988921713441654,0.028498562052845955,0.9979652166366577,1.0,0.9999999403953552
GCN,125,2011,3,1,3,-1.4023263454437256,4.609759330749512,6.012085676193237,0.8017836213111877,0.028305912390351295,0.05347726121544838,0.5558846592903137,0.015913721174001694,0.10837438423645321,0,0.5401256084442139,0.9993021632937893,1432,0.9999999403953552,1.0,0.5532423724628235,0.990029542097489,103.77015686035156,1.0,0.5046725869178772,0.9985228951255539,0.5046725869178772,0.9985228951255539,0.028305912390351295,0.9979870319366455,1.0,0.9999999403953552
GCN,125,2014,3,1,2,0.6545544862747192,4.645439624786377,3.9908851385116577,0.8660253286361694,0.04926475137472153,0.059921734035015106,0.5150918960571289,0.03415583074092865,0.10837438423645321,0,0.5401256084442139,0.9993021632937893,1432,0.9999999403953552,1.0,0.5163125165166553,0.9844903988183161,96.71380615234375,1.0,0.46799665689468384,0.9981536189069424,0.46799665689468384,0.9981536189069424,0.049264755100011826,0.9939050078392029,1.0,0.9999999403953552
GCN,125,2015,6,1,3,0.6421542167663574,4.1820855140686035,3.539931297302246,0.8017836213111877,0.027811937034130096,0.019382208585739136,0.5570619106292725,-0.001367121934890747,0.0,0,0.5415212512016296,0.9993021632937893,1432,0.9999999403953552,1.0,0.5543819983125573,0.990029542097489,104.21387481689453,1.0,0.5053616762161255,0.9985228951255539,0.5053616762161255,0.9985228951255539,0.027811937034130096,0.9980600476264954,1.0,0.9999999403953552
GCN,125,2019,0,1,2,-0.06262564659118652,3.1077325344085693,3.170358180999756,0.8660253286361694,0.0535748191177845,-0.06009216979146004,0.5227386951446533,0.16604875028133392,0.563849943160288,1,0.5408234596252441,0.9993021632937893,1432,0.9999999403953552,1.0,0.5194665108406253,0.9863367799113737,96.6029281616211,1.0,0.4705585241317749,0.9981536189069424,0.4705585241317749,0.9981536189069424,0.0535748153924942,0.9929981231689453,1.0,0.9999999403953552
GCN,125,2038,3,1,2,-2.0883936882019043,5.51253604888916,7.6009297370910645,0.8660253286361694,0.05329085513949394,0.04052988812327385,0.516539454460144,0.07672583311796188,0.21674876847290642,0,0.5373342633247375,0.9993021632937893,1432,0.9999999403953552,1.0,0.5173910414666674,0.9859675036927622,96.46751403808594,1.0,0.47076416015625,0.9981536189069424,0.47076416015625,0.9981536189069424,0.053290851414203644,0.992890477180481,1.0,0.9999999403953552
GCN,125,2043,4,1,2,-2.002192497253418,5.158299922943115,7.160492420196533,0.8660253286361694,0.05481059476733208,-0.0380711555480957,0.5216188430786133,0.13968975841999054,0.4571807502841986,1,0.5401256084442139,0.9993021632937893,1432,0.9999999403953552,1.0,0.5203733288373648,0.9863367799113737,96.78813934326172,1.0,0.47138282656669617,0.9981536189069424,0.47138282656669617,0.9981536189069424,0.05481058731675148,0.9926224946975708,1.0,0.9999999403953552
GCN,125,2045,1,1,32,-2.908792734146118,0.8114941120147705,3.7202868461608887,0.35355332493782043,0.008514123037457466,0.01592680625617504,1.2622179985046387,0.013214020058512688,0.10837438423645321,0,0.5415212512016296,0.9993021632937893,1432,1.0,1.0,1.2349603448130646,1.0,235.95660400390625,1.0,1.140720248222351,1.0,1.140720248222351,1.0,0.008514130488038063,0.999817967414856,1.0,1.0
GCN,125,2051,0,1,3,1.1123108863830566,4.570590972900391,3.458280086517334,0.8017836213111877,0.03236551210284233,0.023889001458883286,0.5571526885032654,0.04868166893720627,0.14153088291019325,0,0.5373342633247375,0.9993021632937893,1432,0.9999999403953552,1.0,0.5540630694287983,0.990029542097489,104.11051177978516,1.0,0.5051290988922119,0.9985228951255539,0.5051290988922119,0.9985228951255539,0.03236551210284233,0.9973733425140381,1.0,1.0
GCN,125,2054,0,1,9,3.1375322341918945,6.1360344886779785,2.998502254486084,0.588348388671875,0.016404272988438606,0.0191821102052927,0.758568525314331,0.00925852544605732,0.10837438423645321,0,0.5408234596252441,0.9993021632937893,1432,0.9999999403953552,1.0,0.7441585268285281,1.0,142.1250762939453,1.0,0.6885823011398315,1.0,0.6885823011398315,1.0,0.016404271125793457,0.9993244409561157,1.0,0.9999999403953552
GCN,125,2055,0,1,4,1.1537203788757324,6.131555557250977,4.977835178375244,0.7499998807907104,0.027869442477822304,0.08795495331287384,0.5929758548736572,-0.02610902115702629,0.0,0,0.5415212512016296,0.9993021632937893,1432,0.9999999403953552,1.0,0.5883732332454727,0.9944608567208272,111.48385620117188,1.0,0.5408706665039062,0.9988921713441654,0.5408706665039062,0.9988921713441654,0.027869442477822304,0.9980497360229492,1.0,0.9999999403953552
GCN,125,2058,5,1,3,-3.615955352783203,3.3715312480926514,6.9874866008758545,0.8017836213111877,0.05248594656586647,0.008725482039153576,0.55992192029953,0.10634095966815948,0.3560060629026146,1,0.5394277572631836,0.9993021632937893,1432,0.9999999403953552,1.0,0.5562254043027606,0.9911373707533235,104.5187759399414,1.0,0.5081707835197449,0.9985228951255539,0.5081707835197449,0.9985228951255539,0.05248593911528587,0.99314284324646,1.0,0.9999999403953552
GCN,125,2059,0,1,6,1.5218545198440552,5.273384094238281,3.751529574394226,0.6708203554153442,0.024539893493056297,-0.027475537732243538,0.6673360466957092,0.002991187386214733,0.10837438423645321,0,0.5408234596252441,0.9993021632937893,1432,0.9999999403953552,1.0,0.6564511717398921,0.9955686853766618,124.67369842529297,1.0,0.6041793823242188,0.9996307237813885,0.6041793823242188,0.9996307237813885,0.02453988790512085,0.9984974265098572,1.0,0.9999999403953552
GCN,125,2071,2,1,8,0.4708874225616455,3.6426761150360107,3.1717886924743652,0.6123723983764648,0.02076598070561886,-0.012232266366481781,0.7300333380699158,0.05137210339307785,0.16729821902235695,0,0.5415212512016296,0.9993021632937893,1432,0.9999999403953552,1.0,0.7162689426839834,1.0,136.35142517089844,1.0,0.6603544354438782,1.0,0.6603544354438782,1.0,0.020765982568264008,0.998920738697052,1.0,0.9999999403953552
GCN,125,2072,0,1,3,2.3267927169799805,6.129477024078369,3.8026843070983887,0.8017836213111877,0.03359357640147209,0.1254841387271881,0.5529605746269226,-0.03943084180355072,0.0,0,0.5408234596252441,0.9993021632937893,1432,0.9999999403953552,1.0,0.5513789673971455,0.990029542097489,104.34114074707031,1.0,0.5047977566719055,0.9985228951255539,0.5047977566719055,0.9985228951255539,0.03359358012676239,0.997170627117157,1.0,0.9999999403953552
GCN,125,2075,3,1,8,-3.463507652282715,2.498929262161255,5.96243691444397,0.6123723983764648,0.019943196326494217,0.011616289615631104,0.729179859161377,-0.013581406325101852,0.0,0,0.5387299060821533,0.9993021632937893,1432,0.9999999403953552,1.0,0.7155496416018651,1.0,136.27076721191406,1.0,0.6604784727096558,1.0,0.6604784727096558,1.0,0.019943196326494217,0.99900221824646,1.0,0.9999999403953552
GCN,125,2082,1,1,2,-2.1637794971466064,3.67829966545105,5.842079162597656,0.8660253286361694,0.09021378308534622,0.03385237231850624,0.5223156809806824,0.16583949327468872,0.563849943160288,1,0.5380321145057678,0.9993021632937893,1432,0.9999999403953552,1.0,0.5245816834867962,0.9863367799113737,97.1030502319336,1.0,0.4723963737487793,0.9981536189069424,0.4723963737487793,0.9981536189069424,0.09021378308534622,0.9799335598945618,1.0,0.9999999403953552
GCN,125,2087,1,1,2,-2.3152804374694824,2.4848859310150146,4.800166368484497,0.8660253286361694,0.04726164788007736,0.04534565657377243,0.515775740146637,0.0692886933684349,0.20954907161803712,0,0.5380321145057678,0.9993021632937893,1432,0.9999999403953552,1.0,0.5156587242888715,0.9844903988183161,96.82579040527344,1.0,0.47000157833099365,0.9981536189069424,0.47000157833099365,0.9981536189069424,0.047261644154787064,0.9943981170654297,1.0,0.9999999403953552
GCN,125,2096,1,1,6,-2.1075069904327393,2.7645862102508545,4.872093200683594,0.6708203554153442,0.022502277046442032,0.02238762564957142,0.6654229164123535,0.002469157800078392,0.10837438423645321,0,0.5415212512016296,0.9993021632937893,1432,0.9999999403953552,1.0,0.6555399913969702,0.9955686853766618,124.43601989746094,1.0,0.6032475233078003,0.9996307237813885,0.6032475233078003,0.9996307237813885,0.02250228077173233,0.9987291097640991,1.0,0.9999999403953552
GCN,125,2105,5,1,2,0.1245276927947998,5.106965065002441,4.982437372207642,0.8660253286361694,0.04772282764315605,0.0793224573135376,0.5139341354370117,0.01690927892923355,0.10837438423645321,0,0.5380321145057678,0.9993021632937893,1432,0.9999999403953552,1.0,0.5152865368263417,0.9844903988183161,96.91459655761719,1.0,0.4694930613040924,0.9981536189069424,0.4694930613040924,0.9981536189069424,0.04772283136844635,0.9942713379859924,1.0,0.9999999403953552
GCN,125,2107,1,1,4,-1.2060918807983398,3.908188819885254,5.114280700683594,0.7499998807907104,0.02664438635110855,0.02203948423266411,0.5953651666641235,0.031198017299175262,0.10837438423645321,0,0.5429169535636902,0.9993021632937893,1432,0.9999999403953552,1.0,0.5885152191926384,0.9944608567208272,111.25544738769531,1.0,0.5392866134643555,0.9988921713441654,0.5392866134643555,0.9988921713441654,0.02664438635110855,0.9982190132141113,1.0,0.9999999403953552
GCN,125,2113,2,1,6,-2.563180685043335,3.8447628021240234,6.407943487167358,0.6708203554153442,0.02168797142803669,0.0542801171541214,0.6643581986427307,-0.03080682083964348,0.0,0,0.5415212512016296,0.9993021632937893,1432,0.9999999403953552,1.0,0.6547658805086553,0.9955686853766618,124.32247161865234,1.0,0.6013065576553345,0.9996307237813885,0.6013065576553345,0.9996307237813885,0.02168797142803669,0.9988186359405518,1.0,0.9999999403953552
GCN,125,2120,4,1,5,-2.120603561401367,4.313657760620117,6.434261322021484,0.7071066498756409,0.03176763281226158,0.10781203210353851,0.6279328465461731,-0.047353874891996384,0.0,0,0.5394277572631836,0.9993021632937893,1432,0.9999999403953552,1.0,0.6207696560925129,0.9944608567208272,118.04023742675781,1.0,0.5716709494590759,0.9992614475627769,0.5716709494590759,0.9992614475627769,0.03176763281226158,0.997467041015625,1.0,0.9999999403953552
GCN,125,2122,4,1,10,-3.820280075073242,2.680849075317383,6.501129150390625,0.5669466257095337,0.015233490616083145,0.018464138731360435,0.7871895432472229,0.014035328291356564,0.10837438423645321,0,0.5401256084442139,0.9993021632937893,1432,1.0,1.0,0.7717650856493627,1.0,147.1422882080078,1.0,0.7130753397941589,1.0,0.7130753397941589,1.0,0.015233488753437996,0.9994174838066101,1.0,1.0
GCN,125,2130,4,1,12,-4.05293607711792,2.6530327796936035,6.705968856811523,0.5303300619125366,0.021718839183449745,0.08495903015136719,0.8390945196151733,0.006931147538125515,0.10837438423645321,0,0.5422191023826599,0.9993021632937893,1432,0.9999999403953552,1.0,0.8215845327227015,1.0,157.2773895263672,1.0,0.7607622742652893,1.0,0.7607622742652893,1.0,0.02171884849667549,0.9988168478012085,1.0,0.9999999403953552
GCN,125,2131,0,1,3,1.4569759368896484,5.2690348625183105,3.812058925628662,0.8017836213111877,0.034073006361722946,-0.027989111840724945,0.5594581365585327,0.08485573530197144,0.2277377794619174,0,0.5415212512016296,0.9993021632937893,1432,0.9999999403953552,1.0,0.5574427129623843,0.9918759231905465,104.541259765625,1.0,0.5080922245979309,0.9985228951255539,0.5080922245979309,0.9985228951255539,0.034073006361722946,0.9971131682395935,1.0,0.9999999403953552
GCN,125,2139,3,1,4,-5.944612979888916,0.29471349716186523,6.239326477050781,0.7499998807907104,0.0377153716981411,0.027195550501346588,0.5958444476127625,0.05098830908536911,0.16331943918150815,0,0.5373342633247375,0.9993021632937893,1432,0.9999999403953552,1.0,0.5914818961016348,0.9944608567208272,111.33916473388672,1.0,0.540789783000946,0.9988921713441654,0.540789783000946,0.9988921713441654,0.0377153716981411,0.9964349269866943,1.0,0.9999999403953552
GCN,125,2141,3,0,4,-6.956512451171875,-0.12145781517028809,6.835054636001587,0.7499998807907104,0.04076368361711502,0.015062475576996803,0.5967488884925842,0.10486699640750885,0.3446381205001895,1,0.5380321145057678,0.9993021632937893,1432,0.9999999403953552,1.0,0.5923929768893623,0.9944608567208272,111.39118194580078,1.0,0.5405452847480774,0.9988921713441654,0.5405452847480774,0.9988921713441654,0.04076367989182472,0.9958445429801941,1.0,0.9999999403953552
GCN,125,2153,4,1,3,0.4212421774864197,4.555514812469482,4.134272634983063,0.8017836213111877,0.034706272184848785,0.013909034430980682,0.5577335357666016,0.08255241066217422,0.2233800682076544,0,0.5408234596252441,0.9993021632937893,1432,0.9999999403953552,1.0,0.5535982747314283,0.990029542097489,104.46105194091797,1.0,0.5070128440856934,0.9985228951255539,0.5070128440856934,0.9985228951255539,0.03470626845955849,0.9969843626022339,1.0,0.9999999403953552
GCN,125,2156,0,1,4,0.6722999811172485,4.057332992553711,3.3850330114364624,0.7499998807907104,0.028042687103152275,-0.015737270936369896,0.5968482494354248,0.07921971380710602,0.22034861690034105,0,0.5415212512016296,0.9993021632937893,1432,0.9999999403953552,1.0,0.5902874269507118,0.9944608567208272,111.51130676269531,1.0,0.5404924750328064,0.9988921713441654,0.5404924750328064,0.9988921713441654,0.028042688965797424,0.9980363249778748,1.0,0.9999999403953552
GCN,125,2157,6,1,5,-1.9651525020599365,1.4094924926757812,3.3746449947357178,0.7071066498756409,0.02939080260694027,0.03605886548757553,0.6310557126998901,0.01678478717803955,0.10837438423645321,0,0.5373342633247375,0.9993021632937893,1432,1.0,0.9999999403953552,0.6232105386959427,0.9944608567208272,117.66456604003906,1.0,0.5709764361381531,0.9992614475627769,0.5709764361381531,0.9992614475627769,0.029390806332230568,0.9978313446044922,0.9999999403953552,1.0
GCN,125,2158,6,1,1,-1.70283043384552,2.29247784614563,3.99530827999115,0.9486831426620483,0.07506507635116577,0.003388497978448868,0.4768013060092926,0.16333630681037903,0.5604395604395604,1,0.535938560962677,0.9993021632937893,1432,0.9999999403953552,1.0,0.48301376295917003,0.9763663220088626,88.78813171386719,1.0,0.4316079020500183,0.9959379615952733,0.4316079020500183,0.9959379615952733,0.07506506890058517,0.9861341714859009,1.0,0.9999999403953552
GCN,125,2160,6,1,8,-2.026390790939331,1.1867682933807373,3.2131590843200684,0.6123723983764648,0.02421741932630539,0.0030789580196142197,0.7297811508178711,0.0357421338558197,0.10837438423645321,0,0.5387299060821533,0.9993021632937893,1432,0.9999999403953552,1.0,0.7162637833072949,1.0,136.08770751953125,1.0,0.6595834493637085,1.0,0.6595834493637085,1.0,0.024217424914240837,0.9985306859016418,1.0,0.9999999403953552
GCN,125,2164,6,1,3,-2.164332151412964,1.2715799808502197,3.4359121322631836,0.8017836213111877,0.03696797043085098,-0.0009486917406320572,0.5586034655570984,0.08090724050998688,0.22110647972716937,0,0.5408234596252441,0.9993021632937893,1432,1.0,1.0,0.5526732016636441,0.990029542097489,104.26763916015625,1.0,0.5070831179618835,0.9985228951255539,0.5070831179618835,0.9985228951255539,0.03696797415614128,0.9965877532958984,1.0,1.0
GCN,125,2165,6,1,3,-0.8412395715713501,2.8867955207824707,3.728035092353821,0.8017836213111877,0.030789891257882118,-0.02018170803785324,0.5587493181228638,0.08070246130228043,0.2209170140204623,0,0.5380321145057678,0.9993021632937893,1432,1.0,1.0,0.5548443102477931,0.9911373707533235,104.17474365234375,1.0,0.5059738159179688,0.9985228951255539,0.5059738159179688,0.9985228951255539,0.030789891257882118,0.9976364374160767,1.0,0.9999999403953552
GCN,125,2166,5,1,2,-2.8614344596862793,1.9431393146514893,4.8045737743377686,0.8660253286361694,0.08365887403488159,0.03437536209821701,0.521062433719635,0.16148610413074493,0.5492610837438424,1,0.5366364121437073,0.9993021632937893,1432,0.9999999403953552,1.0,0.522272806967041,0.9863367799113737,96.75991821289062,1.0,0.4701736867427826,0.9981536189069424,0.4701736867427826,0.9981536189069424,0.08365887403488159,0.9826852083206177,1.0,0.9999999403953552
GCN,125,2172,0,1,5,3.0339555740356445,6.717404365539551,3.6834487915039062,0.7071066498756409,0.03074590489268303,0.0525779090821743,0.6303969621658325,0.030847983434796333,0.10837438423645321,0,0.5408234596252441,0.9993021632937893,1432,1.0,1.0,0.6224676088155767,0.9944608567208272,118.2822036743164,1.0,0.573445200920105,0.9996307237813885,0.573445200920105,0.9996307237813885,0.03074590303003788,0.9976250529289246,1.0,1.0
GCN,125,2177,3,1,4,0.6325469613075256,3.6635663509368896,3.031019389629364,0.7499998807907104,0.060897283256053925,0.10275810956954956,0.592276930809021,0.03533682972192764,0.10837438423645321,0,0.5401256084442139,0.9993021632937893,1432,0.9999999403953552,1.0,0.5866345900152644,0.9940915805022157,111.19881439208984,1.0,0.541344940662384,0.9988921713441654,0.541344940662384,0.9988921713441654,0.060897279530763626,0.9906585216522217,1.0,0.9999999403953552
GCN,125,2181,0,1,8,3.8417882919311523,7.1563591957092285,3.314570903778076,0.6123723983764648,0.027886126190423965,0.13698479533195496,0.7239992618560791,0.022516636177897453,0.10837438423645321,0,0.5415212512016296,0.9993021632937893,1432,0.9999999403953552,1.0,0.711029214497561,1.0,136.4636993408203,1.0,0.660618007183075,1.0,0.660618007183075,1.0,0.027886128053069115,0.9980572462081909,1.0,0.9999999403953552
GCN,125,2189,0,1,6,0.923770546913147,4.343516826629639,3.4197462797164917,0.6708203554153442,0.02135578729212284,0.0427079014480114,0.6647300720214844,0.06344100832939148,0.2046229632436529,0,0.5408234596252441,0.9993021632937893,1432,0.9999999403953552,1.0,0.6540824880521208,0.9951994091580503,124.4692611694336,1.0,0.6032567024230957,0.9996307237813885,0.6032567024230957,0.9996307237813885,0.02135578729212284,0.9988545179367065,1.0,0.9999999403953552
GCN,125,2195,0,1,4,-0.6265653371810913,2.906853199005127,3.5334185361862183,0.7499998807907104,0.03672810643911362,0.05923417955636978,0.5942013263702393,0.015628408640623093,0.10837438423645321,0,0.5408234596252441,0.9993021632937893,1432,0.9999999403953552,1.0,0.5856437200935348,0.9940915805022157,111.0943603515625,1.0,0.5383424162864685,0.9988921713441654,0.5383424162864685,0.9988921713441654,0.036728110164403915,0.9966100454330444,1.0,0.9999999403953552
GCN,125,2198,0,1,5,2.253586769104004,6.157943248748779,3.9043564796447754,0.7071066498756409,0.023195473477244377,0.11108992993831635,0.628387987613678,-0.0405668281018734,0.0,0,0.5408234596252441,0.9993021632937893,1432,1.0,1.0,0.6210694458242845,0.9944608567208272,118.22235107421875,1.0,0.5730171203613281,0.9992614475627769,0.5730171203613281,0.9992614475627769,0.023195475339889526,0.9986534118652344,1.0,0.9999999403953552
GCN,125,2212,3,1,4,-2.6454920768737793,3.702096939086914,6.347589015960693,0.7499998807907104,0.032489582896232605,0.013928733766078949,0.5960603356361389,0.0627298578619957,0.20367563471011746,0,0.5408234596252441,0.9993021632937893,1432,0.9999999403953552,1.0,0.5901731619660159,0.9944608567208272,111.43115997314453,1.0,0.5419954657554626,0.9988921713441654,0.5419954657554626,0.9988921713441654,0.032489582896232605,0.997356116771698,1.0,0.9999999403953552
GCN,125,2215,3,1,4,-2.9479386806488037,3.734612464904785,6.682551145553589,0.7499998807907104,0.031249022111296654,0.04648016765713692,0.5946096181869507,0.001445351168513298,0.10837438423645321,0,0.5380321145057678,0.9993021632937893,1432,0.9999999403953552,1.0,0.5892895754155082,0.9944608567208272,111.3060302734375,1.0,0.5402237772941589,0.9988921713441654,0.5402237772941589,0.9988921713441654,0.0312490276992321,0.9975472688674927,1.0,0.9999999403953552
GCN,125,2218,1,1,2,-1.4824031591415405,3.882075309753418,5.3644784688949585,0.8660253286361694,0.10057755559682846,0.08906224370002747,0.5180961489677429,0.1310935914516449,0.4226979916635089,1,0.5394277572631836,0.9993021632937893,1432,0.9999999403953552,1.0,0.5190568923876953,0.9863367799113737,96.8796157836914,1.0,0.4735978841781616,0.9981536189069424,0.4735978841781616,0.9981536189069424,0.10057755559682846,0.9747565388679504,1.0,0.9999999403953552
GCN,125,2224,4,1,8,-2.8277394771575928,2.4192934036254883,5.247032880783081,0.6123723983764648,0.0186481773853302,-0.0019520381465554237,0.7295259237289429,0.015978168696165085,0.10837438423645321,0,0.5415212512016296,0.9993021632937893,1432,0.9999999403953552,1.0,0.7158345511192589,1.0,136.37393188476562,1.0,0.6605429649353027,1.0,0.6605429649353027,1.0,0.01864817552268505,0.9991284012794495,1.0,0.9999999403953552
GCN,125,2228,6,1,6,-1.1056344509124756,2.2138917446136475,3.319526195526123,0.6708203554153442,0.02134540118277073,0.15144379436969757,0.6612578630447388,-0.12659373879432678,0.0,0,0.5408234596252441,0.9993021632937893,1432,0.9999999403953552,1.0,0.6507128813551819,0.9951994091580503,123.75923156738281,1.0,0.5989391207695007,0.9996307237813885,0.5989391207695007,0.9996307237813885,0.02134540304541588,0.9988680481910706,0.9999999403953552,1.0
GCN,125,2229,3,1,3,-2.8108396530151367,3.6633236408233643,6.474163293838501,0.8017836213111877,0.04354128986597061,-0.0108870267868042,0.5598844289779663,0.08289968967437744,0.2233800682076544,0,0.5366364121437073,0.9993021632937893,1432,0.9999999403953552,1.0,0.5554557906086347,0.9911373707533235,104.30735778808594,1.0,0.5056481957435608,0.9985228951255539,0.5056481957435608,0.9985228951255539,0.04354129359126091,0.9952855110168457,1.0,0.9999999403953552
GCN,125,2231,0,1,2,-1.7259409427642822,5.041248798370361,6.7671897411346436,0.8660253286361694,0.04434539005160332,-0.015053928829729557,0.5186651945114136,0.08277732133865356,0.2233800682076544,0,0.5401256084442139,0.9993021632937893,1432,0.9999999403953552,1.0,0.5204057718708983,0.9863367799113737,97.15233612060547,1.0,0.4705198109149933,0.9981536189069424,0.4705198109149933,0.9981536189069424,0.04434539005160332,0.9951158165931702,1.0,0.9999999403953552
GCN,125,2232,0,1,3,2.259908676147461,6.219164848327637,3.959256172180176,0.8017836213111877,0.03898737207055092,0.058910779654979706,0.5559123754501343,0.05444753170013428,0.1883289124668435,0,0.5394277572631836,0.9993021632937893,1432,0.9999999403953552,1.0,0.5530721488315296,0.990029542097489,104.42570495605469,1.0,0.508328378200531,0.9985228951255539,0.508328378200531,0.9985228951255539,0.03898737207055092,0.996180534362793,1.0,0.9999999403953552
GCN,125,2235,5,1,3,-4.72203254699707,2.7379491329193115,7.459981679916382,0.8017836213111877,0.043063580989837646,0.013508806005120277,0.5585160851478577,0.07411129772663116,0.21314892004547176,0,0.5387299060821533,0.9993021632937893,1432,0.9999999403953552,1.0,0.5554320482879525,0.9911373707533235,104.38253021240234,1.0,0.5069029927253723,0.9985228951255539,0.5069029927253723,0.9985228951255539,0.04306357353925705,0.9953663349151611,1.0,0.9999999403953552
GCN,125,2249,4,1,6,-3.819917678833008,3.7886617183685303,7.608579397201538,0.6708203554153442,0.019440259784460068,0.030416153371334076,0.6650779247283936,0.09835976362228394,0.3090185676392573,0,0.5415212512016296,0.9993021632937893,1432,0.9999999403953552,1.0,0.6552990426576824,0.9955686853766618,124.37419891357422,1.0,0.6026604175567627,0.9996307237813885,0.6026604175567627,0.9996307237813885,0.01944025792181492,0.9990510940551758,1.0,0.9999999403953552
GCN,125,2264,4,1,1,-0.395346999168396,5.136482238769531,5.531829237937927,0.9486831426620483,0.07057054340839386,-0.07452365756034851,0.48174744844436646,0.21394196152687073,0.7186434255399773,1,0.535938560962677,0.9993021632937893,1432,0.9999999403953552,1.0,0.4822627588950424,0.9763663220088626,89.37389373779297,1.0,0.4358435273170471,0.9963072378138847,0.4358435273170471,0.9963072378138847,0.07057053595781326,0.988073468208313,1.0,0.9999999403953552
GCN,125,2274,0,1,3,-0.693577766418457,3.205643892288208,3.899221658706665,0.8017836213111877,0.03593374043703079,-0.008707080036401749,0.558843731880188,0.0736384242773056,0.21295945433876468,0,0.5415212512016296,0.9993021632937893,1432,1.0,1.0,0.5537481278674166,0.990029542097489,104.31080627441406,1.0,0.5057992935180664,0.9985228951255539,0.5057992935180664,0.9985228951255539,0.03593374043703079,0.9967793226242065,1.0,1.0
GCN,125,2279,2,1,3,-4.5802459716796875,3.19576358795166,7.776009559631348,0.8017836213111877,0.0312647819519043,-0.010754652321338654,0.5584359169006348,0.051322147250175476,0.16729821902235695,0,0.5387299060821533,0.9993021632937893,1432,0.9999999403953552,1.0,0.5549258136569212,0.9911373707533235,104.00077056884766,1.0,0.5055012106895447,0.9985228951255539,0.5055012106895447,0.9985228951255539,0.031264785677194595,0.9975593686103821,1.0,0.9999999403953552
GCN,125,2288,5,1,3,-2.1100757122039795,3.0496392250061035,5.159714937210083,0.8017836213111877,0.040046680718660355,-0.027166996151208878,0.5602397918701172,0.03559742122888565,0.10837438423645321,0,0.5387299060821533,0.9993021632937893,1432,0.9999999403953552,1.0,0.5561928269653843,0.9911373707533235,104.5662841796875,1.0,0.5072550773620605,0.9985228951255539,0.5072550773620605,0.9985228951255539,0.040046680718660355,0.9960207939147949,1.0,0.9999999403953552
GCN,125,2293,0,1,3,-0.3853217363357544,3.459833860397339,3.8451555967330933,0.8017836213111877,0.03955579921603203,0.05153045058250427,0.5562974810600281,0.04767689108848572,0.13793103448275862,0,0.5429169535636902,0.9993021632937893,1432,0.9999999403953552,1.0,0.5530300360588326,0.990029542097489,104.20083618164062,1.0,0.5057826638221741,0.9985228951255539,0.5057826638221741,0.9985228951255539,0.03955579549074173,0.9960702657699585,1.0,0.9999999403953552
GCN,125,2297,4,1,3,-3.2052106857299805,5.101118087768555,8.306328773498535,0.8017836213111877,0.05695796385407448,-0.012847419828176498,0.5620728731155396,-0.010077577084302902,0.0,0,0.5373342633247375,0.9993021632937893,1432,0.9999999403953552,1.0,0.5583696782917663,0.9918759231905465,104.68791198730469,1.0,0.5068361759185791,0.9985228951255539,0.5068361759185791,0.9985228951255539,0.05695796385407448,0.9919822216033936,1.0,0.9999999403953552
GCN,125,2299,4,1,2,-2.5206058025360107,4.352895736694336,6.873501539230347,0.8660253286361694,0.04767318069934845,-0.009117774665355682,0.5187916159629822,0.14283059537410736,0.46854869268662375,1,0.5380321145057678,0.9993021632937893,1432,0.9999999403953552,1.0,0.5170054020073712,0.9859675036927622,97.0810317993164,1.0,0.4686608612537384,0.9981536189069424,0.4686608612537384,0.9981536189069424,0.04767318069934845,0.9943550229072571,1.0,0.9999999403953552
GCN,125,2302,3,1,2,-2.1309094429016113,4.527646064758301,6.658555507659912,0.8660253286361694,0.03836897388100624,-0.007891101762652397,0.5176101922988892,0.09381438791751862,0.2737779461917393,0,0.5394277572631836,0.9993021632937893,1432,0.9999999403953552,1.0,0.5184574934108943,0.9859675036927622,96.49640655517578,1.0,0.469326376914978,0.9981536189069424,0.469326376914978,0.9981536189069424,0.03836897388100624,0.9963302612304688,1.0,0.9999999403953552
GCN,125,2310,3,1,2,-0.5120916366577148,3.300860643386841,3.8129522800445557,0.8660253286361694,0.05637802183628082,0.04811449721455574,0.5163396000862122,0.07070136815309525,0.21049640015157256,0,0.5394277572631836,0.9993021632937893,1432,0.9999999403953552,1.0,0.5153098732885406,0.9844903988183161,96.53400421142578,1.0,0.4671710729598999,0.9981536189069424,0.4671710729598999,0.9981536189069424,0.05637802183628082,0.9920387268066406,1.0,0.9999999403953552
GCN,125,2316,3,1,1,-2.9008965492248535,2.863994598388672,5.764891147613525,0.9486831426620483,0.08433899283409119,0.009481139481067657,0.47795528173446655,0.17894771695137024,0.6074270557029178,1,0.5373342633247375,0.9993021632937893,1432,0.9999999403953552,1.0,0.4819812383937672,0.9763663220088626,88.38691711425781,1.0,0.4277011454105377,0.9948301329394387,0.4277011454105377,0.9948301329394387,0.08433899283409119,0.9825507402420044,1.0,0.9999999403953552
GCN,125,2318,1,1,2,-1.030644178390503,4.953804969787598,5.984449148178101,0.8660253286361694,0.04087688401341438,0.05980466678738594,0.5146993398666382,0.034591466188430786,0.10837438423645321,0,0.5401256084442139,0.9993021632937893,1432,0.9999999403953552,1.0,0.5151435164595181,0.9844903988183161,96.54653930664062,1.0,0.4683740437030792,0.9981536189069424,0.4683740437030792,0.9981536189069424,0.04087688401341438,0.9958013296127319,1.0,0.9999999403953552
GCN,125,2320,3,1,2,-0.779707670211792,5.047641277313232,5.827348947525024,0.8660253286361694,0.0470731146633625,-0.016583936288952827,0.5191152691841125,0.1276836097240448,0.41227737779461915,1,0.5394277572631836,0.9993021632937893,1432,0.9999999403953552,1.0,0.5176973889253913,0.9859675036927622,96.8703842163086,1.0,0.4709087908267975,0.9981536189069424,0.4709087908267975,0.9981536189069424,0.0470731146633625,0.9945045709609985,1.0,0.9999999403953552
GCN,125,2321,0,1,2,1.1489536762237549,5.528201103210449,4.379247426986694,0.8660253286361694,0.04849979281425476,-0.008384115993976593,0.5188615322113037,0.0833871066570282,0.22565365668813944,0,0.5394277572631836,0.9993021632937893,1432,0.9999999403953552,1.0,0.5177680189035503,0.9859675036927622,96.976806640625,1.0,0.4731582701206207,0.9981536189069424,0.4731582701206207,0.9981536189069424,0.04849979281425476,0.9941585063934326,1.0,0.9999999403953552
GCN,125,2330,0,1,3,0.6423864960670471,5.644688129425049,5.002301633358002,0.8017836213111877,0.034849561750888824,-0.008495982736349106,0.5587159991264343,0.09683207422494888,0.29120879120879123,0,0.5415212512016296,0.9993021632937893,1432,0.9999999403953552,1.0,0.554978737466781,0.9911373707533235,104.70281982421875,1.0,0.5071027278900146,0.9985228951255539,0.5071027278900146,0.9985228951255539,0.03484956547617912,0.9969696402549744,1.0,0.9999999403953552
GCN,125,2331,1,1,2,-1.988692283630371,3.1895077228546143,5.178200006484985,0.8660253286361694,0.055538635700941086,0.01980292797088623,0.518074095249176,0.10149997472763062,0.3283440697233801,1,0.5380321145057678,0.9993021632937893,1432,0.9999999403953552,1.0,0.5200038567271628,0.9863367799113737,96.74124145507812,1.0,0.4711742401123047,0.9981536189069424,0.4711742401123047,0.9981536189069424,0.055538635700941086,0.992311954498291,1.0,0.9999999403953552
GCN,125,2337,4,1,1,-3.5707783699035645,5.709762096405029,9.280540466308594,0.9486831426620483,0.08601745963096619,0.015046028420329094,0.47777441143989563,0.14227217435836792,0.46798029556650245,1,0.5394277572631836,0.9993021632937893,1432,0.9999999403953552,1.0,0.4830662520395313,0.9763663220088626,88.64628601074219,1.0,0.4303220808506012,0.9959379615952733,0.4303220808506012,0.9959379615952733,0.08601745963096619,0.981831431388855,1.0,0.9999999403953552
GCN,125,2341,4,1,1,-3.3327465057373047,3.364863395690918,6.697609901428223,0.9486831426620483,0.14220845699310303,0.04139149188995361,0.48781466484069824,0.22464147210121155,0.7444107616521409,1,0.5415212512016296,0.9993021632937893,1432,0.9999999403953552,1.0,0.4887787687512912,0.9763663220088626,88.9213638305664,1.0,0.4329184293746948,0.9963072378138847,0.4329184293746948,0.9963072378138847,0.14220845699310303,0.9517006874084473,1.0,0.9999999403953552
GCN,125,2342,0,1,1,1.032214879989624,4.976099014282227,3.9438841342926025,0.9486831426620483,0.07826709002256393,-0.07135152816772461,0.48340049386024475,0.24913188815116882,0.7910193255020841,1,0.5401256084442139,0.9993021632937893,1432,0.9999999403953552,1.0,0.48214118915602366,0.9763663220088626,89.58171844482422,1.0,0.43509548902511597,0.9963072378138847,0.43509548902511597,0.9963072378138847,0.07826709002256393,0.985403835773468,1.0,0.9999999403953552
GCN,125,2346,3,1,3,-2.7365050315856934,4.15406608581543,6.890571117401123,0.8017836213111877,0.03505385294556618,0.07585549354553223,0.5550518035888672,-0.015869364142417908,0.0,0,0.5394277572631836,0.9993021632937893,1432,0.9999999403953552,1.0,0.5526447021209732,0.990029542097489,104.01219940185547,1.0,0.5050447583198547,0.9985228951255539,0.5050447583198547,0.9985228951255539,0.03505385294556618,0.9969109296798706,1.0,0.9999999403953552
GCN,125,2347,0,1,3,0.8080064058303833,6.03896951675415,5.230963110923767,0.8017836213111877,0.033701181411743164,0.017729979008436203,0.5574946999549866,0.025287985801696777,0.10837438423645321,0,0.5401256084442139,0.9993021632937893,1432,1.0,1.0,0.5546992663357829,0.990029542097489,104.42427062988281,1.0,0.5075415968894958,0.9985228951255539,0.5075415968894958,0.9985228951255539,0.03370118513703346,0.9971545934677124,1.0,1.0
GCN,125,2353,4,1,3,-2.509087562561035,3.824768304824829,6.333855867385864,0.8017836213111877,0.03555407375097275,-0.0013014543801546097,0.558474600315094,0.07565470784902573,0.21580143993937098,0,0.5401256084442139,0.9993021632937893,1432,0.9999999403953552,1.0,0.5554373602173184,0.9911373707533235,104.56288146972656,1.0,0.5070393681526184,0.9985228951255539,0.5070393681526184,0.9985228951255539,0.03555407375097275,0.9968427419662476,1.0,0.9999999403953552
GCN,125,2359,2,0,11,-6.990922451019287,-1.8298985958099365,5.161023855209351,0.5477225184440613,0.024233289062976837,0.006685476750135422,0.8157622814178467,0.017397940158843994,0.10837438423645321,0,0.5436148047447205,0.9993021632937893,1432,0.9999999403953552,1.0,0.7995611059754725,1.0,152.3148956298828,1.0,0.7370882630348206,1.0,0.7370882630348206,1.0,0.024233298376202583,0.9985281825065613,1.0,0.9999999403953552
GCN,125,2365,2,1,7,-6.046298503875732,0.38223886489868164,6.428537368774414,0.6396021246910095,0.03492196649312973,0.015394126996397972,0.6990965604782104,0.05331503972411156,0.18226600985221675,0,0.5380321145057678,0.9993021632937893,1432,0.9999999403953552,1.0,0.6871368793059563,0.9996307237813885,130.6056365966797,1.0,0.6335060000419617,1.0,0.6335060000419617,1.0,0.03492196649312973,0.9969463348388672,1.0,0.9999999403953552
GCN,125,2368,3,1,2,-0.3824092149734497,4.3697004318237305,4.75210964679718,0.8660253286361694,0.05734952166676521,-0.07537257671356201,0.5245254635810852,0.18903370201587677,0.6367942402425161,1,0.5394277572631836,0.9993021632937893,1432,0.9999999403953552,1.0,0.5231890017372045,0.9863367799113737,96.96968078613281,1.0,0.4717448651790619,0.9981536189069424,0.4717448651790619,0.9981536189069424,0.057349517941474915,0.9920440316200256,1.0,0.9999999403953552
GCN,125,2383,4,1,10,-4.595975399017334,2.329266309738159,6.925241708755493,0.5669466257095337,0.02022654376924038,-0.014779461547732353,0.7885616421699524,0.08176729083061218,0.22243273967411897,0,0.5401256084442139,0.9993021632937893,1432,1.0,1.0,0.7737373002201019,1.0,147.24851989746094,1.0,0.7125030159950256,1.0,0.7125030159950256,1.0,0.02022654563188553,0.9989763498306274,1.0,1.0
GCN,125,2384,0,1,1,0.8581552505493164,5.2770233154296875,4.418868064880371,0.9486831426620483,0.0686800554394722,0.007132135331630707,0.4754851758480072,0.15640944242477417,0.53315649867374,1,0.5436148047447205,0.9993021632937893,1432,0.9999999403953552,1.0,0.479813493341767,0.9759970457902511,88.47832489013672,1.0,0.4276755452156067,0.9948301329394387,0.4276755452156067,0.9948301329394387,0.0686800554394722,0.988341748714447,1.0,0.9999999403953552
GCN,125,2389,2,1,2,-3.40895414352417,3.3598291873931885,6.768783330917358,0.8660253286361694,0.04658159986138344,-0.013019045814871788,0.518856406211853,0.11380184441804886,0.38044713906782873,1,0.535938560962677,0.9993021632937893,1432,0.9999999403953552,1.0,0.5180791481169723,0.9859675036927622,96.62995910644531,1.0,0.4695502817630768,0.9981536189069424,0.4695502817630768,0.9981536189069424,0.04658159613609314,0.994612991809845,1.0,0.9999999403953552
GCN,125,2392,2,1,3,-3.3817005157470703,3.0395798683166504,6.421280384063721,0.8017836213111877,0.03611104562878609,-0.02432239055633545,0.5595634579658508,0.09448949247598648,0.27434634331186053,0,0.5324493646621704,0.9993021632937893,1432,0.9999999403953552,1.0,0.5555683180879556,0.9911373707533235,104.26875305175781,1.0,0.5070397257804871,0.9985228951255539,0.5070397257804871,0.9985228951255539,0.03611104562878609,0.9967575073242188,1.0,0.9999999403953552
GCN,125,2411,3,1,1,-2.163517951965332,4.9236907958984375,7.0872087478637695,0.9486831426620483,0.0862840935587883,0.008572105318307877,0.4784030616283417,0.11320576071739197,0.38006820765441457,1,0.5401256084442139,0.9993021632937893,1432,0.9999999403953552,1.0,0.4799382452180931,0.9759970457902511,88.91171264648438,1.0,0.42730751633644104,0.9948301329394387,0.42730751633644104,0.9948301329394387,0.0862840935587883,0.9817632436752319,1.0,0.9999999403953552
GCN,125,2425,3,1,5,0.4377362132072449,4.733666896820068,4.2959306836128235,0.7071066498756409,0.03545233607292175,0.027244169265031815,0.6318109631538391,-0.008544597774744034,0.0,0,0.5387299060821533,0.9993021632937893,1432,0.9999999403953552,1.0,0.6233836731583677,0.9944608567208272,118.57107543945312,1.0,0.5728970170021057,0.9992614475627769,0.5728970170021057,0.9992614475627769,0.03545233979821205,0.9968488216400146,1.0,0.9999999403953552
GCN,125,2427,3,1,3,-1.003545880317688,5.13369607925415,6.137241959571838,0.8017836213111877,0.05776606500148773,0.06881283968687057,0.556358277797699,0.023773981258273125,0.10837438423645321,0,0.5345429182052612,0.9993021632937893,1432,1.0,1.0,0.5511152999467289,0.990029542097489,103.96397399902344,1.0,0.5050409436225891,0.9985228951255539,0.5050409436225891,0.9985228951255539,0.05776606500148773,0.991619884967804,1.0,1.0
GCN,125,2428,5,1,1,-0.9834742546081543,4.611176013946533,5.5946502685546875,0.9486831426620483,0.15541410446166992,0.04445958137512207,0.4912383556365967,0.29121163487434387,0.8666161424782114,1,0.5394277572631836,0.9993021632937893,1432,0.9999999403953552,1.0,0.48982794886752623,0.9763663220088626,88.5193862915039,1.0,0.4365151822566986,0.9963072378138847,0.4365151822566986,0.9963072378138847,0.15541410446166992,0.9428718090057373,1.0,0.9999999403953552
GCN,125,2431,4,1,1,-3.301569700241089,5.7841949462890625,9.085764646530151,0.9486831426620483,0.11249000579118729,-0.006457091774791479,0.48591288924217224,0.22556312382221222,0.7455475558923835,1,0.5387299060821533,0.9993021632937893,1432,0.9999999403953552,1.0,0.4916410137073745,0.9763663220088626,90.65360260009766,1.0,0.44005829095840454,0.9966765140324964,0.44005829095840454,0.9966765140324964,0.11249000579118729,0.9697701930999756,1.0,0.9999999403953552
GCN,125,2433,2,1,1,0.0371243953704834,5.3390583992004395,5.301934003829956,0.9486831426620483,0.08693026006221771,0.03198020160198212,0.4764138460159302,0.13480202853679657,0.43349753694581283,1,0.5394277572631836,0.9993021632937893,1432,0.9999999403953552,1.0,0.48026986386465453,0.9759970457902511,88.88253784179688,1.0,0.43096044659614563,0.9959379615952733,0.43096044659614563,0.9959379615952733,0.08693025261163712,0.981347918510437,1.0,0.9999999403953552
GCN,125,2435,4,1,2,-2.3891217708587646,3.960663080215454,6.349784851074219,0.8660253286361694,0.047886960208415985,0.05903593823313713,0.5150629878044128,0.041995979845523834,0.10989010989010989,0,0.5366364121437073,0.9993021632937893,1432,0.9999999403953552,1.0,0.5143036818629735,0.9844903988183161,96.5953598022461,1.0,0.46857696771621704,0.9981536189069424,0.46857696771621704,0.9981536189069424,0.047886960208415985,0.9942408800125122,1.0,0.9999999403953552
GCN,125,2438,3,1,2,-2.7845890522003174,4.703934669494629,7.488523721694946,0.8660253286361694,0.06340333819389343,0.04749799892306328,0.5170810222625732,0.08085918426513672,0.22110647972716937,0,0.5352407097816467,0.9993021632937893,1432,0.9999999403953552,1.0,0.5181231813663458,0.9859675036927622,96.6209487915039,1.0,0.4695417582988739,0.9981536189069424,0.4695417582988739,0.9981536189069424,0.06340333819389343,0.9899486899375916,1.0,0.9999999403953552
GCN,125,2445,2,1,4,-4.0559983253479,4.007781028747559,8.063779354095459,0.7499998807907104,0.026136137545108795,0.0030817585065960884,0.5960000157356262,0.02319440059363842,0.10837438423645321,0,0.5380321145057678,0.9993021632937893,1432,0.9999999403953552,1.0,0.5904675904681774,0.9944608567208272,111.42048645019531,1.0,0.5404602289199829,0.9988921713441654,0.5404602289199829,0.9988921713441654,0.026136135682463646,0.998289167881012,1.0,0.9999999403953552
GCN,125,2446,2,1,8,-5.7230706214904785,1.8491908311843872,7.572261452674866,0.6123723983764648,0.021225396543741226,0.056792572140693665,0.7276854515075684,-0.02486966922879219,0.0,0,0.5415212512016296,0.9993021632937893,1432,0.9999999403953552,1.0,0.7139452514548228,1.0,136.16783142089844,1.0,0.6594764590263367,1.0,0.6594764590263367,1.0,0.021225396543741226,0.9988685846328735,1.0,0.9999999403953552
GCN,125,2448,2,1,5,-5.121405601501465,2.768413543701172,7.889819145202637,0.7071066498756409,0.027096306905150414,0.022262154147028923,0.631496012210846,0.007061458192765713,0.10837438423645321,0,0.5422191023826599,0.9993021632937893,1432,0.9999999403953552,1.0,0.6232274430604088,0.9944608567208272,118.10454559326172,1.0,0.5725352168083191,0.9992614475627769,0.5725352168083191,0.9992614475627769,0.027096310630440712,0.9981580972671509,1.0,0.9999999403953552
GCN,125,2456,5,1,2,-1.723576545715332,4.136459827423096,5.860036373138428,0.8660253286361694,0.046375006437301636,0.04397118091583252,0.5157883167266846,0.11059020459651947,0.3685107995452823,1,0.5380321145057678,0.9993021632937893,1432,0.9999999403953552,1.0,0.5167361915120201,0.9859675036927622,96.49057006835938,1.0,0.46795475482940674,0.9981536189069424,0.46795475482940674,0.9981536189069424,0.046375006437301636,0.9946064949035645,1.0,0.9999999403953552
GCN,125,2459,3,1,2,-5.934535980224609,0.5747959613800049,6.509331941604614,0.8660253286361694,0.08521057665348053,-0.04124222695827484,0.5286405086517334,0.1871280074119568,0.6309208033345964,1,0.5401256084442139,0.9993021632937893,1432,0.9999999403953552,1.0,0.5308794805159364,0.9870753323485968,97.21488952636719,1.0,0.4734984040260315,0.9981536189069424,0.4734984040260315,0.9981536189069424,0.08521057665348053,0.9825562834739685,1.0,0.9999999403953552
GCN,125,2461,6,1,1,-3.0708932876586914,0.9430446624755859,4.013937950134277,0.9486831426620483,0.08985865861177444,0.07910184562206268,0.4724964201450348,0.09851238876581192,0.3090185676392573,0,0.5387299060821533,0.9993021632937893,1432,0.9999999403953552,1.0,0.47313580736241134,0.9719350073855244,88.83682250976562,1.0,0.4293905198574066,0.9959379615952733,0.4293905198574066,0.9959379615952733,0.08985865861177444,0.9798290133476257,1.0,0.9999999403953552
GCN,125,2467,6,1,2,-1.0772665739059448,3.771223306655884,4.848489880561829,0.8660253286361694,0.05142149329185486,0.015456883236765862,0.5178577303886414,0.07019304484128952,0.21049640015157256,0,0.5366364121437073,0.9993021632937893,1432,0.9999999403953552,1.0,0.5168879099367204,0.9859675036927622,96.57238006591797,1.0,0.4665927588939667,0.9981536189069424,0.4665927588939667,0.9981536189069424,0.05142149329185486,0.9934065937995911,1.0,0.9999999403953552
GCN,125,2474,4,1,2,-4.918988227844238,3.5280210971832275,8.447009325027466,0.8660253286361694,0.07218801975250244,0.09913550317287445,0.5138363838195801,0.04874762147665024,0.14153088291019325,0,0.535938560962677,0.9993021632937893,1432,0.9999999403953552,1.0,0.5154676486278469,0.9844903988183161,96.34740447998047,1.0,0.46710583567619324,0.9981536189069424,0.46710583567619324,0.9981536189069424,0.07218801975250244,0.9868853092193604,1.0,0.9999999403953552
GCN,125,2479,6,1,1,-2.721676826477051,1.6412854194641113,4.362962245941162,0.9486831426620483,0.09083700180053711,-0.023925039917230606,0.48234280943870544,0.17747989296913147,0.5987116331943918,1,0.5352407097816467,0.9993021632937893,1432,0.9999999403953552,1.0,0.48523835180099684,0.9763663220088626,89.84538269042969,1.0,0.4362950026988983,0.9963072378138847,0.4362950026988983,0.9963072378138847,0.09083700180053711,0.9801100492477417,1.0,0.9999999403953552
GCN,125,2483,4,1,2,-3.120917797088623,5.108316898345947,8.22923469543457,0.8660253286361694,0.10451503098011017,0.0483243465423584,0.5235937833786011,0.1757357269525528,0.5962485790071997,1,0.5394277572631836,0.9993021632937893,1432,0.9999999403953552,1.0,0.5248217995525998,0.9863367799113737,97.02950286865234,1.0,0.47499802708625793,0.9981536189069424,0.47499802708625793,0.9981536189069424,0.10451502352952957,0.9731380939483643,1.0,0.9999999403953552
GCN,125,2489,3,1,1,-3.861809015274048,5.124375820159912,8.98618483543396,0.9486831426620483,0.11761264503002167,0.06776507198810577,0.47832611203193665,0.1667979657649994,0.5666919287608942,1,0.5387299060821533,0.9993021632937893,1432,0.9999999403953552,1.0,0.48509570310632344,0.9763663220088626,88.57524108886719,1.0,0.4324524402618408,0.9959379615952733,0.4324524402618408,0.9959379615952733,0.11761264503002167,0.9659874439239502,1.0,0.9999999403953552
GCN,125,2490,4,1,2,-2.36967134475708,5.841546535491943,8.211217880249023,0.8660253286361694,0.045974187552928925,-0.009596600197255611,0.5185945630073547,0.0702473372220993,0.21049640015157256,0,0.5415212512016296,0.9993021632937893,1432,0.9999999403953552,1.0,0.5194704120551797,0.9863367799113737,96.93045806884766,1.0,0.4685746431350708,0.9981536189069424,0.4685746431350708,0.9981536189069424,0.04597418010234833,0.9947472810745239,1.0,0.9999999403953552
GCN,125,2496,4,1,1,-1.197519302368164,3.8878049850463867,5.085324287414551,0.9486831426620483,0.0761379599571228,-0.04481701925396919,0.4807872176170349,0.192286878824234,0.6494884425918909,1,0.5373342633247375,0.9993021632937893,1432,0.9999999403953552,1.0,0.48471538827475674,0.9763663220088626,89.2975082397461,1.0,0.4326997697353363,0.9963072378138847,0.4326997697353363,0.9963072378138847,0.0761379599571228,0.9859976172447205,1.0,0.9999999403953552
GCN,125,2505,1,1,1,-2.978125810623169,2.158902406692505,5.137028217315674,0.9486831426620483,0.0778270959854126,0.011466192081570625,0.47662973403930664,0.16166135668754578,0.5507768093974991,1,0.5387299060821533,0.9993021632937893,1432,0.9999999403953552,1.0,0.4803651837634676,0.9759970457902511,88.56060791015625,1.0,0.42963707447052,0.9959379615952733,0.42963707447052,0.9959379615952733,0.077827088534832,0.9850781559944153,1.0,0.9999999403953552
GCN,125,2508,3,1,3,-3.991834878921509,2.560427188873291,6.5522620677948,0.8017836213111877,0.057903166860342026,0.0895003080368042,0.5548718571662903,0.03701839596033096,0.10837438423645321,0,0.5401256084442139,0.9993021632937893,1432,0.9999999403953552,1.0,0.5534115474739689,0.990029542097489,104.23429107666016,1.0,0.5081713795661926,0.9985228951255539,0.5081713795661926,0.9985228951255539,0.057903170585632324,0.9915624856948853,1.0,0.9999999403953552
GCN,125,2509,3,1,5,-5.976598262786865,0.8138699531555176,6.790468215942383,0.7071066498756409,0.02911454252898693,0.02003588154911995,0.6317036747932434,0.003974445164203644,0.10837438423645321,0,0.5380321145057678,0.9993021632937893,1432,1.0,1.0,0.6241167264405635,0.9948301329394387,117.9020004272461,1.0,0.5720930099487305,0.9992614475627769,0.5720930099487305,0.9992614475627769,0.02911454252898693,0.9978744387626648,1.0,1.0
GCN,125,2514,2,1,2,-3.341343641281128,4.740356922149658,8.081700563430786,0.8660253286361694,0.05017181858420372,-0.028711527585983276,0.5202574133872986,0.13798503577709198,0.45054945054945056,1,0.5387299060821533,0.9993021632937893,1432,0.9999999403953552,1.0,0.5198208568176909,0.9863367799113737,96.84709930419922,1.0,0.47051146626472473,0.9981536189069424,0.47051146626472473,0.9981536189069424,0.05017181113362312,0.9937858581542969,1.0,0.9999999403953552
GCN,125,2523,2,1,2,-3.0129013061523438,3.885885238647461,6.898786544799805,0.8660253286361694,0.05218149349093437,0.0017633549869060516,0.518765926361084,0.1309211552143097,0.4213717317165593,1,0.5401256084442139,0.9993021632937893,1432,0.9999999403953552,1.0,0.5191770220785623,0.9863367799113737,96.81305694580078,1.0,0.4726067781448364,0.9981536189069424,0.4726067781448364,0.9981536189069424,0.052181489765644073,0.9932318329811096,1.0,0.9999999403953552
GCN,125,2533,0,1,1,-2.6715962886810303,5.243271827697754,7.914868116378784,0.9486831426620483,0.0822051614522934,-0.008248965255916119,0.4790741205215454,0.1881924271583557,0.6347101174687382,1,0.5387299060821533,0.9993021632937893,1432,0.9999999403953552,1.0,0.48500338678553917,0.9763663220088626,88.52425384521484,1.0,0.43234068155288696,0.9959379615952733,0.43234068155288696,0.9959379615952733,0.0822051614522934,0.9835074543952942,1.0,0.9999999403953552
GCN,125,2540,3,0,1,-7.52476167678833,-1.5335068702697754,5.991254806518555,0.9486831426620483,0.13973881304264069,-0.006110120564699173,0.493836373090744,0.29894354939460754,0.8751420992800303,1,0.5422191023826599,0.9993021632937893,1432,0.9999999403953552,1.0,0.49886362760499975,0.9763663220088626,88.2978515625,1.0,0.43347564339637756,0.9963072378138847,0.43347564339637756,0.9963072378138847,0.1397387981414795,0.9544825553894043,1.0,0.9999999403953552
GCN,125,2543,3,1,3,-4.913882255554199,2.801076650619507,7.714958906173706,0.8017836213111877,0.03918425366282463,0.02132335677742958,0.5577557682991028,-0.02777770906686783,0.0,0,0.5401256084442139,0.9993021632937893,1432,0.9999999403953552,1.0,0.5554962441122568,0.9911373707533235,104.13493347167969,1.0,0.5048047304153442,0.9985228951255539,0.5048047304153442,0.9985228951255539,0.03918425366282463,0.9961556196212769,1.0,0.9999999403953552
GCN,125,2549,4,1,1,-3.4157586097717285,4.024227142333984,7.439985752105713,0.9486831426620483,0.07610095292329788,-0.03732497990131378,0.48019054532051086,0.17809388041496277,0.6023114816218265,1,0.5380321145057678,0.9993021632937893,1432,0.9999999403953552,1.0,0.4819289867177054,0.9763663220088626,89.14303588867188,1.0,0.4322618544101715,0.9959379615952733,0.4322618544101715,0.9959379615952733,0.07610095292329788,0.9859675765037537,1.0,0.9999999403953552
GCN,125,2552,3,1,1,-3.18902325630188,4.297144889831543,7.486168146133423,0.9486831426620483,0.15586954355239868,0.0061407145112752914,0.4973694980144501,0.3294782042503357,0.9088669950738916,1,0.5429169535636902,0.9993021632937893,1432,0.9999999403953552,1.0,0.503883331723934,0.9844903988183161,89.71527099609375,1.0,0.43780162930488586,0.9966765140324964,0.43780162930488586,0.9966765140324964,0.15586954355239868,0.9438642263412476,1.0,0.9999999403953552
GCN,125,2557,2,1,1,-4.129364967346191,4.2975945472717285,8.42695951461792,0.9486831426620483,0.08323174715042114,-0.014873694628477097,0.4798499643802643,0.19286054372787476,0.6515725653656688,1,0.5401256084442139,0.9993021632937893,1432,0.9999999403953552,1.0,0.48171599479825267,0.9763663220088626,88.48690795898438,1.0,0.4321956932544708,0.9959379615952733,0.4321956932544708,0.9959379615952733,0.08323174715042114,0.9831470847129822,1.0,0.9999999403953552
GCN,125,2561,2,1,1,-1.5278725624084473,6.059337615966797,7.587210178375244,0.9486831426620483,0.15477439761161804,0.024445341899991035,0.49416109919548035,0.305621862411499,0.8825312618416067,1,0.5401256084442139,0.9993021632937893,1432,0.9999999403953552,1.0,0.5007166792590995,0.9844903988183161,90.06119537353516,1.0,0.43690380454063416,0.9966765140324964,0.43690380454063416,0.9966765140324964,0.15477439761161804,0.9439635276794434,1.0,0.9999999403953552
GCN,125,2562,0,1,2,-0.6390246152877808,3.632514715194702,4.271539330482483,0.8660253286361694,0.08063244819641113,-0.055023882538080215,0.5287213921546936,0.13719597458839417,0.44808639636225844,1,0.5394277572631836,0.9993021632937893,1432,0.9999999403953552,1.0,0.5256695202129338,0.9863367799113737,97.46159362792969,1.0,0.47397616505622864,0.9981536189069424,0.47397616505622864,0.9981536189069424,0.08063244819641113,0.9844204187393188,1.0,0.9999999403953552
GCN,125,2566,3,1,2,-1.9662456512451172,5.1749491691589355,7.141194820404053,0.8660253286361694,0.06715395301580429,-0.016224201768636703,0.522404670715332,0.15140092372894287,0.5178097764304661,1,0.5394277572631836,0.9993021632937893,1432,0.9999999403953552,1.0,0.5214933473193789,0.9863367799113737,97.1395492553711,1.0,0.4717899262905121,0.9981536189069424,0.4717899262905121,0.9981536189069424,0.06715395301580429,0.9889252185821533,1.0,0.9999999403953552
GCN,125,2568,3,1,1,-5.2707929611206055,2.7854509353637695,8.056243896484375,0.9486831426620483,0.07965358346700668,-0.02023039385676384,0.47956106066703796,0.19102737307548523,0.6451307313376279,1,0.535938560962677,0.9993021632937893,1432,0.9999999403953552,1.0,0.4837593041740114,0.9763663220088626,88.82951354980469,1.0,0.431018203496933,0.9959379615952733,0.431018203496933,0.9959379615952733,0.07965357601642609,0.9845602512359619,1.0,0.9999999403953552
GCN,125,2578,0,1,2,-1.7847404479980469,3.9294068813323975,5.714147329330444,0.8660253286361694,0.049117445945739746,0.09438040107488632,0.5131241679191589,0.02603238821029663,0.10837438423645321,0,0.5380321145057678,0.9993021632937893,1432,0.9999999403953552,1.0,0.5137691043169677,0.9844903988183161,96.56390380859375,1.0,0.46881431341171265,0.9981536189069424,0.46881431341171265,0.9981536189069424,0.049117445945739746,0.9939274787902832,1.0,0.9999999403953552
GCN,125,2582,3,1,3,-6.577619552612305,1.1521596908569336,7.729779243469238,0.8017836213111877,0.044431619346141815,-0.05793091654777527,0.5625906586647034,0.09186697006225586,0.26203107237589995,0,0.5394277572631836,0.9993021632937893,1432,0.9999999403953552,1.0,0.5597245567999849,0.992245199409158,104.20587158203125,1.0,0.5077563524246216,0.9985228951255539,0.5077563524246216,0.9985228951255539,0.044431619346141815,0.9951533079147339,1.0,0.9999999403953552
GCN,125,2586,5,1,1,-2.380042552947998,3.7583236694335938,6.138366222381592,0.9486831426620483,0.12263746559619904,0.02615668997168541,0.4846240282058716,0.16948577761650085,0.5759757483895415,1,0.5387299060821533,0.9993021632937893,1432,0.9999999403953552,1.0,0.4898418663755276,0.9763663220088626,88.74391174316406,1.0,0.43435585498809814,0.9963072378138847,0.43435585498809814,0.9963072378138847,0.12263746559619904,0.9637922048568726,1.0,0.9999999403953552
GCN,125,2592,5,1,2,-3.721362829208374,2.967559576034546,6.68892240524292,0.8660253286361694,0.05470056086778641,0.047305505722761154,0.516243040561676,0.06586304306983948,0.20670708601743085,0,0.5373342633247375,0.9993021632937893,1432,0.9999999403953552,1.0,0.5171049438231379,0.9859675036927622,97.26104736328125,1.0,0.4688212275505066,0.9981536189069424,0.4688212275505066,0.9981536189069424,0.05470056086778641,0.992503821849823,1.0,0.9999999403953552
GCN,125,2598,1,1,1,-1.746071457862854,4.108332633972168,5.854404091835022,0.9486831426620483,0.08357597142457962,0.0577673502266407,0.4736069440841675,0.10166410356760025,0.3283440697233801,1,0.5380321145057678,0.9993021632937893,1432,0.9999999403953552,1.0,0.47748613746852314,0.9745199409158051,89.13253021240234,1.0,0.43353956937789917,0.9963072378138847,0.43353956937789917,0.9963072378138847,0.08357596397399902,0.982606053352356,1.0,0.9999999403953552
GCN,125,2599,3,1,3,-3.9769461154937744,3.043290138244629,7.020236253738403,0.8017836213111877,0.04320725053548813,0.013883518986403942,0.5585107803344727,0.09423808753490448,0.2737779461917393,0,0.5373342633247375,0.9993021632937893,1432,0.9999999403953552,1.0,0.5559347931236853,0.9911373707533235,104.30513000488281,1.0,0.5079715847969055,0.9985228951255539,0.5079715847969055,0.9985228951255539,0.04320725426077843,0.9953352212905884,1.0,0.9999999403953552
GCN,125,2603,3,1,1,-2.454167604446411,5.08849573135376,7.542663335800171,0.9486831426620483,0.07365676015615463,-0.012311000376939774,0.47776398062705994,0.11344505101442337,0.38044713906782873,1,0.535938560962677,0.9993021632937893,1432,0.9999999403953552,1.0,0.4775305437135588,0.9745199409158051,89.46711730957031,1.0,0.43505561351776123,0.9963072378138847,0.43505561351776123,0.9963072378138847,0.07365676015615463,0.9867089986801147,1.0,0.9999999403953552
GCN,125,2604,6,1,3,-0.8251746892929077,2.6194679737091064,3.444642663002014,0.8017836213111877,0.04394714534282684,-0.039585575461387634,0.5615008473396301,0.10959173738956451,0.367942402425161,1,0.5380321145057678,0.9993021632937893,1432,0.9999999403953552,1.0,0.5570663162900213,0.9918759231905465,104.6534652709961,1.0,0.5089186429977417,0.9985228951255539,0.5089186429977417,0.9985228951255539,0.043947141617536545,0.9952316284179688,1.0,0.9999999403953552
GCN,125,2614,2,1,5,-4.6717095375061035,2.578645706176758,7.250355243682861,0.7071066498756409,0.04686826467514038,0.001284029334783554,0.63457190990448,0.10698557645082474,0.359037514209928,1,0.5401256084442139,0.9993021632937893,1432,0.9999999403953552,1.0,0.6256534736472241,0.9948301329394387,118.27359771728516,1.0,0.5747660994529724,0.9996307237813885,0.5747660994529724,0.9996307237813885,0.046868257224559784,0.9945300221443176,1.0,0.9999999403953552
GCN,125,2618,2,1,1,-1.5757088661193848,5.372356414794922,6.948065280914307,0.9486831426620483,0.16227637231349945,0.11553139984607697,0.4816596210002899,0.22249537706375122,0.7347480106100795,1,0.5415212512016296,0.9993021632937893,1432,0.9999999403953552,1.0,0.4871419355802645,0.9763663220088626,88.6844482421875,1.0,0.43491485714912415,0.9963072378138847,0.43491485714912415,0.9963072378138847,0.16227637231349945,0.935714840888977,1.0,0.9999999403953552
GCN,125,2631,4,1,1,-4.07789421081543,5.090909004211426,9.168803215026855,0.9486831426620483,0.10608096420764923,0.05640863627195358,0.4773882329463959,0.14297981560230255,0.47120121258052294,1,0.535938560962677,0.9993021632937893,1432,0.9999999403953552,1.0,0.4818327391432867,0.9763663220088626,89.4146499633789,1.0,0.429694265127182,0.9959379615952733,0.429694265127182,0.9959379615952733,0.10608096420764923,0.9722707867622375,1.0,0.9999999403953552
GCN,125,2641,2,1,2,-2.859128952026367,3.0550012588500977,5.914130210876465,0.8660253286361694,0.05231768637895584,-0.016916941851377487,0.5199037790298462,0.11229857802391052,0.3781735505873437,1,0.5345429182052612,0.9993021632937893,1432,0.9999999403953552,1.0,0.5189743786167379,0.9863367799113737,96.78460693359375,1.0,0.47104761004447937,0.9981536189069424,0.47104761004447937,0.9981536189069424,0.05231768637895584,0.9932281970977783,1.0,0.9999999403953552
GCN,125,2642,2,1,4,-4.929477691650391,3.68707275390625,8.61655044555664,0.7499998807907104,0.034271951764822006,0.06175548583269119,0.5940192937850952,0.060190871357917786,0.19969685486926866,0,0.535938560962677,0.9993021632937893,1432,0.9999999403953552,1.0,0.5883216165216992,0.9940915805022157,111.36409759521484,1.0,0.5382795333862305,0.9988921713441654,0.5382795333862305,0.9988921713441654,0.034271951764822006,0.9970481395721436,1.0,0.9999999403953552
GCN,125,2646,4,1,1,-3.8983700275421143,4.901442527770996,8.79981255531311,0.9486831426620483,0.0707089975476265,0.07651152461767197,0.4706595838069916,0.08398374915122986,0.22735884804850323,0,0.533845067024231,0.9993021632937893,1432,0.9999999403953552,1.0,0.4746500162690627,0.9726735598227474,88.4888916015625,1.0,0.4305347502231598,0.9959379615952733,0.4305347502231598,0.9959379615952733,0.0707089975476265,0.9874557256698608,1.0,0.9999999403953552
GCN,125,2647,4,1,3,-3.666227340698242,4.518513202667236,8.184740543365479,0.8017836213111877,0.0396854393184185,0.0037540048360824585,0.5586647391319275,0.11012934148311615,0.3685107995452823,1,0.5317515730857849,0.9993021632937893,1432,0.9999999403953552,1.0,0.556886076768856,0.9918759231905465,104.1926498413086,1.0,0.506842851638794,0.9985228951255539,0.506842851638794,0.9985228951255539,0.0396854393184185,0.9960675239562988,1.0,0.9999999403953552
GCN,125,2653,0,1,2,-0.4245185852050781,4.178987979888916,4.603506565093994,0.8660253286361694,0.05294527858495712,0.05260501801967621,0.5157710909843445,0.06984816491603851,0.21030693444486548,0,0.5373342633247375,0.9993021632937893,1432,0.9999999403953552,1.0,0.5156836620831099,0.9844903988183161,96.78361511230469,1.0,0.47008633613586426,0.9981536189069424,0.47008633613586426,0.9981536189069424,0.05294527858495712,0.9929696321487427,1.0,0.9999999403953552
GCN,125,2658,2,1,1,-4.407911777496338,4.978285789489746,9.386197566986084,0.9486831426620483,0.07463280111551285,-0.007399781607091427,0.4775642454624176,0.18992508947849274,0.6369837059492232,1,0.5324493646621704,0.9993021632937893,1432,0.9999999403953552,1.0,0.4813676504516604,0.9763663220088626,88.59492492675781,1.0,0.4330926835536957,0.9963072378138847,0.4330926835536957,0.9963072378138847,0.07463280111551285,0.9863391518592834,1.0,0.9999999403953552
GCN,125,2668,3,1,5,-3.6298325061798096,2.7207374572753906,6.3505699634552,0.7071066498756409,0.02500685304403305,0.01429789885878563,0.6316708326339722,-0.015239259228110313,0.0,0,0.5394277572631836,0.9993021632937893,1432,0.9999999403953552,1.0,0.6227536124159496,0.9944608567208272,118.08882904052734,1.0,0.5723000168800354,0.9992614475627769,0.5723000168800354,0.9992614475627769,0.0250068549066782,0.9984318614006042,1.0,1.0
GCN,125,2669,3,1,1,-3.795151710510254,4.218816757202148,8.013968467712402,0.9486831426620483,0.08908270299434662,0.0011974871158599854,0.4796275496482849,0.16638635098934174,0.563849943160288,1,0.5352407097816467,0.9993021632937893,1432,0.9999999403953552,1.0,0.48513285508316817,0.9763663220088626,88.77954864501953,1.0,0.43555811047554016,0.9963072378138847,0.43555811047554016,0.9963072378138847,0.08908270299434662,0.98064786195755,1.0,0.9999999403953552
GCN,125,2681,4,1,5,-1.809831142425537,5.3284196853637695,7.138250827789307,0.7071066498756409,0.04261180758476257,0.054474927484989166,0.6307797431945801,0.0492059551179409,0.15270935960591134,0,0.5394277572631836,0.9993021632937893,1432,0.9999999403953552,1.0,0.6233169783352264,0.9944608567208272,118.19593811035156,1.0,0.5716750621795654,0.9992614475627769,0.5716750621795654,0.9992614475627769,0.042611800134181976,0.9954395890235901,1.0,0.9999999403953552
GCN,125,2685,2,1,4,-5.863977909088135,1.9395588636398315,7.803536772727966,0.7499998807907104,0.05934588238596916,-0.005754448939114809,0.6007766723632812,0.0702146664261818,0.21049640015157256,0,0.5387299060821533,0.9993021632937893,1432,0.9999999403953552,1.0,0.5945745565153816,0.9944608567208272,111.54383087158203,1.0,0.5433447360992432,0.9988921713441654,0.5433447360992432,0.9988921713441654,0.05934588238596916,0.9912886619567871,1.0,0.9999999403953552
GCN,125,2686,3,1,2,-5.368109703063965,2.4917469024658203,7.859856605529785,0.8660253286361694,0.09780437499284744,0.020896844565868378,0.5252797603607178,0.17019549012184143,0.5765441455096627,1,0.5408234596252441,0.9993021632937893,1432,0.9999999403953552,1.0,0.5275330097934514,0.9870753323485968,97.66681671142578,1.0,0.4778715968132019,0.9981536189069424,0.4778715968132019,0.9981536189069424,0.09780437499284744,0.9766245484352112,1.0,0.9999999403953552
GCN,125,2689,2,1,2,-4.472081184387207,3.5967187881469727,8.06879997253418,0.8660253286361694,0.08940719068050385,-0.013897482305765152,0.5270048379898071,0.1779562383890152,0.6023114816218265,1,0.5387299060821533,0.9993021632937893,1432,0.9999999403953552,1.0,0.5292507306356526,0.9870753323485968,97.09930419921875,1.0,0.4748687148094177,0.9981536189069424,0.4748687148094177,0.9981536189069424,0.08940719068050385,0.980628252029419,1.0,0.9999999403953552
GCN,125,2690,6,1,1,-0.168442964553833,3.9039385318756104,4.072381496429443,0.9486831426620483,0.15704141557216644,-0.03165356442332268,0.5036500096321106,0.34392786026000977,0.9225085259568018,1,0.5394277572631836,0.9993021632937893,1432,0.9999999403953552,1.0,0.5025628390805026,0.9844903988183161,88.8582992553711,1.0,0.43540051579475403,0.9963072378138847,0.43540051579475403,0.9963072378138847,0.15704141557216644,0.9445010423660278,1.0,0.9999999403953552
GCN,125,2699,3,1,1,-2.7300195693969727,4.5218939781188965,7.251913547515869,0.9486831426620483,0.08612877875566483,0.020576300099492073,0.47730034589767456,0.1491832137107849,0.5049261083743842,1,0.533845067024231,0.9993021632937893,1432,0.9999999403953552,1.0,0.4832237313270443,0.9763663220088626,89.9895248413086,1.0,0.4342869520187378,0.9963072378138847,0.4342869520187378,0.9963072378138847,0.08612877875566483,0.9817510843276978,1.0,0.9999999403953552
GCN,125,2700,3,1,1,-1.9586143493652344,4.635104656219482,6.593719005584717,0.9486831426620483,0.08699715882539749,0.05813881382346153,0.47405049204826355,0.11736200749874115,0.3904888215233043,1,0.5373342633247375,0.9993021632937893,1432,0.9999999403953552,1.0,0.47827970956269533,0.9756277695716395,88.59532928466797,1.0,0.43235522508621216,0.9959379615952733,0.43235522508621216,0.9959379615952733,0.08699715882539749,0.9811754822731018,1.0,0.9999999403953552
GCN,125,2702,0,1,2,0.06571948528289795,4.919412612915039,4.853693127632141,0.8660253286361694,0.05912607163190842,-0.055784523487091064,0.5236256718635559,0.12721778452396393,0.41114058355437666,1,0.5401256084442139,0.9993021632937893,1432,0.9999999403953552,1.0,0.5237723176430206,0.9863367799113737,97.00370788574219,1.0,0.47110089659690857,0.9981536189069424,0.47110089659690857,0.9981536189069424,0.05912607163190842,0.9914901256561279,1.0,0.9999999403953552
GCN,125,2707,3,1,4,-5.3013014793396,1.1758038997650146,6.477105379104614,0.7499998807907104,0.03268706426024437,-0.02734464406967163,0.5978689789772034,0.05718445032835007,0.19458128078817735,0,0.5394277572631836,0.9993021632937893,1432,0.9999999403953552,1.0,0.5922664126758397,0.9944608567208272,111.4488296508789,1.0,0.5414301753044128,0.9988921713441654,0.5414301753044128,0.9988921713441654,0.03268706053495407,0.9973413944244385,1.0,0.9999999403953552
GCN,996,1370,6,1,8,-1.4147897958755493,2.1133694648742676,3.528159260749817,0.6123723983764648,0.021423548460006714,0.0332326740026474,0.7285075783729553,0.0182315856218338,0.10837438423645321,0,0.5415212512016296,0.9993021632937893,1432,0.9999999403953552,1.0,0.7118698545944835,1.0,136.46820068359375,1.0,0.6604446172714233,1.0,0.6604446172714233,1.0,0.021423544734716415,0.9988475441932678,1.0,0.9999999403953552
GCN,996,1376,0,1,3,2.1343801021575928,6.1136555671691895,3.9792754650115967,0.8017836213111877,0.0350797064602375,0.017590338364243507,0.5576026439666748,0.012187985703349113,0.10837438423645321,0,0.5408234596252441,0.9993021632937893,1432,0.9999999403953552,1.0,0.5532423724628235,0.990029542097489,104.36863708496094,1.0,0.5072333812713623,0.9985228951255539,0.5072333812713623,0.9985228951255539,0.0350797064602375,0.9969178438186646,1.0,0.9999999403953552
GCN,996,1378,2,1,3,-3.5971407890319824,2.524057149887085,6.121197938919067,0.8017836213111877,0.052128564566373825,0.011453161016106606,0.5596975088119507,0.041749585419893265,0.10989010989010989,0,0.5380321145057678,0.9993021632937893,1432,0.9999999403953552,1.0,0.5568485072606156,0.9918759231905465,104.60338592529297,1.0,0.5074166059494019,0.9985228951255539,0.5074166059494019,0.9985228951255539,0.052128564566373825,0.9932310581207275,1.0,0.9999999403953552
GCN,996,1392,3,1,3,-1.8707644939422607,4.404109001159668,6.274873495101929,0.8017836213111877,0.035835810005664825,5.23589551448822e-05,0.5584427714347839,0.0337764173746109,0.10837438423645321,0,0.5380321145057678,0.9993021632937893,1432,0.9999999403953552,1.0000001192092896,0.5556851669621234,0.9911373707533235,104.32032012939453,1.0,0.5072987079620361,0.9985228951255539,0.5072987079620361,0.9985228951255539,0.035835810005664825,0.9967920780181885,1.0000001192092896,0.9999999403953552
GCN,996,1393,3,1,1,-2.1097497940063477,4.728399753570557,6.838149547576904,0.9486831426620483,0.08223089575767517,0.055397722870111465,0.4736306965351105,0.10216490924358368,0.3311860553239864,1,0.5345429182052612,0.9993021632937893,1432,0.9999999403953552,1.0,0.479457488814795,0.9759970457902511,87.66908264160156,1.0,0.4305541515350342,0.9959379615952733,0.4305541515350342,0.9959379615952733,0.08223089575767517,0.9831634163856506,1.0,0.9999999403953552
GCN,996,1400,3,1,2,-5.504787445068359,1.776841163635254,7.281628608703613,0.8660253286361694,0.058645207434892654,-0.004828695207834244,0.5201151371002197,0.1262611597776413,0.41114058355437666,1,0.5345429182052612,0.9993021632937893,1432,0.9999999403953552,1.0,0.5218765841248734,0.9863367799113737,96.42379760742188,1.0,0.4679931700229645,0.9981536189069424,0.4679931700229645,0.9981536189069424,0.058645207434892654,0.9914883375167847,1.0,0.9999999403953552
GCN,996,1416,0,1,18,2.7724928855895996,6.827563762664795,4.055070877075195,0.4522669315338135,0.013079440221190453,0.012114215642213821,0.986914873123169,-0.006460392847657204,0.0,0,0.5422191023826599,0.9993021632937893,1432,1.0,1.0,0.964752285595055,1.0,184.761474609375,1.0,0.8941705226898193,1.0,0.8941705226898193,1.0,0.013079443015158176,0.9995705485343933,1.0,1.0
GCN,996,1422,4,1,1,-4.904993057250977,3.3284778594970703,8.233470916748047,0.9486831426620483,0.0850110873579979,0.04481550306081772,0.47495490312576294,0.12680275738239288,0.41114058355437666,1,0.535938560962677,0.9993021632937893,1432,0.9999999403953552,1.0,0.47798957714484525,0.9756277695716395,89.03087615966797,1.0,0.4279019832611084,0.9948301329394387,0.4279019832611084,0.9948301329394387,0.0850110873579979,0.9820769429206848,1.0,0.9999999403953552
GCN,996,1423,3,1,2,-0.08838844299316406,5.416505813598633,5.504894256591797,0.8660253286361694,0.046310484409332275,-0.07344517856836319,0.5220198631286621,0.14593783020973206,0.4850322091701402,1,0.5401256084442139,0.9993021632937893,1432,0.9999999403953552,1.0,0.5224209779093042,0.9863367799113737,97.69971466064453,1.0,0.47387734055519104,0.9981536189069424,0.47387734055519104,0.9981536189069424,0.046310488134622574,0.9947679042816162,1.0,0.9999999403953552
GCN,996,1425,4,1,2,-3.001978874206543,4.498842239379883,7.500821113586426,0.8660253286361694,0.04911937192082405,0.028512608259916306,0.5168628096580505,0.06087041273713112,0.2019704433497537,0,0.5380321145057678,0.9993021632937893,1432,0.9999999403953552,1.0,0.5175695742494593,0.9859675036927622,96.70828247070312,1.0,0.46864044666290283,0.9981536189069424,0.46864044666290283,0.9981536189069424,0.04911936819553375,0.9939656853675842,1.0,0.9999999403953552
GCN,996,1429,4,1,3,-3.357921600341797,3.737405300140381,7.095326900482178,0.8017836213111877,0.04172129929065704,0.040865689516067505,0.5569592118263245,0.10285365581512451,0.3378173550587344,1,0.5401256084442139,0.9993021632937893,1432,0.9999999403953552,1.0,0.552877939943056,0.990029542097489,104.3860092163086,1.0,0.507070004940033,0.9985228951255539,0.507070004940033,0.9985228951255539,0.04172129929065704,0.9956333637237549,1.0,0.9999999403953552
GCN,996,1434,3,1,2,-4.021463394165039,3.279848098754883,7.301311492919922,0.8660253286361694,0.0720544308423996,0.05661836266517639,0.5173625946044922,0.09556590020656586,0.2847669571807503,0,0.533845067024231,0.9993021632937893,1432,0.9999999403953552,1.0,0.5191333939599097,0.9863367799113737,96.60514068603516,1.0,0.47057273983955383,0.9981536189069424,0.47057273983955383,0.9981536189069424,0.0720544382929802,0.9870260953903198,1.0,0.9999999403953552
GCN,996,1436,5,1,1,-4.014647006988525,4.9693379402160645,8.98398494720459,0.9486831426620483,0.08288966119289398,-0.009059861302375793,0.479280561208725,0.1641293466091156,0.5625236832133383,1,0.5394277572631836,0.9993021632937893,1432,0.9999999403953552,1.0,0.4830704317945816,0.9763663220088626,88.57080078125,1.0,0.43430477380752563,0.9963072378138847,0.43430477380752563,0.9963072378138847,0.08288965374231339,0.9832441806793213,1.0,0.9999999403953552
GCN,996,1437,4,1,1,-1.269039273262024,5.340176105499268,6.6092153787612915,0.9486831426620483,0.07450384646654129,-0.0342063382267952,0.4796103835105896,0.17032445967197418,0.5814702538840469,1,0.5380321145057678,0.9993021632937893,1432,0.9999999403953552,1.0,0.48308910915110603,0.9763663220088626,89.48664855957031,1.0,0.4340274930000305,0.9963072378138847,0.4340274930000305,0.9963072378138847,0.07450384646654129,0.9865185618400574,1.0,0.9999999403953552
GCN,996,1441,5,0,23,-4.71633243560791,-0.37131309509277344,4.345019340515137,0.40824824571609497,0.016554510220885277,0.0701683759689331,1.0911506414413452,0.054578326642513275,0.18927624100037893,0,0.5394277572631836,0.9993021632937893,1432,1.0,1.0,1.066428048047306,1.0,204.28854370117188,1.0,0.9883202314376831,1.0,0.9883202314376831,1.0,0.016554510220885277,0.9993126392364502,1.0,1.0
GCN,996,1442,3,1,2,-2.940426826477051,3.387160301208496,6.327587127685547,0.8660253286361694,0.056303102523088455,-0.014128429815173149,0.5203561782836914,0.12594729661941528,0.40867752936718454,1,0.5352407097816467,0.9993021632937893,1432,0.9999999403953552,1.0,0.518531439595914,0.9859675036927622,96.93212127685547,1.0,0.46981221437454224,0.9981536189069424,0.46981221437454224,0.9981536189069424,0.05630309507250786,0.9921658039093018,1.0,0.9999999403953552
GCN,996,1444,2,1,4,-3.0606279373168945,2.992258071899414,6.052886009216309,0.7499998807907104,0.03330957144498825,0.026912640780210495,0.5955496430397034,0.0069334851577878,0.10837438423645321,0,0.5429169535636902,0.9993021632937893,1432,0.9999999403953552,1.0,0.5909811510317282,0.9944608567208272,111.2747802734375,1.0,0.5391777157783508,0.9988921713441654,0.5391777157783508,0.9988921713441654,0.03330956771969795,0.9972174167633057,1.0,0.9999999403953552
GCN,996,1448,1,1,5,-1.737331748008728,2.7336769104003906,4.471008658409119,0.7071066498756409,0.02160467952489853,0.00856960378587246,0.63166344165802,0.010776333510875702,0.10837438423645321,0,0.5422191023826599,0.9993021632937893,1432,1.0,1.0,0.624185627618336,0.9948301329394387,118.13449096679688,1.0,0.5733354091644287,0.9996307237813885,0.5733354091644287,0.9996307237813885,0.02160467952489853,0.9988296031951904,1.0,1.0
GCN,996,1450,3,1,3,-3.858278751373291,2.5371687412261963,6.395447492599487,0.8017836213111877,0.04063565284013748,0.00577096501365304,0.5586646795272827,0.054014310240745544,0.18321333838575218,0,0.5394277572631836,0.9993021632937893,1432,0.9999999403953552,1.0,0.5547093937811005,0.9911373707533235,104.49421691894531,1.0,0.5067223906517029,0.9985228951255539,0.5067223906517029,0.9985228951255539,0.04063565284013748,0.9958766102790833,1.0,0.9999999403953552
GCN,996,1452,4,1,3,-3.2160563468933105,3.601863384246826,6.817919731140137,0.8017836213111877,0.039163362234830856,0.015552502125501633,0.5580353140830994,0.08211812376976013,0.22300113679424025,0,0.5394277572631836,0.9993021632937893,1432,1.0,1.0,0.5553439111364298,0.9911373707533235,104.32759857177734,1.0,0.507247805595398,0.9985228951255539,0.507247805595398,0.9985228951255539,0.039163362234830856,0.9961627721786499,1.0,0.9999999403953552
GCN,996,1457,3,1,3,-4.377669334411621,2.528122901916504,6.905792236328125,0.8017836213111877,0.044011928141117096,-0.04679902270436287,0.5619043111801147,0.11214806884527206,0.3781735505873437,1,0.5366364121437073,0.9993021632937893,1432,0.9999999403953552,1.0,0.5578463162128141,0.9918759231905465,104.24394989013672,1.0,0.5076107978820801,0.9985228951255539,0.5076107978820801,0.9985228951255539,0.044011928141117096,0.9952273964881897,1.0,0.9999999403953552
GCN,996,1476,6,1,2,-2.429720401763916,2.1465606689453125,4.5762810707092285,0.8660253286361694,0.0553131178021431,-0.01422436535358429,0.5202046632766724,0.14741453528404236,0.4971580143993937,1,0.5380321145057678,0.9993021632937893,1432,0.9999999403953552,1.0,0.5162761507038195,0.9844903988183161,96.71652221679688,1.0,0.4710078835487366,0.9981536189069424,0.4710078835487366,0.9981536189069424,0.0553131140768528,0.9924355745315552,1.0,0.9999999403953552
GCN,996,1486,2,1,3,-3.522522449493408,3.4916954040527344,7.014217853546143,0.8017836213111877,0.03606593608856201,-0.014760048128664494,0.559129536151886,0.0865844339132309,0.23133762788935203,0,0.5401256084442139,0.9993021632937893,1432,0.9999999403953552,1.0,0.5559661526771827,0.9911373707533235,104.54444885253906,1.0,0.5075204968452454,0.9985228951255539,0.5075204968452454,0.9985228951255539,0.03606593236327171,0.996759295463562,1.0,0.9999999403953552
GCN,996,1487,6,1,4,-1.0993754863739014,2.475403070449829,3.5747785568237305,0.7499998807907104,0.027274535968899727,-0.0018696747720241547,0.5962657928466797,0.03667611628770828,0.10837438423645321,0,0.5394277572631836,0.9993021632937893,1432,0.9999999403953552,1.0,0.58810818724159,0.9940915805022157,111.36180114746094,1.0,0.5405558943748474,0.9988921713441654,0.5405558943748474,0.9988921713441654,0.02727453038096428,0.9981383085250854,1.0,0.9999999403953552
GCN,996,1493,4,1,1,-1.0968307256698608,5.40371561050415,6.500546336174011,0.9486831426620483,0.07283671945333481,-0.0318070687353611,0.47908592224121094,0.1881198287010193,0.6347101174687382,1,0.5422191023826599,0.9993021632937893,1432,0.9999999403953552,1.0,0.4834751106875935,0.9763663220088626,89.01087951660156,1.0,0.4333515763282776,0.9963072378138847,0.4333515763282776,0.9963072378138847,0.07283671200275421,0.9870885610580444,1.0,0.9999999403953552
GCN,996,1499,2,1,4,-3.035548210144043,2.876786470413208,5.912334680557251,0.7499998807907104,0.032199643552303314,0.03434856981039047,0.5951617956161499,0.03260093927383423,0.10837438423645321,0,0.5408234596252441,0.9993021632937893,1432,0.9999999403953552,1.0,0.5902003795394402,0.9944608567208272,111.32960510253906,1.0,0.5402122735977173,0.9988921713441654,0.5402122735977173,0.9988921713441654,0.032199643552303314,0.9973978400230408,1.0,0.9999999403953552
GCN,996,1501,6,1,7,-1.5180957317352295,2.1696736812591553,3.6877694129943848,0.6396021246910095,0.021951092407107353,0.04598275572061539,0.6970676779747009,0.07548845559358597,0.2156119742326639,0,0.5408234596252441,0.9993021632937893,1432,0.9999999403953552,1.0,0.6836198638287824,0.9996307237813885,130.10568237304688,1.0,0.6311327815055847,1.0,0.6311327815055847,1.0,0.021951090544462204,0.9987897872924805,1.0,0.9999999403953552
GCN,996,1506,2,1,2,-1.9429290294647217,3.0859906673431396,5.028919696807861,0.8660253286361694,0.05089077353477478,0.06248512119054794,0.5150393843650818,0.055026762187480927,0.18927624100037893,0,0.5415212512016296,0.9993021632937893,1432,0.9999999403953552,1.0,0.5132293535586678,0.9844903988183161,96.42330169677734,1.0,0.46845656633377075,0.9981536189069424,0.46845656633377075,0.9981536189069424,0.05089076980948448,0.9934953451156616,1.0,0.9999999403953552
GCN,996,1507,0,1,6,-1.9711929559707642,2.07254695892334,4.043739914894104,0.6708203554153442,0.028268294408917427,-0.035373371094465256,0.6681474447250366,0.13871970772743225,0.45149677908298597,1,0.5401256084442139,0.9993021632937893,1432,0.9999999403953552,1.0,0.6564890789320602,0.9955686853766618,124.44007110595703,1.0,0.6042041182518005,0.9996307237813885,0.6042041182518005,0.9996307237813885,0.02826828882098198,0.998011589050293,1.0,0.9999999403953552
GCN,996,1523,0,1,2,0.15617120265960693,4.4415388107299805,4.2853676080703735,0.8660253286361694,0.05808721482753754,-0.039179105311632156,0.5223069190979004,0.18353058397769928,0.6201212580522926,1,0.535938560962677,0.9993021632937893,1432,0.9999999403953552,1.0,0.5203321779671223,0.9863367799113737,97.06806182861328,1.0,0.47298330068588257,0.9981536189069424,0.47298330068588257,0.9981536189069424,0.05808721110224724,0.9917329549789429,1.0,0.9999999403953552
GCN,996,1541,3,1,1,-4.299742698669434,3.134504795074463,7.4342474937438965,0.9486831426620483,0.09069238603115082,0.02259621024131775,0.4779512584209442,0.18582655489444733,0.6218264494126563,1,0.5345429182052612,0.9993021632937893,1432,0.9999999403953552,1.0,0.4779143623666772,0.9756277695716395,88.88939666748047,1.0,0.4283407926559448,0.9948301329394387,0.4283407926559448,0.9948301329394387,0.09069238603115082,0.9798029661178589,1.0,0.9999999403953552
GCN,996,1546,2,1,5,-4.404215335845947,2.3540594577789307,6.758274793624878,0.7071066498756409,0.025761853903532028,-0.009475968778133392,0.6325810551643372,0.06820708513259888,0.20954907161803712,0,0.5436148047447205,0.9993021632937893,1432,1.0,1.0,0.6247748207712064,0.9948301329394387,118.1048583984375,1.0,0.5731592774391174,0.9992614475627769,0.5731592774391174,0.9992614475627769,0.025761853903532028,0.9983402490615845,1.0,1.0
GCN,996,1554,3,0,4,-7.017640590667725,-0.6334095001220703,6.384231090545654,0.7499998807907104,0.057508327066898346,0.017212051898241043,0.5986970663070679,0.0765460729598999,0.21674876847290642,0,0.5380321145057678,0.9993021632937893,1432,0.9999999403953552,1.0,0.594510194102314,0.9944608567208272,111.60028076171875,1.0,0.5429750680923462,0.9988921713441654,0.5429750680923462,0.9988921713441654,0.05750831961631775,0.9917670488357544,1.0,0.9999999403953552
GCN,996,1561,1,1,2,-1.5320045948028564,3.6224169731140137,5.15442156791687,0.8660253286361694,0.04245861992239952,-0.007766736671328545,0.5180667638778687,0.11163505166769028,0.3721106479727169,1,0.5436148047447205,0.9993021632937893,1432,0.9999999403953552,1.0,0.5175631538960961,0.9859675036927622,96.60673522949219,1.0,0.46847206354141235,0.9981536189069424,0.46847206354141235,0.9981536189069424,0.04245861619710922,0.9955122470855713,1.0,0.9999999403953552
GCN,996,1565,2,1,2,-4.100652694702148,0.7517807483673096,4.852433443069458,0.8660253286361694,0.12177783250808716,0.009252896532416344,0.5329437851905823,0.2457667589187622,0.7896930655551345,1,0.5436148047447205,0.9993021632937893,1432,0.9999999403953552,1.0,0.5351647703508828,0.9889217134416544,96.74103546142578,1.0,0.4729742705821991,0.9981536189069424,0.4729742705821991,0.9981536189069424,0.12177781760692596,0.9645670652389526,1.0,0.9999999403953552
GCN,996,1567,3,1,4,-5.235744953155518,0.7392764091491699,5.9750213623046875,0.7499998807907104,0.048893678933382034,-0.023608673363924026,0.6001759767532349,0.13524556159973145,0.43444486547934824,1,0.5422191023826599,0.9993021632937893,1432,0.9999999403953552,1.0,0.595999472025823,0.9944608567208272,111.64672088623047,1.0,0.5428128838539124,0.9988921713441654,0.5428128838539124,0.9988921713441654,0.04889367148280144,0.994086503982544,1.0,0.9999999403953552
GCN,996,1568,2,1,4,-3.0993480682373047,3.0972838401794434,6.196631908416748,0.7499998807907104,0.026322316378355026,0.014225916936993599,0.5956231951713562,0.04460470378398895,0.11708980674497915,0,0.5415212512016296,0.9993021632937893,1432,0.9999999403953552,1.0,0.5899618422162785,0.9944608567208272,111.51351928710938,1.0,0.540527880191803,0.9988921713441654,0.540527880191803,0.9988921713441654,0.026322314515709877,0.998262882232666,1.0,0.9999999403953552
GCN,996,1583,0,1,10,-0.7163880467414856,3.6658387184143066,4.382226765155792,0.5669466257095337,0.015888851135969162,0.017830654978752136,0.7872262597084045,0.04197123274207115,0.10989010989010989,0,0.5408234596252441,0.9993021632937893,1432,1.0,1.0,0.7707400050670568,1.0,147.0407257080078,1.0,0.7122883796691895,1.0,0.7122883796691895,1.0,0.01588885486125946,0.9993662238121033,1.0,1.0
GCN,996,1589,2,1,3,-3.877108335494995,3.5657103061676025,7.442818641662598,0.8017836213111877,0.03290301933884621,0.018083635717630386,0.5574236512184143,0.02694842964410782,0.10837438423645321,0,0.5366364121437073,0.9993021632937893,1432,0.9999999403953552,1.0,0.554042763829164,0.990029542097489,104.2444839477539,1.0,0.5048723220825195,0.9985228951255539,0.5048723220825195,0.9985228951255539,0.032903023064136505,0.9972872734069824,1.0,0.9999999403953552
GCN,996,1591,3,1,1,-5.524155616760254,2.765038013458252,8.289193630218506,0.9486831426620483,0.07737024128437042,-0.02717202715575695,0.4796532988548279,0.18559694290161133,0.6218264494126563,1,0.5352407097816467,0.9993021632937893,1432,0.9999999403953552,1.0,0.4821595316481068,0.9763663220088626,88.6673583984375,1.0,0.4286005198955536,0.9951994091580503,0.4286005198955536,0.9951994091580503,0.07737024128437042,0.9854496717453003,1.0,0.9999999403953552
GCN,996,1597,3,1,2,-2.7048754692077637,4.462316036224365,7.167191505432129,0.8660253286361694,0.07410874962806702,0.03661014884710312,0.5193175673484802,0.07640793919563293,0.21580143993937098,0,0.5394277572631836,0.9993021632937893,1432,0.9999999403953552,1.0,0.5192667639243536,0.9863367799113737,96.52583312988281,1.0,0.4715527594089508,0.9981536189069424,0.4715527594089508,0.9981536189069424,0.07410874962806702,0.9863487482070923,1.0,0.9999999403953552
GCN,996,1600,3,1,1,-3.9316306114196777,4.179060935974121,8.110691547393799,0.9486831426620483,0.08537032455205917,0.02113897167146206,0.4771152138710022,0.16112558543682098,0.5490716180371353,1,0.5345429182052612,0.9993021632937893,1432,0.9999999403953552,1.0,0.4797063065858838,0.9759970457902511,88.6045150756836,1.0,0.43373221158981323,0.9963072378138847,0.43373221158981323,0.9963072378138847,0.08537031710147858,0.9820603728294373,1.0,0.9999999403953552
GCN,996,1602,0,1,10,3.1447970867156982,7.387366771697998,4.2425696849823,0.5669466257095337,0.01875675655901432,0.1046476885676384,0.7844552993774414,-0.040170811116695404,0.0,0,0.5401256084442139,0.9993021632937893,1432,1.0,1.0,0.7690338618632415,1.0,147.26768493652344,1.0,0.7131442427635193,1.0,0.7131442427635193,1.0,0.018756752833724022,0.9991199970245361,1.0,1.0
GCN,996,1605,3,1,3,-3.4264113903045654,2.957171678543091,6.383583068847656,0.8017836213111877,0.034807637333869934,0.02173570543527603,0.5574023723602295,0.048309944570064545,0.14153088291019325,0,0.5380321145057678,0.9993021632937893,1432,0.9999999403953552,1.0,0.554064037624233,0.990029542097489,104.15568542480469,1.0,0.5063263177871704,0.9985228951255539,0.5063263177871704,0.9985228951255539,0.034807633608579636,0.9969638586044312,1.0,0.9999999403953552
GCN,996,1611,3,1,2,-3.849043846130371,3.479996681213379,7.32904052734375,0.8660253286361694,0.08774266391992569,0.06426499783992767,0.5187975764274597,0.10342726111412048,0.3421750663129973,1,0.5408234596252441,0.9993021632937893,1432,0.9999999403953552,1.0,0.5196804606774683,0.9863367799113737,96.57582092285156,1.0,0.46818026900291443,0.9981536189069424,0.46818026900291443,0.9981536189069424,0.08774265646934509,0.980825662612915,1.0,0.9999999403953552
GCN,996,1628,0,1,17,3.7843761444091797,7.764737129211426,3.980360984802246,0.462909996509552,0.013872208073735237,0.026789015159010887,0.9638152122497559,0.014008218422532082,0.10837438423645321,0,0.5415212512016296,0.9993021632937893,1432,0.9999999403953552,1.0,0.9425884753724869,1.0,180.6741943359375,1.0,0.8749533891677856,1.0,0.8749533891677856,1.0,0.013872208073735237,0.9995168447494507,1.0,0.9999999403953552
GCN,996,1629,2,1,3,-2.995555877685547,4.572758197784424,7.568314075469971,0.8017836213111877,0.040660664439201355,0.04146824777126312,0.5568606853485107,0.017250245437026024,0.10837438423645321,0,0.5394277572631836,0.9993021632937893,1432,1.0,1.0,0.5545079921339077,0.990029542097489,103.9434585571289,1.0,0.505659818649292,0.9985228951255539,0.505659818649292,0.9985228951255539,0.040660660713911057,0.9958516955375671,1.0,1.0
GCN,996,1632,2,1,3,-4.088318824768066,2.9753339290618896,7.063652753829956,0.8017836213111877,0.0515323206782341,0.045688338577747345,0.5574270486831665,0.09098722040653229,0.25142099280030317,0,0.5394277572631836,0.9993021632937893,1432,0.9999999403953552,1.0,0.5554003902815813,0.9911373707533235,104.33602905273438,1.0,0.5049740672111511,0.9985228951255539,0.5049740672111511,0.9985228951255539,0.0515323206782341,0.9933444857597351,1.0,0.9999999403953552
GCN,996,1637,0,1,2,-1.2367056608200073,3.1527631282806396,4.389468789100647,0.8660253286361694,0.07311322540044785,0.05673379451036453,0.5174820423126221,0.13085511326789856,0.4213717317165593,1,0.5415212512016296,0.9993021632937893,1432,0.9999999403953552,1.0,0.5190641842056317,0.9863367799113737,96.84742736816406,1.0,0.47140008211135864,0.9981536189069424,0.47140008211135864,0.9981536189069424,0.07311322540044785,0.9866456985473633,1.0,0.9999999403953552
GCN,996,1644,0,1,2,0.6873897314071655,4.948260307312012,4.260870575904846,0.8660253286361694,0.042852409183979034,-0.04766790196299553,0.5200737118721008,0.1284971535205841,0.4160666919287609,1,0.5415212512016296,0.9993021632937893,1432,0.9999999403953552,1.0,0.5201876229851287,0.9863367799113737,96.84256744384766,1.0,0.4719003736972809,0.9981536189069424,0.4719003736972809,0.9981536189069424,0.042852409183979034,0.9954738616943359,1.0,0.9999999403953552
GCN,996,1645,3,1,4,-1.8768209218978882,2.321633815765381,4.198454737663269,0.7499998807907104,0.03293371945619583,-0.016022153198719025,0.5974069237709045,0.0023471484892070293,0.10837438423645321,0,0.5408234596252441,0.9993021632937893,1432,0.9999999403953552,1.0,0.5901085720139112,0.9944608567208272,111.34540557861328,1.0,0.5395077466964722,0.9988921713441654,0.5395077466964722,0.9988921713441654,0.03293371573090553,0.9972956776618958,1.0,0.9999999403953552
GCN,996,1653,4,1,5,-4.538052082061768,1.9923229217529297,6.530375003814697,0.7071066498756409,0.027107516303658485,0.026379644870758057,0.6313387751579285,0.01015995442867279,0.10837438423645321,0,0.5387299060821533,0.9993021632937893,1432,1.0,1.0,0.6237449203544294,0.9948301329394387,117.95781707763672,1.0,0.5724332928657532,0.9992614475627769,0.5724332928657532,0.9992614475627769,0.027107521891593933,0.9981560707092285,1.0,1.0
GCN,996,1661,5,1,4,0.17670667171478271,4.0806474685668945,3.903940796852112,0.7499998807907104,0.024772167205810547,0.03840753436088562,0.5947357416152954,0.03098500333726406,0.10837438423645321,0,0.5387299060821533,0.9993021632937893,1432,0.9999999403953552,1.0,0.5889758362500901,0.9944608567208272,111.25933837890625,1.0,0.5398458242416382,0.9988921713441654,0.5398458242416382,0.9988921713441654,0.024772165343165398,0.9984588623046875,1.0,0.9999999403953552
GCN,996,1668,2,1,2,-2.009573221206665,3.391223907470703,5.400797128677368,0.8660253286361694,0.052428293973207474,0.00565730407834053,0.5185644030570984,0.0717536062002182,0.21106479727169383,0,0.5380321145057678,0.9993021632937893,1432,0.9999999403953552,1.0,0.516772870971788,0.9859675036927622,96.4992446899414,1.0,0.4674880802631378,0.9981536189069424,0.4674880802631378,0.9981536189069424,0.052428293973207474,0.9931623935699463,1.0,0.9999999403953552
GCN,996,1675,6,1,4,-0.9374809861183167,3.3156304359436035,4.25311142206192,0.7499998807907104,0.028180701658129692,-0.017633572220802307,0.5969337224960327,0.034022290259599686,0.10837438423645321,0,0.5422191023826599,0.9993021632937893,1432,0.9999999403953552,1.0,0.590052965461915,0.9944608567208272,111.34141540527344,1.0,0.5421334505081177,0.9988921713441654,0.5421334505081177,0.9988921713441654,0.028180701658129692,0.9980176091194153,1.0,0.9999999403953552
GCN,996,1679,3,1,3,-5.0171799659729,1.9464010000228882,6.963580965995789,0.8017836213111877,0.04936723783612251,0.006270133424550295,0.5596646666526794,0.06464962661266327,0.20613868889730957,0,0.5373342633247375,0.9993021632937893,1432,0.9999999403953552,1.0,0.5583732276394779,0.9918759231905465,104.51810455322266,1.0,0.5080762505531311,0.9985228951255539,0.5080762505531311,0.9985228951255539,0.049367230385541916,0.9939301013946533,1.0,0.9999999403953552
GCN,996,1684,3,1,2,-4.462989330291748,2.1604251861572266,6.623414516448975,0.8660253286361694,0.07073012739419937,0.049672819674015045,0.5177701115608215,0.12433864921331406,0.4041303524062145,1,0.5380321145057678,0.9993021632937893,1432,0.9999999403953552,1.0,0.5191329634009951,0.9863367799113737,96.26448822021484,1.0,0.4680710434913635,0.9981536189069424,0.4680710434913635,0.9981536189069424,0.07073012739419937,0.9875120520591736,1.0,0.9999999403953552
GCN,996,1688,4,1,3,-2.1756787300109863,4.727707862854004,6.90338659286499,0.8017836213111877,0.042996279895305634,-0.01662585325539112,0.5601174831390381,0.133393332362175,0.4281924971580144,1,0.5380321145057678,0.9993021632937893,1432,0.9999999403953552,1.0,0.5558120181940466,0.9911373707533235,104.70774841308594,1.0,0.5078127980232239,0.9985228951255539,0.5078127980232239,0.9985228951255539,0.042996276170015335,0.9954076409339905,1.0,0.9999999403953552
GCN,996,1695,0,1,3,1.7589716911315918,5.947149276733398,4.188177585601807,0.8017836213111877,0.03938470408320427,-0.0321258045732975,0.5603864789009094,0.03859671205282211,0.10837438423645321,0,0.5401256084442139,0.9993021632937893,1432,0.9999999403953552,1.0,0.5575721041063139,0.9918759231905465,104.93439483642578,1.0,0.509319007396698,0.9985228951255539,0.509319007396698,0.9985228951255539,0.03938470035791397,0.99615478515625,1.0,0.9999999403953552
GCN,996,1705,1,1,7,-1.4010426998138428,3.1334645748138428,4.5345072746276855,0.6396021246910095,0.022932209074497223,0.08369913697242737,0.6957192420959473,-0.0431145578622818,0.0,0,0.5387299060821533,0.9993021632937893,1432,0.9999999403953552,1.0,0.6839369865833173,0.9996307237813885,130.52902221679688,1.0,0.632196843624115,1.0,0.632196843624115,1.0,0.022932205349206924,0.9986804723739624,1.0,0.9999999403953552
GCN,996,1707,5,1,1,-2.756227970123291,3.0870699882507324,5.843297958374023,0.9486831426620483,0.06727758795022964,-0.04020213335752487,0.47858402132987976,0.1784127652645111,0.6059113300492611,1,0.5394277572631836,0.9993021632937893,1432,0.9999999403953552,1.0,0.480026863781891,0.9759970457902511,88.88839721679688,1.0,0.43258097767829895,0.9963072378138847,0.43258097767829895,0.9963072378138847,0.06727758049964905,0.9889782667160034,1.0,0.9999999403953552
GCN,996,1726,2,1,3,-3.218343496322632,3.204026460647583,6.422369956970215,0.8017836213111877,0.029439043253660202,0.012223631143569946,0.557415246963501,0.06125775724649429,0.2019704433497537,0,0.5401256084442139,0.9993021632937893,1432,0.9999999403953552,1.0,0.554053790803418,0.990029542097489,104.16878509521484,1.0,0.5056576132774353,0.9985228951255539,0.5056576132774353,0.9985228951255539,0.0294390469789505,0.997828483581543,1.0,0.9999999403953552
GCN,996,1727,2,1,3,-3.9386630058288574,2.6145987510681152,6.553261756896973,0.8017836213111877,0.041580550372600555,0.026432722806930542,0.557697594165802,0.07070832699537277,0.21049640015157256,0,0.5394277572631836,0.9993021632937893,1432,0.9999999403953552,1.0,0.5540165671615364,0.990029542097489,104.15755462646484,1.0,0.5035601854324341,0.9985228951255539,0.5035601854324341,0.9985228951255539,0.04158054664731026,0.9956701397895813,1.0,0.9999999403953552
GCN,996,1734,2,1,4,-4.374932765960693,2.265279769897461,6.640212535858154,0.7499998807907104,0.04960022494196892,0.0495467334985733,0.5954857468605042,0.07368826121091843,0.21295945433876468,0,0.5415212512016296,0.9993021632937893,1432,0.9999999403953552,1.0,0.5909434292726288,0.9944608567208272,111.37030029296875,1.0,0.5422647595405579,0.9988921713441654,0.5422647595405579,0.9988921713441654,0.04960022121667862,0.9938291907310486,1.0,0.9999999403953552
GCN,996,1749,2,1,4,-4.393747329711914,2.634709119796753,7.028456449508667,0.7499998807907104,0.02372104860842228,0.044301100075244904,0.5945268273353577,0.009864779189229012,0.10837438423645321,0,0.5415212512016296,0.9993021632937893,1432,0.9999999403953552,1.0,0.5886421342917009,0.9944608567208272,111.24238586425781,1.0,0.5405808091163635,0.9988921713441654,0.5405808091163635,0.9988921713441654,0.02372104488313198,0.9985867142677307,1.0,0.9999999403953552
GCN,996,1752,2,1,3,-4.321508407592773,3.4016647338867188,7.723173141479492,0.8017836213111877,0.04047592729330063,-0.005290879402309656,0.5592039823532104,0.10719045251607895,0.359037514209928,1,0.5429169535636902,0.9993021632937893,1432,0.9999999403953552,1.0,0.5562891603465343,0.9911373707533235,104.39144134521484,1.0,0.5069605112075806,0.9985228951255539,0.5069605112075806,0.9985228951255539,0.04047592729330063,0.9959169030189514,1.0,0.9999999403953552
GCN,996,1753,2,1,3,-3.7992653846740723,3.497823715209961,7.297089099884033,0.8017836213111877,0.03781340271234512,-0.003500737249851227,0.5588123202323914,0.1009284257888794,0.3266388783630163,1,0.5422191023826599,0.9993021632937893,1432,0.9999999403953552,1.0,0.5566633521007986,0.9918759231905465,104.45729064941406,1.0,0.5066454410552979,0.9985228951255539,0.5066454410552979,0.9985228951255539,0.037813398987054825,0.9964323043823242,1.0,0.9999999403953552
GCN,996,1760,2,1,2,-2.6542584896087646,3.8764047622680664,6.530663251876831,0.8660253286361694,0.03895721957087517,0.030141862109303474,0.5159680843353271,0.06894172728061676,0.20954907161803712,0,0.5373342633247375,0.9993021632937893,1432,0.9999999403953552,1.0,0.5173326305967569,0.9859675036927622,96.39569091796875,1.0,0.4688219428062439,0.9981536189069424,0.4688219428062439,0.9981536189069424,0.03895721957087517,0.9961956739425659,1.0,0.9999999403953552
GCN,996,1764,5,1,2,-2.691204071044922,3.3890316486358643,6.080235719680786,0.8660253286361694,0.04298344999551773,0.023807648569345474,0.5165680646896362,0.09024645388126373,0.24820007578628267,0,0.5373342633247375,0.9993021632937893,1432,0.9999999403953552,1.0,0.5170898725673534,0.9859675036927622,96.66963958740234,1.0,0.4683205783367157,0.9981536189069424,0.4683205783367157,0.9981536189069424,0.04298344999551773,0.9953759908676147,1.0,0.9999999403953552
GCN,996,1768,1,1,3,-1.9920830726623535,2.938108205795288,4.930191278457642,0.8017836213111877,0.0384545661509037,-0.00016497448086738586,0.5587238669395447,0.10624349117279053,0.3560060629026146,1,0.5401256084442139,0.9993021632937893,1432,0.9999999403953552,1.0,0.5566060373368813,0.9918759231905465,104.5167465209961,1.0,0.5096314549446106,0.9985228951255539,0.5096314549446106,0.9985228951255539,0.0384545661509037,0.9963088631629944,1.0,0.9999999403953552
GCN,996,1771,1,1,3,-2.1294021606445312,2.6695713996887207,4.798973560333252,0.8017836213111877,0.02847922407090664,0.09741832315921783,0.5543217062950134,-0.004453197121620178,0.0,0,0.5387299060821533,0.9993021632937893,1432,0.9999999403953552,1.0,0.5517942433440984,0.990029542097489,104.1052017211914,1.0,0.5041916966438293,0.9985228951255539,0.5041916966438293,0.9985228951255539,0.02847922593355179,0.9979644417762756,1.0,0.9999999403953552
GCN,996,1777,1,1,5,-2.838744878768921,1.721433162689209,4.56017804145813,0.7071066498756409,0.02049332670867443,0.07659301161766052,0.6296295523643494,-0.014031721279025078,0.0,0,0.5408234596252441,0.9993021632937893,1432,1.0,1.0,0.6222663462719087,0.9944608567208272,118.0133285522461,1.0,0.5710230469703674,0.9992614475627769,0.5710230469703674,0.9992614475627769,0.02049332857131958,0.9989462494850159,1.0,1.0
GCN,996,1779,1,1,6,-2.037278652191162,2.195981979370117,4.233260631561279,0.6708203554153442,0.01649351976811886,0.06684792041778564,0.6641379594802856,-0.03350016474723816,0.0,0,0.5401256084442139,0.9993021632937893,1432,0.9999999403953552,1.0,0.6542067052854417,0.9951994091580503,124.37670135498047,1.0,0.6028598546981812,0.9996307237813885,0.6028598546981812,0.9996307237813885,0.01649351976811886,0.9993175268173218,1.0,0.9999999403953552
GCN,996,1781,1,1,5,-2.047088146209717,2.392427444458008,4.439515590667725,0.7071066498756409,0.020358620211482048,0.009064828976988792,0.6315814852714539,0.08579440414905548,0.23114816218264495,0,0.5422191023826599,0.9993021632937893,1432,1.0,1.0,0.6229074973980587,0.9944608567208272,118.07230377197266,1.0,0.5723598003387451,0.9992614475627769,0.5723598003387451,0.9992614475627769,0.020358620211482048,0.9989604353904724,1.0,1.0
GCN,996,1783,1,1,2,-2.192086696624756,2.418600082397461,4.610686779022217,0.8660253286361694,0.05284871533513069,0.0640372484922409,0.5150661468505859,0.06240680441260338,0.20310723758999621,0,0.5401256084442139,0.9993021632937893,1432,0.9999999403953552,1.0,0.5150342794231679,0.9844903988183161,96.7364730834961,1.0,0.46877315640449524,0.9981536189069424,0.46877315640449524,0.9981536189069424,0.05284871160984039,0.9929854869842529,1.0,0.9999999403953552
GCN,996,1786,1,1,3,-2.3857192993164062,2.771477699279785,5.157196998596191,0.8017836213111877,0.04280943050980568,0.035043299198150635,0.5573427677154541,0.08523118495941162,0.23001136794240243,0,0.5387299060821533,0.9993021632937893,1432,1.0,1.0,0.5552929005682026,0.9911373707533235,104.2358627319336,1.0,0.5066749453544617,0.9985228951255539,0.5066749453544617,0.9985228951255539,0.04280943050980568,0.9954062700271606,1.0,0.9999999403953552
GCN,996,1794,4,1,4,-2.982517957687378,3.624624729156494,6.607142686843872,0.7499998807907104,0.03236208111047745,-0.026738714426755905,0.5977997183799744,0.050796981900930405,0.16331943918150815,0,0.5387299060821533,0.9993021632937893,1432,0.9999999403953552,1.0,0.5917502406917158,0.9944608567208272,111.8825912475586,1.0,0.5410301685333252,0.9988921713441654,0.5410301685333252,0.9988921713441654,0.03236207738518715,0.9973934888839722,1.0,0.9999999403953552
GCN,996,1803,0,1,4,-0.23261308670043945,3.456315040588379,3.6889281272888184,0.7499998807907104,0.03411750867962837,0.03386319428682327,0.5952860116958618,0.03637748956680298,0.10837438423645321,0,0.5401256084442139,0.9993021632937893,1432,0.9999999403953552,1.0,0.5892455497075162,0.9944608567208272,111.74290466308594,1.0,0.5406209826469421,0.9988921713441654,0.5406209826469421,0.9988921713441654,0.03411751240491867,0.9970793128013611,1.0,0.9999999403953552
GCN,996,1807,3,1,5,-3.2418036460876465,2.532269239425659,5.774072885513306,0.7071066498756409,0.027405831962823868,0.013156987726688385,0.6318655610084534,0.06445227563381195,0.20500189465706706,0,0.5415212512016296,0.9993021632937893,1432,0.9999999403953552,1.0,0.6246821071893864,0.9948301329394387,118.09445190429688,1.0,0.5731614828109741,0.9992614475627769,0.5731614828109741,0.9992614475627769,0.027405831962823868,0.9981173276901245,1.0,0.9999999403953552
GCN,996,1809,3,1,3,-3.2943007946014404,3.1935222148895264,6.487823009490967,0.8017836213111877,0.030296210199594498,0.015388387255370617,0.557354211807251,0.06785516440868378,0.2084122773777946,0,0.5415212512016296,0.9993021632937893,1432,1.0,1.0,0.5555313300440464,0.9911373707533235,104.29743194580078,1.0,0.5068920254707336,0.9985228951255539,0.5068920254707336,0.9985228951255539,0.03029620833694935,0.9976998567581177,1.0,0.9999999403953552
GCN,996,1810,3,0,44,-8.835755348205566,-4.7896504402160645,4.046104907989502,0.3061861991882324,0.00793925579637289,0.06097543239593506,1.4563101530075073,-0.002720363438129425,0.0,0,0.5408234596252441,0.9993021632937893,1432,0.9999999403953552,1.0,1.4264275745039339,1.0,272.23162841796875,1.0,1.3160457611083984,1.0,1.3160457611083984,1.0,0.007939247414469719,0.9998420476913452,1.0,0.9999999403953552
GCN,996,1817,3,1,2,-2.6402721405029297,3.830965518951416,6.471237659454346,0.8660253286361694,0.040711306035518646,-0.01623445190489292,0.51826012134552,0.10494711250066757,0.3446381205001895,1,0.5380321145057678,0.9993021632937893,1432,0.9999999403953552,1.0,0.519084250530111,0.9863367799113737,96.40335845947266,1.0,0.46893250942230225,0.9981536189069424,0.46893250942230225,0.9981536189069424,0.040711306035518646,0.9958788156509399,1.0,0.9999999403953552
GCN,996,1822,3,1,2,-4.308501243591309,2.1728734970092773,6.481374740600586,0.8660253286361694,0.04931676387786865,0.020531632006168365,0.5173343420028687,0.06917363405227661,0.20954907161803712,0,0.535938560962677,0.9993021632937893,1432,0.9999999403953552,1.0,0.518520864184627,0.9859675036927622,96.58533477783203,1.0,0.46845710277557373,0.9981536189069424,0.46845710277557373,0.9981536189069424,0.04931676387786865,0.9939258098602295,1.0,0.9999999403953552
GCN,996,1825,5,1,4,-3.784350872039795,2.3255724906921387,6.109923362731934,0.7499998807907104,0.026812797412276268,0.029405927285552025,0.5951103568077087,0.04557493329048157,0.12182644941265632,0,0.5387299060821533,0.9993021632937893,1432,0.9999999403953552,1.0,0.5896096428122088,0.9944608567208272,111.20997619628906,1.0,0.5401405096054077,0.9988921713441654,0.5401405096054077,0.9988921713441654,0.026812799274921417,0.9981955289840698,1.0,0.9999999403953552
GCN,996,1829,5,1,5,-2.657095432281494,3.044146776199341,5.701242208480835,0.7071066498756409,0.027531038969755173,0.06118815764784813,0.6300033330917358,0.015227802097797394,0.10837438423645321,0,0.5394277572631836,0.9993021632937893,1432,0.9999999403953552,1.0,0.6224904700013183,0.9944608567208272,118.1705551147461,1.0,0.5717924237251282,0.9992614475627769,0.5717924237251282,0.9992614475627769,0.02753104269504547,0.9980956315994263,1.0,0.9999999403953552
GCN,996,1836,6,1,2,-1.7989134788513184,2.473435401916504,4.272348880767822,0.8660253286361694,0.05269947648048401,0.02202155813574791,0.5176087021827698,0.1354171335697174,0.43444486547934824,1,0.5408234596252441,0.9993021632937893,1432,0.9999999403953552,1.0,0.5171576177256362,0.9859675036927622,96.85004425048828,1.0,0.47007855772972107,0.9981536189069424,0.47007855772972107,0.9981536189069424,0.05269946902990341,0.9930686950683594,1.0,0.9999999403953552
GCN,996,1838,0,1,4,1.7915840148925781,5.843831539154053,4.052247524261475,0.7499998807907104,0.02996130846440792,0.026950839906930923,0.5953519940376282,0.07929293066263199,0.22034861690034105,0,0.5429169535636902,0.9993021632937893,1432,0.9999999403953552,1.0,0.5896727712032029,0.9944608567208272,111.85824584960938,1.0,0.5431395173072815,0.9988921713441654,0.5431395173072815,0.9988921713441654,0.02996130846440792,0.9977477788925171,1.0,0.9999999403953552
GCN,996,1841,0,1,5,2.8417413234710693,6.566554069519043,3.7248127460479736,0.7071066498756409,0.02428826317191124,0.038532085716724396,0.6307969093322754,0.05476237088441849,0.18927624100037893,0,0.5422191023826599,0.9993021632937893,1432,1.0,1.0,0.6234487355684972,0.9944608567208272,118.49178314208984,1.0,0.5748220682144165,0.9996307237813885,0.5748220682144165,0.9996307237813885,0.02428826503455639,0.9985184669494629,1.0,1.0
GCN,996,1845,5,1,2,0.31860804557800293,4.762363910675049,4.443755865097046,0.8660253286361694,0.04723455011844635,-0.012284932658076286,0.5189050436019897,0.09988710284233093,0.31110269041303523,0,0.5408234596252441,0.9993021632937893,1432,0.9999999403953552,1.0,0.5184720075825823,0.9859675036927622,96.78825378417969,1.0,0.4713723361492157,0.9981536189069424,0.4713723361492157,0.9981536189069424,0.04723455384373665,0.9944615364074707,1.0,0.9999999403953552
GCN,996,1852,3,1,2,-1.8747947216033936,3.51567006111145,5.390464782714844,0.8660253286361694,0.04241049662232399,0.01309126615524292,0.517043948173523,0.08011923730373383,0.2209170140204623,0,0.5408234596252441,0.9993021632937893,1432,0.9999999403953552,1.0,0.5180242954580552,0.9859675036927622,96.7856216430664,1.0,0.46887651085853577,0.9981536189069424,0.46887651085853577,0.9981536189069424,0.04241049662232399,0.9955052137374878,1.0,0.9999999403953552
GCN,996,1853,3,1,1,-2.6407480239868164,4.164886951446533,6.80563497543335,0.9486831426620483,0.07529958337545395,-0.06904710829257965,0.4824806749820709,0.23264478147029877,0.7589996210685865,1,0.5387299060821533,0.9993021632937893,1432,0.9999999403953552,1.0,0.4848096804461236,0.9763663220088626,88.52389526367188,1.0,0.4328385293483734,0.9963072378138847,0.4328385293483734,0.9963072378138847,0.07529958337545395,0.9864408373832703,1.0,0.9999999403953552
GCN,996,1858,3,1,2,-3.216193437576294,3.7075443267822266,6.9237377643585205,0.8660253286361694,0.04219500720500946,0.05019848793745041,0.5152183771133423,0.04664044454693794,0.13092080333459644,0,0.5373342633247375,0.9993021632937893,1432,0.9999999403953552,1.0,0.516451346870902,0.9859675036927622,96.74475860595703,1.0,0.4702771306037903,0.9981536189069424,0.4702771306037903,0.9981536189069424,0.04219500720500946,0.99552983045578,1.0,0.9999999403953552
GCN,996,1862,3,1,4,-6.110679626464844,0.6253097057342529,6.735989332199097,0.7499998807907104,0.03824695572257042,-0.09108380228281021,0.6018789410591125,0.1196293979883194,0.39674118984463813,1,0.5394277572631836,0.9993021632937893,1432,0.9999999403953552,1.0,0.5970435648458983,0.9944608567208272,111.50318908691406,1.0,0.5423310399055481,0.9988921713441654,0.5423310399055481,0.9988921713441654,0.03824695572257042,0.9964339733123779,1.0,0.9999999403953552
GCN,996,1866,3,1,2,-3.9057743549346924,3.204780101776123,7.110554456710815,0.8660253286361694,0.050968583673238754,-0.04301592335104942,0.5212199091911316,0.16644784808158875,0.563849943160288,1,0.5387299060821533,0.9993021632937893,1432,0.9999999403953552,1.0,0.521760446002469,0.9863367799113737,96.61087036132812,1.0,0.4699355363845825,0.9981536189069424,0.4699355363845825,0.9981536189069424,0.05096858739852905,0.9936164617538452,1.0,0.9999999403953552
GCN,996,1870,3,1,4,-3.535767078399658,2.583163261413574,6.118930339813232,0.7499998807907104,0.035886626690626144,0.02172718569636345,0.5959711670875549,0.06076151505112648,0.20121258052292534,0,0.5401256084442139,0.9993021632937893,1432,0.9999999403953552,1.0,0.591560895850117,0.9944608567208272,111.39196014404297,1.0,0.5404190421104431,0.9988921713441654,0.5404190421104431,0.9988921713441654,0.035886626690626144,0.996773362159729,1.0,0.9999999403953552
GCN,996,1872,3,1,1,-2.5349841117858887,4.677365303039551,7.2123494148254395,0.9486831426620483,0.06322353333234787,0.04732836037874222,0.4720216989517212,0.09417866915464401,0.2737779461917393,0,0.5387299060821533,0.9993021632937893,1432,0.9999999403953552,1.0,0.4785500650273714,0.9756277695716395,88.75654602050781,1.0,0.4296789765357971,0.9959379615952733,0.4296789765357971,0.9959379615952733,0.06322353333234787,0.9900054931640625,1.0,0.9999999403953552
GCN,996,1878,5,1,3,-1.8858133554458618,3.7766733169555664,5.662486672401428,0.8017836213111877,0.03861081600189209,0.042204052209854126,0.5567042231559753,0.0370568186044693,0.10837438423645321,0,0.5401256084442139,0.9993021632937893,1432,1.0,1.0,0.5541242506769519,0.990029542097489,104.08245086669922,1.0,0.5054178833961487,0.9985228951255539,0.5054178833961487,0.9985228951255539,0.03861081972718239,0.9962583184242249,1.0,1.0
GCN,996,1879,5,1,4,-0.38183319568634033,4.006671905517578,4.3885051012039185,0.7499998807907104,0.02803422138094902,0.03146900609135628,0.5950854420661926,0.03772542625665665,0.10837438423645321,0,0.5394277572631836,0.9993021632937893,1432,0.9999999403953552,1.0,0.5900590263759828,0.9944608567208272,111.65972137451172,1.0,0.5415403246879578,0.9988921713441654,0.5415403246879578,0.9988921713441654,0.02803422138094902,0.9980272054672241,1.0,0.9999999403953552
GCN,996,1881,5,1,5,-5.1541361808776855,1.0004312992095947,6.15456748008728,0.7071066498756409,0.03032173030078411,-0.0012513156980276108,0.6326944231987,0.04316997528076172,0.1110269041303524,0,0.5380321145057678,0.9993021632937893,1432,1.0,1.0,0.6248629896669832,0.9948301329394387,118.07501220703125,1.0,0.5728126764297485,0.9992614475627769,0.5728126764297485,0.9992614475627769,0.03032173402607441,0.997700572013855,1.0,1.0
GCN,996,1891,4,1,3,-1.8911569118499756,4.548434257507324,6.4395911693573,0.8017836213111877,0.03477390855550766,0.058920614421367645,0.5557870864868164,0.034509606659412384,0.10837438423645321,0,0.5373342633247375,0.9993021632937893,1432,1.0,1.0,0.554275117625905,0.990029542097489,104.09085845947266,1.0,0.5056125521659851,0.9985228951255539,0.5056125521659851,0.9985228951255539,0.03477390855550766,0.9969611763954163,1.0,1.0
GCN,996,1899,5,1,5,-2.415506362915039,3.142706871032715,5.558213233947754,0.7071066498756409,0.03274163976311684,0.05630301684141159,0.630276620388031,-0.00837726704776287,0.0,0,0.5394277572631836,0.9993021632937893,1432,1.0,1.0,0.6219140639567778,0.9944608567208272,117.94772338867188,1.0,0.5701673030853271,0.9988921713441654,0.5701673030853271,0.9988921713441654,0.032741643488407135,0.997306227684021,1.0,1.0
GCN,996,1901,5,1,6,-4.786582946777344,0.7404550909996033,5.527038037776947,0.6708203554153442,0.02412213757634163,0.04544847086071968,0.6646654009819031,-0.026418369263410568,0.0,0,0.5415212512016296,0.9993021632937893,1432,0.9999999403953552,1.0,0.6545693129242574,0.9951994091580503,124.38027954101562,1.0,0.6028486490249634,0.9996307237813885,0.6028486490249634,0.9996307237813885,0.02412213571369648,0.9985385537147522,1.0,0.9999999403953552
GCN,996,1904,5,1,3,-3.6959667205810547,1.7604879140853882,5.456454634666443,0.8017836213111877,0.03409658744931221,0.07379406690597534,0.5551378130912781,0.025484077632427216,0.10837438423645321,0,0.5387299060821533,0.9993021632937893,1432,0.9999999403953552,1.0,0.5519202069335972,0.990029542097489,104.07715606689453,1.0,0.5044134855270386,0.9985228951255539,0.5044134855270386,0.9985228951255539,0.03409659117460251,0.9970775842666626,1.0,0.9999999403953552
GCN,996,1906,4,1,5,-1.6003520488739014,4.468397617340088,6.068749666213989,0.7071066498756409,0.022715983912348747,-0.021643679589033127,0.6326969265937805,0.05969852954149246,0.19950738916256158,0,0.5415212512016296,0.9993021632937893,1432,0.9999999403953552,1.0,0.6241681046165876,0.9948301329394387,118.23736572265625,1.0,0.5729002952575684,0.9992614475627769,0.5729002952575684,0.9992614475627769,0.022715983912348747,0.9987107515335083,1.0,0.9999999403953552
GCN,996,1909,0,1,6,0.36503052711486816,5.293217182159424,4.928186655044556,0.6708203554153442,0.02229304611682892,-0.06753230094909668,0.668395459651947,0.035389237105846405,0.10837438423645321,0,0.5429169535636902,0.9993021632937893,1432,0.9999999403953552,1.0,0.6581111356935881,0.9955686853766618,124.60211944580078,1.0,0.6050686240196228,0.9996307237813885,0.6050686240196228,0.9996307237813885,0.02229304425418377,0.9987688660621643,1.0,0.9999999403953552
GCN,996,1911,5,1,4,-0.532193660736084,4.196800231933594,4.728993892669678,0.7499998807907104,0.03258530795574188,0.005341675132513046,0.5964401960372925,-0.002646777778863907,0.0,0,0.5394277572631836,0.9993021632937893,1432,0.9999999403953552,1.0,0.5901714702943249,0.9944608567208272,111.95833587646484,1.0,0.5426144003868103,0.9988921713441654,0.5426144003868103,0.9988921713441654,0.03258530795574188,0.9973434209823608,1.0,0.9999999403953552
GCN,996,1913,0,1,4,1.6863868236541748,5.912143707275391,4.225756883621216,0.7499998807907104,0.026215925812721252,-0.08401188999414444,0.5990378856658936,0.10980787128210068,0.367942402425161,1,0.5408234596252441,0.9993021632937893,1432,0.9999999403953552,1.0,0.5922354907717821,0.9944608567208272,111.87081146240234,1.0,0.5435192584991455,0.9988921713441654,0.5435192584991455,0.9988921713441654,0.026215925812721252,0.9983081817626953,1.0,0.9999999403953552
GCN,996,1916,6,1,3,-0.4698912501335144,4.013050556182861,4.482941806316376,0.8017836213111877,0.0381162203848362,0.03096376731991768,0.5572113394737244,0.036644548177719116,0.10837438423645321,0,0.5415212512016296,0.9993021632937893,1432,1.0,1.0,0.5518645596839715,0.990029542097489,104.4161605834961,1.0,0.5071753859519958,0.9985228951255539,0.5071753859519958,0.9985228951255539,0.038116224110126495,0.9963574409484863,1.0,0.9999999403953552
GCN,996,1918,6,1,2,-0.48637115955352783,3.8974227905273438,4.383793950080872,0.8660253286361694,0.09712883830070496,0.04396720230579376,0.5225831270217896,0.16868004202842712,0.5744600227358848,1,0.5429169535636902,0.9993021632937893,1432,0.9999999403953552,1.0,0.5244824242388096,0.9863367799113737,97.03356170654297,1.0,0.4739491641521454,0.9981536189069424,0.4739491641521454,0.9981536189069424,0.09712883830070496,0.9767441153526306,1.0,0.9999999403953552
GCN,996,1920,0,1,6,-0.5095726251602173,2.9980249404907227,3.50759756565094,0.6708203554153442,0.023431699723005295,-0.006774112582206726,0.6664808392524719,0.011997136287391186,0.10837438423645321,0,0.5394277572631836,0.9993021632937893,1432,0.9999999403953552,1.0,0.6522099477636306,0.9951994091580503,124.59063720703125,1.0,0.6037996411323547,0.9996307237813885,0.6037996411323547,0.9996307237813885,0.023431699723005295,0.9986258149147034,1.0,0.9999999403953552
GCN,996,1925,0,1,3,0.47941064834594727,5.185037612915039,4.705626964569092,0.8017836213111877,0.033570628613233566,-0.023099318146705627,0.5591896772384644,0.09464713931083679,0.27453580901856767,0,0.5394277572631836,0.9993021632937893,1432,0.9999999403953552,1.0,0.5568273666080804,0.9918759231905465,104.73820495605469,1.0,0.5084202885627747,0.9985228951255539,0.5084202885627747,0.9985228951255539,0.033570628613233566,0.9971944093704224,1.0,0.9999999403953552
GCN,996,1931,3,1,3,-2.9111318588256836,3.553272247314453,6.464404106140137,0.8017836213111877,0.02676834538578987,0.01431785337626934,0.5571765899658203,0.06517559289932251,0.20651762031072377,0,0.5408234596252441,0.9993021632937893,1432,0.9999999403953552,1.0,0.5557222788371072,0.9911373707533235,104.1294937133789,1.0,0.5060044527053833,0.9985228951255539,0.5060044527053833,0.9985228951255539,0.02676834724843502,0.9982035160064697,1.0,0.9999999403953552
GCN,996,1932,3,1,3,-3.05485463142395,3.3697545528411865,6.424609184265137,0.8017836213111877,0.037597812712192535,0.04962431639432907,0.5563016533851624,-0.0008235364221036434,0.0,0,0.5401256084442139,0.9993021632937893,1432,0.9999999403953552,1.0,0.553906522247721,0.990029542097489,104.01637268066406,1.0,0.5056007504463196,0.9985228951255539,0.5056007504463196,0.9985228951255539,0.037597816437482834,0.9964497089385986,1.0,0.9999999403953552
GCN,996,1936,3,1,5,-3.651052951812744,2.0030717849731445,5.654124736785889,0.7071066498756409,0.024816513061523438,0.0302499420940876,0.6310999989509583,0.07237841188907623,0.21163319439181508,0,0.5415212512016296,0.9993021632937893,1432,1.0,1.0,0.6235224185559645,0.9944608567208272,117.92829895019531,1.0,0.5727984309196472,0.9992614475627769,0.5727984309196472,0.9992614475627769,0.024816514924168587,0.9984539151191711,1.0,1.0
GCN,996,1938,3,1,1,-3.1315195560455322,4.089847087860107,7.22136664390564,0.9486831426620483,0.09287750720977783,0.02358304336667061,0.4782710671424866,0.16474227607250214,0.5625236832133383,1,0.5387299060821533,0.9993021632937893,1432,0.9999999403953552,1.0,0.48286337476418695,0.9763663220088626,89.62487030029297,1.0,0.43336835503578186,0.9963072378138847,0.43336835503578186,0.9963072378138847,0.09287750720977783,0.9788368940353394,1.0,0.9999999403953552
GCN,996,1942,3,1,3,-3.1809263229370117,3.4916586875915527,6.6725850105285645,0.8017836213111877,0.03432358801364899,-0.0457209087908268,0.5602453947067261,0.12675365805625916,0.41114058355437666,1,0.5401256084442139,0.9993021632937893,1432,0.9999999403953552,1.0,0.5572375660480747,0.9918759231905465,104.21741485595703,1.0,0.5084763169288635,0.9985228951255539,0.5084763169288635,0.9985228951255539,0.03432358801364899,0.9970824718475342,1.0,0.9999999403953552
GCN,996,1947,3,1,4,-5.227704048156738,1.0739505290985107,6.301654577255249,0.7499998807907104,0.028092721477150917,-0.01148842740803957,0.5966947674751282,0.05368536710739136,0.18226600985221675,0,0.5408234596252441,0.9993021632937893,1432,0.9999999403953552,1.0,0.5918746746026085,0.9944608567208272,111.44911193847656,1.0,0.5407363176345825,0.9988921713441654,0.5407363176345825,0.9988921713441654,0.028092719614505768,0.998028039932251,1.0,0.9999999403953552
GCN,996,1959,5,0,5,-5.963039875030518,-0.11270308494567871,5.850336790084839,0.7071066498756409,0.02964317612349987,0.03298863768577576,0.6311951279640198,0.01840246096253395,0.10837438423645321,0,0.5394277572631836,0.9993021632937893,1432,1.0,1.0,0.6232302165757145,0.9944608567208272,117.9605941772461,1.0,0.571533203125,0.9992614475627769,0.571533203125,0.9992614475627769,0.02964317612349987,0.9977943897247314,1.0,1.0
GCN,996,1961,5,1,3,-4.152746200561523,2.5480270385742188,6.700773239135742,0.8017836213111877,0.03412124142050743,0.009488888084888458,0.5578752160072327,0.010873580351471901,0.10837438423645321,0,0.5373342633247375,0.9993021632937893,1432,0.9999999403953552,1.0,0.5541642635933919,0.990029542097489,104.22003936767578,1.0,0.5056377053260803,0.9985228951255539,0.5056377053260803,0.9985228951255539,0.03412124142050743,0.9970864057540894,1.0,0.9999999403953552
GCN,996,1962,5,1,3,-3.497948408126831,2.9049689769744873,6.402917385101318,0.8017836213111877,0.0409243181347847,-0.05710331350564957,0.561883807182312,0.11473491787910461,0.3874573702159909,1,0.5366364121437073,0.9993021632937893,1432,0.9999999403953552,1.0,0.5591406912201984,0.992245199409158,104.62223815917969,1.0,0.5077466368675232,0.9985228951255539,0.5077466368675232,0.9985228951255539,0.0409243181347847,0.9958789944648743,1.0,0.9999999403953552
GCN,996,1969,4,1,3,-3.024941921234131,4.274393558502197,7.299335479736328,0.8017836213111877,0.042418546974658966,0.029963985085487366,0.5575817227363586,0.05586126446723938,0.19268662372110648,0,0.5415212512016296,0.9993021632937893,1432,0.9999999403953552,1.0,0.5562854369801894,0.9911373707533235,104.26426696777344,1.0,0.5076009035110474,0.9985228951255539,0.5076009035110474,0.9985228951255539,0.042418550699949265,0.9954924583435059,1.0,0.9999999403953552
GCN,996,1972,6,1,3,-1.139021873474121,2.866077423095703,4.005099296569824,0.8017836213111877,0.03172735869884491,-0.019940689206123352,0.5588448643684387,0.06398002803325653,0.20500189465706706,0,0.5422191023826599,0.9993021632937893,1432,1.0,1.0,0.553589284406713,0.990029542097489,104.18424987792969,1.0,0.5056633949279785,0.9985228951255539,0.5056633949279785,0.9985228951255539,0.03172735497355461,0.9974908828735352,1.0,1.0
GCN,996,1977,3,1,2,0.212793231010437,4.12155818939209,3.908764958381653,0.8660253286361694,0.04147058352828026,-0.02392887882888317,0.5187207460403442,0.1137896478176117,0.38044713906782873,1,0.5401256084442139,0.9993021632937893,1432,0.9999999403953552,1.0,0.5178616592839799,0.9859675036927622,96.74506378173828,1.0,0.4676879644393921,0.9981536189069424,0.4676879644393921,0.9981536189069424,0.04147058352828026,0.9957321882247925,1.0,0.9999999403953552
GCN,996,1983,0,1,4,0.2051924467086792,5.138393402099609,4.93320095539093,0.7499998807907104,0.02255108952522278,-0.011626019142568111,0.5961959362030029,0.019452771171927452,0.10837438423645321,0,0.5401256084442139,0.9993021632937893,1432,0.9999999403953552,1.0,0.5909052764079212,0.9944608567208272,111.54837036132812,1.0,0.5411664843559265,0.9988921713441654,0.5411664843559265,0.9988921713441654,0.022551091387867928,0.998727560043335,1.0,0.9999999403953552
GCN,996,1996,3,0,5,-7.227269172668457,-0.9224779605865479,6.304791212081909,0.7071066498756409,0.035515155643224716,-0.03600086271762848,0.6349810361862183,0.052525900304317474,0.1733611216369837,0,0.5436148047447205,0.9993021632937893,1432,1.0,1.0,0.6277595871026543,0.9948301329394387,117.94978332519531,1.0,0.5717263221740723,0.9992614475627769,0.5717263221740723,0.9992614475627769,0.035515159368515015,0.9968708157539368,1.0,1.0
GCN,996,2004,3,1,4,-4.939848899841309,1.536426067352295,6.4762749671936035,0.7499998807907104,0.029339486733078957,0.023762010037899017,0.5954439043998718,0.03255557641386986,0.10837438423645321,0,0.5394277572631836,0.9993021632937893,1432,0.9999999403953552,1.0,0.5906862973895296,0.9944608567208272,111.14285278320312,1.0,0.5397369861602783,0.9988921713441654,0.5397369861602783,0.9988921713441654,0.029339486733078957,0.9978408217430115,1.0,0.9999999403953552
GCN,996,2006,3,1,3,-5.307764053344727,1.5652563571929932,6.87302041053772,0.8017836213111877,0.043684832751750946,0.012711998075246811,0.5586239695549011,0.047738637775182724,0.13793103448275862,0,0.5373342633247375,0.9993021632937893,1432,0.9999999403953552,1.0,0.5557032405403196,0.9911373707533235,104.03372192382812,1.0,0.5041838884353638,0.9985228951255539,0.5041838884353638,0.9985228951255539,0.043684832751750946,0.9952329397201538,1.0,0.9999999403953552
GCN,996,2010,0,1,4,0.15220272541046143,4.034064769744873,3.8818620443344116,0.7499998807907104,0.028498560190200806,0.010068564675748348,0.5959177613258362,0.051864881068468094,0.1724137931034483,0,0.5401256084442139,0.9993021632937893,1432,0.9999999403953552,1.0,0.5907473180147395,0.9944608567208272,111.53141021728516,1.0,0.5401709675788879,0.9988921713441654,0.5401709675788879,0.9988921713441654,0.028498560190200806,0.9979652166366577,1.0,0.9999999403953552
GCN,996,2011,3,1,3,-1.5564188957214355,4.273838520050049,5.830257415771484,0.8017836213111877,0.028305912390351295,0.05347726121544838,0.5558846592903137,0.015913721174001694,0.10837438423645321,0,0.5401256084442139,0.9993021632937893,1432,0.9999999403953552,1.0,0.5532423724628235,0.990029542097489,103.77015686035156,1.0,0.5046725869178772,0.9985228951255539,0.5046725869178772,0.9985228951255539,0.028305912390351295,0.9979870319366455,1.0,0.9999999403953552
GCN,996,2014,3,1,2,0.6816790103912354,4.580906867980957,3.8992278575897217,0.8660253286361694,0.04926475137472153,0.059921734035015106,0.5150918960571289,0.03415583074092865,0.10837438423645321,0,0.5401256084442139,0.9993021632937893,1432,0.9999999403953552,1.0,0.5163125165166553,0.9844903988183161,96.71380615234375,1.0,0.46799665689468384,0.9981536189069424,0.46799665689468384,0.9981536189069424,0.049264755100011826,0.9939050078392029,1.0,0.9999999403953552
GCN,996,2015,6,1,3,0.568248987197876,4.002536296844482,3.4342873096466064,0.8017836213111877,0.027811937034130096,0.019382208585739136,0.5570619106292725,-0.001367121934890747,0.0,0,0.5415212512016296,0.9993021632937893,1432,0.9999999403953552,1.0,0.5543819983125573,0.990029542097489,104.21387481689453,1.0,0.5053616762161255,0.9985228951255539,0.5053616762161255,0.9985228951255539,0.027811937034130096,0.9980600476264954,1.0,0.9999999403953552
GCN,996,2019,0,1,2,-0.04478263854980469,3.639150619506836,3.6839332580566406,0.8660253286361694,0.0535748191177845,-0.06009216979146004,0.5227386951446533,0.16604875028133392,0.563849943160288,1,0.5408234596252441,0.9993021632937893,1432,0.9999999403953552,1.0,0.5194665108406253,0.9863367799113737,96.6029281616211,1.0,0.4705585241317749,0.9981536189069424,0.4705585241317749,0.9981536189069424,0.0535748191177845,0.9929981231689453,1.0,0.9999999403953552
GCN,996,2038,3,1,2,-2.0696632862091064,5.140803337097168,7.210466623306274,0.8660253286361694,0.05329085513949394,0.04052988812327385,0.516539454460144,0.07672583311796188,0.21674876847290642,0,0.5373342633247375,0.9993021632937893,1432,0.9999999403953552,1.0,0.5173910414666674,0.9859675036927622,96.46751403808594,1.0,0.47076416015625,0.9981536189069424,0.47076416015625,0.9981536189069424,0.053290851414203644,0.992890477180481,1.0,0.9999999403953552
GCN,996,2043,4,1,2,-2.151172161102295,4.900053024291992,7.051225185394287,0.8660253286361694,0.05481059476733208,-0.0380711555480957,0.5216188430786133,0.13968975841999054,0.4571807502841986,1,0.5401256084442139,0.9993021632937893,1432,0.9999999403953552,1.0,0.5203733288373648,0.9863367799113737,96.78813934326172,1.0,0.47138282656669617,0.9981536189069424,0.47138282656669617,0.9981536189069424,0.05481059104204178,0.9926224946975708,1.0,0.9999999403953552
GCN,996,2045,1,1,32,-2.037496328353882,1.3317922353744507,3.3692885637283325,0.35355332493782043,0.008514120243489742,0.015926644206047058,1.2622179985046387,0.01321401260793209,0.10837438423645321,0,0.5415212512016296,0.9993021632937893,1432,1.0,1.0,1.2349603448130646,1.0,235.95660400390625,1.0,1.140720248222351,1.0,1.140720248222351,1.0,0.008514129556715488,0.999817967414856,1.0,1.0
GCN,996,2051,0,1,3,1.2002606391906738,4.739090919494629,3.538830280303955,0.8017836213111877,0.03236551210284233,0.023889001458883286,0.5571526885032654,0.04868166893720627,0.14153088291019325,0,0.5373342633247375,0.9993021632937893,1432,0.9999999403953552,1.0,0.5540630694287983,0.990029542097489,104.11051177978516,1.0,0.5051290988922119,0.9985228951255539,0.5051290988922119,0.9985228951255539,0.03236551210284233,0.9973733425140381,1.0,1.0
GCN,996,2054,0,1,9,3.024183988571167,6.450936794281006,3.426752805709839,0.588348388671875,0.016404271125793457,0.019182072952389717,0.758568525314331,0.00925852544605732,0.10837438423645321,0,0.5408234596252441,0.9993021632937893,1432,0.9999999403953552,1.0,0.7441585268285281,1.0,142.1250762939453,1.0,0.6885823011398315,1.0,0.6885823011398315,1.0,0.016404269263148308,0.9993244409561157,1.0,0.9999999403953552
GCN,996,2055,0,1,4,1.2578697204589844,6.347316741943359,5.089447021484375,0.7499998807907104,0.027869440615177155,0.08795494586229324,0.5929758548736572,-0.02610902115702629,0.0,0,0.5415212512016296,0.9993021632937893,1432,0.9999999403953552,1.0,0.5883732332454727,0.9944608567208272,111.48385620117188,1.0,0.5408706665039062,0.9988921713441654,0.5408706665039062,0.9988921713441654,0.027869442477822304,0.9980497360229492,1.0,0.9999999403953552
GCN,996,2058,5,1,3,-3.587017059326172,2.6801059246063232,6.267122983932495,0.8017836213111877,0.05248594656586647,0.008725482039153576,0.55992192029953,0.10634095966815948,0.3560060629026146,1,0.5394277572631836,0.9993021632937893,1432,0.9999999403953552,1.0,0.5562254043027606,0.9911373707533235,104.5187759399414,1.0,0.5081707835197449,0.9985228951255539,0.5081707835197449,0.9985228951255539,0.05248594656586647,0.99314284324646,1.0,0.9999999403953552
GCN,996,2059,0,1,6,1.3645074367523193,5.422825336456299,4.0583178997039795,0.6708203554153442,0.024539893493056297,-0.027475541457533836,0.6673360466957092,0.002991187386214733,0.10837438423645321,0,0.5408234596252441,0.9993021632937893,1432,0.9999999403953552,1.0,0.6564511717398921,0.9955686853766618,124.67369842529297,1.0,0.6041793823242188,0.9996307237813885,0.6041793823242188,0.9996307237813885,0.02453988790512085,0.9984974265098572,1.0,0.9999999403953552
GCN,996,2071,2,1,8,-0.06901490688323975,2.9513282775878906,3.0203431844711304,0.6123723983764648,0.02076597884297371,-0.012232284992933273,0.7300333380699158,0.05137210339307785,0.16729821902235695,0,0.5415212512016296,0.9993021632937893,1432,0.9999999403953552,1.0,0.7162689426839834,1.0,136.35142517089844,1.0,0.6603544354438782,1.0,0.6603544354438782,1.0,0.02076598070561886,0.9989206790924072,1.0,0.9999999403953552
GCN,996,2072,0,1,3,2.1217403411865234,6.37879753112793,4.257057189941406,0.8017836213111877,0.03359357640147209,0.1254841387271881,0.5529605746269226,-0.03943084180355072,0.0,0,0.5408234596252441,0.9993021632937893,1432,0.9999999403953552,1.0,0.5513789673971455,0.990029542097489,104.34114074707031,1.0,0.5047977566719055,0.9985228951255539,0.5047977566719055,0.9985228951255539,0.03359358012676239,0.997170627117157,1.0,0.9999999403953552
GCN,996,2075,3,1,8,-3.362185001373291,1.9410113096237183,5.303196310997009,0.6123723983764648,0.019943196326494217,0.01161627471446991,0.729179859161377,-0.013581406325101852,0.0,0,0.5387299060821533,0.9993021632937893,1432,0.9999999403953552,1.0,0.7155496416018651,1.0,136.27076721191406,1.0,0.6604784727096558,1.0,0.6604784727096558,1.0,0.01994319260120392,0.99900221824646,1.0,0.9999999403953552
GCN,996,2082,1,1,2,-2.0351574420928955,3.218902349472046,5.254059791564941,0.8660253286361694,0.09021378308534622,0.03385237231850624,0.5223156809806824,0.16583949327468872,0.563849943160288,1,0.5380321145057678,0.9993021632937893,1432,0.9999999403953552,1.0,0.5245816834867962,0.9863367799113737,97.1030502319336,1.0,0.4723963737487793,0.9981536189069424,0.4723963737487793,0.9981536189069424,0.09021378308534622,0.9799335598945618,1.0,0.9999999403953552
GCN,996,2087,1,1,2,-2.008197546005249,2.1328935623168945,4.1410911083221436,0.8660253286361694,0.04726164788007736,0.04534565657377243,0.515775740146637,0.0692886933684349,0.20954907161803712,0,0.5380321145057678,0.9993021632937893,1432,0.9999999403953552,1.0,0.5156587242888715,0.9844903988183161,96.82579040527344,1.0,0.47000157833099365,0.9981536189069424,0.47000157833099365,0.9981536189069424,0.047261644154787064,0.9943981170654297,1.0,0.9999999403953552
GCN,996,2096,1,1,6,-1.606423258781433,2.785794973373413,4.392218232154846,0.6708203554153442,0.02250227890908718,0.02238762006163597,0.6654229164123535,0.002469157800078392,0.10837438423645321,0,0.5415212512016296,0.9993021632937893,1432,0.9999999403953552,1.0,0.6555399913969702,0.9955686853766618,124.43601989746094,1.0,0.6032475233078003,0.9996307237813885,0.6032475233078003,0.9996307237813885,0.02250227890908718,0.9987291097640991,1.0,0.9999999403953552
GCN,996,2105,5,1,2,0.19799387454986572,5.319532871246338,5.121538996696472,0.8660253286361694,0.04772282764315605,0.0793224573135376,0.5139341354370117,0.01690927892923355,0.10837438423645321,0,0.5380321145057678,0.9993021632937893,1432,0.9999999403953552,1.0,0.5152865368263417,0.9844903988183161,96.91459655761719,1.0,0.4694930613040924,0.9981536189069424,0.4694930613040924,0.9981536189069424,0.04772283136844635,0.9942713379859924,1.0,0.9999999403953552
GCN,996,2107,1,1,4,-1.2184767723083496,3.330660820007324,4.549137592315674,0.7499998807907104,0.02664438635110855,0.02203948423266411,0.5953651666641235,0.031198017299175262,0.10837438423645321,0,0.5429169535636902,0.9993021632937893,1432,0.9999999403953552,1.0,0.5885152191926384,0.9944608567208272,111.25544738769531,1.0,0.5392866134643555,0.9988921713441654,0.5392866134643555,0.9988921713441654,0.02664438635110855,0.9982190132141113,1.0,0.9999999403953552
GCN,996,2113,2,1,6,-3.1472327709198,2.9941582679748535,6.141391038894653,0.6708203554153442,0.02168797142803669,0.0542801171541214,0.6643581986427307,-0.030806822702288628,0.0,0,0.5415212512016296,0.9993021632937893,1432,0.9999999403953552,1.0,0.6547658805086553,0.9955686853766618,124.32247161865234,1.0,0.6013065576553345,0.9996307237813885,0.6013065576553345,0.9996307237813885,0.02168796956539154,0.9988186359405518,1.0,0.9999999403953552
GCN,996,2120,4,1,5,-2.5578436851501465,3.6202192306518555,6.178062915802002,0.7071066498756409,0.03176762908697128,0.10781202465295792,0.6279328465461731,-0.04735387861728668,0.0,0,0.5394277572631836,0.9993021632937893,1432,0.9999999403953552,1.0,0.6207696560925129,0.9944608567208272,118.04023742675781,1.0,0.5716709494590759,0.9992614475627769,0.5716709494590759,0.9992614475627769,0.03176763281226158,0.9974671006202698,1.0,0.9999999403953552
GCN,996,2122,4,1,10,-4.813157558441162,1.0606870651245117,5.873844623565674,0.5669466257095337,0.01523348968476057,0.018464146181941032,0.7871895432472229,0.014035328291356564,0.10837438423645321,0,0.5401256084442139,0.9993021632937893,1432,1.0,1.0,0.7717650856493627,1.0,147.1422882080078,1.0,0.7130753397941589,1.0,0.7130753397941589,1.0,0.015233490616083145,0.9994174838066101,1.0,1.0
GCN,996,2130,4,1,12,-5.4753007888793945,0.18955755233764648,5.664858341217041,0.5303300619125366,0.021718839183449745,0.08495904505252838,0.8390945196151733,0.006931145675480366,0.10837438423645321,0,0.5422191023826599,0.9993021632937893,1432,0.9999999403953552,1.0,0.8215845327227015,1.0,157.2773895263672,1.0,0.7607622742652893,1.0,0.7607622742652893,1.0,0.021718841046094894,0.9988168478012085,1.0,0.9999999403953552
GCN,996,2131,0,1,3,1.6417922973632812,5.685873985290527,4.044081687927246,0.8017836213111877,0.034073006361722946,-0.027989111840724945,0.5594581365585327,0.08485573530197144,0.2277377794619174,0,0.5415212512016296,0.9993021632937893,1432,0.9999999403953552,1.0,0.5574427129623843,0.9918759231905465,104.541259765625,1.0,0.5080922245979309,0.9985228951255539,0.5080922245979309,0.9985228951255539,0.034073006361722946,0.9971131682395935,1.0,0.9999999403953552
GCN,996,2139,3,1,4,-5.770427703857422,0.6118693351745605,6.382297039031982,0.7499998807907104,0.0377153716981411,0.027195550501346588,0.5958444476127625,0.05098830908536911,0.16331943918150815,0,0.5373342633247375,0.9993021632937893,1432,0.9999999403953552,1.0,0.5914818961016348,0.9944608567208272,111.33916473388672,1.0,0.540789783000946,0.9988921713441654,0.540789783000946,0.9988921713441654,0.0377153716981411,0.9964349269866943,1.0,0.9999999403953552
GCN,996,2141,3,1,4,-6.730271339416504,0.20848488807678223,6.938756227493286,0.7499998807907104,0.04076367989182472,0.015062471851706505,0.5967488884925842,0.10486698150634766,0.3446381205001895,1,0.5380321145057678,0.9993021632937893,1432,0.9999999403953552,1.0,0.5923929768893623,0.9944608567208272,111.39118194580078,1.0,0.5405452847480774,0.9988921713441654,0.5405452847480774,0.9988921713441654,0.040763676166534424,0.9958445429801941,1.0,0.9999999403953552
GCN,996,2153,4,1,3,0.4528186321258545,4.923789978027344,4.470971345901489,0.8017836213111877,0.034706272184848785,0.013909034430980682,0.5577335357666016,0.08255241066217422,0.2233800682076544,0,0.5408234596252441,0.9993021632937893,1432,0.9999999403953552,1.0,0.5535982747314283,0.990029542097489,104.46105194091797,1.0,0.5070128440856934,0.9985228951255539,0.5070128440856934,0.9985228951255539,0.034706272184848785,0.9969843626022339,1.0,0.9999999403953552
GCN,996,2156,0,1,4,0.6471434831619263,4.302826881408691,3.655683398246765,0.7499998807907104,0.028042685240507126,-0.01573728770017624,0.5968482494354248,0.07921969890594482,0.22034861690034105,0,0.5415212512016296,0.9993021632937893,1432,0.9999999403953552,1.0,0.5902874269507118,0.9944608567208272,111.51130676269531,1.0,0.5404924750328064,0.9988921713441654,0.5404924750328064,0.9988921713441654,0.028042687103152275,0.9980363249778748,1.0,0.9999999403953552
GCN,996,2157,6,1,5,-2.1848273277282715,1.5465915203094482,3.7314188480377197,0.7071066498756409,0.02939080260694027,0.03605886548757553,0.6310557126998901,0.01678478717803955,0.10837438423645321,0,0.5373342633247375,0.9993021632937893,1432,1.0,0.9999999403953552,0.6232105386959427,0.9944608567208272,117.66456604003906,1.0,0.5709764361381531,0.9992614475627769,0.5709764361381531,0.9992614475627769,0.029390806332230568,0.9978313446044922,0.9999999403953552,1.0
GCN,996,2158,6,1,1,-1.7174040079116821,2.851409912109375,4.568813920021057,0.9486831426620483,0.07506507635116577,0.003388497978448868,0.4768013060092926,0.16333630681037903,0.5604395604395604,1,0.535938560962677,0.9993021632937893,1432,0.9999999403953552,1.0,0.48301376295917003,0.9763663220088626,88.78813171386719,1.0,0.4316079020500183,0.9959379615952733,0.4316079020500183,0.9959379615952733,0.07506506890058517,0.9861341714859009,1.0,0.9999999403953552
GCN,996,2160,6,1,8,-2.4697794914245605,1.0785248279571533,3.548304319381714,0.6123723983764648,0.02421742118895054,0.0030789533630013466,0.7297811508178711,0.0357421338558197,0.10837438423645321,0,0.5387299060821533,0.9993021632937893,1432,0.9999999403953552,1.0,0.7162637833072949,1.0,136.08770751953125,1.0,0.6595834493637085,1.0,0.6595834493637085,1.0,0.02421741746366024,0.9985306859016418,1.0,0.9999999403953552
GCN,996,2164,6,1,3,-2.551340103149414,1.299401044845581,3.850741147994995,0.8017836213111877,0.03696797415614128,-0.000948665663599968,0.5586034655570984,0.08090724050998688,0.22110647972716937,0,0.5408234596252441,0.9993021632937893,1432,1.0,1.0,0.5526732016636441,0.990029542097489,104.26763916015625,1.0,0.5070831179618835,0.9985228951255539,0.5070831179618835,0.9985228951255539,0.03696797415614128,0.9965877532958984,1.0,1.0
GCN,996,2165,6,1,3,-1.059765100479126,3.3244271278381348,4.384192228317261,0.8017836213111877,0.030789891257882118,-0.02018170803785324,0.5587493181228638,0.08070246130228043,0.2209170140204623,0,0.5380321145057678,0.9993021632937893,1432,1.0,1.0,0.5548443102477931,0.9911373707533235,104.17474365234375,1.0,0.5059738159179688,0.9985228951255539,0.5059738159179688,0.9985228951255539,0.03078988753259182,0.9976363778114319,1.0,1.0
GCN,996,2166,5,1,2,-3.058047294616699,2.3221852779388428,5.380232572555542,0.8660253286361694,0.08365887403488159,0.03437536209821701,0.521062433719635,0.16148610413074493,0.5492610837438424,1,0.5366364121437073,0.9993021632937893,1432,0.9999999403953552,1.0,0.522272806967041,0.9863367799113737,96.75991821289062,1.0,0.4701736867427826,0.9981536189069424,0.4701736867427826,0.9981536189069424,0.08365888148546219,0.9826852083206177,1.0,0.9999999403953552
GCN,996,2172,0,1,5,2.773514747619629,7.015206813812256,4.241692066192627,0.7071066498756409,0.03074590116739273,0.052577875554561615,0.6303969621658325,0.030847979709506035,0.10837438423645321,0,0.5408234596252441,0.9993021632937893,1432,1.0,1.0,0.6224676088155767,0.9944608567208272,118.2822036743164,1.0,0.573445200920105,0.9996307237813885,0.573445200920105,0.9996307237813885,0.030745897442102432,0.9976250529289246,1.0,1.0
GCN,996,2177,3,1,4,0.5052416920661926,3.8291127681732178,3.323871076107025,0.7499998807907104,0.060897283256053925,0.10275810956954956,0.592276930809021,0.03533682972192764,0.10837438423645321,0,0.5401256084442139,0.9993021632937893,1432,0.9999999403953552,1.0,0.5866345900152644,0.9940915805022157,111.19881439208984,1.0,0.541344940662384,0.9988921713441654,0.541344940662384,0.9988921713441654,0.060897283256053925,0.9906585216522217,1.0,0.9999999403953552
GCN,996,2181,0,1,8,3.625690460205078,7.5060930252075195,3.8804025650024414,0.6123723983764648,0.027886122465133667,0.13698479533195496,0.7239992618560791,0.022516636177897453,0.10837438423645321,0,0.5415212512016296,0.9993021632937893,1432,0.9999999403953552,1.0,0.711029214497561,1.0,136.4636993408203,1.0,0.660618007183075,1.0,0.660618007183075,1.0,0.027886122465133667,0.9980571866035461,1.0,0.9999999403953552
GCN,996,2189,0,1,6,0.7735855579376221,4.462398529052734,3.6888129711151123,0.6708203554153442,0.02135578542947769,0.042707886546850204,0.6647300720214844,0.06344100832939148,0.2046229632436529,0,0.5408234596252441,0.9993021632937893,1432,0.9999999403953552,1.0,0.6540824880521208,0.9951994091580503,124.4692611694336,1.0,0.6032567024230957,0.9996307237813885,0.6032567024230957,0.9996307237813885,0.02135578542947769,0.9988545179367065,1.0,0.9999999403953552
GCN,996,2195,0,1,4,-0.8121137619018555,3.15054988861084,3.9626636505126953,0.7499998807907104,0.03672810643911362,0.05923417955636978,0.5942013263702393,0.015628408640623093,0.10837438423645321,0,0.5408234596252441,0.9993021632937893,1432,0.9999999403953552,1.0,0.5856437200935348,0.9940915805022157,111.0943603515625,1.0,0.5383424162864685,0.9988921713441654,0.5383424162864685,0.9988921713441654,0.03672810643911362,0.9966100454330444,1.0,0.9999999403953552
GCN,996,2198,0,1,5,2.2444465160369873,6.3213067054748535,4.076860189437866,0.7071066498756409,0.023195475339889526,0.11108991503715515,0.628387987613678,-0.0405668243765831,0.0,0,0.5408234596252441,0.9993021632937893,1432,0.9999999403953552,1.0,0.6210694458242845,0.9944608567208272,118.22235107421875,1.0,0.5730171203613281,0.9992614475627769,0.5730171203613281,0.9992614475627769,0.023195477202534676,0.9986534118652344,1.0,1.0
GCN,996,2212,3,1,4,-2.5803771018981934,3.232185125350952,5.8125622272491455,0.7499998807907104,0.032489582896232605,0.013928733766078949,0.5960603356361389,0.0627298578619957,0.20367563471011746,0,0.5408234596252441,0.9993021632937893,1432,0.9999999403953552,1.0,0.5901731619660159,0.9944608567208272,111.43115997314453,1.0,0.5419954657554626,0.9988921713441654,0.5419954657554626,0.9988921713441654,0.032489579170942307,0.997356116771698,1.0,0.9999999403953552
GCN,996,2215,3,1,4,-2.691035270690918,3.4246468544006348,6.115682125091553,0.7499998807907104,0.031249022111296654,0.04648016765713692,0.5946096181869507,0.001445351168513298,0.10837438423645321,0,0.5380321145057678,0.9993021632937893,1432,0.9999999403953552,1.0,0.5892895754155082,0.9944608567208272,111.3060302734375,1.0,0.5402237772941589,0.9988921713441654,0.5402237772941589,0.9988921713441654,0.03124902956187725,0.9975472688674927,1.0,0.9999999403953552
GCN,996,2218,1,1,2,-1.3241580724716187,3.5712950229644775,4.895453095436096,0.8660253286361694,0.10057755559682846,0.08906224370002747,0.5180961489677429,0.1310935914516449,0.4226979916635089,1,0.5394277572631836,0.9993021632937893,1432,0.9999999403953552,1.0,0.5190568923876953,0.9863367799113737,96.8796157836914,1.0,0.4735978841781616,0.9981536189069424,0.4735978841781616,0.9981536189069424,0.10057755559682846,0.9747565388679504,1.0,0.9999999403953552
GCN,996,2224,4,1,8,-3.5835771560668945,2.3678510189056396,5.951428174972534,0.6123723983764648,0.01864817552268505,-0.0019520372152328491,0.7295259237289429,0.015978168696165085,0.10837438423645321,0,0.5415212512016296,0.9993021632937893,1432,0.9999999403953552,1.0,0.7158345511192589,1.0,136.37393188476562,1.0,0.6605429649353027,1.0,0.6605429649353027,1.0,0.0186481736600399,0.9991284012794495,1.0,0.9999999403953552
GCN,996,2228,6,1,6,-1.140751600265503,2.6218817234039307,3.7626333236694336,0.6708203554153442,0.02134540118277073,0.15144380927085876,0.6612578630447388,-0.12659373879432678,0.0,0,0.5408234596252441,0.9993021632937893,1432,0.9999999403953552,1.0,0.6507128813551819,0.9951994091580503,123.75923156738281,1.0,0.5989391207695007,0.9996307237813885,0.5989391207695007,0.9996307237813885,0.02134540304541588,0.9988680481910706,1.0,0.9999999403953552
GCN,996,2229,3,1,3,-2.717928409576416,3.4613916873931885,6.1793200969696045,0.8017836213111877,0.04354128986597061,-0.0108870267868042,0.5598844289779663,0.08289968967437744,0.2233800682076544,0,0.5366364121437073,0.9993021632937893,1432,0.9999999403953552,1.0,0.5554557906086347,0.9911373707533235,104.30735778808594,1.0,0.5056481957435608,0.9985228951255539,0.5056481957435608,0.9985228951255539,0.04354128986597061,0.9952855110168457,1.0,0.9999999403953552
GCN,996,2231,0,1,2,-1.9574711322784424,5.543717861175537,7.5011889934539795,0.8660253286361694,0.04434539005160332,-0.015053928829729557,0.5186651945114136,0.08277732133865356,0.2233800682076544,0,0.5401256084442139,0.9993021632937893,1432,0.9999999403953552,1.0,0.5204057718708983,0.9863367799113737,97.15233612060547,1.0,0.4705198109149933,0.9981536189069424,0.4705198109149933,0.9981536189069424,0.04434539005160332,0.9951158165931702,1.0,0.9999999403953552
GCN,996,2232,0,1,3,2.1183228492736816,6.709475994110107,4.591153144836426,0.8017836213111877,0.03898737207055092,0.058910779654979706,0.5559123754501343,0.05444753170013428,0.1883289124668435,0,0.5394277572631836,0.9993021632937893,1432,0.9999999403953552,1.0,0.5530721488315296,0.990029542097489,104.42570495605469,1.0,0.508328378200531,0.9985228951255539,0.508328378200531,0.9985228951255539,0.03898737207055092,0.996180534362793,1.0,0.9999999403953552
GCN,996,2235,5,1,3,-5.100426197052002,1.6635340452194214,6.763960242271423,0.8017836213111877,0.043063580989837646,0.013508806005120277,0.5585160851478577,0.07411129772663116,0.21314892004547176,0,0.5387299060821533,0.9993021632937893,1432,0.9999999403953552,1.0,0.5554320482879525,0.9911373707533235,104.38253021240234,1.0,0.5069029927253723,0.9985228951255539,0.5069029927253723,0.9985228951255539,0.04306357726454735,0.9953663349151611,1.0,0.9999999403953552
GCN,996,2249,4,1,6,-4.224259376525879,2.0803728103637695,6.304632186889648,0.6708203554153442,0.019440261647105217,0.030416151508688927,0.6650779247283936,0.09835977852344513,0.3090185676392573,0,0.5415212512016296,0.9993021632937893,1432,0.9999999403953552,1.0,0.6552990426576824,0.9955686853766618,124.37419891357422,1.0,0.6026604175567627,0.9996307237813885,0.6026604175567627,0.9996307237813885,0.019440259784460068,0.9990510940551758,1.0,0.9999999403953552
GCN,996,2264,4,1,1,-0.1480628252029419,5.815412521362305,5.963475346565247,0.9486831426620483,0.07057054340839386,-0.07452365756034851,0.48174744844436646,0.21394196152687073,0.7186434255399773,1,0.535938560962677,0.9993021632937893,1432,0.9999999403953552,1.0,0.4822627588950424,0.9763663220088626,89.37389373779297,1.0,0.4358435273170471,0.9963072378138847,0.4358435273170471,0.9963072378138847,0.07057052850723267,0.988073468208313,1.0,0.9999999403953552
GCN,996,2274,0,1,3,-0.7676378488540649,3.086592674255371,3.854230523109436,0.8017836213111877,0.03593374043703079,-0.008707080036401749,0.558843731880188,0.0736384242773056,0.21295945433876468,0,0.5415212512016296,0.9993021632937893,1432,1.0,1.0,0.5537481278674166,0.990029542097489,104.31080627441406,1.0,0.5057992935180664,0.9985228951255539,0.5057992935180664,0.9985228951255539,0.03593374043703079,0.9967793226242065,1.0,0.9999999403953552
GCN,996,2279,2,1,3,-4.85447883605957,2.8584799766540527,7.712958812713623,0.8017836213111877,0.031264785677194595,-0.010754652321338654,0.5584359169006348,0.051322147250175476,0.16729821902235695,0,0.5387299060821533,0.9993021632937893,1432,0.9999999403953552,1.0,0.5549258136569212,0.9911373707533235,104.00077056884766,1.0,0.5055012106895447,0.9985228951255539,0.5055012106895447,0.9985228951255539,0.031264785677194595,0.9975593686103821,1.0,0.9999999403953552
GCN,996,2288,5,1,3,-2.17087984085083,2.5010862350463867,4.671966075897217,0.8017836213111877,0.040046680718660355,-0.027166996151208878,0.5602397918701172,0.03559742122888565,0.10837438423645321,0,0.5387299060821533,0.9993021632937893,1432,0.9999999403953552,1.0,0.5561928269653843,0.9911373707533235,104.5662841796875,1.0,0.5072550773620605,0.9985228951255539,0.5072550773620605,0.9985228951255539,0.040046680718660355,0.9960207939147949,1.0,0.9999999403953552
GCN,996,2293,0,1,3,-0.5307069420814514,3.789182662963867,4.319889605045319,0.8017836213111877,0.03955579921603203,0.05153045058250427,0.5562974810600281,0.04767689108848572,0.13793103448275862,0,0.5429169535636902,0.9993021632937893,1432,0.9999999403953552,1.0,0.5530300360588326,0.990029542097489,104.20083618164062,1.0,0.5057826638221741,0.9985228951255539,0.5057826638221741,0.9985228951255539,0.03955579549074173,0.9960702657699585,1.0,0.9999999403953552
GCN,996,2297,4,1,3,-3.857994794845581,3.3567347526550293,7.21472954750061,0.8017836213111877,0.05695796385407448,-0.012847419828176498,0.5620728731155396,-0.010077577084302902,0.0,0,0.5373342633247375,0.9993021632937893,1432,0.9999999403953552,1.0,0.5583696782917663,0.9918759231905465,104.68791198730469,1.0,0.5068361759185791,0.9985228951255539,0.5068361759185791,0.9985228951255539,0.05695796385407448,0.9919822216033936,1.0,0.9999999403953552
GCN,996,2299,4,1,2,-2.8439788818359375,4.2819623947143555,7.125941276550293,0.8660253286361694,0.04767318069934845,-0.009117774665355682,0.5187916159629822,0.14283059537410736,0.46854869268662375,1,0.5380321145057678,0.9993021632937893,1432,0.9999999403953552,1.0,0.5170054020073712,0.9859675036927622,97.0810317993164,1.0,0.4686608612537384,0.9981536189069424,0.4686608612537384,0.9981536189069424,0.04767318069934845,0.9943550229072571,1.0,0.9999999403953552
GCN,996,2302,3,1,2,-2.2305541038513184,4.326272010803223,6.556826114654541,0.8660253286361694,0.03836897388100624,-0.007891101762652397,0.5176101922988892,0.09381438791751862,0.2737779461917393,0,0.5394277572631836,0.9993021632937893,1432,0.9999999403953552,1.0,0.5184574934108943,0.9859675036927622,96.49640655517578,1.0,0.469326376914978,0.9981536189069424,0.469326376914978,0.9981536189069424,0.03836897388100624,0.9963302612304688,1.0,0.9999999403953552
GCN,996,2310,3,1,2,-0.5021142959594727,3.4507594108581543,3.952873706817627,0.8660253286361694,0.05637802183628082,0.04811449721455574,0.5163396000862122,0.07070136815309525,0.21049640015157256,0,0.5394277572631836,0.9993021632937893,1432,0.9999999403953552,1.0,0.5153098732885406,0.9844903988183161,96.53400421142578,1.0,0.4671710729598999,0.9981536189069424,0.4671710729598999,0.9981536189069424,0.05637802183628082,0.9920387268066406,1.0,0.9999999403953552
GCN,996,2316,3,1,1,-3.251345634460449,3.640280246734619,6.891625881195068,0.9486831426620483,0.08433899283409119,0.009481139481067657,0.47795528173446655,0.17894771695137024,0.6074270557029178,1,0.5373342633247375,0.9993021632937893,1432,0.9999999403953552,1.0,0.4819812383937672,0.9763663220088626,88.38691711425781,1.0,0.4277011454105377,0.9948301329394387,0.4277011454105377,0.9948301329394387,0.08433899283409119,0.9825507402420044,1.0,0.9999999403953552
GCN,996,2318,1,1,2,-0.8885501027107239,4.579516887664795,5.468066990375519,0.8660253286361694,0.04087688401341438,0.05980466678738594,0.5146993398666382,0.034591466188430786,0.10837438423645321,0,0.5401256084442139,0.9993021632937893,1432,0.9999999403953552,1.0,0.5151435164595181,0.9844903988183161,96.54653930664062,1.0,0.4683740437030792,0.9981536189069424,0.4683740437030792,0.9981536189069424,0.04087688401341438,0.9958013296127319,1.0,0.9999999403953552
GCN,996,2320,3,1,2,-0.7265270352363586,4.740753173828125,5.467280209064484,0.8660253286361694,0.0470731146633625,-0.016583936288952827,0.5191152691841125,0.1276836097240448,0.41227737779461915,1,0.5394277572631836,0.9993021632937893,1432,0.9999999403953552,1.0,0.5176973889253913,0.9859675036927622,96.8703842163086,1.0,0.4709087908267975,0.9981536189069424,0.4709087908267975,0.9981536189069424,0.047073110938072205,0.9945045709609985,1.0,0.9999999403953552
GCN,996,2321,0,1,2,1.0913089513778687,5.504415988922119,4.4131070375442505,0.8660253286361694,0.04849979281425476,-0.008384112268686295,0.5188615322113037,0.0833871066570282,0.22565365668813944,0,0.5394277572631836,0.9993021632937893,1432,0.9999999403953552,1.0,0.5177680189035503,0.9859675036927622,96.976806640625,1.0,0.4731582701206207,0.9981536189069424,0.4731582701206207,0.9981536189069424,0.04849979653954506,0.9941585063934326,1.0,0.9999999403953552
GCN,996,2330,0,1,3,0.6155741810798645,5.198771953582764,4.583197772502899,0.8017836213111877,0.034849561750888824,-0.008495982736349106,0.5587159991264343,0.09683207422494888,0.29120879120879123,0,0.5415212512016296,0.9993021632937893,1432,0.9999999403953552,1.0,0.554978737466781,0.9911373707533235,104.70281982421875,1.0,0.5071027278900146,0.9985228951255539,0.5071027278900146,0.9985228951255539,0.03484956547617912,0.9969696402549744,1.0,0.9999999403953552
GCN,996,2331,1,1,2,-1.617827296257019,3.084646701812744,4.702473998069763,0.8660253286361694,0.055538635700941086,0.01980292797088623,0.518074095249176,0.10149997472763062,0.3283440697233801,1,0.5380321145057678,0.9993021632937893,1432,0.9999999403953552,1.0,0.5200038567271628,0.9863367799113737,96.74124145507812,1.0,0.4711742401123047,0.9981536189069424,0.4711742401123047,0.9981536189069424,0.05553863197565079,0.992311954498291,1.0,0.9999999403953552
GCN,996,2337,4,1,1,-3.8879945278167725,5.149100303649902,9.037094831466675,0.9486831426620483,0.08601745963096619,0.015046028420329094,0.47777441143989563,0.14227217435836792,0.46798029556650245,1,0.5394277572631836,0.9993021632937893,1432,0.9999999403953552,1.0,0.4830662520395313,0.9763663220088626,88.64628601074219,1.0,0.4303220808506012,0.9959379615952733,0.4303220808506012,0.9959379615952733,0.08601745963096619,0.981831431388855,1.0,0.9999999403953552
GCN,996,2341,4,1,1,-3.6450085639953613,4.091129302978516,7.736137866973877,0.9486831426620483,0.14220845699310303,0.04139149188995361,0.48781466484069824,0.22464147210121155,0.7444107616521409,1,0.5415212512016296,0.9993021632937893,1432,0.9999999403953552,1.0,0.4887787687512912,0.9763663220088626,88.9213638305664,1.0,0.4329184293746948,0.9963072378138847,0.4329184293746948,0.9963072378138847,0.14220845699310303,0.9517006874084473,1.0,0.9999999403953552
GCN,996,2342,0,1,1,1.0959973335266113,5.409052848815918,4.313055515289307,0.9486831426620483,0.07826709002256393,-0.07135152816772461,0.48340049386024475,0.24913188815116882,0.7910193255020841,1,0.5401256084442139,0.9993021632937893,1432,0.9999999403953552,1.0,0.48214118915602366,0.9763663220088626,89.58171844482422,1.0,0.43509548902511597,0.9963072378138847,0.43509548902511597,0.9963072378138847,0.07826709002256393,0.985403835773468,1.0,0.9999999403953552
GCN,996,2346,3,1,3,-2.667921304702759,3.6893866062164307,6.3573079109191895,0.8017836213111877,0.035053856670856476,0.07585548609495163,0.5550518035888672,-0.015869364142417908,0.0,0,0.5394277572631836,0.9993021632937893,1432,0.9999999403953552,1.0,0.5526447021209732,0.990029542097489,104.01219940185547,1.0,0.5050447583198547,0.9985228951255539,0.5050447583198547,0.9985228951255539,0.035053856670856476,0.9969109296798706,1.0,0.9999999403953552
GCN,996,2347,0,1,3,0.8554824590682983,6.537181377410889,5.68169891834259,0.8017836213111877,0.033701181411743164,0.017729979008436203,0.5574946999549866,0.025287985801696777,0.10837438423645321,0,0.5401256084442139,0.9993021632937893,1432,1.0,1.0,0.5546992663357829,0.990029542097489,104.42427062988281,1.0,0.5075415968894958,0.9985228951255539,0.5075415968894958,0.9985228951255539,0.03370118513703346,0.9971545934677124,1.0,0.9999999403953552
GCN,996,2353,4,1,3,-2.598102569580078,3.8825228214263916,6.48062539100647,0.8017836213111877,0.03555407375097275,-0.0013014543801546097,0.558474600315094,0.07565470784902573,0.21580143993937098,0,0.5401256084442139,0.9993021632937893,1432,0.9999999403953552,1.0,0.5554373602173184,0.9911373707533235,104.56288146972656,1.0,0.5070393681526184,0.9985228951255539,0.5070393681526184,0.9985228951255539,0.03555407375097275,0.9968427419662476,1.0,0.9999999403953552
GCN,996,2359,2,0,11,-5.691224098205566,-1.0335379838943481,4.657686114311218,0.5477225184440613,0.024233289062976837,0.006685454398393631,0.8157622814178467,0.017397932708263397,0.10837438423645321,0,0.5436148047447205,0.9993021632937893,1432,0.9999999403953552,1.0,0.7995611059754725,1.0,152.3148956298828,1.0,0.7370882630348206,1.0,0.7370882630348206,1.0,0.024233296513557434,0.9985281825065613,1.0,0.9999999403953552
GCN,996,2365,2,0,7,-6.848939895629883,-0.9640448093414307,5.884895086288452,0.6396021246910095,0.03492196649312973,0.015394126996397972,0.6990965604782104,0.05331503972411156,0.18226600985221675,0,0.5380321145057678,0.9993021632937893,1432,0.9999999403953552,1.0,0.6871368793059563,0.9996307237813885,130.6056365966797,1.0,0.6335060000419617,1.0,0.6335060000419617,1.0,0.03492197021842003,0.9969463348388672,1.0,0.9999999403953552
GCN,996,2368,3,1,2,-0.3841437101364136,4.81843900680542,5.2025827169418335,0.8660253286361694,0.05734952166676521,-0.07537257671356201,0.5245254635810852,0.18903370201587677,0.6367942402425161,1,0.5394277572631836,0.9993021632937893,1432,0.9999999403953552,1.0,0.5231890017372045,0.9863367799113737,96.96968078613281,1.0,0.4717448651790619,0.9981536189069424,0.4717448651790619,0.9981536189069424,0.05734952166676521,0.9920440316200256,1.0,0.9999999403953552
GCN,996,2383,4,0,10,-5.925274848937988,-0.14341306686401367,5.781861782073975,0.5669466257095337,0.02022654376924038,-0.014779461547732353,0.7885616421699524,0.08176729083061218,0.22243273967411897,0,0.5401256084442139,0.9993021632937893,1432,1.0,1.0,0.7737373002201019,1.0,147.24851989746094,1.0,0.7125030159950256,1.0,0.7125030159950256,1.0,0.02022654563188553,0.9989763498306274,1.0,1.0
GCN,996,2384,0,1,1,0.8957996368408203,5.912806510925293,5.017006874084473,0.9486831426620483,0.0686800554394722,0.007132135331630707,0.4754851758480072,0.15640944242477417,0.53315649867374,1,0.5436148047447205,0.9993021632937893,1432,0.9999999403953552,1.0,0.479813493341767,0.9759970457902511,88.47832489013672,1.0,0.4276755452156067,0.9948301329394387,0.4276755452156067,0.9948301329394387,0.0686800554394722,0.988341748714447,1.0,0.9999999403953552
GCN,996,2389,2,1,2,-3.682788372039795,2.5775704383850098,6.260358810424805,0.8660253286361694,0.04658159986138344,-0.013019045814871788,0.518856406211853,0.11380184441804886,0.38044713906782873,1,0.535938560962677,0.9993021632937893,1432,0.9999999403953552,1.0,0.5180791481169723,0.9859675036927622,96.62995910644531,1.0,0.4695502817630768,0.9981536189069424,0.4695502817630768,0.9981536189069424,0.04658159986138344,0.994612991809845,1.0,0.9999999403953552
GCN,996,2392,2,1,3,-3.855349063873291,2.205507755279541,6.060856819152832,0.8017836213111877,0.03611104562878609,-0.02432239055633545,0.5595634579658508,0.09448949247598648,0.27434634331186053,0,0.5324493646621704,0.9993021632937893,1432,0.9999999403953552,1.0,0.5555683180879556,0.9911373707533235,104.26875305175781,1.0,0.5070397257804871,0.9985228951255539,0.5070397257804871,0.9985228951255539,0.03611104562878609,0.9967575073242188,1.0,0.9999999403953552
GCN,996,2411,3,1,1,-2.378848075866699,5.0257697105407715,7.404617786407471,0.9486831426620483,0.0862840935587883,0.008572105318307877,0.4784030616283417,0.11320576071739197,0.38006820765441457,1,0.5401256084442139,0.9993021632937893,1432,0.9999999403953552,1.0,0.4799382452180931,0.9759970457902511,88.91171264648438,1.0,0.42730751633644104,0.9948301329394387,0.42730751633644104,0.9948301329394387,0.0862840935587883,0.9817632436752319,1.0,0.9999999403953552
GCN,996,2425,3,1,5,0.5629867911338806,4.943321704864502,4.380334913730621,0.7071066498756409,0.03545233607292175,0.027244169265031815,0.6318109631538391,-0.008544597774744034,0.0,0,0.5387299060821533,0.9993021632937893,1432,0.9999999403953552,1.0,0.6233836731583677,0.9944608567208272,118.57107543945312,1.0,0.5728970170021057,0.9992614475627769,0.5728970170021057,0.9992614475627769,0.03545233607292175,0.9968488216400146,1.0,0.9999999403953552
GCN,996,2427,3,1,3,-1.517095923423767,4.8977813720703125,6.41487729549408,0.8017836213111877,0.05776606500148773,0.06881283968687057,0.556358277797699,0.023773981258273125,0.10837438423645321,0,0.5345429182052612,0.9993021632937893,1432,1.0,1.0,0.5511152999467289,0.990029542097489,103.96397399902344,1.0,0.5050409436225891,0.9985228951255539,0.5050409436225891,0.9985228951255539,0.05776606872677803,0.991619884967804,1.0,1.0
GCN,996,2428,5,1,1,-1.3253083229064941,4.183703422546387,5.509011745452881,0.9486831426620483,0.15541410446166992,0.04445958137512207,0.4912383556365967,0.29121163487434387,0.8666161424782114,1,0.5394277572631836,0.9993021632937893,1432,0.9999999403953552,1.0,0.48982794886752623,0.9763663220088626,88.5193862915039,1.0,0.4365151822566986,0.9963072378138847,0.4365151822566986,0.9963072378138847,0.15541410446166992,0.9428718090057373,1.0,0.9999999403953552
GCN,996,2431,4,1,1,-3.4741621017456055,4.984915733337402,8.459077835083008,0.9486831426620483,0.11249000579118729,-0.006457091774791479,0.48591288924217224,0.22556312382221222,0.7455475558923835,1,0.5387299060821533,0.9993021632937893,1432,0.9999999403953552,1.0,0.4916410137073745,0.9763663220088626,90.65360260009766,1.0,0.44005829095840454,0.9966765140324964,0.44005829095840454,0.9966765140324964,0.11249000579118729,0.9697701930999756,1.0,0.9999999403953552
GCN,996,2433,2,1,1,-0.08796560764312744,5.115208148956299,5.203173756599426,0.9486831426620483,0.08693026006221771,0.03198020160198212,0.4764138460159302,0.13480202853679657,0.43349753694581283,1,0.5394277572631836,0.9993021632937893,1432,0.9999999403953552,1.0,0.48026986386465453,0.9759970457902511,88.88253784179688,1.0,0.43096044659614563,0.9959379615952733,0.43096044659614563,0.9959379615952733,0.08693025261163712,0.981347918510437,1.0,0.9999999403953552
GCN,996,2435,4,1,2,-2.4777865409851074,4.644040584564209,7.121827125549316,0.8660253286361694,0.047886963933706284,0.05903594195842743,0.5150629878044128,0.04199598357081413,0.10989010989010989,0,0.5366364121437073,0.9993021632937893,1432,0.9999999403953552,1.0,0.5143036818629735,0.9844903988183161,96.5953598022461,1.0,0.46857696771621704,0.9981536189069424,0.46857696771621704,0.9981536189069424,0.047886960208415985,0.9942408800125122,1.0,0.9999999403953552
GCN,996,2438,3,1,2,-2.7779464721679688,4.138527870178223,6.916474342346191,0.8660253286361694,0.06340334564447403,0.04749799519777298,0.5170810222625732,0.08085918426513672,0.22110647972716937,0,0.5352407097816467,0.9993021632937893,1432,0.9999999403953552,1.0,0.5181231813663458,0.9859675036927622,96.6209487915039,1.0,0.4695417582988739,0.9981536189069424,0.4695417582988739,0.9981536189069424,0.06340334564447403,0.9899486899375916,1.0,0.9999999403953552
GCN,996,2445,2,1,4,-4.384469032287598,3.1244888305664062,7.508957862854004,0.7499998807907104,0.026136137545108795,0.0030817585065960884,0.5960000157356262,0.02319440059363842,0.10837438423645321,0,0.5380321145057678,0.9993021632937893,1432,0.9999999403953552,1.0,0.5904675904681774,0.9944608567208272,111.42048645019531,1.0,0.5404602289199829,0.9988921713441654,0.5404602289199829,0.9988921713441654,0.026136133819818497,0.998289167881012,1.0,0.9999999403953552
GCN,996,2446,2,1,8,-6.114648342132568,0.6448235511779785,6.759471893310547,0.6123723983764648,0.021225396543741226,0.05679257586598396,0.7276854515075684,-0.024869665503501892,0.0,0,0.5415212512016296,0.9993021632937893,1432,0.9999999403953552,1.0,0.7139452514548228,1.0,136.16783142089844,1.0,0.6594764590263367,1.0,0.6594764590263367,1.0,0.021225396543741226,0.9988685846328735,1.0,0.9999999403953552
GCN,996,2448,2,1,5,-5.603413105010986,1.6502628326416016,7.253675937652588,0.7071066498756409,0.027096303179860115,0.022262146696448326,0.631496012210846,0.007061452604830265,0.10837438423645321,0,0.5422191023826599,0.9993021632937893,1432,1.0,0.9999999403953552,0.6232274430604088,0.9944608567208272,118.10454559326172,1.0,0.5725352168083191,0.9992614475627769,0.5725352168083191,0.9992614475627769,0.027096305042505264,0.9981581568717957,0.9999999403953552,1.0
GCN,996,2456,5,1,2,-1.577179193496704,3.922492742538452,5.499671936035156,0.8660253286361694,0.046375006437301636,0.04397118091583252,0.5157883167266846,0.11059020459651947,0.3685107995452823,1,0.5380321145057678,0.9993021632937893,1432,0.9999999403953552,1.0,0.5167361915120201,0.9859675036927622,96.49057006835938,1.0,0.46795475482940674,0.9981536189069424,0.46795475482940674,0.9981536189069424,0.046375006437301636,0.9946064949035645,1.0,0.9999999403953552
GCN,996,2459,3,1,2,-5.279104232788086,1.3765878677368164,6.655692100524902,0.8660253286361694,0.08521057665348053,-0.04124222695827484,0.5286405086517334,0.1871280074119568,0.6309208033345964,1,0.5401256084442139,0.9993021632937893,1432,0.9999999403953552,1.0,0.5308794805159364,0.9870753323485968,97.21488952636719,1.0,0.4734984040260315,0.9981536189069424,0.4734984040260315,0.9981536189069424,0.08521057665348053,0.9825562834739685,1.0,0.9999999403953552
GCN,996,2461,6,1,1,-3.307239532470703,1.4419095516204834,4.7491490840911865,0.9486831426620483,0.08985865861177444,0.07910184562206268,0.4724964201450348,0.09851238876581192,0.3090185676392573,0,0.5387299060821533,0.9993021632937893,1432,0.9999999403953552,1.0,0.47313580736241134,0.9719350073855244,88.83682250976562,1.0,0.4293905198574066,0.9959379615952733,0.4293905198574066,0.9959379615952733,0.08985865861177444,0.9798290133476257,1.0,0.9999999403953552
GCN,996,2467,6,1,2,-1.290635108947754,3.8443350791931152,5.134970188140869,0.8660253286361694,0.05142149329185486,0.015456883236765862,0.5178577303886414,0.07019304484128952,0.21049640015157256,0,0.5366364121437073,0.9993021632937893,1432,0.9999999403953552,1.0,0.5168879099367204,0.9859675036927622,96.57238006591797,1.0,0.4665927588939667,0.9981536189069424,0.4665927588939667,0.9981536189069424,0.05142148956656456,0.9934065937995911,1.0,0.9999999403953552
GCN,996,2474,4,1,2,-5.440798759460449,2.632735252380371,8.07353401184082,0.8660253286361694,0.07218801975250244,0.09913550317287445,0.5138363838195801,0.04874762147665024,0.14153088291019325,0,0.535938560962677,0.9993021632937893,1432,0.9999999403953552,1.0,0.5154676486278469,0.9844903988183161,96.34740447998047,1.0,0.46710583567619324,0.9981536189069424,0.46710583567619324,0.9981536189069424,0.07218801975250244,0.9868853092193604,1.0,0.9999999403953552
GCN,996,2479,6,1,1,-3.1167240142822266,1.7419092655181885,4.858633279800415,0.9486831426620483,0.09083700180053711,-0.023925039917230606,0.48234280943870544,0.17747989296913147,0.5987116331943918,1,0.5352407097816467,0.9993021632937893,1432,0.9999999403953552,1.0,0.48523835180099684,0.9763663220088626,89.84538269042969,1.0,0.4362950026988983,0.9963072378138847,0.4362950026988983,0.9963072378138847,0.09083700180053711,0.9801100492477417,1.0,0.9999999403953552
GCN,996,2483,4,1,2,-3.1850192546844482,4.3312835693359375,7.516302824020386,0.8660253286361694,0.10451503098011017,0.0483243465423584,0.5235937833786011,0.1757357269525528,0.5962485790071997,1,0.5394277572631836,0.9993021632937893,1432,0.9999999403953552,1.0,0.5248217995525998,0.9863367799113737,97.02950286865234,1.0,0.47499802708625793,0.9981536189069424,0.47499802708625793,0.9981536189069424,0.10451502352952957,0.9731380939483643,1.0,0.9999999403953552
GCN,996,2489,3,1,1,-3.9134271144866943,4.494569778442383,8.407996892929077,0.9486831426620483,0.11761264503002167,0.06776507198810577,0.47832611203193665,0.1667979657649994,0.5666919287608942,1,0.5387299060821533,0.9993021632937893,1432,0.9999999403953552,1.0,0.48509570310632344,0.9763663220088626,88.57524108886719,1.0,0.4324524402618408,0.9959379615952733,0.4324524402618408,0.9959379615952733,0.11761264503002167,0.9659874439239502,1.0,0.9999999403953552
GCN,996,2490,4,1,2,-2.5332961082458496,4.944887638092041,7.478183746337891,0.8660253286361694,0.045974187552928925,-0.009596600197255611,0.5185945630073547,0.0702473372220993,0.21049640015157256,0,0.5415212512016296,0.9993021632937893,1432,0.9999999403953552,1.0,0.5194704120551797,0.9863367799113737,96.93045806884766,1.0,0.4685746431350708,0.9981536189069424,0.4685746431350708,0.9981536189069424,0.04597418010234833,0.9947472810745239,1.0,0.9999999403953552
GCN,996,2496,4,1,1,-1.0984679460525513,4.553400039672852,5.651867985725403,0.9486831426620483,0.0761379599571228,-0.04481701925396919,0.4807872176170349,0.192286878824234,0.6494884425918909,1,0.5373342633247375,0.9993021632937893,1432,0.9999999403953552,1.0,0.48471538827475674,0.9763663220088626,89.2975082397461,1.0,0.4326997697353363,0.9963072378138847,0.4326997697353363,0.9963072378138847,0.0761379599571228,0.9859976172447205,1.0,0.9999999403953552
GCN,996,2505,1,1,1,-2.8880531787872314,1.5805737972259521,4.468626976013184,0.9486831426620483,0.0778270959854126,0.011466192081570625,0.47662973403930664,0.16166135668754578,0.5507768093974991,1,0.5387299060821533,0.9993021632937893,1432,0.9999999403953552,1.0,0.4803651837634676,0.9759970457902511,88.56060791015625,1.0,0.42963707447052,0.9959379615952733,0.42963707447052,0.9959379615952733,0.077827088534832,0.9850781559944153,1.0,0.9999999403953552
GCN,996,2508,3,1,3,-3.932753562927246,2.4699106216430664,6.4026641845703125,0.8017836213111877,0.05790316313505173,0.089500293135643,0.5548718571662903,0.037018388509750366,0.10837438423645321,0,0.5401256084442139,0.9993021632937893,1432,1.0,1.0,0.5534115474739689,0.990029542097489,104.23429107666016,1.0,0.5081713795661926,0.9985228951255539,0.5081713795661926,0.9985228951255539,0.05790315940976143,0.9915624856948853,1.0,1.0
GCN,996,2509,3,1,5,-5.808679580688477,0.6163691878318787,6.425048768520355,0.7071066498756409,0.02911454066634178,0.020035911351442337,0.6317036747932434,0.003974448889493942,0.10837438423645321,0,0.5380321145057678,0.9993021632937893,1432,1.0,1.0,0.6241167264405635,0.9948301329394387,117.9020004272461,1.0,0.5720930099487305,0.9992614475627769,0.5720930099487305,0.9992614475627769,0.02911454439163208,0.9978744387626648,1.0,1.0
GCN,996,2514,2,1,2,-3.532008171081543,3.62385630607605,7.155864477157593,0.8660253286361694,0.05017181858420372,-0.028711527585983276,0.5202574133872986,0.13798503577709198,0.45054945054945056,1,0.5387299060821533,0.9993021632937893,1432,0.9999999403953552,1.0,0.5198208568176909,0.9863367799113737,96.84709930419922,1.0,0.47051146626472473,0.9981536189069424,0.47051146626472473,0.9981536189069424,0.05017181113362312,0.9937858581542969,1.0,0.9999999403953552
GCN,996,2523,2,1,2,-3.4335575103759766,2.9206767082214355,6.354234218597412,0.8660253286361694,0.05218149349093437,0.0017633549869060516,0.518765926361084,0.1309211552143097,0.4213717317165593,1,0.5401256084442139,0.9993021632937893,1432,0.9999999403953552,1.0,0.5191770220785623,0.9863367799113737,96.81305694580078,1.0,0.4726067781448364,0.9981536189069424,0.4726067781448364,0.9981536189069424,0.052181489765644073,0.9932318329811096,1.0,0.9999999403953552
GCN,996,2533,0,1,1,-2.6739861965179443,4.97180700302124,7.645793199539185,0.9486831426620483,0.0822051614522934,-0.008248965255916119,0.4790741205215454,0.1881924271583557,0.6347101174687382,1,0.5387299060821533,0.9993021632937893,1432,0.9999999403953552,1.0,0.48500338678553917,0.9763663220088626,88.52425384521484,1.0,0.43234068155288696,0.9959379615952733,0.43234068155288696,0.9959379615952733,0.0822051614522934,0.9835074543952942,1.0,0.9999999403953552
GCN,996,2540,3,0,1,-7.240971565246582,-0.599578857421875,6.641392707824707,0.9486831426620483,0.13973881304264069,-0.006110120564699173,0.493836373090744,0.29894354939460754,0.8751420992800303,1,0.5422191023826599,0.9993021632937893,1432,0.9999999403953552,1.0,0.49886362760499975,0.9763663220088626,88.2978515625,1.0,0.43347564339637756,0.9963072378138847,0.43347564339637756,0.9963072378138847,0.13973881304264069,0.9544825553894043,1.0,0.9999999403953552
GCN,996,2543,3,1,3,-4.62867546081543,2.635451555252075,7.264127016067505,0.8017836213111877,0.03918425366282463,0.02132335677742958,0.5577557682991028,-0.02777770906686783,0.0,0,0.5401256084442139,0.9993021632937893,1432,0.9999999403953552,1.0,0.5554962441122568,0.9911373707533235,104.13493347167969,1.0,0.5048047304153442,0.9985228951255539,0.5048047304153442,0.9985228951255539,0.03918425366282463,0.9961556196212769,1.0,0.9999999403953552
GCN,996,2549,4,1,1,-3.8611350059509277,4.27878999710083,8.139925003051758,0.9486831426620483,0.07610095292329788,-0.03732497990131378,0.48019054532051086,0.17809388041496277,0.6023114816218265,1,0.5380321145057678,0.9993021632937893,1432,0.9999999403953552,1.0,0.4819289867177054,0.9763663220088626,89.14303588867188,1.0,0.4322618544101715,0.9959379615952733,0.4322618544101715,0.9959379615952733,0.07610095292329788,0.9859675765037537,1.0,0.9999999403953552
GCN,996,2552,3,1,1,-2.9143190383911133,4.260513782501221,7.174832820892334,0.9486831426620483,0.15586954355239868,0.0061407145112752914,0.4973694980144501,0.3294782042503357,0.9088669950738916,1,0.5429169535636902,0.9993021632937893,1432,0.9999999403953552,1.0,0.503883331723934,0.9844903988183161,89.71527099609375,1.0,0.43780162930488586,0.9966765140324964,0.43780162930488586,0.9966765140324964,0.15586954355239868,0.9438642263412476,1.0,0.9999999403953552
GCN,996,2557,2,1,1,-4.42003059387207,3.2029976844787598,7.62302827835083,0.9486831426620483,0.08323174715042114,-0.014873694628477097,0.4798499643802643,0.19286054372787476,0.6515725653656688,1,0.5401256084442139,0.9993021632937893,1432,0.9999999403953552,1.0,0.48171599479825267,0.9763663220088626,88.48690795898438,1.0,0.4321956932544708,0.9959379615952733,0.4321956932544708,0.9959379615952733,0.08323175460100174,0.9831470847129822,1.0,0.9999999403953552
GCN,996,2561,2,1,1,-1.6257798671722412,5.463986396789551,7.089766263961792,0.9486831426620483,0.15477439761161804,0.024445341899991035,0.49416109919548035,0.305621862411499,0.8825312618416067,1,0.5401256084442139,0.9993021632937893,1432,0.9999999403953552,1.0,0.5007166792590995,0.9844903988183161,90.06119537353516,1.0,0.43690380454063416,0.9966765140324964,0.43690380454063416,0.9966765140324964,0.15477439761161804,0.9439635276794434,1.0,0.9999999403953552
GCN,996,2562,0,1,2,-0.6170885562896729,3.879683494567871,4.496772050857544,0.8660253286361694,0.08063244819641113,-0.055023882538080215,0.5287213921546936,0.13719597458839417,0.44808639636225844,1,0.5394277572631836,0.9993021632937893,1432,0.9999999403953552,1.0,0.5256695202129338,0.9863367799113737,97.46159362792969,1.0,0.47397616505622864,0.9981536189069424,0.47397616505622864,0.9981536189069424,0.08063244819641113,0.9844204187393188,1.0,0.9999999403953552
GCN,996,2566,3,1,2,-2.046841859817505,4.639805793762207,6.686647653579712,0.8660253286361694,0.06715395301580429,-0.016224201768636703,0.522404670715332,0.15140092372894287,0.5178097764304661,1,0.5394277572631836,0.9993021632937893,1432,0.9999999403953552,1.0,0.5214933473193789,0.9863367799113737,97.1395492553711,1.0,0.4717899262905121,0.9981536189069424,0.4717899262905121,0.9981536189069424,0.06715395301580429,0.9889252185821533,1.0,0.9999999403953552
GCN,996,2568,3,1,1,-4.917590618133545,3.069199562072754,7.986790180206299,0.9486831426620483,0.07965358346700668,-0.02023039385676384,0.47956106066703796,0.19102737307548523,0.6451307313376279,1,0.535938560962677,0.9993021632937893,1432,0.9999999403953552,1.0,0.4837593041740114,0.9763663220088626,88.82951354980469,1.0,0.431018203496933,0.9959379615952733,0.431018203496933,0.9959379615952733,0.07965357601642609,0.9845602512359619,1.0,0.9999999403953552
GCN,996,2578,0,1,2,-1.6914799213409424,4.318321228027344,6.009801149368286,0.8660253286361694,0.049117445945739746,0.09438039362430573,0.5131241679191589,0.02603238821029663,0.10837438423645321,0,0.5380321145057678,0.9993021632937893,1432,0.9999999403953552,1.0,0.5137691043169677,0.9844903988183161,96.56390380859375,1.0,0.46881431341171265,0.9981536189069424,0.46881431341171265,0.9981536189069424,0.049117445945739746,0.9939274787902832,1.0,0.9999999403953552
GCN,996,2582,3,1,3,-6.501651763916016,0.9449360370635986,7.446587800979614,0.8017836213111877,0.044431619346141815,-0.05793091654777527,0.5625906586647034,0.09186697006225586,0.26203107237589995,0,0.5394277572631836,0.9993021632937893,1432,0.9999999403953552,1.0,0.5597245567999849,0.992245199409158,104.20587158203125,1.0,0.5077563524246216,0.9985228951255539,0.5077563524246216,0.9985228951255539,0.044431619346141815,0.9951533079147339,1.0,0.9999999403953552
GCN,996,2586,5,1,1,-2.1673903465270996,4.09389066696167,6.2612810134887695,0.9486831426620483,0.12263746559619904,0.02615668997168541,0.4846240282058716,0.16948577761650085,0.5759757483895415,1,0.5387299060821533,0.9993021632937893,1432,0.9999999403953552,1.0,0.4898418663755276,0.9763663220088626,88.74391174316406,1.0,0.43435585498809814,0.9963072378138847,0.43435585498809814,0.9963072378138847,0.12263746559619904,0.9637922048568726,1.0,0.9999999403953552
GCN,996,2592,5,1,2,-3.7467403411865234,2.6449809074401855,6.391721248626709,0.8660253286361694,0.05470056086778641,0.047305505722761154,0.516243040561676,0.06586304306983948,0.20670708601743085,0,0.5373342633247375,0.9993021632937893,1432,0.9999999403953552,1.0,0.5171049438231379,0.9859675036927622,97.26104736328125,1.0,0.4688212275505066,0.9981536189069424,0.4688212275505066,0.9981536189069424,0.05470056086778641,0.992503821849823,1.0,0.9999999403953552
GCN,996,2598,1,1,1,-1.412009596824646,3.6528525352478027,5.064862132072449,0.9486831426620483,0.08357597142457962,0.0577673502266407,0.4736069440841675,0.10166410356760025,0.3283440697233801,1,0.5380321145057678,0.9993021632937893,1432,0.9999999403953552,1.0,0.47748613746852314,0.9745199409158051,89.13253021240234,1.0,0.43353956937789917,0.9963072378138847,0.43353956937789917,0.9963072378138847,0.08357596397399902,0.982606053352356,1.0,0.9999999403953552
GCN,996,2599,3,1,3,-3.5137109756469727,3.116593360900879,6.630304336547852,0.8017836213111877,0.04320725053548813,0.01388352271169424,0.5585107803344727,0.09423808753490448,0.2737779461917393,0,0.5373342633247375,0.9993021632937893,1432,0.9999999403953552,1.0,0.5559347931236853,0.9911373707533235,104.30513000488281,1.0,0.5079715847969055,0.9985228951255539,0.5079715847969055,0.9985228951255539,0.04320725053548813,0.9953352212905884,1.0,0.9999999403953552
GCN,996,2603,3,1,1,-2.2126550674438477,4.95562744140625,7.168282508850098,0.9486831426620483,0.07365676015615463,-0.012311000376939774,0.47776398062705994,0.11344505101442337,0.38044713906782873,1,0.535938560962677,0.9993021632937893,1432,0.9999999403953552,1.0,0.4775305437135588,0.9745199409158051,89.46711730957031,1.0,0.43505561351776123,0.9963072378138847,0.43505561351776123,0.9963072378138847,0.07365676015615463,0.9867089986801147,1.0,0.9999999403953552
GCN,996,2604,6,1,3,-0.8335525989532471,3.1219985485076904,3.9555511474609375,0.8017836213111877,0.04394714534282684,-0.03958557918667793,0.5615008473396301,0.10959174484014511,0.367942402425161,1,0.5380321145057678,0.9993021632937893,1432,0.9999999403953552,1.0,0.5570663162900213,0.9918759231905465,104.6534652709961,1.0,0.5089186429977417,0.9985228951255539,0.5089186429977417,0.9985228951255539,0.043947141617536545,0.9952316284179688,1.0,0.9999999403953552
GCN,996,2614,2,1,5,-4.935022354125977,1.4632177352905273,6.398240089416504,0.7071066498756409,0.04686826467514038,0.0012840256094932556,0.63457190990448,0.10698557645082474,0.359037514209928,1,0.5401256084442139,0.9993021632937893,1432,0.9999999403953552,1.0,0.6256534736472241,0.9948301329394387,118.27359771728516,1.0,0.5747660994529724,0.9996307237813885,0.5747660994529724,0.9996307237813885,0.046868257224559784,0.9945300221443176,1.0,0.9999999403953552
GCN,996,2618,2,1,1,-1.1991699934005737,5.16424036026001,6.3634103536605835,0.9486831426620483,0.16227637231349945,0.11553139984607697,0.4816596210002899,0.22249537706375122,0.7347480106100795,1,0.5415212512016296,0.9993021632937893,1432,0.9999999403953552,1.0,0.4871419355802645,0.9763663220088626,88.6844482421875,1.0,0.43491485714912415,0.9963072378138847,0.43491485714912415,0.9963072378138847,0.16227637231349945,0.935714840888977,1.0,0.9999999403953552
GCN,996,2631,4,1,1,-4.797967910766602,4.298130989074707,9.096098899841309,0.9486831426620483,0.10608096420764923,0.05640863627195358,0.4773882329463959,0.14297981560230255,0.47120121258052294,1,0.535938560962677,0.9993021632937893,1432,0.9999999403953552,1.0,0.4818327391432867,0.9763663220088626,89.4146499633789,1.0,0.429694265127182,0.9959379615952733,0.429694265127182,0.9959379615952733,0.10608096420764923,0.9722707867622375,1.0,0.9999999403953552
GCN,996,2641,2,1,2,-3.4710330963134766,2.2551307678222656,5.726163864135742,0.8660253286361694,0.05231768637895584,-0.016916941851377487,0.5199037790298462,0.11229857802391052,0.3781735505873437,1,0.5345429182052612,0.9993021632937893,1432,0.9999999403953552,1.0,0.5189743786167379,0.9863367799113737,96.78460693359375,1.0,0.47104761004447937,0.9981536189069424,0.47104761004447937,0.9981536189069424,0.05231768637895584,0.9932281970977783,1.0,0.9999999403953552
GCN,996,2642,2,1,4,-5.350905418395996,2.667363405227661,8.018268823623657,0.7499998807907104,0.034271951764822006,0.06175548955798149,0.5940192937850952,0.060190871357917786,0.19969685486926866,0,0.535938560962677,0.9993021632937893,1432,0.9999999403953552,1.0,0.5883216165216992,0.9940915805022157,111.36409759521484,1.0,0.5382795333862305,0.9988921713441654,0.5382795333862305,0.9988921713441654,0.034271951764822006,0.9970481395721436,1.0,0.9999999403953552
GCN,996,2646,4,1,1,-4.095868110656738,4.204164505004883,8.300032615661621,0.9486831426620483,0.0707089975476265,0.07651152461767197,0.4706595838069916,0.08398374915122986,0.22735884804850323,0,0.533845067024231,0.9993021632937893,1432,0.9999999403953552,1.0,0.4746500162690627,0.9726735598227474,88.4888916015625,1.0,0.4305347502231598,0.9959379615952733,0.4305347502231598,0.9959379615952733,0.0707089975476265,0.9874557256698608,1.0,0.9999999403953552
GCN,996,2647,4,1,3,-4.030035018920898,3.309701681137085,7.339736700057983,0.8017836213111877,0.0396854393184185,0.0037540048360824585,0.5586647391319275,0.11012934148311615,0.3685107995452823,1,0.5317515730857849,0.9993021632937893,1432,0.9999999403953552,1.0,0.556886076768856,0.9918759231905465,104.1926498413086,1.0,0.506842851638794,0.9985228951255539,0.506842851638794,0.9985228951255539,0.0396854393184185,0.9960675239562988,1.0,0.9999999403953552
GCN,996,2653,0,1,2,-0.46283578872680664,4.398850917816162,4.861686706542969,0.8660253286361694,0.05294527858495712,0.05260501801967621,0.5157710909843445,0.06984816491603851,0.21030693444486548,0,0.5373342633247375,0.9993021632937893,1432,0.9999999403953552,1.0,0.5156836620831099,0.9844903988183161,96.78361511230469,1.0,0.47008633613586426,0.9981536189069424,0.47008633613586426,0.9981536189069424,0.05294527858495712,0.9929696321487427,1.0,0.9999999403953552
GCN,996,2658,2,1,1,-4.449724197387695,4.3850998878479,8.834824085235596,0.9486831426620483,0.07463280111551285,-0.007399781607091427,0.4775642454624176,0.18992508947849274,0.6369837059492232,1,0.5324493646621704,0.9993021632937893,1432,0.9999999403953552,1.0,0.4813676504516604,0.9763663220088626,88.59492492675781,1.0,0.4330926835536957,0.9963072378138847,0.4330926835536957,0.9963072378138847,0.07463280111551285,0.9863391518592834,1.0,0.9999999403953552
GCN,996,2668,3,1,5,-3.6440443992614746,2.2330822944641113,5.877126693725586,0.7071066498756409,0.02500685304403305,0.01429789885878563,0.6316708326339722,-0.015239259228110313,0.0,0,0.5394277572631836,0.9993021632937893,1432,0.9999999403953552,1.0,0.6227536124159496,0.9944608567208272,118.08882904052734,1.0,0.5723000168800354,0.9992614475627769,0.5723000168800354,0.9992614475627769,0.02500685676932335,0.9984318614006042,1.0,1.0
GCN,996,2669,3,1,1,-3.6556849479675293,4.0994391441345215,7.755124092102051,0.9486831426620483,0.08908270299434662,0.0011974871158599854,0.4796275496482849,0.16638635098934174,0.563849943160288,1,0.5352407097816467,0.9993021632937893,1432,0.9999999403953552,1.0,0.48513285508316817,0.9763663220088626,88.77954864501953,1.0,0.43555811047554016,0.9963072378138847,0.43555811047554016,0.9963072378138847,0.08908270299434662,0.98064786195755,1.0,0.9999999403953552
GCN,996,2681,4,1,5,-2.7191622257232666,3.8002538681030273,6.519416093826294,0.7071066498756409,0.04261180758476257,0.054474931210279465,0.6307797431945801,0.0492059551179409,0.15270935960591134,0,0.5394277572631836,0.9993021632937893,1432,0.9999999403953552,1.0,0.6233169783352264,0.9944608567208272,118.19593811035156,1.0,0.5716750621795654,0.9992614475627769,0.5716750621795654,0.9992614475627769,0.042611800134181976,0.9954395890235901,1.0,0.9999999403953552
GCN,996,2685,2,1,4,-6.47289514541626,0.825989305973053,7.298884451389313,0.7499998807907104,0.05934588238596916,-0.005754448939114809,0.6007766723632812,0.0702146664261818,0.21049640015157256,0,0.5387299060821533,0.9993021632937893,1432,0.9999999403953552,1.0,0.5945745565153816,0.9944608567208272,111.54383087158203,1.0,0.5433447360992432,0.9988921713441654,0.5433447360992432,0.9988921713441654,0.05934588611125946,0.9912886619567871,1.0,0.9999999403953552
GCN,996,2686,3,1,2,-5.071927070617676,2.448503255844116,7.520430326461792,0.8660253286361694,0.09780437499284744,0.020896844565868378,0.5252797603607178,0.17019549012184143,0.5765441455096627,1,0.5408234596252441,0.9993021632937893,1432,0.9999999403953552,1.0,0.5275330097934514,0.9870753323485968,97.66681671142578,1.0,0.4778715968132019,0.9981536189069424,0.4778715968132019,0.9981536189069424,0.09780437499284744,0.9766245484352112,1.0,0.9999999403953552
GCN,996,2689,2,1,2,-3.999376058578491,3.3894734382629395,7.388849496841431,0.8660253286361694,0.08940719068050385,-0.013897482305765152,0.5270048379898071,0.1779562383890152,0.6023114816218265,1,0.5387299060821533,0.9993021632937893,1432,0.9999999403953552,1.0,0.5292507306356526,0.9870753323485968,97.09930419921875,1.0,0.4748687148094177,0.9981536189069424,0.4748687148094177,0.9981536189069424,0.08940719813108444,0.980628252029419,1.0,0.9999999403953552
GCN,996,2690,6,1,1,0.03332841396331787,4.500500202178955,4.467171788215637,0.9486831426620483,0.15704141557216644,-0.03165356442332268,0.5036500096321106,0.34392786026000977,0.9225085259568018,1,0.5394277572631836,0.9993021632937893,1432,0.9999999403953552,1.0,0.5025628390805026,0.9844903988183161,88.8582992553711,1.0,0.43540051579475403,0.9963072378138847,0.43540051579475403,0.9963072378138847,0.15704141557216644,0.9445010423660278,1.0,0.9999999403953552
GCN,996,2699,3,1,1,-2.761758327484131,4.660920143127441,7.422678470611572,0.9486831426620483,0.08612877875566483,0.020576300099492073,0.47730034589767456,0.1491832137107849,0.5049261083743842,1,0.533845067024231,0.9993021632937893,1432,0.9999999403953552,1.0,0.4832237313270443,0.9763663220088626,89.9895248413086,1.0,0.4342869520187378,0.9963072378138847,0.4342869520187378,0.9963072378138847,0.08612877875566483,0.9817510843276978,1.0,0.9999999403953552
GCN,996,2700,3,1,1,-2.1901211738586426,4.816160678863525,7.006281852722168,0.9486831426620483,0.08699715882539749,0.05813881382346153,0.47405049204826355,0.11736200749874115,0.3904888215233043,1,0.5373342633247375,0.9993021632937893,1432,0.9999999403953552,1.0,0.47827970956269533,0.9756277695716395,88.59532928466797,1.0,0.43235522508621216,0.9959379615952733,0.43235522508621216,0.9959379615952733,0.08699715882539749,0.9811754822731018,1.0,0.9999999403953552
GCN,996,2702,0,1,2,0.2477104663848877,5.586030006408691,5.338319540023804,0.8660253286361694,0.05912607163190842,-0.055784523487091064,0.5236256718635559,0.12721778452396393,0.41114058355437666,1,0.5401256084442139,0.9993021632937893,1432,0.9999999403953552,1.0,0.5237723176430206,0.9863367799113737,97.00370788574219,1.0,0.47110089659690857,0.9981536189069424,0.47110089659690857,0.9981536189069424,0.05912606790661812,0.9914901256561279,1.0,0.9999999403953552
GCN,996,2707,3,1,4,-4.945975303649902,1.4478137493133545,6.393789052963257,0.7499998807907104,0.03268706053495407,-0.027344632893800735,0.5978689789772034,0.05718445032835007,0.19458128078817735,0,0.5394277572631836,0.9993021632937893,1432,0.9999999403953552,1.0,0.5922664126758397,0.9944608567208272,111.4488296508789,1.0,0.5414301753044128,0.9988921713441654,0.5414301753044128,0.9988921713441654,0.03268705680966377,0.9973413944244385,1.0,0.9999999403953552
GCN,527,1370,6,1,8,-1.16289484500885,2.4866409301757812,3.6495357751846313,0.6123723983764648,0.021423552185297012,0.03323272988200188,0.7285075783729553,0.018231593072414398,0.10837438423645321,0,0.5415212512016296,0.9993021632937893,1432,0.9999999403953552,1.0,0.7118698545944835,1.0,136.46820068359375,1.0,0.6604446172714233,1.0,0.6604446172714233,1.0,0.021423548460006714,0.9988475441932678,1.0,0.9999999403953552
GCN,527,1376,0,1,3,1.9473423957824707,6.170257091522217,4.222914695739746,0.8017836213111877,0.0350797064602375,0.017590338364243507,0.5576026439666748,0.012187985703349113,0.10837438423645321,0,0.5408234596252441,0.9993021632937893,1432,0.9999999403953552,1.0,0.5532423724628235,0.990029542097489,104.36863708496094,1.0,0.5072333812713623,0.9985228951255539,0.5072333812713623,0.9985228951255539,0.0350797064602375,0.9969178438186646,1.0,0.9999999403953552
GCN,527,1378,2,1,3,-3.5210800170898438,2.450727701187134,5.9718077182769775,0.8017836213111877,0.052128564566373825,0.011453164741396904,0.5596975088119507,0.041749581694602966,0.10989010989010989,0,0.5380321145057678,0.9993021632937893,1432,0.9999999403953552,1.0,0.5568485072606156,0.9918759231905465,104.60338592529297,1.0,0.5074166059494019,0.9985228951255539,0.5074166059494019,0.9985228951255539,0.05212856084108353,0.9932310581207275,1.0,0.9999999403953552
GCN,527,1392,3,1,3,-1.7855184078216553,4.014671802520752,5.800190210342407,0.8017836213111877,0.035835810005664825,5.23589551448822e-05,0.5584427714347839,0.0337764173746109,0.10837438423645321,0,0.5380321145057678,0.9993021632937893,1432,0.9999999403953552,1.0000001192092896,0.5556851669621234,0.9911373707533235,104.32032012939453,1.0,0.5072987079620361,0.9985228951255539,0.5072987079620361,0.9985228951255539,0.035835810005664825,0.9967920780181885,1.0000001192092896,0.9999999403953552
GCN,527,1393,3,1,1,-2.0793800354003906,4.6949687004089355,6.774348735809326,0.9486831426620483,0.08223089575767517,0.055397722870111465,0.4736306965351105,0.10216490924358368,0.3311860553239864,1,0.5345429182052612,0.9993021632937893,1432,0.9999999403953552,1.0,0.479457488814795,0.9759970457902511,87.66908264160156,1.0,0.4305541515350342,0.9959379615952733,0.4305541515350342,0.9959379615952733,0.08223089575767517,0.9831634163856506,1.0,0.9999999403953552
GCN,527,1400,3,1,2,-5.336972236633301,1.6617850065231323,6.998757243156433,0.8660253286361694,0.058645207434892654,-0.004828695207834244,0.5201151371002197,0.1262611597776413,0.41114058355437666,1,0.5345429182052612,0.9993021632937893,1432,0.9999999403953552,1.0,0.5218765841248734,0.9863367799113737,96.42379760742188,1.0,0.4679931700229645,0.9981536189069424,0.4679931700229645,0.9981536189069424,0.058645207434892654,0.9914883375167847,1.0,0.9999999403953552
GCN,527,1416,0,1,18,2.9444360733032227,7.732781410217285,4.7883453369140625,0.4522669315338135,0.013079437427222729,0.01211412064731121,0.986914873123169,-0.006460396572947502,0.0,0,0.5422191023826599,0.9993021632937893,1432,1.0,1.0,0.964752285595055,1.0,184.761474609375,1.0,0.8941705226898193,1.0,0.8941705226898193,1.0,0.013079437427222729,0.9995705485343933,1.0,1.0
GCN,527,1422,4,1,1,-4.5440263748168945,2.766307830810547,7.310334205627441,0.9486831426620483,0.0850110873579979,0.04481550306081772,0.47495490312576294,0.12680275738239288,0.41114058355437666,1,0.535938560962677,0.9993021632937893,1432,0.9999999403953552,1.0,0.47798957714484525,0.9756277695716395,89.03087615966797,1.0,0.4279019832611084,0.9948301329394387,0.4279019832611084,0.9948301329394387,0.0850110873579979,0.9820769429206848,1.0,0.9999999403953552
GCN,527,1423,3,1,2,-0.2960183620452881,5.410266399383545,5.706284761428833,0.8660253286361694,0.046310484409332275,-0.07344517856836319,0.5220198631286621,0.14593783020973206,0.4850322091701402,1,0.5401256084442139,0.9993021632937893,1432,0.9999999403953552,1.0,0.5224209779093042,0.9863367799113737,97.69971466064453,1.0,0.47387734055519104,0.9981536189069424,0.47387734055519104,0.9981536189069424,0.046310488134622574,0.9947679042816162,1.0,0.9999999403953552
GCN,527,1425,4,1,2,-3.2398693561553955,3.636430501937866,6.876299858093262,0.8660253286361694,0.04911937192082405,0.028512608259916306,0.5168628096580505,0.06087041273713112,0.2019704433497537,0,0.5380321145057678,0.9993021632937893,1432,0.9999999403953552,1.0,0.5175695742494593,0.9859675036927622,96.70828247070312,1.0,0.46864044666290283,0.9981536189069424,0.46864044666290283,0.9981536189069424,0.04911936819553375,0.9939656853675842,1.0,0.9999999403953552
GCN,527,1429,4,1,3,-3.1865234375,3.9183051586151123,7.104828596115112,0.8017836213111877,0.04172129929065704,0.040865689516067505,0.5569592118263245,0.10285365581512451,0.3378173550587344,1,0.5401256084442139,0.9993021632937893,1432,0.9999999403953552,1.0,0.552877939943056,0.990029542097489,104.3860092163086,1.0,0.507070004940033,0.9985228951255539,0.507070004940033,0.9985228951255539,0.04172129929065704,0.9956333637237549,1.0,0.9999999403953552
GCN,527,1434,3,1,2,-3.9507899284362793,2.930539131164551,6.88132905960083,0.8660253286361694,0.0720544308423996,0.05661836266517639,0.5173625946044922,0.09556590020656586,0.2847669571807503,0,0.533845067024231,0.9993021632937893,1432,0.9999999403953552,1.0,0.5191333939599097,0.9863367799113737,96.60514068603516,1.0,0.47057273983955383,0.9981536189069424,0.47057273983955383,0.9981536189069424,0.0720544382929802,0.9870260953903198,1.0,0.9999999403953552
GCN,527,1436,5,1,1,-4.040707588195801,4.404632091522217,8.445339679718018,0.9486831426620483,0.08288966119289398,-0.009059861302375793,0.479280561208725,0.1641293466091156,0.5625236832133383,1,0.5394277572631836,0.9993021632937893,1432,0.9999999403953552,1.0,0.4830704317945816,0.9763663220088626,88.57080078125,1.0,0.43430477380752563,0.9963072378138847,0.43430477380752563,0.9963072378138847,0.08288965374231339,0.9832441806793213,1.0,0.9999999403953552
GCN,527,1437,4,1,1,-1.237278938293457,4.884634494781494,6.121913433074951,0.9486831426620483,0.07450384646654129,-0.0342063382267952,0.4796103835105896,0.17032445967197418,0.5814702538840469,1,0.5380321145057678,0.9993021632937893,1432,0.9999999403953552,1.0,0.48308910915110603,0.9763663220088626,89.48664855957031,1.0,0.4340274930000305,0.9963072378138847,0.4340274930000305,0.9963072378138847,0.07450384646654129,0.9865185618400574,1.0,0.9999999403953552
GCN,527,1441,5,1,23,-2.3775033950805664,1.6111853122711182,3.9886887073516846,0.40824824571609497,0.016554512083530426,0.0701683834195137,1.0911506414413452,0.054578326642513275,0.18927624100037893,0,0.5394277572631836,0.9993021632937893,1432,1.0,1.0,1.066428048047306,1.0,204.28854370117188,1.0,0.9883202314376831,1.0,0.9883202314376831,1.0,0.016554510220885277,0.9993126392364502,1.0,1.0
GCN,527,1442,3,1,2,-2.9619781970977783,2.9982950687408447,5.960273265838623,0.8660253286361694,0.056303102523088455,-0.014128429815173149,0.5203561782836914,0.12594729661941528,0.40867752936718454,1,0.5352407097816467,0.9993021632937893,1432,0.9999999403953552,1.0,0.518531439595914,0.9859675036927622,96.93212127685547,1.0,0.46981221437454224,0.9981536189069424,0.46981221437454224,0.9981536189069424,0.05630309879779816,0.9921658039093018,1.0,0.9999999403953552
GCN,527,1444,2,1,4,-2.401893377304077,3.4343690872192383,5.836262464523315,0.7499998807907104,0.03330957144498825,0.026912640780210495,0.5955496430397034,0.0069334851577878,0.10837438423645321,0,0.5429169535636902,0.9993021632937893,1432,0.9999999403953552,1.0,0.5909811510317282,0.9944608567208272,111.2747802734375,1.0,0.5391777157783508,0.9988921713441654,0.5391777157783508,0.9988921713441654,0.03330957144498825,0.9972174167633057,1.0,0.9999999403953552
GCN,527,1448,1,1,5,-1.7156007289886475,2.1186366081237793,3.8342373371124268,0.7071066498756409,0.02160467952489853,0.00856960378587246,0.63166344165802,0.010776333510875702,0.10837438423645321,0,0.5422191023826599,0.9993021632937893,1432,1.0,1.0,0.624185627618336,0.9948301329394387,118.13449096679688,1.0,0.5733354091644287,0.9996307237813885,0.5733354091644287,0.9996307237813885,0.02160467952489853,0.9988296031951904,1.0,1.0
GCN,527,1450,3,1,3,-3.785006046295166,2.6371896266937256,6.422195672988892,0.8017836213111877,0.04063565284013748,0.00577096501365304,0.5586646795272827,0.054014310240745544,0.18321333838575218,0,0.5394277572631836,0.9993021632937893,1432,0.9999999403953552,1.0,0.5547093937811005,0.9911373707533235,104.49421691894531,1.0,0.5067223906517029,0.9985228951255539,0.5067223906517029,0.9985228951255539,0.04063565284013748,0.9958766102790833,1.0,0.9999999403953552
GCN,527,1452,4,1,3,-3.34328031539917,3.2370762825012207,6.580356597900391,0.8017836213111877,0.039163362234830856,0.015552502125501633,0.5580353140830994,0.08211812376976013,0.22300113679424025,0,0.5394277572631836,0.9993021632937893,1432,0.9999999403953552,1.0,0.5553439111364298,0.9911373707533235,104.32759857177734,1.0,0.507247805595398,0.9985228951255539,0.507247805595398,0.9985228951255539,0.03916335850954056,0.9961627721786499,1.0,1.0
GCN,527,1457,3,1,3,-4.122213840484619,2.8972933292388916,7.019507169723511,0.8017836213111877,0.044011928141117096,-0.04679902270436287,0.5619043111801147,0.11214806884527206,0.3781735505873437,1,0.5366364121437073,0.9993021632937893,1432,0.9999999403953552,1.0,0.5578463162128141,0.9918759231905465,104.24394989013672,1.0,0.5076107978820801,0.9985228951255539,0.5076107978820801,0.9985228951255539,0.044011928141117096,0.9952273964881897,1.0,0.9999999403953552
GCN,527,1476,6,1,2,-2.1730406284332275,2.086012125015259,4.259052753448486,0.8660253286361694,0.0553131178021431,-0.01422436535358429,0.5202046632766724,0.14741453528404236,0.4971580143993937,1,0.5380321145057678,0.9993021632937893,1432,0.9999999403953552,1.0,0.5162761507038195,0.9844903988183161,96.71652221679688,1.0,0.4710078835487366,0.9981536189069424,0.4710078835487366,0.9981536189069424,0.0553131140768528,0.9924355745315552,1.0,0.9999999403953552
GCN,527,1486,2,1,3,-3.408064842224121,2.804628610610962,6.212693452835083,0.8017836213111877,0.03606593608856201,-0.014760048128664494,0.559129536151886,0.0865844339132309,0.23133762788935203,0,0.5401256084442139,0.9993021632937893,1432,0.9999999403953552,1.0,0.5559661526771827,0.9911373707533235,104.54444885253906,1.0,0.5075204968452454,0.9985228951255539,0.5075204968452454,0.9985228951255539,0.03606593236327171,0.996759295463562,1.0,0.9999999403953552
GCN,527,1487,6,1,4,-1.0127840042114258,2.5627880096435547,3.5755720138549805,0.7499998807907104,0.027274535968899727,-0.0018696747720241547,0.5962657928466797,0.03667611628770828,0.10837438423645321,0,0.5394277572631836,0.9993021632937893,1432,0.9999999403953552,1.0,0.58810818724159,0.9940915805022157,111.36180114746094,1.0,0.5405558943748474,0.9988921713441654,0.5405558943748474,0.9988921713441654,0.02727453224360943,0.9981383085250854,1.0,0.9999999403953552
GCN,527,1493,4,1,1,-1.2228909730911255,5.026799201965332,6.2496901750564575,0.9486831426620483,0.07283671945333481,-0.0318070687353611,0.47908592224121094,0.1881198287010193,0.6347101174687382,1,0.5422191023826599,0.9993021632937893,1432,0.9999999403953552,1.0,0.4834751106875935,0.9763663220088626,89.01087951660156,1.0,0.4333515763282776,0.9963072378138847,0.4333515763282776,0.9963072378138847,0.07283671200275421,0.9870885610580444,1.0,0.9999999403953552
GCN,527,1499,2,1,4,-2.919583320617676,2.4264702796936035,5.346053600311279,0.7499998807907104,0.032199643552303314,0.03434856981039047,0.5951617956161499,0.03260093927383423,0.10837438423645321,0,0.5408234596252441,0.9993021632937893,1432,0.9999999403953552,1.0,0.5902003795394402,0.9944608567208272,111.32960510253906,1.0,0.5402122735977173,0.9988921713441654,0.5402122735977173,0.9988921713441654,0.032199643552303314,0.9973978400230408,1.0,0.9999999403953552
GCN,527,1501,6,1,7,-1.1995689868927002,2.5125861167907715,3.7121551036834717,0.6396021246910095,0.021951094269752502,0.0459827184677124,0.6970676779747009,0.07548845559358597,0.2156119742326639,0,0.5408234596252441,0.9993021632937893,1432,0.9999999403953552,1.0,0.6836198638287824,0.9996307237813885,130.10568237304688,1.0,0.6311327815055847,1.0,0.6311327815055847,1.0,0.02195109613239765,0.9987897872924805,1.0,0.9999999403953552
GCN,527,1506,2,1,2,-1.7665226459503174,2.925128698348999,4.691651344299316,0.8660253286361694,0.05089077353477478,0.06248512119054794,0.5150393843650818,0.055026762187480927,0.18927624100037893,0,0.5415212512016296,0.9993021632937893,1432,0.9999999403953552,1.0,0.5132293535586678,0.9844903988183161,96.42330169677734,1.0,0.46845656633377075,0.9981536189069424,0.46845656633377075,0.9981536189069424,0.05089076980948448,0.9934953451156616,1.0,0.9999999403953552
GCN,527,1507,0,1,6,-1.5517836809158325,2.1188855171203613,3.670669198036194,0.6708203554153442,0.028268294408917427,-0.035373371094465256,0.6681474447250366,0.13871970772743225,0.45149677908298597,1,0.5401256084442139,0.9993021632937893,1432,0.9999999403953552,1.0,0.6564890789320602,0.9955686853766618,124.44007110595703,1.0,0.6042041182518005,0.9996307237813885,0.6042041182518005,0.9996307237813885,0.02826828882098198,0.998011589050293,1.0,0.9999999403953552
GCN,527,1523,0,1,2,0.32429516315460205,4.441948890686035,4.117653727531433,0.8660253286361694,0.05808721482753754,-0.039179105311632156,0.5223069190979004,0.18353058397769928,0.6201212580522926,1,0.535938560962677,0.9993021632937893,1432,0.9999999403953552,1.0,0.5203321779671223,0.9863367799113737,97.06806182861328,1.0,0.47298330068588257,0.9981536189069424,0.47298330068588257,0.9981536189069424,0.05808721110224724,0.9917329549789429,1.0,0.9999999403953552
GCN,527,1541,3,1,1,-4.345030784606934,3.181591272354126,7.52662205696106,0.9486831426620483,0.09069238603115082,0.02259621024131775,0.4779512584209442,0.18582655489444733,0.6218264494126563,1,0.5345429182052612,0.9993021632937893,1432,0.9999999403953552,1.0,0.4779143623666772,0.9756277695716395,88.88939666748047,1.0,0.4283407926559448,0.9948301329394387,0.4283407926559448,0.9948301329394387,0.09069238603115082,0.9798029661178589,1.0,0.9999999403953552
GCN,527,1546,2,1,5,-4.300870895385742,2.0009543895721436,6.301825284957886,0.7071066498756409,0.025761853903532028,-0.00947597250342369,0.6325810551643372,0.06820708513259888,0.20954907161803712,0,0.5436148047447205,0.9993021632937893,1432,1.0,1.0,0.6247748207712064,0.9948301329394387,118.1048583984375,1.0,0.5731592774391174,0.9992614475627769,0.5731592774391174,0.9992614475627769,0.025761859491467476,0.9983402490615845,1.0,1.0
GCN,527,1554,3,0,4,-6.778042793273926,-0.8282573223114014,5.949785470962524,0.7499998807907104,0.057508327066898346,0.017212051898241043,0.5986970663070679,0.0765460729598999,0.21674876847290642,0,0.5380321145057678,0.9993021632937893,1432,0.9999999403953552,1.0,0.594510194102314,0.9944608567208272,111.60028076171875,1.0,0.5429750680923462,0.9988921713441654,0.5429750680923462,0.9988921713441654,0.05750831961631775,0.9917670488357544,1.0,0.9999999403953552
GCN,527,1561,1,1,2,-1.4324071407318115,3.097032070159912,4.529439210891724,0.8660253286361694,0.04245861992239952,-0.007766736671328545,0.5180667638778687,0.11163505166769028,0.3721106479727169,1,0.5436148047447205,0.9993021632937893,1432,0.9999999403953552,1.0,0.5175631538960961,0.9859675036927622,96.60673522949219,1.0,0.46847206354141235,0.9981536189069424,0.46847206354141235,0.9981536189069424,0.04245861619710922,0.9955122470855713,1.0,0.9999999403953552
GCN,527,1565,2,1,2,-3.716583490371704,1.3493901491165161,5.06597363948822,0.8660253286361694,0.12177783250808716,0.009252896532416344,0.5329437851905823,0.2457667589187622,0.7896930655551345,1,0.5436148047447205,0.9993021632937893,1432,0.9999999403953552,1.0,0.5351647703508828,0.9889217134416544,96.74103546142578,1.0,0.4729742705821991,0.9981536189069424,0.4729742705821991,0.9981536189069424,0.12177781760692596,0.9645670652389526,1.0,0.9999999403953552
GCN,527,1567,3,1,4,-5.002335548400879,0.6409698724746704,5.643305420875549,0.7499998807907104,0.048893678933382034,-0.023608673363924026,0.6001759767532349,0.13524556159973145,0.43444486547934824,1,0.5422191023826599,0.9993021632937893,1432,0.9999999403953552,1.0,0.595999472025823,0.9944608567208272,111.64672088623047,1.0,0.5428128838539124,0.9988921713441654,0.5428128838539124,0.9988921713441654,0.04889367148280144,0.994086503982544,1.0,0.9999999403953552
GCN,527,1568,2,1,4,-2.7387871742248535,3.9707188606262207,6.709506034851074,0.7499998807907104,0.026322316378355026,0.014225916936993599,0.5956231951713562,0.04460470378398895,0.11708980674497915,0,0.5415212512016296,0.9993021632937893,1432,0.9999999403953552,1.0,0.5899618422162785,0.9944608567208272,111.51351928710938,1.0,0.540527880191803,0.9988921713441654,0.540527880191803,0.9988921713441654,0.026322316378355026,0.998262882232666,1.0,0.9999999403953552
GCN,527,1583,0,1,10,-0.14483129978179932,4.144528865814209,4.289360165596008,0.5669466257095337,0.015888851135969162,0.017830651253461838,0.7872262597084045,0.04197123646736145,0.10989010989010989,0,0.5408234596252441,0.9993021632937893,1432,1.0,1.0,0.7707400050670568,1.0,147.0407257080078,1.0,0.7122883796691895,1.0,0.7122883796691895,1.0,0.015888851135969162,0.9993662238121033,1.0,1.0
GCN,527,1589,2,1,3,-3.8333582878112793,2.853670358657837,6.687028646469116,0.8017836213111877,0.03290301933884621,0.018083635717630386,0.5574236512184143,0.02694842964410782,0.10837438423645321,0,0.5366364121437073,0.9993021632937893,1432,0.9999999403953552,1.0,0.554042763829164,0.990029542097489,104.2444839477539,1.0,0.5048723220825195,0.9985228951255539,0.5048723220825195,0.9985228951255539,0.032903023064136505,0.9972872734069824,1.0,0.9999999403953552
GCN,527,1591,3,1,1,-5.1811747550964355,2.584357261657715,7.76553201675415,0.9486831426620483,0.07737024128437042,-0.02717202715575695,0.4796532988548279,0.18559694290161133,0.6218264494126563,1,0.5352407097816467,0.9993021632937893,1432,0.9999999403953552,1.0,0.4821595316481068,0.9763663220088626,88.6673583984375,1.0,0.4286005198955536,0.9951994091580503,0.4286005198955536,0.9951994091580503,0.07737024128437042,0.9854496717453003,1.0,0.9999999403953552
GCN,527,1597,3,1,2,-2.789684295654297,4.03499698638916,6.824681282043457,0.8660253286361694,0.07410874962806702,0.03661014884710312,0.5193175673484802,0.07640793919563293,0.21580143993937098,0,0.5394277572631836,0.9993021632937893,1432,0.9999999403953552,1.0,0.5192667639243536,0.9863367799113737,96.52583312988281,1.0,0.4715527594089508,0.9981536189069424,0.4715527594089508,0.9981536189069424,0.07410874217748642,0.9863487482070923,1.0,0.9999999403953552
GCN,527,1600,3,1,1,-3.7372918128967285,4.054531097412109,7.791822910308838,0.9486831426620483,0.08537032455205917,0.02113897167146206,0.4771152138710022,0.16112558543682098,0.5490716180371353,1,0.5345429182052612,0.9993021632937893,1432,0.9999999403953552,1.0,0.4797063065858838,0.9759970457902511,88.6045150756836,1.0,0.43373221158981323,0.9963072378138847,0.43373221158981323,0.9963072378138847,0.08537031710147858,0.9820603728294373,1.0,0.9999999403953552
GCN,527,1602,0,1,10,3.2957489490509033,7.525338172912598,4.229589223861694,0.5669466257095337,0.01875675842165947,0.10464774072170258,0.7844552993774414,-0.04017080366611481,0.0,0,0.5401256084442139,0.9993021632937893,1432,1.0,1.0,0.7690338618632415,1.0,147.26768493652344,1.0,0.7131442427635193,1.0,0.7131442427635193,1.0,0.01875675469636917,0.9991199970245361,1.0,1.0
GCN,527,1605,3,1,3,-3.325617790222168,3.3211076259613037,6.646725416183472,0.8017836213111877,0.034807637333869934,0.02173570543527603,0.5574023723602295,0.048309944570064545,0.14153088291019325,0,0.5380321145057678,0.9993021632937893,1432,0.9999999403953552,1.0,0.554064037624233,0.990029542097489,104.15568542480469,1.0,0.5063263177871704,0.9985228951255539,0.5063263177871704,0.9985228951255539,0.034807637333869934,0.9969638586044312,1.0,0.9999999403953552
GCN,527,1611,3,1,2,-3.9240376949310303,2.824221134185791,6.748258829116821,0.8660253286361694,0.08774266391992569,0.06426499783992767,0.5187975764274597,0.10342726111412048,0.3421750663129973,1,0.5408234596252441,0.9993021632937893,1432,0.9999999403953552,1.0,0.5196804606774683,0.9863367799113737,96.57582092285156,1.0,0.46818026900291443,0.9981536189069424,0.46818026900291443,0.9981536189069424,0.08774265646934509,0.980825662612915,1.0,0.9999999403953552
GCN,527,1628,0,1,17,3.995445966720581,7.833703994750977,3.8382580280303955,0.462909996509552,0.013872208073735237,0.02678900770843029,0.9638152122497559,0.014008218422532082,0.10837438423645321,0,0.5415212512016296,0.9993021632937893,1432,0.9999999403953552,1.0,0.9425884753724869,1.0,180.6741943359375,1.0,0.8749533891677856,1.0,0.8749533891677856,1.0,0.013872207142412663,0.9995168447494507,1.0,0.9999999403953552
GCN,527,1629,2,1,3,-2.8169779777526855,4.273247718811035,7.090225696563721,0.8017836213111877,0.040660664439201355,0.04146824777126312,0.5568606853485107,0.017250245437026024,0.10837438423645321,0,0.5394277572631836,0.9993021632937893,1432,1.0,1.0,0.5545079921339077,0.990029542097489,103.9434585571289,1.0,0.505659818649292,0.9985228951255539,0.505659818649292,0.9985228951255539,0.040660664439201355,0.9958516955375671,1.0,1.0
GCN,527,1632,2,1,3,-3.9854705333709717,3.347111225128174,7.3325817584991455,0.8017836213111877,0.0515323206782341,0.045688338577747345,0.5574270486831665,0.09098722040653229,0.25142099280030317,0,0.5394277572631836,0.9993021632937893,1432,0.9999999403953552,1.0,0.5554003902815813,0.9911373707533235,104.33602905273438,1.0,0.5049740672111511,0.9985228951255539,0.5049740672111511,0.9985228951255539,0.0515323169529438,0.9933444857597351,1.0,0.9999999403953552
GCN,527,1637,0,1,2,-0.9214963912963867,3.4467902183532715,4.368286609649658,0.8660253286361694,0.07311322540044785,0.05673379451036453,0.5174820423126221,0.13085511326789856,0.4213717317165593,1,0.5415212512016296,0.9993021632937893,1432,0.9999999403953552,1.0,0.5190641842056317,0.9863367799113737,96.84742736816406,1.0,0.47140008211135864,0.9981536189069424,0.47140008211135864,0.9981536189069424,0.07311322540044785,0.9866456985473633,1.0,0.9999999403953552
GCN,527,1644,0,1,2,0.6668093204498291,5.102926254272461,4.436116933822632,0.8660253286361694,0.042852409183979034,-0.04766790196299553,0.5200737118721008,0.1284971535205841,0.4160666919287609,1,0.5415212512016296,0.9993021632937893,1432,0.9999999403953552,1.0,0.5201876229851287,0.9863367799113737,96.84256744384766,1.0,0.4719003736972809,0.9981536189069424,0.4719003736972809,0.9981536189069424,0.042852409183979034,0.9954738616943359,1.0,0.9999999403953552
GCN,527,1645,3,1,4,-1.5690051317214966,2.29254412651062,3.8615492582321167,0.7499998807907104,0.03293371573090553,-0.01602213829755783,0.5974069237709045,0.002347144763916731,0.10837438423645321,0,0.5408234596252441,0.9993021632937893,1432,0.9999999403953552,1.0,0.5901085720139112,0.9944608567208272,111.34540557861328,1.0,0.5395077466964722,0.9988921713441654,0.5395077466964722,0.9988921713441654,0.03293371573090553,0.9972956776618958,1.0,0.9999999403953552
GCN,527,1653,4,1,5,-4.495844841003418,2.2583274841308594,6.754172325134277,0.7071066498756409,0.027107518166303635,0.026379650458693504,0.6313387751579285,0.01015995629131794,0.10837438423645321,0,0.5387299060821533,0.9993021632937893,1432,1.0,1.0,0.6237449203544294,0.9948301329394387,117.95781707763672,1.0,0.5724332928657532,0.9992614475627769,0.5724332928657532,0.9992614475627769,0.027107521891593933,0.9981560707092285,1.0,1.0
GCN,527,1661,5,1,4,0.2949655055999756,4.3311381340026855,4.03617262840271,0.7499998807907104,0.024772167205810547,0.03840753436088562,0.5947357416152954,0.03098500333726406,0.10837438423645321,0,0.5387299060821533,0.9993021632937893,1432,0.9999999403953552,1.0,0.5889758362500901,0.9944608567208272,111.25933837890625,1.0,0.5398458242416382,0.9988921713441654,0.5398458242416382,0.9988921713441654,0.024772165343165398,0.9984588623046875,1.0,0.9999999403953552
GCN,527,1668,2,1,2,-1.6314842700958252,3.9317171573638916,5.563201427459717,0.8660253286361694,0.052428293973207474,0.00565730407834053,0.5185644030570984,0.0717536062002182,0.21106479727169383,0,0.5380321145057678,0.9993021632937893,1432,0.9999999403953552,1.0,0.516772870971788,0.9859675036927622,96.4992446899414,1.0,0.4674880802631378,0.9981536189069424,0.4674880802631378,0.9981536189069424,0.052428290247917175,0.9931623935699463,1.0,0.9999999403953552
GCN,527,1675,6,1,4,-0.8663749694824219,3.42348575592041,4.289860725402832,0.7499998807907104,0.028180701658129692,-0.017633572220802307,0.5969337224960327,0.034022290259599686,0.10837438423645321,0,0.5422191023826599,0.9993021632937893,1432,0.9999999403953552,1.0,0.590052965461915,0.9944608567208272,111.34141540527344,1.0,0.5421334505081177,0.9988921713441654,0.5421334505081177,0.9988921713441654,0.028180701658129692,0.9980176091194153,1.0,0.9999999403953552
GCN,527,1679,3,1,3,-4.899497032165527,1.9998867511749268,6.899383783340454,0.8017836213111877,0.04936723783612251,0.006270133424550295,0.5596646666526794,0.06464962661266327,0.20613868889730957,0,0.5373342633247375,0.9993021632937893,1432,0.9999999403953552,1.0,0.5583732276394779,0.9918759231905465,104.51810455322266,1.0,0.5080762505531311,0.9985228951255539,0.5080762505531311,0.9985228951255539,0.049367230385541916,0.9939301013946533,1.0,0.9999999403953552
GCN,527,1684,3,1,2,-4.454524040222168,2.2227883338928223,6.67731237411499,0.8660253286361694,0.07073012739419937,0.049672819674015045,0.5177701115608215,0.12433864921331406,0.4041303524062145,1,0.5380321145057678,0.9993021632937893,1432,0.9999999403953552,1.0,0.5191329634009951,0.9863367799113737,96.26448822021484,1.0,0.4680710434913635,0.9981536189069424,0.4680710434913635,0.9981536189069424,0.07073012739419937,0.9875120520591736,1.0,0.9999999403953552
GCN,527,1688,4,1,3,-2.072507858276367,4.647364616394043,6.71987247467041,0.8017836213111877,0.042996279895305634,-0.01662585325539112,0.5601174831390381,0.133393332362175,0.4281924971580144,1,0.5380321145057678,0.9993021632937893,1432,0.9999999403953552,1.0,0.5558120181940466,0.9911373707533235,104.70774841308594,1.0,0.5078127980232239,0.9985228951255539,0.5078127980232239,0.9985228951255539,0.042996279895305634,0.9954076409339905,1.0,0.9999999403953552
GCN,527,1695,0,1,3,1.4451676607131958,6.044156551361084,4.598988890647888,0.8017836213111877,0.03938470408320427,-0.0321258008480072,0.5603864789009094,0.03859671205282211,0.10837438423645321,0,0.5401256084442139,0.9993021632937893,1432,0.9999999403953552,1.0,0.5575721041063139,0.9918759231905465,104.93439483642578,1.0,0.509319007396698,0.9985228951255539,0.509319007396698,0.9985228951255539,0.03938470035791397,0.99615478515625,1.0,0.9999999403953552
GCN,527,1705,1,1,7,-1.2369805574417114,2.7797329425811768,4.016713500022888,0.6396021246910095,0.022932209074497223,0.08369913697242737,0.6957192420959473,-0.0431145578622818,0.0,0,0.5387299060821533,0.9993021632937893,1432,0.9999999403953552,1.0,0.6839369865833173,0.9996307237813885,130.52902221679688,1.0,0.632196843624115,1.0,0.632196843624115,1.0,0.022932209074497223,0.9986804723739624,1.0,0.9999999403953552
GCN,527,1707,5,1,1,-2.2928261756896973,2.43302059173584,4.725846767425537,0.9486831426620483,0.06727758795022964,-0.04020213335752487,0.47858402132987976,0.1784127652645111,0.6059113300492611,1,0.5394277572631836,0.9993021632937893,1432,0.9999999403953552,1.0,0.480026863781891,0.9759970457902511,88.88839721679688,1.0,0.43258097767829895,0.9963072378138847,0.43258097767829895,0.9963072378138847,0.06727758795022964,0.9889782667160034,1.0,0.9999999403953552
GCN,527,1726,2,1,3,-2.972595691680908,2.6368823051452637,5.609477996826172,0.8017836213111877,0.029439043253660202,0.012223631143569946,0.557415246963501,0.06125775724649429,0.2019704433497537,0,0.5401256084442139,0.9993021632937893,1432,0.9999999403953552,1.0,0.554053790803418,0.990029542097489,104.16878509521484,1.0,0.5056576132774353,0.9985228951255539,0.5056576132774353,0.9985228951255539,0.02943904511630535,0.997828483581543,1.0,0.9999999403953552
GCN,527,1727,2,1,3,-3.6935338973999023,2.921801805496216,6.615335702896118,0.8017836213111877,0.041580550372600555,0.026432722806930542,0.557697594165802,0.07070832699537277,0.21049640015157256,0,0.5394277572631836,0.9993021632937893,1432,0.9999999403953552,1.0,0.5540165671615364,0.990029542097489,104.15755462646484,1.0,0.5035601854324341,0.9985228951255539,0.5035601854324341,0.9985228951255539,0.041580550372600555,0.9956701397895813,1.0,0.9999999403953552
GCN,527,1734,2,1,4,-4.184942245483398,2.614469051361084,6.799411296844482,0.7499998807907104,0.049600232392549515,0.049546726047992706,0.5954857468605042,0.07368827611207962,0.21295945433876468,0,0.5415212512016296,0.9993021632937893,1432,0.9999999403953552,1.0,0.5909434292726288,0.9944608567208272,111.37030029296875,1.0,0.5422647595405579,0.9988921713441654,0.5422647595405579,0.9988921713441654,0.049600228667259216,0.9938291907310486,1.0,0.9999999403953552
GCN,527,1749,2,1,4,-3.96708083152771,3.074326515197754,7.041407346725464,0.7499998807907104,0.02372105047106743,0.0443011038005352,0.5945268273353577,0.00986478105187416,0.10837438423645321,0,0.5415212512016296,0.9993021632937893,1432,0.9999999403953552,1.0,0.5886421342917009,0.9944608567208272,111.24238586425781,1.0,0.5405808091163635,0.9988921713441654,0.5405808091163635,0.9988921713441654,0.02372104488313198,0.9985867142677307,1.0,0.9999999403953552
GCN,527,1752,2,1,3,-4.003007411956787,4.068016529083252,8.071023941040039,0.8017836213111877,0.04047592729330063,-0.005290879402309656,0.5592039823532104,0.10719045251607895,0.359037514209928,1,0.5429169535636902,0.9993021632937893,1432,0.9999999403953552,1.0,0.5562891603465343,0.9911373707533235,104.39144134521484,1.0,0.5069605112075806,0.9985228951255539,0.5069605112075806,0.9985228951255539,0.04047592729330063,0.9959169030189514,1.0,0.9999999403953552
GCN,527,1753,2,1,3,-3.5731563568115234,3.564152479171753,7.137308835983276,0.8017836213111877,0.03781340271234512,-0.0035007335245609283,0.5588123202323914,0.1009284257888794,0.3266388783630163,1,0.5422191023826599,0.9993021632937893,1432,0.9999999403953552,1.0,0.5566633521007986,0.9918759231905465,104.45729064941406,1.0,0.5066454410552979,0.9985228951255539,0.5066454410552979,0.9985228951255539,0.03781340271234512,0.9964323043823242,1.0,0.9999999403953552
GCN,527,1760,2,1,2,-2.595398426055908,4.219283103942871,6.814681529998779,0.8660253286361694,0.03895721957087517,0.030141862109303474,0.5159680843353271,0.06894172728061676,0.20954907161803712,0,0.5373342633247375,0.9993021632937893,1432,0.9999999403953552,1.0,0.5173326305967569,0.9859675036927622,96.39569091796875,1.0,0.4688219428062439,0.9981536189069424,0.4688219428062439,0.9981536189069424,0.03895721957087517,0.9961956739425659,1.0,0.9999999403953552
GCN,527,1764,5,1,2,-2.569571018218994,3.6066744327545166,6.176245450973511,0.8660253286361694,0.04298344999551773,0.023807648569345474,0.5165680646896362,0.09024645388126373,0.24820007578628267,0,0.5373342633247375,0.9993021632937893,1432,0.9999999403953552,1.0,0.5170898725673534,0.9859675036927622,96.66963958740234,1.0,0.4683205783367157,0.9981536189069424,0.4683205783367157,0.9981536189069424,0.04298344627022743,0.9953759908676147,1.0,0.9999999403953552
GCN,527,1768,1,1,3,-1.810734510421753,2.3849539756774902,4.195688486099243,0.8017836213111877,0.0384545661509037,-0.00016497448086738586,0.5587238669395447,0.10624349117279053,0.3560060629026146,1,0.5401256084442139,0.9993021632937893,1432,0.9999999403953552,1.0,0.5566060373368813,0.9918759231905465,104.5167465209961,1.0,0.5096314549446106,0.9985228951255539,0.5096314549446106,0.9985228951255539,0.0384545661509037,0.9963088631629944,1.0,0.9999999403953552
GCN,527,1771,1,1,3,-2.004859447479248,2.091902732849121,4.096762180328369,0.8017836213111877,0.02847922407090664,0.09741832315921783,0.5543217062950134,-0.004453197121620178,0.0,0,0.5387299060821533,0.9993021632937893,1432,0.9999999403953552,1.0,0.5517942433440984,0.990029542097489,104.1052017211914,1.0,0.5041916966438293,0.9985228951255539,0.5041916966438293,0.9985228951255539,0.02847922593355179,0.9979644417762756,1.0,0.9999999403953552
GCN,527,1777,1,1,5,-2.638895273208618,1.2401018142700195,3.8789970874786377,0.7071066498756409,0.02049332670867443,0.07659301906824112,0.6296295523643494,-0.014031721279025078,0.0,0,0.5408234596252441,0.9993021632937893,1432,1.0,1.0,0.6222663462719087,0.9944608567208272,118.0133285522461,1.0,0.5710230469703674,0.9992614475627769,0.5710230469703674,0.9992614475627769,0.02049332670867443,0.9989462494850159,1.0,1.0
GCN,527,1779,1,1,6,-1.795728325843811,1.8508331775665283,3.6465615034103394,0.6708203554153442,0.01649351976811886,0.06684792041778564,0.6641379594802856,-0.03350016474723816,0.0,0,0.5401256084442139,0.9993021632937893,1432,0.9999999403953552,1.0,0.6542067052854417,0.9951994091580503,124.37670135498047,1.0,0.6028598546981812,0.9996307237813885,0.6028598546981812,0.9996307237813885,0.01649351790547371,0.9993175268173218,1.0,0.9999999403953552
GCN,527,1781,1,1,5,-1.8126356601715088,2.0099055767059326,3.8225412368774414,0.7071066498756409,0.020358622074127197,0.009064844809472561,0.6315814852714539,0.08579440414905548,0.23114816218264495,0,0.5422191023826599,0.9993021632937893,1432,1.0,1.0,0.6229074973980587,0.9944608567208272,118.07230377197266,1.0,0.5723598003387451,0.9992614475627769,0.5723598003387451,0.9992614475627769,0.020358623936772346,0.9989604353904724,1.0,1.0
GCN,527,1783,1,1,2,-2.0572562217712402,2.0289649963378906,4.086221218109131,0.8660253286361694,0.05284871533513069,0.0640372484922409,0.5150661468505859,0.06240680441260338,0.20310723758999621,0,0.5401256084442139,0.9993021632937893,1432,0.9999999403953552,1.0,0.5150342794231679,0.9844903988183161,96.7364730834961,1.0,0.46877315640449524,0.9981536189069424,0.46877315640449524,0.9981536189069424,0.05284871160984039,0.9929854869842529,1.0,0.9999999403953552
GCN,527,1786,1,1,3,-2.262080192565918,2.112727403640747,4.374807596206665,0.8017836213111877,0.04280943050980568,0.035043299198150635,0.5573427677154541,0.08523118495941162,0.23001136794240243,0,0.5387299060821533,0.9993021632937893,1432,0.9999999403953552,1.0,0.5552929005682026,0.9911373707533235,104.2358627319336,1.0,0.5066749453544617,0.9985228951255539,0.5066749453544617,0.9985228951255539,0.04280943050980568,0.9954062700271606,1.0,0.9999999403953552
GCN,527,1794,4,1,4,-2.6455469131469727,3.8360772132873535,6.481624126434326,0.7499998807907104,0.03236208111047745,-0.026738712564110756,0.5977997183799744,0.050796981900930405,0.16331943918150815,0,0.5387299060821533,0.9993021632937893,1432,0.9999999403953552,1.0,0.5917502406917158,0.9944608567208272,111.8825912475586,1.0,0.5410301685333252,0.9988921713441654,0.5410301685333252,0.9988921713441654,0.03236208111047745,0.9973934888839722,1.0,0.9999999403953552
GCN,527,1803,0,1,4,0.14884209632873535,3.9208641052246094,3.772022008895874,0.7499998807907104,0.03411750867962837,0.03386319428682327,0.5952860116958618,0.03637748956680298,0.10837438423645321,0,0.5401256084442139,0.9993021632937893,1432,0.9999999403953552,1.0,0.5892455497075162,0.9944608567208272,111.74290466308594,1.0,0.5406209826469421,0.9988921713441654,0.5406209826469421,0.9988921713441654,0.03411750867962837,0.9970793128013611,1.0,0.9999999403953552
GCN,527,1807,3,1,5,-3.092499017715454,2.8653619289398193,5.957860946655273,0.7071066498756409,0.027405831962823868,0.013156987726688385,0.6318655610084534,0.06445227563381195,0.20500189465706706,0,0.5415212512016296,0.9993021632937893,1432,1.0,1.0,0.6246821071893864,0.9948301329394387,118.09445190429688,1.0,0.5731614828109741,0.9992614475627769,0.5731614828109741,0.9992614475627769,0.027405831962823868,0.9981173276901245,1.0,0.9999999403953552
GCN,527,1809,3,1,3,-3.2203924655914307,3.5528204441070557,6.773212909698486,0.8017836213111877,0.030296210199594498,0.015388387255370617,0.557354211807251,0.06785516440868378,0.2084122773777946,0,0.5415212512016296,0.9993021632937893,1432,0.9999999403953552,1.0,0.5555313300440464,0.9911373707533235,104.29743194580078,1.0,0.5068920254707336,0.9985228951255539,0.5068920254707336,0.9985228951255539,0.030296210199594498,0.9976998567581177,1.0,1.0
GCN,527,1810,3,0,44,-7.792939186096191,-3.155243396759033,4.637695789337158,0.3061861991882324,0.007939262315630913,0.06097545474767685,1.4563101530075073,-0.002720348536968231,0.0,0,0.5408234596252441,0.9993021632937893,1432,0.9999999403953552,1.0,1.4264275745039339,1.0,272.23162841796875,1.0,1.3160457611083984,1.0,1.3160457611083984,1.0,0.007939252071082592,0.9998420476913452,1.0,0.9999999403953552
GCN,527,1817,3,1,2,-2.69497013092041,3.730344295501709,6.425314426422119,0.8660253286361694,0.040711306035518646,-0.01623445190489292,0.51826012134552,0.10494711250066757,0.3446381205001895,1,0.5380321145057678,0.9993021632937893,1432,0.9999999403953552,1.0,0.519084250530111,0.9863367799113737,96.40335845947266,1.0,0.46893250942230225,0.9981536189069424,0.46893250942230225,0.9981536189069424,0.040711306035518646,0.9958787560462952,1.0,0.9999999403953552
GCN,527,1822,3,1,2,-4.432079792022705,2.111327886581421,6.543407678604126,0.8660253286361694,0.04931676387786865,0.020531632006168365,0.5173343420028687,0.06917363405227661,0.20954907161803712,0,0.535938560962677,0.9993021632937893,1432,0.9999999403953552,1.0,0.518520864184627,0.9859675036927622,96.58533477783203,1.0,0.46845710277557373,0.9981536189069424,0.46845710277557373,0.9981536189069424,0.04931676387786865,0.9939258098602295,1.0,0.9999999403953552
GCN,527,1825,5,1,4,-3.085481643676758,2.135758399963379,5.221240043640137,0.7499998807907104,0.026812797412276268,0.029405929148197174,0.5951103568077087,0.04557493329048157,0.12182644941265632,0,0.5387299060821533,0.9993021632937893,1432,0.9999999403953552,1.0,0.5896096428122088,0.9944608567208272,111.20997619628906,1.0,0.5401405096054077,0.9988921713441654,0.5401405096054077,0.9988921713441654,0.026812799274921417,0.9981955289840698,1.0,0.9999999403953552
GCN,527,1829,5,1,5,-1.9917553663253784,2.9595744609832764,4.951329827308655,0.7071066498756409,0.027531038969755173,0.06118815764784813,0.6300033330917358,0.015227802097797394,0.10837438423645321,0,0.5394277572631836,0.9993021632937893,1432,0.9999999403953552,1.0,0.6224904700013183,0.9944608567208272,118.1705551147461,1.0,0.5717924237251282,0.9992614475627769,0.5717924237251282,0.9992614475627769,0.02753104269504547,0.9980956315994263,1.0,0.9999999403953552
GCN,527,1836,6,1,2,-1.6168851852416992,2.656585931777954,4.273471117019653,0.8660253286361694,0.05269947648048401,0.02202155813574791,0.5176087021827698,0.1354171335697174,0.43444486547934824,1,0.5408234596252441,0.9993021632937893,1432,0.9999999403953552,1.0,0.5171576177256362,0.9859675036927622,96.85004425048828,1.0,0.47007855772972107,0.9981536189069424,0.47007855772972107,0.9981536189069424,0.05269946902990341,0.9930686950683594,1.0,0.9999999403953552
GCN,527,1838,0,1,4,1.8204501867294312,5.587963581085205,3.767513394355774,0.7499998807907104,0.02996130846440792,0.026950839906930923,0.5953519940376282,0.07929293066263199,0.22034861690034105,0,0.5429169535636902,0.9993021632937893,1432,0.9999999403953552,1.0,0.5896727712032029,0.9944608567208272,111.85824584960938,1.0,0.5431395173072815,0.9988921713441654,0.5431395173072815,0.9988921713441654,0.02996130846440792,0.9977477788925171,1.0,0.9999999403953552
GCN,527,1841,0,1,5,2.6627933979034424,6.367940902709961,3.7051475048065186,0.7071066498756409,0.02428826130926609,0.0385320670902729,0.6307969093322754,0.05476237088441849,0.18927624100037893,0,0.5422191023826599,0.9993021632937893,1432,1.0,1.0,0.6234487355684972,0.9944608567208272,118.49178314208984,1.0,0.5748220682144165,0.9996307237813885,0.5748220682144165,0.9996307237813885,0.02428826503455639,0.9985184669494629,1.0,1.0
GCN,527,1845,5,1,2,0.33447444438934326,4.67222261428833,4.337748169898987,0.8660253286361694,0.04723455011844635,-0.012284932658076286,0.5189050436019897,0.09988710284233093,0.31110269041303523,0,0.5408234596252441,0.9993021632937893,1432,0.9999999403953552,1.0,0.5184720075825823,0.9859675036927622,96.78825378417969,1.0,0.4713723361492157,0.9981536189069424,0.4713723361492157,0.9981536189069424,0.04723455384373665,0.9944615364074707,1.0,0.9999999403953552
GCN,527,1852,3,1,2,-2.005624771118164,2.8372671604156494,4.8428919315338135,0.8660253286361694,0.04241049662232399,0.01309126615524292,0.517043948173523,0.08011923730373383,0.2209170140204623,0,0.5408234596252441,0.9993021632937893,1432,0.9999999403953552,1.0,0.5180242954580552,0.9859675036927622,96.7856216430664,1.0,0.46887651085853577,0.9981536189069424,0.46887651085853577,0.9981536189069424,0.04241049662232399,0.9955052137374878,1.0,0.9999999403953552
GCN,527,1853,3,1,1,-2.6946654319763184,3.6850264072418213,6.37969183921814,0.9486831426620483,0.07529958337545395,-0.06904710829257965,0.4824806749820709,0.23264478147029877,0.7589996210685865,1,0.5387299060821533,0.9993021632937893,1432,0.9999999403953552,1.0,0.4848096804461236,0.9763663220088626,88.52389526367188,1.0,0.4328385293483734,0.9963072378138847,0.4328385293483734,0.9963072378138847,0.07529958337545395,0.9864408373832703,1.0,0.9999999403953552
GCN,527,1858,3,1,2,-3.286937713623047,3.9150123596191406,7.2019500732421875,0.8660253286361694,0.04219500720500946,0.05019848793745041,0.5152183771133423,0.04664044454693794,0.13092080333459644,0,0.5373342633247375,0.9993021632937893,1432,0.9999999403953552,1.0,0.516451346870902,0.9859675036927622,96.74475860595703,1.0,0.4702771306037903,0.9981536189069424,0.4702771306037903,0.9981536189069424,0.04219500720500946,0.99552983045578,1.0,0.9999999403953552
GCN,527,1862,3,1,4,-5.797128200531006,0.6361451745033264,6.433273375034332,0.7499998807907104,0.03824695572257042,-0.09108380228281021,0.6018789410591125,0.1196293979883194,0.39674118984463813,1,0.5394277572631836,0.9993021632937893,1432,0.9999999403953552,1.0,0.5970435648458983,0.9944608567208272,111.50318908691406,1.0,0.5423310399055481,0.9988921713441654,0.5423310399055481,0.9988921713441654,0.03824695572257042,0.9964339733123779,1.0,0.9999999403953552
GCN,527,1866,3,1,2,-3.874891996383667,3.011286973953247,6.886178970336914,0.8660253286361694,0.050968583673238754,-0.04301592335104942,0.5212199091911316,0.16644784808158875,0.563849943160288,1,0.5387299060821533,0.9993021632937893,1432,0.9999999403953552,1.0,0.521760446002469,0.9863367799113737,96.61087036132812,1.0,0.4699355363845825,0.9981536189069424,0.4699355363845825,0.9981536189069424,0.05096858739852905,0.9936164617538452,1.0,0.9999999403953552
GCN,527,1870,3,1,4,-3.588960647583008,2.658632755279541,6.247593402862549,0.7499998807907104,0.035886626690626144,0.02172718569636345,0.5959711670875549,0.06076151505112648,0.20121258052292534,0,0.5401256084442139,0.9993021632937893,1432,0.9999999403953552,1.0,0.591560895850117,0.9944608567208272,111.39196014404297,1.0,0.5404190421104431,0.9988921713441654,0.5404190421104431,0.9988921713441654,0.035886626690626144,0.996773362159729,1.0,0.9999999403953552
GCN,527,1872,3,1,1,-2.5913565158843994,4.482513904571533,7.073870420455933,0.9486831426620483,0.06322353333234787,0.04732836037874222,0.4720216989517212,0.09417866915464401,0.2737779461917393,0,0.5387299060821533,0.9993021632937893,1432,0.9999999403953552,1.0,0.4785500650273714,0.9756277695716395,88.75654602050781,1.0,0.4296789765357971,0.9959379615952733,0.4296789765357971,0.9959379615952733,0.06322353333234787,0.9900054931640625,1.0,0.9999999403953552
GCN,527,1878,5,1,3,-1.4163342714309692,3.6077513694763184,5.024085640907288,0.8017836213111877,0.03861081600189209,0.042204052209854126,0.5567042231559753,0.0370568186044693,0.10837438423645321,0,0.5401256084442139,0.9993021632937893,1432,1.0,1.0,0.5541242506769519,0.990029542097489,104.08245086669922,1.0,0.5054178833961487,0.9985228951255539,0.5054178833961487,0.9985228951255539,0.03861081972718239,0.9962583780288696,1.0,1.0
GCN,527,1879,5,1,4,-0.22627055644989014,4.211627960205078,4.437898516654968,0.7499998807907104,0.02803422138094902,0.03146900609135628,0.5950854420661926,0.03772542625665665,0.10837438423645321,0,0.5394277572631836,0.9993021632937893,1432,0.9999999403953552,1.0,0.5900590263759828,0.9944608567208272,111.65972137451172,1.0,0.5415403246879578,0.9988921713441654,0.5415403246879578,0.9988921713441654,0.02803422324359417,0.9980272054672241,1.0,0.9999999403953552
GCN,527,1881,5,1,5,-3.8519835472106934,1.1467032432556152,4.998686790466309,0.7071066498756409,0.03032173030078411,-0.0012513194233179092,0.6326944231987,0.04316997155547142,0.1110269041303524,0,0.5380321145057678,0.9993021632937893,1432,1.0,1.0,0.6248629896669832,0.9948301329394387,118.07501220703125,1.0,0.5728126764297485,0.9992614475627769,0.5728126764297485,0.9992614475627769,0.03032173216342926,0.997700572013855,1.0,1.0
GCN,527,1891,4,1,3,-1.9891846179962158,4.57213830947876,6.561322927474976,0.8017836213111877,0.03477390855550766,0.058920614421367645,0.5557870864868164,0.034509606659412384,0.10837438423645321,0,0.5373342633247375,0.9993021632937893,1432,1.0,1.0,0.554275117625905,0.990029542097489,104.09085845947266,1.0,0.5056125521659851,0.9985228951255539,0.5056125521659851,0.9985228951255539,0.03477390855550766,0.9969611763954163,1.0,1.0
GCN,527,1899,5,1,5,-1.7020342350006104,3.1377780437469482,4.839812278747559,0.7071066498756409,0.03274163976311684,0.05630301684141159,0.630276620388031,-0.00837726704776287,0.0,0,0.5394277572631836,0.9993021632937893,1432,1.0,1.0,0.6219140639567778,0.9944608567208272,117.94772338867188,1.0,0.5701673030853271,0.9988921713441654,0.5701673030853271,0.9988921713441654,0.032741643488407135,0.997306227684021,1.0,1.0
GCN,527,1901,5,1,6,-3.6889116764068604,0.9420697689056396,4.6309814453125,0.6708203554153442,0.02412213571369648,0.04544847458600998,0.6646654009819031,-0.026418372988700867,0.0,0,0.5415212512016296,0.9993021632937893,1432,0.9999999403953552,1.0,0.6545693129242574,0.9951994091580503,124.38027954101562,1.0,0.6028486490249634,0.9996307237813885,0.6028486490249634,0.9996307237813885,0.02412213757634163,0.9985385537147522,1.0,0.9999999403953552
GCN,527,1904,5,1,3,-2.971498966217041,1.6000556945800781,4.571554660797119,0.8017836213111877,0.03409658744931221,0.07379406690597534,0.5551378130912781,0.025484077632427216,0.10837438423645321,0,0.5387299060821533,0.9993021632937893,1432,0.9999999403953552,1.0,0.5519202069335972,0.990029542097489,104.07715606689453,1.0,0.5044134855270386,0.9985228951255539,0.5044134855270386,0.9985228951255539,0.03409659117460251,0.9970775842666626,1.0,0.9999999403953552
GCN,527,1906,4,1,5,-1.571119785308838,4.845396995544434,6.4165167808532715,0.7071066498756409,0.022715983912348747,-0.021643685176968575,0.6326969265937805,0.05969852954149246,0.19950738916256158,0,0.5415212512016296,0.9993021632937893,1432,0.9999999403953552,1.0,0.6241681046165876,0.9948301329394387,118.23736572265625,1.0,0.5729002952575684,0.9992614475627769,0.5729002952575684,0.9992614475627769,0.022715983912348747,0.9987107515335083,1.0,0.9999999403953552
GCN,527,1909,0,1,6,0.4236670732498169,5.15527868270874,4.731611609458923,0.6708203554153442,0.02229304611682892,-0.06753230094909668,0.668395459651947,0.035389237105846405,0.10837438423645321,0,0.5429169535636902,0.9993021632937893,1432,0.9999999403953552,1.0,0.6581111356935881,0.9955686853766618,124.60211944580078,1.0,0.6050686240196228,0.9996307237813885,0.6050686240196228,0.9996307237813885,0.02229304611682892,0.9987689256668091,1.0,0.9999999403953552
GCN,527,1911,5,1,4,-0.0745629072189331,4.501007556915283,4.575570464134216,0.7499998807907104,0.03258531168103218,0.005341684445738792,0.5964401960372925,-0.0026467759162187576,0.0,0,0.5394277572631836,0.9993021632937893,1432,0.9999999403953552,1.0,0.5901714702943249,0.9944608567208272,111.95833587646484,1.0,0.5426144003868103,0.9988921713441654,0.5426144003868103,0.9988921713441654,0.03258531168103218,0.9973433613777161,1.0,0.9999999403953552
GCN,527,1913,0,1,4,1.4955050945281982,5.756430149078369,4.260925054550171,0.7499998807907104,0.026215925812721252,-0.08401188999414444,0.5990378856658936,0.10980787128210068,0.367942402425161,1,0.5408234596252441,0.9993021632937893,1432,0.9999999403953552,1.0,0.5922354907717821,0.9944608567208272,111.87081146240234,1.0,0.5435192584991455,0.9988921713441654,0.5435192584991455,0.9988921713441654,0.026215925812721252,0.9983081817626953,1.0,0.9999999403953552
GCN,527,1916,6,1,3,-0.5336110591888428,4.114593982696533,4.648205041885376,0.8017836213111877,0.0381162203848362,0.03096376731991768,0.5572113394737244,0.036644548177719116,0.10837438423645321,0,0.5415212512016296,0.9993021632937893,1432,1.0,1.0,0.5518645596839715,0.990029542097489,104.4161605834961,1.0,0.5071753859519958,0.9985228951255539,0.5071753859519958,0.9985228951255539,0.038116224110126495,0.9963574409484863,1.0,0.9999999403953552
GCN,527,1918,6,1,2,-0.36563122272491455,4.4567389488220215,4.822370171546936,0.8660253286361694,0.09712883830070496,0.04396720230579376,0.5225831270217896,0.16868004202842712,0.5744600227358848,1,0.5429169535636902,0.9993021632937893,1432,0.9999999403953552,1.0,0.5244824242388096,0.9863367799113737,97.03356170654297,1.0,0.4739491641521454,0.9981536189069424,0.4739491641521454,0.9981536189069424,0.09712882339954376,0.9767441153526306,1.0,0.9999999403953552
GCN,527,1920,0,1,6,-0.3428361415863037,3.2557718753814697,3.5986080169677734,0.6708203554153442,0.023431697860360146,-0.0067741237580776215,0.6664808392524719,0.011997132562100887,0.10837438423645321,0,0.5394277572631836,0.9993021632937893,1432,0.9999999403953552,1.0,0.6522099477636306,0.9951994091580503,124.59063720703125,1.0,0.6037996411323547,0.9996307237813885,0.6037996411323547,0.9996307237813885,0.023431699723005295,0.9986257553100586,1.0,0.9999999403953552
GCN,527,1925,0,1,3,0.4098142385482788,4.473401069641113,4.0635868310928345,0.8017836213111877,0.033570628613233566,-0.023099318146705627,0.5591896772384644,0.09464713931083679,0.27453580901856767,0,0.5394277572631836,0.9993021632937893,1432,0.9999999403953552,1.0,0.5568273666080804,0.9918759231905465,104.73820495605469,1.0,0.5084202885627747,0.9985228951255539,0.5084202885627747,0.9985228951255539,0.033570628613233566,0.9971944093704224,1.0,0.9999999403953552
GCN,527,1931,3,1,3,-2.9309468269348145,3.6413145065307617,6.572261333465576,0.8017836213111877,0.02676834538578987,0.01431785337626934,0.5571765899658203,0.06517559289932251,0.20651762031072377,0,0.5408234596252441,0.9993021632937893,1432,0.9999999403953552,1.0,0.5557222788371072,0.9911373707533235,104.1294937133789,1.0,0.5060044527053833,0.9985228951255539,0.5060044527053833,0.9985228951255539,0.02676834724843502,0.9982035160064697,1.0,0.9999999403953552
GCN,527,1932,3,1,3,-3.1034374237060547,3.561171054840088,6.664608478546143,0.8017836213111877,0.037597812712192535,0.04962431639432907,0.5563016533851624,-0.0008235382847487926,0.0,0,0.5401256084442139,0.9993021632937893,1432,0.9999999403953552,1.0,0.553906522247721,0.990029542097489,104.01637268066406,1.0,0.5056007504463196,0.9985228951255539,0.5056007504463196,0.9985228951255539,0.037597812712192535,0.9964497089385986,1.0,0.9999999403953552
GCN,527,1936,3,1,5,-3.620427131652832,2.0960750579833984,5.7165021896362305,0.7071066498756409,0.024816513061523438,0.0302499420940876,0.6310999989509583,0.07237841188907623,0.21163319439181508,0,0.5415212512016296,0.9993021632937893,1432,1.0,1.0,0.6235224185559645,0.9944608567208272,117.92829895019531,1.0,0.5727984309196472,0.9992614475627769,0.5727984309196472,0.9992614475627769,0.024816513061523438,0.9984539151191711,1.0,1.0
GCN,527,1938,3,1,1,-3.114231586456299,3.9479451179504395,7.062176704406738,0.9486831426620483,0.09287750720977783,0.02358304336667061,0.4782710671424866,0.16474227607250214,0.5625236832133383,1,0.5387299060821533,0.9993021632937893,1432,0.9999999403953552,1.0,0.48286337476418695,0.9763663220088626,89.62487030029297,1.0,0.43336835503578186,0.9963072378138847,0.43336835503578186,0.9963072378138847,0.09287750720977783,0.9788368940353394,1.0,0.9999999403953552
GCN,527,1942,3,1,3,-3.1127607822418213,3.8885927200317383,7.00135350227356,0.8017836213111877,0.03432358801364899,-0.0457209087908268,0.5602453947067261,0.12675365805625916,0.41114058355437666,1,0.5401256084442139,0.9993021632937893,1432,0.9999999403953552,1.0,0.5572375660480747,0.9918759231905465,104.21741485595703,1.0,0.5084763169288635,0.9985228951255539,0.5084763169288635,0.9985228951255539,0.03432358801364899,0.9970824718475342,1.0,0.9999999403953552
GCN,527,1947,3,1,4,-5.020208358764648,1.0274192094802856,6.047627568244934,0.7499998807907104,0.028092721477150917,-0.01148842740803957,0.5966947674751282,0.05368536710739136,0.18226600985221675,0,0.5408234596252441,0.9993021632937893,1432,0.9999999403953552,1.0,0.5918746746026085,0.9944608567208272,111.44911193847656,1.0,0.5407363176345825,0.9988921713441654,0.5407363176345825,0.9988921713441654,0.028092719614505768,0.998028039932251,1.0,0.9999999403953552
GCN,527,1959,5,1,5,-4.468986511230469,0.2666792869567871,4.735665798187256,0.7071066498756409,0.02964317612349987,0.032988641411066055,0.6311951279640198,0.01840246096253395,0.10837438423645321,0,0.5394277572631836,0.9993021632937893,1432,1.0,1.0,0.6232302165757145,0.9944608567208272,117.9605941772461,1.0,0.571533203125,0.9992614475627769,0.571533203125,0.9992614475627769,0.02964317426085472,0.9977943897247314,1.0,1.0
GCN,527,1961,5,1,3,-3.3633980751037598,2.37571382522583,5.73911190032959,0.8017836213111877,0.03412124142050743,0.009488888084888458,0.5578752160072327,0.010873580351471901,0.10837438423645321,0,0.5373342633247375,0.9993021632937893,1432,0.9999999403953552,1.0,0.5541642635933919,0.990029542097489,104.22003936767578,1.0,0.5056377053260803,0.9985228951255539,0.5056377053260803,0.9985228951255539,0.03412124142050743,0.9970864057540894,1.0,0.9999999403953552
GCN,527,1962,5,1,3,-2.866215229034424,2.4795098304748535,5.345725059509277,0.8017836213111877,0.0409243181347847,-0.05710331350564957,0.561883807182312,0.11473491787910461,0.3874573702159909,1,0.5366364121437073,0.9993021632937893,1432,0.9999999403953552,1.0,0.5591406912201984,0.992245199409158,104.62223815917969,1.0,0.5077466368675232,0.9985228951255539,0.5077466368675232,0.9985228951255539,0.0409243181347847,0.9958789944648743,1.0,0.9999999403953552
GCN,527,1969,4,1,3,-3.331120014190674,3.9768946170806885,7.308014631271362,0.8017836213111877,0.042418550699949265,0.029963985085487366,0.5575817227363586,0.05586126446723938,0.19268662372110648,0,0.5415212512016296,0.9993021632937893,1432,1.0,1.0,0.5562854369801894,0.9911373707533235,104.26426696777344,1.0,0.5076009035110474,0.9985228951255539,0.5076009035110474,0.9985228951255539,0.042418550699949265,0.9954924583435059,1.0,1.0
GCN,527,1972,6,1,3,-1.018261432647705,3.087275981903076,4.105537414550781,0.8017836213111877,0.03172735869884491,-0.019940689206123352,0.5588448643684387,0.06398002803325653,0.20500189465706706,0,0.5422191023826599,0.9993021632937893,1432,1.0,1.0,0.553589284406713,0.990029542097489,104.18424987792969,1.0,0.5056633949279785,0.9985228951255539,0.5056633949279785,0.9985228951255539,0.03172735497355461,0.9974908828735352,1.0,1.0
GCN,527,1977,3,1,2,0.13525986671447754,4.459800720214844,4.324540853500366,0.8660253286361694,0.04147058352828026,-0.02392887882888317,0.5187207460403442,0.1137896478176117,0.38044713906782873,1,0.5401256084442139,0.9993021632937893,1432,0.9999999403953552,1.0,0.5178616592839799,0.9859675036927622,96.74506378173828,1.0,0.4676879644393921,0.9981536189069424,0.4676879644393921,0.9981536189069424,0.04147057980298996,0.9957321882247925,1.0,0.9999999403953552
GCN,527,1983,0,1,4,0.12598848342895508,4.851559162139893,4.7255706787109375,0.7499998807907104,0.02255108952522278,-0.011626019142568111,0.5961959362030029,0.019452771171927452,0.10837438423645321,0,0.5401256084442139,0.9993021632937893,1432,0.9999999403953552,1.0,0.5909052764079212,0.9944608567208272,111.54837036132812,1.0,0.5411664843559265,0.9988921713441654,0.5411664843559265,0.9988921713441654,0.02255108952522278,0.998727560043335,1.0,0.9999999403953552
GCN,527,1996,3,0,5,-6.77011251449585,-0.8534932732582092,5.91661924123764,0.7071066498756409,0.035515155643224716,-0.03600086271762848,0.6349810361862183,0.052525900304317474,0.1733611216369837,0,0.5436148047447205,0.9993021632937893,1432,1.0,1.0,0.6277595871026543,0.9948301329394387,117.94978332519531,1.0,0.5717263221740723,0.9992614475627769,0.5717263221740723,0.9992614475627769,0.035515159368515015,0.9968708157539368,1.0,1.0
GCN,527,2004,3,1,4,-4.663463592529297,1.6247025728225708,6.288166165351868,0.7499998807907104,0.029339484870433807,0.02376202493906021,0.5954439043998718,0.03255556896328926,0.10837438423645321,0,0.5394277572631836,0.9993021632937893,1432,0.9999999403953552,1.0,0.5906862973895296,0.9944608567208272,111.14285278320312,1.0,0.5397369861602783,0.9988921713441654,0.5397369861602783,0.9988921713441654,0.029339486733078957,0.9978408217430115,1.0,0.9999999403953552
GCN,527,2006,3,1,3,-5.076448440551758,1.774853229522705,6.851301670074463,0.8017836213111877,0.043684832751750946,0.012711998075246811,0.5586239695549011,0.047738637775182724,0.13793103448275862,0,0.5373342633247375,0.9993021632937893,1432,0.9999999403953552,1.0,0.5557032405403196,0.9911373707533235,104.03372192382812,1.0,0.5041838884353638,0.9985228951255539,0.5041838884353638,0.9985228951255539,0.043684832751750946,0.9952329397201538,1.0,0.9999999403953552
GCN,527,2010,0,1,4,0.13396358489990234,4.197870254516602,4.063906669616699,0.7499998807907104,0.028498560190200806,0.010068564675748348,0.5959177613258362,0.051864881068468094,0.1724137931034483,0,0.5401256084442139,0.9993021632937893,1432,0.9999999403953552,1.0,0.5907473180147395,0.9944608567208272,111.53141021728516,1.0,0.5401709675788879,0.9988921713441654,0.5401709675788879,0.9988921713441654,0.028498560190200806,0.9979652166366577,1.0,0.9999999403953552
GCN,527,2011,3,1,3,-1.4238629341125488,4.56089448928833,5.984757423400879,0.8017836213111877,0.028305912390351295,0.05347726121544838,0.5558846592903137,0.015913721174001694,0.10837438423645321,0,0.5401256084442139,0.9993021632937893,1432,0.9999999403953552,1.0,0.5532423724628235,0.990029542097489,103.77015686035156,1.0,0.5046725869178772,0.9985228951255539,0.5046725869178772,0.9985228951255539,0.028305910527706146,0.9979870319366455,1.0,0.9999999403953552
GCN,527,2014,3,1,2,0.6186480522155762,5.123556137084961,4.504908084869385,0.8660253286361694,0.04926475137472153,0.059921734035015106,0.5150918960571289,0.03415583074092865,0.10837438423645321,0,0.5401256084442139,0.9993021632937893,1432,0.9999999403953552,1.0,0.5163125165166553,0.9844903988183161,96.71380615234375,1.0,0.46799665689468384,0.9981536189069424,0.46799665689468384,0.9981536189069424,0.04926475137472153,0.9939050078392029,1.0,0.9999999403953552
GCN,527,2015,6,1,3,0.5607724189758301,4.6079864501953125,4.047214031219482,0.8017836213111877,0.027811937034130096,0.019382208585739136,0.5570619106292725,-0.001367121934890747,0.0,0,0.5415212512016296,0.9993021632937893,1432,0.9999999403953552,1.0,0.5543819983125573,0.990029542097489,104.21387481689453,1.0,0.5053616762161255,0.9985228951255539,0.5053616762161255,0.9985228951255539,0.027811937034130096,0.9980600476264954,1.0,0.9999999403953552
GCN,527,2019,0,1,2,0.08137810230255127,3.706206798553467,3.6248286962509155,0.8660253286361694,0.0535748191177845,-0.06009216979146004,0.5227386951446533,0.16604875028133392,0.563849943160288,1,0.5408234596252441,0.9993021632937893,1432,0.9999999403953552,1.0,0.5194665108406253,0.9863367799113737,96.6029281616211,1.0,0.4705585241317749,0.9981536189069424,0.4705585241317749,0.9981536189069424,0.0535748153924942,0.9929981231689453,1.0,0.9999999403953552
GCN,527,2038,3,1,2,-2.154625177383423,4.817917823791504,6.972543001174927,0.8660253286361694,0.05329085513949394,0.04052988812327385,0.516539454460144,0.07672583311796188,0.21674876847290642,0,0.5373342633247375,0.9993021632937893,1432,0.9999999403953552,1.0,0.5173910414666674,0.9859675036927622,96.46751403808594,1.0,0.47076416015625,0.9981536189069424,0.47076416015625,0.9981536189069424,0.05329085886478424,0.992890477180481,1.0,0.9999999403953552
GCN,527,2043,4,1,2,-2.157349109649658,4.700328826904297,6.857677936553955,0.8660253286361694,0.05481059476733208,-0.0380711555480957,0.5216188430786133,0.13968975841999054,0.4571807502841986,1,0.5401256084442139,0.9993021632937893,1432,0.9999999403953552,1.0,0.5203733288373648,0.9863367799113737,96.78813934326172,1.0,0.47138282656669617,0.9981536189069424,0.47138282656669617,0.9981536189069424,0.05481059104204178,0.9926224946975708,1.0,0.9999999403953552
GCN,527,2045,1,1,32,-1.602307677268982,1.3625222444534302,2.964829921722412,0.35355332493782043,0.008514117449522018,0.015926679596304893,1.2622179985046387,0.01321401260793209,0.10837438423645321,0,0.5415212512016296,0.9993021632937893,1432,1.0,1.0,1.2349603448130646,1.0,235.95660400390625,1.0,1.140720248222351,1.0,1.140720248222351,1.0,0.00851412583142519,0.999817967414856,1.0,1.0
GCN,527,2051,0,1,3,0.994866132736206,5.093488693237305,4.098622560501099,0.8017836213111877,0.03236551210284233,0.023889001458883286,0.5571526885032654,0.04868166893720627,0.14153088291019325,0,0.5373342633247375,0.9993021632937893,1432,0.9999999403953552,1.0,0.5540630694287983,0.990029542097489,104.11051177978516,1.0,0.5051290988922119,0.9985228951255539,0.5051290988922119,0.9985228951255539,0.03236551210284233,0.9973733425140381,1.0,1.0
GCN,527,2054,0,1,9,3.011747360229492,6.446906089782715,3.4351587295532227,0.588348388671875,0.016404271125793457,0.01918208785355091,0.758568525314331,0.00925852358341217,0.10837438423645321,0,0.5408234596252441,0.9993021632937893,1432,0.9999999403953552,1.0,0.7441585268285281,1.0,142.1250762939453,1.0,0.6885823011398315,1.0,0.6885823011398315,1.0,0.016404272988438606,0.9993245601654053,1.0,0.9999999403953552
GCN,527,2055,0,1,4,1.2169883251190186,6.297717571258545,5.080729246139526,0.7499998807907104,0.027869440615177155,0.08795494586229324,0.5929758548736572,-0.02610902115702629,0.0,0,0.5415212512016296,0.9993021632937893,1432,0.9999999403953552,1.0,0.5883732332454727,0.9944608567208272,111.48385620117188,1.0,0.5408706665039062,0.9988921713441654,0.5408706665039062,0.9988921713441654,0.027869442477822304,0.9980497360229492,1.0,0.9999999403953552
GCN,527,2058,5,1,3,-3.467662811279297,2.638579845428467,6.106242656707764,0.8017836213111877,0.05248594656586647,0.008725482039153576,0.55992192029953,0.10634095966815948,0.3560060629026146,1,0.5394277572631836,0.9993021632937893,1432,0.9999999403953552,1.0,0.5562254043027606,0.9911373707533235,104.5187759399414,1.0,0.5081707835197449,0.9985228951255539,0.5081707835197449,0.9985228951255539,0.05248594284057617,0.99314284324646,1.0,0.9999999403953552
GCN,527,2059,0,1,6,1.4619176387786865,5.602467060089111,4.140549421310425,0.6708203554153442,0.024539893493056297,-0.027475541457533836,0.6673360466957092,0.002991187386214733,0.10837438423645321,0,0.5408234596252441,0.9993021632937893,1432,0.9999999403953552,1.0,0.6564511717398921,0.9955686853766618,124.67369842529297,1.0,0.6041793823242188,0.9996307237813885,0.6041793823242188,0.9996307237813885,0.02453988790512085,0.9984974265098572,1.0,0.9999999403953552
GCN,527,2071,2,1,8,0.5179632902145386,3.911064863204956,3.3931015729904175,0.6123723983764648,0.02076597884297371,-0.012232273817062378,0.7300333380699158,0.05137210339307785,0.16729821902235695,0,0.5415212512016296,0.9993021632937893,1432,0.9999999403953552,1.0,0.7162689426839834,1.0,136.35142517089844,1.0,0.6603544354438782,1.0,0.6603544354438782,1.0,0.020765982568264008,0.998920738697052,1.0,0.9999999403953552
GCN,527,2072,0,1,3,2.189257860183716,6.743373394012451,4.554115533828735,0.8017836213111877,0.03359357640147209,0.1254841387271881,0.5529605746269226,-0.03943084180355072,0.0,0,0.5408234596252441,0.9993021632937893,1432,0.9999999403953552,1.0,0.5513789673971455,0.990029542097489,104.34114074707031,1.0,0.5047977566719055,0.9985228951255539,0.5047977566719055,0.9985228951255539,0.03359358012676239,0.997170627117157,1.0,0.9999999403953552
GCN,527,2075,3,1,8,-3.0763585567474365,2.6405885219573975,5.716947078704834,0.6123723983764648,0.019943196326494217,0.011616282165050507,0.729179859161377,-0.013581406325101852,0.0,0,0.5387299060821533,0.9993021632937893,1432,0.9999999403953552,1.0,0.7155496416018651,1.0,136.27076721191406,1.0,0.6604784727096558,1.0,0.6604784727096558,1.0,0.019943194463849068,0.99900221824646,1.0,0.9999999403953552
GCN,527,2082,1,1,2,-2.0021276473999023,2.322972297668457,4.325099945068359,0.8660253286361694,0.09021378308534622,0.03385237231850624,0.5223156809806824,0.16583949327468872,0.563849943160288,1,0.5380321145057678,0.9993021632937893,1432,0.9999999403953552,1.0,0.5245816834867962,0.9863367799113737,97.1030502319336,1.0,0.4723963737487793,0.9981536189069424,0.4723963737487793,0.9981536189069424,0.09021378308534622,0.9799335598945618,1.0,0.9999999403953552
GCN,527,2087,1,1,2,-1.9941442012786865,1.6616134643554688,3.6557576656341553,0.8660253286361694,0.04726164788007736,0.04534565657377243,0.515775740146637,0.0692886933684349,0.20954907161803712,0,0.5380321145057678,0.9993021632937893,1432,0.9999999403953552,1.0,0.5156587242888715,0.9844903988183161,96.82579040527344,1.0,0.47000157833099365,0.9981536189069424,0.47000157833099365,0.9981536189069424,0.047261644154787064,0.9943981170654297,1.0,0.9999999403953552
GCN,527,2096,1,1,6,-1.433417797088623,2.4337096214294434,3.8671274185180664,0.6708203554153442,0.02250227890908718,0.02238762378692627,0.6654229164123535,0.0024691596627235413,0.10837438423645321,0,0.5415212512016296,0.9993021632937893,1432,0.9999999403953552,1.0,0.6555399913969702,0.9955686853766618,124.43601989746094,1.0,0.6032475233078003,0.9996307237813885,0.6032475233078003,0.9996307237813885,0.02250228077173233,0.9987291097640991,1.0,0.9999999403953552
GCN,527,2105,5,1,2,0.11681723594665527,5.617254734039307,5.500437498092651,0.8660253286361694,0.04772282764315605,0.0793224573135376,0.5139341354370117,0.01690927892923355,0.10837438423645321,0,0.5380321145057678,0.9993021632937893,1432,0.9999999403953552,1.0,0.5152865368263417,0.9844903988183161,96.91459655761719,1.0,0.4694930613040924,0.9981536189069424,0.4694930613040924,0.9981536189069424,0.04772283136844635,0.9942713379859924,1.0,0.9999999403953552
GCN,527,2107,1,1,4,-1.0963828563690186,2.8247573375701904,3.921140193939209,0.7499998807907104,0.02664438635110855,0.02203948423266411,0.5953651666641235,0.031198017299175262,0.10837438423645321,0,0.5429169535636902,0.9993021632937893,1432,0.9999999403953552,1.0,0.5885152191926384,0.9944608567208272,111.25544738769531,1.0,0.5392866134643555,0.9988921713441654,0.5392866134643555,0.9988921713441654,0.02664438635110855,0.9982190132141113,1.0,0.9999999403953552
GCN,527,2113,2,1,6,-2.3797388076782227,2.9202585220336914,5.299997329711914,0.6708203554153442,0.02168796956539154,0.0542801171541214,0.6643581986427307,-0.030806824564933777,0.0,0,0.5415212512016296,0.9993021632937893,1432,0.9999999403953552,1.0,0.6547658805086553,0.9955686853766618,124.32247161865234,1.0,0.6013065576553345,0.9996307237813885,0.6013065576553345,0.9996307237813885,0.02168796956539154,0.9988186359405518,1.0,0.9999999403953552
GCN,527,2120,4,1,5,-2.3353888988494873,4.164752006530762,6.500140905380249,0.7071066498756409,0.03176762908697128,0.10781202465295792,0.6279328465461731,-0.04735388234257698,0.0,0,0.5394277572631836,0.9993021632937893,1432,0.9999999403953552,1.0,0.6207696560925129,0.9944608567208272,118.04023742675781,1.0,0.5716709494590759,0.9992614475627769,0.5716709494590759,0.9992614475627769,0.03176763281226158,0.9974671006202698,1.0,1.0
GCN,527,2122,4,1,10,-4.261815547943115,2.009915828704834,6.271731376647949,0.5669466257095337,0.015233490616083145,0.01846414990723133,0.7871895432472229,0.014035324566066265,0.10837438423645321,0,0.5401256084442139,0.9993021632937893,1432,1.0,1.0,0.7717650856493627,1.0,147.1422882080078,1.0,0.7130753397941589,1.0,0.7130753397941589,1.0,0.015233485959470272,0.9994174838066101,1.0,1.0
GCN,527,2130,4,1,12,-4.520359516143799,1.5348995923995972,6.055259108543396,0.5303300619125366,0.021718844771385193,0.08495906740427017,0.8390945196151733,0.006931149400770664,0.10837438423645321,0,0.5422191023826599,0.9993021632937893,1432,0.9999999403953552,1.0,0.8215845327227015,1.0,157.2773895263672,1.0,0.7607622742652893,1.0,0.7607622742652893,1.0,0.021718839183449745,0.9988168478012085,1.0,0.9999999403953552
GCN,527,2131,0,1,3,1.5195707082748413,5.928800582885742,4.409229874610901,0.8017836213111877,0.034073006361722946,-0.027989111840724945,0.5594581365585327,0.08485573530197144,0.2277377794619174,0,0.5415212512016296,0.9993021632937893,1432,0.9999999403953552,1.0,0.5574427129623843,0.9918759231905465,104.541259765625,1.0,0.5080922245979309,0.9985228951255539,0.5080922245979309,0.9985228951255539,0.034073006361722946,0.9971131682395935,1.0,0.9999999403953552
GCN,527,2139,3,1,4,-5.394529342651367,0.5223428606987,5.916872203350067,0.7499998807907104,0.0377153716981411,0.02719554677605629,0.5958444476127625,0.05098830908536911,0.16331943918150815,0,0.5373342633247375,0.9993021632937893,1432,0.9999999403953552,1.0,0.5914818961016348,0.9944608567208272,111.33916473388672,1.0,0.540789783000946,0.9988921713441654,0.540789783000946,0.9988921713441654,0.0377153716981411,0.9964349269866943,1.0,0.9999999403953552
GCN,527,2141,3,1,4,-6.201677322387695,0.2702789306640625,6.471956253051758,0.7499998807907104,0.04076368361711502,0.015062469989061356,0.5967488884925842,0.10486698150634766,0.3446381205001895,1,0.5380321145057678,0.9993021632937893,1432,0.9999999403953552,1.0,0.5923929768893623,0.9944608567208272,111.39118194580078,1.0,0.5405452847480774,0.9988921713441654,0.5405452847480774,0.9988921713441654,0.04076367989182472,0.9958445429801941,1.0,0.9999999403953552
GCN,527,2153,4,1,3,0.43205755949020386,5.036460876464844,4.60440331697464,0.8017836213111877,0.034706272184848785,0.013909034430980682,0.5577335357666016,0.08255241066217422,0.2233800682076544,0,0.5408234596252441,0.9993021632937893,1432,0.9999999403953552,1.0,0.5535982747314283,0.990029542097489,104.46105194091797,1.0,0.5070128440856934,0.9985228951255539,0.5070128440856934,0.9985228951255539,0.034706275910139084,0.9969843626022339,1.0,0.9999999403953552
GCN,527,2156,0,1,4,0.6358897686004639,4.39769983291626,3.761810064315796,0.7499998807907104,0.028042687103152275,-0.015737270936369896,0.5968482494354248,0.07921971380710602,0.22034861690034105,0,0.5415212512016296,0.9993021632937893,1432,0.9999999403953552,1.0,0.5902874269507118,0.9944608567208272,111.51130676269531,1.0,0.5404924750328064,0.9988921713441654,0.5404924750328064,0.9988921713441654,0.028042688965797424,0.9980363249778748,1.0,0.9999999403953552
GCN,527,2157,6,1,5,-2.1496472358703613,1.5695196390151978,3.719166874885559,0.7071066498756409,0.02939080074429512,0.03605886921286583,0.6310557126998901,0.01678478717803955,0.10837438423645321,0,0.5373342633247375,0.9993021632937893,1432,1.0,0.9999999403953552,0.6232105386959427,0.9944608567208272,117.66456604003906,1.0,0.5709764361381531,0.9992614475627769,0.5709764361381531,0.9992614475627769,0.029390806332230568,0.9978313446044922,0.9999999403953552,1.0
GCN,527,2158,6,1,1,-1.7489535808563232,2.5669121742248535,4.315865755081177,0.9486831426620483,0.07506507635116577,0.003388497978448868,0.4768013060092926,0.16333630681037903,0.5604395604395604,1,0.535938560962677,0.9993021632937893,1432,0.9999999403953552,1.0,0.48301376295917003,0.9763663220088626,88.78813171386719,1.0,0.4316079020500183,0.9959379615952733,0.4316079020500183,0.9959379615952733,0.07506506890058517,0.9861341714859009,1.0,0.9999999403953552
GCN,527,2160,6,1,8,-2.272526264190674,1.3134821653366089,3.5860084295272827,0.6123723983764648,0.024217423051595688,0.003078959882259369,0.7297811508178711,0.0357421338558197,0.10837438423645321,0,0.5387299060821533,0.9993021632937893,1432,0.9999999403953552,1.0,0.7162637833072949,1.0,136.08770751953125,1.0,0.6595834493637085,1.0,0.6595834493637085,1.0,0.02421742118895054,0.9985306859016418,1.0,0.9999999403953552
GCN,527,2164,6,1,3,-2.34143328666687,1.439082384109497,3.780515670776367,0.8017836213111877,0.03696797415614128,-0.0009486619383096695,0.5586034655570984,0.08090724050998688,0.22110647972716937,0,0.5408234596252441,0.9993021632937893,1432,1.0,1.0,0.5526732016636441,0.990029542097489,104.26763916015625,1.0,0.5070831179618835,0.9985228951255539,0.5070831179618835,0.9985228951255539,0.03696797415614128,0.9965877532958984,1.0,1.0
GCN,527,2165,6,1,3,-1.0335878133773804,3.2138469219207764,4.247434735298157,0.8017836213111877,0.030789891257882118,-0.02018170803785324,0.5587493181228638,0.08070246130228043,0.2209170140204623,0,0.5380321145057678,0.9993021632937893,1432,1.0,1.0,0.5548443102477931,0.9911373707533235,104.17474365234375,1.0,0.5059738159179688,0.9985228951255539,0.5059738159179688,0.9985228951255539,0.03078988753259182,0.9976363778114319,1.0,1.0
GCN,527,2166,5,1,2,-2.415534734725952,2.008467197418213,4.424001932144165,0.8660253286361694,0.08365887403488159,0.03437536209821701,0.521062433719635,0.16148610413074493,0.5492610837438424,1,0.5366364121437073,0.9993021632937893,1432,0.9999999403953552,1.0,0.522272806967041,0.9863367799113737,96.75991821289062,1.0,0.4701736867427826,0.9981536189069424,0.4701736867427826,0.9981536189069424,0.08365887403488159,0.9826852083206177,1.0,0.9999999403953552
GCN,527,2172,0,1,5,2.6531946659088135,6.511310577392578,3.8581159114837646,0.7071066498756409,0.030745897442102432,0.05257786065340042,0.6303969621658325,0.030847977846860886,0.10837438423645321,0,0.5408234596252441,0.9993021632937893,1432,1.0,1.0,0.6224676088155767,0.9944608567208272,118.2822036743164,1.0,0.573445200920105,0.9996307237813885,0.573445200920105,0.9996307237813885,0.030745897442102432,0.9976249933242798,1.0,1.0
GCN,527,2177,3,1,4,0.9970135688781738,4.397347450256348,3.400333881378174,0.7499998807907104,0.060897283256053925,0.10275810956954956,0.592276930809021,0.03533682972192764,0.10837438423645321,0,0.5401256084442139,0.9993021632937893,1432,0.9999999403953552,1.0,0.5866345900152644,0.9940915805022157,111.19881439208984,1.0,0.541344940662384,0.9988921713441654,0.541344940662384,0.9988921713441654,0.060897279530763626,0.9906585216522217,1.0,0.9999999403953552
GCN,527,2181,0,1,8,3.63187313079834,6.928492069244385,3.296618938446045,0.6123723983764648,0.027886128053069115,0.13698479533195496,0.7239992618560791,0.022516636177897453,0.10837438423645321,0,0.5415212512016296,0.9993021632937893,1432,0.9999999403953552,1.0,0.711029214497561,1.0,136.4636993408203,1.0,0.660618007183075,1.0,0.660618007183075,1.0,0.027886126190423965,0.9980571866035461,1.0,0.9999999403953552
GCN,527,2189,0,1,6,0.8952089548110962,4.753198146820068,3.857989192008972,0.6708203554153442,0.02135578729212284,0.0427079014480114,0.6647300720214844,0.06344100832939148,0.2046229632436529,0,0.5408234596252441,0.9993021632937893,1432,0.9999999403953552,1.0,0.6540824880521208,0.9951994091580503,124.4692611694336,1.0,0.6032567024230957,0.9996307237813885,0.6032567024230957,0.9996307237813885,0.02135578542947769,0.9988545179367065,1.0,0.9999999403953552
GCN,527,2195,0,1,4,-0.8205873370170593,3.1377816200256348,3.958368957042694,0.7499998807907104,0.03672810643911362,0.05923417955636978,0.5942013263702393,0.015628408640623093,0.10837438423645321,0,0.5408234596252441,0.9993021632937893,1432,0.9999999403953552,1.0,0.5856437200935348,0.9940915805022157,111.0943603515625,1.0,0.5383424162864685,0.9988921713441654,0.5383424162864685,0.9988921713441654,0.03672810643911362,0.9966100454330444,1.0,0.9999999403953552
GCN,527,2198,0,1,5,2.286344528198242,6.210783958435059,3.9244394302368164,0.7071066498756409,0.023195471614599228,0.11108991503715515,0.628387987613678,-0.0405668281018734,0.0,0,0.5408234596252441,0.9993021632937893,1432,1.0,1.0,0.6210694458242845,0.9944608567208272,118.22235107421875,1.0,0.5730171203613281,0.9992614475627769,0.5730171203613281,0.9992614475627769,0.023195475339889526,0.9986534118652344,1.0,0.9999999403953552
GCN,527,2212,3,1,4,-2.4332025051116943,3.6542038917541504,6.087406396865845,0.7499998807907104,0.032489582896232605,0.013928733766078949,0.5960603356361389,0.0627298578619957,0.20367563471011746,0,0.5408234596252441,0.9993021632937893,1432,0.9999999403953552,1.0,0.5901731619660159,0.9944608567208272,111.43115997314453,1.0,0.5419954657554626,0.9988921713441654,0.5419954657554626,0.9988921713441654,0.032489579170942307,0.997356116771698,1.0,0.9999999403953552
GCN,527,2215,3,1,4,-2.589362621307373,3.885928153991699,6.475290775299072,0.7499998807907104,0.031249022111296654,0.04648016765713692,0.5946096181869507,0.001445351168513298,0.10837438423645321,0,0.5380321145057678,0.9993021632937893,1432,0.9999999403953552,1.0,0.5892895754155082,0.9944608567208272,111.3060302734375,1.0,0.5402237772941589,0.9988921713441654,0.5402237772941589,0.9988921713441654,0.031249022111296654,0.9975472688674927,1.0,0.9999999403953552
GCN,527,2218,1,1,2,-0.6489671468734741,3.6479883193969727,4.296955466270447,0.8660253286361694,0.10057755559682846,0.08906224370002747,0.5180961489677429,0.1310935914516449,0.4226979916635089,1,0.5394277572631836,0.9993021632937893,1432,0.9999999403953552,1.0,0.5190568923876953,0.9863367799113737,96.8796157836914,1.0,0.4735978841781616,0.9981536189069424,0.4735978841781616,0.9981536189069424,0.10057755559682846,0.9747565388679504,1.0,0.9999999403953552
GCN,527,2224,4,1,8,-3.2049407958984375,2.4025614261627197,5.607502222061157,0.6123723983764648,0.01864817552268505,-0.0019520344212651253,0.7295259237289429,0.015978168696165085,0.10837438423645321,0,0.5415212512016296,0.9993021632937893,1432,0.9999999403953552,1.0,0.7158345511192589,1.0,136.37393188476562,1.0,0.6605429649353027,1.0,0.6605429649353027,1.0,0.01864817552268505,0.9991284012794495,1.0,0.9999999403953552
GCN,527,2228,6,1,6,-0.8687543272972107,2.8773036003112793,3.74605792760849,0.6708203554153442,0.02134540118277073,0.15144379436969757,0.6612578630447388,-0.12659373879432678,0.0,0,0.5408234596252441,0.9993021632937893,1432,1.0,0.9999999403953552,0.6507128813551819,0.9951994091580503,123.75923156738281,1.0,0.5989391207695007,0.9996307237813885,0.5989391207695007,0.9996307237813885,0.02134540118277073,0.9988680481910706,1.0,0.9999999403953552
GCN,527,2229,3,1,3,-2.5610241889953613,3.644716262817383,6.205740451812744,0.8017836213111877,0.04354128986597061,-0.0108870267868042,0.5598844289779663,0.08289968967437744,0.2233800682076544,0,0.5366364121437073,0.9993021632937893,1432,0.9999999403953552,1.0,0.5554557906086347,0.9911373707533235,104.30735778808594,1.0,0.5056481957435608,0.9985228951255539,0.5056481957435608,0.9985228951255539,0.04354128986597061,0.9952855110168457,1.0,0.9999999403953552
GCN,527,2231,0,1,2,-1.9080530405044556,5.1309614181518555,7.039014458656311,0.8660253286361694,0.04434539005160332,-0.015053928829729557,0.5186651945114136,0.08277732133865356,0.2233800682076544,0,0.5401256084442139,0.9993021632937893,1432,0.9999999403953552,1.0,0.5204057718708983,0.9863367799113737,97.15233612060547,1.0,0.4705198109149933,0.9981536189069424,0.4705198109149933,0.9981536189069424,0.04434539005160332,0.9951158165931702,1.0,0.9999999403953552
GCN,527,2232,0,1,3,2.0694961547851562,6.825383186340332,4.755887031555176,0.8017836213111877,0.03898737207055092,0.05891077220439911,0.5559123754501343,0.05444753170013428,0.1883289124668435,0,0.5394277572631836,0.9993021632937893,1432,0.9999999403953552,1.0,0.5530721488315296,0.990029542097489,104.42570495605469,1.0,0.508328378200531,0.9985228951255539,0.508328378200531,0.9985228951255539,0.03898737207055092,0.996180534362793,1.0,0.9999999403953552
GCN,527,2235,5,1,3,-3.876466751098633,1.6828107833862305,5.559277534484863,0.8017836213111877,0.04306357726454735,0.013508804142475128,0.5585160851478577,0.07411129772663116,0.21314892004547176,0,0.5387299060821533,0.9993021632937893,1432,0.9999999403953552,1.0,0.5554320482879525,0.9911373707533235,104.38253021240234,1.0,0.5069029927253723,0.9985228951255539,0.5069029927253723,0.9985228951255539,0.04306357726454735,0.9953663349151611,1.0,0.9999999403953552
GCN,527,2249,4,1,6,-4.153953552246094,2.522705554962158,6.676659107208252,0.6708203554153442,0.019440261647105217,0.03041614033281803,0.6650779247283936,0.09835977107286453,0.3090185676392573,0,0.5415212512016296,0.9993021632937893,1432,0.9999999403953552,1.0,0.6552990426576824,0.9955686853766618,124.37419891357422,1.0,0.6026604175567627,0.9996307237813885,0.6026604175567627,0.9996307237813885,0.01944025792181492,0.9990510940551758,1.0,0.9999999403953552
GCN,527,2264,4,1,1,-0.1829366683959961,5.075381278991699,5.258317947387695,0.9486831426620483,0.07057054340839386,-0.07452365756034851,0.48174744844436646,0.21394196152687073,0.7186434255399773,1,0.535938560962677,0.9993021632937893,1432,0.9999999403953552,1.0,0.4822627588950424,0.9763663220088626,89.37389373779297,1.0,0.4358435273170471,0.9963072378138847,0.4358435273170471,0.9963072378138847,0.07057053595781326,0.988073468208313,1.0,0.9999999403953552
GCN,527,2274,0,1,3,-0.6180697679519653,3.3908510208129883,4.008920788764954,0.8017836213111877,0.03593374043703079,-0.008707080036401749,0.558843731880188,0.0736384242773056,0.21295945433876468,0,0.5415212512016296,0.9993021632937893,1432,1.0,1.0,0.5537481278674166,0.990029542097489,104.31080627441406,1.0,0.5057992935180664,0.9985228951255539,0.5057992935180664,0.9985228951255539,0.03593374043703079,0.9967793226242065,1.0,1.0
GCN,527,2279,2,1,3,-4.3539137840271,2.5594239234924316,6.913337707519531,0.8017836213111877,0.0312647819519043,-0.010754652321338654,0.5584359169006348,0.051322147250175476,0.16729821902235695,0,0.5387299060821533,0.9993021632937893,1432,0.9999999403953552,1.0,0.5549258136569212,0.9911373707533235,104.00077056884766,1.0,0.5055012106895447,0.9985228951255539,0.5055012106895447,0.9985228951255539,0.031264785677194595,0.9975593686103821,1.0,0.9999999403953552
GCN,527,2288,5,1,3,-1.6919260025024414,2.2986855506896973,3.9906115531921387,0.8017836213111877,0.040046680718660355,-0.027166996151208878,0.5602397918701172,0.03559742122888565,0.10837438423645321,0,0.5387299060821533,0.9993021632937893,1432,0.9999999403953552,1.0,0.5561928269653843,0.9911373707533235,104.5662841796875,1.0,0.5072550773620605,0.9985228951255539,0.5072550773620605,0.9985228951255539,0.040046680718660355,0.9960207939147949,1.0,0.9999999403953552
GCN,527,2293,0,1,3,-0.6168997287750244,3.7979068756103516,4.414806604385376,0.8017836213111877,0.03955579921603203,0.05153045058250427,0.5562974810600281,0.04767689108848572,0.13793103448275862,0,0.5429169535636902,0.9993021632937893,1432,0.9999999403953552,1.0,0.5530300360588326,0.990029542097489,104.20083618164062,1.0,0.5057826638221741,0.9985228951255539,0.5057826638221741,0.9985228951255539,0.03955579549074173,0.9960703253746033,1.0,0.9999999403953552
GCN,527,2297,4,1,3,-3.6443591117858887,3.808734178543091,7.4530932903289795,0.8017836213111877,0.05695796385407448,-0.012847419828176498,0.5620728731155396,-0.010077577084302902,0.0,0,0.5373342633247375,0.9993021632937893,1432,0.9999999403953552,1.0,0.5583696782917663,0.9918759231905465,104.68791198730469,1.0,0.5068361759185791,0.9985228951255539,0.5068361759185791,0.9985228951255539,0.05695796385407448,0.9919822216033936,1.0,0.9999999403953552
GCN,527,2299,4,1,2,-2.7975687980651855,3.858410120010376,6.6559789180755615,0.8660253286361694,0.04767318069934845,-0.009117774665355682,0.5187916159629822,0.14283059537410736,0.46854869268662375,1,0.5380321145057678,0.9993021632937893,1432,0.9999999403953552,1.0,0.5170054020073712,0.9859675036927622,97.0810317993164,1.0,0.4686608612537384,0.9981536189069424,0.4686608612537384,0.9981536189069424,0.04767318069934845,0.9943550229072571,1.0,0.9999999403953552
GCN,527,2302,3,1,2,-2.2118186950683594,4.118870735168457,6.330689430236816,0.8660253286361694,0.03836897388100624,-0.007891101762652397,0.5176101922988892,0.09381438791751862,0.2737779461917393,0,0.5394277572631836,0.9993021632937893,1432,0.9999999403953552,1.0,0.5184574934108943,0.9859675036927622,96.49640655517578,1.0,0.469326376914978,0.9981536189069424,0.469326376914978,0.9981536189069424,0.03836897388100624,0.9963302612304688,1.0,0.9999999403953552
GCN,527,2310,3,1,2,-0.2810845375061035,3.6240901947021484,3.905174732208252,0.8660253286361694,0.05637802183628082,0.04811449721455574,0.5163396000862122,0.07070136815309525,0.21049640015157256,0,0.5394277572631836,0.9993021632937893,1432,0.9999999403953552,1.0,0.5153098732885406,0.9844903988183161,96.53400421142578,1.0,0.4671710729598999,0.9981536189069424,0.4671710729598999,0.9981536189069424,0.05637802183628082,0.9920387268066406,1.0,0.9999999403953552
GCN,527,2316,3,1,1,-3.129019260406494,3.0235400199890137,6.152559280395508,0.9486831426620483,0.08433899283409119,0.009481139481067657,0.47795528173446655,0.17894771695137024,0.6074270557029178,1,0.5373342633247375,0.9993021632937893,1432,0.9999999403953552,1.0,0.4819812383937672,0.9763663220088626,88.38691711425781,1.0,0.4277011454105377,0.9948301329394387,0.4277011454105377,0.9948301329394387,0.08433899283409119,0.9825507402420044,1.0,0.9999999403953552
GCN,527,2318,1,1,2,-0.8395471572875977,3.991722822189331,4.831269979476929,0.8660253286361694,0.04087688401341438,0.05980466678738594,0.5146993398666382,0.034591466188430786,0.10837438423645321,0,0.5401256084442139,0.9993021632937893,1432,0.9999999403953552,1.0,0.5151435164595181,0.9844903988183161,96.54653930664062,1.0,0.4683740437030792,0.9981536189069424,0.4683740437030792,0.9981536189069424,0.04087688401341438,0.9958013296127319,1.0,0.9999999403953552
GCN,527,2320,3,1,2,-0.8095508813858032,4.118257999420166,4.927808880805969,0.8660253286361694,0.0470731146633625,-0.016583936288952827,0.5191152691841125,0.1276836097240448,0.41227737779461915,1,0.5394277572631836,0.9993021632937893,1432,0.9999999403953552,1.0,0.5176973889253913,0.9859675036927622,96.8703842163086,1.0,0.4709087908267975,0.9981536189069424,0.4709087908267975,0.9981536189069424,0.0470731146633625,0.9945045709609985,1.0,0.9999999403953552
GCN,527,2321,0,1,2,0.9026272296905518,5.62734317779541,4.724715948104858,0.8660253286361694,0.04849979281425476,-0.008384115993976593,0.5188615322113037,0.0833871066570282,0.22565365668813944,0,0.5394277572631836,0.9993021632937893,1432,0.9999999403953552,1.0,0.5177680189035503,0.9859675036927622,96.976806640625,1.0,0.4731582701206207,0.9981536189069424,0.4731582701206207,0.9981536189069424,0.048499785363674164,0.9941585063934326,1.0,0.9999999403953552
GCN,527,2330,0,1,3,0.467170774936676,4.411562442779541,3.944391667842865,0.8017836213111877,0.034849561750888824,-0.008495982736349106,0.5587159991264343,0.09683207422494888,0.29120879120879123,0,0.5415212512016296,0.9993021632937893,1432,0.9999999403953552,1.0,0.554978737466781,0.9911373707533235,104.70281982421875,1.0,0.5071027278900146,0.9985228951255539,0.5071027278900146,0.9985228951255539,0.03484956547617912,0.9969696402549744,1.0,0.9999999403953552
GCN,527,2331,1,1,2,-1.6913554668426514,2.355348825454712,4.046704292297363,0.8660253286361694,0.055538635700941086,0.01980292797088623,0.518074095249176,0.10149997472763062,0.3283440697233801,1,0.5380321145057678,0.9993021632937893,1432,0.9999999403953552,1.0,0.5200038567271628,0.9863367799113737,96.74124145507812,1.0,0.4711742401123047,0.9981536189069424,0.4711742401123047,0.9981536189069424,0.05553863197565079,0.992311954498291,1.0,0.9999999403953552
GCN,527,2337,4,1,1,-3.931304693222046,4.599479675292969,8.530784368515015,0.9486831426620483,0.08601745963096619,0.015046028420329094,0.47777441143989563,0.14227217435836792,0.46798029556650245,1,0.5394277572631836,0.9993021632937893,1432,0.9999999403953552,1.0,0.4830662520395313,0.9763663220088626,88.64628601074219,1.0,0.4303220808506012,0.9959379615952733,0.4303220808506012,0.9959379615952733,0.08601745963096619,0.981831431388855,1.0,0.9999999403953552
GCN,527,2341,4,1,1,-3.5583667755126953,3.391723155975342,6.950089931488037,0.9486831426620483,0.14220845699310303,0.04139149188995361,0.48781466484069824,0.22464147210121155,0.7444107616521409,1,0.5415212512016296,0.9993021632937893,1432,0.9999999403953552,1.0,0.4887787687512912,0.9763663220088626,88.9213638305664,1.0,0.4329184293746948,0.9963072378138847,0.4329184293746948,0.9963072378138847,0.14220845699310303,0.9517006874084473,1.0,0.9999999403953552
GCN,527,2342,0,1,1,0.9221235513687134,5.510138511657715,4.5880149602890015,0.9486831426620483,0.07826709002256393,-0.07135152816772461,0.48340049386024475,0.24913188815116882,0.7910193255020841,1,0.5401256084442139,0.9993021632937893,1432,0.9999999403953552,1.0,0.48214118915602366,0.9763663220088626,89.58171844482422,1.0,0.43509548902511597,0.9963072378138847,0.43509548902511597,0.9963072378138847,0.07826709002256393,0.985403835773468,1.0,0.9999999403953552
GCN,527,2346,3,1,3,-2.5643343925476074,4.006935119628906,6.571269512176514,0.8017836213111877,0.035053856670856476,0.07585547864437103,0.5550518035888672,-0.01586935855448246,0.0,0,0.5394277572631836,0.9993021632937893,1432,0.9999999403953552,1.0,0.5526447021209732,0.990029542097489,104.01219940185547,1.0,0.5050447583198547,0.9985228951255539,0.5050447583198547,0.9985228951255539,0.035053856670856476,0.9969109296798706,1.0,0.9999999403953552
GCN,527,2347,0,1,3,0.8477715253829956,5.590362548828125,4.742591023445129,0.8017836213111877,0.033701181411743164,0.017729979008436203,0.5574946999549866,0.025287985801696777,0.10837438423645321,0,0.5401256084442139,0.9993021632937893,1432,0.9999999403953552,1.0,0.5546992663357829,0.990029542097489,104.42427062988281,1.0,0.5075415968894958,0.9985228951255539,0.5075415968894958,0.9985228951255539,0.03370118513703346,0.9971545934677124,1.0,0.9999999403953552
GCN,527,2353,4,1,3,-2.7268567085266113,3.7524983882904053,6.479355096817017,0.8017836213111877,0.03555407375097275,-0.0013014543801546097,0.558474600315094,0.07565470784902573,0.21580143993937098,0,0.5401256084442139,0.9993021632937893,1432,0.9999999403953552,1.0,0.5554373602173184,0.9911373707533235,104.56288146972656,1.0,0.5070393681526184,0.9985228951255539,0.5070393681526184,0.9985228951255539,0.03555407375097275,0.9968427419662476,1.0,0.9999999403953552
GCN,527,2359,2,0,11,-5.346827030181885,-0.34518957138061523,5.0016374588012695,0.5477225184440613,0.024233289062976837,0.006685446947813034,0.8157622814178467,0.017397932708263397,0.10837438423645321,0,0.5436148047447205,0.9993021632937893,1432,0.9999999403953552,1.0,0.7995611059754725,1.0,152.3148956298828,1.0,0.7370882630348206,1.0,0.7370882630348206,1.0,0.024233290925621986,0.9985281825065613,1.0,0.9999999403953552
GCN,527,2365,2,1,7,-5.849245071411133,0.3701670169830322,6.219412088394165,0.6396021246910095,0.03492196276783943,0.015394125133752823,0.6990965604782104,0.05331503599882126,0.18226600985221675,0,0.5380321145057678,0.9993021632937893,1432,0.9999999403953552,1.0,0.6871368793059563,0.9996307237813885,130.6056365966797,1.0,0.6335060000419617,1.0,0.6335060000419617,1.0,0.03492196649312973,0.9969463348388672,1.0,0.9999999403953552
GCN,527,2368,3,1,2,-0.5798176527023315,4.722557544708252,5.3023751974105835,0.8660253286361694,0.05734952166676521,-0.07537257671356201,0.5245254635810852,0.18903370201587677,0.6367942402425161,1,0.5394277572631836,0.9993021632937893,1432,0.9999999403953552,1.0,0.5231890017372045,0.9863367799113737,96.96968078613281,1.0,0.4717448651790619,0.9981536189069424,0.4717448651790619,0.9981536189069424,0.05734952166676521,0.9920440316200256,1.0,0.9999999403953552
GCN,527,2383,4,1,10,-5.246481895446777,0.8313968181610107,6.077878713607788,0.5669466257095337,0.02022654190659523,-0.014779450371861458,0.7885616421699524,0.08176729083061218,0.22243273967411897,0,0.5401256084442139,0.9993021632937893,1432,1.0,1.0,0.7737373002201019,1.0,147.24851989746094,1.0,0.7125030159950256,1.0,0.7125030159950256,1.0,0.02022654563188553,0.9989763498306274,1.0,1.0
GCN,527,2384,0,1,1,0.7593942880630493,5.8694024085998535,5.110008120536804,0.9486831426620483,0.0686800554394722,0.007132135331630707,0.4754851758480072,0.15640944242477417,0.53315649867374,1,0.5436148047447205,0.9993021632937893,1432,0.9999999403953552,1.0,0.479813493341767,0.9759970457902511,88.47832489013672,1.0,0.4276755452156067,0.9948301329394387,0.4276755452156067,0.9948301329394387,0.0686800554394722,0.988341748714447,1.0,0.9999999403953552
GCN,527,2389,2,1,2,-3.444269895553589,2.8145856857299805,6.258855581283569,0.8660253286361694,0.04658159986138344,-0.013019045814871788,0.518856406211853,0.11380184441804886,0.38044713906782873,1,0.535938560962677,0.9993021632937893,1432,0.9999999403953552,1.0,0.5180791481169723,0.9859675036927622,96.62995910644531,1.0,0.4695502817630768,0.9981536189069424,0.4695502817630768,0.9981536189069424,0.04658159986138344,0.994612991809845,1.0,0.9999999403953552
GCN,527,2392,2,1,3,-3.3666086196899414,2.8534188270568848,6.220027446746826,0.8017836213111877,0.03611104562878609,-0.02432239055633545,0.5595634579658508,0.09448949247598648,0.27434634331186053,0,0.5324493646621704,0.9993021632937893,1432,0.9999999403953552,1.0,0.5555683180879556,0.9911373707533235,104.26875305175781,1.0,0.5070397257804871,0.9985228951255539,0.5070397257804871,0.9985228951255539,0.03611104562878609,0.9967575073242188,1.0,0.9999999403953552
GCN,527,2411,3,1,1,-2.0702569484710693,4.678555488586426,6.748812437057495,0.9486831426620483,0.0862840935587883,0.008572105318307877,0.4784030616283417,0.11320576071739197,0.38006820765441457,1,0.5401256084442139,0.9993021632937893,1432,0.9999999403953552,1.0,0.4799382452180931,0.9759970457902511,88.91171264648438,1.0,0.42730751633644104,0.9948301329394387,0.42730751633644104,0.9948301329394387,0.0862840935587883,0.9817632436752319,1.0,0.9999999403953552
GCN,527,2425,3,1,5,0.5310847163200378,5.204318523406982,4.673233807086945,0.7071066498756409,0.03545233607292175,0.027244169265031815,0.6318109631538391,-0.008544597774744034,0.0,0,0.5387299060821533,0.9993021632937893,1432,0.9999999403953552,1.0,0.6233836731583677,0.9944608567208272,118.57107543945312,1.0,0.5728970170021057,0.9992614475627769,0.5728970170021057,0.9992614475627769,0.03545233607292175,0.9968488216400146,1.0,0.9999999403953552
GCN,527,2427,3,1,3,-0.7248595356941223,4.727077484130859,5.451937019824982,0.8017836213111877,0.05776606500148773,0.06881283968687057,0.556358277797699,0.023773981258273125,0.10837438423645321,0,0.5345429182052612,0.9993021632937893,1432,1.0,1.0,0.5511152999467289,0.990029542097489,103.96397399902344,1.0,0.5050409436225891,0.9985228951255539,0.5050409436225891,0.9985228951255539,0.05776606872677803,0.991619884967804,1.0,1.0
GCN,527,2428,5,1,1,-0.6058536171913147,4.838857173919678,5.444710791110992,0.9486831426620483,0.15541410446166992,0.04445958137512207,0.4912383556365967,0.29121163487434387,0.8666161424782114,1,0.5394277572631836,0.9993021632937893,1432,0.9999999403953552,1.0,0.48982794886752623,0.9763663220088626,88.5193862915039,1.0,0.4365151822566986,0.9963072378138847,0.4365151822566986,0.9963072378138847,0.15541410446166992,0.9428718090057373,1.0,0.9999999403953552
GCN,527,2431,4,1,1,-2.6921396255493164,5.117559909820557,7.809699535369873,0.9486831426620483,0.11249000579118729,-0.006457091774791479,0.48591288924217224,0.22556312382221222,0.7455475558923835,1,0.5387299060821533,0.9993021632937893,1432,0.9999999403953552,1.0,0.4916410137073745,0.9763663220088626,90.65360260009766,1.0,0.44005829095840454,0.9966765140324964,0.44005829095840454,0.9966765140324964,0.11249000579118729,0.9697701930999756,1.0,0.9999999403953552
GCN,527,2433,2,1,1,-0.20557832717895508,4.209716796875,4.415295124053955,0.9486831426620483,0.08693026006221771,0.03198020160198212,0.4764138460159302,0.13480202853679657,0.43349753694581283,1,0.5394277572631836,0.9993021632937893,1432,0.9999999403953552,1.0,0.48026986386465453,0.9759970457902511,88.88253784179688,1.0,0.43096044659614563,0.9959379615952733,0.43096044659614563,0.9959379615952733,0.08693025261163712,0.981347918510437,1.0,0.9999999403953552
GCN,527,2435,4,1,2,-2.6546409130096436,4.161448001861572,6.816088914871216,0.8660253286361694,0.047886963933706284,0.05903594195842743,0.5150629878044128,0.04199598357081413,0.10989010989010989,0,0.5366364121437073,0.9993021632937893,1432,0.9999999403953552,1.0,0.5143036818629735,0.9844903988183161,96.5953598022461,1.0,0.46857696771621704,0.9981536189069424,0.46857696771621704,0.9981536189069424,0.047886960208415985,0.9942408800125122,1.0,0.9999999403953552
GCN,527,2438,3,1,2,-2.6094624996185303,4.500819206237793,7.110281705856323,0.8660253286361694,0.06340334564447403,0.04749799147248268,0.5170810222625732,0.08085919171571732,0.22110647972716937,0,0.5352407097816467,0.9993021632937893,1432,0.9999999403953552,1.0,0.5181231813663458,0.9859675036927622,96.6209487915039,1.0,0.4695417582988739,0.9981536189069424,0.4695417582988739,0.9981536189069424,0.06340333819389343,0.9899486899375916,1.0,0.9999999403953552
GCN,527,2445,2,1,4,-4.113730430603027,3.5865797996520996,7.700310230255127,0.7499998807907104,0.026136137545108795,0.0030817585065960884,0.5960000157356262,0.02319440059363842,0.10837438423645321,0,0.5380321145057678,0.9993021632937893,1432,0.9999999403953552,1.0,0.5904675904681774,0.9944608567208272,111.42048645019531,1.0,0.5404602289199829,0.9988921713441654,0.5404602289199829,0.9988921713441654,0.026136135682463646,0.998289167881012,1.0,0.9999999403953552
GCN,527,2446,2,1,8,-5.3870649337768555,1.8255181312561035,7.212583065032959,0.6123723983764648,0.021225394681096077,0.05679259076714516,0.7276854515075684,-0.02486966922879219,0.0,0,0.5415212512016296,0.9993021632937893,1432,0.9999999403953552,1.0,0.7139452514548228,1.0,136.16783142089844,1.0,0.6594764590263367,1.0,0.6594764590263367,1.0,0.021225394681096077,0.9988685846328735,1.0,0.9999999403953552
GCN,527,2448,2,1,5,-5.004992485046387,2.521822929382324,7.526815414428711,0.7071066498756409,0.027096306905150414,0.02226215787231922,0.631496012210846,0.0070614563301205635,0.10837438423645321,0,0.5422191023826599,0.9993021632937893,1432,0.9999999403953552,1.0,0.6232274430604088,0.9944608567208272,118.10454559326172,1.0,0.5725352168083191,0.9992614475627769,0.5725352168083191,0.9992614475627769,0.027096306905150414,0.9981580972671509,1.0,0.9999999403953552
GCN,527,2456,5,1,2,-1.549895167350769,3.712895154953003,5.262790322303772,0.8660253286361694,0.046375006437301636,0.04397118091583252,0.5157883167266846,0.11059020459651947,0.3685107995452823,1,0.5380321145057678,0.9993021632937893,1432,0.9999999403953552,1.0,0.5167361915120201,0.9859675036927622,96.49057006835938,1.0,0.46795475482940674,0.9981536189069424,0.46795475482940674,0.9981536189069424,0.046375006437301636,0.9946064949035645,1.0,0.9999999403953552
GCN,527,2459,3,1,2,-4.7128095626831055,1.2055058479309082,5.918315410614014,0.8660253286361694,0.08521057665348053,-0.04124222695827484,0.5286405086517334,0.1871280074119568,0.6309208033345964,1,0.5401256084442139,0.9993021632937893,1432,0.9999999403953552,1.0,0.5308794805159364,0.9870753323485968,97.21488952636719,1.0,0.4734984040260315,0.9981536189069424,0.4734984040260315,0.9981536189069424,0.08521057665348053,0.9825562834739685,1.0,0.9999999403953552
GCN,527,2461,6,1,1,-3.183439254760742,1.0934066772460938,4.276845932006836,0.9486831426620483,0.08985865861177444,0.07910184562206268,0.4724964201450348,0.09851238876581192,0.3090185676392573,0,0.5387299060821533,0.9993021632937893,1432,0.9999999403953552,1.0,0.47313580736241134,0.9719350073855244,88.83682250976562,1.0,0.4293905198574066,0.9959379615952733,0.4293905198574066,0.9959379615952733,0.08985865861177444,0.9798290133476257,1.0,0.9999999403953552
GCN,527,2467,6,1,2,-0.8286858797073364,4.180522918701172,5.009208798408508,0.8660253286361694,0.05142149329185486,0.015456883236765862,0.5178577303886414,0.07019304484128952,0.21049640015157256,0,0.5366364121437073,0.9993021632937893,1432,0.9999999403953552,1.0,0.5168879099367204,0.9859675036927622,96.57238006591797,1.0,0.4665927588939667,0.9981536189069424,0.4665927588939667,0.9981536189069424,0.05142149329185486,0.9934065937995911,1.0,0.9999999403953552
GCN,527,2474,4,1,2,-5.231124401092529,2.1640918254852295,7.395216226577759,0.8660253286361694,0.07218801975250244,0.09913550317287445,0.5138363838195801,0.04874762147665024,0.14153088291019325,0,0.535938560962677,0.9993021632937893,1432,0.9999999403953552,1.0,0.5154676486278469,0.9844903988183161,96.34740447998047,1.0,0.46710583567619324,0.9981536189069424,0.46710583567619324,0.9981536189069424,0.07218801975250244,0.9868853092193604,1.0,0.9999999403953552
GCN,527,2479,6,1,1,-2.8924078941345215,1.7056550979614258,4.598062992095947,0.9486831426620483,0.09083700180053711,-0.023925039917230606,0.48234280943870544,0.17747989296913147,0.5987116331943918,1,0.5352407097816467,0.9993021632937893,1432,0.9999999403953552,1.0,0.48523835180099684,0.9763663220088626,89.84538269042969,1.0,0.4362950026988983,0.9963072378138847,0.4362950026988983,0.9963072378138847,0.09083700180053711,0.9801100492477417,1.0,0.9999999403953552
GCN,527,2483,4,1,2,-3.0465903282165527,4.023179054260254,7.069769382476807,0.8660253286361694,0.10451503098011017,0.0483243465423584,0.5235937833786011,0.1757357269525528,0.5962485790071997,1,0.5394277572631836,0.9993021632937893,1432,0.9999999403953552,1.0,0.5248217995525998,0.9863367799113737,97.02950286865234,1.0,0.47499802708625793,0.9981536189069424,0.47499802708625793,0.9981536189069424,0.10451502352952957,0.9731380939483643,1.0,0.9999999403953552
GCN,527,2489,3,1,1,-3.9728527069091797,3.942220687866211,7.915073394775391,0.9486831426620483,0.11761264503002167,0.06776507198810577,0.47832611203193665,0.1667979657649994,0.5666919287608942,1,0.5387299060821533,0.9993021632937893,1432,0.9999999403953552,1.0,0.48509570310632344,0.9763663220088626,88.57524108886719,1.0,0.4324524402618408,0.9959379615952733,0.4324524402618408,0.9959379615952733,0.11761264503002167,0.9659874439239502,1.0,0.9999999403953552
GCN,527,2490,4,1,2,-2.620220422744751,5.023125648498535,7.643346071243286,0.8660253286361694,0.045974187552928925,-0.009596600197255611,0.5185945630073547,0.0702473372220993,0.21049640015157256,0,0.5415212512016296,0.9993021632937893,1432,0.9999999403953552,1.0,0.5194704120551797,0.9863367799113737,96.93045806884766,1.0,0.4685746431350708,0.9981536189069424,0.4685746431350708,0.9981536189069424,0.04597418010234833,0.9947472810745239,1.0,0.9999999403953552
GCN,527,2496,4,1,1,-1.2463383674621582,4.110427379608154,5.3567657470703125,0.9486831426620483,0.0761379599571228,-0.04481701925396919,0.4807872176170349,0.192286878824234,0.6494884425918909,1,0.5373342633247375,0.9993021632937893,1432,0.9999999403953552,1.0,0.48471538827475674,0.9763663220088626,89.2975082397461,1.0,0.4326997697353363,0.9963072378138847,0.4326997697353363,0.9963072378138847,0.0761379599571228,0.9859976172447205,1.0,0.9999999403953552
GCN,527,2505,1,1,1,-2.6246304512023926,1.323984146118164,3.9486145973205566,0.9486831426620483,0.0778270959854126,0.011466192081570625,0.47662973403930664,0.16166135668754578,0.5507768093974991,1,0.5387299060821533,0.9993021632937893,1432,0.9999999403953552,1.0,0.4803651837634676,0.9759970457902511,88.56060791015625,1.0,0.42963707447052,0.9959379615952733,0.42963707447052,0.9959379615952733,0.077827088534832,0.9850781559944153,1.0,0.9999999403953552
GCN,527,2508,3,1,3,-3.9377551078796387,2.4127144813537598,6.350469589233398,0.8017836213111877,0.05790316313505173,0.089500293135643,0.5548718571662903,0.03701838105916977,0.10837438423645321,0,0.5401256084442139,0.9993021632937893,1432,0.9999999403953552,1.0,0.5534115474739689,0.990029542097489,104.23429107666016,1.0,0.5081713795661926,0.9985228951255539,0.5081713795661926,0.9985228951255539,0.05790315940976143,0.9915624856948853,1.0,1.0
GCN,527,2509,3,1,5,-5.480369567871094,0.9673960208892822,6.447765588760376,0.7071066498756409,0.02911454252898693,0.020035896450281143,0.6317036747932434,0.003974448889493942,0.10837438423645321,0,0.5380321145057678,0.9993021632937893,1432,1.0,1.0,0.6241167264405635,0.9948301329394387,117.9020004272461,1.0,0.5720930099487305,0.9992614475627769,0.5720930099487305,0.9992614475627769,0.02911454439163208,0.9978744387626648,1.0,1.0
GCN,527,2514,2,1,2,-3.4315309524536133,4.331348896026611,7.762879848480225,0.8660253286361694,0.05017181858420372,-0.028711527585983276,0.5202574133872986,0.13798503577709198,0.45054945054945056,1,0.5387299060821533,0.9993021632937893,1432,0.9999999403953552,1.0,0.5198208568176909,0.9863367799113737,96.84709930419922,1.0,0.47051146626472473,0.9981536189069424,0.47051146626472473,0.9981536189069424,0.05017181858420372,0.9937857985496521,1.0,0.9999999403953552
GCN,527,2523,2,1,2,-3.0149173736572266,3.165764331817627,6.1806817054748535,0.8660253286361694,0.05218149349093437,0.0017633549869060516,0.518765926361084,0.1309211552143097,0.4213717317165593,1,0.5401256084442139,0.9993021632937893,1432,0.9999999403953552,1.0,0.5191770220785623,0.9863367799113737,96.81305694580078,1.0,0.4726067781448364,0.9981536189069424,0.4726067781448364,0.9981536189069424,0.05218149349093437,0.9932318329811096,1.0,0.9999999403953552
GCN,527,2533,0,1,1,-2.646453857421875,5.043288707733154,7.689742565155029,0.9486831426620483,0.0822051614522934,-0.008248965255916119,0.4790741205215454,0.1881924271583557,0.6347101174687382,1,0.5387299060821533,0.9993021632937893,1432,0.9999999403953552,1.0,0.48500338678553917,0.9763663220088626,88.52425384521484,1.0,0.43234068155288696,0.9959379615952733,0.43234068155288696,0.9959379615952733,0.0822051614522934,0.9835074543952942,1.0,0.9999999403953552
GCN,527,2540,3,0,1,-6.473654747009277,-1.217289924621582,5.256364822387695,0.9486831426620483,0.13973881304264069,-0.006110120564699173,0.493836373090744,0.29894354939460754,0.8751420992800303,1,0.5422191023826599,0.9993021632937893,1432,0.9999999403953552,1.0,0.49886362760499975,0.9763663220088626,88.2978515625,1.0,0.43347564339637756,0.9963072378138847,0.43347564339637756,0.9963072378138847,0.13973881304264069,0.9544825553894043,1.0,0.9999999403953552
GCN,527,2543,3,1,3,-4.392411231994629,2.966872453689575,7.359283685684204,0.8017836213111877,0.03918425366282463,0.021323349326848984,0.5577557682991028,-0.02777770906686783,0.0,0,0.5401256084442139,0.9993021632937893,1432,0.9999999403953552,1.0,0.5554962441122568,0.9911373707533235,104.13493347167969,1.0,0.5048047304153442,0.9985228951255539,0.5048047304153442,0.9985228951255539,0.03918425366282463,0.9961556196212769,1.0,0.9999999403953552
GCN,527,2549,4,1,1,-3.8298909664154053,3.511986255645752,7.341877222061157,0.9486831426620483,0.07610095292329788,-0.03732497990131378,0.48019054532051086,0.17809388041496277,0.6023114816218265,1,0.5380321145057678,0.9993021632937893,1432,0.9999999403953552,1.0,0.4819289867177054,0.9763663220088626,89.14303588867188,1.0,0.4322618544101715,0.9959379615952733,0.4322618544101715,0.9959379615952733,0.07610095292329788,0.9859675765037537,1.0,0.9999999403953552
GCN,527,2552,3,1,1,-2.6592602729797363,3.743913173675537,6.403173446655273,0.9486831426620483,0.15586954355239868,0.0061407145112752914,0.4973694980144501,0.3294782042503357,0.9088669950738916,1,0.5429169535636902,0.9993021632937893,1432,0.9999999403953552,1.0,0.503883331723934,0.9844903988183161,89.71527099609375,1.0,0.43780162930488586,0.9966765140324964,0.43780162930488586,0.9966765140324964,0.15586954355239868,0.9438642263412476,1.0,0.9999999403953552
GCN,527,2557,2,1,1,-4.071819305419922,3.086012363433838,7.15783166885376,0.9486831426620483,0.08323174715042114,-0.014873694628477097,0.4798499643802643,0.19286054372787476,0.6515725653656688,1,0.5401256084442139,0.9993021632937893,1432,0.9999999403953552,1.0,0.48171599479825267,0.9763663220088626,88.48690795898438,1.0,0.4321956932544708,0.9959379615952733,0.4321956932544708,0.9959379615952733,0.08323174715042114,0.9831470847129822,1.0,0.9999999403953552
GCN,527,2561,2,1,1,-1.6310927867889404,5.327337741851807,6.958430528640747,0.9486831426620483,0.15477439761161804,0.024445341899991035,0.49416109919548035,0.305621862411499,0.8825312618416067,1,0.5401256084442139,0.9993021632937893,1432,0.9999999403953552,1.0,0.5007166792590995,0.9844903988183161,90.06119537353516,1.0,0.43690380454063416,0.9966765140324964,0.43690380454063416,0.9966765140324964,0.15477439761161804,0.9439635276794434,1.0,0.9999999403953552
GCN,527,2562,0,1,2,-0.6690164804458618,4.047857284545898,4.71687376499176,0.8660253286361694,0.08063244819641113,-0.055023882538080215,0.5287213921546936,0.13719597458839417,0.44808639636225844,1,0.5394277572631836,0.9993021632937893,1432,0.9999999403953552,1.0,0.5256695202129338,0.9863367799113737,97.46159362792969,1.0,0.47397616505622864,0.9981536189069424,0.47397616505622864,0.9981536189069424,0.08063244819641113,0.9844204187393188,1.0,0.9999999403953552
GCN,527,2566,3,1,2,-2.1077466011047363,4.8065876960754395,6.914334297180176,0.8660253286361694,0.06715395301580429,-0.016224201768636703,0.522404670715332,0.15140092372894287,0.5178097764304661,1,0.5394277572631836,0.9993021632937893,1432,0.9999999403953552,1.0,0.5214933473193789,0.9863367799113737,97.1395492553711,1.0,0.4717899262905121,0.9981536189069424,0.4717899262905121,0.9981536189069424,0.06715395301580429,0.9889252185821533,1.0,0.9999999403953552
GCN,527,2568,3,1,1,-4.64582633972168,2.8947932720184326,7.540619611740112,0.9486831426620483,0.07965358346700668,-0.02023039385676384,0.47956106066703796,0.19102737307548523,0.6451307313376279,1,0.535938560962677,0.9993021632937893,1432,0.9999999403953552,1.0,0.4837593041740114,0.9763663220088626,88.82951354980469,1.0,0.431018203496933,0.9959379615952733,0.431018203496933,0.9959379615952733,0.07965357601642609,0.9845602512359619,1.0,0.9999999403953552
GCN,527,2578,0,1,2,-1.589011549949646,4.573564529418945,6.162576079368591,0.8660253286361694,0.049117445945739746,0.09438039362430573,0.5131241679191589,0.02603238821029663,0.10837438423645321,0,0.5380321145057678,0.9993021632937893,1432,0.9999999403953552,1.0,0.5137691043169677,0.9844903988183161,96.56390380859375,1.0,0.46881431341171265,0.9981536189069424,0.46881431341171265,0.9981536189069424,0.049117445945739746,0.9939274787902832,1.0,0.9999999403953552
GCN,527,2582,3,1,3,-6.004170894622803,1.3120783567428589,7.316249251365662,0.8017836213111877,0.044431619346141815,-0.05793091654777527,0.5625906586647034,0.09186697006225586,0.26203107237589995,0,0.5394277572631836,0.9993021632937893,1432,0.9999999403953552,1.0,0.5597245567999849,0.992245199409158,104.20587158203125,1.0,0.5077563524246216,0.9985228951255539,0.5077563524246216,0.9985228951255539,0.044431619346141815,0.9951533079147339,1.0,0.9999999403953552
GCN,527,2586,5,1,1,-2.271359920501709,4.222353935241699,6.493713855743408,0.9486831426620483,0.12263746559619904,0.02615668997168541,0.4846240282058716,0.16948577761650085,0.5759757483895415,1,0.5387299060821533,0.9993021632937893,1432,0.9999999403953552,1.0,0.4898418663755276,0.9763663220088626,88.74391174316406,1.0,0.43435585498809814,0.9963072378138847,0.43435585498809814,0.9963072378138847,0.12263746559619904,0.9637922048568726,1.0,0.9999999403953552
GCN,527,2592,5,1,2,-3.1171936988830566,2.158285140991211,5.275478839874268,0.8660253286361694,0.05470056086778641,0.047305505722761154,0.516243040561676,0.06586304306983948,0.20670708601743085,0,0.5373342633247375,0.9993021632937893,1432,0.9999999403953552,1.0,0.5171049438231379,0.9859675036927622,97.26104736328125,1.0,0.4688212275505066,0.9981536189069424,0.4688212275505066,0.9981536189069424,0.05470056086778641,0.992503821849823,1.0,0.9999999403953552
GCN,527,2598,1,1,1,-1.2403388023376465,3.2420644760131836,4.48240327835083,0.9486831426620483,0.08357597142457962,0.0577673502266407,0.4736069440841675,0.10166410356760025,0.3283440697233801,1,0.5380321145057678,0.9993021632937893,1432,0.9999999403953552,1.0,0.47748613746852314,0.9745199409158051,89.13253021240234,1.0,0.43353956937789917,0.9963072378138847,0.43353956937789917,0.9963072378138847,0.08357596397399902,0.982606053352356,1.0,0.9999999403953552
GCN,527,2599,3,1,3,-3.540858745574951,3.148843288421631,6.689702033996582,0.8017836213111877,0.04320725053548813,0.01388352271169424,0.5585107803344727,0.09423808753490448,0.2737779461917393,0,0.5373342633247375,0.9993021632937893,1432,0.9999999403953552,1.0,0.5559347931236853,0.9911373707533235,104.30513000488281,1.0,0.5079715847969055,0.9985228951255539,0.5079715847969055,0.9985228951255539,0.04320725053548813,0.9953352212905884,1.0,0.9999999403953552
GCN,527,2603,3,1,1,-2.190906524658203,4.677855491638184,6.868762016296387,0.9486831426620483,0.07365676015615463,-0.012311000376939774,0.47776398062705994,0.11344505101442337,0.38044713906782873,1,0.535938560962677,0.9993021632937893,1432,0.9999999403953552,1.0,0.4775305437135588,0.9745199409158051,89.46711730957031,1.0,0.43505561351776123,0.9963072378138847,0.43505561351776123,0.9963072378138847,0.07365676015615463,0.9867089986801147,1.0,0.9999999403953552
GCN,527,2604,6,1,3,-0.890275239944458,2.9980034828186035,3.8882787227630615,0.8017836213111877,0.04394714534282684,-0.03958557918667793,0.5615008473396301,0.10959175229072571,0.367942402425161,1,0.5380321145057678,0.9993021632937893,1432,0.9999999403953552,1.0,0.5570663162900213,0.9918759231905465,104.6534652709961,1.0,0.5089186429977417,0.9985228951255539,0.5089186429977417,0.9985228951255539,0.04394714534282684,0.9952316284179688,1.0,0.9999999403953552
GCN,527,2614,2,1,5,-4.252326011657715,1.816970944404602,6.069296956062317,0.7071066498756409,0.04686826467514038,0.001284029334783554,0.63457190990448,0.10698557645082474,0.359037514209928,1,0.5401256084442139,0.9993021632937893,1432,0.9999999403953552,1.0,0.6256534736472241,0.9948301329394387,118.27359771728516,1.0,0.5747660994529724,0.9996307237813885,0.5747660994529724,0.9996307237813885,0.04686826094985008,0.9945300221443176,1.0,0.9999999403953552
GCN,527,2618,2,1,1,-1.4456663131713867,4.260528564453125,5.706194877624512,0.9486831426620483,0.16227637231349945,0.11553139984607697,0.4816596210002899,0.22249537706375122,0.7347480106100795,1,0.5415212512016296,0.9993021632937893,1432,0.9999999403953552,1.0,0.4871419355802645,0.9763663220088626,88.6844482421875,1.0,0.43491485714912415,0.9963072378138847,0.43491485714912415,0.9963072378138847,0.16227637231349945,0.935714840888977,1.0,0.9999999403953552
GCN,527,2631,4,1,1,-4.522876739501953,3.6115496158599854,8.134426355361938,0.9486831426620483,0.10608096420764923,0.05640863627195358,0.4773882329463959,0.14297981560230255,0.47120121258052294,1,0.535938560962677,0.9993021632937893,1432,0.9999999403953552,1.0,0.4818327391432867,0.9763663220088626,89.4146499633789,1.0,0.429694265127182,0.9959379615952733,0.429694265127182,0.9959379615952733,0.10608096420764923,0.9722707867622375,1.0,0.9999999403953552
GCN,527,2641,2,1,2,-2.97861647605896,3.075439214706421,6.054055690765381,0.8660253286361694,0.05231768637895584,-0.016916941851377487,0.5199037790298462,0.11229857802391052,0.3781735505873437,1,0.5345429182052612,0.9993021632937893,1432,0.9999999403953552,1.0,0.5189743786167379,0.9863367799113737,96.78460693359375,1.0,0.47104761004447937,0.9981536189069424,0.47104761004447937,0.9981536189069424,0.05231768637895584,0.9932281970977783,1.0,0.9999999403953552
GCN,527,2642,2,1,4,-5.048405647277832,3.1707711219787598,8.219176769256592,0.7499998807907104,0.03427194803953171,0.06175548583269119,0.5940192937850952,0.060190871357917786,0.19969685486926866,0,0.535938560962677,0.9993021632937893,1432,0.9999999403953552,1.0,0.5883216165216992,0.9940915805022157,111.36409759521484,1.0,0.5382795333862305,0.9988921713441654,0.5382795333862305,0.9988921713441654,0.034271951764822006,0.9970481395721436,1.0,0.9999999403953552
GCN,527,2646,4,1,1,-4.285862445831299,3.458632707595825,7.744495153427124,0.9486831426620483,0.0707089975476265,0.07651152461767197,0.4706595838069916,0.08398374915122986,0.22735884804850323,0,0.533845067024231,0.9993021632937893,1432,0.9999999403953552,1.0,0.4746500162690627,0.9726735598227474,88.4888916015625,1.0,0.4305347502231598,0.9959379615952733,0.4305347502231598,0.9959379615952733,0.0707089975476265,0.9874557256698608,1.0,0.9999999403953552
GCN,527,2647,4,1,3,-3.7228283882141113,3.44651198387146,7.169340372085571,0.8017836213111877,0.0396854393184185,0.0037540048360824585,0.5586647391319275,0.11012934148311615,0.3685107995452823,1,0.5317515730857849,0.9993021632937893,1432,0.9999999403953552,1.0,0.556886076768856,0.9918759231905465,104.1926498413086,1.0,0.506842851638794,0.9985228951255539,0.506842851638794,0.9985228951255539,0.0396854393184185,0.9960675239562988,1.0,0.9999999403953552
GCN,527,2653,0,1,2,-0.45042264461517334,4.540273189544678,4.990695834159851,0.8660253286361694,0.05294527858495712,0.05260501801967621,0.5157710909843445,0.06984816491603851,0.21030693444486548,0,0.5373342633247375,0.9993021632937893,1432,0.9999999403953552,1.0,0.5156836620831099,0.9844903988183161,96.78361511230469,1.0,0.47008633613586426,0.9981536189069424,0.47008633613586426,0.9981536189069424,0.05294527858495712,0.9929696321487427,1.0,0.9999999403953552
GCN,527,2658,2,1,1,-4.287084102630615,4.329289436340332,8.616373538970947,0.9486831426620483,0.07463280111551285,-0.007399781607091427,0.4775642454624176,0.18992508947849274,0.6369837059492232,1,0.5324493646621704,0.9993021632937893,1432,0.9999999403953552,1.0,0.4813676504516604,0.9763663220088626,88.59492492675781,1.0,0.4330926835536957,0.9963072378138847,0.4330926835536957,0.9963072378138847,0.07463280111551285,0.9863391518592834,1.0,0.9999999403953552
GCN,527,2668,3,1,5,-3.35054612159729,2.7037172317504883,6.054263353347778,0.7071066498756409,0.02500685304403305,0.01429789885878563,0.6316708326339722,-0.015239259228110313,0.0,0,0.5394277572631836,0.9993021632937893,1432,1.0,1.0,0.6227536124159496,0.9944608567208272,118.08882904052734,1.0,0.5723000168800354,0.9992614475627769,0.5723000168800354,0.9992614475627769,0.0250068549066782,0.9984318614006042,1.0,1.0
GCN,527,2669,3,1,1,-3.537172555923462,3.9852101802825928,7.522382736206055,0.9486831426620483,0.08908270299434662,0.0011974871158599854,0.4796275496482849,0.16638635098934174,0.563849943160288,1,0.5352407097816467,0.9993021632937893,1432,0.9999999403953552,1.0,0.48513285508316817,0.9763663220088626,88.77954864501953,1.0,0.43555811047554016,0.9963072378138847,0.43555811047554016,0.9963072378138847,0.08908270299434662,0.98064786195755,1.0,0.9999999403953552
GCN,527,2681,4,1,5,-2.2821061611175537,4.470043182373047,6.752149343490601,0.7071066498756409,0.04261180758476257,0.054474931210279465,0.6307797431945801,0.0492059551179409,0.15270935960591134,0,0.5394277572631836,0.9993021632937893,1432,0.9999999403953552,1.0,0.6233169783352264,0.9944608567208272,118.19593811035156,1.0,0.5716750621795654,0.9992614475627769,0.5716750621795654,0.9992614475627769,0.042611800134181976,0.9954395890235901,1.0,1.0
GCN,527,2685,2,1,4,-5.582395553588867,1.9510384798049927,7.53343403339386,0.7499998807907104,0.05934588238596916,-0.005754448939114809,0.6007766723632812,0.0702146664261818,0.21049640015157256,0,0.5387299060821533,0.9993021632937893,1432,0.9999999403953552,1.0,0.5945745565153816,0.9944608567208272,111.54383087158203,1.0,0.5433447360992432,0.9988921713441654,0.5433447360992432,0.9988921713441654,0.059345878660678864,0.9912886619567871,1.0,0.9999999403953552
GCN,527,2686,3,1,2,-4.966327667236328,2.432338237762451,7.398665904998779,0.8660253286361694,0.09780437499284744,0.020896844565868378,0.5252797603607178,0.17019549012184143,0.5765441455096627,1,0.5408234596252441,0.9993021632937893,1432,0.9999999403953552,1.0,0.5275330097934514,0.9870753323485968,97.66681671142578,1.0,0.4778715968132019,0.9981536189069424,0.4778715968132019,0.9981536189069424,0.09780437499284744,0.9766245484352112,1.0,0.9999999403953552
GCN,527,2689,2,1,2,-3.5420093536376953,3.6530275344848633,7.195036888122559,0.8660253286361694,0.08940719068050385,-0.013897482305765152,0.5270048379898071,0.1779562383890152,0.6023114816218265,1,0.5387299060821533,0.9993021632937893,1432,0.9999999403953552,1.0,0.5292507306356526,0.9870753323485968,97.09930419921875,1.0,0.4748687148094177,0.9981536189069424,0.4748687148094177,0.9981536189069424,0.08940719068050385,0.980628252029419,1.0,0.9999999403953552
GCN,527,2690,6,1,1,-0.2933002710342407,4.025979518890381,4.319279789924622,0.9486831426620483,0.15704141557216644,-0.03165356442332268,0.5036500096321106,0.34392786026000977,0.9225085259568018,1,0.5394277572631836,0.9993021632937893,1432,0.9999999403953552,1.0,0.5025628390805026,0.9844903988183161,88.8582992553711,1.0,0.43540051579475403,0.9963072378138847,0.43540051579475403,0.9963072378138847,0.15704141557216644,0.9445010423660278,1.0,0.9999999403953552
GCN,527,2699,3,1,1,-2.6807570457458496,4.35732364654541,7.03808069229126,0.9486831426620483,0.08612877875566483,0.020576300099492073,0.47730034589767456,0.1491832137107849,0.5049261083743842,1,0.533845067024231,0.9993021632937893,1432,0.9999999403953552,1.0,0.4832237313270443,0.9763663220088626,89.9895248413086,1.0,0.4342869520187378,0.9963072378138847,0.4342869520187378,0.9963072378138847,0.08612877875566483,0.9817510843276978,1.0,0.9999999403953552
GCN,527,2700,3,1,1,-2.0487020015716553,4.711864471435547,6.760566473007202,0.9486831426620483,0.08699715882539749,0.05813881382346153,0.47405049204826355,0.11736200749874115,0.3904888215233043,1,0.5373342633247375,0.9993021632937893,1432,0.9999999403953552,1.0,0.47827970956269533,0.9756277695716395,88.59532928466797,1.0,0.43235522508621216,0.9959379615952733,0.43235522508621216,0.9959379615952733,0.08699715882539749,0.9811754822731018,1.0,0.9999999403953552
GCN,527,2702,0,1,2,0.07569432258605957,5.203715801239014,5.128021478652954,0.8660253286361694,0.05912607163190842,-0.055784523487091064,0.5236256718635559,0.12721778452396393,0.41114058355437666,1,0.5401256084442139,0.9993021632937893,1432,0.9999999403953552,1.0,0.5237723176430206,0.9863367799113737,97.00370788574219,1.0,0.47110089659690857,0.9981536189069424,0.47110089659690857,0.9981536189069424,0.05912607163190842,0.9914901256561279,1.0,0.9999999403953552
GCN,527,2707,3,1,4,-4.7857513427734375,1.446547031402588,6.232298374176025,0.7499998807907104,0.03268706426024437,-0.02734464406967163,0.5978689789772034,0.05718445032835007,0.19458128078817735,0,0.5394277572631836,0.9993021632937893,1432,0.9999999403953552,1.0,0.5922664126758397,0.9944608567208272,111.4488296508789,1.0,0.5414301753044128,0.9988921713441654,0.5414301753044128,0.9988921713441654,0.03268706426024437,0.9973413944244385,1.0,0.9999999403953552
GCN,320,1370,6,1,8,-1.6179767847061157,2.7827186584472656,4.400695443153381,0.6123723983764648,0.021423548460006714,0.03323271870613098,0.7285075783729553,0.01823159120976925,0.10837438423645321,0,0.5415212512016296,0.9993021632937893,1432,0.9999999403953552,1.0,0.7118698545944835,1.0,136.46820068359375,1.0,0.6604446172714233,1.0,0.6604446172714233,1.0,0.021423548460006714,0.9988475441932678,1.0,0.9999999403953552
GCN,320,1376,0,1,3,2.4235355854034424,7.272922515869141,4.849386930465698,0.8017836213111877,0.0350797064602375,0.017590340226888657,0.5576026439666748,0.012187981978058815,0.10837438423645321,0,0.5408234596252441,0.9993021632937893,1432,0.9999999403953552,1.0,0.5532423724628235,0.990029542097489,104.36863708496094,1.0,0.5072333812713623,0.9985228951255539,0.5072333812713623,0.9985228951255539,0.0350797064602375,0.9969178438186646,1.0,0.9999999403953552
GCN,320,1378,2,1,3,-4.021307945251465,3.5706663131713867,7.591974258422852,0.8017836213111877,0.052128564566373825,0.011453161016106606,0.5596975088119507,0.041749585419893265,0.10989010989010989,0,0.5380321145057678,0.9993021632937893,1432,0.9999999403953552,1.0,0.5568485072606156,0.9918759231905465,104.60338592529297,1.0,0.5074166059494019,0.9985228951255539,0.5074166059494019,0.9985228951255539,0.052128564566373825,0.9932310581207275,1.0,0.9999999403953552
GCN,320,1392,3,1,3,-1.9891384840011597,5.7837910652160645,7.772929549217224,0.8017836213111877,0.035835810005664825,5.23589551448822e-05,0.5584427714347839,0.0337764173746109,0.10837438423645321,0,0.5380321145057678,0.9993021632937893,1432,0.9999999403953552,1.0000001192092896,0.5556851669621234,0.9911373707533235,104.32032012939453,1.0,0.5072987079620361,0.9985228951255539,0.5072987079620361,0.9985228951255539,0.035835810005664825,0.9967920780181885,1.0000001192092896,0.9999999403953552
GCN,320,1393,3,1,1,-1.9308574199676514,6.185307025909424,8.116164445877075,0.9486831426620483,0.08223089575767517,0.055397722870111465,0.4736306965351105,0.10216490924358368,0.3311860553239864,1,0.5345429182052612,0.9993021632937893,1432,0.9999999403953552,1.0,0.479457488814795,0.9759970457902511,87.66908264160156,1.0,0.4305541515350342,0.9959379615952733,0.4305541515350342,0.9959379615952733,0.08223089575767517,0.9831634163856506,1.0,0.9999999403953552
GCN,320,1400,3,1,2,-6.488162517547607,1.7309787273406982,8.219141244888306,0.8660253286361694,0.058645207434892654,-0.004828695207834244,0.5201151371002197,0.1262611597776413,0.41114058355437666,1,0.5345429182052612,0.9993021632937893,1432,0.9999999403953552,1.0,0.5218765841248734,0.9863367799113737,96.42379760742188,1.0,0.4679931700229645,0.9981536189069424,0.4679931700229645,0.9981536189069424,0.05864521116018295,0.9914883375167847,1.0,0.9999999403953552
GCN,320,1416,0,1,18,3.400838613510132,8.858865737915039,5.458027124404907,0.4522669315338135,0.013079440221190453,0.012114245444536209,0.986914873123169,-0.006460392847657204,0.0,0,0.5422191023826599,0.9993021632937893,1432,1.0,1.0,0.964752285595055,1.0,184.761474609375,1.0,0.8941705226898193,1.0,0.8941705226898193,1.0,0.013079439289867878,0.9995705485343933,1.0,1.0
GCN,320,1422,4,1,1,-4.1125359535217285,4.267065525054932,8.37960147857666,0.9486831426620483,0.0850110873579979,0.04481550306081772,0.47495490312576294,0.12680275738239288,0.41114058355437666,1,0.535938560962677,0.9993021632937893,1432,0.9999999403953552,1.0,0.47798957714484525,0.9756277695716395,89.03087615966797,1.0,0.4279019832611084,0.9948301329394387,0.4279019832611084,0.9948301329394387,0.0850110873579979,0.9820769429206848,1.0,0.9999999403953552
GCN,320,1423,3,1,2,-0.021874427795410156,6.9788360595703125,7.000710487365723,0.8660253286361694,0.046310484409332275,-0.07344517856836319,0.5220198631286621,0.14593783020973206,0.4850322091701402,1,0.5401256084442139,0.9993021632937893,1432,0.9999999403953552,1.0,0.5224209779093042,0.9863367799113737,97.69971466064453,1.0,0.47387734055519104,0.9981536189069424,0.47387734055519104,0.9981536189069424,0.046310488134622574,0.9947679042816162,1.0,0.9999999403953552
GCN,320,1425,4,1,2,-2.9220447540283203,5.02708625793457,7.949131011962891,0.8660253286361694,0.04911937192082405,0.028512608259916306,0.5168628096580505,0.06087041273713112,0.2019704433497537,0,0.5380321145057678,0.9993021632937893,1432,0.9999999403953552,1.0,0.5175695742494593,0.9859675036927622,96.70828247070312,1.0,0.46864044666290283,0.9981536189069424,0.46864044666290283,0.9981536189069424,0.04911936819553375,0.9939656853675842,1.0,0.9999999403953552
GCN,320,1429,4,1,3,-2.895735502243042,4.356316089630127,7.252051591873169,0.8017836213111877,0.04172129929065704,0.040865689516067505,0.5569592118263245,0.10285365581512451,0.3378173550587344,1,0.5401256084442139,0.9993021632937893,1432,0.9999999403953552,1.0,0.552877939943056,0.990029542097489,104.3860092163086,1.0,0.507070004940033,0.9985228951255539,0.507070004940033,0.9985228951255539,0.04172130301594734,0.9956333637237549,1.0,0.9999999403953552
GCN,320,1434,3,1,2,-4.331060409545898,3.7727303504943848,8.103790760040283,0.8660253286361694,0.0720544308423996,0.05661836266517639,0.5173625946044922,0.09556590020656586,0.2847669571807503,0,0.533845067024231,0.9993021632937893,1432,0.9999999403953552,1.0,0.5191333939599097,0.9863367799113737,96.60514068603516,1.0,0.47057273983955383,0.9981536189069424,0.47057273983955383,0.9981536189069424,0.0720544308423996,0.9870260953903198,1.0,0.9999999403953552
GCN,320,1436,5,1,1,-3.6201043128967285,5.460467338562012,9.08057165145874,0.9486831426620483,0.08288966119289398,-0.009059861302375793,0.479280561208725,0.1641293466091156,0.5625236832133383,1,0.5394277572631836,0.9993021632937893,1432,0.9999999403953552,1.0,0.4830704317945816,0.9763663220088626,88.57080078125,1.0,0.43430477380752563,0.9963072378138847,0.43430477380752563,0.9963072378138847,0.08288965374231339,0.9832441806793213,1.0,0.9999999403953552
GCN,320,1437,4,1,1,-1.0764315128326416,6.7031450271606445,7.779576539993286,0.9486831426620483,0.07450384646654129,-0.0342063382267952,0.4796103835105896,0.17032445967197418,0.5814702538840469,1,0.5380321145057678,0.9993021632937893,1432,0.9999999403953552,1.0,0.48308910915110603,0.9763663220088626,89.48664855957031,1.0,0.4340274930000305,0.9963072378138847,0.4340274930000305,0.9963072378138847,0.07450384646654129,0.9865185618400574,1.0,0.9999999403953552
GCN,320,1441,5,1,23,-3.4902429580688477,1.501884937286377,4.992127895355225,0.40824824571609497,0.016554510220885277,0.07016832381486893,1.0911506414413452,0.054578326642513275,0.18927624100037893,0,0.5394277572631836,0.9993021632937893,1432,1.0,1.0,1.066428048047306,1.0,204.28854370117188,1.0,0.9883202314376831,1.0,0.9883202314376831,1.0,0.01655450463294983,0.9993126392364502,1.0,1.0
GCN,320,1442,3,1,2,-3.4325644969940186,4.407575607299805,7.840140104293823,0.8660253286361694,0.056303102523088455,-0.014128429815173149,0.5203561782836914,0.12594729661941528,0.40867752936718454,1,0.5352407097816467,0.9993021632937893,1432,0.9999999403953552,1.0,0.518531439595914,0.9859675036927622,96.93212127685547,1.0,0.46981221437454224,0.9981536189069424,0.46981221437454224,0.9981536189069424,0.05630309507250786,0.9921659231185913,1.0,0.9999999403953552
GCN,320,1444,2,1,4,-2.6096694469451904,3.822498321533203,6.4321677684783936,0.7499998807907104,0.03330957144498825,0.026912640780210495,0.5955496430397034,0.0069334851577878,0.10837438423645321,0,0.5429169535636902,0.9993021632937893,1432,0.9999999403953552,1.0,0.5909811510317282,0.9944608567208272,111.2747802734375,1.0,0.5391777157783508,0.9988921713441654,0.5391777157783508,0.9988921713441654,0.03330957144498825,0.9972174167633057,1.0,0.9999999403953552
GCN,320,1448,1,1,5,-2.3303990364074707,3.0706779956817627,5.401077032089233,0.7071066498756409,0.02160467952489853,0.00856960378587246,0.63166344165802,0.010776333510875702,0.10837438423645321,0,0.5422191023826599,0.9993021632937893,1432,1.0,1.0,0.624185627618336,0.9948301329394387,118.13449096679688,1.0,0.5733354091644287,0.9996307237813885,0.5733354091644287,0.9996307237813885,0.02160467952489853,0.9988296031951904,1.0,1.0
GCN,320,1450,3,1,3,-4.316164016723633,3.0857136249542236,7.4018776416778564,0.8017836213111877,0.04063565284013748,0.00577096501365304,0.5586646795272827,0.054014310240745544,0.18321333838575218,0,0.5394277572631836,0.9993021632937893,1432,0.9999999403953552,1.0,0.5547093937811005,0.9911373707533235,104.49421691894531,1.0,0.5067223906517029,0.9985228951255539,0.5067223906517029,0.9985228951255539,0.04063565284013748,0.9958766102790833,1.0,0.9999999403953552
GCN,320,1452,4,1,3,-3.0692625045776367,4.184675693511963,7.2539381980896,0.8017836213111877,0.039163362234830856,0.015552502125501633,0.5580353140830994,0.08211812376976013,0.22300113679424025,0,0.5394277572631836,0.9993021632937893,1432,1.0,1.0,0.5553439111364298,0.9911373707533235,104.32759857177734,1.0,0.507247805595398,0.9985228951255539,0.507247805595398,0.9985228951255539,0.039163362234830856,0.9961627721786499,1.0,0.9999999403953552
GCN,320,1457,3,1,3,-4.858494758605957,3.431919574737549,8.290414333343506,0.8017836213111877,0.044011928141117096,-0.04679902270436287,0.5619043111801147,0.11214806884527206,0.3781735505873437,1,0.5366364121437073,0.9993021632937893,1432,0.9999999403953552,1.0,0.5578463162128141,0.9918759231905465,104.24394989013672,1.0,0.5076107978820801,0.9985228951255539,0.5076107978820801,0.9985228951255539,0.044011928141117096,0.9952273964881897,1.0,0.9999999403953552
GCN,320,1476,6,1,2,-2.5388779640197754,2.7319438457489014,5.270821809768677,0.8660253286361694,0.0553131178021431,-0.01422436535358429,0.5202046632766724,0.14741453528404236,0.4971580143993937,1,0.5380321145057678,0.9993021632937893,1432,0.9999999403953552,1.0,0.5162761507038195,0.9844903988183161,96.71652221679688,1.0,0.4710078835487366,0.9981536189069424,0.4710078835487366,0.9981536189069424,0.0553131140768528,0.9924355745315552,1.0,0.9999999403953552
GCN,320,1486,2,1,3,-3.7269482612609863,4.2855000495910645,8.01244831085205,0.8017836213111877,0.03606593608856201,-0.014760048128664494,0.559129536151886,0.0865844339132309,0.23133762788935203,0,0.5401256084442139,0.9993021632937893,1432,0.9999999403953552,1.0,0.5559661526771827,0.9911373707533235,104.54444885253906,1.0,0.5075204968452454,0.9985228951255539,0.5075204968452454,0.9985228951255539,0.03606593608856201,0.996759295463562,1.0,0.9999999403953552
GCN,320,1487,6,1,4,-1.1169389486312866,3.3666210174560547,4.483559966087341,0.7499998807907104,0.027274535968899727,-0.0018696747720241547,0.5962657928466797,0.03667611628770828,0.10837438423645321,0,0.5394277572631836,0.9993021632937893,1432,0.9999999403953552,1.0,0.58810818724159,0.9940915805022157,111.36180114746094,1.0,0.5405558943748474,0.9988921713441654,0.5405558943748474,0.9988921713441654,0.02727453038096428,0.9981383085250854,1.0,0.9999999403953552
GCN,320,1493,4,1,1,-0.9434131383895874,6.693888187408447,7.637301325798035,0.9486831426620483,0.07283671945333481,-0.0318070687353611,0.47908592224121094,0.1881198287010193,0.6347101174687382,1,0.5422191023826599,0.9993021632937893,1432,0.9999999403953552,1.0,0.4834751106875935,0.9763663220088626,89.01087951660156,1.0,0.4333515763282776,0.9963072378138847,0.4333515763282776,0.9963072378138847,0.07283671200275421,0.9870885610580444,1.0,0.9999999403953552
GCN,320,1499,2,1,4,-3.3044142723083496,3.148237466812134,6.452651739120483,0.7499998807907104,0.032199643552303314,0.03434856981039047,0.5951617956161499,0.03260093927383423,0.10837438423645321,0,0.5408234596252441,0.9993021632937893,1432,0.9999999403953552,1.0,0.5902003795394402,0.9944608567208272,111.32960510253906,1.0,0.5402122735977173,0.9988921713441654,0.5402122735977173,0.9988921713441654,0.032199643552303314,0.9973978400230408,1.0,0.9999999403953552
GCN,320,1501,6,1,7,-1.4939002990722656,3.02834153175354,4.522241830825806,0.6396021246910095,0.021951092407107353,0.04598274827003479,0.6970676779747009,0.07548845559358597,0.2156119742326639,0,0.5408234596252441,0.9993021632937893,1432,0.9999999403953552,1.0,0.6836198638287824,0.9996307237813885,130.10568237304688,1.0,0.6311327815055847,1.0,0.6311327815055847,1.0,0.021951094269752502,0.9987897872924805,1.0,0.9999999403953552
GCN,320,1506,2,1,2,-2.300996780395508,3.4727210998535156,5.773717880249023,0.8660253286361694,0.05089077353477478,0.06248512119054794,0.5150393843650818,0.055026762187480927,0.18927624100037893,0,0.5415212512016296,0.9993021632937893,1432,0.9999999403953552,1.0,0.5132293535586678,0.9844903988183161,96.42330169677734,1.0,0.46845656633377075,0.9981536189069424,0.46845656633377075,0.9981536189069424,0.05089077353477478,0.9934953451156616,1.0,0.9999999403953552
GCN,320,1507,0,1,6,-1.398808240890503,3.2328083515167236,4.631616592407227,0.6708203554153442,0.028268294408917427,-0.035373371094465256,0.6681474447250366,0.13871970772743225,0.45149677908298597,1,0.5401256084442139,0.9993021632937893,1432,0.9999999403953552,1.0,0.6564890789320602,0.9955686853766618,124.44007110595703,1.0,0.6042041182518005,0.9996307237813885,0.6042041182518005,0.9996307237813885,0.02826828695833683,0.998011589050293,1.0,0.9999999403953552
GCN,320,1523,0,1,2,-0.04923593997955322,5.150269508361816,5.19950544834137,0.8660253286361694,0.05808721482753754,-0.03917911276221275,0.5223069190979004,0.18353056907653809,0.6201212580522926,1,0.535938560962677,0.9993021632937893,1432,0.9999999403953552,1.0,0.5203321779671223,0.9863367799113737,97.06806182861328,1.0,0.47298330068588257,0.9981536189069424,0.47298330068588257,0.9981536189069424,0.05808720737695694,0.9917329549789429,1.0,0.9999999403953552
GCN,320,1541,3,1,1,-5.0266876220703125,3.6814119815826416,8.708099603652954,0.9486831426620483,0.09069238603115082,0.02259621024131775,0.4779512584209442,0.18582655489444733,0.6218264494126563,1,0.5345429182052612,0.9993021632937893,1432,0.9999999403953552,1.0,0.4779143623666772,0.9756277695716395,88.88939666748047,1.0,0.4283407926559448,0.9948301329394387,0.4283407926559448,0.9948301329394387,0.09069238603115082,0.9798029661178589,1.0,0.9999999403953552
GCN,320,1546,2,1,5,-5.615263938903809,1.8692117929458618,7.48447573184967,0.7071066498756409,0.025761853903532028,-0.009475968778133392,0.6325810551643372,0.06820708513259888,0.20954907161803712,0,0.5436148047447205,0.9993021632937893,1432,1.0,1.0,0.6247748207712064,0.9948301329394387,118.1048583984375,1.0,0.5731592774391174,0.9992614475627769,0.5731592774391174,0.9992614475627769,0.025761857628822327,0.9983402490615845,1.0,1.0
GCN,320,1554,3,0,4,-7.923452377319336,-1.1664049625396729,6.757047414779663,0.7499998807907104,0.057508327066898346,0.017212051898241043,0.5986970663070679,0.0765460729598999,0.21674876847290642,0,0.5380321145057678,0.9993021632937893,1432,0.9999999403953552,1.0,0.594510194102314,0.9944608567208272,111.60028076171875,1.0,0.5429750680923462,0.9988921713441654,0.5429750680923462,0.9988921713441654,0.05750831589102745,0.9917670488357544,1.0,0.9999999403953552
GCN,320,1561,1,1,2,-1.6423842906951904,4.4751877784729,6.117572069168091,0.8660253286361694,0.04245861992239952,-0.007766736671328545,0.5180667638778687,0.11163505166769028,0.3721106479727169,1,0.5436148047447205,0.9993021632937893,1432,0.9999999403953552,1.0,0.5175631538960961,0.9859675036927622,96.60673522949219,1.0,0.46847206354141235,0.9981536189069424,0.46847206354141235,0.9981536189069424,0.04245861619710922,0.9955122470855713,1.0,0.9999999403953552
GCN,320,1565,2,1,2,-4.2279953956604,1.980973482131958,6.208968877792358,0.8660253286361694,0.12177783250808716,0.009252896532416344,0.5329437851905823,0.2457667589187622,0.7896930655551345,1,0.5436148047447205,0.9993021632937893,1432,0.9999999403953552,1.0,0.5351647703508828,0.9889217134416544,96.74103546142578,1.0,0.4729742705821991,0.9981536189069424,0.4729742705821991,0.9981536189069424,0.12177781760692596,0.9645670652389526,1.0,0.9999999403953552
GCN,320,1567,3,1,4,-5.926307678222656,0.9455573558807373,6.8718650341033936,0.7499998807907104,0.048893678933382034,-0.023608673363924026,0.6001759767532349,0.13524556159973145,0.43444486547934824,1,0.5422191023826599,0.9993021632937893,1432,0.9999999403953552,1.0,0.595999472025823,0.9944608567208272,111.64672088623047,1.0,0.5428128838539124,0.9988921713441654,0.5428128838539124,0.9988921713441654,0.048893675208091736,0.994086503982544,1.0,0.9999999403953552
GCN,320,1568,2,1,4,-3.0794248580932617,4.948722839355469,8.02814769744873,0.7499998807907104,0.026322316378355026,0.014225916936993599,0.5956231951713562,0.04460470378398895,0.11708980674497915,0,0.5415212512016296,0.9993021632937893,1432,0.9999999403953552,1.0,0.5899618422162785,0.9944608567208272,111.51351928710938,1.0,0.540527880191803,0.9988921713441654,0.540527880191803,0.9988921713441654,0.026322316378355026,0.998262882232666,1.0,0.9999999403953552
GCN,320,1583,0,1,10,-0.5365778207778931,4.43928337097168,4.975861191749573,0.5669466257095337,0.015888851135969162,0.017830656841397285,0.7872262597084045,0.04197123274207115,0.10989010989010989,0,0.5408234596252441,0.9993021632937893,1432,1.0,1.0,0.7707400050670568,1.0,147.0407257080078,1.0,0.7122883796691895,1.0,0.7122883796691895,1.0,0.01588885486125946,0.9993662238121033,1.0,1.0
GCN,320,1589,2,1,3,-4.162837982177734,4.173439979553223,8.336277961730957,0.8017836213111877,0.03290301933884621,0.018083635717630386,0.5574236512184143,0.02694842964410782,0.10837438423645321,0,0.5366364121437073,0.9993021632937893,1432,0.9999999403953552,1.0,0.554042763829164,0.990029542097489,104.2444839477539,1.0,0.5048723220825195,0.9985228951255539,0.5048723220825195,0.9985228951255539,0.032903023064136505,0.9972872734069824,1.0,0.9999999403953552
GCN,320,1591,3,1,1,-5.9792375564575195,2.8981587886810303,8.87739634513855,0.9486831426620483,0.07737024128437042,-0.02717202715575695,0.4796532988548279,0.18559694290161133,0.6218264494126563,1,0.5352407097816467,0.9993021632937893,1432,0.9999999403953552,1.0,0.4821595316481068,0.9763663220088626,88.6673583984375,1.0,0.4286005198955536,0.9951994091580503,0.4286005198955536,0.9951994091580503,0.07737024128437042,0.9854496717453003,1.0,0.9999999403953552
GCN,320,1597,3,1,2,-3.068450689315796,5.663287162780762,8.731737852096558,0.8660253286361694,0.07410874962806702,0.03661014884710312,0.5193175673484802,0.07640793919563293,0.21580143993937098,0,0.5394277572631836,0.9993021632937893,1432,0.9999999403953552,1.0,0.5192667639243536,0.9863367799113737,96.52583312988281,1.0,0.4715527594089508,0.9981536189069424,0.4715527594089508,0.9981536189069424,0.07410874962806702,0.9863487482070923,1.0,0.9999999403953552
GCN,320,1600,3,1,1,-3.907952070236206,5.422069549560547,9.330021619796753,0.9486831426620483,0.08537032455205917,0.02113897167146206,0.4771152138710022,0.16112558543682098,0.5490716180371353,1,0.5345429182052612,0.9993021632937893,1432,0.9999999403953552,1.0,0.4797063065858838,0.9759970457902511,88.6045150756836,1.0,0.43373221158981323,0.9963072378138847,0.43373221158981323,0.9963072378138847,0.08537031710147858,0.9820603728294373,1.0,0.9999999403953552
GCN,320,1602,0,1,10,3.88847017288208,8.793447494506836,4.904977321624756,0.5669466257095337,0.018756752833724022,0.10464770346879959,0.7844552993774414,-0.0401708148419857,0.0,0,0.5401256084442139,0.9993021632937893,1432,1.0,1.0,0.7690338618632415,1.0,147.26768493652344,1.0,0.7131442427635193,1.0,0.7131442427635193,1.0,0.018756752833724022,0.9991199970245361,1.0,1.0
GCN,320,1605,3,1,3,-3.8248512744903564,3.9947357177734375,7.819586992263794,0.8017836213111877,0.034807637333869934,0.02173570543527603,0.5574023723602295,0.048309944570064545,0.14153088291019325,0,0.5380321145057678,0.9993021632937893,1432,0.9999999403953552,1.0,0.554064037624233,0.990029542097489,104.15568542480469,1.0,0.5063263177871704,0.9985228951255539,0.5063263177871704,0.9985228951255539,0.034807633608579636,0.9969638586044312,1.0,1.0
GCN,320,1611,3,1,2,-3.4763379096984863,4.036553382873535,7.5128912925720215,0.8660253286361694,0.08774266391992569,0.06426499783992767,0.5187975764274597,0.10342726111412048,0.3421750663129973,1,0.5408234596252441,0.9993021632937893,1432,0.9999999403953552,1.0,0.5196804606774683,0.9863367799113737,96.57582092285156,1.0,0.46818026900291443,0.9981536189069424,0.46818026900291443,0.9981536189069424,0.08774266391992569,0.980825662612915,1.0,0.9999999403953552
GCN,320,1628,0,1,17,4.441098690032959,9.297211647033691,4.856112957000732,0.462909996509552,0.013872209005057812,0.026789067313075066,0.9638152122497559,0.014008218422532082,0.10837438423645321,0,0.5415212512016296,0.9993021632937893,1432,0.9999999403953552,1.0,0.9425884753724869,1.0,180.6741943359375,1.0,0.8749533891677856,1.0,0.8749533891677856,1.0,0.013872208073735237,0.9995168447494507,1.0,0.9999999403953552
GCN,320,1629,2,1,3,-3.1674089431762695,5.181090354919434,8.348499298095703,0.8017836213111877,0.040660664439201355,0.04146824777126312,0.5568606853485107,0.017250245437026024,0.10837438423645321,0,0.5394277572631836,0.9993021632937893,1432,1.0,1.0,0.5545079921339077,0.990029542097489,103.9434585571289,1.0,0.505659818649292,0.9985228951255539,0.505659818649292,0.9985228951255539,0.040660660713911057,0.9958516955375671,1.0,1.0
GCN,320,1632,2,1,3,-4.267599105834961,3.6385416984558105,7.9061408042907715,0.8017836213111877,0.0515323206782341,0.045688338577747345,0.5574270486831665,0.09098722040653229,0.25142099280030317,0,0.5394277572631836,0.9993021632937893,1432,0.9999999403953552,1.0,0.5554003902815813,0.9911373707533235,104.33602905273438,1.0,0.5049740672111511,0.9985228951255539,0.5049740672111511,0.9985228951255539,0.0515323169529438,0.9933444857597351,1.0,0.9999999403953552
GCN,320,1637,0,1,2,-1.4370219707489014,3.7158915996551514,5.152913570404053,0.8660253286361694,0.07311322540044785,0.05673379451036453,0.5174820423126221,0.13085511326789856,0.4213717317165593,1,0.5415212512016296,0.9993021632937893,1432,0.9999999403953552,1.0,0.5190641842056317,0.9863367799113737,96.84742736816406,1.0,0.47140008211135864,0.9981536189069424,0.47140008211135864,0.9981536189069424,0.07311322540044785,0.9866456985473633,1.0,0.9999999403953552
GCN,320,1644,0,1,2,0.737632155418396,6.148672103881836,5.41103994846344,0.8660253286361694,0.042852409183979034,-0.04766790196299553,0.5200737118721008,0.1284971535205841,0.4160666919287609,1,0.5415212512016296,0.9993021632937893,1432,0.9999999403953552,1.0,0.5201876229851287,0.9863367799113737,96.84256744384766,1.0,0.4719003736972809,0.9981536189069424,0.4719003736972809,0.9981536189069424,0.042852409183979034,0.9954738616943359,1.0,0.9999999403953552
GCN,320,1645,3,1,4,-1.7964365482330322,3.2585062980651855,5.054942846298218,0.7499998807907104,0.03293371945619583,-0.016022153198719025,0.5974069237709045,0.0023471484892070293,0.10837438423645321,0,0.5408234596252441,0.9993021632937893,1432,0.9999999403953552,1.0,0.5901085720139112,0.9944608567208272,111.34540557861328,1.0,0.5395077466964722,0.9988921713441654,0.5395077466964722,0.9988921713441654,0.03293371573090553,0.9972956776618958,1.0,0.9999999403953552
GCN,320,1653,4,1,5,-4.146017074584961,2.670712471008301,6.816729545593262,0.7071066498756409,0.027107516303658485,0.026379644870758057,0.6313387751579285,0.01015995442867279,0.10837438423645321,0,0.5387299060821533,0.9993021632937893,1432,1.0,1.0,0.6237449203544294,0.9948301329394387,117.95781707763672,1.0,0.5724332928657532,0.9992614475627769,0.5724332928657532,0.9992614475627769,0.027107520028948784,0.9981560707092285,1.0,1.0
GCN,320,1661,5,1,4,-0.021323442459106445,4.686457633972168,4.707781076431274,0.7499998807907104,0.024772167205810547,0.03840753436088562,0.5947357416152954,0.03098500333726406,0.10837438423645321,0,0.5387299060821533,0.9993021632937893,1432,0.9999999403953552,1.0,0.5889758362500901,0.9944608567208272,111.25933837890625,1.0,0.5398458242416382,0.9988921713441654,0.5398458242416382,0.9988921713441654,0.024772165343165398,0.9984588623046875,1.0,0.9999999403953552
GCN,320,1668,2,1,2,-1.7446491718292236,5.125423431396484,6.870072603225708,0.8660253286361694,0.052428293973207474,0.00565730407834053,0.5185644030570984,0.0717536062002182,0.21106479727169383,0,0.5380321145057678,0.9993021632937893,1432,0.9999999403953552,1.0,0.516772870971788,0.9859675036927622,96.4992446899414,1.0,0.4674880802631378,0.9981536189069424,0.4674880802631378,0.9981536189069424,0.05242828652262688,0.9931623935699463,1.0,0.9999999403953552
GCN,320,1675,6,1,4,-0.8636230826377869,4.433389663696289,5.297012746334076,0.7499998807907104,0.028180701658129692,-0.017633572220802307,0.5969337224960327,0.034022290259599686,0.10837438423645321,0,0.5422191023826599,0.9993021632937893,1432,0.9999999403953552,1.0,0.590052965461915,0.9944608567208272,111.34141540527344,1.0,0.5421334505081177,0.9988921713441654,0.5421334505081177,0.9988921713441654,0.028180699795484543,0.9980176091194153,1.0,0.9999999403953552
GCN,320,1679,3,1,3,-5.315695762634277,2.734139919281006,8.049835681915283,0.8017836213111877,0.04936723783612251,0.006270133424550295,0.5596646666526794,0.06464962661266327,0.20613868889730957,0,0.5373342633247375,0.9993021632937893,1432,0.9999999403953552,1.0,0.5583732276394779,0.9918759231905465,104.51810455322266,1.0,0.5080762505531311,0.9985228951255539,0.5080762505531311,0.9985228951255539,0.049367234110832214,0.9939301013946533,1.0,0.9999999403953552
GCN,320,1684,3,1,2,-5.6040143966674805,2.3245787620544434,7.928593158721924,0.8660253286361694,0.07073012739419937,0.049672819674015045,0.5177701115608215,0.12433864921331406,0.4041303524062145,1,0.5380321145057678,0.9993021632937893,1432,0.9999999403953552,1.0,0.5191329634009951,0.9863367799113737,96.26448822021484,1.0,0.4680710434913635,0.9981536189069424,0.4680710434913635,0.9981536189069424,0.07073012739419937,0.9875120520591736,1.0,0.9999999403953552
GCN,320,1688,4,1,3,-1.8861922025680542,5.157827377319336,7.04401957988739,0.8017836213111877,0.042996279895305634,-0.01662585325539112,0.5601174831390381,0.133393332362175,0.4281924971580144,1,0.5380321145057678,0.9993021632937893,1432,0.9999999403953552,1.0,0.5558120181940466,0.9911373707533235,104.70774841308594,1.0,0.5078127980232239,0.9985228951255539,0.5078127980232239,0.9985228951255539,0.042996279895305634,0.9954076409339905,1.0,0.9999999403953552
GCN,320,1695,0,1,3,1.5995639562606812,6.923940181732178,5.324376225471497,0.8017836213111877,0.03938470408320427,-0.0321258045732975,0.5603864789009094,0.03859671205282211,0.10837438423645321,0,0.5401256084442139,0.9993021632937893,1432,0.9999999403953552,1.0,0.5575721041063139,0.9918759231905465,104.93439483642578,1.0,0.509319007396698,0.9985228951255539,0.509319007396698,0.9985228951255539,0.03938470035791397,0.99615478515625,1.0,0.9999999403953552
GCN,320,1705,1,1,7,-2.1625473499298096,3.212972640991211,5.3755199909210205,0.6396021246910095,0.022932209074497223,0.08369913697242737,0.6957192420959473,-0.0431145578622818,0.0,0,0.5387299060821533,0.9993021632937893,1432,0.9999999403953552,1.0,0.6839369865833173,0.9996307237813885,130.52902221679688,1.0,0.632196843624115,1.0,0.632196843624115,1.0,0.022932205349206924,0.9986804723739624,1.0,0.9999999403953552
GCN,320,1707,5,1,1,-2.347747802734375,4.0941925048828125,6.4419403076171875,0.9486831426620483,0.06727758795022964,-0.04020213335752487,0.47858402132987976,0.1784127652645111,0.6059113300492611,1,0.5394277572631836,0.9993021632937893,1432,0.9999999403953552,1.0,0.480026863781891,0.9759970457902511,88.88839721679688,1.0,0.43258097767829895,0.9963072378138847,0.43258097767829895,0.9963072378138847,0.06727758049964905,0.9889782667160034,1.0,0.9999999403953552
GCN,320,1726,2,1,3,-3.3592422008514404,3.7733216285705566,7.132563829421997,0.8017836213111877,0.029439043253660202,0.012223631143569946,0.557415246963501,0.06125775724649429,0.2019704433497537,0,0.5401256084442139,0.9993021632937893,1432,0.9999999403953552,1.0,0.554053790803418,0.990029542097489,104.16878509521484,1.0,0.5056576132774353,0.9985228951255539,0.5056576132774353,0.9985228951255539,0.0294390469789505,0.997828483581543,1.0,0.9999999403953552
GCN,320,1727,2,1,3,-4.0383806228637695,3.938631057739258,7.977011680603027,0.8017836213111877,0.041580550372600555,0.026432722806930542,0.557697594165802,0.07070832699537277,0.21049640015157256,0,0.5394277572631836,0.9993021632937893,1432,0.9999999403953552,1.0,0.5540165671615364,0.990029542097489,104.15755462646484,1.0,0.5035601854324341,0.9985228951255539,0.5035601854324341,0.9985228951255539,0.041580550372600555,0.9956701397895813,1.0,0.9999999403953552
GCN,320,1734,2,1,4,-4.43779993057251,2.9128270149230957,7.3506269454956055,0.7499998807907104,0.04960022494196892,0.0495467334985733,0.5954857468605042,0.07368826121091843,0.21295945433876468,0,0.5415212512016296,0.9993021632937893,1432,0.9999999403953552,1.0,0.5909434292726288,0.9944608567208272,111.37030029296875,1.0,0.5422647595405579,0.9988921713441654,0.5422647595405579,0.9988921713441654,0.049600228667259216,0.9938291907310486,1.0,0.9999999403953552
GCN,320,1749,2,1,4,-4.611935138702393,3.310009717941284,7.921944856643677,0.7499998807907104,0.02372104860842228,0.044301100075244904,0.5945268273353577,0.009864779189229012,0.10837438423645321,0,0.5415212512016296,0.9993021632937893,1432,0.9999999403953552,1.0,0.5886421342917009,0.9944608567208272,111.24238586425781,1.0,0.5405808091163635,0.9988921713441654,0.5405808091163635,0.9988921713441654,0.02372104488313198,0.9985867142677307,1.0,0.9999999403953552
GCN,320,1752,2,1,3,-4.448122024536133,3.9782187938690186,8.426340818405151,0.8017836213111877,0.04047592729330063,-0.005290879402309656,0.5592039823532104,0.10719045251607895,0.359037514209928,1,0.5429169535636902,0.9993021632937893,1432,0.9999999403953552,1.0,0.5562891603465343,0.9911373707533235,104.39144134521484,1.0,0.5069605112075806,0.9985228951255539,0.5069605112075806,0.9985228951255539,0.04047592729330063,0.9959169030189514,1.0,0.9999999403953552
GCN,320,1753,2,1,3,-3.937340259552002,4.477455139160156,8.414795398712158,0.8017836213111877,0.03781340271234512,-0.003500737249851227,0.5588123202323914,0.1009284257888794,0.3266388783630163,1,0.5422191023826599,0.9993021632937893,1432,0.9999999403953552,1.0,0.5566633521007986,0.9918759231905465,104.45729064941406,1.0,0.5066454410552979,0.9985228951255539,0.5066454410552979,0.9985228951255539,0.037813398987054825,0.9964323043823242,1.0,0.9999999403953552
GCN,320,1760,2,1,2,-2.5467355251312256,5.357237339019775,7.903972864151001,0.8660253286361694,0.03895721957087517,0.030141862109303474,0.5159680843353271,0.06894172728061676,0.20954907161803712,0,0.5373342633247375,0.9993021632937893,1432,0.9999999403953552,1.0,0.5173326305967569,0.9859675036927622,96.39569091796875,1.0,0.4688219428062439,0.9981536189069424,0.4688219428062439,0.9981536189069424,0.03895721957087517,0.9961956739425659,1.0,0.9999999403953552
GCN,320,1764,5,1,2,-2.397587776184082,4.666954040527344,7.064541816711426,0.8660253286361694,0.04298344999551773,0.023807648569345474,0.5165680646896362,0.09024645388126373,0.24820007578628267,0,0.5373342633247375,0.9993021632937893,1432,0.9999999403953552,1.0,0.5170898725673534,0.9859675036927622,96.66963958740234,1.0,0.4683205783367157,0.9981536189069424,0.4683205783367157,0.9981536189069424,0.04298344999551773,0.9953759908676147,1.0,0.9999999403953552
GCN,320,1768,1,1,3,-2.5183253288269043,3.5175790786743164,6.035904407501221,0.8017836213111877,0.0384545661509037,-0.00016498565673828125,0.5587238669395447,0.10624349117279053,0.3560060629026146,1,0.5401256084442139,0.9993021632937893,1432,0.9999999403953552,1.0,0.5566060373368813,0.9918759231905465,104.5167465209961,1.0,0.5096314549446106,0.9985228951255539,0.5096314549446106,0.9985228951255539,0.0384545661509037,0.9963088631629944,1.0,0.9999999403953552
GCN,320,1771,1,1,3,-2.4532127380371094,3.3199374675750732,5.773150205612183,0.8017836213111877,0.02847922407090664,0.09741832315921783,0.5543217062950134,-0.004453197121620178,0.0,0,0.5387299060821533,0.9993021632937893,1432,0.9999999403953552,1.0,0.5517942433440984,0.990029542097489,104.1052017211914,1.0,0.5041916966438293,0.9985228951255539,0.5041916966438293,0.9985228951255539,0.028479227796196938,0.9979644417762756,1.0,0.9999999403953552
GCN,320,1777,1,1,5,-3.305264472961426,2.2605926990509033,5.565857172012329,0.7071066498756409,0.02049332670867443,0.07659301161766052,0.6296295523643494,-0.014031721279025078,0.0,0,0.5408234596252441,0.9993021632937893,1432,1.0,1.0,0.6222663462719087,0.9944608567208272,118.0133285522461,1.0,0.5710230469703674,0.9992614475627769,0.5710230469703674,0.9992614475627769,0.02049332857131958,0.9989462494850159,1.0,1.0
GCN,320,1779,1,1,6,-2.5007848739624023,2.507497787475586,5.008282661437988,0.6708203554153442,0.01649351976811886,0.06684792041778564,0.6641379594802856,-0.03350016474723816,0.0,0,0.5401256084442139,0.9993021632937893,1432,0.9999999403953552,1.0,0.6542067052854417,0.9951994091580503,124.37670135498047,1.0,0.6028598546981812,0.9996307237813885,0.6028598546981812,0.9996307237813885,0.01649351976811886,0.9993175268173218,1.0,0.9999999403953552
GCN,320,1781,1,1,5,-2.637084722518921,2.657606363296509,5.29469108581543,0.7071066498756409,0.020358622074127197,0.009064844809472561,0.6315814852714539,0.08579440414905548,0.23114816218264495,0,0.5422191023826599,0.9993021632937893,1432,1.0,1.0,0.6229074973980587,0.9944608567208272,118.07230377197266,1.0,0.5723598003387451,0.9992614475627769,0.5723598003387451,0.9992614475627769,0.020358622074127197,0.9989604353904724,1.0,1.0
GCN,320,1783,1,1,2,-2.6955246925354004,2.9500818252563477,5.645606517791748,0.8660253286361694,0.05284871533513069,0.0640372484922409,0.5150661468505859,0.06240680441260338,0.20310723758999621,0,0.5401256084442139,0.9993021632937893,1432,0.9999999403953552,1.0,0.5150342794231679,0.9844903988183161,96.7364730834961,1.0,0.46877315640449524,0.9981536189069424,0.46877315640449524,0.9981536189069424,0.05284871160984039,0.9929854869842529,1.0,0.9999999403953552
GCN,320,1786,1,1,3,-2.917754650115967,3.4145731925964355,6.332327842712402,0.8017836213111877,0.04280943050980568,0.035043299198150635,0.5573427677154541,0.08523118495941162,0.23001136794240243,0,0.5387299060821533,0.9993021632937893,1432,1.0,1.0,0.5552929005682026,0.9911373707533235,104.2358627319336,1.0,0.5066749453544617,0.9985228951255539,0.5066749453544617,0.9985228951255539,0.04280943050980568,0.9954062700271606,1.0,0.9999999403953552
GCN,320,1794,4,1,4,-2.3024978637695312,4.3434295654296875,6.645927429199219,0.7499998807907104,0.03236208111047745,-0.026738712564110756,0.5977997183799744,0.050796981900930405,0.16331943918150815,0,0.5387299060821533,0.9993021632937893,1432,0.9999999403953552,1.0,0.5917502406917158,0.9944608567208272,111.8825912475586,1.0,0.5410301685333252,0.9988921713441654,0.5410301685333252,0.9988921713441654,0.03236207738518715,0.9973934888839722,1.0,0.9999999403953552
GCN,320,1803,0,1,4,0.07143807411193848,4.616825103759766,4.545387029647827,0.7499998807907104,0.03411750867962837,0.03386319428682327,0.5952860116958618,0.03637748956680298,0.10837438423645321,0,0.5401256084442139,0.9993021632937893,1432,0.9999999403953552,1.0,0.5892455497075162,0.9944608567208272,111.74290466308594,1.0,0.5406209826469421,0.9988921713441654,0.5406209826469421,0.9988921713441654,0.03411750867962837,0.9970793128013611,1.0,0.9999999403953552
GCN,320,1807,3,1,5,-3.5786685943603516,3.824638605117798,7.403307199478149,0.7071066498756409,0.027405831962823868,0.013156987726688385,0.6318655610084534,0.06445227563381195,0.20500189465706706,0,0.5415212512016296,0.9993021632937893,1432,1.0,1.0,0.6246821071893864,0.9948301329394387,118.09445190429688,1.0,0.5731614828109741,0.9992614475627769,0.5731614828109741,0.9992614475627769,0.027405831962823868,0.9981173276901245,1.0,0.9999999403953552
GCN,320,1809,3,1,3,-3.8933498859405518,4.188934803009033,8.082284688949585,0.8017836213111877,0.030296210199594498,0.015388387255370617,0.557354211807251,0.06785516440868378,0.2084122773777946,0,0.5415212512016296,0.9993021632937893,1432,0.9999999403953552,1.0,0.5555313300440464,0.9911373707533235,104.29743194580078,1.0,0.5068920254707336,0.9985228951255539,0.5068920254707336,0.9985228951255539,0.03029620833694935,0.9976998567581177,1.0,0.9999999403953552
GCN,320,1810,3,0,44,-9.904012680053711,-4.214089393615723,5.689923286437988,0.3061861991882324,0.007939253933727741,0.060975607484579086,1.4563101530075073,-0.002720355987548828,0.0,0,0.5408234596252441,0.9993021632937893,1432,0.9999999403953552,1.0,1.4264275745039339,1.0,272.23162841796875,1.0,1.3160457611083984,1.0,1.3160457611083984,1.0,0.007939250208437443,0.9998420476913452,1.0,0.9999999403953552
GCN,320,1817,3,1,2,-3.1000328063964844,4.662040710449219,7.762073516845703,0.8660253286361694,0.040711306035518646,-0.01623445190489292,0.51826012134552,0.10494711250066757,0.3446381205001895,1,0.5380321145057678,0.9993021632937893,1432,0.9999999403953552,1.0,0.519084250530111,0.9863367799113737,96.40335845947266,1.0,0.46893250942230225,0.9981536189069424,0.46893250942230225,0.9981536189069424,0.040711306035518646,0.9958788156509399,1.0,0.9999999403953552
GCN,320,1822,3,1,2,-5.547080039978027,2.3266258239746094,7.873705863952637,0.8660253286361694,0.04931676387786865,0.020531632006168365,0.5173343420028687,0.06917363405227661,0.20954907161803712,0,0.535938560962677,0.9993021632937893,1432,0.9999999403953552,1.0,0.518520864184627,0.9859675036927622,96.58533477783203,1.0,0.46845710277557373,0.9981536189069424,0.46845710277557373,0.9981536189069424,0.04931676387786865,0.9939258098602295,1.0,0.9999999403953552
GCN,320,1825,5,1,4,-3.4479265213012695,3.2199151515960693,6.667841672897339,0.7499998807907104,0.026812797412276268,0.029405929148197174,0.5951103568077087,0.04557493329048157,0.12182644941265632,0,0.5387299060821533,0.9993021632937893,1432,0.9999999403953552,1.0,0.5896096428122088,0.9944608567208272,111.20997619628906,1.0,0.5401405096054077,0.9988921713441654,0.5401405096054077,0.9988921713441654,0.026812797412276268,0.9981955289840698,1.0,0.9999999403953552
GCN,320,1829,5,1,5,-2.367781639099121,3.922154188156128,6.289935827255249,0.7071066498756409,0.027531038969755173,0.06118815764784813,0.6300033330917358,0.015227802097797394,0.10837438423645321,0,0.5394277572631836,0.9993021632937893,1432,0.9999999403953552,1.0,0.6224904700013183,0.9944608567208272,118.1705551147461,1.0,0.5717924237251282,0.9992614475627769,0.5717924237251282,0.9992614475627769,0.02753104269504547,0.9980956315994263,1.0,0.9999999403953552
GCN,320,1836,6,1,2,-1.8825116157531738,3.454458475112915,5.336970090866089,0.8660253286361694,0.05269947648048401,0.02202155813574791,0.5176087021827698,0.1354171335697174,0.43444486547934824,1,0.5408234596252441,0.9993021632937893,1432,0.9999999403953552,1.0,0.5171576177256362,0.9859675036927622,96.85004425048828,1.0,0.47007855772972107,0.9981536189069424,0.47007855772972107,0.9981536189069424,0.05269947275519371,0.9930686950683594,1.0,0.9999999403953552
GCN,320,1838,0,1,4,2.2522270679473877,6.774363040924072,4.522135972976685,0.7499998807907104,0.02996130846440792,0.026950839906930923,0.5953519940376282,0.07929293066263199,0.22034861690034105,0,0.5429169535636902,0.9993021632937893,1432,0.9999999403953552,1.0,0.5896727712032029,0.9944608567208272,111.85824584960938,1.0,0.5431395173072815,0.9988921713441654,0.5431395173072815,0.9988921713441654,0.02996130846440792,0.9977477788925171,1.0,0.9999999403953552
GCN,320,1841,0,1,5,3.212568759918213,7.636329174041748,4.423760414123535,0.7071066498756409,0.02428826130926609,0.0385320670902729,0.6307969093322754,0.05476237088441849,0.18927624100037893,0,0.5422191023826599,0.9993021632937893,1432,1.0,1.0,0.6234487355684972,0.9944608567208272,118.49178314208984,1.0,0.5748220682144165,0.9996307237813885,0.5748220682144165,0.9996307237813885,0.02428826317191124,0.9985184669494629,1.0,1.0
GCN,320,1845,5,1,2,0.41679418087005615,5.526525974273682,5.1097317934036255,0.8660253286361694,0.04723455011844635,-0.012284932658076286,0.5189050436019897,0.09988710284233093,0.31110269041303523,0,0.5408234596252441,0.9993021632937893,1432,0.9999999403953552,1.0,0.5184720075825823,0.9859675036927622,96.78825378417969,1.0,0.4713723361492157,0.9981536189069424,0.4713723361492157,0.9981536189069424,0.04723455384373665,0.9944615364074707,1.0,0.9999999403953552
GCN,320,1852,3,1,2,-2.7688064575195312,3.8014638423919678,6.570270299911499,0.8660253286361694,0.04241049662232399,0.01309126615524292,0.517043948173523,0.08011923730373383,0.2209170140204623,0,0.5408234596252441,0.9993021632937893,1432,0.9999999403953552,1.0,0.5180242954580552,0.9859675036927622,96.7856216430664,1.0,0.46887651085853577,0.9981536189069424,0.46887651085853577,0.9981536189069424,0.04241049662232399,0.9955052137374878,1.0,0.9999999403953552
GCN,320,1853,3,1,1,-3.0784850120544434,5.293036460876465,8.371521472930908,0.9486831426620483,0.07529958337545395,-0.06904710829257965,0.4824806749820709,0.23264478147029877,0.7589996210685865,1,0.5387299060821533,0.9993021632937893,1432,0.9999999403953552,1.0,0.4848096804461236,0.9763663220088626,88.52389526367188,1.0,0.4328385293483734,0.9963072378138847,0.4328385293483734,0.9963072378138847,0.07529958337545395,0.9864408373832703,1.0,0.9999999403953552
GCN,320,1858,3,1,2,-3.7599785327911377,4.966729640960693,8.726708173751831,0.8660253286361694,0.04219500720500946,0.05019848793745041,0.5152183771133423,0.04664044454693794,0.13092080333459644,0,0.5373342633247375,0.9993021632937893,1432,0.9999999403953552,1.0,0.516451346870902,0.9859675036927622,96.74475860595703,1.0,0.4702771306037903,0.9981536189069424,0.4702771306037903,0.9981536189069424,0.04219500720500946,0.99552983045578,1.0,0.9999999403953552
GCN,320,1862,3,1,4,-6.93733024597168,1.0107219219207764,7.948052167892456,0.7499998807907104,0.03824695572257042,-0.09108380228281021,0.6018789410591125,0.1196293979883194,0.39674118984463813,1,0.5394277572631836,0.9993021632937893,1432,0.9999999403953552,1.0,0.5970435648458983,0.9944608567208272,111.50318908691406,1.0,0.5423310399055481,0.9988921713441654,0.5423310399055481,0.9988921713441654,0.03824695199728012,0.9964339733123779,1.0,0.9999999403953552
GCN,320,1866,3,1,2,-4.560207366943359,3.688798666000366,8.249006032943726,0.8660253286361694,0.050968583673238754,-0.04301592335104942,0.5212199091911316,0.16644784808158875,0.563849943160288,1,0.5387299060821533,0.9993021632937893,1432,0.9999999403953552,1.0,0.521760446002469,0.9863367799113737,96.61087036132812,1.0,0.4699355363845825,0.9981536189069424,0.4699355363845825,0.9981536189069424,0.05096858739852905,0.9936164617538452,1.0,0.9999999403953552
GCN,320,1870,3,1,4,-4.355905532836914,3.098703384399414,7.454608917236328,0.7499998807907104,0.035886626690626144,0.02172718569636345,0.5959711670875549,0.06076151505112648,0.20121258052292534,0,0.5401256084442139,0.9993021632937893,1432,0.9999999403953552,1.0,0.591560895850117,0.9944608567208272,111.39196014404297,1.0,0.5404190421104431,0.9988921713441654,0.5404190421104431,0.9988921713441654,0.035886622965335846,0.996773362159729,1.0,0.9999999403953552
GCN,320,1872,3,1,1,-2.867885112762451,5.952760219573975,8.820645332336426,0.9486831426620483,0.06322353333234787,0.04732836037874222,0.4720216989517212,0.09417866915464401,0.2737779461917393,0,0.5387299060821533,0.9993021632937893,1432,0.9999999403953552,1.0,0.4785500650273714,0.9756277695716395,88.75654602050781,1.0,0.4296789765357971,0.9959379615952733,0.4296789765357971,0.9959379615952733,0.06322353333234787,0.9900054931640625,1.0,0.9999999403953552
GCN,320,1878,5,1,3,-1.7836384773254395,4.528749465942383,6.312387943267822,0.8017836213111877,0.03861081600189209,0.042204052209854126,0.5567042231559753,0.0370568186044693,0.10837438423645321,0,0.5401256084442139,0.9993021632937893,1432,1.0,1.0,0.5541242506769519,0.990029542097489,104.08245086669922,1.0,0.5054178833961487,0.9985228951255539,0.5054178833961487,0.9985228951255539,0.03861081972718239,0.9962583780288696,1.0,1.0
GCN,320,1879,5,1,4,-0.4444495439529419,4.760715961456299,5.205165505409241,0.7499998807907104,0.02803421951830387,0.03146898001432419,0.5950854420661926,0.03772542625665665,0.10837438423645321,0,0.5394277572631836,0.9993021632937893,1432,0.9999999403953552,1.0,0.5900590263759828,0.9944608567208272,111.65972137451172,1.0,0.5415403246879578,0.9988921713441654,0.5415403246879578,0.9988921713441654,0.02803421951830387,0.9980272054672241,1.0,0.9999999403953552
GCN,320,1881,5,1,5,-4.274188041687012,2.2380828857421875,6.512270927429199,0.7071066498756409,0.03032173030078411,-0.0012513194233179092,0.6326944231987,0.04316997155547142,0.1110269041303524,0,0.5380321145057678,0.9993021632937893,1432,1.0,1.0,0.6248629896669832,0.9948301329394387,118.07501220703125,1.0,0.5728126764297485,0.9992614475627769,0.5728126764297485,0.9992614475627769,0.03032173588871956,0.997700572013855,1.0,1.0
GCN,320,1891,4,1,3,-1.7824490070343018,5.398414611816406,7.180863618850708,0.8017836213111877,0.03477390855550766,0.058920614421367645,0.5557870864868164,0.034509606659412384,0.10837438423645321,0,0.5373342633247375,0.9993021632937893,1432,1.0,1.0,0.554275117625905,0.990029542097489,104.09085845947266,1.0,0.5056125521659851,0.9985228951255539,0.5056125521659851,0.9985228951255539,0.03477390855550766,0.9969611763954163,1.0,1.0
GCN,320,1899,5,1,5,-1.9243659973144531,4.274448871612549,6.198814868927002,0.7071066498756409,0.03274163976311684,0.05630301684141159,0.630276620388031,-0.00837726704776287,0.0,0,0.5394277572631836,0.9993021632937893,1432,1.0,1.0,0.6219140639567778,0.9944608567208272,117.94772338867188,1.0,0.5701673030853271,0.9988921713441654,0.5701673030853271,0.9988921713441654,0.032741643488407135,0.997306227684021,1.0,1.0
GCN,320,1901,5,1,6,-3.9974207878112793,2.024587631225586,6.022008419036865,0.6708203554153442,0.02412213571369648,0.045448459684848785,0.6646654009819031,-0.026418374851346016,0.0,0,0.5415212512016296,0.9993021632937893,1432,0.9999999403953552,1.0,0.6545693129242574,0.9951994091580503,124.38027954101562,1.0,0.6028486490249634,0.9996307237813885,0.6028486490249634,0.9996307237813885,0.02412213571369648,0.9985385537147522,1.0,0.9999999403953552
GCN,320,1904,5,1,3,-3.3436942100524902,2.6353697776794434,5.979063987731934,0.8017836213111877,0.03409658744931221,0.07379406690597534,0.5551378130912781,0.025484077632427216,0.10837438423645321,0,0.5387299060821533,0.9993021632937893,1432,0.9999999403953552,1.0,0.5519202069335972,0.990029542097489,104.07715606689453,1.0,0.5044134855270386,0.9985228951255539,0.5044134855270386,0.9985228951255539,0.03409659117460251,0.9970775842666626,1.0,0.9999999403953552
GCN,320,1906,4,1,5,-1.2348995208740234,5.075654029846191,6.310553550720215,0.7071066498756409,0.022715983912348747,-0.021643685176968575,0.6326969265937805,0.05969852954149246,0.19950738916256158,0,0.5415212512016296,0.9993021632937893,1432,0.9999999403953552,1.0,0.6241681046165876,0.9948301329394387,118.23736572265625,1.0,0.5729002952575684,0.9992614475627769,0.5729002952575684,0.9992614475627769,0.022715983912348747,0.9987107515335083,1.0,0.9999999403953552
GCN,320,1909,0,1,6,0.327034592628479,6.309573650360107,5.982539057731628,0.6708203554153442,0.02229304611682892,-0.06753228604793549,0.668395459651947,0.035389237105846405,0.10837438423645321,0,0.5429169535636902,0.9993021632937893,1432,0.9999999403953552,1.0,0.6581111356935881,0.9955686853766618,124.60211944580078,1.0,0.6050686240196228,0.9996307237813885,0.6050686240196228,0.9996307237813885,0.02229304425418377,0.9987688660621643,1.0,0.9999999403953552
GCN,320,1911,5,1,4,-0.657916247844696,4.763060092926025,5.420976340770721,0.7499998807907104,0.03258530795574188,0.005341693758964539,0.5964401960372925,-0.0026467759162187576,0.0,0,0.5394277572631836,0.9993021632937893,1432,0.9999999403953552,1.0,0.5901714702943249,0.9944608567208272,111.95833587646484,1.0,0.5426144003868103,0.9988921713441654,0.5426144003868103,0.9988921713441654,0.03258530795574188,0.9973433613777161,1.0,0.9999999403953552
GCN,320,1913,0,1,4,1.956590175628662,7.065517902374268,5.1089277267456055,0.7499998807907104,0.026215925812721252,-0.08401188999414444,0.5990378856658936,0.10980787128210068,0.367942402425161,1,0.5408234596252441,0.9993021632937893,1432,0.9999999403953552,1.0,0.5922354907717821,0.9944608567208272,111.87081146240234,1.0,0.5435192584991455,0.9988921713441654,0.5435192584991455,0.9988921713441654,0.026215925812721252,0.9983081817626953,1.0,0.9999999403953552
GCN,320,1916,6,1,3,-0.3644489049911499,5.1474103927612305,5.51185929775238,0.8017836213111877,0.0381162203848362,0.03096376731991768,0.5572113394737244,0.036644548177719116,0.10837438423645321,0,0.5415212512016296,0.9993021632937893,1432,0.9999999403953552,1.0,0.5518645596839715,0.990029542097489,104.4161605834961,1.0,0.5071753859519958,0.9985228951255539,0.5071753859519958,0.9985228951255539,0.038116224110126495,0.9963574409484863,1.0,0.9999999403953552
GCN,320,1918,6,1,2,-0.8262118101119995,4.135698318481445,4.961910128593445,0.8660253286361694,0.09712883830070496,0.04396720230579376,0.5225831270217896,0.16868004202842712,0.5744600227358848,1,0.5429169535636902,0.9993021632937893,1432,0.9999999403953552,1.0,0.5244824242388096,0.9863367799113737,97.03356170654297,1.0,0.4739491641521454,0.9981536189069424,0.4739491641521454,0.9981536189069424,0.09712882339954376,0.9767441153526306,1.0,0.9999999403953552
GCN,320,1920,0,1,6,-0.5695699453353882,3.7240045070648193,4.2935744524002075,0.6708203554153442,0.023431697860360146,-0.006774134933948517,0.6664808392524719,0.011997136287391186,0.10837438423645321,0,0.5394277572631836,0.9993021632937893,1432,0.9999999403953552,1.0,0.6522099477636306,0.9951994091580503,124.59063720703125,1.0,0.6037996411323547,0.9996307237813885,0.6037996411323547,0.9996307237813885,0.023431695997714996,0.9986258149147034,1.0,0.9999999403953552
GCN,320,1925,0,1,3,0.2999272346496582,6.308740139007568,6.00881290435791,0.8017836213111877,0.033570628613233566,-0.023099318146705627,0.5591896772384644,0.09464713931083679,0.27453580901856767,0,0.5394277572631836,0.9993021632937893,1432,0.9999999403953552,1.0,0.5568273666080804,0.9918759231905465,104.73820495605469,1.0,0.5084202885627747,0.9985228951255539,0.5084202885627747,0.9985228951255539,0.033570628613233566,0.9971944093704224,1.0,0.9999999403953552
GCN,320,1931,3,1,3,-3.0579421520233154,4.89198637008667,7.949928522109985,0.8017836213111877,0.02676834538578987,0.01431785337626934,0.5571765899658203,0.06517559289932251,0.20651762031072377,0,0.5408234596252441,0.9993021632937893,1432,0.9999999403953552,1.0,0.5557222788371072,0.9911373707533235,104.1294937133789,1.0,0.5060044527053833,0.9985228951255539,0.5060044527053833,0.9985228951255539,0.02676834538578987,0.9982035160064697,1.0,0.9999999403953552
GCN,320,1932,3,1,3,-3.170227289199829,4.6918487548828125,7.862076044082642,0.8017836213111877,0.037597812712192535,0.04962432011961937,0.5563016533851624,-0.0008235336281359196,0.0,0,0.5401256084442139,0.9993021632937893,1432,0.9999999403953552,1.0,0.553906522247721,0.990029542097489,104.01637268066406,1.0,0.5056007504463196,0.9985228951255539,0.5056007504463196,0.9985228951255539,0.037597816437482834,0.9964497089385986,1.0,0.9999999403953552
GCN,320,1936,3,1,5,-3.806046962738037,3.0964910984039307,6.902538061141968,0.7071066498756409,0.024816514924168587,0.0302499458193779,0.6310999989509583,0.07237841188907623,0.21163319439181508,0,0.5415212512016296,0.9993021632937893,1432,1.0,1.0,0.6235224185559645,0.9944608567208272,117.92829895019531,1.0,0.5727984309196472,0.9992614475627769,0.5727984309196472,0.9992614475627769,0.024816513061523438,0.9984539151191711,1.0,1.0
GCN,320,1938,3,1,1,-3.5265352725982666,4.482112407684326,8.008647680282593,0.9486831426620483,0.09287750720977783,0.02358304336667061,0.4782710671424866,0.16474227607250214,0.5625236832133383,1,0.5387299060821533,0.9993021632937893,1432,0.9999999403953552,1.0,0.48286337476418695,0.9763663220088626,89.62487030029297,1.0,0.43336835503578186,0.9963072378138847,0.43336835503578186,0.9963072378138847,0.09287750720977783,0.9788368940353394,1.0,0.9999999403953552
GCN,320,1942,3,1,3,-3.400843381881714,5.1643476486206055,8.56519103050232,0.8017836213111877,0.03432358801364899,-0.0457209087908268,0.5602453947067261,0.12675365805625916,0.41114058355437666,1,0.5401256084442139,0.9993021632937893,1432,0.9999999403953552,1.0,0.5572375660480747,0.9918759231905465,104.21741485595703,1.0,0.5084763169288635,0.9985228951255539,0.5084763169288635,0.9985228951255539,0.03432358428835869,0.9970824718475342,1.0,0.9999999403953552
GCN,320,1947,3,1,4,-5.401957988739014,1.7818512916564941,7.183809280395508,0.7499998807907104,0.028092721477150917,-0.01148842740803957,0.5966947674751282,0.05368536710739136,0.18226600985221675,0,0.5408234596252441,0.9993021632937893,1432,0.9999999403953552,1.0,0.5918746746026085,0.9944608567208272,111.44911193847656,1.0,0.5407363176345825,0.9988921713441654,0.5407363176345825,0.9988921713441654,0.028092719614505768,0.998028039932251,1.0,0.9999999403953552
GCN,320,1959,5,1,5,-5.103668212890625,1.1825408935546875,6.2862091064453125,0.7071066498756409,0.02964317612349987,0.03298863768577576,0.6311951279640198,0.01840246468782425,0.10837438423645321,0,0.5394277572631836,0.9993021632937893,1432,1.0,1.0,0.6232302165757145,0.9944608567208272,117.9605941772461,1.0,0.571533203125,0.9992614475627769,0.571533203125,0.9992614475627769,0.02964317612349987,0.9977943897247314,1.0,1.0
GCN,320,1961,5,1,3,-3.686882257461548,3.6258344650268555,7.312716722488403,0.8017836213111877,0.03412124142050743,0.009488888084888458,0.5578752160072327,0.010873580351471901,0.10837438423645321,0,0.5373342633247375,0.9993021632937893,1432,0.9999999403953552,1.0,0.5541642635933919,0.990029542097489,104.22003936767578,1.0,0.5056377053260803,0.9985228951255539,0.5056377053260803,0.9985228951255539,0.03412124142050743,0.9970864057540894,1.0,0.9999999403953552
GCN,320,1962,5,1,3,-3.0915637016296387,3.796616554260254,6.888180255889893,0.8017836213111877,0.0409243181347847,-0.05710331350564957,0.561883807182312,0.11473492532968521,0.3874573702159909,1,0.5366364121437073,0.9993021632937893,1432,0.9999999403953552,1.0,0.5591406912201984,0.992245199409158,104.62223815917969,1.0,0.5077466368675232,0.9985228951255539,0.5077466368675232,0.9985228951255539,0.040924321860075,0.9958789944648743,1.0,0.9999999403953552
GCN,320,1969,4,1,3,-2.8785738945007324,4.4151201248168945,7.293694019317627,0.8017836213111877,0.04241855442523956,0.029963986948132515,0.5575817227363586,0.05586126446723938,0.19268662372110648,0,0.5415212512016296,0.9993021632937893,1432,1.0,1.0,0.5562854369801894,0.9911373707533235,104.26426696777344,1.0,0.5076009035110474,0.9985228951255539,0.5076009035110474,0.9985228951255539,0.04241855442523956,0.9954924583435059,1.0,0.9999999403953552
GCN,320,1972,6,1,3,-1.1425669193267822,3.803187847137451,4.945754766464233,0.8017836213111877,0.03172735869884491,-0.01994069293141365,0.5588448643684387,0.06398002803325653,0.20500189465706706,0,0.5422191023826599,0.9993021632937893,1432,1.0,1.0,0.553589284406713,0.990029542097489,104.18424987792969,1.0,0.5056633949279785,0.9985228951255539,0.5056633949279785,0.9985228951255539,0.03172735869884491,0.9974908828735352,1.0,1.0
GCN,320,1977,3,1,2,0.11462020874023438,5.2353034019470215,5.120683193206787,0.8660253286361694,0.04147058352828026,-0.02392887882888317,0.5187207460403442,0.1137896478176117,0.38044713906782873,1,0.5401256084442139,0.9993021632937893,1432,0.9999999403953552,1.0,0.5178616592839799,0.9859675036927622,96.74506378173828,1.0,0.4676879644393921,0.9981536189069424,0.4676879644393921,0.9981536189069424,0.04147058352828026,0.9957321882247925,1.0,0.9999999403953552
GCN,320,1983,0,1,4,0.29898667335510254,6.141642093658447,5.842655420303345,0.7499998807907104,0.02255108952522278,-0.011626019142568111,0.5961959362030029,0.019452771171927452,0.10837438423645321,0,0.5401256084442139,0.9993021632937893,1432,0.9999999403953552,1.0,0.5909052764079212,0.9944608567208272,111.54837036132812,1.0,0.5411664843559265,0.9988921713441654,0.5411664843559265,0.9988921713441654,0.022551091387867928,0.998727560043335,1.0,0.9999999403953552
GCN,320,1996,3,0,5,-8.721540451049805,-1.331911325454712,7.389629125595093,0.7071066498756409,0.035515155643224716,-0.03600086271762848,0.6349810361862183,0.052525900304317474,0.1733611216369837,0,0.5436148047447205,0.9993021632937893,1432,1.0,1.0,0.6277595871026543,0.9948301329394387,117.94978332519531,1.0,0.5717263221740723,0.9992614475627769,0.5717263221740723,0.9992614475627769,0.03551516309380531,0.9968708157539368,1.0,1.0
GCN,320,2004,3,1,4,-5.65331506729126,1.8024604320526123,7.455775499343872,0.7499998807907104,0.029339484870433807,0.02376202493906021,0.5954439043998718,0.03255556896328926,0.10837438423645321,0,0.5394277572631836,0.9993021632937893,1432,0.9999999403953552,1.0,0.5906862973895296,0.9944608567208272,111.14285278320312,1.0,0.5397369861602783,0.9988921713441654,0.5397369861602783,0.9988921713441654,0.029339484870433807,0.9978408217430115,1.0,0.9999999403953552
GCN,320,2006,3,1,3,-6.384947299957275,1.7066452503204346,8.09159255027771,0.8017836213111877,0.043684832751750946,0.012711998075246811,0.5586239695549011,0.047738637775182724,0.13793103448275862,0,0.5373342633247375,0.9993021632937893,1432,0.9999999403953552,1.0,0.5557032405403196,0.9911373707533235,104.03372192382812,1.0,0.5041838884353638,0.9985228951255539,0.5041838884353638,0.9985228951255539,0.043684836477041245,0.9952329397201538,1.0,0.9999999403953552
GCN,320,2010,0,1,4,0.4129253625869751,5.151935577392578,4.739010214805603,0.7499998807907104,0.028498560190200806,0.010068564675748348,0.5959177613258362,0.051864881068468094,0.1724137931034483,0,0.5401256084442139,0.9993021632937893,1432,0.9999999403953552,1.0,0.5907473180147395,0.9944608567208272,111.53141021728516,1.0,0.5401709675788879,0.9988921713441654,0.5401709675788879,0.9988921713441654,0.028498558327555656,0.9979652166366577,1.0,0.9999999403953552
GCN,320,2011,3,1,3,-1.6785739660263062,5.509732723236084,7.18830668926239,0.8017836213111877,0.028305912390351295,0.05347726121544838,0.5558846592903137,0.015913721174001694,0.10837438423645321,0,0.5401256084442139,0.9993021632937893,1432,0.9999999403953552,1.0,0.5532423724628235,0.990029542097489,103.77015686035156,1.0,0.5046725869178772,0.9985228951255539,0.5046725869178772,0.9985228951255539,0.028305910527706146,0.9979870319366455,1.0,0.9999999403953552
GCN,320,2014,3,1,2,0.7060017585754395,5.897082328796387,5.191080570220947,0.8660253286361694,0.04926475137472153,0.059921734035015106,0.5150918960571289,0.03415583074092865,0.10837438423645321,0,0.5401256084442139,0.9993021632937893,1432,0.9999999403953552,1.0,0.5163125165166553,0.9844903988183161,96.71380615234375,1.0,0.46799665689468384,0.9981536189069424,0.46799665689468384,0.9981536189069424,0.04926475137472153,0.9939050078392029,1.0,0.9999999403953552
GCN,320,2015,6,1,3,0.6569243669509888,5.377640724182129,4.72071635723114,0.8017836213111877,0.027811937034130096,0.019382208585739136,0.5570619106292725,-0.001367121934890747,0.0,0,0.5415212512016296,0.9993021632937893,1432,0.9999999403953552,1.0,0.5543819983125573,0.990029542097489,104.21387481689453,1.0,0.5053616762161255,0.9985228951255539,0.5053616762161255,0.9985228951255539,0.027811935171484947,0.9980600476264954,1.0,0.9999999403953552
GCN,320,2019,0,1,2,-0.32034945487976074,4.091433525085449,4.41178297996521,0.8660253286361694,0.0535748191177845,-0.06009216979146004,0.5227386951446533,0.16604875028133392,0.563849943160288,1,0.5408234596252441,0.9993021632937893,1432,0.9999999403953552,1.0,0.5194665108406253,0.9863367799113737,96.6029281616211,1.0,0.4705585241317749,0.9981536189069424,0.4705585241317749,0.9981536189069424,0.0535748153924942,0.9929981231689453,1.0,0.9999999403953552
GCN,320,2038,3,1,2,-1.912726640701294,5.598189353942871,7.510915994644165,0.8660253286361694,0.05329085513949394,0.04052988812327385,0.516539454460144,0.07672583311796188,0.21674876847290642,0,0.5373342633247375,0.9993021632937893,1432,0.9999999403953552,1.0,0.5173910414666674,0.9859675036927622,96.46751403808594,1.0,0.47076416015625,0.9981536189069424,0.47076416015625,0.9981536189069424,0.05329085513949394,0.992890477180481,1.0,0.9999999403953552
GCN,320,2043,4,1,2,-2.062101364135742,5.905877113342285,7.967978477478027,0.8660253286361694,0.05481059476733208,-0.0380711555480957,0.5216188430786133,0.13968975841999054,0.4571807502841986,1,0.5401256084442139,0.9993021632937893,1432,0.9999999403953552,1.0,0.5203733288373648,0.9863367799113737,96.78813934326172,1.0,0.47138282656669617,0.9981536189069424,0.47138282656669617,0.9981536189069424,0.05481059476733208,0.9926224946975708,1.0,0.9999999403953552
GCN,320,2045,1,0,32,-4.005680561065674,-0.04060816764831543,3.9650723934173584,0.35355332493782043,0.008514122106134892,0.01592680811882019,1.2622179985046387,0.01321401633322239,0.10837438423645321,0,0.5415212512016296,0.9993021632937893,1432,1.0,1.0,1.2349603448130646,1.0,235.95660400390625,1.0,1.140720248222351,1.0,1.140720248222351,1.0,0.008514129556715488,0.999817967414856,1.0,1.0
GCN,320,2051,0,1,3,0.9175252914428711,5.637732982635498,4.720207691192627,0.8017836213111877,0.03236551210284233,0.023889001458883286,0.5571526885032654,0.04868166893720627,0.14153088291019325,0,0.5373342633247375,0.9993021632937893,1432,0.9999999403953552,1.0,0.5540630694287983,0.990029542097489,104.11051177978516,1.0,0.5051290988922119,0.9985228951255539,0.5051290988922119,0.9985228951255539,0.03236551210284233,0.9973733425140381,1.0,0.9999999403953552
GCN,320,2054,0,1,9,3.420132875442505,7.422849178314209,4.002716302871704,0.588348388671875,0.016404271125793457,0.01918206922709942,0.758568525314331,0.00925852358341217,0.10837438423645321,0,0.5408234596252441,0.9993021632937893,1432,0.9999999403953552,1.0,0.7441585268285281,1.0,142.1250762939453,1.0,0.6885823011398315,1.0,0.6885823011398315,1.0,0.016404271125793457,0.9993244409561157,1.0,0.9999999403953552
GCN,320,2055,0,1,4,1.3906288146972656,7.457461357116699,6.066832542419434,0.7499998807907104,0.027869442477822304,0.08795495331287384,0.5929758548736572,-0.02610902115702629,0.0,0,0.5415212512016296,0.9993021632937893,1432,0.9999999403953552,1.0,0.5883732332454727,0.9944608567208272,111.48385620117188,1.0,0.5408706665039062,0.9988921713441654,0.5408706665039062,0.9988921713441654,0.027869442477822304,0.9980497360229492,1.0,0.9999999403953552
GCN,320,2058,5,1,3,-3.9144067764282227,3.6921334266662598,7.606540203094482,0.8017836213111877,0.05248594656586647,0.00872548297047615,0.55992192029953,0.10634096711874008,0.3560060629026146,1,0.5394277572631836,0.9993021632937893,1432,0.9999999403953552,1.0,0.5562254043027606,0.9911373707533235,104.5187759399414,1.0,0.5081707835197449,0.9985228951255539,0.5081707835197449,0.9985228951255539,0.05248594656586647,0.99314284324646,1.0,0.9999999403953552
GCN,320,2059,0,1,6,1.5000829696655273,6.592767238616943,5.092684268951416,0.6708203554153442,0.024539889767766,-0.027475548908114433,0.6673360466957092,0.0029911836609244347,0.10837438423645321,0,0.5408234596252441,0.9993021632937893,1432,0.9999999403953552,1.0,0.6564511717398921,0.9955686853766618,124.67369842529297,1.0,0.6041793823242188,0.9996307237813885,0.6041793823242188,0.9996307237813885,0.0245398860424757,0.9984974265098572,1.0,0.9999999403953552
GCN,320,2071,2,1,8,0.21736061573028564,4.475457668304443,4.258097052574158,0.6123723983764648,0.02076597884297371,-0.012232284992933273,0.7300333380699158,0.05137210339307785,0.16729821902235695,0,0.5415212512016296,0.9993021632937893,1432,0.9999999403953552,1.0,0.7162689426839834,1.0,136.35142517089844,1.0,0.6603544354438782,1.0,0.6603544354438782,1.0,0.02076598070561886,0.998920738697052,1.0,0.9999999403953552
GCN,320,2072,0,1,3,2.66052508354187,7.661500930786133,5.000975847244263,0.8017836213111877,0.03359357640147209,0.12548412382602692,0.5529605746269226,-0.03943084180355072,0.0,0,0.5408234596252441,0.9993021632937893,1432,0.9999999403953552,1.0,0.5513789673971455,0.990029542097489,104.34114074707031,1.0,0.5047977566719055,0.9985228951255539,0.5047977566719055,0.9985228951255539,0.03359357640147209,0.997170627117157,1.0,0.9999999403953552
GCN,320,2075,3,1,8,-3.804095983505249,3.2207095623016357,7.024805545806885,0.6123723983764648,0.019943196326494217,0.01161627471446991,0.729179859161377,-0.013581406325101852,0.0,0,0.5387299060821533,0.9993021632937893,1432,0.9999999403953552,1.0,0.7155496416018651,1.0,136.27076721191406,1.0,0.6604784727096558,1.0,0.6604784727096558,1.0,0.019943196326494217,0.99900221824646,1.0,0.9999999403953552
GCN,320,2082,1,1,2,-2.421830415725708,4.281798362731934,6.703628778457642,0.8660253286361694,0.09021378308534622,0.03385237231850624,0.5223156809806824,0.16583949327468872,0.563849943160288,1,0.5380321145057678,0.9993021632937893,1432,0.9999999403953552,1.0,0.5245816834867962,0.9863367799113737,97.1030502319336,1.0,0.4723963737487793,0.9981536189069424,0.4723963737487793,0.9981536189069424,0.09021378308534622,0.9799335598945618,1.0,0.9999999403953552
GCN,320,2087,1,1,2,-2.515523910522461,2.637392044067383,5.152915954589844,0.8660253286361694,0.04726164788007736,0.04534565657377243,0.515775740146637,0.0692886933684349,0.20954907161803712,0,0.5380321145057678,0.9993021632937893,1432,0.9999999403953552,1.0,0.5156587242888715,0.9844903988183161,96.82579040527344,1.0,0.47000157833099365,0.9981536189069424,0.47000157833099365,0.9981536189069424,0.047261644154787064,0.9943981170654297,1.0,0.9999999403953552
GCN,320,2096,1,1,6,-2.5587573051452637,2.7942652702331543,5.353022575378418,0.6708203554153442,0.02250227890908718,0.02238762378692627,0.6654229164123535,0.0024691596627235413,0.10837438423645321,0,0.5415212512016296,0.9993021632937893,1432,0.9999999403953552,1.0,0.6555399913969702,0.9955686853766618,124.43601989746094,1.0,0.6032475233078003,0.9996307237813885,0.6032475233078003,0.9996307237813885,0.02250228077173233,0.9987291097640991,1.0,0.9999999403953552
GCN,320,2105,5,1,2,0.13446688652038574,6.464071273803711,6.329604387283325,0.8660253286361694,0.04772282764315605,0.0793224573135376,0.5139341354370117,0.01690927892923355,0.10837438423645321,0,0.5380321145057678,0.9993021632937893,1432,0.9999999403953552,1.0,0.5152865368263417,0.9844903988183161,96.91459655761719,1.0,0.4694930613040924,0.9981536189069424,0.4694930613040924,0.9981536189069424,0.04772282764315605,0.9942713379859924,1.0,0.9999999403953552
GCN,320,2107,1,1,4,-1.4342913627624512,3.999037027359009,5.43332839012146,0.7499998807907104,0.02664438635110855,0.02203948050737381,0.5953651666641235,0.031198017299175262,0.10837438423645321,0,0.5429169535636902,0.9993021632937893,1432,0.9999999403953552,1.0,0.5885152191926384,0.9944608567208272,111.25544738769531,1.0,0.5392866134643555,0.9988921713441654,0.5392866134643555,0.9988921713441654,0.0266443882137537,0.9982190132141113,1.0,0.9999999403953552
GCN,320,2113,2,1,6,-2.741091251373291,3.8427650928497314,6.5838563442230225,0.6708203554153442,0.02168797142803669,0.0542801097035408,0.6643581986427307,-0.030806822702288628,0.0,0,0.5415212512016296,0.9993021632937893,1432,0.9999999403953552,1.0,0.6547658805086553,0.9955686853766618,124.32247161865234,1.0,0.6013065576553345,0.9996307237813885,0.6013065576553345,0.9996307237813885,0.021687975153326988,0.9988186359405518,1.0,0.9999999403953552
GCN,320,2120,4,1,5,-2.215529441833496,4.7008819580078125,6.916411399841309,0.7071066498756409,0.03176762908697128,0.10781202465295792,0.6279328465461731,-0.04735388234257698,0.0,0,0.5394277572631836,0.9993021632937893,1432,0.9999999403953552,1.0,0.6207696560925129,0.9944608567208272,118.04023742675781,1.0,0.5716709494590759,0.9992614475627769,0.5716709494590759,0.9992614475627769,0.03176763281226158,0.9974671006202698,1.0,0.9999999403953552
GCN,320,2122,4,1,10,-4.018692493438721,2.033755302429199,6.05244779586792,0.5669466257095337,0.01523348968476057,0.018464146181941032,0.7871895432472229,0.014035328291356564,0.10837438423645321,0,0.5401256084442139,0.9993021632937893,1432,1.0,1.0,0.7717650856493627,1.0,147.1422882080078,1.0,0.7130753397941589,1.0,0.7130753397941589,1.0,0.015233488753437996,0.9994174838066101,1.0,1.0
GCN,320,2130,4,1,12,-4.187373161315918,1.6473920345306396,5.834765195846558,0.5303300619125366,0.021718842908740044,0.08495905995368958,0.8390945196151733,0.006931149400770664,0.10837438423645321,0,0.5422191023826599,0.9993021632937893,1432,0.9999999403953552,1.0,0.8215845327227015,1.0,157.2773895263672,1.0,0.7607622742652893,1.0,0.7607622742652893,1.0,0.021718842908740044,0.9988168478012085,1.0,0.9999999403953552
GCN,320,2131,0,1,3,1.689354419708252,6.614809513092041,4.925455093383789,0.8017836213111877,0.034073006361722946,-0.027989111840724945,0.5594581365585327,0.08485573530197144,0.2277377794619174,0,0.5415212512016296,0.9993021632937893,1432,0.9999999403953552,1.0,0.5574427129623843,0.9918759231905465,104.541259765625,1.0,0.5080922245979309,0.9985228951255539,0.5080922245979309,0.9985228951255539,0.03407300263643265,0.9971131682395935,1.0,0.9999999403953552
GCN,320,2139,3,1,4,-6.131839752197266,0.7830488681793213,6.914888620376587,0.7499998807907104,0.0377153716981411,0.02719554677605629,0.5958444476127625,0.05098830908536911,0.16331943918150815,0,0.5373342633247375,0.9993021632937893,1432,0.9999999403953552,1.0,0.5914818961016348,0.9944608567208272,111.33916473388672,1.0,0.540789783000946,0.9988921713441654,0.540789783000946,0.9988921713441654,0.0377153716981411,0.9964349269866943,1.0,0.9999999403953552
GCN,320,2141,3,1,4,-7.116925239562988,0.43880796432495117,7.5557332038879395,0.7499998807907104,0.04076367989182472,0.015062473714351654,0.5967488884925842,0.10486698150634766,0.3446381205001895,1,0.5380321145057678,0.9993021632937893,1432,0.9999999403953552,1.0,0.5923929768893623,0.9944608567208272,111.39118194580078,1.0,0.5405452847480774,0.9988921713441654,0.5405452847480774,0.9988921713441654,0.04076367989182472,0.9958445429801941,1.0,0.9999999403953552
GCN,320,2153,4,1,3,0.32973605394363403,5.833361625671387,5.503625571727753,0.8017836213111877,0.034706272184848785,0.013909034430980682,0.5577335357666016,0.08255241066217422,0.2233800682076544,0,0.5408234596252441,0.9993021632937893,1432,0.9999999403953552,1.0,0.5535982747314283,0.990029542097489,104.46105194091797,1.0,0.5070128440856934,0.9985228951255539,0.5070128440856934,0.9985228951255539,0.034706272184848785,0.9969843626022339,1.0,0.9999999403953552
GCN,320,2156,0,1,4,0.7047158479690552,5.28357458114624,4.578858733177185,0.7499998807907104,0.028042685240507126,-0.015737270936369896,0.5968482494354248,0.07921969890594482,0.22034861690034105,0,0.5415212512016296,0.9993021632937893,1432,0.9999999403953552,1.0,0.5902874269507118,0.9944608567208272,111.51130676269531,1.0,0.5404924750328064,0.9988921713441654,0.5404924750328064,0.9988921713441654,0.028042688965797424,0.9980363249778748,1.0,0.9999999403953552
GCN,320,2157,6,1,5,-2.283583164215088,2.3100156784057617,4.59359884262085,0.7071066498756409,0.02939080260694027,0.03605886548757553,0.6310557126998901,0.01678478717803955,0.10837438423645321,0,0.5373342633247375,0.9993021632937893,1432,1.0,0.9999999403953552,0.6232105386959427,0.9944608567208272,117.66456604003906,1.0,0.5709764361381531,0.9992614475627769,0.5709764361381531,0.9992614475627769,0.029390806332230568,0.9978313446044922,0.9999999403953552,1.0
GCN,320,2158,6,1,1,-1.8765109777450562,3.525104522705078,5.401615500450134,0.9486831426620483,0.07506507635116577,0.003388497978448868,0.4768013060092926,0.16333630681037903,0.5604395604395604,1,0.535938560962677,0.9993021632937893,1432,0.9999999403953552,1.0,0.48301376295917003,0.9763663220088626,88.78813171386719,1.0,0.4316079020500183,0.9959379615952733,0.4316079020500183,0.9959379615952733,0.07506506890058517,0.9861341714859009,1.0,0.9999999403953552
GCN,320,2160,6,1,8,-2.5332913398742676,1.8482542037963867,4.381545543670654,0.6123723983764648,0.02421742118895054,0.003078949637711048,0.7297811508178711,0.0357421338558197,0.10837438423645321,0,0.5387299060821533,0.9993021632937893,1432,0.9999999403953552,1.0,0.7162637833072949,1.0,136.08770751953125,1.0,0.6595834493637085,1.0,0.6595834493637085,1.0,0.02421742118895054,0.9985306859016418,1.0,0.9999999403953552
GCN,320,2164,6,1,3,-2.8106932640075684,1.865156650543213,4.675849914550781,0.8017836213111877,0.03696797415614128,-0.0009486731141805649,0.5586034655570984,0.08090724050998688,0.22110647972716937,0,0.5408234596252441,0.9993021632937893,1432,1.0,1.0,0.5526732016636441,0.990029542097489,104.26763916015625,1.0,0.5070831179618835,0.9985228951255539,0.5070831179618835,0.9985228951255539,0.03696797415614128,0.9965877532958984,1.0,1.0
GCN,320,2165,6,1,3,-1.0223019123077393,4.099426746368408,5.1217286586761475,0.8017836213111877,0.030789893120527267,-0.020181704312562943,0.5587493181228638,0.08070246130228043,0.2209170140204623,0,0.5380321145057678,0.9993021632937893,1432,1.0,1.0,0.5548443102477931,0.9911373707533235,104.17474365234375,1.0,0.5059738159179688,0.9985228951255539,0.5059738159179688,0.9985228951255539,0.03078988753259182,0.9976363778114319,1.0,1.0
GCN,320,2166,5,1,2,-2.574024200439453,3.2171108722686768,5.79113507270813,0.8660253286361694,0.08365887403488159,0.03437536209821701,0.521062433719635,0.16148610413074493,0.5492610837438424,1,0.5366364121437073,0.9993021632937893,1432,0.9999999403953552,1.0,0.522272806967041,0.9863367799113737,96.75991821289062,1.0,0.4701736867427826,0.9981536189069424,0.4701736867427826,0.9981536189069424,0.08365887403488159,0.9826852083206177,1.0,0.9999999403953552
GCN,320,2172,0,1,5,3.4771480560302734,8.070395469665527,4.593247413635254,0.7071066498756409,0.03074590489268303,0.0525779090821743,0.6303969621658325,0.030847983434796333,0.10837438423645321,0,0.5408234596252441,0.9993021632937893,1432,1.0,1.0,0.6224676088155767,0.9944608567208272,118.2822036743164,1.0,0.573445200920105,0.9996307237813885,0.573445200920105,0.9996307237813885,0.03074590303003788,0.9976249933242798,1.0,1.0
GCN,320,2177,3,1,4,0.26030397415161133,3.48045015335083,3.2201461791992188,0.7499998807907104,0.060897283256053925,0.10275810956954956,0.592276930809021,0.03533682972192764,0.10837438423645321,0,0.5401256084442139,0.9993021632937893,1432,0.9999999403953552,1.0,0.5866345900152644,0.9940915805022157,111.19881439208984,1.0,0.541344940662384,0.9988921713441654,0.541344940662384,0.9988921713441654,0.060897279530763626,0.9906585216522217,1.0,0.9999999403953552
GCN,320,2181,0,1,8,3.9365925788879395,8.507601737976074,4.571009159088135,0.6123723983764648,0.027886133641004562,0.13698479533195496,0.7239992618560791,0.0225166454911232,0.10837438423645321,0,0.5415212512016296,0.9993021632937893,1432,0.9999999403953552,1.0,0.711029214497561,1.0,136.4636993408203,1.0,0.660618007183075,1.0,0.660618007183075,1.0,0.02788614109158516,0.9980571866035461,1.0,0.9999999403953552
GCN,320,2189,0,1,6,0.8146005868911743,5.294091701507568,4.479491114616394,0.6708203554153442,0.02135578542947769,0.042707886546850204,0.6647300720214844,0.06344100832939148,0.2046229632436529,0,0.5408234596252441,0.9993021632937893,1432,0.9999999403953552,1.0,0.6540824880521208,0.9951994091580503,124.4692611694336,1.0,0.6032567024230957,0.9996307237813885,0.6032567024230957,0.9996307237813885,0.02135578542947769,0.9988545179367065,1.0,0.9999999403953552
GCN,320,2195,0,1,4,-0.8572628498077393,3.9294986724853516,4.786761522293091,0.7499998807907104,0.03672810643911362,0.05923417955636978,0.5942013263702393,0.015628408640623093,0.10837438423645321,0,0.5408234596252441,0.9993021632937893,1432,0.9999999403953552,1.0,0.5856437200935348,0.9940915805022157,111.0943603515625,1.0,0.5383424162864685,0.9988921713441654,0.5383424162864685,0.9988921713441654,0.036728110164403915,0.9966100454330444,1.0,0.9999999403953552
GCN,320,2198,0,1,5,2.6235413551330566,7.436535358428955,4.812994003295898,0.7071066498756409,0.023195473477244377,0.11108992993831635,0.628387987613678,-0.0405668281018734,0.0,0,0.5408234596252441,0.9993021632937893,1432,1.0,1.0,0.6210694458242845,0.9944608567208272,118.22235107421875,1.0,0.5730171203613281,0.9992614475627769,0.5730171203613281,0.9992614475627769,0.023195475339889526,0.9986534118652344,1.0,1.0
GCN,320,2212,3,1,4,-2.8485240936279297,4.48786735534668,7.336391448974609,0.7499998807907104,0.032489582896232605,0.013928733766078949,0.5960603356361389,0.0627298578619957,0.20367563471011746,0,0.5408234596252441,0.9993021632937893,1432,0.9999999403953552,1.0,0.5901731619660159,0.9944608567208272,111.43115997314453,1.0,0.5419954657554626,0.9988921713441654,0.5419954657554626,0.9988921713441654,0.032489579170942307,0.997356116771698,1.0,0.9999999403953552
GCN,320,2215,3,1,4,-3.1503775119781494,4.563704490661621,7.7140820026397705,0.7499998807907104,0.031249022111296654,0.04648016765713692,0.5946096181869507,0.001445351168513298,0.10837438423645321,0,0.5380321145057678,0.9993021632937893,1432,0.9999999403953552,1.0,0.5892895754155082,0.9944608567208272,111.3060302734375,1.0,0.5402237772941589,0.9988921713441654,0.5402237772941589,0.9988921713441654,0.031249025836586952,0.9975472688674927,1.0,0.9999999403953552
GCN,320,2218,1,1,2,-1.5303130149841309,3.9935245513916016,5.523837566375732,0.8660253286361694,0.10057755559682846,0.08906224370002747,0.5180961489677429,0.1310935914516449,0.4226979916635089,1,0.5394277572631836,0.9993021632937893,1432,0.9999999403953552,1.0,0.5190568923876953,0.9863367799113737,96.8796157836914,1.0,0.4735978841781616,0.9981536189069424,0.4735978841781616,0.9981536189069424,0.10057755559682846,0.9747565388679504,1.0,0.9999999403953552
GCN,320,2224,4,1,8,-2.8188562393188477,3.2646782398223877,6.083534479141235,0.6123723983764648,0.01864817552268505,-0.0019520418718457222,0.7295259237289429,0.015978168696165085,0.10837438423645321,0,0.5415212512016296,0.9993021632937893,1432,0.9999999403953552,1.0,0.7158345511192589,1.0,136.37393188476562,1.0,0.6605429649353027,1.0,0.6605429649353027,1.0,0.01864817552268505,0.9991284012794495,1.0,0.9999999403953552
GCN,320,2228,6,1,6,-1.2474961280822754,3.2518370151519775,4.499333143234253,0.6708203554153442,0.02134540118277073,0.15144379436969757,0.6612578630447388,-0.12659373879432678,0.0,0,0.5408234596252441,0.9993021632937893,1432,1.0,0.9999999403953552,0.6507128813551819,0.9951994091580503,123.75923156738281,1.0,0.5989391207695007,0.9996307237813885,0.5989391207695007,0.9996307237813885,0.02134540304541588,0.9988680481910706,1.0,0.9999999403953552
GCN,320,2229,3,1,3,-3.01294207572937,4.330046653747559,7.342988729476929,0.8017836213111877,0.04354128986597061,-0.0108870267868042,0.5598844289779663,0.08289968967437744,0.2233800682076544,0,0.5366364121437073,0.9993021632937893,1432,0.9999999403953552,1.0,0.5554557906086347,0.9911373707533235,104.30735778808594,1.0,0.5056481957435608,0.9985228951255539,0.5056481957435608,0.9985228951255539,0.04354128986597061,0.9952855110168457,1.0,0.9999999403953552
GCN,320,2231,0,1,2,-1.9622583389282227,5.5222930908203125,7.484551429748535,0.8660253286361694,0.04434539005160332,-0.015053928829729557,0.5186651945114136,0.08277732133865356,0.2233800682076544,0,0.5401256084442139,0.9993021632937893,1432,0.9999999403953552,1.0,0.5204057718708983,0.9863367799113737,97.15233612060547,1.0,0.4705198109149933,0.9981536189069424,0.4705198109149933,0.9981536189069424,0.04434539005160332,0.9951158165931702,1.0,0.9999999403953552
GCN,320,2232,0,1,3,2.625831365585327,7.831835746765137,5.20600438117981,0.8017836213111877,0.03898737207055092,0.058910779654979706,0.5559123754501343,0.05444753170013428,0.1883289124668435,0,0.5394277572631836,0.9993021632937893,1432,0.9999999403953552,1.0,0.5530721488315296,0.990029542097489,104.42570495605469,1.0,0.508328378200531,0.9985228951255539,0.508328378200531,0.9985228951255539,0.03898737207055092,0.996180534362793,1.0,0.9999999403953552
GCN,320,2235,5,1,3,-4.49135684967041,2.680537700653076,7.171894550323486,0.8017836213111877,0.043063580989837646,0.013508806005120277,0.5585160851478577,0.07411129772663116,0.21314892004547176,0,0.5387299060821533,0.9993021632937893,1432,0.9999999403953552,1.0,0.5554320482879525,0.9911373707533235,104.38253021240234,1.0,0.5069029927253723,0.9985228951255539,0.5069029927253723,0.9985228951255539,0.04306357726454735,0.9953663349151611,1.0,0.9999999403953552
GCN,320,2249,4,1,6,-3.7570109367370605,2.785806179046631,6.542817115783691,0.6708203554153442,0.019440259784460068,0.030416153371334076,0.6650779247283936,0.09835976362228394,0.3090185676392573,0,0.5415212512016296,0.9993021632937893,1432,0.9999999403953552,1.0,0.6552990426576824,0.9955686853766618,124.37419891357422,1.0,0.6026604175567627,0.9996307237813885,0.6026604175567627,0.9996307237813885,0.01944025792181492,0.9990510940551758,1.0,0.9999999403953552
GCN,320,2264,4,1,1,0.2386951446533203,7.138686180114746,6.899991035461426,0.9486831426620483,0.07057054340839386,-0.07452365756034851,0.48174744844436646,0.21394196152687073,0.7186434255399773,1,0.535938560962677,0.9993021632937893,1432,0.9999999403953552,1.0,0.4822627588950424,0.9763663220088626,89.37389373779297,1.0,0.4358435273170471,0.9963072378138847,0.4358435273170471,0.9963072378138847,0.07057053595781326,0.988073468208313,1.0,0.9999999403953552
GCN,320,2274,0,1,3,-0.9815407991409302,3.9797983169555664,4.961339116096497,0.8017836213111877,0.03593374043703079,-0.008707080036401749,0.558843731880188,0.0736384242773056,0.21295945433876468,0,0.5415212512016296,0.9993021632937893,1432,0.9999999403953552,1.0,0.5537481278674166,0.990029542097489,104.31080627441406,1.0,0.5057992935180664,0.9985228951255539,0.5057992935180664,0.9985228951255539,0.03593374043703079,0.9967793226242065,1.0,0.9999999403953552
GCN,320,2279,2,1,3,-5.387231826782227,3.319291353225708,8.706523180007935,0.8017836213111877,0.0312647819519043,-0.010754652321338654,0.5584359169006348,0.051322147250175476,0.16729821902235695,0,0.5387299060821533,0.9993021632937893,1432,0.9999999403953552,1.0,0.5549258136569212,0.9911373707533235,104.00077056884766,1.0,0.5055012106895447,0.9985228951255539,0.5055012106895447,0.9985228951255539,0.031264785677194595,0.9975593686103821,1.0,0.9999999403953552
GCN,320,2288,5,1,3,-2.2500967979431152,3.1657052040100098,5.415802001953125,0.8017836213111877,0.040046680718660355,-0.027166996151208878,0.5602397918701172,0.03559742122888565,0.10837438423645321,0,0.5387299060821533,0.9993021632937893,1432,0.9999999403953552,1.0,0.5561928269653843,0.9911373707533235,104.5662841796875,1.0,0.5072550773620605,0.9985228951255539,0.5072550773620605,0.9985228951255539,0.040046680718660355,0.9960207939147949,1.0,0.9999999403953552
GCN,320,2293,0,1,3,-0.424238383769989,4.70933723449707,5.133575618267059,0.8017836213111877,0.03955579921603203,0.05153045058250427,0.5562974810600281,0.04767689108848572,0.13793103448275862,0,0.5429169535636902,0.9993021632937893,1432,0.9999999403953552,1.0,0.5530300360588326,0.990029542097489,104.20083618164062,1.0,0.5057826638221741,0.9985228951255539,0.5057826638221741,0.9985228951255539,0.03955579549074173,0.9960703253746033,1.0,0.9999999403953552
GCN,320,2297,4,1,3,-3.3704710006713867,4.157608985900879,7.528079986572266,0.8017836213111877,0.05695796385407448,-0.012847419828176498,0.5620728731155396,-0.010077577084302902,0.0,0,0.5373342633247375,0.9993021632937893,1432,0.9999999403953552,1.0,0.5583696782917663,0.9918759231905465,104.68791198730469,1.0,0.5068361759185791,0.9985228951255539,0.5068361759185791,0.9985228951255539,0.05695796385407448,0.9919822216033936,1.0,0.9999999403953552
GCN,320,2299,4,1,2,-2.4650285243988037,5.057218551635742,7.522247076034546,0.8660253286361694,0.04767318069934845,-0.009117774665355682,0.5187916159629822,0.14283059537410736,0.46854869268662375,1,0.5380321145057678,0.9993021632937893,1432,0.9999999403953552,1.0,0.5170054020073712,0.9859675036927622,97.0810317993164,1.0,0.4686608612537384,0.9981536189069424,0.4686608612537384,0.9981536189069424,0.04767318069934845,0.9943550229072571,1.0,0.9999999403953552
GCN,320,2302,3,1,2,-2.3559107780456543,5.4854350090026855,7.84134578704834,0.8660253286361694,0.03836897388100624,-0.007891101762652397,0.5176101922988892,0.09381438791751862,0.2737779461917393,0,0.5394277572631836,0.9993021632937893,1432,0.9999999403953552,1.0,0.5184574934108943,0.9859675036927622,96.49640655517578,1.0,0.469326376914978,0.9981536189069424,0.469326376914978,0.9981536189069424,0.03836897388100624,0.9963302612304688,1.0,0.9999999403953552
GCN,320,2310,3,1,2,-0.952009916305542,4.027115821838379,4.979125738143921,0.8660253286361694,0.05637802183628082,0.04811449721455574,0.5163396000862122,0.07070136815309525,0.21049640015157256,0,0.5394277572631836,0.9993021632937893,1432,0.9999999403953552,1.0,0.5153098732885406,0.9844903988183161,96.53400421142578,1.0,0.4671710729598999,0.9981536189069424,0.4671710729598999,0.9981536189069424,0.05637802183628082,0.9920387268066406,1.0,0.9999999403953552
GCN,320,2316,3,1,1,-3.061647891998291,4.700199127197266,7.761847019195557,0.9486831426620483,0.08433899283409119,0.009481139481067657,0.47795528173446655,0.17894771695137024,0.6074270557029178,1,0.5373342633247375,0.9993021632937893,1432,0.9999999403953552,1.0,0.4819812383937672,0.9763663220088626,88.38691711425781,1.0,0.4277011454105377,0.9948301329394387,0.4277011454105377,0.9948301329394387,0.08433899283409119,0.9825507402420044,1.0,0.9999999403953552
GCN,320,2318,1,1,2,-0.997685432434082,5.461167812347412,6.458853244781494,0.8660253286361694,0.04087688401341438,0.05980466678738594,0.5146993398666382,0.034591466188430786,0.10837438423645321,0,0.5401256084442139,0.9993021632937893,1432,0.9999999403953552,1.0,0.5151435164595181,0.9844903988183161,96.54653930664062,1.0,0.4683740437030792,0.9981536189069424,0.4683740437030792,0.9981536189069424,0.04087688401341438,0.9958013296127319,1.0,0.9999999403953552
GCN,320,2320,3,1,2,-0.7982025146484375,5.90170431137085,6.699906826019287,0.8660253286361694,0.0470731146633625,-0.016583936288952827,0.5191152691841125,0.1276836097240448,0.41227737779461915,1,0.5394277572631836,0.9993021632937893,1432,0.9999999403953552,1.0,0.5176973889253913,0.9859675036927622,96.8703842163086,1.0,0.4709087908267975,0.9981536189069424,0.4709087908267975,0.9981536189069424,0.047073110938072205,0.9945045709609985,1.0,0.9999999403953552
GCN,320,2321,0,1,2,1.3228354454040527,6.77510404586792,5.452268600463867,0.8660253286361694,0.04849979281425476,-0.008384115993976593,0.5188615322113037,0.0833871066570282,0.22565365668813944,0,0.5394277572631836,0.9993021632937893,1432,0.9999999403953552,1.0,0.5177680189035503,0.9859675036927622,96.976806640625,1.0,0.4731582701206207,0.9981536189069424,0.4731582701206207,0.9981536189069424,0.04849978908896446,0.9941585063934326,1.0,0.9999999403953552
GCN,320,2330,0,1,3,0.8699375987052917,6.129302024841309,5.259364426136017,0.8017836213111877,0.034849561750888824,-0.008495982736349106,0.5587159991264343,0.09683207422494888,0.29120879120879123,0,0.5415212512016296,0.9993021632937893,1432,0.9999999403953552,1.0,0.554978737466781,0.9911373707533235,104.70281982421875,1.0,0.5071027278900146,0.9985228951255539,0.5071027278900146,0.9985228951255539,0.03484956547617912,0.9969696402549744,1.0,0.9999999403953552
GCN,320,2331,1,1,2,-2.0696990489959717,3.842449903488159,5.912148952484131,0.8660253286361694,0.055538635700941086,0.01980292797088623,0.518074095249176,0.10149997472763062,0.3283440697233801,1,0.5380321145057678,0.9993021632937893,1432,0.9999999403953552,1.0,0.5200038567271628,0.9863367799113737,96.74124145507812,1.0,0.4711742401123047,0.9981536189069424,0.4711742401123047,0.9981536189069424,0.055538635700941086,0.992311954498291,1.0,0.9999999403953552
GCN,320,2337,4,1,1,-3.5230796337127686,5.721189498901367,9.244269132614136,0.9486831426620483,0.08601745963096619,0.015046028420329094,0.47777441143989563,0.14227217435836792,0.46798029556650245,1,0.5394277572631836,0.9993021632937893,1432,0.9999999403953552,1.0,0.4830662520395313,0.9763663220088626,88.64628601074219,1.0,0.4303220808506012,0.9959379615952733,0.4303220808506012,0.9959379615952733,0.08601745963096619,0.981831431388855,1.0,0.9999999403953552
GCN,320,2341,4,1,1,-3.5743517875671387,4.813053131103516,8.387404918670654,0.9486831426620483,0.14220845699310303,0.04139149188995361,0.48781466484069824,0.22464147210121155,0.7444107616521409,1,0.5415212512016296,0.9993021632937893,1432,0.9999999403953552,1.0,0.4887787687512912,0.9763663220088626,88.9213638305664,1.0,0.4329184293746948,0.9963072378138847,0.4329184293746948,0.9963072378138847,0.14220845699310303,0.9517006874084473,1.0,0.9999999403953552
GCN,320,2342,0,1,1,1.285697102546692,6.409022331237793,5.123325228691101,0.9486831426620483,0.07826709002256393,-0.07135152816772461,0.48340049386024475,0.24913188815116882,0.7910193255020841,1,0.5401256084442139,0.9993021632937893,1432,0.9999999403953552,1.0,0.48214118915602366,0.9763663220088626,89.58171844482422,1.0,0.43509548902511597,0.9963072378138847,0.43509548902511597,0.9963072378138847,0.07826709002256393,0.985403835773468,1.0,0.9999999403953552
GCN,320,2346,3,1,3,-2.908658981323242,4.997094631195068,7.9057536125183105,0.8017836213111877,0.035053856670856476,0.07585547864437103,0.5550518035888672,-0.01586936227977276,0.0,0,0.5394277572631836,0.9993021632937893,1432,0.9999999403953552,1.0,0.5526447021209732,0.990029542097489,104.01219940185547,1.0,0.5050447583198547,0.9985228951255539,0.5050447583198547,0.9985228951255539,0.035053856670856476,0.9969109296798706,1.0,0.9999999403953552
GCN,320,2347,0,1,3,1.0276732444763184,7.522688865661621,6.495015621185303,0.8017836213111877,0.033701181411743164,0.017729979008436203,0.5574946999549866,0.025287985801696777,0.10837438423645321,0,0.5401256084442139,0.9993021632937893,1432,1.0,1.0,0.5546992663357829,0.990029542097489,104.42427062988281,1.0,0.5075415968894958,0.9985228951255539,0.5075415968894958,0.9985228951255539,0.03370118513703346,0.9971545934677124,1.0,0.9999999403953552
GCN,320,2353,4,1,3,-2.4869065284729004,4.56179666519165,7.048703193664551,0.8017836213111877,0.03555407375097275,-0.0013014543801546097,0.558474600315094,0.07565470784902573,0.21580143993937098,0,0.5401256084442139,0.9993021632937893,1432,0.9999999403953552,1.0,0.5554373602173184,0.9911373707533235,104.56288146972656,1.0,0.5070393681526184,0.9985228951255539,0.5070393681526184,0.9985228951255539,0.03555407375097275,0.9968427419662476,1.0,0.9999999403953552
GCN,320,2359,2,0,11,-7.824404716491699,-1.8301056623458862,5.994299054145813,0.5477225184440613,0.024233287200331688,0.0066854581236839294,0.8157622814178467,0.017397932708263397,0.10837438423645321,0,0.5436148047447205,0.9993021632937893,1432,0.9999999403953552,1.0,0.7995611059754725,1.0,152.3148956298828,1.0,0.7370882630348206,1.0,0.7370882630348206,1.0,0.024233289062976837,0.9985281825065613,1.0,0.9999999403953552
GCN,320,2365,2,0,7,-7.3268890380859375,-0.6733030676841736,6.653585970401764,0.6396021246910095,0.03492196649312973,0.015394126996397972,0.6990965604782104,0.05331503972411156,0.18226600985221675,0,0.5380321145057678,0.9993021632937893,1432,0.9999999403953552,1.0,0.6871368793059563,0.9996307237813885,130.6056365966797,1.0,0.6335060000419617,1.0,0.6335060000419617,1.0,0.03492197021842003,0.9969463348388672,1.0,0.9999999403953552
GCN,320,2368,3,1,2,-0.4184778928756714,5.802344799041748,6.220822691917419,0.8660253286361694,0.05734952166676521,-0.07537257671356201,0.5245254635810852,0.18903370201587677,0.6367942402425161,1,0.5394277572631836,0.9993021632937893,1432,0.9999999403953552,1.0,0.5231890017372045,0.9863367799113737,96.96968078613281,1.0,0.4717448651790619,0.9981536189069424,0.4717448651790619,0.9981536189069424,0.057349517941474915,0.9920440316200256,1.0,0.9999999403953552
GCN,320,2383,4,1,10,-4.861294269561768,1.2194108963012695,6.080705165863037,0.5669466257095337,0.02022654004395008,-0.014779452234506607,0.7885616421699524,0.08176729083061218,0.22243273967411897,0,0.5401256084442139,0.9993021632937893,1432,1.0,1.0,0.7737373002201019,1.0,147.24851989746094,1.0,0.7125030159950256,1.0,0.7125030159950256,1.0,0.02022654376924038,0.9989763498306274,1.0,1.0
GCN,320,2384,0,1,1,0.8938182592391968,6.899822235107422,6.006003975868225,0.9486831426620483,0.0686800554394722,0.007132135331630707,0.4754851758480072,0.15640944242477417,0.53315649867374,1,0.5436148047447205,0.9993021632937893,1432,0.9999999403953552,1.0,0.479813493341767,0.9759970457902511,88.47832489013672,1.0,0.4276755452156067,0.9948301329394387,0.4276755452156067,0.9948301329394387,0.0686800554394722,0.988341748714447,1.0,0.9999999403953552
GCN,320,2389,2,1,2,-3.8442671298980713,4.194046497344971,8.038313627243042,0.8660253286361694,0.04658159986138344,-0.013019045814871788,0.518856406211853,0.11380184441804886,0.38044713906782873,1,0.535938560962677,0.9993021632937893,1432,0.9999999403953552,1.0,0.5180791481169723,0.9859675036927622,96.62995910644531,1.0,0.4695502817630768,0.9981536189069424,0.4695502817630768,0.9981536189069424,0.04658159613609314,0.994612991809845,1.0,0.9999999403953552
GCN,320,2392,2,1,3,-3.9928810596466064,4.041132926940918,8.034013986587524,0.8017836213111877,0.03611104562878609,-0.02432239055633545,0.5595634579658508,0.09448949247598648,0.27434634331186053,0,0.5324493646621704,0.9993021632937893,1432,0.9999999403953552,1.0,0.5555683180879556,0.9911373707533235,104.26875305175781,1.0,0.5070397257804871,0.9985228951255539,0.5070397257804871,0.9985228951255539,0.03611104562878609,0.9967575073242188,1.0,0.9999999403953552
GCN,320,2411,3,1,1,-2.449843645095825,6.2699174880981445,8.71976113319397,0.9486831426620483,0.0862840935587883,0.008572105318307877,0.4784030616283417,0.11320576071739197,0.38006820765441457,1,0.5401256084442139,0.9993021632937893,1432,0.9999999403953552,1.0,0.4799382452180931,0.9759970457902511,88.91171264648438,1.0,0.42730751633644104,0.9948301329394387,0.42730751633644104,0.9948301329394387,0.0862840935587883,0.9817632436752319,1.0,0.9999999403953552
GCN,320,2425,3,1,5,0.7429982423782349,5.778924942016602,5.035926699638367,0.7071066498756409,0.03545233607292175,0.027244169265031815,0.6318109631538391,-0.008544597774744034,0.0,0,0.5387299060821533,0.9993021632937893,1432,0.9999999403953552,1.0,0.6233836731583677,0.9944608567208272,118.57107543945312,1.0,0.5728970170021057,0.9992614475627769,0.5728970170021057,0.9992614475627769,0.03545233979821205,0.9968488216400146,1.0,0.9999999403953552
GCN,320,2427,3,1,3,-1.72236967086792,5.123634338378906,6.846004009246826,0.8017836213111877,0.05776606872677803,0.06881284713745117,0.556358277797699,0.023773984983563423,0.10837438423645321,0,0.5345429182052612,0.9993021632937893,1432,1.0,1.0,0.5511152999467289,0.990029542097489,103.96397399902344,1.0,0.5050409436225891,0.9985228951255539,0.5050409436225891,0.9985228951255539,0.05776607245206833,0.991619884967804,1.0,1.0
GCN,320,2428,5,1,1,-1.6240190267562866,4.519505500793457,6.143524527549744,0.9486831426620483,0.15541410446166992,0.04445958137512207,0.4912383556365967,0.29121163487434387,0.8666161424782114,1,0.5394277572631836,0.9993021632937893,1432,0.9999999403953552,1.0,0.48982794886752623,0.9763663220088626,88.5193862915039,1.0,0.4365151822566986,0.9963072378138847,0.4365151822566986,0.9963072378138847,0.15541410446166992,0.9428718090057373,1.0,0.9999999403953552
GCN,320,2431,4,1,1,-2.4487388134002686,5.587347984313965,8.036086797714233,0.9486831426620483,0.11249000579118729,-0.006457091774791479,0.48591288924217224,0.22556312382221222,0.7455475558923835,1,0.5387299060821533,0.9993021632937893,1432,0.9999999403953552,1.0,0.4916410137073745,0.9763663220088626,90.65360260009766,1.0,0.44005829095840454,0.9966765140324964,0.44005829095840454,0.9966765140324964,0.11249000579118729,0.9697701930999756,1.0,0.9999999403953552
GCN,320,2433,2,1,1,0.20671284198760986,6.6077165603637695,6.40100371837616,0.9486831426620483,0.08693026006221771,0.03198020160198212,0.4764138460159302,0.13480202853679657,0.43349753694581283,1,0.5394277572631836,0.9993021632937893,1432,0.9999999403953552,1.0,0.48026986386465453,0.9759970457902511,88.88253784179688,1.0,0.43096044659614563,0.9959379615952733,0.43096044659614563,0.9959379615952733,0.08693025261163712,0.981347918510437,1.0,0.9999999403953552
GCN,320,2435,4,1,2,-2.1728005409240723,5.459412574768066,7.632213115692139,0.8660253286361694,0.047886963933706284,0.05903594195842743,0.5150629878044128,0.04199598357081413,0.10989010989010989,0,0.5366364121437073,0.9993021632937893,1432,0.9999999403953552,1.0,0.5143036818629735,0.9844903988183161,96.5953598022461,1.0,0.46857696771621704,0.9981536189069424,0.46857696771621704,0.9981536189069424,0.047886960208415985,0.9942408800125122,1.0,0.9999999403953552
GCN,320,2438,3,1,2,-3.052753210067749,5.462614059448242,8.515367269515991,0.8660253286361694,0.06340333819389343,0.04749799892306328,0.5170810222625732,0.08085918426513672,0.22110647972716937,0,0.5352407097816467,0.9993021632937893,1432,0.9999999403953552,1.0,0.5181231813663458,0.9859675036927622,96.6209487915039,1.0,0.4695417582988739,0.9981536189069424,0.4695417582988739,0.9981536189069424,0.06340333819389343,0.9899486899375916,1.0,0.9999999403953552
GCN,320,2445,2,1,4,-4.64371395111084,3.968021869659424,8.611735820770264,0.7499998807907104,0.026136137545108795,0.0030817585065960884,0.5960000157356262,0.02319440059363842,0.10837438423645321,0,0.5380321145057678,0.9993021632937893,1432,0.9999999403953552,1.0,0.5904675904681774,0.9944608567208272,111.42048645019531,1.0,0.5404602289199829,0.9988921713441654,0.5404602289199829,0.9988921713441654,0.026136135682463646,0.998289167881012,1.0,0.9999999403953552
GCN,320,2446,2,1,8,-6.484523773193359,1.147225022315979,7.631748795509338,0.6123723983764648,0.021225396543741226,0.05679257586598396,0.7276854515075684,-0.024869665503501892,0.0,0,0.5415212512016296,0.9993021632937893,1432,0.9999999403953552,1.0,0.7139452514548228,1.0,136.16783142089844,1.0,0.6594764590263367,1.0,0.6594764590263367,1.0,0.021225392818450928,0.9988685846328735,1.0,0.9999999403953552
GCN,320,2448,2,1,5,-5.977914333343506,2.1521782875061035,8.13009262084961,0.7071066498756409,0.027096306905150414,0.02226215787231922,0.631496012210846,0.0070614563301205635,0.10837438423645321,0,0.5422191023826599,0.9993021632937893,1432,0.9999999403953552,1.0,0.6232274430604088,0.9944608567208272,118.10454559326172,1.0,0.5725352168083191,0.9992614475627769,0.5725352168083191,0.9992614475627769,0.027096306905150414,0.9981580972671509,1.0,0.9999999403953552
GCN,320,2456,5,1,2,-1.3935668468475342,5.156774044036865,6.550340890884399,0.8660253286361694,0.046375006437301636,0.04397118091583252,0.5157883167266846,0.11059020459651947,0.3685107995452823,1,0.5380321145057678,0.9993021632937893,1432,0.9999999403953552,1.0,0.5167361915120201,0.9859675036927622,96.49057006835938,1.0,0.46795475482940674,0.9981536189069424,0.46795475482940674,0.9981536189069424,0.046375006437301636,0.9946064949035645,1.0,0.9999999403953552
GCN,320,2459,3,1,2,-6.111197471618652,0.9770476818084717,7.088245153427124,0.8660253286361694,0.08521057665348053,-0.04124222695827484,0.5286405086517334,0.1871280074119568,0.6309208033345964,1,0.5401256084442139,0.9993021632937893,1432,0.9999999403953552,1.0,0.5308794805159364,0.9870753323485968,97.21488952636719,1.0,0.4734984040260315,0.9981536189069424,0.4734984040260315,0.9981536189069424,0.08521057665348053,0.9825562834739685,1.0,0.9999999403953552
GCN,320,2461,6,1,1,-3.4803807735443115,1.794299840927124,5.2746806144714355,0.9486831426620483,0.08985865861177444,0.07910184562206268,0.4724964201450348,0.09851238876581192,0.3090185676392573,0,0.5387299060821533,0.9993021632937893,1432,0.9999999403953552,1.0,0.47313580736241134,0.9719350073855244,88.83682250976562,1.0,0.4293905198574066,0.9959379615952733,0.4293905198574066,0.9959379615952733,0.08985865861177444,0.9798290133476257,1.0,0.9999999403953552
GCN,320,2467,6,1,2,-0.8376758098602295,5.099477767944336,5.937153577804565,0.8660253286361694,0.05142149329185486,0.015456883236765862,0.5178577303886414,0.07019304484128952,0.21049640015157256,0,0.5366364121437073,0.9993021632937893,1432,0.9999999403953552,1.0,0.5168879099367204,0.9859675036927622,96.57238006591797,1.0,0.4665927588939667,0.9981536189069424,0.4665927588939667,0.9981536189069424,0.05142148956656456,0.9934065937995911,1.0,0.9999999403953552
GCN,320,2474,4,1,2,-4.778942108154297,3.2862789630889893,8.065221071243286,0.8660253286361694,0.07218801975250244,0.09913550317287445,0.5138363838195801,0.048747628927230835,0.14153088291019325,0,0.535938560962677,0.9993021632937893,1432,0.9999999403953552,1.0,0.5154676486278469,0.9844903988183161,96.34740447998047,1.0,0.46710583567619324,0.9981536189069424,0.46710583567619324,0.9981536189069424,0.07218802720308304,0.9868853092193604,1.0,0.9999999403953552
GCN,320,2479,6,1,1,-3.313004493713379,2.557849168777466,5.870853662490845,0.9486831426620483,0.09083700180053711,-0.023925039917230606,0.48234280943870544,0.17747989296913147,0.5987116331943918,1,0.5352407097816467,0.9993021632937893,1432,0.9999999403953552,1.0,0.48523835180099684,0.9763663220088626,89.84538269042969,1.0,0.4362950026988983,0.9963072378138847,0.4362950026988983,0.9963072378138847,0.09083700180053711,0.9801100492477417,1.0,0.9999999403953552
GCN,320,2483,4,1,2,-2.6475436687469482,4.917475700378418,7.565019369125366,0.8660253286361694,0.10451503098011017,0.0483243465423584,0.5235937833786011,0.1757357269525528,0.5962485790071997,1,0.5394277572631836,0.9993021632937893,1432,0.9999999403953552,1.0,0.5248217995525998,0.9863367799113737,97.02950286865234,1.0,0.47499802708625793,0.9981536189069424,0.47499802708625793,0.9981536189069424,0.10451502352952957,0.9731380939483643,1.0,0.9999999403953552
GCN,320,2489,3,1,1,-3.454603433609009,5.075087547302246,8.529690980911255,0.9486831426620483,0.11761264503002167,0.06776507198810577,0.47832611203193665,0.1667979657649994,0.5666919287608942,1,0.5387299060821533,0.9993021632937893,1432,0.9999999403953552,1.0,0.48509570310632344,0.9763663220088626,88.57524108886719,1.0,0.4324524402618408,0.9959379615952733,0.4324524402618408,0.9959379615952733,0.11761264503002167,0.9659874439239502,1.0,0.9999999403953552
GCN,320,2490,4,1,2,-2.335580587387085,5.413725852966309,7.7493064403533936,0.8660253286361694,0.045974187552928925,-0.009596600197255611,0.5185945630073547,0.0702473372220993,0.21049640015157256,0,0.5415212512016296,0.9993021632937893,1432,0.9999999403953552,1.0,0.5194704120551797,0.9863367799113737,96.93045806884766,1.0,0.4685746431350708,0.9981536189069424,0.4685746431350708,0.9981536189069424,0.04597418010234833,0.9947472810745239,1.0,0.9999999403953552
GCN,320,2496,4,1,1,-0.901221752166748,5.7495269775390625,6.6507487297058105,0.9486831426620483,0.0761379599571228,-0.04481701925396919,0.4807872176170349,0.192286878824234,0.6494884425918909,1,0.5373342633247375,0.9993021632937893,1432,0.9999999403953552,1.0,0.48471538827475674,0.9763663220088626,89.2975082397461,1.0,0.4326997697353363,0.9963072378138847,0.4326997697353363,0.9963072378138847,0.0761379599571228,0.9859976172447205,1.0,0.9999999403953552
GCN,320,2505,1,1,1,-3.5949926376342773,2.331273078918457,5.926265716552734,0.9486831426620483,0.0778270959854126,0.011466192081570625,0.47662973403930664,0.16166135668754578,0.5507768093974991,1,0.5387299060821533,0.9993021632937893,1432,0.9999999403953552,1.0,0.4803651837634676,0.9759970457902511,88.56060791015625,1.0,0.42963707447052,0.9959379615952733,0.42963707447052,0.9959379615952733,0.077827088534832,0.9850781559944153,1.0,0.9999999403953552
GCN,320,2508,3,1,3,-4.2794294357299805,3.193993330001831,7.4734227657318115,0.8017836213111877,0.05790315940976143,0.089500293135643,0.5548718571662903,0.03701838105916977,0.10837438423645321,0,0.5401256084442139,0.9993021632937893,1432,1.0,1.0,0.5534115474739689,0.990029542097489,104.23429107666016,1.0,0.5081713795661926,0.9985228951255539,0.5081713795661926,0.9985228951255539,0.05790315568447113,0.9915624856948853,1.0,0.9999999403953552
GCN,320,2509,3,1,5,-6.466518402099609,1.3060400485992432,7.7725584506988525,0.7071066498756409,0.029114538803696632,0.020035922527313232,0.6317036747932434,0.003974448889493942,0.10837438423645321,0,0.5380321145057678,0.9993021632937893,1432,1.0,1.0,0.6241167264405635,0.9948301329394387,117.9020004272461,1.0,0.5720930099487305,0.9992614475627769,0.5720930099487305,0.9992614475627769,0.02911454811692238,0.9978744387626648,1.0,1.0
GCN,320,2514,2,1,2,-3.61354398727417,5.119258880615234,8.732802867889404,0.8660253286361694,0.05017181858420372,-0.028711527585983276,0.5202574133872986,0.13798503577709198,0.45054945054945056,1,0.5387299060821533,0.9993021632937893,1432,0.9999999403953552,1.0,0.5198208568176909,0.9863367799113737,96.84709930419922,1.0,0.47051146626472473,0.9981536189069424,0.47051146626472473,0.9981536189069424,0.05017181858420372,0.9937858581542969,1.0,0.9999999403953552
GCN,320,2523,2,1,2,-3.330218553543091,4.621225357055664,7.951443910598755,0.8660253286361694,0.05218149349093437,0.0017633549869060516,0.518765926361084,0.1309211552143097,0.4213717317165593,1,0.5401256084442139,0.9993021632937893,1432,0.9999999403953552,1.0,0.5191770220785623,0.9863367799113737,96.81305694580078,1.0,0.4726067781448364,0.9981536189069424,0.4726067781448364,0.9981536189069424,0.05218149349093437,0.9932318329811096,1.0,0.9999999403953552
GCN,320,2533,0,1,1,-2.823693037033081,6.436995983123779,9.26068902015686,0.9486831426620483,0.0822051614522934,-0.008248965255916119,0.4790741205215454,0.1881924271583557,0.6347101174687382,1,0.5387299060821533,0.9993021632937893,1432,0.9999999403953552,1.0,0.48500338678553917,0.9763663220088626,88.52425384521484,1.0,0.43234068155288696,0.9959379615952733,0.43234068155288696,0.9959379615952733,0.0822051614522934,0.9835074543952942,1.0,0.9999999403953552
GCN,320,2540,3,0,1,-8.117971420288086,-2.048081398010254,6.069890022277832,0.9486831426620483,0.13973881304264069,-0.006110120564699173,0.493836373090744,0.29894354939460754,0.8751420992800303,1,0.5422191023826599,0.9993021632937893,1432,0.9999999403953552,1.0,0.49886362760499975,0.9763663220088626,88.2978515625,1.0,0.43347564339637756,0.9963072378138847,0.43347564339637756,0.9963072378138847,0.1397387981414795,0.9544825553894043,1.0,0.9999999403953552
GCN,320,2543,3,1,3,-5.408844470977783,3.554368495941162,8.963212966918945,0.8017836213111877,0.03918425366282463,0.021323349326848984,0.5577557682991028,-0.02777770906686783,0.0,0,0.5401256084442139,0.9993021632937893,1432,0.9999999403953552,1.0,0.5554962441122568,0.9911373707533235,104.13493347167969,1.0,0.5048047304153442,0.9985228951255539,0.5048047304153442,0.9985228951255539,0.03918425366282463,0.9961556196212769,1.0,0.9999999403953552
GCN,320,2549,4,1,1,-3.3313980102539062,4.902562618255615,8.233960628509521,0.9486831426620483,0.07610095292329788,-0.03732497990131378,0.48019054532051086,0.17809388041496277,0.6023114816218265,1,0.5380321145057678,0.9993021632937893,1432,0.9999999403953552,1.0,0.4819289867177054,0.9763663220088626,89.14303588867188,1.0,0.4322618544101715,0.9959379615952733,0.4322618544101715,0.9959379615952733,0.07610095292329788,0.9859675765037537,1.0,0.9999999403953552
GCN,320,2552,3,1,1,-3.6421279907226562,5.3609795570373535,9.00310754776001,0.9486831426620483,0.15586954355239868,0.0061407145112752914,0.4973694980144501,0.3294782042503357,0.9088669950738916,1,0.5429169535636902,0.9993021632937893,1432,0.9999999403953552,1.0,0.503883331723934,0.9844903988183161,89.71527099609375,1.0,0.43780162930488586,0.9966765140324964,0.43780162930488586,0.9966765140324964,0.15586954355239868,0.9438642263412476,1.0,0.9999999403953552
GCN,320,2557,2,1,1,-4.733059883117676,4.003521919250488,8.736581802368164,0.9486831426620483,0.08323174715042114,-0.014873694628477097,0.4798499643802643,0.19286054372787476,0.6515725653656688,1,0.5401256084442139,0.9993021632937893,1432,0.9999999403953552,1.0,0.48171599479825267,0.9763663220088626,88.48690795898438,1.0,0.4321956932544708,0.9959379615952733,0.4321956932544708,0.9959379615952733,0.08323174715042114,0.9831470847129822,1.0,0.9999999403953552
GCN,320,2561,2,1,1,-1.405003547668457,7.2946882247924805,8.699691772460938,0.9486831426620483,0.15477439761161804,0.024445341899991035,0.49416109919548035,0.305621862411499,0.8825312618416067,1,0.5401256084442139,0.9993021632937893,1432,0.9999999403953552,1.0,0.5007166792590995,0.9844903988183161,90.06119537353516,1.0,0.43690380454063416,0.9966765140324964,0.43690380454063416,0.9966765140324964,0.15477439761161804,0.9439635276794434,1.0,0.9999999403953552
GCN,320,2562,0,1,2,-0.7808480262756348,5.001920700073242,5.782768726348877,0.8660253286361694,0.08063244819641113,-0.055023882538080215,0.5287213921546936,0.13719597458839417,0.44808639636225844,1,0.5394277572631836,0.9993021632937893,1432,0.9999999403953552,1.0,0.5256695202129338,0.9863367799113737,97.46159362792969,1.0,0.47397616505622864,0.9981536189069424,0.47397616505622864,0.9981536189069424,0.08063244819641113,0.9844204187393188,1.0,0.9999999403953552
GCN,320,2566,3,1,2,-1.8406751155853271,6.361269950866699,8.201945066452026,0.8660253286361694,0.06715395301580429,-0.016224201768636703,0.522404670715332,0.15140092372894287,0.5178097764304661,1,0.5394277572631836,0.9993021632937893,1432,0.9999999403953552,1.0,0.5214933473193789,0.9863367799113737,97.1395492553711,1.0,0.4717899262905121,0.9981536189069424,0.4717899262905121,0.9981536189069424,0.06715395301580429,0.9889252185821533,1.0,0.9999999403953552
GCN,320,2568,3,1,1,-5.5512495040893555,3.425684690475464,8.97693419456482,0.9486831426620483,0.07965358346700668,-0.02023039385676384,0.47956106066703796,0.19102737307548523,0.6451307313376279,1,0.535938560962677,0.9993021632937893,1432,0.9999999403953552,1.0,0.4837593041740114,0.9763663220088626,88.82951354980469,1.0,0.431018203496933,0.9959379615952733,0.431018203496933,0.9959379615952733,0.07965357601642609,0.9845602512359619,1.0,0.9999999403953552
GCN,320,2578,0,1,2,-1.9126551151275635,4.969423294067383,6.882078409194946,0.8660253286361694,0.049117445945739746,0.09438040107488632,0.5131241679191589,0.02603238821029663,0.10837438423645321,0,0.5380321145057678,0.9993021632937893,1432,0.9999999403953552,1.0,0.5137691043169677,0.9844903988183161,96.56390380859375,1.0,0.46881431341171265,0.9981536189069424,0.46881431341171265,0.9981536189069424,0.049117445945739746,0.9939274787902832,1.0,0.9999999403953552
GCN,320,2582,3,1,3,-7.194314956665039,1.847225308418274,9.041540265083313,0.8017836213111877,0.044431619346141815,-0.05793091654777527,0.5625906586647034,0.09186697006225586,0.26203107237589995,0,0.5394277572631836,0.9993021632937893,1432,0.9999999403953552,1.0,0.5597245567999849,0.992245199409158,104.20587158203125,1.0,0.5077563524246216,0.9985228951255539,0.5077563524246216,0.9985228951255539,0.044431619346141815,0.9951533079147339,1.0,0.9999999403953552
GCN,320,2586,5,1,1,-2.4665403366088867,4.911638259887695,7.378178596496582,0.9486831426620483,0.12263746559619904,0.02615668997168541,0.4846240282058716,0.16948577761650085,0.5759757483895415,1,0.5387299060821533,0.9993021632937893,1432,0.9999999403953552,1.0,0.4898418663755276,0.9763663220088626,88.74391174316406,1.0,0.43435585498809814,0.9963072378138847,0.43435585498809814,0.9963072378138847,0.12263746559619904,0.9637922048568726,1.0,0.9999999403953552
GCN,320,2592,5,1,2,-3.4904918670654297,3.3349030017852783,6.825394868850708,0.8660253286361694,0.05470056086778641,0.047305505722761154,0.516243040561676,0.06586304306983948,0.20670708601743085,0,0.5373342633247375,0.9993021632937893,1432,0.9999999403953552,1.0,0.5171049438231379,0.9859675036927622,97.26104736328125,1.0,0.4688212275505066,0.9981536189069424,0.4688212275505066,0.9981536189069424,0.05470055714249611,0.992503821849823,1.0,0.9999999403953552
GCN,320,2598,1,1,1,-2.000441074371338,4.321050643920898,6.321491718292236,0.9486831426620483,0.08357597142457962,0.0577673502266407,0.4736069440841675,0.10166410356760025,0.3283440697233801,1,0.5380321145057678,0.9993021632937893,1432,0.9999999403953552,1.0,0.47748613746852314,0.9745199409158051,89.13253021240234,1.0,0.43353956937789917,0.9963072378138847,0.43353956937789917,0.9963072378138847,0.08357596397399902,0.982606053352356,1.0,0.9999999403953552
GCN,320,2599,3,1,3,-4.359906196594238,3.8957159519195557,8.255622148513794,0.8017836213111877,0.04320725426077843,0.013883518055081367,0.5585107803344727,0.09423809498548508,0.2737779461917393,0,0.5373342633247375,0.9993021632937893,1432,0.9999999403953552,1.0,0.5559347931236853,0.9911373707533235,104.30513000488281,1.0,0.5079715847969055,0.9985228951255539,0.5079715847969055,0.9985228951255539,0.04320725426077843,0.9953352212905884,1.0,0.9999999403953552
GCN,320,2603,3,1,1,-2.5570967197418213,5.970410346984863,8.527507066726685,0.9486831426620483,0.07365676015615463,-0.012311000376939774,0.47776398062705994,0.11344505101442337,0.38044713906782873,1,0.535938560962677,0.9993021632937893,1432,0.9999999403953552,1.0,0.4775305437135588,0.9745199409158051,89.46711730957031,1.0,0.43505561351776123,0.9963072378138847,0.43505561351776123,0.9963072378138847,0.07365676015615463,0.9867089986801147,1.0,0.9999999403953552
GCN,320,2604,6,1,3,-0.860990047454834,3.9295997619628906,4.790589809417725,0.8017836213111877,0.04394714534282684,-0.03958557918667793,0.5615008473396301,0.10959175229072571,0.367942402425161,1,0.5380321145057678,0.9993021632937893,1432,0.9999999403953552,1.0,0.5570663162900213,0.9918759231905465,104.6534652709961,1.0,0.5089186429977417,0.9985228951255539,0.5089186429977417,0.9985228951255539,0.04394714534282684,0.9952316284179688,1.0,0.9999999403953552
GCN,320,2614,2,1,5,-5.568259239196777,2.3654448986053467,7.933704137802124,0.7071066498756409,0.04686826467514038,0.001284029334783554,0.63457190990448,0.10698557645082474,0.359037514209928,1,0.5401256084442139,0.9993021632937893,1432,0.9999999403953552,1.0,0.6256534736472241,0.9948301329394387,118.27359771728516,1.0,0.5747660994529724,0.9996307237813885,0.5747660994529724,0.9996307237813885,0.046868257224559784,0.9945300221443176,1.0,0.9999999403953552
GCN,320,2618,2,1,1,-1.9133307933807373,6.585557460784912,8.49888825416565,0.9486831426620483,0.16227637231349945,0.11553139984607697,0.4816596210002899,0.22249537706375122,0.7347480106100795,1,0.5415212512016296,0.9993021632937893,1432,0.9999999403953552,1.0,0.4871419355802645,0.9763663220088626,88.6844482421875,1.0,0.43491485714912415,0.9963072378138847,0.43491485714912415,0.9963072378138847,0.16227637231349945,0.935714840888977,1.0,0.9999999403953552
GCN,320,2631,4,1,1,-4.379777431488037,4.687069416046143,9.06684684753418,0.9486831426620483,0.10608096420764923,0.05640863627195358,0.4773882329463959,0.14297981560230255,0.47120121258052294,1,0.535938560962677,0.9993021632937893,1432,0.9999999403953552,1.0,0.4818327391432867,0.9763663220088626,89.4146499633789,1.0,0.429694265127182,0.9959379615952733,0.429694265127182,0.9959379615952733,0.10608096420764923,0.9722707867622375,1.0,0.9999999403953552
GCN,320,2641,2,1,2,-3.4048287868499756,3.917080879211426,7.321909666061401,0.8660253286361694,0.05231768637895584,-0.016916941851377487,0.5199037790298462,0.11229857802391052,0.3781735505873437,1,0.5345429182052612,0.9993021632937893,1432,0.9999999403953552,1.0,0.5189743786167379,0.9863367799113737,96.78460693359375,1.0,0.47104761004447937,0.9981536189069424,0.47104761004447937,0.9981536189069424,0.05231769010424614,0.9932281970977783,1.0,0.9999999403953552
GCN,320,2642,2,1,4,-5.787631988525391,3.2681427001953125,9.055774688720703,0.7499998807907104,0.034271951764822006,0.06175548955798149,0.5940192937850952,0.06019086763262749,0.19969685486926866,0,0.535938560962677,0.9993021632937893,1432,0.9999999403953552,1.0,0.5883216165216992,0.9940915805022157,111.36409759521484,1.0,0.5382795333862305,0.9988921713441654,0.5382795333862305,0.9988921713441654,0.034271951764822006,0.9970481395721436,1.0,0.9999999403953552
GCN,320,2646,4,1,1,-3.9207663536071777,4.647812843322754,8.568579196929932,0.9486831426620483,0.0707089975476265,0.07651152461767197,0.4706595838069916,0.08398374915122986,0.22735884804850323,0,0.533845067024231,0.9993021632937893,1432,0.9999999403953552,1.0,0.4746500162690627,0.9726735598227474,88.4888916015625,1.0,0.4305347502231598,0.9959379615952733,0.4305347502231598,0.9959379615952733,0.0707089975476265,0.9874557256698608,1.0,0.9999999403953552
GCN,320,2647,4,1,3,-3.418461322784424,3.965609073638916,7.38407039642334,0.8017836213111877,0.0396854393184185,0.0037540048360824585,0.5586647391319275,0.11012934148311615,0.3685107995452823,1,0.5317515730857849,0.9993021632937893,1432,0.9999999403953552,1.0,0.556886076768856,0.9918759231905465,104.1926498413086,1.0,0.506842851638794,0.9985228951255539,0.506842851638794,0.9985228951255539,0.0396854393184185,0.9960675239562988,1.0,0.9999999403953552
GCN,320,2653,0,1,2,-0.28153669834136963,5.482918739318848,5.764455437660217,0.8660253286361694,0.05294527858495712,0.05260501801967621,0.5157710909843445,0.06984816491603851,0.21030693444486548,0,0.5373342633247375,0.9993021632937893,1432,0.9999999403953552,1.0,0.5156836620831099,0.9844903988183161,96.78361511230469,1.0,0.47008633613586426,0.9981536189069424,0.47008633613586426,0.9981536189069424,0.05294527858495712,0.9929696321487427,1.0,0.9999999403953552
GCN,320,2658,2,1,1,-4.480929851531982,5.22515869140625,9.706088542938232,0.9486831426620483,0.07463280111551285,-0.007399781607091427,0.4775642454624176,0.18992508947849274,0.6369837059492232,1,0.5324493646621704,0.9993021632937893,1432,0.9999999403953552,1.0,0.4813676504516604,0.9763663220088626,88.59492492675781,1.0,0.4330926835536957,0.9963072378138847,0.4330926835536957,0.9963072378138847,0.07463280111551285,0.9863391518592834,1.0,0.9999999403953552
GCN,320,2668,3,1,5,-3.8576016426086426,3.56988263130188,7.4274842739105225,0.7071066498756409,0.02500685304403305,0.014297906309366226,0.6316708326339722,-0.015239259228110313,0.0,0,0.5394277572631836,0.9993021632937893,1432,0.9999999403953552,1.0,0.6227536124159496,0.9944608567208272,118.08882904052734,1.0,0.5723000168800354,0.9992614475627769,0.5723000168800354,0.9992614475627769,0.0250068549066782,0.9984318614006042,1.0,1.0
GCN,320,2669,3,1,1,-3.970897912979126,4.675441265106201,8.646339178085327,0.9486831426620483,0.08908270299434662,0.0011974871158599854,0.4796275496482849,0.16638635098934174,0.563849943160288,1,0.5352407097816467,0.9993021632937893,1432,0.9999999403953552,1.0,0.48513285508316817,0.9763663220088626,88.77954864501953,1.0,0.43555811047554016,0.9963072378138847,0.43555811047554016,0.9963072378138847,0.08908270299434662,0.98064786195755,1.0,0.9999999403953552
GCN,320,2681,4,1,5,-2.163107395172119,4.533884048461914,6.696991443634033,0.7071066498756409,0.04261180758476257,0.054474927484989166,0.6307797431945801,0.0492059551179409,0.15270935960591134,0,0.5394277572631836,0.9993021632937893,1432,0.9999999403953552,1.0,0.6233169783352264,0.9944608567208272,118.19593811035156,1.0,0.5716750621795654,0.9992614475627769,0.5716750621795654,0.9992614475627769,0.042611800134181976,0.9954395890235901,1.0,0.9999999403953552
GCN,320,2685,2,1,4,-6.574615955352783,1.4857380390167236,8.060353994369507,0.7499998807907104,0.05934588238596916,-0.005754448939114809,0.6007766723632812,0.0702146664261818,0.21049640015157256,0,0.5387299060821533,0.9993021632937893,1432,0.9999999403953552,1.0,0.5945745565153816,0.9944608567208272,111.54383087158203,1.0,0.5433447360992432,0.9988921713441654,0.5433447360992432,0.9988921713441654,0.05934588238596916,0.9912886619567871,1.0,0.9999999403953552
GCN,320,2686,3,1,2,-5.625937461853027,3.136237144470215,8.762174606323242,0.8660253286361694,0.09780437499284744,0.020896844565868378,0.5252797603607178,0.17019549012184143,0.5765441455096627,1,0.5408234596252441,0.9993021632937893,1432,0.9999999403953552,1.0,0.5275330097934514,0.9870753323485968,97.66681671142578,1.0,0.4778715968132019,0.9981536189069424,0.4778715968132019,0.9981536189069424,0.09780437499284744,0.9766245484352112,1.0,0.9999999403953552
GCN,320,2689,2,1,2,-4.614658355712891,4.023928642272949,8.63858699798584,0.8660253286361694,0.08940719068050385,-0.013897482305765152,0.5270048379898071,0.1779562383890152,0.6023114816218265,1,0.5387299060821533,0.9993021632937893,1432,0.9999999403953552,1.0,0.5292507306356526,0.9870753323485968,97.09930419921875,1.0,0.4748687148094177,0.9981536189069424,0.4748687148094177,0.9981536189069424,0.08940719068050385,0.980628252029419,1.0,0.9999999403953552
GCN,320,2690,6,1,1,0.12716495990753174,5.453859329223633,5.326694369316101,0.9486831426620483,0.15704141557216644,-0.03165356442332268,0.5036500096321106,0.34392786026000977,0.9225085259568018,1,0.5394277572631836,0.9993021632937893,1432,0.9999999403953552,1.0,0.5025628390805026,0.9844903988183161,88.8582992553711,1.0,0.43540051579475403,0.9963072378138847,0.43540051579475403,0.9963072378138847,0.15704141557216644,0.9445010423660278,1.0,0.9999999403953552
GCN,320,2699,3,1,1,-2.8699283599853516,5.790589332580566,8.660517692565918,0.9486831426620483,0.08612877875566483,0.020576300099492073,0.47730034589767456,0.1491832137107849,0.5049261083743842,1,0.533845067024231,0.9993021632937893,1432,0.9999999403953552,1.0,0.4832237313270443,0.9763663220088626,89.9895248413086,1.0,0.4342869520187378,0.9963072378138847,0.4342869520187378,0.9963072378138847,0.08612877875566483,0.9817510843276978,1.0,0.9999999403953552
GCN,320,2700,3,1,1,-1.9108983278274536,6.3500823974609375,8.260980725288391,0.9486831426620483,0.08699715882539749,0.05813881382346153,0.47405049204826355,0.11736200749874115,0.3904888215233043,1,0.5373342633247375,0.9993021632937893,1432,0.9999999403953552,1.0,0.47827970956269533,0.9756277695716395,88.59532928466797,1.0,0.43235522508621216,0.9959379615952733,0.43235522508621216,0.9959379615952733,0.08699715882539749,0.9811754822731018,1.0,0.9999999403953552
GCN,320,2702,0,1,2,0.32668375968933105,6.618105411529541,6.29142165184021,0.8660253286361694,0.05912607163190842,-0.055784523487091064,0.5236256718635559,0.12721778452396393,0.41114058355437666,1,0.5401256084442139,0.9993021632937893,1432,0.9999999403953552,1.0,0.5237723176430206,0.9863367799113737,97.00370788574219,1.0,0.47110089659690857,0.9981536189069424,0.47110089659690857,0.9981536189069424,0.059126075357198715,0.9914901256561279,1.0,0.9999999403953552
GCN,320,2707,3,1,4,-5.867164611816406,1.6099698543548584,7.477134466171265,0.7499998807907104,0.03268706426024437,-0.02734464406967163,0.5978689789772034,0.05718445032835007,0.19458128078817735,0,0.5394277572631836,0.9993021632937893,1432,0.9999999403953552,1.0,0.5922664126758397,0.9944608567208272,111.4488296508789,1.0,0.5414301753044128,0.9988921713441654,0.5414301753044128,0.9988921713441654,0.03268706426024437,0.9973413944244385,1.0,0.9999999403953552
