architecture,seed,node_id,label,success,degree,clean_margin,trigger_margin,delta_margin,c_v,b_norm,b_q_cos,trigger_norm,trigger_victim_cos,edge_clean_percentile,edge_survives_tau_0_1,negative_ratio,density,nnz,actual_residual_norm_ratio,actual_residual_q_cos,knn_score,knn_percentile,mahalanobis_score,mahalanobis_percentile,pca_residual_score,pca_residual_percentile,ood_score,ood_percentile,neutral_residual_l2,residual_formula_l2,token_recovery_l2,token_recovery_cos,alpha_v,prototype_l1,prototype_nnz,prototype_victim_cos,trigger_l1,victim_l1,trigger_l1_ratio,completion_capacity,expected_trigger_l1,carrier_preservation_l2,residual_token_cos
GCN,265,1370,6,1,8,-1.51176118850708,2.243314504623413,3.755075693130493,0.6123723983764648,0.021423548460006714,-0.00036679880577139556,0.5361471772193909,0.04223264381289482,0.10989010989010989,0,0.0,0.07815771109560363,112,0.3386063575744629,0.9999999403953552,0.527043009586369,0.9863367799113737,64.10943603515625,0.992245199409158,0.5325887799263,0.9988921713441654,0.5325887799263,0.9988921713441654,1.0562405172720446e-08,6.074738223560416e-08,1.8214015540252149e-07,0.9999999403953552,0.33860644698143005,0.2627439796924591,108,0.6472269296646118,0.8156859278678894,1.0,0.8156859278678894,0.7372560501098633,0.8156859874725342,5.820766091346741e-11,0.9999999403953552
GCN,265,1376,0,1,3,2.569715976715088,7.579668045043945,5.009952068328857,0.8017836213111877,0.0350797064602375,0.0,0.5067834854125977,0.07269173115491867,0.21182266009852216,0,0.0,0.04884856943475227,70,0.4183961749076843,0.9999998807907104,0.49953741788710493,0.9763663220088626,60.6938591003418,0.9859675036927622,0.5030249357223511,0.9985228951255539,0.5030249357223511,0.9985228951255539,5.703162830883457e-09,3.0475920453909566e-08,6.15205948406583e-08,0.9999998807907104,0.41839614510536194,0.3042243421077728,65,0.841993510723114,0.826056182384491,1.0,0.826056182384491,0.6957756280899048,0.8260561227798462,0.0,0.9999998807907104
GCN,265,1378,2,1,3,-3.736043930053711,2.5698459148406982,6.305889844894409,0.8017836213111877,0.052128568291664124,0.0,0.43646296858787537,0.09458842873573303,0.27453580901856767,0,0.0,0.0418702023726448,60,0.35765519738197327,0.9999999403953552,0.43795449627352623,0.9597488921713442,52.48108673095703,0.9534711964549483,0.4321015179157257,0.9959379615952733,0.4321015179157257,0.9959379615952733,1.0740535572040244e-08,3.1473501138634674e-08,6.598419588499382e-08,0.9999998807907104,0.35765522718429565,0.40523403882980347,55,0.6349899172782898,0.8513085246086121,1.0,0.8513085246086121,0.5947659611701965,0.8513085246086121,0.0,0.9999999403953552
GCN,265,1392,3,1,3,-1.8295403718948364,5.325522422790527,7.155062794685364,0.8017836213111877,0.035835810005664825,-0.0009623709484003484,0.49023470282554626,0.07085894048213959,0.21049640015157256,0,0.0,0.05024424284717376,72,0.40452277660369873,0.9999999403953552,0.48582611831369865,0.9763663220088626,58.635955810546875,0.9811669128508124,0.48664963245391846,0.9981536189069424,0.48664963245391846,0.9981536189069424,4.6566128730773926e-09,3.01549398784573e-08,1.1975252789397928e-07,0.9999999403953552,0.4045228362083435,0.32729512453079224,69,0.777210533618927,0.8318237066268921,1.0,0.8318237066268921,0.6727048754692078,0.8318237662315369,0.0,0.9999999403953552
GCN,265,1393,3,1,1,-2.316512107849121,3.6941494941711426,6.010661602020264,0.9486831426620483,0.08223089575767517,0.0,0.3660241365432739,0.20585334300994873,0.6993179234558545,1,0.0,0.030006978367062107,43,0.3486832082271576,0.9999999403953552,0.3772723570709042,0.9084194977843427,44.98045349121094,0.8788774002954209,0.3618561923503876,0.9800590841949779,0.3618561923503876,0.9800590841949779,7.902533738501916e-09,7.916241884231567e-09,2.2692621115538714e-08,0.9999998807907104,0.3486832082271576,0.5099407434463501,38,0.8692684769630432,0.8774851560592651,1.0,0.8774851560592651,0.4900592565536499,0.8774851560592651,0.0,0.9999999403953552
GCN,265,1400,3,0,2,-6.465675354003906,-0.03516435623168945,6.430510997772217,0.8660253286361694,0.058645207434892654,-0.0005410424782894552,0.42781826853752136,0.1304059624671936,0.418529746115953,1,0.0,0.03628750872295883,52,0.3780724108219147,0.9999998807907104,0.4266853532883812,0.9508862629246676,51.190555572509766,0.9453471196454948,0.4226723611354828,0.9940915805022157,0.4226723611354828,0.9940915805022157,0.0,3.027246009423834e-08,6.122780149553364e-08,0.9999998807907104,0.3780723810195923,0.417919397354126,48,0.8238628506660461,0.8544799089431763,1.0,0.8544799089431763,0.582080602645874,0.8544798493385315,4.656612873077393e-10,0.9999998807907104
GCN,265,1416,0,1,18,3.821887493133545,6.930346488952637,3.108458995819092,0.4522669315338135,0.013079437427222729,-0.0014956339728087187,0.50202476978302,0.02415957860648632,0.10837438423645321,0,0.0,0.14863921842288905,213,0.23425737023353577,0.9999999403953552,0.4976753344986126,0.9763663220088626,60.04381561279297,0.9844903988183161,0.49878329038619995,0.9985228951255539,0.49878329038619995,0.9985228951255539,9.348084972771176e-09,1.2364710144652236e-08,5.2769745906289245e-08,0.9999998807907104,0.23425737023353577,0.30938318371772766,211,0.4193921387195587,0.8273458480834961,1.0,0.8273458480834961,0.6906168460845947,0.8273458480834961,1.646361241780525e-10,0.9999999403953552
GCN,265,1422,4,1,1,-4.64402961730957,0.6296867728233337,5.273716390132904,0.9486831426620483,0.0850110873579979,0.0,0.40677717328071594,0.20555353164672852,0.6962864721485411,1,0.0,0.025819958129797628,37,0.38905248045921326,0.9999999403953552,0.4077718729120155,0.9316838995568686,49.63910675048828,0.9327917282127031,0.4004599452018738,0.9885524372230429,0.4004599452018738,0.9885524372230429,8.33000246558413e-09,3.094984180052052e-08,6.334558122489398e-08,0.9999998807907104,0.38905248045921326,0.4532035291194916,32,0.933097779750824,0.8633009195327759,1.0000001192092896,0.8633008003234863,0.5467965602874756,0.8633009195327759,0.0,0.9999999403953552
GCN,265,1423,3,1,2,0.10934686660766602,7.250302791595459,7.140955924987793,0.8660253286361694,0.046310484409332275,0.0,0.4993430972099304,0.09743505716323853,0.2917771883289125,0,0.0,0.03628750872295883,52,0.44438299536705017,0.9999998807907104,0.49408756317999897,0.9763663220088626,60.17879104614258,0.9848596750369276,0.49542829394340515,0.9985228951255539,0.49542829394340515,0.9985228951255539,3.725290298461914e-09,3.003515303134918e-08,6.02002785399236e-08,0.9999998807907104,0.44438302516937256,0.31582748889923096,47,0.9098411202430725,0.8289568424224854,1.0,0.8289568424224854,0.684172511100769,0.8289568424224854,0.0,0.9999998807907104
GCN,265,1425,4,1,2,-2.9167752265930176,3.5692615509033203,6.486036777496338,0.8660253286361694,0.04911937192082405,-0.00045644951751455665,0.49358150362968445,0.0991828441619873,0.31110269041303523,0,0.0,0.03210048848569435,46,0.43884649872779846,0.9999998807907104,0.486948651532379,0.9763663220088626,59.09852600097656,0.982274741506647,0.48874983191490173,0.9981536189069424,0.48874983191490173,0.9981536189069424,7.213993846733047e-09,3.072041465657094e-08,1.20413091053706e-07,0.9999998807907104,0.4388464689254761,0.32435154914855957,42,0.8631240129470825,0.8310878276824951,1.0,0.8310878276824951,0.6756484508514404,0.8310878872871399,2.3283064365386963e-10,0.9999998807907104
GCN,265,1429,4,1,3,-3.1683967113494873,2.642777442932129,5.811174154281616,0.8017836213111877,0.04172129929065704,0.0,0.4920787215232849,0.07264097034931183,0.21182266009852216,0,0.0,0.040474528960223306,58,0.40549206733703613,0.9999999403953552,0.48732460913902986,0.9763663220088626,58.82783889770508,0.9819054652880355,0.4880090355873108,0.9981536189069424,0.4880090355873108,0.9981536189069424,5.587935447692871e-09,5.8993974150212125e-09,1.4563329209238418e-08,0.9999998807907104,0.40549206733703613,0.3256832957267761,53,0.6869348883628845,0.8314208388328552,1.0,0.8314208388328552,0.6743167042732239,0.8314208388328552,0.0,0.9999999403953552
GCN,265,1434,3,1,2,-4.5339813232421875,2.5027759075164795,7.036757230758667,0.8660253286361694,0.0720544308423996,0.0,0.49381300806999207,0.15910357236862183,0.5454717696097007,1,0.0,0.02512212142358688,36,0.4356844425201416,0.9999998807907104,0.4877153550606261,0.9763663220088626,59.22393035888672,0.982274741506647,0.48831719160079956,0.9981536189069424,0.48831719160079956,0.9981536189069424,9.125060707049215e-09,3.1173232883929813e-08,6.318760625845243e-08,0.9999998807907104,0.4356844425201416,0.32921984791755676,31,0.9443051218986511,0.8323049545288086,1.0,0.8323049545288086,0.6707801818847656,0.8323049545288086,0.0,0.9999998807907104
GCN,265,1436,5,1,1,-3.9242942333221436,2.7066023349761963,6.63089656829834,0.9486831426620483,0.08288966119289398,0.0,0.4165445566177368,0.17230656743049622,0.5867752936718454,1,0.0,0.022330774598743892,32,0.3993415832519531,0.9999999403953552,0.41356555339648227,0.9449778434268833,49.59901428222656,0.9327917282127031,0.40954306721687317,0.9926144756277696,0.40954306721687317,0.9926144756277696,7.450580596923828e-09,3.072217680255562e-08,6.246682460187003e-08,0.9999998807907104,0.3993415832519531,0.43874257802963257,27,0.8214555978775024,0.8596855998039246,1.0,0.8596855998039246,0.5612574219703674,0.8596856594085693,0.0,0.9999999403953552
GCN,265,1437,4,1,1,-1.2241477966308594,5.22174072265625,6.445888519287109,0.9486831426620483,0.07450384646654129,0.0,0.40448158979415894,0.1817885935306549,0.6087533156498673,1,0.0,0.030006978367062107,43,0.38905248045921326,0.9999999403953552,0.4064657115445848,0.9316838995568686,49.515655517578125,0.9320531757754801,0.39919915795326233,0.9881831610044313,0.39919915795326233,0.9881831610044313,7.679882507716229e-09,3.0781233562038324e-08,6.280045994344619e-08,0.9999998807907104,0.38905248045921326,0.4532034695148468,38,0.9362846612930298,0.8633009195327759,1.0,0.8633009195327759,0.5467965602874756,0.8633009195327759,0.0,0.9999999403953552
GCN,265,1441,5,0,23,-2.677549123764038,-0.24919581413269043,2.4283533096313477,0.40824824571609497,0.01655450649559498,-0.0008877307991497219,0.450493186712265,0.03130018338561058,0.10837438423645321,0,0.0,0.14724354501046755,211,0.18929697573184967,0.9999999403953552,0.4495445894152272,0.9615952732644018,53.812442779541016,0.9593796159527327,0.44690659642219543,0.9970457902511078,0.44690659642219543,0.9970457902511078,1.889230993867841e-08,2.0374011810986303e-08,1.0765187141714705e-07,0.9999998807907104,0.18929699063301086,0.38175854086875916,207,0.347730815410614,0.845439612865448,1.0,0.845439612865448,0.6182414293289185,0.845439612865448,2.3283064365386963e-10,0.9999999403953552
GCN,265,1442,3,1,2,-2.8308324813842773,3.7823987007141113,6.613231182098389,0.8660253286361694,0.056303102523088455,0.0,0.4092003107070923,0.11882661283016205,0.39636225843122397,1,0.0,0.03838101884159107,55,0.3616158068180084,0.9999998807907104,0.413092953597563,0.9449778434268833,49.29024887084961,0.930576070901034,0.4043081998825073,0.9907680945347119,0.4043081998825073,0.9907680945347119,7.902533738501916e-09,8.55474446836979e-09,2.3686901329256216e-08,0.9999998807907104,0.3616158068180084,0.4432559609413147,50,0.7479075789451599,0.8608139753341675,1.0,0.8608139753341675,0.5567440390586853,0.8608139753341675,0.0,0.9999998807907104
GCN,265,1444,2,1,4,-2.9816627502441406,1.8392665386199951,4.820929288864136,0.7499998807907104,0.03330957144498825,-0.0009568525711074471,0.5335626602172852,0.050071220844984055,0.15934065934065933,0,0.0,0.052337752965806,75,0.4121304154396057,0.9999999403953552,0.5248555575079188,0.9863367799113737,63.821258544921875,0.9918759231905465,0.5297793745994568,0.9988921713441654,0.5297793745994568,0.9988921713441654,3.5768121797730146e-09,2.9942057722109894e-08,6.001222629947733e-08,0.9999998807907104,0.4121304452419281,0.2673235237598419,72,0.6015417575836182,0.8168308138847351,1.0,0.8168308138847351,0.7326765060424805,0.8168308734893799,0.0,0.9999999403953552
GCN,265,1448,1,1,5,-1.9016728401184082,3.588740110397339,5.490412950515747,0.7071066498756409,0.02160467952489853,-0.002076077973470092,0.5649345517158508,0.04770301282405853,0.13793103448275862,0,0.0,0.06629448709002093,95,0.4122214913368225,0.9999999403953552,0.5532291745292574,0.990029542097489,67.63935852050781,0.9966765140324964,0.5616591572761536,0.9988921713441654,0.5616591572761536,0.9988921713441654,6.035659971814766e-09,6.124817986119524e-09,1.4733766207086774e-08,0.9999998807907104,0.4122215211391449,0.22270753979682922,91,0.8205729126930237,0.8056769371032715,1.0,0.8056769371032715,0.7772924900054932,0.8056769371032715,0.0,0.9999999403953552
GCN,265,1450,3,1,3,-4.219326496124268,1.9039093255996704,6.123235821723938,0.8017836213111877,0.04063565284013748,0.0,0.46307986974716187,0.08446523547172546,0.22735884804850323,0,0.0,0.05024424284717376,72,0.3814423382282257,0.9999999403953552,0.4606221785387768,0.96602658788774,55.57967758178711,0.9663958641063516,0.4591672122478485,0.9974150664697193,0.4591672122478485,0.9974150664697193,6.177695244247161e-09,5.750492526601647e-09,6.148613351797394e-08,0.9999998807907104,0.3814423680305481,0.36567699909210205,67,0.7717628479003906,0.8414192795753479,1.0,0.8414192795753479,0.634323000907898,0.8414192199707031,0.0,0.9999999403953552
GCN,265,1452,4,1,3,-3.0542526245117188,2.6361727714538574,5.690425395965576,0.8017836213111877,0.039163362234830856,0.0,0.5255740880966187,0.08140543103218079,0.22167487684729065,0,0.0,0.0418702023726448,60,0.43365055322647095,0.9999999403953552,0.5173343876274089,0.9859675036927622,62.88102340698242,0.9903988183161004,0.5215049386024475,0.9985228951255539,0.5215049386024475,0.9985228951255539,1.7423450460185563e-09,3.0322560462536785e-08,6.097870652865822e-08,0.9999998807907104,0.4336506128311157,0.2788568139076233,55,0.8759201765060425,0.8197142481803894,1.0,0.8197142481803894,0.7211431860923767,0.8197141885757446,0.0,0.9999999403953552
GCN,265,1457,3,1,3,-4.549663543701172,1.7615747451782227,6.3112382888793945,0.8017836213111877,0.044011928141117096,-0.0011700000613927841,0.41245222091674805,0.08513084053993225,0.23001136794240243,0,0.0,0.052337752965806,75,0.33869943022727966,0.9999998807907104,0.41580683882113617,0.948301329394387,49.53261947631836,0.9320531757754801,0.40839883685112,0.9926144756277696,0.40839883685112,0.9926144756277696,6.51925802230835e-09,5.693649551830049e-09,6.1940177431552e-08,0.9999998807907104,0.33869943022727966,0.4367567300796509,71,0.6396572589874268,0.8591892123222351,1.0,0.8591892123222351,0.5632432699203491,0.8591891527175903,0.0,0.9999998807907104
GCN,265,1476,6,1,2,-2.655212879180908,2.111514091491699,4.766726970672607,0.8660253286361694,0.0553131178021431,-0.0030923672020435333,0.4273851811885834,0.11015941202640533,0.3685107995452823,1,0.0,0.03558967201674808,51,0.3780724108219147,0.9999998807907104,0.42739189058115823,0.9508862629246676,51.242347717285156,0.9460856720827179,0.4227733612060547,0.9940915805022157,0.4227733612060547,0.9940915805022157,8.484752456183742e-09,3.0975225939755546e-08,6.364704319139491e-08,0.9999998807907104,0.3780723810195923,0.417919397354126,48,0.7371292114257812,0.8544798493385315,1.0,0.8544798493385315,0.582080602645874,0.8544798493385315,0.0,0.9999998807907104
GCN,265,1486,2,1,3,-3.479267120361328,3.817751884460449,7.297019004821777,0.8017836213111877,0.03606593608856201,-0.06369991600513458,0.5163556933403015,0.07651984691619873,0.21674876847290642,0,0.0,0.04884856943475227,70,0.42390191555023193,0.9999998807907104,0.5072786900024452,0.9844903988183161,62.047630310058594,0.9892909896602659,0.5131281018257141,0.9985228951255539,0.5131281018257141,0.9985228951255539,1.862645149230957e-09,2.1083712553604528e-09,4.884803228577539e-09,0.9999998807907104,0.42390191555023193,0.29506850242614746,67,0.8783811330795288,0.8237671852111816,1.0,0.8237671852111816,0.7049314975738525,0.8237671256065369,8.614733815193176e-09,0.9999998807907104
GCN,265,1487,6,1,4,-1.0281827449798584,3.075303554534912,4.1034862995147705,0.7499998807907104,0.027274535968899727,-0.001509651425294578,0.5080623626708984,0.05672832578420639,0.19325502084122773,0,0.0,0.0628053035589672,90,0.39277899265289307,0.9999998807907104,0.5017380903205715,0.9844903988183161,60.79370880126953,0.9867060561299852,0.5049624443054199,0.9985228951255539,0.5049624443054199,0.9985228951255539,2.63417798684884e-09,2.9921228161811086e-08,1.194096626022656e-07,0.9999999403953552,0.39277902245521545,0.3017260432243347,86,0.7542918920516968,0.8254314661026001,1.0,0.8254314661026001,0.6982739567756653,0.8254315257072449,4.656612873077393e-10,0.9999998807907104
GCN,265,1493,4,1,1,-1.1121267080307007,5.70354700088501,6.8156737089157104,0.9486831426620483,0.07283671945333481,0.0,0.4544982612133026,0.1660095751285553,0.563849943160288,1,0.0,0.028611304954640614,41,0.4392373859882355,0.9999998807907104,0.4501850350421161,0.9619645494830132,54.56853103637695,0.9627031019202363,0.45004621148109436,0.9974150664697193,0.45004621148109436,0.9974150664697193,7.213993846733047e-09,3.066831411047133e-08,6.183655187896875e-08,0.9999998807907104,0.4392373561859131,0.38267073035240173,36,0.9827343821525574,0.8456677198410034,1.0,0.8456677198410034,0.6173292398452759,0.8456676602363586,0.0,0.9999998807907104
GCN,265,1499,2,1,4,-3.087143898010254,3.337770700454712,6.424914598464966,0.7499998807907104,0.032199643552303314,0.0,0.5478904843330383,0.05799319967627525,0.1962864721485411,0,0.0,0.051639916259595256,74,0.4233991801738739,0.9999999403953552,0.538698515810709,0.9889217134416544,65.51829528808594,0.9940915805022157,0.5440929532051086,0.9988921713441654,0.5440929532051086,0.9988921713441654,9.077409934832303e-09,9.044503812560833e-09,2.135163157390707e-08,0.9999998807907104,0.4233991801738739,0.24729019403457642,69,0.7400838732719421,0.8118225336074829,1.0,0.8118225336074829,0.7527098059654236,0.8118225336074829,0.0,0.9999999403953552
GCN,265,1501,6,1,7,-1.3877460956573486,2.3193163871765137,3.7070624828338623,0.6396021246910095,0.021951092407107353,-0.0005820837686769664,0.503520667552948,0.03491712361574173,0.10837438423645321,0,0.0,0.07885554780181438,113,0.3320712447166443,0.9999999403953552,0.49852858043073783,0.9763663220088626,60.28985595703125,0.9848596750369276,0.5006015300750732,0.9985228951255539,0.5006015300750732,0.9985228951255539,8.119082295365843e-09,8.513454829994771e-09,2.5648990487070478e-08,0.9999998807907104,0.3320712447166443,0.3077545464038849,109,0.5122824907302856,0.8269386887550354,1.0,0.8269386887550354,0.6922454833984375,0.8269386291503906,2.3283064365386963e-10,0.9999999403953552
GCN,265,1506,2,1,2,-1.9598478078842163,4.04738187789917,6.007229685783386,0.8660253286361694,0.05089077353477478,0.0,0.49074167013168335,0.10934752225875854,0.367942402425161,1,0.0,0.034193998604326585,49,0.436093807220459,0.9999999403953552,0.4835306776634196,0.9763663220088626,58.563655853271484,0.9811669128508124,0.4861907958984375,0.9981536189069424,0.4861907958984375,0.9981536189069424,8.225217840163168e-09,3.092355527201107e-08,6.253760886920645e-08,0.9999998807907104,0.436093807220459,0.328589528799057,44,0.9131737351417542,0.8321473598480225,1.0,0.8321473598480225,0.6714104413986206,0.8321473598480225,0.0,0.9999999403953552
GCN,265,1507,0,1,6,-1.5241667032241821,2.6874961853027344,4.2116628885269165,0.6708203554153442,0.028268294408917427,0.0,0.5194696187973022,0.05102942883968353,0.16331943918150815,0,0.0,0.056524773203070484,81,0.3589758276939392,0.9999998807907104,0.5122580561937572,0.9844903988183161,62.12151336669922,0.9892909896602659,0.5159254670143127,0.9985228951255539,0.5159254670143127,0.9985228951255539,1.062891641367969e-08,3.125919434410207e-08,1.2207867428060126e-07,0.9999999403953552,0.358975887298584,0.28649380803108215,76,0.6290534138679504,0.8216235041618347,1.0,0.8216235041618347,0.7135062217712402,0.8216234445571899,0.0,0.9999998807907104
GCN,265,1523,0,1,2,0.7378054857254028,5.510400772094727,4.772595286369324,0.8660253286361694,0.05808721482753754,-0.08948604017496109,0.43907710909843445,0.13242727518081665,0.4236453201970443,1,0.0,0.03768318213538032,54,0.38306236267089844,1.0,0.42375324835981026,0.9501477104874446,52.689239501953125,0.9542097488921714,0.4341711401939392,0.9963072378138847,0.4341711401939392,0.9963072378138847,1.1444283742889638e-08,3.0861261990366984e-08,1.2103093638415885e-07,0.9999999403953552,0.3830624520778656,0.4102367162704468,50,0.8668985366821289,0.8525591492652893,1.0,0.8525591492652893,0.5897632837295532,0.8525592088699341,1.3504177331924438e-08,1.0
GCN,265,1541,3,1,1,-4.914569854736328,1.2846393585205078,6.199209213256836,0.9486831426620483,0.09069238603115082,0.0,0.36823830008506775,0.23053625226020813,0.7559681697612732,1,0.0,0.025819958129797628,37,0.34868323802948,0.9999999403953552,0.36211102185908756,0.8980797636632201,45.150856018066406,0.880354505169867,0.3588220775127411,0.9778434268833087,0.3588220775127411,0.9778434268833087,6.969380184074225e-09,6.988798872953339e-09,2.0031059477787494e-08,0.9999998807907104,0.34868323802948,0.5099406838417053,32,0.8880113363265991,0.8774851560592651,1.0,0.8774851560592651,0.4900593161582947,0.8774851560592651,0.0,0.9999999403953552
GCN,265,1546,2,1,5,-5.174482345581055,0.7975088953971863,5.971991240978241,0.7071066498756409,0.025761853903532028,-0.06594368070363998,0.5529466867446899,0.046118468046188354,0.12542629784009093,0,0.0,0.05303558967201675,76,0.40148094296455383,0.9999999403953552,0.5406320637588762,0.9889217134416544,66.12395477294922,0.9944608567208272,0.5492104887962341,0.9988921713441654,0.5492104887962341,0.9988921713441654,7.577733995844937e-09,7.98527644008118e-09,1.9874526913099544e-08,0.9999998807907104,0.4014809727668762,0.24296008050441742,72,0.6999483108520508,0.8107399940490723,1.0,0.8107399940490723,0.7570399045944214,0.8107399940490723,3.259629011154175e-09,0.9999999403953552
GCN,265,1554,3,0,4,-7.6503143310546875,-3.069916248321533,4.580398082733154,0.7499998807907104,0.057508327066898346,0.0,0.46420565247535706,0.12437383830547333,0.4041303524062145,1,0.0,0.03210048848569435,46,0.35489267110824585,0.9999999403953552,0.4629918241335127,0.9663958641063516,55.66706848144531,0.9663958641063516,0.45894375443458557,0.9974150664697193,0.45894375443458557,0.9974150664697193,7.902533738501916e-09,3.089725097993323e-08,1.2141414629240899e-07,0.9999998807907104,0.35489264130592346,0.3690796196460724,41,0.7529566287994385,0.8422698974609375,1.0,0.8422698974609375,0.63092041015625,0.8422698974609375,0.0,0.9999999403953552
GCN,265,1561,1,1,2,-1.5307962894439697,4.919494152069092,6.4502904415130615,0.8660253286361694,0.04245861992239952,0.0,0.5194806456565857,0.08855129778385162,0.23796892762410005,0,0.0,0.03698534542916958,53,0.46290260553359985,0.9999998807907104,0.5136690611091387,0.9844903988183161,62.36025619506836,0.990029542097489,0.5159119367599487,0.9985228951255539,0.5159119367599487,0.9985228951255539,7.450580596923828e-09,3.072217680255562e-08,6.174483502263683e-08,0.9999998807907104,0.46290263533592224,0.28731468319892883,48,0.9382726550102234,0.8218287229537964,1.0,0.8218287229537964,0.7126853466033936,0.8218287229537964,0.0,0.9999998807907104
GCN,265,1565,2,1,2,-4.066114902496338,2.2148451805114746,6.2809600830078125,0.8660253286361694,0.12177783250808716,0.0,0.5435106754302979,0.250377357006073,0.7987874194770747,1,0.0,0.020237264480111653,29,0.4699232280254364,0.9999999403953552,0.5286575059275448,0.9870753323485968,63.41900634765625,0.991506646971935,0.5253040194511414,0.9985228951255539,0.5253040194511414,0.9985228951255539,0.0,3.026977424269717e-08,6.066056101872164e-08,0.9999998807907104,0.469923198223114,0.27650582790374756,24,0.9677550196647644,0.819126546382904,1.0,0.819126546382904,0.7234941720962524,0.8191264867782593,0.0,0.9999999403953552
GCN,265,1567,3,0,4,-5.48809814453125,-0.669386625289917,4.818711519241333,0.7499998807907104,0.048893678933382034,0.0,0.5002705454826355,0.10614083707332611,0.3560060629026146,1,0.0,0.03349616189811584,48,0.384485125541687,0.9999998807907104,0.49149261346429796,0.9763663220088626,59.87331008911133,0.9826440177252584,0.4958324730396271,0.9985228951255539,0.4958324730396271,0.9985228951255539,1.0030650976489142e-08,3.155521000053341e-08,6.542538244502794e-08,0.9999998807907104,0.3844850957393646,0.31647080183029175,43,0.8145090341567993,0.8291177749633789,1.0,0.8291177749633789,0.6835291981697083,0.8291177153587341,0.0,0.9999998807907104
GCN,265,1568,2,1,4,-3.026465654373169,3.788900136947632,6.815365791320801,0.7499998807907104,0.026322316378355026,-0.0008465491118840873,0.5589608550071716,0.05433362349867821,0.1883289124668435,0,0.0,0.05722260990928123,82,0.4324084222316742,0.9999999403953552,0.547324159638048,0.9889217134416544,66.89818572998047,0.9951994091580503,0.5554898381233215,0.9988921713441654,0.5554898381233215,0.9988921713441654,6.6672551923829815e-09,4.039460765881131e-09,9.337858486446748e-09,0.9999998807907104,0.4324084520339966,0.23127372562885284,78,0.8653408288955688,0.8078184723854065,1.0,0.8078184723854065,0.7687262892723083,0.8078184127807617,0.0,0.9999999403953552
GCN,265,1583,0,1,10,-0.9647303223609924,3.3584084510803223,4.323138773441315,0.5669466257095337,0.015888851135969162,-0.00031610793666914105,0.5505924820899963,0.030029600486159325,0.10837438423645321,0,0.0,0.08932309839497557,128,0.3222067654132843,0.9999999403953552,0.5420838424578579,0.9889217134416544,65.9435043334961,0.9944608567208272,0.5474806427955627,0.9988921713441654,0.5474806427955627,0.9988921713441654,7.881927999164873e-09,9.157676394977443e-09,2.84316232779247e-08,0.9999998807907104,0.3222067952156067,0.24224072694778442,124,0.5899695158004761,0.8105601668357849,1.0,0.8105601668357849,0.7577592730522156,0.8105601668357849,1.1641532182693481e-10,0.9999999403953552
GCN,265,1589,2,1,3,-4.186949253082275,3.2815098762512207,7.468459129333496,0.8017836213111877,0.03290301933884621,-0.0008180800941772759,0.486782431602478,0.06322282552719116,0.2046229632436529,0,0.0,0.05792044661549198,83,0.4019256830215454,0.9999999403953552,0.48221804679684355,0.9763663220088626,58.41777420043945,0.9811669128508124,0.4834526777267456,0.9981536189069424,0.4834526777267456,0.9981536189069424,5.509778855383729e-09,5.592784013686014e-09,1.3949617461150865e-08,0.9999998807907104,0.4019257128238678,0.3316139876842499,79,0.7499464154243469,0.8329035043716431,1.0,0.8329035043716431,0.6683859825134277,0.8329035043716431,0.0,0.9999999403953552
GCN,265,1591,3,1,1,-5.719305038452148,0.976350724697113,6.6956557631492615,0.9486831426620483,0.07737024128437042,-0.0017203261377289891,0.39016658067703247,0.19180983304977417,0.6494884425918909,1,0.0,0.02930914166085136,42,0.3739752471446991,0.9999999403953552,0.39193070580043016,0.9261447562776958,46.96845245361328,0.9069423929098966,0.3848869204521179,0.9863367799113737,0.3848869204521179,0.9863367799113737,0.0,2.980868885060772e-08,5.961737770121545e-08,0.9999998807907104,0.3739752471446991,0.4743937849998474,38,0.9112474918365479,0.868598461151123,0.9999999403953552,0.8685985207557678,0.5256061553955078,0.8685984015464783,0.0,0.9999999403953552
GCN,265,1597,3,1,2,-2.642033576965332,3.9196319580078125,6.5616655349731445,0.8660253286361694,0.07410874962806702,-0.000698629068210721,0.43102797865867615,0.11273862421512604,0.38006820765441457,1,0.0,0.027913468248429867,40,0.3780723512172699,0.9999998807907104,0.4297647926864789,0.9512555391432792,51.123069763183594,0.9449778434268833,0.4245990216732025,0.9944608567208272,0.4245990216732025,0.9944608567208272,3.6069969233665233e-09,6.177695244247161e-09,1.6326811902445115e-08,0.9999998807907104,0.3780723512172699,0.41791945695877075,36,0.5605037212371826,0.8544798493385315,1.0,0.8544798493385315,0.5820805430412292,0.8544798493385315,0.0,0.9999998807907104
GCN,265,1600,3,1,1,-3.690941333770752,3.110858678817749,6.801800012588501,0.9486831426620483,0.08537032455205917,0.0,0.36682188510894775,0.2196028232574463,0.7324744221295946,1,0.0,0.02930914166085136,42,0.3486832082271576,0.9999999403953552,0.37397508831618576,0.9080502215657311,44.67242431640625,0.8737075332348597,0.3616512715816498,0.9796898079763663,0.3616512715816498,0.9796898079763663,1.1019557710767458e-08,1.1029391622230378e-08,3.1623926588508766e-08,0.9999998807907104,0.3486832082271576,0.5099407434463501,37,0.8951737880706787,0.8774851560592651,1.0,0.8774851560592651,0.4900592565536499,0.8774851560592651,0.0,0.9999999403953552
GCN,265,1602,0,1,10,4.113022327423096,8.281251907348633,4.168229579925537,0.5669466257095337,0.01875675655901432,-0.0005308197578415275,0.5243643522262573,0.03564446419477463,0.10837438423645321,0,0.0,0.09979064898813678,143,0.30663880705833435,0.9999999403953552,0.5140014287505721,0.9844903988183161,62.70194625854492,0.9903988183161004,0.5208626389503479,0.9985228951255539,0.5208626389503479,0.9985228951255539,8.095678794006744e-09,3.083248145685502e-08,1.2196498744287965e-07,0.9999999403953552,0.3066388666629791,0.27885305881500244,140,0.5424400568008423,0.8197132349014282,1.0,0.8197132349014282,0.7211469411849976,0.8197132349014282,5.820766091346741e-11,0.9999999403953552
GCN,265,1605,3,1,3,-3.749049425125122,3.2826831340789795,7.031732559204102,0.8017836213111877,0.034807637333869934,0.0,0.497456431388855,0.06926673650741577,0.20954907161803712,0,0.0,0.055826936496859735,80,0.41066214442253113,0.9999999403953552,0.4919966978780296,0.9763663220088626,59.522003173828125,0.982274741506647,0.49330830574035645,0.9981536189069424,0.49330830574035645,0.9981536189069424,6.299349042393487e-09,6.146905207060627e-09,1.4979267604076085e-08,0.9999998807907104,0.41066214442253113,0.3170856833457947,75,0.7937110662460327,0.8292713761329651,1.0,0.8292713761329651,0.6829143166542053,0.8292714357376099,0.0,0.9999999403953552
GCN,265,1611,3,1,2,-3.7177553176879883,1.6547667980194092,5.3725221157073975,0.8660253286361694,0.08774266391992569,0.0,0.48327749967575073,0.18319763243198395,0.6195528609321713,1,0.0,0.01465457083042568,21,0.4229605197906494,0.9999998807907104,0.4785651356521253,0.9756277695716395,57.70624542236328,0.9785819793205317,0.475401371717453,0.9981536189069424,0.475401371717453,0.9981536189069424,1.0030650976489142e-08,1.1022017076811608e-08,2.606171634056409e-08,0.9999998807907104,0.4229605197906494,0.3488095700740814,16,0.8738486766815186,0.8372023105621338,1.0,0.8372023105621338,0.6511904001235962,0.8372023701667786,0.0,0.9999998807907104
GCN,265,1628,0,1,17,4.356512069702148,7.236430644989014,2.8799185752868652,0.462909996509552,0.013872210867702961,-0.0120594697073102,0.5262945294380188,0.02427317574620247,0.10837438423645321,0,0.0,0.13189113747383113,189,0.25121989846229553,0.9999999403953552,0.5165147618310408,0.9859675036927622,62.951866149902344,0.9903988183161004,0.5231005549430847,0.9985228951255539,0.5231005549430847,0.9985228951255539,1.4664633951610995e-08,1.9981767351850976e-08,7.975513938163203e-08,0.9999998807907104,0.2512199282646179,0.27640384435653687,187,0.42629116773605347,0.8191009759902954,1.0,0.8191009759902954,0.7235961556434631,0.8191009759902954,4.221660798719995e-09,0.9999999403953552
GCN,265,1629,2,1,3,-3.3392391204833984,3.135805368423462,6.47504448890686,0.8017836213111877,0.040660664439201355,-0.0010745273903012276,0.46741539239883423,0.0805606096982956,0.2209170140204623,0,0.0,0.045359385903698535,65,0.38500866293907166,0.9999999403953552,0.46318588819263234,0.9663958641063516,55.93168640136719,0.9682422451994092,0.4631727635860443,0.9981536189069424,0.4631727635860443,0.9981536189069424,6.71586253275791e-09,3.062497455630364e-08,6.234498073354189e-08,0.9999998807907104,0.38500869274139404,0.3597463071346283,62,0.7314921617507935,0.8399365544319153,0.9999999403953552,0.8399366140365601,0.6402536630630493,0.8399365544319153,4.656612873077393e-10,0.9999999403953552
GCN,265,1632,2,1,3,-4.261980056762695,2.2157037258148193,6.477683782577515,0.8017836213111877,0.0515323206782341,0.0,0.5097285509109497,0.11621646583080292,0.3901098901098901,1,0.0,0.03628750872295883,52,0.4190332889556885,0.9999998211860657,0.5028926206095499,0.9844903988183161,61.411128997802734,0.9878138847858198,0.5049682855606079,0.9985228951255539,0.5049682855606079,0.9985228951255539,6.71586253275791e-09,3.079267685279774e-08,1.2063578935794794e-07,0.9999999403953552,0.41903331875801086,0.3031647801399231,47,0.9216883182525635,0.8257911801338196,1.0,0.8257911801338196,0.6968352198600769,0.8257911801338196,0.0,0.9999998211860657
GCN,265,1637,0,1,2,-1.304945945739746,4.311583518981934,5.61652946472168,0.8660253286361694,0.07311322540044785,0.0,0.5127680897712708,0.1485687494277954,0.5026525198938993,1,0.0,0.02372644801116539,34,0.4527062773704529,0.9999999403953552,0.5020509320273523,0.9844903988183161,61.09891891479492,0.9874446085672083,0.5058909058570862,0.9985228951255539,0.5058909058570862,0.9985228951255539,7.450580596923828e-09,2.9809598345309496e-08,5.961919669061899e-08,0.9999998807907104,0.45270630717277527,0.3030129671096802,29,0.9023668766021729,0.8257532119750977,1.0,0.8257532119750977,0.6969870328903198,0.8257532119750977,0.0,0.9999999403953552
GCN,265,1644,0,1,2,0.7059673070907593,6.50830078125,5.802333474159241,0.8660253286361694,0.042852409183979034,0.0,0.5350989699363708,0.08843855559825897,0.23796892762410005,0,0.0,0.03279832519190509,47,0.47690555453300476,0.9999999403953552,0.5264374751507996,0.9863367799113737,64.09256744384766,0.9918759231905465,0.5314775705337524,0.9988921713441654,0.5314775705337524,0.9988921713441654,6.699699461876207e-09,5.98936154005969e-08,1.1984523951014125e-07,0.9999998807907104,0.4769055247306824,0.265755832195282,42,0.9563813805580139,0.8164389729499817,1.0,0.8164389729499817,0.734244167804718,0.8164389729499817,0.0,0.9999999403953552
GCN,265,1645,3,1,4,-1.5457297563552856,2.8766307830810547,4.42236053943634,0.7499998807907104,0.03293371945619583,0.0,0.5028820037841797,0.06652824580669403,0.2074649488442592,0,0.0,0.050942079553384506,73,0.38832712173461914,0.9999999403953552,0.49737057114072397,0.9763663220088626,60.17294692993164,0.9848596750369276,0.499144971370697,0.9985228951255539,0.499144971370697,0.9985228951255539,5.963374238859842e-09,5.894801091699264e-09,1.518243131215513e-08,0.9999998807907104,0.38832715153694153,0.30964046716690063,68,0.7618906497955322,0.8274102210998535,1.0,0.8274102210998535,0.6903595328330994,0.827410101890564,0.0,0.9999999403953552
GCN,265,1653,4,1,5,-4.146086692810059,1.0224156379699707,5.168502330780029,0.7071066498756409,0.027107518166303635,-0.0013394649140536785,0.5119528770446777,0.058206502348184586,0.1962864721485411,0,0.0,0.06489881367759945,93,0.37306347489356995,0.9999999403953552,0.5074673580139076,0.9844903988183161,61.333560943603516,0.9878138847858198,0.5088362693786621,0.9985228951255539,0.5088362693786621,0.9985228951255539,5.227034804988762e-09,6.851711642497094e-09,1.8374381127728157e-08,0.9999998807907104,0.37306350469589233,0.29654461145401,89,0.7374334335327148,0.8241361975669861,1.0,0.8241361975669861,0.70345538854599,0.8241361379623413,4.656612873077393e-10,0.9999999403953552
GCN,265,1661,5,1,4,0.020160675048828125,4.999974727630615,4.979814052581787,0.7499998807907104,0.024772167205810547,-0.002308540977537632,0.5639172196388245,0.05097145959734917,0.16331943918150815,0,0.0,0.04745289602233078,68,0.43631884455680847,0.9999998807907104,0.5528484806321781,0.990029542097489,67.5193862915039,0.9966765140324964,0.5607892870903015,0.9988921713441654,0.5607892870903015,0.9988921713441654,9.313225746154785e-10,2.9832321501999104e-08,5.97118869904989e-08,0.9999998807907104,0.43631887435913086,0.22432181239128113,64,0.8151115775108337,0.8060804605484009,1.0,0.8060804605484009,0.7756781578063965,0.8060804605484009,0.0,0.9999998807907104
GCN,265,1668,2,1,2,-1.7952678203582764,4.516419887542725,6.311687707901001,0.8660253286361694,0.052428293973207474,-0.0006536775035783648,0.4427758455276489,0.11137820780277252,0.37192118226600984,1,0.0,0.039078855547801813,56,0.3925636410713196,0.9999998807907104,0.43912675394174333,0.9601181683899557,52.7808837890625,0.955317577548006,0.4375148415565491,0.9966765140324964,0.4375148415565491,0.9966765140324964,6.035659971814766e-09,6.146905207060627e-09,1.574429120410059e-08,0.9999998807907104,0.3925636410713196,0.39560866355895996,52,0.814608633518219,0.84890216588974,1.0,0.84890216588974,0.60439133644104,0.84890216588974,4.656612873077393e-10,0.9999998807907104
GCN,265,1675,6,1,4,-1.0474097728729248,4.010921001434326,5.058330774307251,0.7499998807907104,0.028180701658129692,0.0,0.5413676500320435,0.05456554889678955,0.18927624100037893,0,0.0,0.044661549197487785,64,0.41863685846328735,0.9999999403953552,0.5326294939880649,0.9881831610044313,64.8394546508789,0.9933530280649926,0.53850919008255,0.9988921713441654,0.53850919008255,0.9988921713441654,6.107090388951519e-09,5.839362771098422e-09,1.3931930276100957e-08,0.9999998807907104,0.41863688826560974,0.2557564973831177,59,0.7861766815185547,0.8139391541481018,1.0,0.8139391541481018,0.7442435026168823,0.813939094543457,0.0,0.9999999403953552
GCN,265,1679,3,1,3,-5.219822883605957,1.279665470123291,6.499488353729248,0.8017836213111877,0.04936723783612251,-0.000553724414203316,0.46027153730392456,0.09257912635803223,0.2624100037893141,0,0.0,0.034891835310537335,50,0.3779639005661011,0.9999999403953552,0.4599972040412767,0.96602658788774,55.55567932128906,0.9663958641063516,0.45666271448135376,0.9974150664697193,0.45666271448135376,0.9974150664697193,6.316537071171524e-09,9.101266407185449e-09,2.407521826341963e-08,0.9999998807907104,0.3779639005661011,0.37146151065826416,46,0.6920629739761353,0.8428654670715332,1.0,0.8428654670715332,0.6285384893417358,0.8428653478622437,4.656612873077393e-10,0.9999999403953552
GCN,265,1684,3,1,2,-5.194011688232422,0.7287035584449768,5.922715246677399,0.8660253286361694,0.07073012739419937,0.0,0.42292356491088867,0.16165168583393097,0.5507768093974991,1,0.0,0.027913468248429867,40,0.3714258670806885,0.9999999403953552,0.42430262219479375,0.9505169867060561,50.81513595581055,0.9431314623338257,0.41714805364608765,0.9937223042836041,0.41714805364608765,0.9937223042836041,6.585445078144403e-09,5.430496941016827e-09,1.4620675337084776e-08,0.9999998807907104,0.3714258670806885,0.4281523823738098,35,0.8370825052261353,0.8570380806922913,1.0,0.8570380806922913,0.5718476176261902,0.8570380806922913,0.0,0.9999999403953552
GCN,265,1688,4,1,3,-2.0424888134002686,3.721249580383301,5.763738393783569,0.8017836213111877,0.042996279895305634,0.0,0.46991291642189026,0.09516284614801407,0.27472527472527475,0,0.0,0.04815073272854152,69,0.3868660628795624,0.9999998807907104,0.4661748564509579,0.9667651403249631,56.631595611572266,0.9715657311669128,0.4658353924751282,0.9981536189069424,0.4658353924751282,0.9981536189069424,8.119082295365843e-09,3.0681565732493254e-08,6.252979289911309e-08,0.9999998807907104,0.38686609268188477,0.35665756464004517,64,0.8338945508003235,0.8391644358634949,1.0,0.8391644358634949,0.6433424353599548,0.8391643762588501,0.0,0.9999998807907104
GCN,265,1695,0,1,3,1.9791892766952515,7.118475437164307,5.139286160469055,0.8017836213111877,0.03938470408320427,0.0,0.4977901577949524,0.07995791733264923,0.22034861690034105,0,0.0,0.0418702023726448,60,0.41049811244010925,0.9999999403953552,0.49016920165636824,0.9763663220088626,59.610435485839844,0.982274741506647,0.49417680501937866,0.9981536189069424,0.49417680501937866,0.9981536189069424,7.153624359546029e-09,7.2177499532699585e-09,1.7579925071231628e-08,0.9999998807907104,0.41049814224243164,0.31735843420028687,55,0.8102842569351196,0.8293395638465881,1.0,0.8293395638465881,0.6826415657997131,0.8293396234512329,0.0,0.9999999403953552
GCN,265,1705,1,1,7,-1.4766066074371338,3.238193988800049,4.714800596237183,0.6396021246910095,0.022932209074497223,0.0,0.5072917342185974,0.04581192508339882,0.12315270935960591,0,0.0,0.08443824145150035,121,0.3345128297805786,0.9999998807907104,0.5018319306473822,0.9844903988183161,60.668212890625,0.9859675036927622,0.5037765502929688,0.9985228951255539,0.5037765502929688,0.9985228951255539,6.6976761914361305e-09,7.75102293459895e-09,2.3212351152324118e-08,0.9999998807907104,0.3345128297805786,0.30266472697257996,116,0.6481870412826538,0.8256662487983704,1.0,0.8256662487983704,0.6973352432250977,0.8256661891937256,0.0,0.9999998807907104
GCN,265,1707,5,1,1,-2.677976608276367,3.0779061317443848,5.755882740020752,0.9486831426620483,0.06727758795022964,0.0,0.46108871698379517,0.1511303335428238,0.517620310723759,1,0.0,0.030006978367062107,43,0.446724534034729,0.9999999403953552,0.45965825385255277,0.96602658788774,55.5638313293457,0.9663958641063516,0.4563486874103546,0.9974150664697193,0.4563486874103546,0.9974150664697193,7.902533738501916e-09,7.905962995380378e-09,1.771444679832257e-08,0.9999998807907104,0.446724534034729,0.3721478581428528,38,0.9826230406761169,0.8430370092391968,1.0,0.8430370092391968,0.6278521418571472,0.843036949634552,0.0,0.9999999403953552
GCN,265,1726,2,1,3,-3.121532678604126,4.297412395477295,7.418945074081421,0.8017836213111877,0.029439043253660202,0.0,0.561542809009552,0.0598287358880043,0.19969685486926866,0,0.0,0.045359385903698535,65,0.4643464982509613,0.9999999403953552,0.5504608304452663,0.990029542097489,67.1624526977539,0.9966765140324964,0.5580868721008301,0.9988921713441654,0.5580868721008301,0.9988921713441654,1.0148852869207303e-09,1.4908435597149605e-09,3.112191393483954e-09,0.9999998807907104,0.4643465280532837,0.22781071066856384,60,0.9150107502937317,0.8069526553153992,1.0,0.8069526553153992,0.7721892595291138,0.806952714920044,0.0,0.9999999403953552
GCN,265,1727,2,1,3,-3.8870530128479004,2.4960289001464844,6.383081912994385,0.8017836213111877,0.041580550372600555,-0.0005782300140708685,0.5097013115882874,0.08223385363817215,0.22300113679424025,0,0.0,0.03977669225401256,57,0.42016518115997314,0.9999999403953552,0.5006116166153471,0.9844903988183161,61.16730880737305,0.9874446085672083,0.505485475063324,0.9985228951255539,0.505485475063324,0.9985228951255539,6.857643342073061e-09,5.999829255642908e-08,1.2031719620608783e-07,0.9999999403953552,0.4201652407646179,0.30128252506256104,53,0.8082270622253418,0.8253206610679626,1.0000001192092896,0.8253205418586731,0.6987175941467285,0.8253207206726074,0.0,0.9999999403953552
GCN,265,1734,2,1,4,-4.568048000335693,1.8235692977905273,6.391617298126221,0.7499998807907104,0.04960022494196892,0.0,0.5752037167549133,0.10379353165626526,0.3421750663129973,1,0.0,0.03210048848569435,46,0.442920446395874,1.0,0.5636361886066853,0.9937223042836041,68.74009704589844,0.9970457902511078,0.5707061290740967,0.9992614475627769,0.5707061290740967,0.9992614475627769,6.212696579410704e-09,5.992529139575709e-08,1.2002787741494103e-07,0.9999999403953552,0.4429205358028412,0.21258553862571716,41,0.9027542471885681,0.8031463027000427,1.0,0.8031463027000427,0.7874144315719604,0.8031463623046875,0.0,1.0
GCN,265,1749,2,1,4,-4.3387885093688965,2.615084409713745,6.953872919082642,0.7499998807907104,0.02372104860842228,-0.05263684689998627,0.5731357932090759,0.049780093133449554,0.15289882531261842,0,0.0,0.061409630146545706,88,0.44230878353118896,0.9999998807907104,0.5607170351792352,0.9926144756277696,68.60936737060547,0.9970457902511078,0.5698694586753845,0.9988921713441654,0.5698694586753845,0.9988921713441654,2.7548894276918645e-09,3.1668392352912633e-09,7.215936292936931e-09,0.9999998807907104,0.44230878353118896,0.21367309987545013,84,0.9020707607269287,0.8034182786941528,1.0,0.8034182786941528,0.7863268852233887,0.8034182786941528,1.4551915228366852e-08,0.9999998807907104
GCN,265,1752,2,1,3,-4.611450672149658,2.8817391395568848,7.493189811706543,0.8017836213111877,0.04047592729330063,-0.0007173162302933633,0.5425503849983215,0.07593904435634613,0.21580143993937098,0,0.0,0.03838101884159107,55,0.4476231336593628,0.9999998807907104,0.5330169967693207,0.9881831610044313,64.88017272949219,0.9933530280649926,0.5386356115341187,0.9988921713441654,0.5386356115341187,0.9988921713441654,4.296340616605221e-09,2.988361202937995e-08,1.1930968923934415e-07,0.9999999403953552,0.4476231634616852,0.2556210160255432,51,0.8161417245864868,0.8139052391052246,1.0,0.8139052391052246,0.7443789839744568,0.8139052391052246,0.0,0.9999998807907104
GCN,265,1753,2,1,3,-3.9558584690093994,3.293055295944214,7.248913764953613,0.8017836213111877,0.03781340271234512,-0.0007678240654058754,0.5364437699317932,0.08444909751415253,0.22735884804850323,0,0.0,0.040474528960223306,58,0.44279181957244873,0.9999999403953552,0.5275058638441122,0.9870753323485968,64.40441131591797,0.992245199409158,0.5327396392822266,0.9988921713441654,0.5327396392822266,0.9988921713441654,3.9786116623474754e-09,4.101059047911804e-09,9.43633615690942e-09,0.9999998807907104,0.4427918493747711,0.26365533471107483,54,0.9605735540390015,0.8159138560295105,1.0,0.8159138560295105,0.7363446950912476,0.8159137964248657,4.656612873077393e-10,0.9999999403953552
GCN,265,1760,2,1,2,-2.705490827560425,5.608954429626465,8.31444525718689,0.8660253286361694,0.03895721957087517,0.0,0.5435685515403748,0.08033736050128937,0.2209170140204623,0,0.0,0.04326587578506629,62,0.4848697781562805,0.9999999403953552,0.5355111775928005,0.9889217134416544,65.22991180419922,0.9940915805022157,0.5401948690414429,0.9988921713441654,0.5401948690414429,0.9988921713441654,0.0,2.9803231882397085e-08,5.960646376479417e-08,0.9999998807907104,0.4848697781562805,0.2534940242767334,57,0.9707659482955933,0.8133735656738281,1.0,0.8133735656738281,0.7465059757232666,0.8133735060691833,0.0,0.9999999403953552
GCN,265,1764,5,1,2,-2.729578971862793,4.486460208892822,7.216039180755615,0.8660253286361694,0.04298344999551773,0.0,0.5141356587409973,0.08817246556282043,0.23796892762410005,0,0.0,0.041172365666434056,59,0.45804449915885925,0.9999999403953552,0.5072255483800058,0.9844903988183161,61.879638671875,0.9885524372230429,0.5105617642402649,0.9985228951255539,0.5105617642402649,0.9985228951255539,3.2261959770352178e-09,3.2844804653819892e-09,7.150351422069434e-09,0.9999998807907104,0.45804452896118164,0.2947941720485687,54,0.913355827331543,0.8236985206604004,1.0,0.8236985206604004,0.7052057981491089,0.8236985206604004,0.0,0.9999999403953552
GCN,265,1768,1,1,3,-2.1963632106781006,3.9148857593536377,6.111248970031738,0.8017836213111877,0.0384545661509037,-0.0009507810464128852,0.5095300674438477,0.0658901184797287,0.20670708601743085,0,0.0,0.039078855547801813,56,0.4203276038169861,0.9999998807907104,0.5015825618166085,0.9844903988183161,60.988800048828125,0.9870753323485968,0.5058439373970032,0.9985228951255539,0.5058439373970032,0.9985228951255539,2.464047854644491e-09,3.019356498157322e-08,6.071239511129534e-08,0.9999998807907104,0.4203275740146637,0.30101245641708374,52,0.6838627457618713,0.8252531290054321,1.0,0.8252531290054321,0.6989875435829163,0.8252531290054321,4.656612873077393e-10,0.9999998807907104
GCN,265,1771,1,1,3,-2.325641632080078,4.091393947601318,6.4170355796813965,0.8017836213111877,0.02847922407090664,0.0,0.561488926410675,0.058493319898843765,0.1964759378552482,0,0.0,0.052337752965806,75,0.46436572074890137,0.9999999403953552,0.5491930199967912,0.990029542097489,67.20753479003906,0.9966765140324964,0.557924211025238,0.9988921713441654,0.557924211025238,0.9988921713441654,2.9451006078318187e-09,2.9950204094575383e-08,5.994653662355631e-08,0.9999998807907104,0.46436578035354614,0.22777873277664185,70,0.9246481657028198,0.8069446086883545,1.0,0.8069446086883545,0.7722212672233582,0.8069446682929993,0.0,0.9999999403953552
GCN,265,1777,1,1,5,-2.852585554122925,2.5370194911956787,5.3896050453186035,0.7071066498756409,0.02049332670867443,0.0,0.5552321076393127,0.040775638073682785,0.10837438423645321,0,0.0,0.06838799720865317,98,0.4052281081676483,0.9999998807907104,0.5441441882934888,0.9889217134416544,66.46942138671875,0.9944608567208272,0.5519463419914246,0.9988921713441654,0.5519463419914246,0.9988921713441654,3.9786116623474754e-09,3.008835136597554e-08,1.196422374505346e-07,0.9999999403953552,0.4052281677722931,0.2358943223953247,93,0.7811740636825562,0.8089735507965088,1.0,0.8089735507965088,0.7641056776046753,0.8089735507965088,0.0,0.9999998807907104
GCN,265,1779,1,1,6,-2.3504104614257812,2.7343246936798096,5.084735155105591,0.6708203554153442,0.01649351790547371,0.0,0.577410876750946,0.03251941502094269,0.10837438423645321,0,0.0,0.08094905792044661,116,0.39997202157974243,0.9999999403953552,0.5644241378363295,0.9937223042836041,69.11248016357422,0.9970457902511078,0.5741122961044312,0.9996307237813885,0.5741122961044312,0.9996307237813885,3.5768121797730146e-09,3.0021613639519273e-08,1.1956237244703516e-07,0.9999999403953552,0.3999720811843872,0.2050090730190277,111,0.7636961936950684,0.8012522459030151,1.0,0.8012522459030151,0.7949908971786499,0.8012522459030151,0.0,0.9999999403953552
GCN,265,1781,1,1,5,-2.1769204139709473,3.2730064392089844,5.449926853179932,0.7071066498756409,0.020358620211482048,0.0,0.5633673667907715,0.03798927366733551,0.10837438423645321,0,0.0,0.06908583391486392,99,0.4111887812614441,0.9999999403953552,0.5520253840808838,0.990029542097489,67.44304656982422,0.9966765140324964,0.5600629448890686,0.9988921713441654,0.5600629448890686,0.9988921713441654,4.059541147682921e-09,4.77728523406995e-09,6.072555436276161e-08,0.9999998807907104,0.4111888110637665,0.22465477883815765,94,0.7433429956436157,0.8061636686325073,1.0,0.8061636686325073,0.7753452062606812,0.8061636686325073,0.0,0.9999999403953552
GCN,265,1783,1,1,2,-2.3971118927001953,3.565985679626465,5.96309757232666,0.8660253286361694,0.05284871533513069,0.0,0.4864295721054077,0.11507858335971832,0.3874573702159909,1,0.0,0.03349616189811584,48,0.4319547712802887,0.9999999403953552,0.4819890601986248,0.9763663220088626,58.36810302734375,0.9807976366322009,0.4827041029930115,0.9981536189069424,0.4827041029930115,0.9981536189069424,0.0,3.7398137919808505e-09,8.649365668134124e-09,0.9999998807907104,0.4319548010826111,0.33496198058128357,43,0.9172983765602112,0.8337405323982239,1.0,0.8337405323982239,0.665037989616394,0.8337404727935791,0.0,0.9999999403953552
GCN,265,1786,1,1,3,-2.2285268306732178,4.141563415527344,6.3700902462005615,0.8017836213111877,0.04280943050980568,-0.1264849752187729,0.5033406019210815,0.29741233587265015,0.8736263736263736,1,0.0,0.040474528960223306,58,0.4091989994049072,0.9999998807907104,0.486213977087374,0.9763663220088626,60.277488708496094,0.9848596750369276,0.4994867444038391,0.9985228951255539,0.4994867444038391,0.9985228951255539,3.259629011154175e-09,3.000716475298759e-08,1.1951046019476053e-07,0.9999999403953552,0.4091990292072296,0.3195188045501709,56,0.7213177680969238,0.8298797607421875,1.0,0.8298797607421875,0.6804811954498291,0.8298797011375427,9.313225746154785e-10,0.9999998807907104
GCN,265,1794,4,1,4,-2.6994593143463135,2.459939956665039,5.1593992710113525,0.7499998807907104,0.032362084835767746,-0.0017608004854992032,0.48268923163414,0.05863944813609123,0.1964759378552482,0,0.0,0.05792044661549198,83,0.372606486082077,0.9999999403953552,0.4810273714476077,0.9763663220088626,57.98855209350586,0.9796898079763663,0.47898489236831665,0.9981536189069424,0.47898489236831665,0.9981536189069424,5.587935447692871e-09,3.037257556570694e-08,6.164344057424387e-08,0.9999998807907104,0.372606486082077,0.3375883102416992,80,0.6559672355651855,0.83439701795578,1.0,0.83439701795578,0.6624116897583008,0.8343970775604248,2.3283064365386963e-10,0.9999999403953552
GCN,265,1803,0,1,4,0.06628143787384033,4.257518768310547,4.1912373304367065,0.7499998807907104,0.034117504954338074,0.0,0.4966946542263031,0.07415275275707245,0.21314892004547176,0,0.0,0.04884856943475227,70,0.3834017813205719,0.9999998807907104,0.4921678508893286,0.9763663220088626,59.67085266113281,0.982274741506647,0.4931279718875885,0.9981536189069424,0.4931279718875885,0.9981536189069424,7.623203401863066e-09,3.0904267589448864e-08,6.330986934699467e-08,0.9999998807907104,0.3834017515182495,0.31839674711227417,65,0.8096562623977661,0.829599142074585,1.0,0.829599142074585,0.6816032528877258,0.8295992016792297,0.0,0.9999998807907104
GCN,265,1807,3,1,5,-3.3548760414123535,3.0739660263061523,6.428842067718506,0.7071066498756409,0.027405831962823868,0.0,0.5646461248397827,0.062157079577445984,0.20310723758999621,0,0.0,0.06629448709002093,95,0.41168805956840515,0.9999998807907104,0.554777299301253,0.9911373707533235,67.54540252685547,0.9966765140324964,0.5614758729934692,0.9988921713441654,0.5614758729934692,0.9988921713441654,3.017829985907383e-09,2.996286951884031e-08,6.009341291246528e-08,0.9999998807907104,0.41168808937072754,0.22371336817741394,90,0.9055426120758057,0.8059283494949341,1.0,0.8059283494949341,0.7762866020202637,0.8059283494949341,0.0,0.9999998807907104
GCN,265,1809,3,1,3,-3.4424614906311035,4.2691755294799805,7.711637020111084,0.8017836213111877,0.030296210199594498,-0.1414376199245453,0.5246248841285706,0.2579632103443146,0.8103448275862069,1,0.0,0.055826936496859735,80,0.4292137026786804,0.9999999403953552,0.5109771713114397,0.9844903988183161,62.87717819213867,0.9903988183161004,0.5213261842727661,0.9985228951255539,0.5213261842727661,0.9985228951255539,4.928095709288982e-09,3.020792505026293e-08,6.071115166150776e-08,0.9999998807907104,0.4292137026786804,0.2862352132797241,76,0.8405635952949524,0.8215588331222534,1.0,0.8215588331222534,0.7137647867202759,0.8215588331222534,4.656612873077393e-10,0.9999999403953552
GCN,265,1810,3,0,44,-8.990103721618652,-6.809536933898926,2.1805667877197266,0.3061861991882324,0.007939254865050316,-0.012558314017951488,0.48668181896209717,0.01531423069536686,0.10837438423645321,0,0.0,0.2882065596650384,413,0.1536933034658432,0.9999999403953552,0.48355781162804945,0.9763663220088626,58.18714904785156,0.9807976366322009,0.4835958778858185,0.9981536189069424,0.4835958778858185,0.9981536189069424,1.5786191909228364e-08,3.50986404384912e-08,2.1570313890606485e-07,0.9999999403953552,0.1536933332681656,0.330719530582428,412,0.2874393165111542,0.8326797485351562,1.0,0.8326797485351562,0.669280469417572,0.8326798677444458,2.982255276062773e-10,0.9999999403953552
GCN,265,1817,3,1,2,-2.840585708618164,4.917050838470459,7.757636547088623,0.8660253286361694,0.040711306035518646,0.0,0.5410550832748413,0.08439037203788757,0.22735884804850323,0,0.0,0.039078855547801813,56,0.48245754837989807,0.9999998807907104,0.5334499472544153,0.9881831610044313,64.91204833984375,0.9937223042836041,0.538101851940155,0.9988921713441654,0.538101851940155,0.9988921713441654,6.51925802230835e-09,6.71586253275791e-09,6.120851736568511e-08,0.9999998807907104,0.48245757818222046,0.25720787048339844,51,0.9712923765182495,0.8143019676208496,1.0,0.8143019676208496,0.7427921295166016,0.8143019676208496,0.0,0.9999998807907104
GCN,265,1822,3,1,2,-5.062891006469727,1.8167170286178589,6.8796080350875854,0.8660253286361694,0.04931676387786865,0.0,0.4864170551300049,0.1079750508069992,0.3594164456233422,1,0.0,0.039078855547801813,56,0.432389497756958,0.9999999403953552,0.4825629981574076,0.9763663220088626,58.552974700927734,0.9811669128508124,0.48276007175445557,0.9981536189069424,0.48276007175445557,0.9981536189069424,6.585445078144403e-09,3.076713994687452e-08,6.216963299721101e-08,0.9999998807907104,0.4323894679546356,0.3342927396297455,51,0.92229163646698,0.8335732221603394,1.0,0.8335732221603394,0.6657072305679321,0.8335731625556946,0.0,0.9999999403953552
GCN,265,1825,5,1,4,-3.749741792678833,2.342144012451172,6.091885805130005,0.7499998807907104,0.026812797412276268,-0.07795780897140503,0.5281630754470825,0.05160094052553177,0.17032967032967034,0,0.0,0.06071179344033496,87,0.40631940960884094,0.9999998807907104,0.5166420587196456,0.9859675036927622,63.286033630371094,0.9911373707533235,0.5250451564788818,0.9985228951255539,0.5250451564788818,0.9985228951255539,5.036897121613038e-09,3.018368843754615e-08,6.075921277215457e-08,0.9999998807907104,0.40631943941116333,0.27765417098999023,84,0.7623330950737,0.8194135427474976,1.0,0.8194135427474976,0.7223458290100098,0.8194135427474976,1.4435969752923938e-08,0.9999998807907104
GCN,265,1829,5,1,5,-2.4126033782958984,2.9920520782470703,5.404655456542969,0.7071066498756409,0.027531038969755173,-0.0005992338410578668,0.5084201097488403,0.04101826995611191,0.10894278135657447,0,0.0,0.0628053035589672,90,0.3704613447189331,0.9999999403953552,0.5015094443807772,0.9844903988183161,60.848995208740234,0.9870753323485968,0.5047576427459717,0.9985228951255539,0.5047576427459717,0.9985228951255539,9.463355432615117e-09,9.397247424658417e-09,2.5368924738700116e-08,0.9999998807907104,0.3704613745212555,0.3014512062072754,87,0.5356267690658569,0.8253628015518188,1.0,0.8253628015518188,0.6985487937927246,0.8253628015518188,1.1641532182693481e-10,0.9999999403953552
GCN,265,1836,6,1,2,-2.050856590270996,2.85360050201416,4.904457092285156,0.8660253286361694,0.05269947648048401,-0.0009779604151844978,0.44506680965423584,0.11876028031110764,0.39636225843122397,1,0.0,0.0418702023726448,60,0.39457711577415466,0.9999999403953552,0.44442292085161134,0.9612259970457903,53.52328109741211,0.9582717872968981,0.44088566303253174,0.9970457902511078,0.44088566303253174,0.9970457902511078,8.119082295365843e-09,3.118453406614208e-08,6.398246199523783e-08,0.9999998807907104,0.39457717537879944,0.3925085961818695,56,0.86860191822052,0.8481271266937256,1.0,0.8481271266937256,0.6074913740158081,0.8481271266937256,4.656612873077393e-10,0.9999999403953552
GCN,265,1838,0,1,4,2.1294479370117188,7.248043537139893,5.118595600128174,0.7499998807907104,0.02996130846440792,-0.0023238160647451878,0.5327913761138916,0.054271601140499115,0.1883289124668435,0,0.0,0.05373342637822749,77,0.41176626086235046,0.9999999403953552,0.5213090980655689,0.9863367799113737,63.77493667602539,0.9918759231905465,0.5295438170433044,0.9988921713441654,0.5295438170433044,0.9988921713441654,5.7410578513383825e-09,3.037257556570694e-08,6.129504726004598e-08,0.9999998807907104,0.41176626086235046,0.2679709494113922,75,0.683283805847168,0.8169927597045898,1.0,0.8169927597045898,0.7320290803909302,0.8169927597045898,6.984919309616089e-10,0.9999999403953552
GCN,265,1841,0,1,5,3.0333690643310547,7.790595054626465,4.75722599029541,0.7071066498756409,0.02428826130926609,0.0,0.5580392479896545,0.04461868479847908,0.11708980674497915,0,0.0,0.051639916259595256,74,0.4070594608783722,0.9999999403953552,0.545800242864835,0.9889217134416544,66.8697509765625,0.9951994091580503,0.5551072955131531,0.9988921713441654,0.5551072955131531,0.9988921713441654,6.035659971814766e-09,3.046880436841093e-08,6.160728105442104e-08,0.9999998807907104,0.40705952048301697,0.23244106769561768,69,0.7248864769935608,0.808110237121582,1.0,0.808110237121582,0.7675589323043823,0.808110237121582,0.0,0.9999999403953552
GCN,265,1845,5,1,2,0.3184453248977661,5.6727375984191895,5.354292273521423,0.8660253286361694,0.04723455011844635,0.0,0.49518170952796936,0.09944137930870056,0.31110269041303523,0,0.0,0.034193998604326585,49,0.44053176045417786,0.9999998807907104,0.4902870180353709,0.9763663220088626,59.39384078979492,0.982274741506647,0.49187925457954407,0.9981536189069424,0.49187925457954407,0.9981536189069424,5.890201215663637e-09,5.903990185629482e-09,1.3394966913438111e-08,0.9999998807907104,0.44053176045417786,0.32175689935684204,44,0.9028229117393494,0.8304392695426941,1.0,0.8304392695426941,0.678243100643158,0.8304392099380493,0.0,0.9999998807907104
GCN,265,1852,3,1,2,-2.347579002380371,4.917788982391357,7.2653679847717285,0.8660253286361694,0.04241049662232399,0.0,0.5471697449684143,0.087956503033638,0.23796892762410005,0,0.0,0.041172365666434056,59,0.4877966046333313,0.9999998807907104,0.5377682061050718,0.9889217134416544,65.83316040039062,0.9944608567208272,0.5437946319580078,0.9988921713441654,0.5437946319580078,0.9988921713441654,1.0148852869207303e-09,5.961510396446101e-08,1.1923107479105965e-07,0.9999999403953552,0.4877966642379761,0.24898779392242432,54,0.9827594757080078,0.8122469186782837,1.0,0.8122469186782837,0.7510122060775757,0.8122469186782837,0.0,0.9999998807907104
GCN,265,1853,3,1,1,-3.003739356994629,5.1091837882995605,8.11292314529419,0.9486831426620483,0.07529958337545395,-0.003417602041736245,0.48010414838790894,0.16804833710193634,0.5744600227358848,1,0.0,0.027913468248429867,40,0.4640049934387207,0.9999999403953552,0.4747391354601811,0.9726735598227474,57.39360427856445,0.9778434268833087,0.47548016905784607,0.9981536189069424,0.47548016905784607,0.9981536189069424,7.450580596923828e-09,3.072041465657094e-08,6.171324429260494e-08,0.9999998807907104,0.4640049934387207,0.3478609323501587,36,0.9960211515426636,0.8369653224945068,1.0,0.8369653224945068,0.6521390676498413,0.8369652032852173,0.0,0.9999999403953552
GCN,265,1858,3,1,2,-3.5654516220092773,5.012016296386719,8.577467918395996,0.8660253286361694,0.04219500720500946,0.0,0.5086117386817932,0.08845524489879608,0.23796892762410005,0,0.0,0.04396371249127704,63,0.4531558156013489,0.9999999403953552,0.5044706865042038,0.9844903988183161,61.448177337646484,0.9878138847858198,0.5058216452598572,0.9985228951255539,0.5058216452598572,0.9985228951255539,4.900518213446503e-09,3.017829897089541e-08,6.052065515405047e-08,0.9999998807907104,0.4531558156013489,0.3023208975791931,58,0.9233779311180115,0.8255802989006042,1.0,0.8255802989006042,0.6976791024208069,0.8255802392959595,0.0,0.9999999403953552
GCN,265,1862,3,0,4,-6.521327018737793,-0.461864709854126,6.059462308883667,0.7499998807907104,0.03824695572257042,-0.001332026906311512,0.4906512498855591,0.07595839351415634,0.21580143993937098,0,0.0,0.050942079553384506,73,0.378222793340683,0.9999998807907104,0.4846592038599749,0.9763663220088626,58.73590850830078,0.9819054652880355,0.48664677143096924,0.9981536189069424,0.48664677143096924,0.9981536189069424,6.506772898262625e-09,3.140021576086838e-08,6.508471273036776e-08,0.9999998807907104,0.3782227635383606,0.32760393619537354,69,0.7139639854431152,0.8319010734558105,1.0000001192092896,0.831900954246521,0.672396183013916,0.8319010734558105,0.0,0.9999998807907104
GCN,265,1866,3,1,2,-4.409998893737793,3.163578748703003,7.573577642440796,0.8660253286361694,0.050968583673238754,-0.0024933686945587397,0.5023989677429199,0.11278632283210754,0.38006820765441457,1,0.0,0.03698534542916958,53,0.4464610517024994,0.9999999403953552,0.4960928038340279,0.9763663220088626,60.1121826171875,0.9848596750369276,0.4981031119823456,0.9985228951255539,0.4981031119823456,0.9985228951255539,1.2471118360224409e-08,1.2359777201709221e-08,2.767890627808356e-08,0.9999998807907104,0.4464610815048218,0.3126280903816223,49,0.9353762865066528,0.8281569480895996,1.0,0.8281569480895996,0.6873719096183777,0.8281570076942444,0.0,0.9999999403953552
GCN,265,1870,3,1,4,-4.2190985679626465,2.817261219024658,7.036359786987305,0.7499998807907104,0.035886626690626144,0.0,0.5773873925209045,0.07862374931573868,0.21883289124668434,0,0.0,0.04954640614096301,71,0.44603049755096436,0.9999999403953552,0.5668132240676924,0.9937223042836041,69.1517105102539,0.9970457902511078,0.5737612843513489,0.9996307237813885,0.5737612843513489,0.9996307237813885,5.5830828848968395e-09,5.987234175108824e-08,1.198766028664977e-07,0.9999999403953552,0.44603055715560913,0.20705664157867432,66,0.9487452507019043,0.8017640709877014,1.0,0.8017640709877014,0.7929433584213257,0.8017641305923462,0.0,0.9999999403953552
GCN,265,1872,3,1,1,-2.6975207328796387,5.701788902282715,8.399309635162354,0.9486831426620483,0.06322353333234787,0.0,0.47789597511291504,0.1386658400297165,0.4509283819628647,1,0.0,0.03279832519190509,47,0.4640049934387207,0.9999999403953552,0.475264046711754,0.9726735598227474,58.01207733154297,0.9796898079763663,0.4746829569339752,0.9981536189069424,0.4746829569339752,0.9981536189069424,0.0,2.9803231882397085e-08,5.960646376479417e-08,0.9999998807907104,0.4640049934387207,0.3478609621524811,42,0.9943636655807495,0.8369652628898621,1.0,0.8369652628898621,0.6521390676498413,0.8369652628898621,0.0,0.9999999403953552
GCN,265,1878,5,1,3,-1.6229965686798096,4.435885429382324,6.058881998062134,0.8017836213111877,0.03861081600189209,0.0,0.5036199688911438,0.08942833542823792,0.2451686244789693,0,0.0,0.04675505931612003,67,0.4154302477836609,0.9999998807907104,0.49845523922244855,0.9763663220088626,60.47616195678711,0.9859675036927622,0.5002694129943848,0.9985228951255539,0.5002694129943848,0.9985228951255539,4.293184918680026e-09,3.0114463811514725e-08,6.050286316394704e-08,0.9999998807907104,0.4154302775859833,0.30915647745132446,62,0.935247004032135,0.8272891044616699,1.0,0.8272891044616699,0.6908435225486755,0.8272891044616699,0.0,0.9999998807907104
GCN,265,1879,5,1,4,-0.17980384826660156,4.918700218200684,5.098504066467285,0.7499998807907104,0.02803421951830387,-0.0008202655590139329,0.5312343835830688,0.058381885290145874,0.1964759378552482,0,0.0,0.0628053035589672,90,0.4107494652271271,0.9999998807907104,0.5216311987447558,0.9863367799113737,63.69023132324219,0.9918759231905465,0.5279951691627502,0.9985228951255539,0.5279951691627502,0.9985228951255539,4.514753904061308e-09,4.894983973713352e-09,1.1982544734223666e-08,0.9999998807907104,0.4107494652271271,0.2697785496711731,86,0.8297302722930908,0.8174446821212769,1.0,0.8174446821212769,0.7302214503288269,0.8174446225166321,4.656612873077393e-10,0.9999998807907104
GCN,265,1881,5,1,5,-4.791281700134277,0.7269775867462158,5.518259286880493,0.7071066498756409,0.030321728438138962,-0.000314205331960693,0.5386613011360168,0.06049244850873947,0.2006441834028041,0,0.0,0.05512909979064899,79,0.39241155982017517,0.9999998807907104,0.5282144775434492,0.9870753323485968,64.37419128417969,0.992245199409158,0.5345708727836609,0.9988921713441654,0.5345708727836609,0.9988921713441654,7.1838726078965465e-09,6.000981045417575e-08,1.7968807242141338e-07,0.9999999403953552,0.39241164922714233,0.2600614130496979,75,0.7598851323127747,0.8150153160095215,1.0,0.8150153160095215,0.7399386167526245,0.8150153160095215,2.3283064365386963e-10,0.9999998807907104
GCN,265,1891,4,1,3,-1.758345365524292,4.968062400817871,6.726407766342163,0.8017836213111877,0.03477390855550766,0.0,0.5475948452949524,0.0730295330286026,0.21295945433876468,0,0.0,0.045359385903698535,65,0.45235830545425415,0.9999999403953552,0.5383895322185949,0.9889217134416544,65.54938507080078,0.9940915805022157,0.5446067452430725,0.9988921713441654,0.5446067452430725,0.9988921713441654,3.2261959770352178e-09,2.9978245663642156e-08,6.003342178928506e-08,0.9999998807907104,0.45235833525657654,0.24774666130542755,60,0.9220651388168335,0.8119366765022278,1.0,0.8119366765022278,0.7522533535957336,0.8119366765022278,0.0,0.9999999403953552
GCN,265,1899,5,1,5,-2.0749826431274414,2.9186153411865234,4.993597984313965,0.7071066498756409,0.03274163976311684,-0.000450402993010357,0.49508601427078247,0.05090383067727089,0.16331943918150815,0,0.0,0.061409630146545706,88,0.3602234125137329,0.9999998807907104,0.49108513497136963,0.9763663220088626,59.222320556640625,0.982274741506647,0.49096837639808655,0.9981536189069424,0.49096837639808655,0.9981536189069424,8.03856003983583e-09,8.085629055187837e-09,2.242553343023701e-08,0.9999998807907104,0.3602234125137329,0.32075613737106323,85,0.5442715883255005,0.8301891088485718,1.0,0.8301891088485718,0.6792438626289368,0.830189049243927,1.1641532182693481e-10,0.9999998807907104
GCN,265,1901,5,1,6,-4.4406585693359375,0.13693737983703613,4.577595949172974,0.6708203554153442,0.02412213757634163,-0.00021361948165576905,0.5103458166122437,0.04760941118001938,0.1330049261083744,0,0.0,0.0732728541521284,105,0.3529522716999054,0.9999999403953552,0.5026919793879508,0.9844903988183161,61.11865234375,0.9874446085672083,0.5071393251419067,0.9985228951255539,0.5071393251419067,0.9985228951255539,7.198948992481746e-09,6.8319034873809414e-09,1.9401017681275334e-08,0.9999998807907104,0.3529523015022278,0.29846638441085815,101,0.6756905317306519,0.8246166706085205,1.0,0.8246166706085205,0.7015336155891418,0.8246166110038757,1.1641532182693481e-10,0.9999999403953552
GCN,265,1904,5,1,3,-3.5982699394226074,1.546546459197998,5.1448163986206055,0.8017836213111877,0.03409658744931221,-0.0004058080376125872,0.5109619498252869,0.0707746148109436,0.21049640015157256,0,0.0,0.04884856943475227,70,0.42194342613220215,0.9999999403953552,0.5045113589801032,0.9844903988183161,61.150020599365234,0.9874446085672083,0.5070704817771912,0.9985228951255539,0.5070704817771912,0.9985228951255539,8.225217840163168e-09,6.014290931943833e-08,1.20716421747602e-07,0.9999998807907104,0.42194339632987976,0.29832544922828674,66,0.850378692150116,0.8245814442634583,1.0,0.8245814442634583,0.7016745805740356,0.8245813846588135,2.3283064365386963e-10,0.9999999403953552
GCN,265,1906,4,1,5,-1.5228254795074463,3.744288444519043,5.267113924026489,0.7071066498756409,0.022715983912348747,-0.00036987540079280734,0.542232871055603,0.03981306403875351,0.10837438423645321,0,0.0,0.06769016050244243,97,0.39557623863220215,0.9999998807907104,0.5344537453884121,0.9881831610044313,64.92110443115234,0.9937223042836041,0.5388747453689575,0.9988921713441654,0.5388747453689575,0.9988921713441654,5.288895543742456e-09,5.982569462048559e-08,1.1991104997832736e-07,0.9999999403953552,0.39557626843452454,0.2540941536426544,93,0.6719930171966553,0.813523530960083,1.0,0.813523530960083,0.745905876159668,0.813523530960083,0.0,0.9999998807907104
GCN,265,1909,0,1,6,0.24259912967681885,6.151927471160889,5.90932834148407,0.6708203554153442,0.02229304611682892,0.0,0.552834153175354,0.03087558224797249,0.10837438423645321,0,0.0,0.06838799720865317,98,0.3826022148132324,0.9999999403953552,0.5435812260697381,0.9889217134416544,66.13103485107422,0.9944608567208272,0.549435019493103,0.9988921713441654,0.549435019493103,0.9988921713441654,7.66575247723722e-09,6.008293951254018e-08,1.2082510636446386e-07,0.9999999403953552,0.3826023042201996,0.23953357338905334,93,0.5136257410049438,0.8098833560943604,1.0,0.8098833560943604,0.760466456413269,0.8098833560943604,0.0,0.9999999403953552
GCN,265,1911,5,1,4,-0.0659787654876709,5.161162376403809,5.2271411418914795,0.7499998807907104,0.03258530795574188,0.0,0.5019330978393555,0.06127654016017914,0.2019704433497537,0,0.0,0.05512909979064899,79,0.3876202404499054,0.9999998807907104,0.4964538228668762,0.9763663220088626,60.154876708984375,0.9848596750369276,0.4983982443809509,0.9985228951255539,0.4983982443809509,0.9985228951255539,6.485911363540708e-09,3.030914896839931e-08,1.2006881888737553e-07,0.9999998807907104,0.387620210647583,0.31089723110198975,74,0.7079123258590698,0.8277243375778198,1.0,0.8277243375778198,0.6891027688980103,0.8277243375778198,0.0,0.9999998807907104
GCN,265,1913,0,1,4,2.090582847595215,7.077661514282227,4.987078666687012,0.7499998807907104,0.026215925812721252,0.0,0.507529616355896,0.048215627670288086,0.14153088291019325,0,0.0,0.06769016050244243,97,0.3924846351146698,0.9999999403953552,0.5023408572290166,0.9844903988183161,60.737178802490234,0.9867060561299852,0.5035218000411987,0.9985228951255539,0.5035218000411987,0.9985228951255539,6.195220336735474e-09,6.190843837572402e-09,6.164876964476207e-08,0.9999998807907104,0.3924846351146698,0.30224937200546265,92,0.7000759840011597,0.8255623579025269,1.0,0.8255623579025269,0.6977506279945374,0.8255623579025269,0.0,0.9999999403953552
GCN,265,1916,6,1,3,-0.3671336770057678,5.0514445304870605,5.418578207492828,0.8017836213111877,0.0381162203848362,0.0,0.5058844685554504,0.07266384363174438,0.21182266009852216,0,0.0,0.03838101884159107,55,0.4173639416694641,0.9999999403953552,0.49959874443811925,0.9763663220088626,60.556373596191406,0.9859675036927622,0.5028418898582458,0.9985228951255539,0.5028418898582458,0.9985228951255539,7.2738619572021435e-09,5.986645845723615e-08,1.1995967952316278e-07,0.9999999403953552,0.4173640012741089,0.30594074726104736,50,0.7732448577880859,0.8264851570129395,1.0,0.8264851570129395,0.6940592527389526,0.8264851570129395,0.0,0.9999999403953552
GCN,265,1918,6,1,2,-0.561679482460022,4.994588851928711,5.556268334388733,0.8660253286361694,0.09712883830070496,0.0,0.5100690722465515,0.21037879586219788,0.7046229632436529,1,0.0,0.01465457083042568,21,0.44538047909736633,0.9999998807907104,0.4940881512791377,0.9763663220088626,60.375850677490234,0.9852289512555391,0.5008491277694702,0.9985228951255539,0.5008491277694702,0.9985228951255539,1.2564228768496832e-08,3.236345946788788e-08,6.598935442525544e-08,0.9999998807907104,0.44538044929504395,0.3142918050289154,16,0.9567828178405762,0.8285729289054871,1.0,0.8285729289054871,0.6857081651687622,0.8285729885101318,0.0,0.9999998807907104
GCN,265,1920,0,1,6,-0.1209789514541626,3.6638002395629883,3.784779191017151,0.6708203554153442,0.023431697860360146,-0.08740022033452988,0.5088364481925964,0.2579253911972046,0.8103448275862069,1,0.0,0.0718771807397069,103,0.3498481214046478,0.9999999403953552,0.49925441584690067,0.9763663220088626,60.903987884521484,0.9870753323485968,0.5054729580879211,0.9985228951255539,0.5054729580879211,0.9985228951255539,5.778704625925002e-09,3.056473119045222e-08,6.267561047934578e-08,0.9999998807907104,0.34984809160232544,0.3046363592147827,100,0.6054542064666748,0.8261592388153076,1.0,0.8261592388153076,0.6953636407852173,0.8261591196060181,1.1641532182693481e-08,0.9999999403953552
GCN,265,1925,0,1,3,0.9651695489883423,6.409397125244141,5.444227576255798,0.8017836213111877,0.033570628613233566,-0.03269975632429123,0.5058042407035828,0.06419608741998672,0.20500189465706706,0,0.0,0.055826936496859735,80,0.4165809750556946,0.9999999403953552,0.5008370426419337,0.9844903988183161,60.779624938964844,0.9867060561299852,0.5025336742401123,0.9985228951255539,0.5025336742401123,0.9985228951255539,2.464047854644491e-09,2.9933907796930725e-08,5.997166852012015e-08,0.9999998807907104,0.41658100485801697,0.30724287033081055,77,0.7755123376846313,0.8268107175827026,1.0,0.8268107175827026,0.6927571296691895,0.8268107175827026,5.71503200319512e-09,0.9999999403953552
GCN,265,1931,3,1,3,-3.061021089553833,4.544806480407715,7.605827569961548,0.8017836213111877,0.02676834538578987,0.0,0.5598071217536926,0.0531560555100441,0.1816976127320955,0,0.0,0.05024424284717376,72,0.4630782902240753,0.9999999403953552,0.5492284271993865,0.990029542097489,67.10865020751953,0.9966765140324964,0.5564699769020081,0.9988921713441654,0.5564699769020081,0.9988921713441654,5.14339681956244e-09,3.013245830629785e-08,6.037221567112283e-08,0.9999998807907104,0.4630782902240753,0.22991982102394104,67,0.8913059234619141,0.8074800372123718,1.0,0.8074800372123718,0.7700802087783813,0.807479977607727,0.0,0.9999999403953552
GCN,265,1932,3,1,3,-3.232011556625366,3.943452835083008,7.175464391708374,0.8017836213111877,0.037597812712192535,0.0,0.5219574570655823,0.07817302644252777,0.21750663129973474,0,0.0,0.04256803907885555,61,0.43078944087028503,0.9999998807907104,0.5173926542965376,0.9859675036927622,62.57295227050781,0.9903988183161004,0.5185997486114502,0.9985228951255539,0.5185997486114502,0.9985228951255539,5.350040854779081e-09,5.759912102831777e-09,1.3359333195239742e-08,0.9999998807907104,0.43078944087028503,0.2836148142814636,56,0.8701351881027222,0.8209037184715271,1.0,0.8209037184715271,0.7163851857185364,0.8209037184715271,0.0,0.9999998807907104
GCN,265,1936,3,1,5,-3.8857898712158203,2.108677387237549,5.994467258453369,0.7071066498756409,0.024816513061523438,0.0,0.5554923415184021,0.04959433153271675,0.15289882531261842,0,0.0,0.05931612002791347,85,0.40516042709350586,0.9999998807907104,0.5464368972713912,0.9889217134416544,66.53857421875,0.9948301329394387,0.5522531270980835,0.9988921713441654,0.5522531270980835,0.9988921713441654,5.400466296379136e-09,3.034579165728246e-08,6.126800400352295e-08,0.9999998807907104,0.40516042709350586,0.23602205514907837,80,0.7849721908569336,0.809005618095398,1.0,0.809005618095398,0.7639779448509216,0.8090054988861084,0.0,0.9999998807907104
GCN,265,1938,3,1,1,-3.402632474899292,2.8968656063079834,6.299498081207275,0.9486831426620483,0.09287750720977783,0.0,0.3937721252441406,0.23328018188476562,0.7612732095490716,1,0.0,0.024424284717376135,35,0.37397539615631104,0.9999999403953552,0.39876660611363896,0.9268833087149188,49.19374084472656,0.9294682422451994,0.38709557056427,0.9863367799113737,0.38709557056427,0.9863367799113737,0.0,3.29272248356105e-10,1.1406325883811519e-09,0.9999998807907104,0.3739754259586334,0.474393755197525,30,0.9382820129394531,0.8685985207557678,1.0000001192092896,0.8685984015464783,0.5256063938140869,0.8685985803604126,0.0,0.9999999403953552
GCN,265,1942,3,1,3,-3.2663846015930176,4.388322830200195,7.654707431793213,0.8017836213111877,0.03432358801364899,-0.0016813456313684583,0.5104023218154907,0.07004263997077942,0.21049640015157256,0,0.0,0.04954640614096301,71,0.42141297459602356,0.9999999403953552,0.5039981492099386,0.9844903988183161,61.21508026123047,0.9878138847858198,0.5068828463554382,0.9985228951255539,0.5068828463554382,0.9985228951255539,4.928095709288982e-09,4.760233540679337e-09,1.1359636786778537e-08,0.9999998807907104,0.42141300439834595,0.299207478761673,68,0.8177613019943237,0.8248018622398376,1.0,0.8248018622398376,0.7007925510406494,0.8248019218444824,2.3283064365386963e-10,0.9999999403953552
GCN,265,1947,3,1,4,-5.374047756195068,0.8191859722137451,6.1932337284088135,0.7499998807907104,0.028092721477150917,-0.000910272472538054,0.535641074180603,0.055314354598522186,0.1896551724137931,0,0.0,0.05373342637822749,77,0.4141668677330017,0.9999999403953552,0.5286578723557639,0.9870753323485968,64.18492889404297,0.992245199409158,0.5326398611068726,0.9988921713441654,0.5326398611068726,0.9988921713441654,3.951266869250958e-09,3.031183126722681e-08,6.105586436433441e-08,0.9999998807907104,0.4141669273376465,0.2637031376361847,73,0.7910047173500061,0.8159258365631104,1.0,0.8159258365631104,0.7362968921661377,0.8159258365631104,2.3283064365386963e-10,0.9999999403953552
GCN,265,1959,5,0,5,-5.533629417419434,-0.6932929158210754,4.840336501598358,0.7071066498756409,0.02964317612349987,-0.0003061508759856224,0.4993703365325928,0.0560089647769928,0.19306555513452064,0,0.0,0.0628053035589672,90,0.36365807056427,0.9999999403953552,0.49230669485662243,0.9763663220088626,59.74943542480469,0.982274741506647,0.4956642687320709,0.9985228951255539,0.4956642687320709,0.9985228951255539,6.796102791639669e-09,3.070011445061027e-08,6.295802990052835e-08,0.9999998807907104,0.3636581003665924,0.31427961587905884,86,0.6671760678291321,0.8285698890686035,1.0,0.8285698890686035,0.6857203841209412,0.8285698890686035,1.1641532182693481e-10,0.9999999403953552
GCN,265,1961,5,1,3,-4.013736724853516,2.5039093494415283,6.517646074295044,0.8017836213111877,0.03412124142050743,0.0,0.4891042113304138,0.06510302424430847,0.20651762031072377,0,0.0,0.05512909979064899,79,0.4037763774394989,0.9999999403953552,0.48463606720774294,0.9763663220088626,58.541194915771484,0.9811669128508124,0.48546209931373596,0.9981536189069424,0.48546209931373596,0.9981536189069424,6.2475016271434924e-09,6.251838602366888e-09,6.15889703681205e-08,0.9999998807907104,0.4037764072418213,0.32853639125823975,74,0.7482297420501709,0.8321341276168823,1.0,0.8321341276168823,0.6714636087417603,0.8321341276168823,0.0,0.9999999403953552
GCN,265,1962,5,1,3,-3.26212739944458,2.7186598777770996,5.98078727722168,0.8017836213111877,0.0409243181347847,0.0,0.47562265396118164,0.08895386755466461,0.24156877605153468,0,0.0,0.0418702023726448,60,0.39186543226242065,0.9999999403953552,0.47313076822047706,0.9719350073855244,57.16677474975586,0.975258493353028,0.4716617465019226,0.9981536189069424,0.4716617465019226,0.9981536189069424,8.277775798148923e-09,8.789164063216504e-09,2.2426000612085772e-08,0.9999998807907104,0.39186543226242065,0.3483438491821289,55,0.8289018869400024,0.8370859622955322,1.0,0.8370859622955322,0.6516561508178711,0.8370859622955322,0.0,0.9999999403953552
GCN,265,1969,4,1,3,-3.063995599746704,3.174628973007202,6.238624572753906,0.8017836213111877,0.042418546974658966,0.0,0.524050235748291,0.0831192135810852,0.2233800682076544,0,0.0,0.03838101884159107,55,0.4320541322231293,0.9999999403953552,0.5172548256008748,0.9859675036927622,62.876502990722656,0.9903988183161004,0.520708441734314,0.9985228951255539,0.520708441734314,0.9985228951255539,7.997995155051285e-09,3.084808497533231e-08,6.238626326648955e-08,0.9999998807907104,0.4320541024208069,0.28151172399520874,50,0.8233335018157959,0.8203779458999634,1.0,0.8203779458999634,0.7184882760047913,0.8203779458999634,0.0,0.9999999403953552
GCN,265,1972,6,1,3,-1.153263807296753,3.724801540374756,4.878065347671509,0.8017836213111877,0.03172735869884491,0.0,0.5067487955093384,0.062166135758161545,0.20310723758999621,0,0.0,0.05443126308443824,78,0.41865310072898865,0.9999999403953552,0.500627838774406,0.9844903988183161,60.74507141113281,0.9867060561299852,0.5034700036048889,0.9985228951255539,0.5034700036048889,0.9985228951255539,3.0888476221235805e-09,3.000896953153642e-08,1.195031558154369e-07,0.9999998807907104,0.41865307092666626,0.3037971258163452,73,0.7961041927337646,0.8259493708610535,1.0,0.8259493708610535,0.6962028741836548,0.8259493112564087,0.0,0.9999999403953552
GCN,265,1977,3,1,2,0.36330723762512207,5.622791290283203,5.259484052658081,0.8660253286361694,0.04147058352828026,0.0,0.5056707262992859,0.08748187124729156,0.2370215990905646,0,0.0,0.044661549197487785,64,0.4505830705165863,0.9999999403953552,0.4989200641739831,0.9763663220088626,60.51218032836914,0.9859675036927622,0.5018718838691711,0.9985228951255539,0.5018718838691711,0.9985228951255539,3.5156655364687595e-09,3.0023418418068104e-08,6.014701625645102e-08,0.9999998807907104,0.4505830407142639,0.3062818944454193,59,0.9237966537475586,0.8265705108642578,1.0,0.8265705108642578,0.6937180757522583,0.8265705108642578,0.0,0.9999999403953552
GCN,265,1983,0,1,4,0.24479150772094727,6.35624885559082,6.111457347869873,0.7499998807907104,0.02255108952522278,-0.0010808601509779692,0.5501986145973206,0.046056777238845825,0.12542629784009093,0,0.0,0.06559665038381018,94,0.42583173513412476,0.9999998807907104,0.541101524612219,0.9889217134416544,65.90201568603516,0.9944608567208272,0.5470966100692749,0.9988921713441654,0.5470966100692749,0.9988921713441654,3.725290298461914e-09,3.614503585325224e-09,6.020530918249278e-08,0.9999998807907104,0.42583170533180237,0.2429656684398651,90,0.8155556917190552,0.8107414245605469,1.0,0.8107414245605469,0.7570343017578125,0.8107414245605469,0.0,0.9999998807907104
GCN,265,1996,3,0,5,-8.284332275390625,-2.9162278175354004,5.368104457855225,0.7071066498756409,0.035515155643224716,-0.0007237818208523095,0.5160643458366394,0.06932264566421509,0.20954907161803712,0,0.0,0.04396371249127704,63,0.37533921003341675,0.9999998807907104,0.5083859946640361,0.9844903988183161,61.6096076965332,0.9885524372230429,0.5120702981948853,0.9985228951255539,0.5120702981948853,0.9985228951255539,1.0073794243226075e-08,9.330671346674535e-09,6.457854340169433e-08,0.9999998807907104,0.37533921003341675,0.2922535240650177,59,0.7122789621353149,0.8230634927749634,1.0,0.8230634927749634,0.7077465057373047,0.8230633735656738,4.656612873077393e-10,0.9999998807907104
GCN,265,2004,3,1,4,-5.570975303649902,1.1698157787322998,6.740791082382202,0.7499998807907104,0.029339483007788658,0.0,0.5481583476066589,0.053714457899332047,0.18226600985221675,0,0.0,0.04815073272854152,69,0.4238292872905731,0.9999999403953552,0.5385014475322172,0.9889217134416544,65.58512878417969,0.9940915805022157,0.5449243783950806,0.9988921713441654,0.5449243783950806,0.9988921713441654,8.264668061030989e-09,3.0221382729678226e-08,6.076513869857081e-08,0.9999998807907104,0.4238292872905731,0.24652552604675293,64,0.7526723742485046,0.811631441116333,1.0,0.811631441116333,0.7534744739532471,0.8116313815116882,0.0,0.9999999403953552
GCN,265,2006,3,1,3,-6.297143936157227,0.5511707663536072,6.848314702510834,0.8017836213111877,0.043684832751750946,0.0,0.48483651876449585,0.08753757178783417,0.2370215990905646,0,0.0,0.03558967201674808,51,0.39923200011253357,0.9999998807907104,0.4793919382745956,0.9759970457902511,58.033447265625,0.9796898079763663,0.4807807505130768,0.9981536189069424,0.4807807505130768,0.9981536189069424,4.368290174028289e-09,3.03359648512469e-08,6.127041274339717e-08,0.9999998807907104,0.3992319703102112,0.33609360456466675,46,0.7789621353149414,0.8340234756469727,1.0,0.8340234756469727,0.6639063954353333,0.8340234160423279,0.0,0.9999998807907104
GCN,265,2010,0,1,4,-0.06612777709960938,4.790825843811035,4.8569536209106445,0.7499998807907104,0.028498560190200806,-0.0008370412979274988,0.5305753946304321,0.05812555178999901,0.1962864721485411,0,0.0,0.0628053035589672,90,0.4102023243904114,0.9999998807907104,0.5231033796083477,0.9863367799113737,63.53244400024414,0.991506646971935,0.5270105004310608,0.9985228951255539,0.5270105004310608,0.9985228951255539,9.313225746154785e-10,2.984685565365908e-08,5.972193406478254e-08,0.9999998807907104,0.41020235419273376,0.2707512378692627,86,0.8116194605827332,0.8176877498626709,1.0,0.8176877498626709,0.7292487621307373,0.8176878094673157,4.656612873077393e-10,0.9999998807907104
GCN,265,2011,3,1,3,-1.745605230331421,5.209894180297852,6.9554994106292725,0.8017836213111877,0.028305912390351295,-0.001179225044324994,0.5428518056869507,0.0554768405854702,0.19060250094732853,0,0.0,0.05512909979064899,79,0.4488665461540222,0.9999999403953552,0.5333936581420211,0.9881831610044313,65.02091979980469,0.9937223042836041,0.5397863984107971,0.9988921713441654,0.5397863984107971,0.9988921713441654,4.293184918680026e-09,4.6391175345661395e-09,6.050581191630044e-08,0.9999998807907104,0.4488665759563446,0.25355327129364014,76,0.8530471324920654,0.8133884072303772,1.0,0.8133884072303772,0.7464467287063599,0.8133883476257324,0.0,0.9999999403953552
GCN,265,2014,3,1,2,0.4778684377670288,6.011502742767334,5.533634305000305,0.8660253286361694,0.04926475137472153,0.0,0.5364130735397339,0.10348410904407501,0.3421750663129973,1,0.0,0.03558967201674808,51,0.4774264693260193,0.9999999403953552,0.5278340638692361,0.9870753323485968,64.29954528808594,0.992245199409158,0.5319074392318726,0.9988921713441654,0.5319074392318726,0.9988921713441654,7.092741505232425e-09,6.002065333632345e-08,1.2012101535674446e-07,0.9999998807907104,0.4774264395236969,0.2649537920951843,46,0.9758145809173584,0.8162384033203125,1.0,0.8162384033203125,0.7350462079048157,0.8162384629249573,0.0,0.9999999403953552
GCN,265,2015,6,1,3,0.426682710647583,5.182311058044434,4.755628347396851,0.8017836213111877,0.027811935171484947,0.0,0.5487138628959656,0.05544862151145935,0.1896551724137931,0,0.0,0.05373342637822749,77,0.453801691532135,0.9999999403953552,0.5395469147556596,0.9889217134416544,65.71417999267578,0.9940915805022157,0.5455013513565063,0.9988921713441654,0.5455013513565063,0.9988921713441654,3.2844804653819892e-09,2.99411517801218e-08,5.99407741219693e-08,0.9999998807907104,0.4538016617298126,0.2453465759754181,72,0.8771272897720337,0.811336874961853,1.0000001192092896,0.8113367557525635,0.7546535730361938,0.8113367557525635,0.0,0.9999999403953552
GCN,265,2019,0,1,2,0.09676849842071533,4.877292156219482,4.780523657798767,0.8660253286361694,0.0535748191177845,-0.00030530584626831114,0.5063198804855347,0.11651144176721573,0.3901098901098901,1,0.0,0.03628750872295883,52,0.4497857093811035,1.0,0.5009732311353662,0.9844903988183161,60.695865631103516,0.9859675036927622,0.5019134283065796,0.9985228951255539,0.5019134283065796,0.9985228951255539,8.03856003983583e-09,8.041931565117011e-09,1.7872322288781106e-08,0.9999998807907104,0.4497857689857483,0.3075094223022461,48,0.9535938501358032,0.8268774151802063,1.0,0.8268774151802063,0.6924905776977539,0.8268773555755615,0.0,1.0
GCN,265,2038,3,1,2,-1.9558591842651367,4.2106757164001465,6.166534900665283,0.8660253286361694,0.05329085513949394,-0.0012831651838496327,0.46782386302948,0.11884979158639908,0.39636225843122397,1,0.0,0.03838101884159107,55,0.41503214836120605,0.9999999403953552,0.4614355984405394,0.96602658788774,56.1819953918457,0.9693500738552437,0.4633805751800537,0.9981536189069424,0.4633805751800537,0.9981536189069424,3.725290298461914e-09,3.009285265420658e-08,6.03935035314862e-08,0.9999998807907104,0.41503211855888367,0.3610161542892456,51,0.9035636782646179,0.8402540683746338,1.0,0.8402540683746338,0.6389838457107544,0.8402540683746338,0.0,0.9999999403953552
GCN,265,2043,4,1,2,-1.9597570896148682,4.1470112800598145,6.106768369674683,0.8660253286361694,0.05481059476733208,0.0,0.4740726351737976,0.12290141731500626,0.40299355816597193,1,0.0,0.03977669225401256,57,0.42053577303886414,0.9999999403953552,0.46842963079112016,0.9675036927621861,56.63463592529297,0.9715657311669128,0.46933674812316895,0.9981536189069424,0.46933674812316895,0.9981536189069424,4.971902001216222e-09,4.223165372962967e-09,1.0080990264782486e-08,0.9999998807907104,0.42053577303886414,0.35254278779029846,52,0.9205934405326843,0.8381357192993164,1.0,0.8381357192993164,0.6474572420120239,0.8381357192993164,0.0,0.9999999403953552
GCN,265,2045,1,1,32,-2.116891384124756,0.16823196411132812,2.285123348236084,0.35355332493782043,0.008514120243489742,-0.05750503018498421,0.5322085618972778,0.020178236067295074,0.10837438423645321,0,0.0,0.22609909281228194,324,0.19377289712429047,0.9999999403953552,0.523911219071858,0.9863367799113737,63.65671920776367,0.9918759231905465,0.5288904309272766,0.9985228951255539,0.5288904309272766,0.9985228951255539,1.848475861265797e-08,1.2952479977457187e-08,6.680646436052484e-08,0.9999998807907104,0.19377291202545166,0.2692364752292633,323,0.44594383239746094,0.8173090815544128,1.0,0.8173090815544128,0.7307635545730591,0.8173091411590576,3.046880525658935e-09,0.9999999403953552
GCN,265,2051,0,1,3,1.2967171669006348,5.8823628425598145,4.58564567565918,0.8017836213111877,0.03236551210284233,-0.034372225403785706,0.5148354172706604,0.0625319853425026,0.2032967032967033,0,0.0,0.051639916259595256,74,0.42417487502098083,1.0,0.5092227720023944,0.9844903988183161,61.70183563232422,0.9885524372230429,0.5115573406219482,0.9985228951255539,0.5115573406219482,0.9985228951255539,4.839293854530524e-09,3.012796057078049e-08,6.05299348421795e-08,0.9999998807907104,0.42417487502098083,0.2946145534515381,72,0.7975269556045532,0.8236535787582397,1.0,0.8236535787582397,0.7053854465484619,0.8236536383628845,5.719772655510269e-09,1.0
GCN,265,2054,0,1,9,3.6375298500061035,7.449923038482666,3.8123931884765625,0.588348388671875,0.016404269263148308,-0.0226329006254673,0.5639218091964722,0.030137883499264717,0.10837438423645321,0,0.0,0.08234473133286811,118,0.3421116769313812,0.9999998807907104,0.5492781833489937,0.990029542097489,67.47444915771484,0.9966765140324964,0.5606712698936462,0.9988921713441654,0.5606712698936462,0.9988921713441654,1.0641659109467128e-08,3.1383809329099677e-08,6.618129333446632e-08,0.9999998807907104,0.3421117067337036,0.2246958464384079,116,0.6095499396324158,0.8061739206314087,1.0,0.8061739206314087,0.7753041386604309,0.8061739802360535,1.4828680505729608e-09,0.9999998807907104
GCN,265,2055,0,1,4,1.4953300952911377,7.424130439758301,5.928800344467163,0.7499998807907104,0.027869442477822304,-0.0302304457873106,0.5333433747291565,0.05527951940894127,0.1896551724137931,0,0.0,0.05931612002791347,85,0.41155412793159485,0.9999999403953552,0.5245150108425853,0.9863367799113737,63.80146789550781,0.9918759231905465,0.5299498438835144,0.9988921713441654,0.5299498438835144,0.9988921713441654,5.015325488244571e-09,5.993840090923186e-08,1.2018637107757968e-07,0.9999999403953552,0.4115541875362396,0.26834797859191895,82,0.7934216856956482,0.8170870542526245,1.0,0.8170870542526245,0.731652021408081,0.8170869946479797,1.9441706911038636e-08,0.9999999403953552
GCN,265,2058,5,1,3,-3.7771615982055664,2.687603712081909,6.464765310287476,0.8017836213111877,0.05248594656586647,0.0,0.43652957677841187,0.0962856188416481,0.29120879120879123,0,0.0,0.039078855547801813,56,0.3576551675796509,0.9999999403953552,0.4374251642255098,0.9597488921713442,52.26910400390625,0.9523633677991138,0.4317081868648529,0.9959379615952733,0.4317081868648529,0.9959379615952733,1.0780838444190977e-08,1.0076484535659347e-08,2.817391653309187e-08,0.9999998807907104,0.3576551675796509,0.40523409843444824,51,0.6420801877975464,0.8513085842132568,1.0,0.8513085842132568,0.5947659015655518,0.8513085246086121,0.0,0.9999999403953552
GCN,265,2059,0,1,6,1.5391260385513306,6.115053653717041,4.5759276151657104,0.6708203554153442,0.024539893493056297,-0.0481613352894783,0.5074551701545715,0.04659077525138855,0.12788935202728305,0,0.0,0.07466852756454989,107,0.34969809651374817,0.9999999403953552,0.5012647012091048,0.9844903988183161,60.77467346191406,0.9867060561299852,0.5040447115898132,0.9985228951255539,0.5040447115898132,0.9985228951255539,1.0970252262154645e-08,6.024242793500889e-08,1.8056832118418242e-07,0.9999999403953552,0.34969818592071533,0.3049343228340149,105,0.6266746520996094,0.8262335062026978,1.0,0.8262335062026978,0.6950656771659851,0.8262335658073425,2.2819778067173502e-08,0.9999999403953552
GCN,265,2071,2,1,8,0.8272322416305542,4.014156341552734,3.18692409992218,0.6123723983764648,0.02076598070561886,-0.04044843092560768,0.5029948949813843,0.04301447793841362,0.1110269041303524,0,0.0,0.09909281228192603,142,0.3167637586593628,0.9999999403953552,0.4963799949909577,0.9763663220088626,60.148094177246094,0.9848596750369276,0.4995670020580292,0.9985228951255539,0.4995670020580292,0.9985228951255539,8.624168046367231e-09,8.032657206058502e-09,6.47654232466266e-08,0.9999998807907104,0.3167637884616852,0.3103024959564209,139,0.6380305290222168,0.8275756239891052,1.0,0.8275756239891052,0.6896975040435791,0.8275756239891052,1.5373876394164654e-08,0.9999999403953552
GCN,265,2072,0,1,3,2.6360573768615723,7.888716697692871,5.252659320831299,0.8017836213111877,0.03359357640147209,-0.0006474449764937162,0.5306233167648315,0.06970211863517761,0.21030693444486548,0,0.0,0.045359385903698535,65,0.43832436203956604,1.0,0.5210280976123175,0.9863367799113737,63.56485366821289,0.991506646971935,0.5272020697593689,0.9985228951255539,0.5272020697593689,0.9985228951255539,2.9451006078318187e-09,3.002432080734252e-08,6.017214815301486e-08,0.9999998807907104,0.4383244216442108,0.27108442783355713,62,0.88274085521698,0.8177711367607117,1.0,0.8177711367607117,0.7289155721664429,0.8177710771560669,1.1641532182693481e-10,1.0
GCN,265,2075,3,1,8,-3.490260124206543,1.616095781326294,5.106355905532837,0.6123723983764648,0.019943196326494217,-0.00026256052660755813,0.5144373178482056,0.04332247003912926,0.1110269041303524,0,0.0,0.08583391486392185,123,0.3249386250972748,0.9999998807907104,0.5087526568312946,0.9844903988183161,61.56005859375,0.9881831610044313,0.5112197399139404,0.9985228951255539,0.5112197399139404,0.9985228951255539,6.2475016271434924e-09,7.396725898445311e-09,2.27639223027154e-08,0.9999998807907104,0.3249386250972748,0.2925032377243042,119,0.6843314170837402,0.8231258392333984,1.0,0.8231258392333984,0.7074967622756958,0.8231258392333984,1.1641532182693481e-10,0.9999998807907104
GCN,265,2082,1,1,2,-2.0246589183807373,4.544800758361816,6.569459676742554,0.8660253286361694,0.09021378308534622,0.0,0.49444568157196045,0.19461196660995483,0.6530882910193255,1,0.0,0.021632937892533146,31,0.4326362609863281,0.9999999403953552,0.4860426589665732,0.9763663220088626,59.22434997558594,0.982274741506647,0.48654115200042725,0.9981536189069424,0.48654115200042725,0.9981536189069424,8.119082295365843e-09,3.0846326382061307e-08,6.237957705934605e-08,0.9999998807907104,0.43263623118400574,0.33391284942626953,26,0.9237316250801086,0.8334782123565674,1.0,0.8334782123565674,0.6660871505737305,0.8334782123565674,0.0,0.9999999403953552
GCN,265,2087,1,1,2,-2.311790943145752,3.2924420833587646,5.604233026504517,0.8660253286361694,0.04726164788007736,0.0,0.5021868348121643,0.09677077829837799,0.29120879120879123,0,0.0,0.03838101884159107,55,0.4468366801738739,0.9999998807907104,0.49580401873550595,0.9763663220088626,60.18482971191406,0.9848596750369276,0.498495876789093,0.9985228951255539,0.498495876789093,0.9985228951255539,6.5854449671221e-10,2.9866825457247614e-08,5.977292971692805e-08,0.9999998807907104,0.4468366503715515,0.31204989552497864,50,0.8904945254325867,0.8280125260353088,1.0,0.8280125260353088,0.6879501342773438,0.8280124664306641,0.0,0.9999998807907104
GCN,265,2096,1,1,6,-1.7377843856811523,2.941046714782715,4.678831100463867,0.6708203554153442,0.022502277046442032,-0.000941133068408817,0.49685052037239075,0.04551086574792862,0.12182644941265632,0,0.0,0.0851360781577111,122,0.343672513961792,0.9999998807907104,0.49258638294869767,0.9763663220088626,59.43539810180664,0.982274741506647,0.49341246485710144,0.9981536189069424,0.49341246485710144,0.9981536189069424,7.708066185330154e-09,3.055053809930541e-08,1.207816779924542e-07,0.9999999403953552,0.3436725437641144,0.3169110119342804,119,0.6539239883422852,0.8292278051376343,1.0,0.8292278051376343,0.683089017868042,0.8292278051376343,2.3283064365386963e-10,0.9999998807907104
GCN,265,2105,5,1,2,0.237465500831604,6.385494232177734,6.14802873134613,0.8660253286361694,0.04772282764315605,-0.002691103843972087,0.4628278315067291,0.10423322021961212,0.3421750663129973,1,0.0,0.041172365666434056,59,0.41118961572647095,0.9999999403953552,0.4591878723946771,0.96602658788774,55.45335388183594,0.96602658788774,0.45879027247428894,0.9974150664697193,0.45879027247428894,0.9974150664697193,7.736145946068973e-09,7.693986781021067e-09,6.249081252462929e-08,0.9999998807907104,0.41118961572647095,0.36693209409713745,56,0.8515893816947937,0.8417330980300903,1.0,0.8417330980300903,0.6330679059028625,0.8417330384254456,1.0412503081980162e-09,0.9999999403953552
GCN,265,2107,1,1,4,-1.234689712524414,4.2618088722229,5.4964985847473145,0.7499998807907104,0.0266443882137537,-0.00046639030915685,0.5281243324279785,0.052412085235118866,0.1733611216369837,0,0.0,0.0642009769713887,92,0.4084429442882538,0.9999998807907104,0.5202209655619212,0.9863367799113737,63.192012786865234,0.9911373707533235,0.5245742797851562,0.9985228951255539,0.5245742797851562,0.9985228951255539,4.5625303535246076e-09,5.020726945303977e-09,1.2332198373599113e-08,0.9999998807907104,0.4084429442882538,0.2738790214061737,88,0.77915358543396,0.8184697031974792,1.0,0.8184697031974792,0.7261209487915039,0.818469762802124,2.3283064365386963e-10,0.9999998807907104
GCN,265,2113,2,1,6,-2.479271411895752,3.6035048961639404,6.082776308059692,0.6708203554153442,0.02168796956539154,-0.03461632505059242,0.5545416474342346,0.040802087634801865,0.10837438423645321,0,0.0,0.06978367062107467,100,0.3830501139163971,0.9999998807907104,0.5443049941833739,0.9889217134416544,66.33680725097656,0.9944608567208272,0.5511055588722229,0.9988921713441654,0.5511055588722229,0.9988921713441654,6.401784435894342e-09,3.068598530830968e-08,6.257376838902928e-08,0.9999998807907104,0.3830501437187195,0.23864343762397766,96,0.6998482346534729,0.8096609115600586,1.0,0.8096609115600586,0.7613565921783447,0.8096609115600586,2.852175384759903e-08,0.9999998807907104
GCN,265,2120,4,1,5,-2.078097343444824,3.4683127403259277,5.546410083770752,0.7071066498756409,0.03176762908697128,0.0,0.5005917549133301,0.0756344199180603,0.21580143993937098,0,0.0,0.06699232379623168,96,0.36437204480171204,0.9999999403953552,0.49564120159149905,0.9763663220088626,60.064720153808594,0.9848596750369276,0.4970925450325012,0.9985228951255539,0.4970925450325012,0.9985228951255539,7.3480110884815986e-09,3.0191770861165423e-08,1.1994636395229463e-07,0.9999999403953552,0.3643721044063568,0.3129332661628723,91,0.8427587747573853,0.8282333016395569,1.0,0.8282333016395569,0.6870667338371277,0.8282333016395569,0.0,0.9999999403953552
GCN,265,2122,4,1,10,-3.92524790763855,0.13503336906433105,4.060281276702881,0.5669466257095337,0.01523348968476057,-0.053799111396074295,0.5147110819816589,0.2297104299068451,0.7559681697612732,1,0.0,0.12630844382414516,181,0.3003476858139038,0.9999999403953552,0.508256923164917,0.9844903988183161,61.59849166870117,0.9885524372230429,0.5116608738899231,0.9985228951255539,0.5116608738899231,0.9985228951255539,4.811207432453557e-09,3.040825191646945e-08,1.2090390555385966e-07,0.9999998807907104,0.3003476560115814,0.2936485707759857,178,0.5070580244064331,0.8234121799468994,1.0,0.8234121799468994,0.7063513994216919,0.8234121799468994,1.9208528101444244e-08,0.9999999403953552
GCN,265,2130,4,0,12,-4.632313251495361,-1.3248114585876465,3.307501792907715,0.5303300619125366,0.021718839183449745,0.0,0.4726506769657135,0.03807127848267555,0.10837438423645321,0,0.0,0.0928122819260293,133,0.2580967843532562,0.9999999403953552,0.46902206790508383,0.9675036927621861,56.51955795288086,0.9711964549483013,0.4691363275051117,0.9981536189069424,0.4691363275051117,0.9981536189069424,1.3731087378232587e-08,1.9816610574707738e-08,7.819205194437018e-08,0.9999998807907104,0.2580968141555786,0.3511039614677429,128,0.43938714265823364,0.8377760648727417,1.0,0.8377760648727417,0.6488960385322571,0.8377760052680969,0.0,0.9999999403953552
GCN,265,2131,0,1,3,1.9982285499572754,7.192376613616943,5.194148063659668,0.8017836213111877,0.034073006361722946,-0.0031951237469911575,0.5277372598648071,0.07312712073326111,0.21295945433876468,0,0.0,0.046057222609909285,66,0.43579551577568054,0.9999998807907104,0.5166302332286553,0.9859675036927622,63.161407470703125,0.9911373707533235,0.5238738059997559,0.9985228951255539,0.5238738059997559,0.9985228951255539,3.725290298461914e-09,3.0050490096300564e-08,6.025230447903596e-08,0.9999998807907104,0.43579548597335815,0.27528995275497437,63,0.8642656803131104,0.8188226222991943,1.0,0.8188226222991943,0.7247100472450256,0.8188225030899048,1.1641532182693481e-10,0.9999998807907104
GCN,265,2139,3,0,4,-5.968502044677734,-0.5731656551361084,5.395336389541626,0.7499998807907104,0.0377153716981411,0.0,0.5090214014053345,0.08135790377855301,0.22167487684729065,0,0.0,0.0418702023726448,60,0.3926449418067932,0.9999999403953552,0.5051047982639175,0.9844903988183161,61.0535888671875,0.9874446085672083,0.5056169033050537,0.9985228951255539,0.5056169033050537,0.9985228951255539,6.6182903601941234e-09,3.1407981992970235e-08,6.473079139368565e-08,0.9999998807907104,0.3926449716091156,0.30196434259414673,55,0.8235283493995667,0.8254910707473755,1.0,0.8254910707473755,0.6980356574058533,0.8254910707473755,0.0,0.9999999403953552
GCN,265,2141,3,0,4,-6.9143147468566895,-1.110839605331421,5.8034751415252686,0.7499998807907104,0.04076368734240532,0.0,0.4825197756290436,0.0913306176662445,0.26032588101553616,0,0.0,0.046057222609909285,66,0.37165161967277527,0.9999999403953552,0.4794143023040005,0.9759970457902511,57.75478744506836,0.9785819793205317,0.47862398624420166,0.9981536189069424,0.47862398624420166,0.9981536189069424,1.2727128684275613e-08,1.255991310955551e-08,6.852400957768623e-08,0.9999998807907104,0.37165161967277527,0.33928588032722473,61,0.810810387134552,0.8348214626312256,1.0,0.8348214626312256,0.6607141494750977,0.8348214626312256,0.0,0.9999999403953552
GCN,265,2153,4,1,3,0.34451210498809814,6.240607261657715,5.896095156669617,0.8017836213111877,0.034706272184848785,0.0,0.5581335425376892,0.06674127280712128,0.20765441455096628,0,0.0,0.03698534542916958,53,0.461124062538147,0.9999999403953552,0.5465140922924719,0.9889217134416544,66.78204345703125,0.9951994091580503,0.5546043515205383,0.9988921713441654,0.5546043515205383,0.9988921713441654,3.8680729730344865e-09,3.882062671323183e-09,8.465550926928245e-09,0.9999998807907104,0.46112409234046936,0.2331695407629013,48,0.8605613708496094,0.8082923889160156,1.0,0.8082923889160156,0.7668304443359375,0.8082923889160156,0.0,0.9999999403953552
GCN,265,2156,0,1,4,0.7979069948196411,5.240175724029541,4.4422687292099,0.7499998807907104,0.028042687103152275,0.0,0.5262726545333862,0.05773330479860306,0.19552860932171276,0,0.0,0.05931612002791347,85,0.4069167375564575,0.9999998807907104,0.5190060764813311,0.9863367799113737,62.955238342285156,0.9903988183161004,0.5229827761650085,0.9985228951255539,0.5229827761650085,0.9985228951255539,6.212696579410704e-09,3.001980886097044e-08,1.195438130707771e-07,0.9999999403953552,0.4069167673587799,0.2765922546386719,80,0.8126035332679749,0.8191479444503784,1.0,0.8191479444503784,0.7234077453613281,0.819148063659668,0.0,0.9999998807907104
GCN,265,2157,6,1,5,-2.448698043823242,1.3792099952697754,3.8279080390930176,0.7071066498756409,0.02939080260694027,-0.00037817651173099875,0.4751683473587036,0.05918480455875397,0.1991284577491474,0,0.0,0.06838799720865317,98,0.34592553973197937,0.9999998807907104,0.47075541985339914,0.9693500738552437,57.143306732177734,0.975258493353028,0.4721289873123169,0.9981536189069424,0.4721289873123169,0.9981536189069424,7.213993846733047e-09,6.969380184074225e-09,2.014705202668665e-08,0.9999998807907104,0.34592553973197937,0.34771642088890076,94,0.6765987873077393,0.8369290828704834,1.0,0.8369290828704834,0.6522835493087769,0.8369290828704834,2.3283064365386963e-10,0.9999998807907104
GCN,265,2158,6,1,1,-1.9926645755767822,3.0070815086364746,4.999746084213257,0.9486831426620483,0.07506507635116577,0.0,0.4224993884563446,0.17778348922729492,0.6000378931413414,1,0.0,0.02930914166085136,42,0.4069366157054901,1.0,0.4209579815090783,0.9494091580502215,52.2898063659668,0.9523633677991138,0.41857314109802246,0.9937223042836041,0.41857314109802246,0.9937223042836041,9.812092471861433e-09,9.726080385519253e-09,6.421718268256882e-08,0.9999998807907104,0.4069366753101349,0.42806798219680786,37,0.9492940902709961,0.857016921043396,1.0,0.857016921043396,0.5719320178031921,0.8570169806480408,0.0,1.0
GCN,265,2160,6,1,8,-2.5243606567382812,0.8467561602592468,3.371116816997528,0.6123723983764648,0.02421742118895054,-0.09237614274024963,0.4885573089122772,0.04385336488485336,0.11405835543766578,0,0.0,0.08304256803907886,119,0.3058989644050598,0.9999999403953552,0.4780431477912127,0.9756277695716395,58.54765319824219,0.9811669128508124,0.4850837290287018,0.9981536189069424,0.4850837290287018,0.9981536189069424,8.649274185756894e-09,3.092267775173241e-08,1.2222250234117382e-07,0.9999999403953552,0.3058990240097046,0.33395859599113464,115,0.5417589545249939,0.8334895372390747,1.0,0.8334895372390747,0.666041374206543,0.8334896564483643,1.30385160446167e-08,0.9999999403953552
GCN,265,2164,6,1,3,-2.7595043182373047,1.6135637760162354,4.37306809425354,0.8017836213111877,0.03696797415614128,0.0,0.48880288004875183,0.07388190925121307,0.21314892004547176,0,0.0,0.04884856943475227,70,0.4032577872276306,0.9999999403953552,0.48371924341983596,0.9763663220088626,58.678016662597656,0.9819054652880355,0.48548179864883423,0.9981536189069424,0.48548179864883423,0.9981536189069424,4.368290174028289e-09,3.0140554940771835e-08,6.062035140530497e-08,0.9999998807907104,0.4032578468322754,0.3293987512588501,65,0.783255398273468,0.8323496580123901,1.0,0.8323496580123901,0.6706012487411499,0.8323496580123901,0.0,0.9999999403953552
GCN,265,2165,6,1,3,-1.0380929708480835,4.2893500328063965,5.32744300365448,0.8017836213111877,0.030789893120527267,0.0,0.5356823801994324,0.062031373381614685,0.20310723758999621,0,0.0,0.05024424284717376,72,0.4427700936794281,0.9999999403953552,0.526339754936169,0.9863367799113737,64.07782745361328,0.9918759231905465,0.5319573879241943,0.9988921713441654,0.5319573879241943,0.9988921713441654,3.9237315618834145e-09,3.818706684199924e-09,8.62111981803082e-09,0.9999998807907104,0.4427701234817505,0.2636914551258087,67,0.8653022050857544,0.8159229755401611,1.0,0.8159229755401611,0.7363085746765137,0.8159228563308716,0.0,0.9999999403953552
GCN,265,2166,5,1,2,-3.202324390411377,2.0372676849365234,5.2395920753479,0.8660253286361694,0.08365887403488159,0.0,0.4822846055030823,0.19228298962116241,0.6494884425918909,1,0.0,0.034193998604326585,49,0.42293643951416016,0.9999998807907104,0.4781885079984121,0.9756277695716395,57.85445785522461,0.9793205317577548,0.477896124124527,0.9981536189069424,0.477896124124527,0.9981536189069424,1.9199706269290573e-09,1.9893058311737377e-09,5.978922246185903e-08,0.9999998807907104,0.42293643951416016,0.3488466739654541,44,0.959981381893158,0.8372116684913635,1.0,0.8372116684913635,0.6511533260345459,0.8372116684913635,0.0,0.9999998807907104
GCN,265,2172,0,1,5,3.354245662689209,8.02841854095459,4.674172878265381,0.7071066498756409,0.03074590489268303,-0.00021626637317240238,0.5400981903076172,0.059249795973300934,0.19950738916256158,0,0.0,0.05373342637822749,77,0.3934328854084015,0.9999999403953552,0.5256901564339913,0.9863367799113737,64.6070556640625,0.9929837518463811,0.5360527634620667,0.9988921713441654,0.5360527634620667,0.9988921713441654,7.153624359546029e-09,1.0268332850671413e-08,2.6113713857967014e-08,0.9999998807907104,0.3934328854084015,0.25813573598861694,73,0.7359651327133179,0.8145339488983154,1.0,0.8145339488983154,0.7418642640113831,0.8145339488983154,1.1641532182693481e-10,0.9999999403953552
GCN,265,2177,3,1,4,0.5848166942596436,4.148300647735596,3.563483953475952,0.7499998807907104,0.060897283256053925,0.0,0.5063996911048889,0.1512964367866516,0.5178097764304661,1,0.0,0.05443126308443824,78,0.38746413588523865,0.9999999403953552,0.495359673645355,0.9763663220088626,59.983421325683594,0.9833825701624815,0.4984988272190094,0.9985228951255539,0.4984988272190094,0.9985228951255539,8.535712581192456e-09,3.0908651638128504e-08,1.2107244629078195e-07,0.9999998807907104,0.38746410608291626,0.3111747205257416,73,0.9435946941375732,0.8277937173843384,1.0,0.8277937173843384,0.688825249671936,0.8277937173843384,0.0,0.9999999403953552
GCN,265,2181,0,1,8,4.1153974533081055,7.912887096405029,3.797489643096924,0.6123723983764648,0.027886128053069115,-0.00019525527022778988,0.5306974053382874,0.02823788858950138,0.10837438423645321,0,0.0,0.07606420097697139,109,0.33464398980140686,0.9999998807907104,0.518204939258332,0.9859675036927622,63.439308166503906,0.991506646971935,0.5263233184814453,0.9985228951255539,0.5263233184814453,0.9985228951255539,1.8296104187243145e-08,1.8149219016549978e-08,5.422650772857196e-08,0.9999998807907104,0.33464398980140686,0.271371454000473,105,0.32908380031585693,0.817842960357666,1.0,0.817842960357666,0.7286285161972046,0.8178428411483765,4.656612873077393e-10,0.9999998807907104
GCN,265,2189,0,1,6,1.2738432884216309,5.423410892486572,4.149567604064941,0.6708203554153442,0.02135578542947769,-0.0010657005477696657,0.5298475623130798,0.03916089981794357,0.10837438423645321,0,0.0,0.0732728541521284,105,0.36667096614837646,0.9999999403953552,0.5209028165881353,0.9863367799113737,63.419525146484375,0.991506646971935,0.5265280604362488,0.9985228951255539,0.5265280604362488,0.9985228951255539,7.594706197266987e-09,3.080587873682816e-08,6.328289003931786e-08,0.9999998807907104,0.36667099595069885,0.2711988687515259,102,0.6252293586730957,0.8177997469902039,1.0,0.8177997469902039,0.7288011312484741,0.8177996873855591,3.29272248356105e-10,0.9999999403953552
GCN,265,2195,0,1,4,-0.41735923290252686,3.8738722801208496,4.2912315130233765,0.7499998807907104,0.03672810643911362,-0.0002848218136932701,0.4734801650047302,0.07063566148281097,0.21049640015157256,0,0.0,0.052337752965806,75,0.3650457262992859,0.9999998807907104,0.4698995481848955,0.9693500738552437,56.66238784790039,0.9715657311669128,0.47001349925994873,0.9981536189069424,0.47001349925994873,0.9981536189069424,5.963374238859842e-09,7.130854129400177e-09,1.955211104132104e-08,0.9999998807907104,0.3650457262992859,0.3510296940803528,71,0.6829491853713989,0.837757408618927,1.0,0.837757408618927,0.6489703059196472,0.837757408618927,2.3283064365386963e-10,0.9999998807907104
GCN,265,2198,0,1,5,2.5799593925476074,7.333116054534912,4.753156661987305,0.7071066498756409,0.023195473477244377,-0.029339127242565155,0.5428839325904846,0.04673055559396744,0.13111026904130352,0,0.0,0.06908583391486392,99,0.3953291177749634,0.9999999403953552,0.5332621726852288,0.9881831610044313,64.96894836425781,0.9937223042836041,0.5397530794143677,0.9988921713441654,0.5397530794143677,0.9988921713441654,4.94456875443916e-09,5.995061513885958e-08,1.7954883446691383e-07,0.9999999403953552,0.39532920718193054,0.2545599937438965,97,0.773374080657959,0.8136399984359741,1.0,0.8136399984359741,0.7454400062561035,0.8136399984359741,1.5156362831447723e-09,0.9999999403953552
GCN,265,2212,3,1,4,-2.685927391052246,3.432500123977661,6.118427515029907,0.7499998807907104,0.032489582896232605,-0.0004605653812177479,0.4965987801551819,0.0679832398891449,0.2084122773777946,0,0.0,0.056524773203070484,81,0.3834627568721771,0.9999999403953552,0.4911341066737089,0.9763663220088626,59.38386917114258,0.982274741506647,0.49299243092536926,0.9981536189069424,0.49299243092536926,0.9981536189069424,5.778704625925002e-09,3.0476812185042945e-08,6.187327983298019e-08,0.9999998807907104,0.38346272706985474,0.31828832626342773,77,0.7793357372283936,0.8295720815658569,1.0,0.8295720815658569,0.6817116737365723,0.8295720815658569,0.0,0.9999999403953552
GCN,265,2215,3,1,4,-3.039411783218384,3.720151662826538,6.759563446044922,0.7499998807907104,0.031249022111296654,-0.00036816761712543666,0.5109925270080566,0.06576761603355408,0.20670708601743085,0,0.0,0.055826936496859735,80,0.3947722613811493,0.9999999403953552,0.5046446956280537,0.9844903988183161,61.0969352722168,0.9874446085672083,0.5079350471496582,0.9985228951255539,0.5079350471496582,0.9985228951255539,5.665014235489707e-09,5.445450312890898e-09,1.3811086496673397e-08,0.9999998807907104,0.3947722613811493,0.29818251729011536,76,0.8065873384475708,0.8245456218719482,1.0,0.8245456218719482,0.701817512512207,0.8245456218719482,2.3283064365386963e-10,0.9999999403953552
GCN,265,2218,1,1,2,-1.1927666664123535,4.181005001068115,5.373771667480469,0.8660253286361694,0.10057755559682846,0.0,0.420364111661911,0.2549343705177307,0.8033345964380447,1,0.0,0.027913468248429867,40,0.3616158068180084,0.9999998807907104,0.4158574193019484,0.948301329394387,49.825313568115234,0.9342688330871491,0.41007673740386963,0.9926144756277696,0.41007673740386963,0.9926144756277696,1.0700081709558162e-08,1.0552135165653453e-08,2.9204763052348426e-08,0.9999998807907104,0.3616158068180084,0.4432559609413147,35,0.922748863697052,0.8608140349388123,1.0,0.8608140349388123,0.5567440390586853,0.8608139753341675,0.0,0.9999998807907104
GCN,265,2224,4,1,8,-2.6014561653137207,1.9122891426086426,4.513745307922363,0.6123723983764648,0.01864817552268505,-0.12117806077003479,0.5179311037063599,0.26211297512054443,0.8173550587343691,1,0.0,0.08932309839497557,128,0.3249140679836273,0.9999998807907104,0.5097175663184812,0.9844903988183161,62.00223922729492,0.9892909896602659,0.5147161483764648,0.9985228951255539,0.5147161483764648,0.9985228951255539,9.428922531640183e-09,3.1004965705960785e-08,6.51792220196512e-08,0.9999998807907104,0.3249140977859497,0.29255661368370056,125,0.4852263331413269,0.8231391906738281,1.0,0.8231391906738281,0.707443356513977,0.8231391906738281,2.3399189252870656e-09,0.9999998807907104
GCN,265,2228,6,1,6,-1.5100975036621094,2.5461015701293945,4.056199073791504,0.6708203554153442,0.02134540118277073,0.0,0.5366806387901306,0.03723757714033127,0.10837438423645321,0,0.0,0.0718771807397069,103,0.37144115567207336,0.9999999403953552,0.5292102419065401,0.9870753323485968,64.26315307617188,0.992245199409158,0.5336653590202332,0.9988921713441654,0.5336653590202332,0.9988921713441654,4.4664663079174716e-09,3.0478588541882345e-08,6.202982660852285e-08,0.9999998807907104,0.37144118547439575,0.2617175281047821,98,0.6280573010444641,0.8154293894767761,1.0,0.8154293894767761,0.7382824420928955,0.8154293298721313,0.0,0.9999999403953552
GCN,265,2229,3,1,3,-2.7857322692871094,3.134178876876831,5.91991114616394,0.8017836213111877,0.04354128986597061,0.0,0.45932209491729736,0.09085710346698761,0.24838954149298978,0,0.0,0.04815073272854152,69,0.3779639005661011,0.9999999403953552,0.4570304674973269,0.9656573116691285,55.123008728027344,0.9645494830132939,0.4558402895927429,0.9974150664697193,0.4558402895927429,0.9974150664697193,4.839293854530524e-09,4.190951585769653e-09,1.106865887834374e-08,0.9999998807907104,0.3779639005661011,0.37146151065826416,64,0.7684792280197144,0.8428653478622437,1.0,0.8428653478622437,0.6285384893417358,0.8428653478622437,0.0,0.9999999403953552
GCN,265,2231,0,1,2,-1.776474952697754,4.620622158050537,6.397097110748291,0.8660253286361694,0.04434539005160332,-0.00033846046426333487,0.4752947688102722,0.09095539897680283,0.25142099280030317,0,0.0,0.04256803907885555,61,0.42293643951416016,0.9999998807907104,0.4731254928112613,0.9719350073855244,57.19341278076172,0.9759970457902511,0.4720863401889801,0.9981536189069424,0.4720863401889801,0.9981536189069424,6.953805975484784e-09,6.946005992602977e-09,6.182447265246083e-08,0.9999998807907104,0.42293643951416016,0.3488466739654541,57,0.8442549705505371,0.8372116684913635,1.0,0.8372116684913635,0.6511533260345459,0.8372116684913635,0.0,0.9999998807907104
GCN,265,2232,0,1,3,2.771909713745117,8.097819328308105,5.325909614562988,0.8017836213111877,0.03898736834526062,-0.00027782420511357486,0.506027340888977,0.08238044381141663,0.22300113679424025,0,0.0,0.04256803907885555,61,0.41738566756248474,0.9999999403953552,0.4957786069715989,0.9763663220088626,60.55239486694336,0.9859675036927622,0.5024224519729614,0.9985228951255539,0.5024224519729614,0.9985228951255539,6.90687285143099e-09,3.032524276136428e-08,6.111275752118672e-08,0.9999998807907104,0.41738566756248474,0.30590471625328064,57,0.8572970032691956,0.8264762163162231,1.0,0.8264762163162231,0.694095253944397,0.8264762163162231,1.1641532182693481e-10,0.9999999403953552
GCN,265,2235,5,1,3,-4.881415843963623,1.4749221801757812,6.356338024139404,0.8017836213111877,0.04306357726454735,-0.15628039836883545,0.46994227170944214,0.3257327973842621,0.9058355437665783,1,0.0,0.04675505931612003,67,0.37998926639556885,0.9999998807907104,0.4547614112898642,0.9627031019202363,56.24045181274414,0.9693500738552437,0.46576443314552307,0.9981536189069424,0.46576443314552307,0.9981536189069424,7.594706197266987e-09,7.292469739184071e-09,1.9199257295099414e-08,0.9999998807907104,0.37998926639556885,0.36809343099594116,64,0.7160329818725586,0.8420234322547913,1.0,0.8420234322547913,0.6319065690040588,0.8420233726501465,6.535867402845952e-09,0.9999998807907104
GCN,265,2249,4,1,6,-3.9977338314056396,1.4593908786773682,5.457124710083008,0.6708203554153442,0.019440259784460068,0.0,0.5636090636253357,0.03830103576183319,0.10837438423645321,0,0.0,0.0718771807397069,103,0.39024901390075684,0.9999999403953552,0.5534812545065955,0.990029542097489,67.47029113769531,0.9966765140324964,0.5605812072753906,0.9988921713441654,0.5605812072753906,0.9988921713441654,4.702948253054728e-09,3.000445403245067e-08,1.1954884371334629e-07,0.9999999403953552,0.3902490735054016,0.2243346869945526,98,0.7448909282684326,0.8060836791992188,1.0,0.8060836791992188,0.775665283203125,0.8060836791992188,0.0,0.9999999403953552
GCN,265,2264,4,1,1,-0.09897291660308838,5.037941932678223,5.136914849281311,0.9486831426620483,0.07057054340839386,0.0,0.40369701385498047,0.16705915331840515,0.5702917771883289,1,0.0,0.03210048848569435,46,0.3890523910522461,0.9999999403953552,0.4057679434068182,0.931314623338257,48.97819519042969,0.9261447562776958,0.3991028666496277,0.9881831610044313,0.3991028666496277,0.9881831610044313,0.0,5.206251540990081e-10,1.0412503081980162e-09,0.9999998807907104,0.3890524208545685,0.4532034993171692,41,0.9066163301467896,0.8633008003234863,0.9999999403953552,0.8633008599281311,0.546796441078186,0.8633008003234863,0.0,0.9999999403953552
GCN,265,2274,0,1,3,-0.7044966220855713,4.257598876953125,4.962095499038696,0.8017836213111877,0.03593374043703079,0.0,0.5343886613845825,0.07567957043647766,0.21580143993937098,0,0.0,0.041172365666434056,59,0.4412800073623657,0.9999998807907104,0.524537936734193,0.9863367799113737,63.877628326416016,0.9918759231905465,0.5306493639945984,0.9988921713441654,0.5306493639945984,0.9988921713441654,3.357931266378955e-09,4.754536320206171e-09,1.0725753618601175e-08,0.9999998807907104,0.4412800073623657,0.2661694288253784,54,0.902382493019104,0.816542387008667,1.0,0.816542387008667,0.7338305711746216,0.816542387008667,0.0,0.9999998807907104
GCN,265,2279,2,1,3,-4.970259189605713,2.776873826980591,7.747133016586304,0.8017836213111877,0.031264785677194595,-0.0008594318642280996,0.5093981027603149,0.061291150748729706,0.2019704433497537,0,0.0,0.05722260990928123,82,0.420864462852478,0.9999998807907104,0.5042900575491691,0.9844903988183161,60.94761276245117,0.9870753323485968,0.5060889720916748,0.9985228951255539,0.5060889720916748,0.9985228951255539,4.816837595456036e-09,4.61568783194366e-09,1.0963091767735023e-08,0.9999998807907104,0.420864462852478,0.30011966824531555,78,0.7846745848655701,0.8250299096107483,1.0,0.8250299096107483,0.6998803615570068,0.8250299692153931,4.656612873077393e-10,0.9999998807907104
GCN,265,2288,5,1,3,-1.657273769378662,3.425062894821167,5.082336664199829,0.8017836213111877,0.040046680718660355,0.0,0.48178187012672424,0.07847211509943008,0.21750663129973474,0,0.0,0.04396371249127704,63,0.3970943093299866,0.9999999403953552,0.47698624329552985,0.9745199409158051,57.64143753051758,0.9782127031019202,0.4776281714439392,0.9981536189069424,0.4776281714439392,0.9981536189069424,5.890201215663637e-09,6.12924200282805e-09,1.5414654441769926e-08,0.9999998807907104,0.39709433913230896,0.3396483361721039,58,0.7569312453269958,0.8349120616912842,1.0,0.8349120616912842,0.6603516340255737,0.8349120616912842,0.0,0.9999999403953552
GCN,265,2293,0,1,3,-0.5042862296104431,4.615204811096191,5.1194910407066345,0.8017836213111877,0.03955579921603203,0.0,0.5080816745758057,0.07283517718315125,0.21295945433876468,0,0.0,0.03977669225401256,57,0.41905033588409424,0.9999999403953552,0.501603268068716,0.9844903988183161,60.78150177001953,0.9867060561299852,0.5044606328010559,0.9985228951255539,0.5044606328010559,0.9985228951255539,5.890201215663637e-09,3.037971652020133e-08,6.124843565658011e-08,0.9999998807907104,0.4190503656864166,0.30313640832901,52,0.7501043677330017,0.8257840871810913,1.0,0.8257840871810913,0.69686359167099,0.8257840871810913,0.0,0.9999999403953552
GCN,265,2297,4,1,3,-3.4920318126678467,2.026777744293213,5.51880955696106,0.8017836213111877,0.05695796385407448,0.0,0.437400758266449,0.078117236495018,0.21750663129973474,0,0.0,0.03977669225401256,57,0.35765519738197327,0.9999999403953552,0.4372523833221338,0.9593796159527327,52.49861145019531,0.9534711964549483,0.43232062458992004,0.9959379615952733,0.43232062458992004,0.9959379615952733,6.585445078144403e-09,3.1514812093291766e-08,6.613815628497832e-08,0.9999998807907104,0.35765522718429565,0.40523403882980347,52,0.48098236322402954,0.8513085246086121,1.0,0.8513085246086121,0.5947659611701965,0.8513085246086121,0.0,0.9999999403953552
GCN,265,2299,4,1,2,-2.656602382659912,3.474499225616455,6.131101608276367,0.8660253286361694,0.04767318069934845,0.0,0.46487048268318176,0.10465028882026672,0.34444865479348236,1,0.0,0.04326587578506629,62,0.41316986083984375,0.9999998807907104,0.4648227366338025,0.9663958641063516,56.06752014160156,0.9686115214180206,0.4612964391708374,0.9977843426883308,0.4612964391708374,0.9977843426883308,6.384826001237798e-09,6.851711642497094e-09,1.6577207162526975e-08,0.9999998807907104,0.41316986083984375,0.3638833165168762,57,0.8837489485740662,0.8409708142280579,1.0,0.8409708142280579,0.6361166834831238,0.8409708142280579,0.0,0.9999998807907104
GCN,265,2302,3,1,2,-2.113891363143921,5.228464126586914,7.342355489730835,0.8660253286361694,0.03836897388100624,0.0,0.5303018093109131,0.07993949949741364,0.22034861690034105,0,0.0,0.0418702023726448,60,0.47300446033477783,0.9999999403953552,0.5221519626142568,0.9863367799113737,63.453304290771484,0.991506646971935,0.5268204808235168,0.9985228951255539,0.5268204808235168,0.9985228951255539,3.725290298461914e-09,3.003515303134918e-08,6.012452757886422e-08,0.9999998807907104,0.47300446033477783,0.2717618942260742,55,0.9568302631378174,0.8179404735565186,1.0,0.8179404735565186,0.7282381057739258,0.8179404735565186,0.0,0.9999999403953552
GCN,265,2310,3,1,2,-0.49841952323913574,4.104743480682373,4.603163003921509,0.8660253286361694,0.05637802183628082,-0.05397597327828407,0.4587821960449219,0.12494729459285736,0.4041303524062145,1,0.0,0.034891835310537335,50,0.4033598303794861,0.9999998211860657,0.44697913110371806,0.9612259970457903,55.06816101074219,0.9645494830132939,0.4541535973548889,0.9974150664697193,0.4541535973548889,0.9974150664697193,9.943804002432444e-09,9.812092471861433e-09,6.437750244003837e-08,0.9999998807907104,0.4033598303794861,0.3789868652820587,46,0.8805503249168396,0.8447467088699341,1.0,0.8447467088699341,0.6210131645202637,0.8447467088699341,8.847564458847046e-09,0.9999998211860657
GCN,265,2316,3,1,1,-3.0282444953918457,2.334439277648926,5.3626837730407715,0.9486831426620483,0.08433899283409119,0.0,0.4350765347480774,0.2012418508529663,0.6822660098522167,1,0.0,0.020237264480111653,29,0.4175977408885956,0.9999999403953552,0.43509541194121354,0.9556868537666174,52.025146484375,0.9516248153618907,0.4289158880710602,0.9951994091580503,0.4289158880710602,0.9951994091580503,1.4307248719092058e-08,1.3433743006885379e-08,3.2167637442626074e-08,0.9999998807907104,0.41759777069091797,0.4130842685699463,24,0.9848650693893433,0.8532710075378418,1.0,0.8532710075378418,0.5869157314300537,0.8532710671424866,0.0,0.9999999403953552
GCN,265,2318,1,1,2,-0.8591277599334717,5.96720027923584,6.8263280391693115,0.8660253286361694,0.04087688401341438,0.0,0.4899178743362427,0.08289140462875366,0.2233800682076544,0,0.0,0.04326587578506629,62,0.43647703528404236,0.9999998807907104,0.4863239119626829,0.9763663220088626,58.74470901489258,0.9819054652880355,0.48624053597450256,0.9981536189069424,0.48624053597450256,0.9981536189069424,4.839293854530524e-09,3.037971652020133e-08,6.111676498221641e-08,0.9999998807907104,0.43647700548171997,0.3279995620250702,57,0.8603706955909729,0.8319998979568481,1.0,0.8319998979568481,0.6720004081726074,0.8319998979568481,0.0,0.9999998807907104
GCN,265,2320,3,1,2,-0.5220447778701782,6.465489864349365,6.9875346422195435,0.8660253286361694,0.0470731146633625,0.0,0.5014265179634094,0.10087285935878754,0.3266388783630163,1,0.0,0.03698534542916958,53,0.4461733400821686,0.9999999403953552,0.49311041209662626,0.9763663220088626,60.18917465209961,0.9848596750369276,0.49726206064224243,0.9985228951255539,0.49726206064224243,0.9985228951255539,5.430496941016827e-09,3.025006733992086e-08,6.072711755678029e-08,0.9999998807907104,0.4461733400821686,0.3130711317062378,48,0.9305490255355835,0.8282678127288818,1.0,0.8282678127288818,0.6869288682937622,0.8282678127288818,0.0,0.9999999403953552
GCN,265,2321,0,1,2,1.4356077909469604,7.148050308227539,5.712442517280579,0.8660253286361694,0.04849979281425476,-0.000532094738446176,0.4831981062889099,0.10407818853855133,0.3421750663129973,1,0.0,0.03768318213538032,54,0.4295608401298523,0.9999999403953552,0.4796737513606594,0.9759970457902511,57.8626708984375,0.9793205317577548,0.47910618782043457,0.9981536189069424,0.47910618782043457,0.9981536189069424,5.8161075955354136e-09,7.3516988052801935e-09,1.710321129166914e-08,0.9999998807907104,0.4295608401298523,0.3386476933956146,50,0.8979986310005188,0.8346619606018066,1.0,0.8346619606018066,0.661352276802063,0.8346619009971619,0.0,0.9999999403953552
GCN,265,2330,0,1,3,0.7664996385574341,6.0299224853515625,5.263422846794128,0.8017836213111877,0.034849561750888824,-0.0009550659451633692,0.4944094121456146,0.07249089330434799,0.21163319439181508,0,0.0,0.051639916259595256,74,0.40808919072151184,0.9999998807907104,0.48874160427677693,0.9763663220088626,59.264747619628906,0.982274741506647,0.49060630798339844,0.9981536189069424,0.49060630798339844,0.9981536189069424,5.26835597369768e-09,5.324649166027484e-09,1.3001868026663033e-08,0.9999998807907104,0.40808919072151184,0.3213644027709961,70,0.8076953887939453,0.8303411602973938,1.0,0.8303411602973938,0.6786355972290039,0.830341100692749,4.656612873077393e-10,0.9999998807907104
GCN,265,2331,1,1,2,-1.7784504890441895,4.185940742492676,5.964391231536865,0.8660253286361694,0.055538635700941086,0.0,0.4831660985946655,0.1243894100189209,0.4041303524062145,1,0.0,0.03279832519190509,47,0.4286471903324127,0.9999999403953552,0.4798993559218765,0.9759970457902511,57.86952590942383,0.9793205317577548,0.4787382483482361,0.9981536189069424,0.4787382483482361,0.9981536189069424,5.890201215663637e-09,3.0553199081850835e-08,6.163822519056339e-08,0.9999998807907104,0.4286471903324127,0.34005439281463623,42,0.9371631741523743,0.8350136280059814,1.0,0.8350136280059814,0.6599456071853638,0.8350136280059814,0.0,0.9999999403953552
GCN,265,2337,4,1,1,-3.7079992294311523,3.2022454738616943,6.910244703292847,0.9486831426620483,0.08601745963096619,-0.002175829140469432,0.41744112968444824,0.1852201521396637,0.6218264494126563,1,0.0,0.0209351011863224,30,0.3993415832519531,0.9999999403953552,0.4143742880951763,0.9479320531757754,49.769893646240234,0.9335302806499262,0.40894556045532227,0.9926144756277696,0.40894556045532227,0.9926144756277696,7.450580596923828e-09,3.117410329878112e-08,6.38515160744646e-08,0.9999998807907104,0.3993415832519531,0.43874257802963257,26,0.8395986557006836,0.8596856594085693,1.0,0.8596856594085693,0.5612574219703674,0.8596856594085693,9.313225746154785e-10,0.9999999403953552
GCN,265,2341,4,1,1,-3.1531119346618652,2.4291908740997314,5.582302808761597,0.9486831426620483,0.14220845699310303,0.0,0.38591548800468445,0.3204815089702606,0.9012883668056082,1,0.0,0.015352407536636426,22,0.34868329763412476,0.9999999403953552,0.38439728199333306,0.9124815361890695,45.05318832397461,0.8788774002954209,0.37070104479789734,0.98301329394387,0.37070104479789734,0.98301329394387,0.0,2.3283064365386963e-10,4.656612873077393e-10,0.9999998807907104,0.34868329763412476,0.5099406242370605,17,0.8250702023506165,0.8774851560592651,1.0,0.8774851560592651,0.49005937576293945,0.8774851560592651,0.0,0.9999999403953552
GCN,265,2342,0,1,1,1.591895580291748,6.710049152374268,5.1181535720825195,0.9486831426620483,0.07826709002256393,-0.0012618416221812367,0.3903300166130066,0.1909552812576294,0.6451307313376279,1,0.0,0.028611304954640614,41,0.37397536635398865,0.9999999403953552,0.3956453437455983,0.9268833087149188,47.1599006652832,0.9102658788774003,0.3850845396518707,0.9863367799113737,0.3850845396518707,0.9863367799113737,1.580506747700383e-08,1.5888879545400414e-08,4.247981877369966e-08,0.9999998807907104,0.37397539615631104,0.47439366579055786,38,0.9034531116485596,0.8685983419418335,1.0,0.8685983419418335,0.5256063342094421,0.8685984015464783,0.0,0.9999999403953552
GCN,265,2346,3,1,3,-2.6498727798461914,4.729544639587402,7.379417419433594,0.8017836213111877,0.03505385294556618,0.0,0.5277019143104553,0.07042913883924484,0.21049640015157256,0,0.0,0.04326587578506629,62,0.43579551577568054,0.9999998807907104,0.5192909832421179,0.9863367799113737,63.15468215942383,0.9911373707533235,0.5243935585021973,0.9985228951255539,0.5243935585021973,0.9985228951255539,5.722141871444819e-09,3.076361565490515e-08,6.212720649045878e-08,0.9999998807907104,0.43579548597335815,0.27528995275497437,57,0.8500851988792419,0.8188225030899048,1.0,0.8188225030899048,0.7247100472450256,0.8188225030899048,0.0,0.9999998807907104
GCN,265,2347,0,1,3,1.104759693145752,7.505495071411133,6.400735378265381,0.8017836213111877,0.03370118513703346,0.0,0.5355210304260254,0.05793078616261482,0.1962864721485411,0,0.0,0.0418702023726448,60,0.44240936636924744,0.9999999403953552,0.5260976975567337,0.9863367799113737,64.07449340820312,0.9918759231905465,0.5316921472549438,0.9988921713441654,0.5316921472549438,0.9988921713441654,4.293184918680026e-09,5.41049516300518e-09,1.2229611989766909e-08,0.9999998807907104,0.4424093961715698,0.26429131627082825,55,0.7380706071853638,0.8160728216171265,1.0,0.8160728216171265,0.7357087135314941,0.8160728216171265,0.0,0.9999999403953552
GCN,265,2353,4,1,3,-2.3386833667755127,3.6697568893432617,6.008440256118774,0.8017836213111877,0.03555407375097275,-0.0005625584162771702,0.4997323751449585,0.07380978763103485,0.21314892004547176,0,0.0,0.04954640614096301,71,0.41246670484542847,0.9999998807907104,0.4948573436983842,0.9763663220088626,60.131221771240234,0.9848596750369276,0.49659761786460876,0.9985228951255539,0.49659761786460876,0.9985228951255539,3.8399412538581146e-09,3.0888476221235805e-09,7.463255791151369e-09,0.9999998807907104,0.41246670484542847,0.3140847682952881,67,0.8318006992340088,0.8285212516784668,1.0,0.8285212516784668,0.6859152317047119,0.828521192073822,0.0,0.9999998807907104
GCN,265,2359,2,0,11,-7.327455520629883,-3.779616355895996,3.5478391647338867,0.5477225184440613,0.024233287200331688,-0.00013435712025966495,0.520253598690033,0.06153695285320282,0.20215990905646078,0,0.0,0.09979064898813678,143,0.29344525933265686,0.9999999403953552,0.5124567548603094,0.9844903988183161,62.10773468017578,0.9892909896602659,0.516261100769043,0.9985228951255539,0.516261100769043,0.9985228951255539,1.0930648386420216e-08,9.35677935132162e-09,3.188594632774766e-08,0.9999998807907104,0.29344525933265686,0.2856595516204834,139,0.7236012816429138,0.8214148879051208,1.0,0.8214148879051208,0.7143404483795166,0.8214148879051208,1.1641532182693481e-10,0.9999999403953552
GCN,265,2365,2,0,7,-7.206611633300781,-3.342597007751465,3.8640146255493164,0.6396021246910095,0.03492196649312973,-0.0004161584365647286,0.5084094405174255,0.06728089600801468,0.20803334596438045,0,0.0,0.06769016050244243,97,0.3341315984725952,0.9999998807907104,0.499249774643413,0.9763663220088626,60.668949127197266,0.9859675036927622,0.503395140171051,0.9985228951255539,0.503395140171051,0.9985228951255539,7.997995155051285e-09,1.0943659312090404e-08,3.2773062486057825e-08,0.9999998807907104,0.3341315984725952,0.3034594655036926,93,0.626493513584137,0.825864851474762,1.0,0.825864851474762,0.6965405344963074,0.825864851474762,2.3283064365386963e-10,0.9999998807907104
GCN,265,2368,3,1,2,-0.24470865726470947,6.11362886428833,6.3583375215530396,0.8660253286361694,0.05734952166676521,0.0,0.4862871766090393,0.13066065311431885,0.4213717317165593,1,0.0,0.03210048848569435,46,0.4312124252319336,0.9999998807907104,0.48052348623722524,0.9763663220088626,58.323448181152344,0.9807976366322009,0.48151707649230957,0.9981536189069424,0.48151707649230957,0.9981536189069424,1.2399188342726575e-08,3.227287947993318e-08,6.615744041482685e-08,0.9999998807907104,0.431212455034256,0.3361049294471741,41,0.9594854116439819,0.8340261578559875,1.0,0.8340261578559875,0.6638950705528259,0.8340262174606323,0.0,0.9999998807907104
GCN,265,2383,4,0,10,-5.189941883087158,-1.4547805786132812,3.735161304473877,0.5669466257095337,0.02022654376924038,-0.00039032025961205363,0.509087324142456,0.028882764279842377,0.10837438423645321,0,0.0,0.09630146545708304,138,0.2975679039955139,0.9999998807907104,0.5045145193039008,0.9844903988183161,60.9200439453125,0.9870753323485968,0.5058215260505676,0.9985228951255539,0.5058215260505676,0.9985228951255539,1.528192150601626e-08,1.5421404597759647e-08,7.897699560999172e-08,0.9999998807907104,0.29756787419319153,0.30018600821495056,135,0.4121464490890503,0.8250464200973511,1.0,0.8250464200973511,0.699813961982727,0.8250465393066406,2.6031257704950406e-10,0.9999998807907104
GCN,265,2384,0,1,1,1.0620253086090088,7.116296768188477,6.054271459579468,0.9486831426620483,0.0686800554394722,-0.0002984533493872732,0.4469691216945648,0.15838858485221863,0.5433876468359227,1,0.0,0.0314026517794836,45,0.4324513375759125,0.9999999403953552,0.4445994842667877,0.9612259970457903,53.163414001464844,0.956794682422452,0.4406593441963196,0.9970457902511078,0.4406593441963196,0.9970457902511078,0.0,2.980414137709886e-08,5.96155587118119e-08,0.9999998807907104,0.4324513375759125,0.3922082185745239,41,0.9778942465782166,0.8480520844459534,1.0,0.8480520844459534,0.6077917814254761,0.8480520248413086,0.0,0.9999999403953552
GCN,265,2389,2,1,2,-3.5998806953430176,3.6834142208099365,7.283294916152954,0.8660253286361694,0.04658159986138344,-0.001597752794623375,0.5114349722862244,0.0971616730093956,0.2917771883289125,0,0.0,0.03210048848569435,46,0.45516088604927063,0.9999999403953552,0.5061966055510195,0.9844903988183161,61.364837646484375,0.9878138847858198,0.5072827935218811,0.9985228951255539,0.5072827935218811,0.9985228951255539,3.4846900920371127e-09,5.97018825487794e-08,1.1944280231546145e-07,0.9999998807907104,0.45516085624694824,0.29923391342163086,42,0.9069632887840271,0.8248084783554077,1.0,0.8248084783554077,0.7007660865783691,0.8248084783554077,9.313225746154785e-10,0.9999999403953552
GCN,265,2392,2,1,3,-3.6476690769195557,3.185957670211792,6.833626747131348,0.8017836213111877,0.03611104562878609,-0.0012470087967813015,0.5065770745277405,0.07271671295166016,0.21182266009852216,0,0.0,0.04326587578506629,62,0.4180840849876404,0.9999999403953552,0.5020003240933835,0.9844903988183161,60.756221771240234,0.9867060561299852,0.5030227303504944,0.9985228951255539,0.5030227303504944,0.9985228951255539,4.005769937975856e-09,3.0128859407341224e-08,6.054164458646483e-08,0.9999998807907104,0.4180840849876404,0.30474328994750977,58,0.7984821796417236,0.8261858820915222,1.0,0.8261858820915222,0.6952567100524902,0.8261858224868774,9.313225746154785e-10,0.9999999403953552
GCN,265,2411,3,1,1,-2.227522373199463,4.374314308166504,6.601836681365967,0.9486831426620483,0.0862840935587883,0.0,0.3670593798160553,0.21830441057682037,0.7322849564228875,1,0.0,0.027913468248429867,40,0.3486832082271576,0.9999999403953552,0.37040463762021697,0.9073116691285081,44.41949462890625,0.8685376661742984,0.3595276176929474,0.9785819793205317,0.3595276176929474,0.9785819793205317,1.3170890156288806e-08,1.3179119129347328e-08,3.779044277507637e-08,0.9999998807907104,0.3486832082271576,0.5099407434463501,35,0.8810270428657532,0.8774851560592651,1.0,0.8774851560592651,0.4900592565536499,0.8774851560592651,0.0,0.9999999403953552
GCN,265,2425,3,1,5,0.8162374496459961,5.587944507598877,4.771707057952881,0.7071066498756409,0.03545233607292175,0.0,0.4825051724910736,0.05197685584425926,0.1724137931034483,0,0.0,0.055826936496859735,80,0.35072121024131775,1.0,0.4787274417343394,0.9759970457902511,57.81252670288086,0.9785819793205317,0.4787253439426422,0.9981536189069424,0.4787253439426422,0.9981536189069424,6.350773240626495e-09,5.132846592204032e-09,1.4642043133505922e-08,0.9999998807907104,0.35072124004364014,0.3386736214160919,75,0.5002095699310303,0.8346684575080872,1.0,0.8346684575080872,0.6613264083862305,0.8346683979034424,0.0,1.0
GCN,265,2427,3,1,3,-0.913124144077301,4.879787445068359,5.79291158914566,0.8017836213111877,0.05776606500148773,-0.00145750364754349,0.4460980296134949,0.08278016000986099,0.2233800682076544,0,0.0,0.04884856943475227,70,0.36473485827445984,0.9999999403953552,0.4416253044295807,0.9608567208271788,53.12847900390625,0.956794682422452,0.43942025303840637,0.9966765140324964,0.43942025303840637,0.9966765140324964,1.5103514883207936e-08,3.3437753899079325e-08,7.26760447378183e-08,0.9999998807907104,0.36473482847213745,0.3934609293937683,67,0.49467942118644714,0.8483651876449585,1.0,0.8483651876449585,0.6065390706062317,0.8483652472496033,5.206251540990081e-10,0.9999999403953552
GCN,265,2428,5,1,1,-0.9777355194091797,4.440983772277832,5.418719291687012,0.9486831426620483,0.15541410446166992,-0.0005216324352659285,0.4293516278266907,0.37551265954971313,0.9439181508147025,1,0.0,0.020237264480111653,29,0.3890523910522461,0.9999999403953552,0.41609307584518157,0.948301329394387,48.56855392456055,0.9242983751846381,0.4039163589477539,0.9903988183161004,0.4039163589477539,0.9903988183161004,1.2904783908140871e-08,3.250802649290563e-08,6.831734111756305e-08,0.9999998807907104,0.38905245065689087,0.4532034993171692,25,0.984166145324707,0.8633009195327759,1.0,0.8633009195327759,0.5467965006828308,0.8633008599281311,4.656612873077393e-10,0.9999999403953552
GCN,265,2431,4,1,1,-3.4165616035461426,1.7625811100006104,5.179142713546753,0.9486831426620483,0.11249000579118729,0.0,0.374860554933548,0.29886817932128906,0.8751420992800303,1,0.0,0.021632937892533146,31,0.3486832082271576,0.9999999403953552,0.3810312714609174,0.9091580502215657,46.5505256652832,0.9017725258493353,0.36357995867729187,0.9804283604135894,0.36357995867729187,0.9804283604135894,0.0,4.656612873077393e-10,1.1406325883811519e-09,0.9999998807907104,0.3486832082271576,0.5099407434463501,26,0.9448363780975342,0.8774852156639099,1.0,0.8774852156639099,0.4900592565536499,0.8774851560592651,0.0,0.9999999403953552
GCN,265,2433,2,1,1,0.2061469554901123,5.731237411499023,5.525090456008911,0.9486831426620483,0.08693026006221771,0.0,0.3672288656234741,0.21678245067596436,0.7228116710875332,1,0.0,0.02721563154221912,39,0.34868329763412476,0.9999999403953552,0.37036875124528856,0.9073116691285081,44.2988166809082,0.8666912850812407,0.35992231965065,0.9796898079763663,0.35992231965065,0.9796898079763663,1.4901161193847656e-08,1.4902980183251202e-08,4.2738054872870634e-08,0.9999998807907104,0.34868329763412476,0.5099406242370605,34,0.868782639503479,0.8774851560592651,1.0,0.8774851560592651,0.49005937576293945,0.8774851560592651,0.0,0.9999999403953552
GCN,265,2435,4,1,2,-2.3199851512908936,4.108061790466309,6.428046941757202,0.8660253286361694,0.047886960208415985,0.0,0.4625838100910187,0.09728921949863434,0.2917771883289125,0,0.0,0.039078855547801813,56,0.4110819399356842,0.9999999403953552,0.4618076903629277,0.96602658788774,55.6159782409668,0.9663958641063516,0.4591686427593231,0.9974150664697193,0.4591686427593231,0.9974150664697193,6.107090388951519e-09,3.042251250917616e-08,6.14387474229261e-08,0.9999998807907104,0.4110819399356842,0.3670978844165802,51,0.8138949871063232,0.8417744636535645,1.0,0.8417744636535645,0.6329021453857422,0.8417744636535645,0.0,0.9999999403953552
GCN,265,2438,3,1,2,-2.8837730884552,4.523058891296387,7.406831979751587,0.8660253286361694,0.06340334564447403,-0.001407913863658905,0.45040130615234375,0.13854876160621643,0.4509283819628647,1,0.0,0.02721563154221912,39,0.39769247174263,0.9999999403953552,0.4490481508812223,0.9615952732644018,54.22319793701172,0.9612259970457903,0.4453059136867523,0.9970457902511078,0.4453059136867523,0.9970457902511078,6.969380184074225e-09,7.587564354594178e-09,6.259399043528902e-08,0.9999998807907104,0.3976925015449524,0.3877122402191162,35,0.8523554801940918,0.846928060054779,1.0,0.846928060054779,0.6122877597808838,0.846928060054779,4.656612873077393e-10,0.9999999403953552
GCN,265,2445,2,1,4,-4.531374454498291,2.773794174194336,7.305168628692627,0.7499998807907104,0.026136137545108795,0.0,0.5266027450561523,0.04615948349237442,0.12542629784009093,0,0.0,0.06071179344033496,87,0.40730875730514526,1.0,0.5217521351531592,0.9863367799113737,63.2131233215332,0.9911373707533235,0.5237326622009277,0.9985228951255539,0.5237326622009277,0.9985228951255539,6.107090388951519e-09,3.045189700401352e-08,6.155011789132914e-08,0.9999998807907104,0.40730881690979004,0.27589529752731323,82,0.697531521320343,0.8189738392829895,1.0,0.8189738392829895,0.7241047024726868,0.8189738392829895,0.0,1.0
GCN,265,2446,2,0,8,-6.1898651123046875,-0.888913631439209,5.3009514808654785,0.6123723983764648,0.021225396543741226,-0.05233973264694214,0.5089007019996643,0.23163849115371704,0.7567260325881016,1,0.0,0.09141660851360782,131,0.32019883394241333,0.9999999403953552,0.5018242399643331,0.9844903988183161,60.866172790527344,0.9870753323485968,0.5053526163101196,0.9985228951255539,0.5053526163101196,0.9985228951255539,1.03603099432803e-08,3.158461581165284e-08,6.796103946271614e-08,0.9999998807907104,0.3201988637447357,0.3028232455253601,127,0.48226356506347656,0.8257057666778564,1.0,0.8257057666778564,0.6971767544746399,0.8257058262825012,1.1292286217212677e-08,0.9999999403953552
GCN,265,2448,2,1,5,-5.655982494354248,0.5268547534942627,6.182837247848511,0.7071066498756409,0.027096306905150414,-0.036857616156339645,0.5195865035057068,0.05101165920495987,0.16331943918150815,0,0.0,0.06908583391486392,99,0.3776654303073883,1.0,0.5124513754224078,0.9844903988183161,62.14693832397461,0.9892909896602659,0.5160418152809143,0.9985228951255539,0.5160418152809143,0.9985228951255539,6.350773240626495e-09,3.055852459965536e-08,6.223563531193577e-08,0.9999998807907104,0.3776654601097107,0.28786706924438477,95,0.691675066947937,0.8219668865203857,1.0,0.8219668865203857,0.7121329307556152,0.8219667673110962,1.955777406692505e-08,0.9999998807907104
GCN,265,2456,5,1,2,-1.5155665874481201,4.934530735015869,6.450097322463989,0.8660253286361694,0.046375006437301636,-0.05789356306195259,0.46315935254096985,0.10031093657016754,0.3234179613489958,1,0.0,0.04326587578506629,62,0.40902021527290344,0.9999998807907104,0.45468518889059406,0.9627031019202363,55.411495208740234,0.9656573116691285,0.45869845151901245,0.9974150664697193,0.45869845151901245,0.9974150664697193,7.623203401863066e-09,3.09033900691702e-08,6.279812225784553e-08,0.9999998807907104,0.40902018547058105,0.37027212977409363,60,0.8437040448188782,0.842568039894104,1.0,0.842568039894104,0.629727840423584,0.842568039894104,1.1446651626556559e-08,0.9999998807907104
GCN,265,2459,3,0,2,-5.909023761749268,-0.6861522197723389,5.222871541976929,0.8660253286361694,0.08521057665348053,0.0,0.4612562358379364,0.17014096677303314,0.5765441455096627,1,0.0,0.01465457083042568,21,0.4033597707748413,0.9999999403953552,0.4545902043227457,0.9627031019202363,55.416690826416016,0.96602658788774,0.4540104269981384,0.9974150664697193,0.4540104269981384,0.9974150664697193,0.0,5.206251540990081e-10,5.961373972240835e-08,0.9999998807907104,0.4033598005771637,0.3789868950843811,16,0.7976057529449463,0.8447467684745789,1.0,0.8447467684745789,0.6210131049156189,0.8447467088699341,0.0,0.9999999403953552
GCN,265,2461,6,1,1,-3.9734857082366943,0.12284350395202637,4.096329212188721,0.9486831426620483,0.08985865861177444,0.0,0.36801111698150635,0.23345822095870972,0.7614626752557787,1,0.0,0.026517794836008374,38,0.3486832082271576,0.9999999403953552,0.36974511278854655,0.9073116691285081,44.48582077026367,0.869645494830133,0.3586907982826233,0.9778434268833087,0.3586907982826233,0.9778434268833087,6.71586253275791e-09,6.731986967878356e-09,1.9294388309276655e-08,0.9999998807907104,0.3486832082271576,0.5099407434463501,33,0.9070502519607544,0.8774851560592651,1.0,0.8774851560592651,0.4900592565536499,0.8774851560592651,0.0,0.9999999403953552
GCN,265,2467,6,1,2,-0.9777840375900269,4.624736785888672,5.602520823478699,0.8660253286361694,0.05142149329185486,-0.0018535559065639973,0.4321715831756592,0.11272680759429932,0.38006820765441457,1,0.0,0.04256803907885555,61,0.3830624520778656,0.9999998807907104,0.4326487716959794,0.9516248153618907,52.110191345214844,0.9516248153618907,0.42862388491630554,0.9951994091580503,0.42862388491630554,0.9951994091580503,7.679882507716229e-09,7.850916361462623e-09,2.0491411234502266e-08,0.9999998807907104,0.3830624520778656,0.4102367162704468,57,0.8002895712852478,0.8525591492652893,1.0,0.8525591492652893,0.5897632837295532,0.8525592088699341,9.313225746154785e-10,0.9999998807907104
GCN,265,2474,4,1,2,-5.003699779510498,0.6066052913665771,5.610305070877075,0.8660253286361694,0.07218801975250244,0.0,0.46484336256980896,0.16842734813690186,0.5744600227358848,1,0.0,0.03210048848569435,46,0.40932902693748474,0.9999999403953552,0.4592646939974846,0.96602658788774,55.497222900390625,0.9663958641063516,0.4592069089412689,0.9974150664697193,0.4592069089412689,0.9974150664697193,1.1780402431327275e-08,3.138208271025178e-08,6.425611331906111e-08,0.9999998807907104,0.40932902693748474,0.36979663372039795,41,0.9392575621604919,0.8424491882324219,1.0,0.8424491882324219,0.630203366279602,0.8424491882324219,0.0,0.9999999403953552
GCN,265,2479,6,1,1,-3.132984161376953,1.5749404430389404,4.7079246044158936,0.9486831426620483,0.09083700180053711,0.0,0.36827796697616577,0.22951921820640564,0.7559681697612732,1,0.0,0.025819958129797628,37,0.34868329763412476,0.9999999403953552,0.3667240464584225,0.9002954209748892,45.35032653808594,0.8858936484490398,0.3628089725971222,0.9800590841949779,0.3628089725971222,0.9800590841949779,0.0,2.3283064365386963e-10,4.656612873077393e-10,0.9999998807907104,0.34868329763412476,0.5099406242370605,32,0.8827813267707825,0.8774852156639099,1.0,0.8774852156639099,0.49005937576293945,0.8774851560592651,0.0,0.9999999403953552
GCN,265,2483,4,1,2,-2.8681490421295166,2.426189422607422,5.2943384647369385,0.8660253286361694,0.10451503098011017,0.0,0.460406631231308,0.24383544921875,0.7794619173929519,1,0.0,0.020237264480111653,29,0.39769247174263,0.9999999403953552,0.4562094219661755,0.9638109305760709,55.04126739501953,0.9645494830132939,0.4519794285297394,0.9974150664697193,0.4519794285297394,0.9974150664697193,1.2904783908140871e-08,1.2908984103887633e-08,6.786821415971644e-08,0.9999998807907104,0.3976925015449524,0.3877122700214386,24,0.9302297830581665,0.8469281196594238,1.0,0.8469281196594238,0.6122877597808838,0.8469281196594238,0.0,0.9999999403953552
GCN,265,2489,3,1,1,-3.7822835445404053,2.2126529216766357,5.994936466217041,0.9486831426620483,0.11761264503002167,0.0,0.4257287085056305,0.27819010615348816,0.8423645320197044,1,0.0,0.013258897418004187,19,0.39934152364730835,0.9999999403953552,0.4259247669211496,0.9508862629246676,50.77460861206055,0.9423929098966026,0.41547882556915283,0.9933530280649926,0.41547882556915283,0.9933530280649926,0.0,4.656612873077393e-10,5.961192073300481e-08,0.9999998807907104,0.39934152364730835,0.43874260783195496,14,0.9553043842315674,0.8596855401992798,1.0,0.8596855401992798,0.5612573623657227,0.8596856594085693,0.0,0.9999999403953552
GCN,265,2490,4,1,2,-2.445774555206299,4.195050239562988,6.640824794769287,0.8660253286361694,0.045974187552928925,0.0,0.47721317410469055,0.09764610975980759,0.3027661993179235,0,0.0,0.040474528960223306,58,0.42449402809143066,0.9999998807907104,0.4730189326985351,0.9719350073855244,57.43450927734375,0.9778434268833087,0.4728485643863678,0.9981536189069424,0.4728485643863678,0.9981536189069424,5.890201215663637e-09,3.062497455630364e-08,6.187216428088504e-08,0.9999998807907104,0.42449405789375305,0.34644851088523865,53,0.8777763843536377,0.8366121053695679,1.0,0.8366121053695679,0.653551459312439,0.8366121053695679,0.0,0.9999998807907104
GCN,265,2496,4,1,1,-0.9928779602050781,5.101780414581299,6.094658374786377,0.9486831426620483,0.0761379599571228,-0.0008315779850818217,0.4227781593799591,0.18172140419483185,0.6087533156498673,1,0.0,0.030006978367062107,43,0.40693676471710205,0.9999998807907104,0.42396451803409196,0.9501477104874446,50.97626876831055,0.9442392909896603,0.4169178307056427,0.9933530280649926,0.4169178307056427,0.9933530280649926,1.393876036814845e-08,3.306277207570929e-08,6.92091859377797e-08,0.9999998807907104,0.40693673491477966,0.4280679225921631,39,0.9572792053222656,0.857016921043396,1.0,0.857016921043396,0.5719320774078369,0.8570169806480408,4.656612873077393e-10,0.9999998807907104
GCN,265,2505,1,1,1,-2.96151065826416,2.4890270233154297,5.45053768157959,0.9486831426620483,0.0778270959854126,0.0,0.41545796394348145,0.1850241869688034,0.6218264494126563,1,0.0,0.026517794836008374,38,0.3993415832519531,0.9999999403953552,0.41247249713880296,0.9449778434268833,49.518218994140625,0.9320531757754801,0.4074403941631317,0.9918759231905465,0.4074403941631317,0.9918759231905465,9.856191418577964e-09,3.14476551466214e-08,6.46910152113378e-08,0.9999998807907104,0.3993415832519531,0.43874257802963257,33,0.9370137453079224,0.8596856594085693,1.0,0.8596856594085693,0.5612574219703674,0.8596856594085693,0.0,0.9999999403953552
GCN,265,2508,3,1,3,-4.097590446472168,2.9722847938537598,7.069875240325928,0.8017836213111877,0.05790315940976143,0.0,0.5282871127128601,0.12887929379940033,0.4160666919287609,1,0.0,0.0314026517794836,45,0.43367403745651245,0.9999999403953552,0.5192060958876954,0.9863367799113737,63.23275375366211,0.9911373707533235,0.5238667130470276,0.9985228951255539,0.5238667130470276,0.9985228951255539,8.535712581192456e-09,3.183059860134563e-08,6.494036597359809e-08,0.9999998807907104,0.43367403745651245,0.2788178324699402,40,0.9427751302719116,0.819704532623291,1.0,0.819704532623291,0.7211821675300598,0.8197044730186462,0.0,0.9999999403953552
GCN,265,2509,3,1,5,-6.273734092712402,0.007001638412475586,6.280735731124878,0.7071066498756409,0.02911454066634178,0.0,0.5085970163345337,0.05285006761550903,0.17904509283819628,0,0.0,0.06489881367759945,93,0.3704788088798523,0.9999999403953552,0.49990487683968404,0.9763663220088626,60.84143829345703,0.9870753323485968,0.5048623085021973,0.9985228951255539,0.5048623085021973,0.9985228951255539,6.46917319713225e-09,7.236502064245087e-09,1.9540367546255766e-08,0.9999998807907104,0.3704788386821747,0.301418274641037,88,0.6528213024139404,0.8253545761108398,1.0,0.8253545761108398,0.6985816955566406,0.8253545761108398,0.0,0.9999999403953552
GCN,265,2514,2,1,2,-3.761777877807617,3.737154960632324,7.498932838439941,0.8660253286361694,0.05017181858420372,-0.0002788648125715554,0.4906998574733734,0.10969021171331406,0.367942402425161,1,0.0,0.03628750872295883,52,0.4361306130886078,0.9999999403953552,0.48576671874311456,0.9763663220088626,58.71118927001953,0.9819054652880355,0.4865209460258484,0.9981536189069424,0.4865209460258484,0.9981536189069424,5.963374238859842e-09,4.844892043109894e-09,1.1115498743663466e-08,0.9999998807907104,0.4361306428909302,0.328532874584198,48,0.9290830492973328,0.8321332335472107,1.0,0.8321332335472107,0.671467125415802,0.8321332335472107,0.0,0.9999999403953552
GCN,265,2523,2,1,2,-3.045438766479492,4.486990928649902,7.5324296951293945,0.8660253286361694,0.05218149349093437,0.0,0.5054990649223328,0.08752099424600601,0.2370215990905646,0,0.0,0.030006978367062107,43,0.4492376446723938,0.9999999403953552,0.5001211317676009,0.9844903988183161,60.63063049316406,0.9859675036927622,0.5009240508079529,0.9985228951255539,0.5009240508079529,0.9985228951255539,2.2812651767623038e-09,5.965100768889897e-08,1.1932284849081043e-07,0.9999998807907104,0.4492376148700714,0.30835336446762085,38,0.7342545986175537,0.8270883560180664,1.0,0.8270883560180664,0.6916466355323792,0.8270883560180664,0.0,0.9999999403953552
GCN,265,2533,0,1,1,-2.6477808952331543,5.179195880889893,7.826976776123047,0.9486831426620483,0.0822051614522934,-0.00272481981664896,0.4063664674758911,0.19908444583415985,0.6688139446760136,1,0.0,0.024424284717376135,35,0.38905248045921326,0.9999999403953552,0.40891665286925805,0.9435007385524372,48.335689544677734,0.922082717872969,0.4006403684616089,0.9885524372230429,0.4006403684616089,0.9885524372230429,1.4427987693466093e-08,3.2981510855734086e-08,6.980644684517756e-08,0.9999998807907104,0.38905248045921326,0.4532034397125244,32,0.9259238243103027,0.8633008599281311,1.0,0.8633008599281311,0.5467965602874756,0.8633008599281311,0.0,0.9999999403953552
GCN,265,2540,3,0,1,-7.886951446533203,-4.125317573547363,3.76163387298584,0.9486831426620483,0.13973881304264069,0.0,0.4330957233905792,0.3294329047203064,0.9088669950738916,1,0.0,0.011165387299371946,16,0.3993416130542755,0.9999999403953552,0.425666706181666,0.9508862629246676,50.24534225463867,0.9379615952732644,0.41773879528045654,0.9937223042836041,0.41773879528045654,0.9937223042836041,1.4901161193847656e-08,3.332163700520141e-08,7.032429749642688e-08,0.9999998807907104,0.3993416130542755,0.4387425184249878,11,0.9686235785484314,0.8596857190132141,1.0,0.8596857190132141,0.5612574815750122,0.8596856594085693,0.0,0.9999999403953552
GCN,265,2543,3,1,3,-5.0397562980651855,2.961337089538574,8.00109338760376,0.8017836213111877,0.03918425366282463,0.0,0.4975557327270508,0.06715433299541473,0.20765441455096628,0,0.0,0.04675505931612003,67,0.4103233516216278,0.9999999403953552,0.4930663512470338,0.9763663220088626,59.511409759521484,0.982274741506647,0.4938867390155792,0.9981536189069424,0.4938867390155792,0.9981536189069424,5.890201215663637e-09,6.004232488976413e-08,1.2050416842157574e-07,0.9999999403953552,0.41032344102859497,0.3176489472389221,62,0.6836932897567749,0.8294122219085693,1.0,0.8294122219085693,0.6823510527610779,0.8294122219085693,0.0,0.9999999403953552
GCN,265,2549,4,1,1,-3.4897947311401367,2.035855770111084,5.525650501251221,0.9486831426620483,0.07610095292329788,0.0,0.4151025116443634,0.18234117329120636,0.6142478211443728,1,0.0,0.028611304954640614,41,0.3993415832519531,0.9999999403953552,0.4174656201672258,0.94903988183161,50.41556167602539,0.9379615952732644,0.41055357456207275,0.9929837518463811,0.41055357456207275,0.9929837518463811,5.890201215663637e-09,3.0267088391155994e-08,6.105783967313982e-08,0.9999998807907104,0.3993415832519531,0.43874257802963257,36,0.94356369972229,0.8596857190132141,1.0,0.8596857190132141,0.5612574219703674,0.8596856594085693,0.0,0.9999999403953552
GCN,265,2552,3,1,1,-2.685725688934326,5.1545515060424805,7.840277194976807,0.9486831426620483,0.15586954355239868,-0.02835807576775551,0.45067399740219116,0.36117881536483765,0.9355816597195907,1,0.0,0.0209351011863224,30,0.4069366157054901,1.0,0.4332410219641325,0.9531019202363368,53.01819610595703,0.956794682422452,0.43079912662506104,0.9959379615952733,0.43079912662506104,0.9959379615952733,1.053671194739536e-08,1.0541855388623844e-08,6.499743676613434e-08,0.9999998807907104,0.4069366455078125,0.42806804180145264,26,0.9907057881355286,0.8570169806480408,1.0,0.8570169806480408,0.5719319581985474,0.8570170402526855,4.656612873077393e-10,1.0
GCN,265,2557,2,1,1,-4.398811340332031,2.139565944671631,6.538377285003662,0.9486831426620483,0.08323174715042114,0.0,0.4348395764827728,0.19739899039268494,0.6667298219022357,1,0.0,0.02721563154221912,39,0.41759783029556274,0.9999999403953552,0.43078493943431506,0.9512555391432792,51.97789001464844,0.9508862629246676,0.42889443039894104,0.9951994091580503,0.42889443039894104,0.9951994091580503,7.679882507716229e-09,3.0554087260270535e-08,1.202937056632436e-07,0.9999998807907104,0.41759783029556274,0.4130842089653015,34,0.9783767461776733,0.8532711267471313,1.0,0.8532711267471313,0.5869157910346985,0.8532710671424866,0.0,0.9999999403953552
GCN,265,2561,2,1,1,-1.8606064319610596,6.094775199890137,7.955381631851196,0.9486831426620483,0.15477439761161804,-0.0004609338066074997,0.42908531427383423,0.3748750686645508,0.9435392194012884,1,0.0,0.022330774598743892,32,0.3890523910522461,0.9999999403953552,0.4293223303206558,0.9508862629246676,51.227867126464844,0.9457163958641064,0.40772882103919983,0.9918759231905465,0.40772882103919983,0.9918759231905465,1.349614642265351e-08,1.3409509058703861e-08,3.445684981784325e-08,0.9999998807907104,0.3890524208545685,0.4532035291194916,28,0.9859440326690674,0.8633008003234863,1.0,0.8633008003234863,0.546796441078186,0.8633008599281311,0.0,0.9999999403953552
GCN,265,2562,0,1,2,-1.003218173980713,4.258405685424805,5.261623859405518,0.8660253286361694,0.08063244819641113,0.0,0.39669814705848694,0.1656189262866974,0.563849943160288,1,0.0,0.02372644801116539,34,0.34515923261642456,1.0,0.39697560289328626,0.9268833087149188,47.24581527709961,0.9102658788774003,0.3879775106906891,0.9863367799113737,0.3879775106906891,0.9863367799113737,6.71586253275791e-09,3.055053809930541e-08,6.270526142770905e-08,0.9999998807907104,0.34515923261642456,0.46859249472618103,29,0.7056525945663452,0.8671480417251587,1.0,0.8671480417251587,0.5314074754714966,0.8671481013298035,0.0,1.0
GCN,265,2566,3,1,2,-2.016294479370117,5.020995140075684,7.037289619445801,0.8660253286361694,0.06715395301580429,0.0,0.45102396607398987,0.13423633575439453,0.43349753694581283,1,0.0,0.026517794836008374,38,0.39769247174263,0.9999999403953552,0.44931556653493787,0.9615952732644018,53.915016174316406,0.9597488921713442,0.445983350276947,0.9970457902511078,0.445983350276947,0.9970457902511078,3.725290298461914e-09,3.7398137919808505e-09,6.033981492237217e-08,0.9999998807907104,0.3976925015449524,0.3877122402191162,33,0.7807800769805908,0.8469280004501343,1.0,0.8469280004501343,0.6122877597808838,0.846928060054779,0.0,0.9999999403953552
GCN,265,2568,3,1,1,-5.362926006317139,1.5626078844070435,6.925533890724182,0.9486831426620483,0.07965358346700668,0.0,0.40557053685188293,0.19215908646583557,0.6494884425918909,1,0.0,0.027913468248429867,40,0.38905248045921326,0.9999999403953552,0.4063813474036813,0.9316838995568686,49.09994888305664,0.9287296898079763,0.39963528513908386,0.9885524372230429,0.39963528513908386,0.9885524372230429,1.466648225090239e-08,3.327279429754526e-08,7.069857588248851e-08,0.9999998807907104,0.38905248045921326,0.4532034397125244,35,0.9282035231590271,0.8633008599281311,1.0,0.8633008599281311,0.5467965602874756,0.8633008599281311,0.0,0.9999999403953552
GCN,265,2578,0,1,2,-1.4743274450302124,5.250688552856445,6.725015997886658,0.8660253286361694,0.049117445945739746,-0.14750784635543823,0.4709855914115906,0.3074567914009094,0.8840469874952633,1,0.0,0.040474528960223306,58,0.411081999540329,0.9999998807907104,0.45267724243618196,0.9623338257016248,56.41971206665039,0.9711964549483013,0.46703416109085083,0.9981536189069424,0.46703416109085083,0.9981536189069424,4.368290174028289e-09,5.974317929258177e-08,1.1962305279666907e-07,0.9999998807907104,0.4110819399356842,0.3670978546142578,54,0.8650009632110596,0.8417744636535645,1.0,0.8417744636535645,0.6329021453857422,0.8417744636535645,6.51925802230835e-09,0.9999998807907104
GCN,265,2582,3,1,3,-6.931121826171875,0.3033154010772705,7.2344372272491455,0.8017836213111877,0.044431619346141815,-0.0014250618405640125,0.4637002944946289,0.08220992982387543,0.22300113679424025,0,0.0,0.0418702023726448,60,0.3814423382282257,0.9999999403953552,0.4592497200661327,0.96602658788774,55.365447998046875,0.9656573116691285,0.45975807309150696,0.9977843426883308,0.45975807309150696,0.9977843426883308,8.736580348056577e-09,8.439910104129922e-09,6.358846604825885e-08,0.9999998807907104,0.3814423680305481,0.36567699909210205,56,0.674896776676178,0.8414192795753479,1.0,0.8414192795753479,0.634323000907898,0.8414192199707031,0.0,0.9999999403953552
GCN,265,2586,5,1,1,-2.4457058906555176,3.7976393699645996,6.243345260620117,0.9486831426620483,0.12263746559619904,0.0,0.37838006019592285,0.23275500535964966,0.7589996210685865,1,0.0,0.020237264480111653,29,0.3486832082271576,0.9999999403953552,0.38628922315778,0.9161742983751846,45.1995849609375,0.8822008862629247,0.3674542009830475,0.9819054652880355,0.3674542009830475,0.9819054652880355,1.053671194739536e-08,1.0546997053495488e-08,3.0240101978051825e-08,0.9999998807907104,0.3486832082271576,0.5099407434463501,24,0.6812794208526611,0.8774851560592651,1.0,0.8774851560592651,0.4900592565536499,0.8774851560592651,0.0,0.9999999403953552
GCN,265,2592,5,1,2,-3.706387519836426,2.4563684463500977,6.162755966186523,0.8660253286361694,0.05470056086778641,-0.0022682936396449804,0.4797227382659912,0.12075898051261902,0.3980674497915877,1,0.0,0.03210048848569435,46,0.425525039434433,0.9999999403953552,0.47572766332665145,0.973781388478582,58.02970886230469,0.9796898079763663,0.47587308287620544,0.9981536189069424,0.47587308287620544,0.9981536189069424,9.588553062656047e-09,8.436697562785866e-09,1.989941367241954e-08,0.9999998807907104,0.42552506923675537,0.34486132860183716,42,0.9032821655273438,0.8362153768539429,1.0000001192092896,0.8362152576446533,0.6551387906074524,0.8362154364585876,0.0,0.9999999403953552
GCN,265,2598,1,1,1,-1.4306609630584717,4.6053056716918945,6.035966634750366,0.9486831426620483,0.08357597142457962,0.0,0.40644654631614685,0.19977334141731262,0.6688139446760136,1,0.0,0.02512212142358688,36,0.3890523910522461,0.9999999403953552,0.40573795767757453,0.931314623338257,49.23500442504883,0.930576070901034,0.4001787006855011,0.9885524372230429,0.4001787006855011,0.9885524372230429,8.119082295365843e-09,3.089023081770392e-08,6.315581657645453e-08,0.9999998807907104,0.38905245065689087,0.4532034993171692,31,0.92168128490448,0.8633009195327759,1.0,0.8633009195327759,0.5467965006828308,0.8633008599281311,0.0,0.9999999403953552
GCN,265,2599,3,1,3,-3.940506935119629,3.091843843460083,7.032350778579712,0.8017836213111877,0.04320725426077843,0.0,0.4920685887336731,0.08304619789123535,0.2233800682076544,0,0.0,0.03977669225401256,57,0.40531742572784424,0.9999999403953552,0.488434195406639,0.9763663220088626,59.07545852661133,0.982274741506647,0.4887264370918274,0.9981536189069424,0.4887264370918274,0.9981536189069424,5.101064015633483e-09,5.283768089725527e-09,1.3106086882430645e-08,0.9999998807907104,0.40531742572784424,0.325973778963089,52,0.758308470249176,0.8314934968948364,1.0,0.8314934968948364,0.6740262508392334,0.8314934968948364,0.0,0.9999999403953552
GCN,265,2603,3,1,1,-2.3103694915771484,3.927945137023926,6.238314628601074,0.9486831426620483,0.07365676015615463,-0.0006825892487540841,0.3640415668487549,0.18113785982131958,0.6085638499431603,1,0.0,0.034891835310537335,50,0.3486832082271576,0.9999999403953552,0.3717390372860324,0.9080502215657311,44.50856018066406,0.8700147710487445,0.3592209815979004,0.9785819793205317,0.3592209815979004,0.9785819793205317,6.4523919540704355e-09,6.535867402845952e-09,1.867996957116702e-08,0.9999998807907104,0.3486832082271576,0.5099407434463501,46,0.8493149280548096,0.8774850964546204,1.0,0.8774850964546204,0.4900592565536499,0.8774851560592651,9.313225746154785e-10,0.9999999403953552
GCN,265,2604,6,1,3,-0.8450685739517212,3.453092575073242,4.298161149024963,0.8017836213111877,0.04394714534282684,0.0,0.46270325779914856,0.0922861248254776,0.26203107237589995,0,0.0,0.04256803907885555,61,0.3807356357574463,1.0,0.45945361885416586,0.96602658788774,55.8528938293457,0.9678729689807977,0.45929276943206787,0.9977843426883308,0.45929276943206787,0.9977843426883308,9.497663988611293e-09,3.1006713641090755e-08,6.36933492614844e-08,0.9999998807907104,0.38073569536209106,0.36685216426849365,56,0.7790502905845642,0.8417130708694458,1.0,0.8417130708694458,0.6331478357315063,0.8417130708694458,0.0,1.0
GCN,265,2614,2,1,5,-4.632122993469238,0.931908130645752,5.56403112411499,0.7071066498756409,0.04686826467514038,0.0,0.4697601795196533,0.06628541648387909,0.2074649488442592,0,0.0,0.04675505931612003,67,0.3398810923099518,0.9999999403953552,0.4666237929211303,0.9667651403249631,55.97869873046875,0.9686115214180206,0.4645439684391022,0.9981536189069424,0.4645439684391022,0.9981536189069424,1.5081964122032332e-08,3.340288046160822e-08,7.43199350949908e-08,0.9999998807907104,0.33988112211227417,0.3591139316558838,62,0.469786137342453,0.8397784233093262,1.0,0.8397784233093262,0.6408860683441162,0.839778482913971,0.0,0.9999999403953552
GCN,265,2618,2,1,1,-1.240471363067627,4.642471790313721,5.882943153381348,0.9486831426620483,0.16227637231349945,0.0,0.39461377263069153,0.4160204529762268,0.9617279272451686,1,0.0,0.01674808094905792,24,0.34868323802948,0.9999999403953552,0.38788899693142603,0.9202363367799113,44.50363540649414,0.8700147710487445,0.3637499213218689,0.9804283604135894,0.3637499213218689,0.9804283604135894,1.4784287571956156e-08,1.4793451796890622e-08,4.242079398864007e-08,0.9999998807907104,0.34868323802948,0.5099406838417053,19,0.9597383737564087,0.8774851560592651,1.0,0.8774851560592651,0.4900593161582947,0.8774851560592651,0.0,0.9999999403953552
GCN,265,2631,4,1,1,-4.736095905303955,0.9055900573730469,5.641685962677002,0.9486831426620483,0.10608096420764923,0.0,0.3727787137031555,0.22671741247177124,0.7459264873057977,1,0.0,0.018143754361479414,26,0.34868323802948,0.9999999403953552,0.3782168536894732,0.9084194977843427,47.3052864074707,0.9102658788774003,0.3641500771045685,0.9804283604135894,0.3641500771045685,0.9804283604135894,0.0,5.206251540990081e-10,1.31708899342442e-09,0.9999998807907104,0.34868323802948,0.5099406838417053,21,0.7558224201202393,0.8774851560592651,1.0,0.8774851560592651,0.4900593161582947,0.8774851560592651,0.0,0.9999999403953552
GCN,265,2641,2,1,2,-3.179619312286377,3.6260323524475098,6.805651664733887,0.8660253286361694,0.05231768637895584,-0.00041800920735113323,0.4504433870315552,0.11518436670303345,0.3874573702159909,1,0.0,0.039078855547801813,56,0.3995189666748047,0.9999999403953552,0.4503955189024622,0.9619645494830132,54.2643928527832,0.9619645494830132,0.44654107093811035,0.9970457902511078,0.44654107093811035,0.9970457902511078,2.9451006078318187e-09,2.994929815258729e-08,6.006778363598642e-08,0.9999998807907104,0.3995189666748047,0.38490018248558044,52,0.8588470220565796,0.8462250232696533,1.0,0.8462250232696533,0.6150997877120972,0.8462250232696533,0.0,0.9999999403953552
GCN,265,2642,2,1,4,-5.532478332519531,1.5382647514343262,7.070743083953857,0.7499998807907104,0.034271951764822006,0.0,0.49020692706108093,0.062115564942359924,0.20310723758999621,0,0.0,0.04954640614096301,71,0.3783363103866577,0.9999999403953552,0.4857865347441349,0.9763663220088626,59.0076789855957,0.982274741506647,0.4863937497138977,0.9981536189069424,0.4863937497138977,0.9981536189069424,7.392143785978078e-09,3.069304810310314e-08,6.268221142136099e-08,0.9999998807907104,0.3783363103866577,0.3274019956588745,66,0.6663497686386108,0.8318505883216858,1.0,0.8318505883216858,0.6725980043411255,0.831850528717041,0.0,0.9999999403953552
GCN,265,2646,4,1,1,-3.8361940383911133,2.252224922180176,6.088418960571289,0.9486831426620483,0.0707089975476265,0.0,0.4216635525226593,0.16559353470802307,0.563849943160288,1,0.0,0.030006978367062107,43,0.4069366157054901,1.0,0.4188360680906911,0.9494091580502215,51.30690383911133,0.946824224519941,0.4171757996082306,0.9937223042836041,0.4171757996082306,0.9937223042836041,0.0,2.3283064365386963e-10,5.960646376479417e-08,0.9999998807907104,0.4069366753101349,0.42806798219680786,38,0.9368195533752441,0.8570169806480408,1.0,0.8570169806480408,0.5719320178031921,0.8570169806480408,0.0,1.0
GCN,265,2647,4,1,3,-3.7633628845214844,1.5874879360198975,5.350850820541382,0.8017836213111877,0.0396854393184185,0.0,0.45877838134765625,0.08260507881641388,0.2233800682076544,0,0.0,0.051639916259595256,74,0.3779639005661011,0.9999999403953552,0.45815617937930886,0.96602658788774,55.02037811279297,0.9645494830132939,0.45496174693107605,0.9974150664697193,0.45496174693107605,0.9974150664697193,4.6566128730773926e-09,4.586231838743515e-09,1.2116164072040192e-08,0.9999998807907104,0.3779639005661011,0.37146154046058655,69,0.7656595706939697,0.8428654670715332,1.0,0.8428654670715332,0.6285384893417358,0.8428654074668884,0.0,0.9999999403953552
GCN,265,2653,0,1,2,-0.26661229133605957,5.115643501281738,5.382255792617798,0.8660253286361694,0.05294527858495712,-0.05747554078698158,0.4400215744972229,0.11236639320850372,0.3781735505873437,1,0.0,0.040474528960223306,58,0.38690316677093506,0.9999999403953552,0.4367100191011307,0.9586410635155096,52.894432067871094,0.9560561299852289,0.4360813498497009,0.9963072378138847,0.4360813498497009,0.9963072378138847,8.736580348056577e-09,3.093144229637801e-08,1.211157751868086e-07,0.9999999403953552,0.38690322637557983,0.40432342886924744,54,0.8087489604949951,0.8510807752609253,1.0,0.8510807752609253,0.5956765413284302,0.8510808348655701,8.847564458847046e-09,0.9999999403953552
GCN,265,2658,2,1,1,-4.841299057006836,2.6329386234283447,7.474237680435181,0.9486831426620483,0.07463280111551285,0.0,0.40450796484947205,0.18042296171188354,0.6083743842364532,1,0.0,0.030704815073272853,44,0.3890523910522461,0.9999999403953552,0.40435801610405453,0.931314623338257,48.937435150146484,0.9261447562776958,0.3987085819244385,0.9881831610044313,0.3987085819244385,0.9881831610044313,0.0,3.00360554206236e-08,6.037245725565299e-08,0.9999998807907104,0.38905245065689087,0.4532034993171692,39,0.9277058243751526,0.8633008599281311,1.0,0.8633008599281311,0.5467965006828308,0.8633008599281311,0.0,0.9999999403953552
GCN,265,2668,3,1,5,-3.8123703002929688,2.257659435272217,6.0700297355651855,0.7071066498756409,0.02500685304403305,-0.0003512635885272175,0.5203453898429871,0.05215518921613693,0.1733611216369837,0,0.0,0.06489881367759945,93,0.3793965280056,1.0,0.514277952779944,0.9844903988183161,62.27833557128906,0.9896602658788775,0.5169420838356018,0.9985228951255539,0.5169420838356018,0.9985228951255539,7.229007170650448e-09,6.003148911304379e-08,1.2068778687535087e-07,0.9999999403953552,0.37939661741256714,0.2846027612686157,89,0.7673882246017456,0.8211506605148315,1.0,0.8211506605148315,0.7153972387313843,0.8211506605148315,2.3283064365386963e-10,1.0
GCN,265,2669,3,1,1,-3.9132397174835205,2.563652992248535,6.476892709732056,0.9486831426620483,0.08908270299434662,0.0,0.3678014874458313,0.2199019491672516,0.7324744221295946,1,0.0,0.025819958129797628,37,0.34868323802948,0.9999999403953552,0.3754550834832334,0.9084194977843427,44.49977111816406,0.869645494830133,0.3637552261352539,0.9804283604135894,0.3637552261352539,0.9804283604135894,1.0030650976489142e-08,1.0044153064825423e-08,2.8797368045729854e-08,0.9999998807907104,0.34868323802948,0.5099406838417053,32,0.8613315224647522,0.8774850964546204,1.0,0.8774850964546204,0.4900593161582947,0.8774851560592651,0.0,0.9999999403953552
GCN,265,2681,4,1,5,-1.79410719871521,2.5020430088043213,4.296150207519531,0.7071066498756409,0.04261180758476257,-0.05925225466489792,0.4147607088088989,0.3086051046848297,0.8870784388025768,1,0.0,0.056524773203070484,81,0.29730555415153503,0.9999999403953552,0.4036121559450424,0.931314623338257,49.8171272277832,0.9342688330871491,0.41040608286857605,0.9926144756277696,0.41040608286857605,0.9926144756277696,1.12242721783673e-08,1.02577688565475e-08,6.888011938599448e-08,0.9999998807907104,0.2973055839538574,0.43939512968063354,77,0.6850107908248901,0.8598488569259644,1.0,0.8598488569259644,0.5606048703193665,0.8598487973213196,5.3551048040390015e-09,0.9999998211860657
GCN,265,2685,2,0,4,-6.4706597328186035,-0.8001060485839844,5.670553684234619,0.7499998807907104,0.05934588238596916,0.0,0.47752851247787476,0.11670075356960297,0.3904888215233043,1,0.0,0.027913468248429867,40,0.3650457262992859,1.0,0.4679365570509265,0.9675036927621861,56.829193115234375,0.9726735598227474,0.47073039412498474,0.9981536189069424,0.47073039412498474,0.9981536189069424,9.125060707049215e-09,1.193810561517239e-08,3.268851500592973e-08,0.9999998807907104,0.3650457561016083,0.351029634475708,35,0.7042770385742188,0.837757408618927,1.0,0.837757408618927,0.648970365524292,0.837757408618927,0.0,1.0
GCN,265,2686,3,1,2,-5.419856071472168,2.2593867778778076,7.679242849349976,0.8660253286361694,0.09780437499284744,0.0,0.465689092874527,0.20662938058376312,0.6996968548692687,1,0.0,0.015352407536636426,22,0.4043872356414795,0.9999999403953552,0.4671592901637341,0.9667651403249631,56.57967758178711,0.9715657311669128,0.4610901474952698,0.9977843426883308,0.4610901474952698,0.9977843426883308,1.053671194739536e-08,3.161099471071793e-08,6.505263172584819e-08,0.9999998807907104,0.4043872356414795,0.3774050772190094,17,0.8520408868789673,0.8443512916564941,1.0,0.8443512916564941,0.622594952583313,0.8443512916564941,0.0,0.9999999403953552
GCN,265,2689,2,1,2,-4.433685302734375,2.9909496307373047,7.42463493347168,0.8660253286361694,0.08940719068050385,0.0,0.4348219037055969,0.20952937006950378,0.7044334975369458,1,0.0,0.024424284717376135,35,0.3780724108219147,0.9999998807907104,0.4305468029838257,0.9512555391432792,52.346824645996094,0.9527326440177253,0.42792731523513794,0.9948301329394387,0.42792731523513794,0.9948301329394387,0.0,2.980777935590595e-08,5.96155587118119e-08,0.9999998807907104,0.3780723810195923,0.417919397354126,30,0.8824994564056396,0.8544799089431763,1.0,0.8544799089431763,0.582080602645874,0.8544798493385315,0.0,0.9999998807907104
GCN,265,2690,6,1,1,-0.103310227394104,4.9221272468566895,5.0254374742507935,0.9486831426620483,0.15704141557216644,0.0,0.3922533094882965,0.4047067165374756,0.9566123531640773,1,0.0,0.015352407536636426,22,0.34868323802948,0.9999999403953552,0.3837367208960465,0.9117429837518464,44.991390228271484,0.8788774002954209,0.3640040457248688,0.9804283604135894,0.3640040457248688,0.9804283604135894,1.053671194739536e-08,1.054956655366368e-08,3.0247271354255645e-08,0.9999998807907104,0.34868323802948,0.5099406838417053,17,0.9589899778366089,0.8774852156639099,1.0,0.8774852156639099,0.4900593161582947,0.8774851560592651,0.0,0.9999999403953552
GCN,265,2699,3,1,1,-2.858869791030884,4.2678422927856445,7.126712083816528,0.9486831426620483,0.08612877875566483,0.0,0.3920639157295227,0.2142668068408966,0.7190223569533915,1,0.0,0.025819958129797628,37,0.37397533655166626,0.9999999403953552,0.39933175355782397,0.9268833087149188,49.70418167114258,0.9331610044313147,0.3881319761276245,0.9863367799113737,0.3881319761276245,0.9863367799113737,9.497663988611293e-09,3.1279999035405126e-08,6.479130121306298e-08,0.9999998807907104,0.37397533655166626,0.47439372539520264,32,0.9253044128417969,0.8685984015464783,1.0,0.8685984015464783,0.5256062746047974,0.868598461151123,0.0,0.9999999403953552
GCN,265,2700,3,1,1,-2.1347672939300537,4.353875637054443,6.488642930984497,0.9486831426620483,0.08699715882539749,-0.0011732541024684906,0.392381489276886,0.2158648669719696,0.7195907540735127,1,0.0,0.02372644801116539,34,0.37397533655166626,0.9999999403953552,0.3966409533779009,0.9268833087149188,47.62810516357422,0.9139586410635155,0.38760149478912354,0.9863367799113737,0.38760149478912354,0.9863367799113737,6.969380184074225e-09,3.056473119045222e-08,6.23155500534267e-08,0.9999998807907104,0.37397533655166626,0.47439372539520264,30,0.9171635508537292,0.868598461151123,1.0,0.868598461151123,0.5256062746047974,0.868598461151123,0.0,0.9999999403953552
GCN,265,2702,0,1,2,0.18151021003723145,6.463940143585205,6.282429933547974,0.8660253286361694,0.05912607163190842,-0.001170324394479394,0.47410058975219727,0.1177380383014679,0.3912466843501326,1,0.0,0.025819958129797628,37,0.41986462473869324,0.9999998807907104,0.46966393701632353,0.9675036927621861,56.89484405517578,0.9730428360413589,0.4691987931728363,0.9981536189069424,0.4691987931728363,0.9981536189069424,7.450580596923828e-09,3.0526575045541904e-08,1.202300410341195e-07,0.9999998807907104,0.41986456513404846,0.353576123714447,33,0.8175961971282959,0.838394045829773,1.0,0.838394045829773,0.646423876285553,0.838394045829773,0.0,0.9999998807907104
GCN,265,2707,3,1,4,-5.444823265075684,0.7803683280944824,6.225191593170166,0.7499998807907104,0.03268706053495407,0.0,0.5178045034408569,0.06517660617828369,0.20651762031072377,0,0.0,0.05512909979064899,79,0.39995917677879333,0.9999999403953552,0.5113017880481423,0.9844903988183161,62.01274108886719,0.9892909896602659,0.5145878791809082,0.9985228951255539,0.5145878791809082,0.9985228951255539,4.754536320206171e-09,2.9983670657429684e-08,6.016881570758414e-08,0.9999998807907104,0.39995917677879333,0.2889613211154938,74,0.7743598818778992,0.8222403526306152,1.0,0.8222403526306152,0.7110387086868286,0.8222403526306152,0.0,0.9999999403953552
GCN,125,1370,6,1,8,-1.2968311309814453,1.9360235929489136,3.232854723930359,0.6123723983764648,0.021423548460006714,-0.00036679880577139556,0.5361471772193909,0.04223264381289482,0.10989010989010989,0,0.0,0.07815771109560363,112,0.3386063575744629,0.9999999403953552,0.527043009586369,0.9863367799113737,64.10943603515625,0.992245199409158,0.5325887799263,0.9988921713441654,0.5325887799263,0.9988921713441654,1.1949452982662478e-08,6.022262510896326e-08,1.8061388118439936e-07,0.9999999403953552,0.33860644698143005,0.2627439796924591,108,0.6472269296646118,0.8156859278678894,1.0,0.8156859278678894,0.7372560501098633,0.8156859874725342,5.820766091346741e-11,0.9999999403953552
GCN,125,1376,0,1,3,2.275068998336792,6.321720123291016,4.046651124954224,0.8017836213111877,0.0350797064602375,0.0,0.5067834854125977,0.07269173115491867,0.21182266009852216,0,0.0,0.04884856943475227,70,0.4183961749076843,0.9999998807907104,0.49953741788710493,0.9763663220088626,60.6938591003418,0.9859675036927622,0.5030249357223511,0.9985228951255539,0.5030249357223511,0.9985228951255539,6.384826001237798e-09,3.049725805226444e-08,6.158096965691584e-08,0.9999998807907104,0.41839614510536194,0.3042243421077728,65,0.841993510723114,0.826056182384491,1.0,0.826056182384491,0.6957756280899048,0.8260561227798462,0.0,0.9999998807907104
GCN,125,1378,2,1,3,-3.830486536026001,1.6925691366195679,5.523055672645569,0.8017836213111877,0.052128564566373825,0.0,0.43646296858787537,0.09458842873573303,0.27453580901856767,0,0.0,0.0418702023726448,60,0.35765519738197327,0.9999999403953552,0.43795449627352623,0.9597488921713442,52.48108673095703,0.9534711964549483,0.4321015179157257,0.9959379615952733,0.4321015179157257,0.9959379615952733,9.943804002432444e-09,3.1734227690094485e-08,6.695331933315174e-08,0.9999998807907104,0.35765522718429565,0.40523403882980347,55,0.6349899172782898,0.8513085246086121,1.0,0.8513085246086121,0.5947659611701965,0.8513085246086121,0.0,0.9999999403953552
GCN,125,1392,3,1,3,-1.949778437614441,5.00954532623291,6.959323763847351,0.8017836213111877,0.035835810005664825,-0.0009623709484003484,0.49023470282554626,0.07085894048213959,0.21049640015157256,0,0.0,0.05024424284717376,72,0.40452277660369873,0.9999999403953552,0.48582611831369865,0.9763663220088626,58.635955810546875,0.9811669128508124,0.48664963245391846,0.9981536189069424,0.48664963245391846,0.9981536189069424,4.267856290596228e-09,3.0140554940771835e-08,1.197304015931877e-07,0.9999999403953552,0.4045228362083435,0.32729512453079224,69,0.777210533618927,0.8318237066268921,1.0,0.8318237066268921,0.6727048754692078,0.8318237662315369,0.0,0.9999999403953552
GCN,125,1393,3,1,1,-2.310547351837158,3.2354700565338135,5.546017408370972,0.9486831426620483,0.08223089575767517,0.0,0.3660241365432739,0.20585334300994873,0.6993179234558545,1,0.0,0.030006978367062107,43,0.3486832082271576,0.9999999403953552,0.3772723570709042,0.9084194977843427,44.98045349121094,0.8788774002954209,0.3618561923503876,0.9800590841949779,0.3618561923503876,0.9800590841949779,7.902533738501916e-09,7.916241884231567e-09,2.2692621115538714e-08,0.9999998807907104,0.3486832082271576,0.5099407434463501,38,0.8692684769630432,0.8774851560592651,1.0,0.8774851560592651,0.4900592565536499,0.8774851560592651,0.0,0.9999999403953552
GCN,125,1400,3,0,2,-6.492835998535156,-0.24898958206176758,6.243846416473389,0.8660253286361694,0.058645207434892654,-0.0005410424782894552,0.42781826853752136,0.1304059624671936,0.418529746115953,1,0.0,0.03628750872295883,52,0.3780724108219147,0.9999998807907104,0.4266853532883812,0.9508862629246676,51.190555572509766,0.9453471196454948,0.4226723611354828,0.9940915805022157,0.4226723611354828,0.9940915805022157,5.26835597369768e-09,3.0042372145544505e-08,6.042974831643733e-08,0.9999998807907104,0.3780723810195923,0.417919397354126,48,0.8238628506660461,0.8544799089431763,1.0,0.8544799089431763,0.582080602645874,0.8544798493385315,4.656612873077393e-10,0.9999998807907104
GCN,125,1416,0,1,18,3.3917458057403564,6.501288414001465,3.1095426082611084,0.4522669315338135,0.013079441152513027,-0.0014956335071474314,0.5020247101783752,0.024159591645002365,0.10837438423645321,0,0.0,0.14863921842288905,213,0.23425732553005219,0.9999999403953552,0.4976753344986126,0.9763663220088626,60.04381561279297,0.9844903988183161,0.49878329038619995,0.9985228951255539,0.49878329038619995,0.9985228951255539,1.224299595037337e-08,2.0316724302915645e-08,8.383297966929604e-08,0.9999998807907104,0.23425732553005219,0.30938324332237244,211,0.41939210891723633,0.8273457288742065,1.0,0.8273457288742065,0.6906167268753052,0.8273458480834961,1.646361241780525e-10,0.9999999403953552
GCN,125,1422,4,1,1,-3.9325246810913086,0.57044917345047,4.502973854541779,0.9486831426620483,0.0850110873579979,0.0,0.40677717328071594,0.20555353164672852,0.6962864721485411,1,0.0,0.025819958129797628,37,0.38905248045921326,0.9999999403953552,0.4077718729120155,0.9316838995568686,49.63910675048828,0.9327917282127031,0.4004599452018738,0.9885524372230429,0.4004599452018738,0.9885524372230429,9.125060707049215e-09,3.1173232883929813e-08,6.406519048596238e-08,0.9999998807907104,0.38905248045921326,0.4532035291194916,32,0.933097779750824,0.8633009195327759,1.0000001192092896,0.8633008003234863,0.5467965602874756,0.8633009195327759,0.0,0.9999999403953552
GCN,125,1423,3,1,2,-0.07128143310546875,6.300540447235107,6.371821880340576,0.8660253286361694,0.046310484409332275,0.0,0.4993430972099304,0.09743505716323853,0.2917771883289125,0,0.0,0.03628750872295883,52,0.44438299536705017,0.9999998807907104,0.49408756317999897,0.9763663220088626,60.17879104614258,0.9848596750369276,0.49542829394340515,0.9985228951255539,0.49542829394340515,0.9985228951255539,3.725290298461914e-09,3.003515303134918e-08,6.02002785399236e-08,0.9999998807907104,0.44438302516937256,0.31582748889923096,47,0.9098411202430725,0.8289568424224854,1.0,0.8289568424224854,0.684172511100769,0.8289568424224854,0.0,0.9999998807907104
GCN,125,1425,4,1,2,-2.7248880863189697,3.1052536964416504,5.83014178276062,0.8660253286361694,0.04911937192082405,-0.00045644951751455665,0.49358150362968445,0.0991828441619873,0.31110269041303523,0,0.0,0.03210048848569435,46,0.43884649872779846,0.9999998807907104,0.486948651532379,0.9763663220088626,59.09852600097656,0.982274741506647,0.48874983191490173,0.9981536189069424,0.48874983191490173,0.9981536189069424,7.213993846733047e-09,3.06638945346549e-08,1.2033825669277576e-07,0.9999998807907104,0.4388464689254761,0.32435154914855957,42,0.8631240129470825,0.8310878276824951,1.0,0.8310878276824951,0.6756484508514404,0.8310878872871399,2.3283064365386963e-10,0.9999998807907104
GCN,125,1429,4,1,3,-2.7190911769866943,2.6071314811706543,5.326222658157349,0.8017836213111877,0.04172129929065704,0.0,0.4920787215232849,0.07264097034931183,0.21182266009852216,0,0.0,0.040474528960223306,58,0.40549206733703613,0.9999999403953552,0.48732460913902986,0.9763663220088626,58.82783889770508,0.9819054652880355,0.4880090355873108,0.9981536189069424,0.4880090355873108,0.9981536189069424,5.587935447692871e-09,5.5976281387870586e-09,1.3819910549273118e-08,0.9999998807907104,0.40549206733703613,0.3256832957267761,53,0.6869348883628845,0.8314208388328552,1.0,0.8314208388328552,0.6743167042732239,0.8314208388328552,0.0,0.9999999403953552
GCN,125,1434,3,1,2,-4.553743362426758,2.189030408859253,6.742773771286011,0.8660253286361694,0.0720544308423996,0.0,0.49381300806999207,0.15910357236862183,0.5454717696097007,1,0.0,0.02512212142358688,36,0.4356844425201416,0.9999998807907104,0.4877153550606261,0.9763663220088626,59.22393035888672,0.982274741506647,0.48831719160079956,0.9981536189069424,0.48831719160079956,0.9981536189069424,9.125060707049215e-09,3.1173232883929813e-08,6.318760625845243e-08,0.9999998807907104,0.4356844425201416,0.32921984791755676,31,0.9443051218986511,0.8323049545288086,1.0,0.8323049545288086,0.6707801818847656,0.8323049545288086,0.0,0.9999998807907104
GCN,125,1436,5,1,1,-3.532418727874756,2.3779749870300293,5.910393714904785,0.9486831426620483,0.08288966119289398,0.0,0.4165445566177368,0.17230656743049622,0.5867752936718454,1,0.0,0.022330774598743892,32,0.3993415832519531,0.9999999403953552,0.41356555339648227,0.9449778434268833,49.59901428222656,0.9327917282127031,0.40954306721687317,0.9926144756277696,0.40954306721687317,0.9926144756277696,7.450580596923828e-09,3.049548169542504e-08,6.176635025667565e-08,0.9999998807907104,0.3993415832519531,0.43874257802963257,27,0.8214555978775024,0.8596855998039246,1.0,0.8596855998039246,0.5612574219703674,0.8596856594085693,0.0,0.9999999403953552
GCN,125,1437,4,1,1,-1.1519920825958252,4.735301494598389,5.887293577194214,0.9486831426620483,0.07450384646654129,0.0,0.40448158979415894,0.1817885935306549,0.6087533156498673,1,0.0,0.030006978367062107,43,0.38905248045921326,0.9999999403953552,0.4064657115445848,0.9316838995568686,49.515655517578125,0.9320531757754801,0.39919915795326233,0.9881831610044313,0.39919915795326233,0.9881831610044313,7.679882507716229e-09,3.0781233562038324e-08,6.280045994344619e-08,0.9999998807907104,0.38905248045921326,0.4532034695148468,38,0.9362846612930298,0.8633009195327759,1.0,0.8633009195327759,0.5467965602874756,0.8633009195327759,0.0,0.9999999403953552
GCN,125,1441,5,0,23,-2.3852031230926514,-0.14606857299804688,2.2391345500946045,0.40824824571609497,0.016554512083530426,-0.0008877305081114173,0.450493186712265,0.03130019083619118,0.10837438423645321,0,0.0,0.14724354501046755,211,0.18929697573184967,0.9999999403953552,0.4495445894152272,0.9615952732644018,53.812442779541016,0.9593796159527327,0.44690659642219543,0.9970457902511078,0.44690659642219543,0.9970457902511078,2.158680345587527e-08,2.0675111400692003e-08,1.0924217974661588e-07,0.9999998807907104,0.18929699063301086,0.38175860047340393,207,0.3477308452129364,0.8454396724700928,1.0,0.8454396724700928,0.6182414293289185,0.8454396724700928,2.3283064365386963e-10,0.9999999403953552
GCN,125,1442,3,1,2,-3.2742919921875,3.16441011428833,6.43870210647583,0.8660253286361694,0.056303102523088455,0.0,0.4092003107070923,0.11882661283016205,0.39636225843122397,1,0.0,0.03838101884159107,55,0.3616158068180084,0.9999998807907104,0.413092953597563,0.9449778434268833,49.29024887084961,0.930576070901034,0.4043081998825073,0.9907680945347119,0.4043081998825073,0.9907680945347119,7.213993846733047e-09,8.349503310967066e-09,2.3120069414517275e-08,0.9999998807907104,0.3616158068180084,0.4432559609413147,50,0.7479075789451599,0.8608139753341675,1.0,0.8608139753341675,0.5567440390586853,0.8608139753341675,0.0,0.9999998807907104
GCN,125,1444,2,1,4,-2.0522196292877197,2.3049886226654053,4.357208251953125,0.7499998807907104,0.03330957144498825,-0.0009568525711074471,0.5335626602172852,0.050071220844984055,0.15934065934065933,0,0.0,0.052337752965806,75,0.4121304154396057,0.9999999403953552,0.5248555575079188,0.9863367799113737,63.821258544921875,0.9918759231905465,0.5297793745994568,0.9988921713441654,0.5297793745994568,0.9988921713441654,4.725945856876024e-09,3.001439097261027e-08,6.02245791014866e-08,0.9999998807907104,0.4121304452419281,0.2673235237598419,72,0.6015417575836182,0.8168308138847351,1.0,0.8168308138847351,0.7326765060424805,0.8168308734893799,0.0,0.9999999403953552
GCN,125,1448,1,1,5,-1.9741969108581543,3.586338996887207,5.560535907745361,0.7071066498756409,0.02160467952489853,-0.002076077973470092,0.5649345517158508,0.04770301282405853,0.13793103448275862,0,0.0,0.06629448709002093,95,0.4122214913368225,0.9999999403953552,0.5532291745292574,0.990029542097489,67.63935852050781,0.9966765140324964,0.5616591572761536,0.9988921713441654,0.5616591572761536,0.9988921713441654,5.8161075955354136e-09,5.4504254443088485e-09,1.3082235739148018e-08,0.9999998807907104,0.4122215211391449,0.22270753979682922,91,0.8205729126930237,0.8056769371032715,1.0,0.8056769371032715,0.7772924900054932,0.8056769371032715,0.0,0.9999999403953552
GCN,125,1450,3,1,3,-4.268291473388672,1.7190206050872803,5.987312078475952,0.8017836213111877,0.04063565284013748,0.0,0.46307986974716187,0.08446523547172546,0.22735884804850323,0,0.0,0.05024424284717376,72,0.3814423382282257,0.9999999403953552,0.4606221785387768,0.96602658788774,55.57967758178711,0.9663958641063516,0.4591672122478485,0.9974150664697193,0.4591672122478485,0.9974150664697193,5.587935447692871e-09,6.044635014745836e-09,6.16797350971865e-08,0.9999998807907104,0.3814423680305481,0.36567699909210205,67,0.7717628479003906,0.8414192795753479,1.0,0.8414192795753479,0.634323000907898,0.8414192199707031,0.0,0.9999999403953552
GCN,125,1452,4,1,3,-2.8604090213775635,2.2894535064697266,5.14986252784729,0.8017836213111877,0.039163362234830856,0.0,0.5255740880966187,0.08140543103218079,0.22167487684729065,0,0.0,0.0418702023726448,60,0.43365055322647095,0.9999999403953552,0.5173343876274089,0.9859675036927622,62.88102340698242,0.9903988183161004,0.5215049386024475,0.9985228951255539,0.5215049386024475,0.9985228951255539,6.650973549682249e-09,3.031540884990136e-08,6.095979188103229e-08,0.9999998807907104,0.4336506128311157,0.2788568139076233,55,0.8759201765060425,0.8197142481803894,1.0,0.8197142481803894,0.7211431860923767,0.8197141885757446,0.0,0.9999999403953552
GCN,125,1457,3,1,3,-4.788043975830078,1.3187921047210693,6.1068360805511475,0.8017836213111877,0.044011928141117096,-0.0011700000613927841,0.41245222091674805,0.08513084053993225,0.23001136794240243,0,0.0,0.052337752965806,75,0.33869943022727966,0.9999998807907104,0.41580683882113617,0.948301329394387,49.53261947631836,0.9320531757754801,0.40839883685112,0.9926144756277696,0.40839883685112,0.9926144756277696,5.587935447692871e-09,6.203964453277422e-09,6.236594884967417e-08,0.9999998807907104,0.33869943022727966,0.4367567300796509,71,0.6396572589874268,0.8591892123222351,1.0,0.8591892123222351,0.5632432699203491,0.8591891527175903,0.0,0.9999998807907104
GCN,125,1476,6,1,2,-2.1118757724761963,1.8144264221191406,3.926302194595337,0.8660253286361694,0.0553131178021431,-0.0030923672020435333,0.4273851811885834,0.11015941202640533,0.3685107995452823,1,0.0,0.03558967201674808,51,0.3780724108219147,0.9999998807907104,0.42739189058115823,0.9508862629246676,51.242347717285156,0.9460856720827179,0.4227733612060547,0.9940915805022157,0.4227733612060547,0.9940915805022157,7.508562660518692e-09,3.089110833798259e-08,6.33603747246525e-08,0.9999998807907104,0.3780723810195923,0.417919397354126,48,0.7371292114257812,0.8544798493385315,1.0,0.8544798493385315,0.582080602645874,0.8544798493385315,0.0,0.9999998807907104
GCN,125,1486,2,1,3,-3.1918373107910156,3.1715242862701416,6.363361597061157,0.8017836213111877,0.03606593608856201,-0.06369991600513458,0.5163556933403015,0.07651984691619873,0.21674876847290642,0,0.0,0.04884856943475227,70,0.42390191555023193,0.9999998807907104,0.5072786900024452,0.9844903988183161,62.047630310058594,0.9892909896602659,0.5131281018257141,0.9985228951255539,0.5131281018257141,0.9985228951255539,0.0,1.8915251587259263e-09,4.515734008947447e-09,0.9999998807907104,0.42390191555023193,0.29506850242614746,67,0.8783811330795288,0.8237671852111816,1.0,0.8237671852111816,0.7049314975738525,0.8237671256065369,8.614733815193176e-09,0.9999998807907104
GCN,125,1487,6,1,4,-0.9028591513633728,2.5019962787628174,3.40485543012619,0.7499998807907104,0.027274535968899727,-0.001509651425294578,0.5080623626708984,0.05672832578420639,0.19325502084122773,0,0.0,0.0628053035589672,90,0.39277899265289307,0.9999998807907104,0.5017380903205715,0.9844903988183161,60.79370880126953,0.9867060561299852,0.5049624443054199,0.9985228951255539,0.5049624443054199,0.9985228951255539,2.464047854644491e-09,3.000806714226201e-08,1.1955083323300641e-07,0.9999999403953552,0.39277902245521545,0.3017260432243347,86,0.7542918920516968,0.8254314661026001,1.0,0.8254314661026001,0.6982739567756653,0.8254315257072449,4.656612873077393e-10,0.9999998807907104
GCN,125,1493,4,1,1,-1.2017693519592285,5.258564472198486,6.460333824157715,0.9486831426620483,0.07283671945333481,0.0,0.4544982612133026,0.1660095751285553,0.563849943160288,1,0.0,0.028611304954640614,41,0.4392373859882355,0.9999998807907104,0.4501850350421161,0.9619645494830132,54.56853103637695,0.9627031019202363,0.45004621148109436,0.9974150664697193,0.45004621148109436,0.9974150664697193,7.213993846733047e-09,3.066831411047133e-08,6.183655187896875e-08,0.9999998807907104,0.4392373561859131,0.38267073035240173,36,0.9827343821525574,0.8456677198410034,1.0,0.8456677198410034,0.6173292398452759,0.8456676602363586,0.0,0.9999998807907104
GCN,125,1499,2,1,4,-3.122744083404541,2.4759414196014404,5.5986855030059814,0.7499998807907104,0.032199643552303314,0.0,0.5478904843330383,0.05799319967627525,0.1962864721485411,0,0.0,0.051639916259595256,74,0.4233991801738739,0.9999999403953552,0.538698515810709,0.9889217134416544,65.51829528808594,0.9940915805022157,0.5440929532051086,0.9988921713441654,0.5440929532051086,0.9988921713441654,9.077409934832303e-09,9.187226979179286e-09,2.1688876472580887e-08,0.9999998807907104,0.4233991801738739,0.24729019403457642,69,0.7400838732719421,0.8118225336074829,1.0,0.8118225336074829,0.7527098059654236,0.8118225336074829,0.0,0.9999999403953552
GCN,125,1501,6,1,7,-1.2533957958221436,1.8665015697479248,3.1198973655700684,0.6396021246910095,0.021951090544462204,-0.0005820838268846273,0.503520667552948,0.03491712361574173,0.10837438423645321,0,0.0,0.07885554780181438,113,0.3320712447166443,0.9999999403953552,0.49852858043073783,0.9763663220088626,60.28985595703125,0.9848596750369276,0.5006015300750732,0.9985228951255539,0.5006015300750732,0.9985228951255539,1.0339358702537993e-08,9.935622991008586e-09,2.9930056655302906e-08,0.9999998807907104,0.3320712447166443,0.3077545166015625,109,0.5122824907302856,0.8269386887550354,1.0,0.8269386887550354,0.6922454833984375,0.8269386291503906,2.3283064365386963e-10,0.9999999403953552
GCN,125,1506,2,1,2,-1.9750632047653198,4.044460773468018,6.019523978233337,0.8660253286361694,0.05089077726006508,0.0,0.49074167013168335,0.10934752225875854,0.367942402425161,1,0.0,0.034193998604326585,49,0.436093807220459,0.9999999403953552,0.4835306776634196,0.9763663220088626,58.563655853271484,0.9811669128508124,0.4861907958984375,0.9981536189069424,0.4861907958984375,0.9981536189069424,8.277775798148923e-09,3.092706180041205e-08,6.254672513250625e-08,0.9999998807907104,0.436093807220459,0.328589528799057,44,0.9131736755371094,0.8321473598480225,1.0,0.8321473598480225,0.6714104413986206,0.8321473598480225,0.0,0.9999999403953552
GCN,125,1507,0,1,6,-1.0030685663223267,2.225754737854004,3.2288233041763306,0.6708203554153442,0.028268294408917427,0.0,0.5194696187973022,0.05102942883968353,0.16331943918150815,0,0.0,0.056524773203070484,81,0.3589758276939392,0.9999998807907104,0.5122580561937572,0.9844903988183161,62.12151336669922,0.9892909896602659,0.5159254670143127,0.9985228951255539,0.5159254670143127,0.9985228951255539,7.229007170650448e-09,3.088233313519595e-08,1.2133206439557398e-07,0.9999999403953552,0.358975887298584,0.28649380803108215,76,0.6290534138679504,0.8216235041618347,1.0,0.8216235041618347,0.7135062217712402,0.8216234445571899,0.0,0.9999998807907104
GCN,125,1523,0,1,2,0.5401512384414673,4.7406535148620605,4.200502276420593,0.8660253286361694,0.05808721482753754,-0.08948604017496109,0.43907710909843445,0.13242727518081665,0.4236453201970443,1,0.0,0.03768318213538032,54,0.38306236267089844,1.0,0.42375324835981026,0.9501477104874446,52.689239501953125,0.9542097488921714,0.4341711401939392,0.9963072378138847,0.4341711401939392,0.9963072378138847,8.586369837360053e-09,3.1182796789153144e-08,1.2159127038557926e-07,0.9999999403953552,0.3830624520778656,0.4102367162704468,50,0.8668985366821289,0.8525591492652893,1.0,0.8525591492652893,0.5897632837295532,0.8525592088699341,1.3504177331924438e-08,1.0
GCN,125,1541,3,1,1,-4.991619110107422,1.0446181297302246,6.0362372398376465,0.9486831426620483,0.09069238603115082,0.0,0.36823830008506775,0.23053625226020813,0.7559681697612732,1,0.0,0.025819958129797628,37,0.34868323802948,0.9999999403953552,0.36211102185908756,0.8980797636632201,45.150856018066406,0.880354505169867,0.3588220775127411,0.9778434268833087,0.3588220775127411,0.9778434268833087,6.969380184074225e-09,6.988798872953339e-09,2.0031059477787494e-08,0.9999998807907104,0.34868323802948,0.5099406838417053,32,0.8880113363265991,0.8774851560592651,1.0,0.8774851560592651,0.4900593161582947,0.8774851560592651,0.0,0.9999999403953552
GCN,125,1546,2,1,5,-4.836113929748535,0.2286827564239502,5.064796686172485,0.7071066498756409,0.025761853903532028,-0.06594368070363998,0.5529466867446899,0.046118468046188354,0.12542629784009093,0,0.0,0.05303558967201675,76,0.40148094296455383,0.9999999403953552,0.5406320637588762,0.9889217134416544,66.12395477294922,0.9944608567208272,0.5492104887962341,0.9988921713441654,0.5492104887962341,0.9988921713441654,6.664205187689731e-09,3.0698569020159994e-08,6.235799077103366e-08,0.9999998807907104,0.4014809727668762,0.24296008050441742,72,0.6999483108520508,0.8107399940490723,1.0,0.8107399940490723,0.7570399045944214,0.8107399940490723,3.259629011154175e-09,0.9999999403953552
GCN,125,1554,3,0,4,-8.030130386352539,-3.6458356380462646,4.384294748306274,0.7499998807907104,0.057508327066898346,0.0,0.46420565247535706,0.12437383830547333,0.4041303524062145,1,0.0,0.03210048848569435,46,0.35489267110824585,0.9999999403953552,0.4629918241335127,0.9663958641063516,55.66706848144531,0.9663958641063516,0.45894375443458557,0.9974150664697193,0.45894375443458557,0.9974150664697193,8.225217840163168e-09,3.089725097993323e-08,1.2141414629240899e-07,0.9999998807907104,0.35489264130592346,0.3690796196460724,41,0.7529566287994385,0.8422698974609375,1.0,0.8422698974609375,0.63092041015625,0.8422698974609375,0.0,0.9999999403953552
GCN,125,1561,1,1,2,-1.5744684934616089,4.557227611541748,6.131696105003357,0.8660253286361694,0.04245861992239952,0.0,0.5194806456565857,0.08855129778385162,0.23796892762410005,0,0.0,0.03698534542916958,53,0.46290260553359985,0.9999998807907104,0.5136690611091387,0.9844903988183161,62.36025619506836,0.990029542097489,0.5159119367599487,0.9985228951255539,0.5159119367599487,0.9985228951255539,7.450580596923828e-09,3.072217680255562e-08,6.174483502263683e-08,0.9999998807907104,0.46290263533592224,0.28731468319892883,48,0.9382726550102234,0.8218287229537964,1.0,0.8218287229537964,0.7126853466033936,0.8218287229537964,0.0,0.9999998807907104
GCN,125,1565,2,1,2,-3.7728819847106934,1.6611971855163574,5.434079170227051,0.8660253286361694,0.12177783250808716,0.0,0.5435106754302979,0.250377357006073,0.7987874194770747,1,0.0,0.020237264480111653,29,0.4699232280254364,0.9999999403953552,0.5286575059275448,0.9870753323485968,63.41900634765625,0.991506646971935,0.5253040194511414,0.9985228951255539,0.5253040194511414,0.9985228951255539,0.0,2.980777935590595e-08,5.96155587118119e-08,0.9999998807907104,0.469923198223114,0.27650582790374756,24,0.9677550196647644,0.819126546382904,1.0,0.819126546382904,0.7234941720962524,0.8191264867782593,0.0,0.9999999403953552
GCN,125,1567,3,0,4,-5.69887638092041,-1.0122809410095215,4.686595439910889,0.7499998807907104,0.048893678933382034,0.0,0.5002705454826355,0.10614083707332611,0.3560060629026146,1,0.0,0.03349616189811584,48,0.384485125541687,0.9999998807907104,0.49149261346429796,0.9763663220088626,59.87331008911133,0.9826440177252584,0.4958324730396271,0.9985228951255539,0.4958324730396271,0.9985228951255539,1.0202128031266966e-08,3.12791321732675e-08,6.452235368215042e-08,0.9999998807907104,0.3844850957393646,0.31647080183029175,43,0.8145090341567993,0.8291177749633789,1.0,0.8291177749633789,0.6835291981697083,0.8291177153587341,0.0,0.9999998807907104
GCN,125,1568,2,1,4,-2.741333484649658,3.20628023147583,5.947613716125488,0.7499998807907104,0.026322316378355026,-0.0008465491118840873,0.5589608550071716,0.05433362349867821,0.1883289124668435,0,0.0,0.05722260990928123,82,0.4324084222316742,0.9999999403953552,0.547324159638048,0.9889217134416544,66.89818572998047,0.9951994091580503,0.5554898381233215,0.9988921713441654,0.5554898381233215,0.9988921713441654,4.112608920081584e-09,3.985418661756057e-09,9.212826057591883e-09,0.9999998807907104,0.4324084520339966,0.23127372562885284,78,0.8653408288955688,0.8078184723854065,1.0,0.8078184723854065,0.7687262892723083,0.8078184127807617,0.0,0.9999999403953552
GCN,125,1583,0,1,10,-1.09926438331604,3.077665090560913,4.176929473876953,0.5669466257095337,0.015888851135969162,-0.00031610793666914105,0.5505924820899963,0.030029602348804474,0.10837438423645321,0,0.0,0.08932309839497557,128,0.3222067654132843,0.9999999403953552,0.5420838424578579,0.9889217134416544,65.9435043334961,0.9944608567208272,0.5474806427955627,0.9988921713441654,0.5474806427955627,0.9988921713441654,5.880990361362137e-09,7.558932146878306e-09,2.3471853793921582e-08,0.9999998807907104,0.3222067952156067,0.24224072694778442,124,0.5899695158004761,0.8105601668357849,1.0,0.8105601668357849,0.7577592730522156,0.8105601668357849,1.1641532182693481e-10,0.9999999403953552
GCN,125,1589,2,1,3,-4.002943992614746,2.458399772644043,6.461343765258789,0.8017836213111877,0.03290301933884621,-0.0008180800941772759,0.486782431602478,0.06322282552719116,0.2046229632436529,0,0.0,0.05792044661549198,83,0.4019256830215454,0.9999999403953552,0.48221804679684355,0.9763663220088626,58.41777420043945,0.9811669128508124,0.4834526777267456,0.9981536189069424,0.4834526777267456,0.9981536189069424,4.5625303535246076e-09,5.19060927572923e-09,1.295167439963052e-08,0.9999998807907104,0.4019257128238678,0.3316139876842499,79,0.7499464154243469,0.8329035043716431,1.0,0.8329035043716431,0.6683859825134277,0.8329035043716431,0.0,0.9999999403953552
GCN,125,1591,3,1,1,-5.969769477844238,0.6385590434074402,6.6083285212516785,0.9486831426620483,0.07737024128437042,-0.0017203261377289891,0.39016658067703247,0.19180983304977417,0.6494884425918909,1,0.0,0.02930914166085136,42,0.3739752471446991,0.9999999403953552,0.39193070580043016,0.9261447562776958,46.96845245361328,0.9069423929098966,0.3848869204521179,0.9863367799113737,0.3848869204521179,0.9863367799113737,0.0,2.980868885060772e-08,5.961737770121545e-08,0.9999998807907104,0.3739752471446991,0.4743937849998474,38,0.9112474918365479,0.868598461151123,0.9999999403953552,0.8685985207557678,0.5256061553955078,0.8685984015464783,0.0,0.9999999403953552
GCN,125,1597,3,1,2,-3.014702320098877,3.298501491546631,6.313203811645508,0.8660253286361694,0.07410874962806702,-0.000698629068210721,0.43102797865867615,0.11273862421512604,0.38006820765441457,1,0.0,0.027913468248429867,40,0.3780723512172699,0.9999998807907104,0.4297647926864789,0.9512555391432792,51.123069763183594,0.9449778434268833,0.4245990216732025,0.9944608567208272,0.4245990216732025,0.9944608567208272,5.509778855383729e-09,6.7801306791182014e-09,1.792142256817897e-08,0.9999998807907104,0.3780723512172699,0.41791945695877075,36,0.5605037212371826,0.8544798493385315,1.0,0.8544798493385315,0.5820805430412292,0.8544798493385315,0.0,0.9999998807907104
GCN,125,1600,3,1,1,-3.875985860824585,2.7506160736083984,6.626601934432983,0.9486831426620483,0.08537032455205917,0.0,0.36682188510894775,0.2196028232574463,0.7324744221295946,1,0.0,0.02930914166085136,42,0.3486832082271576,0.9999999403953552,0.37397508831618576,0.9080502215657311,44.67242431640625,0.8737075332348597,0.3616512715816498,0.9796898079763663,0.3616512715816498,0.9796898079763663,1.1019557710767458e-08,1.1029391622230378e-08,3.1623926588508766e-08,0.9999998807907104,0.3486832082271576,0.5099407434463501,37,0.8951737880706787,0.8774851560592651,1.0,0.8774851560592651,0.4900592565536499,0.8774851560592651,0.0,0.9999999403953552
GCN,125,1602,0,1,10,3.647590398788452,7.390827655792236,3.743237257003784,0.5669466257095337,0.018756752833724022,-0.0005308198742568493,0.5243643522262573,0.03564446046948433,0.10837438423645321,0,0.0,0.09979064898813678,143,0.30663880705833435,0.9999999403953552,0.5140014287505721,0.9844903988183161,62.70194625854492,0.9903988183161004,0.5208626389503479,0.9985228951255539,0.5208626389503479,0.9985228951255539,1.0151523177626132e-08,3.1514169052115903e-08,1.2380411362755694e-07,0.9999999403953552,0.3066388666629791,0.27885302901268005,140,0.5424400568008423,0.8197132349014282,1.0,0.8197132349014282,0.7211469411849976,0.8197132349014282,5.820766091346741e-11,0.9999999403953552
GCN,125,1605,3,1,3,-3.8637990951538086,2.907660722732544,6.7714598178863525,0.8017836213111877,0.034807637333869934,0.0,0.497456431388855,0.06926673650741577,0.20954907161803712,0,0.0,0.055826936496859735,80,0.41066214442253113,0.9999999403953552,0.4919966978780296,0.9763663220088626,59.522003173828125,0.982274741506647,0.49330830574035645,0.9981536189069424,0.49330830574035645,0.9981536189069424,6.634651938952629e-09,6.556570397719952e-09,1.5976151956920148e-08,0.9999998807907104,0.41066214442253113,0.3170856833457947,75,0.7937110662460327,0.8292713761329651,1.0,0.8292713761329651,0.6829143166542053,0.8292714357376099,0.0,0.9999999403953552
GCN,125,1611,3,1,2,-3.731539011001587,1.1261706352233887,4.857709646224976,0.8660253286361694,0.08774266391992569,0.0,0.48327749967575073,0.18319763243198395,0.6195528609321713,1,0.0,0.01465457083042568,21,0.4229605197906494,0.9999998807907104,0.4785651356521253,0.9756277695716395,57.70624542236328,0.9785819793205317,0.475401371717453,0.9981536189069424,0.475401371717453,0.9981536189069424,9.497663988611293e-09,1.003335281524187e-08,2.372447838183689e-08,0.9999998807907104,0.4229605197906494,0.3488095700740814,16,0.8738486766815186,0.8372023105621338,1.0,0.8372023105621338,0.6511904001235962,0.8372023701667786,0.0,0.9999998807907104
GCN,125,1628,0,1,17,4.366504669189453,7.183180332183838,2.8166756629943848,0.462909996509552,0.013872208073735237,-0.012059471569955349,0.5262945890426636,0.024273168295621872,0.10837438423645321,0,0.0,0.13189113747383113,189,0.2512199282646179,0.9999999403953552,0.5165147618310408,0.9859675036927622,62.951866149902344,0.9903988183161004,0.5231005549430847,0.9985228951255539,0.5231005549430847,0.9985228951255539,1.2994786580122764e-08,1.4353116917220632e-08,5.713434703125131e-08,0.9999998807907104,0.2512199580669403,0.2764038145542145,187,0.42629116773605347,0.8191010355949402,1.0,0.8191010355949402,0.7235962152481079,0.8191009759902954,4.221660798719995e-09,0.9999999403953552
GCN,125,1629,2,1,3,-3.3366804122924805,2.292579174041748,5.6292595863342285,0.8017836213111877,0.040660664439201355,-0.0010745273903012276,0.46741539239883423,0.0805606096982956,0.2209170140204623,0,0.0,0.045359385903698535,65,0.38500866293907166,0.9999999403953552,0.46318588819263234,0.9663958641063516,55.93168640136719,0.9682422451994092,0.4631727635860443,0.9981536189069424,0.4631727635860443,0.9981536189069424,5.26835597369768e-09,3.028320350040303e-08,6.120836104628324e-08,0.9999998807907104,0.38500869274139404,0.3597463071346283,62,0.7314921617507935,0.8399365544319153,0.9999999403953552,0.8399366140365601,0.6402536630630493,0.8399365544319153,4.656612873077393e-10,0.9999999403953552
GCN,125,1632,2,1,3,-3.923213005065918,1.6578161716461182,5.581029176712036,0.8017836213111877,0.0515323206782341,0.0,0.5097285509109497,0.11621646583080292,0.3901098901098901,1,0.0,0.03628750872295883,52,0.4190332889556885,0.9999998211860657,0.5028926206095499,0.9844903988183161,61.411128997802734,0.9878138847858198,0.5049682855606079,0.9985228951255539,0.5049682855606079,0.9985228951255539,8.011539875951712e-09,3.072217680255562e-08,1.205334001497249e-07,0.9999999403953552,0.41903331875801086,0.3031647801399231,47,0.9216883182525635,0.8257911801338196,1.0,0.8257911801338196,0.6968352198600769,0.8257911801338196,0.0,0.9999998211860657
GCN,125,1637,0,1,2,-1.2481651306152344,3.9355597496032715,5.183724880218506,0.8660253286361694,0.07311322540044785,0.0,0.5127680897712708,0.1485687494277954,0.5026525198938993,1,0.0,0.02372644801116539,34,0.4527062773704529,0.9999999403953552,0.5020509320273523,0.9844903988183161,61.09891891479492,0.9874446085672083,0.5058909058570862,0.9985228951255539,0.5058909058570862,0.9985228951255539,0.0,2.9809598345309496e-08,5.961919669061899e-08,0.9999998807907104,0.45270630717277527,0.3030129671096802,29,0.9023668766021729,0.8257532119750977,1.0,0.8257532119750977,0.6969870328903198,0.8257532119750977,0.0,0.9999999403953552
GCN,125,1644,0,1,2,0.5992343425750732,5.742889404296875,5.143655061721802,0.8660253286361694,0.042852409183979034,0.0,0.5350989699363708,0.08843855559825897,0.23796892762410005,0,0.0,0.03279832519190509,47,0.47690555453300476,0.9999999403953552,0.5264374751507996,0.9863367799113737,64.09256744384766,0.9918759231905465,0.5314775705337524,0.9988921713441654,0.5314775705337524,0.9988921713441654,6.160119969678135e-09,5.992257712250648e-08,1.1990886150670121e-07,0.9999998807907104,0.4769055247306824,0.265755832195282,42,0.9563813805580139,0.8164389729499817,1.0,0.8164389729499817,0.734244167804718,0.8164389729499817,0.0,0.9999999403953552
GCN,125,1645,3,1,4,-1.3402787446975708,2.349818706512451,3.690097451210022,0.7499998807907104,0.03293371945619583,0.0,0.5028820037841797,0.06652824580669403,0.2074649488442592,0,0.0,0.050942079553384506,73,0.38832712173461914,0.9999999403953552,0.49737057114072397,0.9763663220088626,60.17294692993164,0.9848596750369276,0.499144971370697,0.9985228951255539,0.499144971370697,0.9985228951255539,5.587935447692871e-09,6.456591261638778e-09,1.6628911581051398e-08,0.9999998807907104,0.38832715153694153,0.30964046716690063,68,0.7618906497955322,0.8274102210998535,1.0,0.8274102210998535,0.6903595328330994,0.827410101890564,0.0,0.9999999403953552
GCN,125,1653,4,1,5,-3.716367483139038,0.9371850490570068,4.653552532196045,0.7071066498756409,0.027107516303658485,-0.0013394650304690003,0.5119528770446777,0.058206502348184586,0.1962864721485411,0,0.0,0.06489881367759945,93,0.37306347489356995,0.9999999403953552,0.5074673580139076,0.9844903988183161,61.333560943603516,0.9878138847858198,0.5088362693786621,0.9985228951255539,0.5088362693786621,0.9985228951255539,5.703162830883457e-09,6.930379381486773e-09,1.8585156524864033e-08,0.9999998807907104,0.37306350469589233,0.29654461145401,89,0.7374335527420044,0.8241361975669861,1.0,0.8241361975669861,0.70345538854599,0.8241361379623413,4.656612873077393e-10,0.9999999403953552
GCN,125,1661,5,1,4,0.10811340808868408,4.347762107849121,4.239648699760437,0.7499998807907104,0.024772167205810547,-0.002308540977537632,0.5639172196388245,0.05097145959734917,0.16331943918150815,0,0.0,0.04745289602233078,68,0.43631884455680847,0.9999998807907104,0.5528484806321781,0.990029542097489,67.5193862915039,0.9966765140324964,0.5607892870903015,0.9988921713441654,0.5607892870903015,0.9988921713441654,0.0,2.9817780244911773e-08,5.967372374016122e-08,0.9999998807907104,0.43631887435913086,0.22432181239128113,64,0.8151115775108337,0.8060804605484009,1.0,0.8060804605484009,0.7756781578063965,0.8060804605484009,0.0,0.9999998807907104
GCN,125,1668,2,1,2,-1.8267260789871216,3.99269437789917,5.8194204568862915,0.8660253286361694,0.052428293973207474,-0.0006536775035783648,0.4427758455276489,0.11137820780277252,0.37192118226600984,1,0.0,0.039078855547801813,56,0.3925636410713196,0.9999998807907104,0.43912675394174333,0.9601181683899557,52.7808837890625,0.955317577548006,0.4375148415565491,0.9966765140324964,0.4375148415565491,0.9966765140324964,5.890201215663637e-09,6.075942859951056e-09,1.5564522115596446e-08,0.9999998807907104,0.3925636410713196,0.39560866355895996,52,0.814608633518219,0.84890216588974,1.0,0.84890216588974,0.60439133644104,0.84890216588974,4.656612873077393e-10,0.9999998807907104
GCN,125,1675,6,1,4,-0.9817017316818237,3.343562126159668,4.325263857841492,0.7499998807907104,0.028180701658129692,0.0,0.5413676500320435,0.05456554889678955,0.18927624100037893,0,0.0,0.044661549197487785,64,0.41863685846328735,0.9999999403953552,0.5326294939880649,0.9881831610044313,64.8394546508789,0.9933530280649926,0.53850919008255,0.9988921713441654,0.53850919008255,0.9988921713441654,6.107090388951519e-09,5.839362771098422e-09,1.3931930276100957e-08,0.9999998807907104,0.41863688826560974,0.2557564973831177,59,0.7861766815185547,0.8139391541481018,1.0,0.8139391541481018,0.7442435026168823,0.813939094543457,0.0,0.9999999403953552
GCN,125,1679,3,1,3,-5.464555740356445,0.960989236831665,6.42554497718811,0.8017836213111877,0.04936723783612251,-0.000553724414203316,0.46027153730392456,0.09257912635803223,0.2624100037893141,0,0.0,0.034891835310537335,50,0.3779639005661011,0.9999999403953552,0.4599972040412767,0.96602658788774,55.55567932128906,0.9663958641063516,0.45666271448135376,0.9974150664697193,0.45666271448135376,0.9974150664697193,1.0454069609977523e-08,7.362751297534942e-09,1.9452189192747937e-08,0.9999998807907104,0.3779639005661011,0.37146151065826416,46,0.6920629739761353,0.8428654670715332,1.0,0.8428654670715332,0.6285384893417358,0.8428653478622437,4.656612873077393e-10,0.9999999403953552
GCN,125,1684,3,1,2,-5.325408935546875,0.17768144607543945,5.5030903816223145,0.8660253286361694,0.07073012739419937,0.0,0.42292356491088867,0.16165168583393097,0.5507768093974991,1,0.0,0.027913468248429867,40,0.3714258670806885,0.9999999403953552,0.42430262219479375,0.9505169867060561,50.81513595581055,0.9431314623338257,0.41714805364608765,0.9937223042836041,0.41714805364608765,0.9937223042836041,5.430496941016827e-09,6.585445078144403e-09,1.773017288542178e-08,0.9999998807907104,0.3714258670806885,0.4281523823738098,35,0.8370825052261353,0.8570380806922913,1.0,0.8570380806922913,0.5718476176261902,0.8570380806922913,0.0,0.9999999403953552
GCN,125,1688,4,1,3,-1.8145482540130615,3.43355131149292,5.2480995655059814,0.8017836213111877,0.042996279895305634,0.0,0.46991291642189026,0.09516284614801407,0.27472527472527475,0,0.0,0.04815073272854152,69,0.3868660628795624,0.9999998807907104,0.4661748564509579,0.9667651403249631,56.631595611572266,0.9715657311669128,0.4658353924751282,0.9981536189069424,0.4658353924751282,0.9981536189069424,8.172322374377927e-09,3.069569842750752e-08,6.257612028548465e-08,0.9999998807907104,0.38686609268188477,0.35665756464004517,64,0.8338945508003235,0.8391644358634949,1.0,0.8391644358634949,0.6433424353599548,0.8391643762588501,0.0,0.9999998807907104
GCN,125,1695,0,1,3,1.6884701251983643,6.000351905822754,4.31188178062439,0.8017836213111877,0.03938470408320427,0.0,0.4977901577949524,0.07995791733264923,0.22034861690034105,0,0.0,0.0418702023726448,60,0.41049811244010925,0.9999999403953552,0.49016920165636824,0.9763663220088626,59.610435485839844,0.982274741506647,0.49417680501937866,0.9981536189069424,0.49417680501937866,0.9981536189069424,7.333241125451195e-09,6.389069717727125e-09,1.5560818411586297e-08,0.9999998807907104,0.41049814224243164,0.31735843420028687,55,0.8102842569351196,0.8293395638465881,1.0,0.8293395638465881,0.6826415657997131,0.8293396234512329,0.0,0.9999999403953552
GCN,125,1705,1,1,7,-1.572429895401001,3.206014633178711,4.778444528579712,0.6396021246910095,0.022932209074497223,0.0,0.5072917342185974,0.04581192508339882,0.12315270935960591,0,0.0,0.08443824145150035,121,0.3345128297805786,0.9999998807907104,0.5018319306473822,0.9844903988183161,60.668212890625,0.9859675036927622,0.5037765502929688,0.9985228951255539,0.5037765502929688,0.9985228951255539,7.790264433538141e-09,8.396442652269798e-09,2.5138616521758195e-08,0.9999998807907104,0.3345128297805786,0.30266472697257996,116,0.6481870412826538,0.8256662487983704,1.0,0.8256662487983704,0.6973352432250977,0.8256661891937256,0.0,0.9999998807907104
GCN,125,1707,5,1,1,-2.483372449874878,2.840057134628296,5.323429584503174,0.9486831426620483,0.06727758795022964,0.0,0.46108871698379517,0.1511303335428238,0.517620310723759,1,0.0,0.030006978367062107,43,0.446724534034729,0.9999999403953552,0.45965825385255277,0.96602658788774,55.5638313293457,0.9663958641063516,0.4563486874103546,0.9974150664697193,0.4563486874103546,0.9974150664697193,7.450580596923828e-09,7.4542176875525e-09,1.670422555832829e-08,0.9999998807907104,0.446724534034729,0.3721478581428528,38,0.9826230406761169,0.8430370092391968,1.0,0.8430370092391968,0.6278521418571472,0.843036949634552,0.0,0.9999999403953552
GCN,125,1726,2,1,3,-2.9879379272460938,3.437424659729004,6.425362586975098,0.8017836213111877,0.029439043253660202,0.0,0.561542809009552,0.0598287358880043,0.19969685486926866,0,0.0,0.045359385903698535,65,0.4643464982509613,0.9999999403953552,0.5504608304452663,0.990029542097489,67.1624526977539,0.9966765140324964,0.5580868721008301,0.9988921713441654,0.5580868721008301,0.9988921713441654,2.3166355500592317e-09,3.026798367500305e-09,6.470486813014986e-09,0.9999998807907104,0.4643465280532837,0.22781071066856384,60,0.9150107502937317,0.8069526553153992,1.0,0.8069526553153992,0.7721892595291138,0.806952714920044,0.0,0.9999999403953552
GCN,125,1727,2,1,3,-3.676668167114258,1.8999969959259033,5.576665163040161,0.8017836213111877,0.041580550372600555,-0.0005782300140708685,0.5097013115882874,0.08223385363817215,0.22300113679424025,0,0.0,0.03977669225401256,57,0.42016518115997314,0.9999999403953552,0.5006116166153471,0.9844903988183161,61.16730880737305,0.9874446085672083,0.505485475063324,0.9985228951255539,0.505485475063324,0.9985228951255539,6.600861635064348e-09,6.002731112175752e-08,1.2039916441608511e-07,0.9999999403953552,0.4201652407646179,0.30128252506256104,53,0.8082270622253418,0.8253206610679626,1.0000001192092896,0.8253205418586731,0.6987175941467285,0.8253207206726074,0.0,0.9999999403953552
GCN,125,1734,2,1,4,-4.2989091873168945,1.134352684020996,5.433261871337891,0.7499998807907104,0.049600232392549515,0.0,0.5752037167549133,0.10379354655742645,0.3421750663129973,1,0.0,0.03210048848569435,46,0.442920446395874,1.0,0.5636361886066853,0.9937223042836041,68.74009704589844,0.9970457902511078,0.5707061290740967,0.9992614475627769,0.5707061290740967,0.9992614475627769,6.195220336735474e-09,6.038847999434438e-08,1.2120544568006153e-07,0.9999999403953552,0.4429205358028412,0.21258553862571716,41,0.9027543067932129,0.8031463027000427,1.0,0.8031463027000427,0.7874144315719604,0.8031463623046875,0.0,1.0
GCN,125,1749,2,1,4,-4.203388214111328,1.8727082014083862,6.076096415519714,0.7499998807907104,0.02372104860842228,-0.05263684689998627,0.5731357932090759,0.049780093133449554,0.15289882531261842,0,0.0,0.061409630146545706,88,0.44230878353118896,0.9999998807907104,0.5607170351792352,0.9926144756277696,68.60936737060547,0.9970457902511078,0.5698694586753845,0.9988921713441654,0.5698694586753845,0.9988921713441654,3.158268535585762e-09,2.9907638587900465e-09,6.8211312154176085e-09,0.9999998807907104,0.44230878353118896,0.21367309987545013,84,0.9020707607269287,0.8034182786941528,1.0,0.8034182786941528,0.7863268852233887,0.8034182786941528,1.4551915228366852e-08,0.9999998807907104
GCN,125,1752,2,1,3,-4.281336307525635,2.0954861640930176,6.376822471618652,0.8017836213111877,0.04047593101859093,-0.0007173161720857024,0.5425503849983215,0.07593904435634613,0.21580143993937098,0,0.0,0.03838101884159107,55,0.4476231336593628,0.9999998807907104,0.5330169967693207,0.9881831610044313,64.88017272949219,0.9933530280649926,0.5386356115341187,0.9988921713441654,0.5386356115341187,0.9988921713441654,5.682928350125849e-09,3.030154616112668e-08,1.1983463821252371e-07,0.9999999403953552,0.4476231634616852,0.2556210160255432,51,0.8161417245864868,0.8139052391052246,1.0,0.8139052391052246,0.7443789839744568,0.8139052391052246,0.0,0.9999998807907104
GCN,125,1753,2,1,3,-3.6536483764648438,2.681793451309204,6.335441827774048,0.8017836213111877,0.03781340271234512,-0.0007678240654058754,0.5364437699317932,0.08444909751415253,0.22735884804850323,0,0.0,0.040474528960223306,58,0.44279181957244873,0.9999999403953552,0.5275058638441122,0.9870753323485968,64.40441131591797,0.992245199409158,0.5327396392822266,0.9988921713441654,0.5327396392822266,0.9988921713441654,3.9803147444672504e-09,4.0994065919619516e-09,9.432673309106576e-09,0.9999998807907104,0.4427918493747711,0.26365533471107483,54,0.9605735540390015,0.8159138560295105,1.0,0.8159138560295105,0.7363446950912476,0.8159137964248657,4.656612873077393e-10,0.9999999403953552
GCN,125,1760,2,1,2,-2.5290167331695557,4.89573335647583,7.424750089645386,0.8660253286361694,0.03895721957087517,0.0,0.5435685515403748,0.08033736050128937,0.2209170140204623,0,0.0,0.04326587578506629,62,0.4848697781562805,0.9999999403953552,0.5355111775928005,0.9889217134416544,65.22991180419922,0.9940915805022157,0.5401948690414429,0.9988921713441654,0.5401948690414429,0.9988921713441654,0.0,2.9803231882397085e-08,5.960646376479417e-08,0.9999998807907104,0.4848697781562805,0.2534940242767334,57,0.9707659482955933,0.8133735656738281,1.0,0.8133735656738281,0.7465059757232666,0.8133735060691833,0.0,0.9999999403953552
GCN,125,1764,5,1,2,-2.5982718467712402,4.126727104187012,6.724998950958252,0.8660253286361694,0.04298344999551773,0.0,0.5141356587409973,0.08817246556282043,0.23796892762410005,0,0.0,0.041172365666434056,59,0.45804449915885925,0.9999999403953552,0.5072255483800058,0.9844903988183161,61.879638671875,0.9885524372230429,0.5105617642402649,0.9985228951255539,0.5105617642402649,0.9985228951255539,3.2261959770352178e-09,3.2844804653819892e-09,7.150351422069434e-09,0.9999998807907104,0.45804452896118164,0.2947941720485687,54,0.913355827331543,0.8236985206604004,1.0,0.8236985206604004,0.7052057981491089,0.8236985206604004,0.0,0.9999999403953552
GCN,125,1768,1,1,3,-2.1354284286499023,4.101676940917969,6.237105369567871,0.8017836213111877,0.0384545661509037,-0.0009507810464128852,0.5095300674438477,0.0658901184797287,0.20670708601743085,0,0.0,0.039078855547801813,56,0.4203276038169861,0.9999998807907104,0.5015825618166085,0.9844903988183161,60.988800048828125,0.9870753323485968,0.5058439373970032,0.9985228951255539,0.5058439373970032,0.9985228951255539,3.357931266378955e-09,3.0006262363713176e-08,6.018449738576237e-08,0.9999998807907104,0.4203275740146637,0.30101245641708374,52,0.6838627457618713,0.8252531290054321,1.0,0.8252531290054321,0.6989875435829163,0.8252531290054321,4.656612873077393e-10,0.9999998807907104
GCN,125,1771,1,1,3,-2.363614797592163,4.227725028991699,6.591339826583862,0.8017836213111877,0.02847922407090664,0.0,0.561488926410675,0.058493319898843765,0.1964759378552482,0,0.0,0.052337752965806,75,0.46436572074890137,0.9999999403953552,0.5491930199967912,0.990029542097489,67.20753479003906,0.9966765140324964,0.557924211025238,0.9988921713441654,0.557924211025238,0.9988921713441654,1.862645149230957e-09,2.990038794337124e-08,5.983110185070473e-08,0.9999998807907104,0.46436578035354614,0.22777873277664185,70,0.9246481657028198,0.8069446086883545,1.0,0.8069446086883545,0.7722212672233582,0.8069446682929993,0.0,0.9999999403953552
GCN,125,1777,1,1,5,-2.7197036743164062,2.9314541816711426,5.651157855987549,0.7071066498756409,0.02049332670867443,0.0,0.5552321076393127,0.040775638073682785,0.10837438423645321,0,0.0,0.06838799720865317,98,0.4052281081676483,0.9999998807907104,0.5441441882934888,0.9889217134416544,66.46942138671875,0.9944608567208272,0.5519463419914246,0.9988921713441654,0.5519463419914246,0.9988921713441654,3.5156655364687595e-09,3.00161957511591e-08,1.1953181910939747e-07,0.9999999403953552,0.4052281677722931,0.2358943223953247,93,0.7811740636825562,0.8089735507965088,1.0,0.8089735507965088,0.7641056776046753,0.8089735507965088,0.0,0.9999998807907104
GCN,125,1779,1,1,6,-2.2968180179595947,2.9477505683898926,5.244568586349487,0.6708203554153442,0.01649351790547371,0.0,0.577410876750946,0.03251941502094269,0.10837438423645321,0,0.0,0.08094905792044661,116,0.39997202157974243,0.9999999403953552,0.5644241378363295,0.9937223042836041,69.11248016357422,0.9970457902511078,0.5741122961044312,0.9996307237813885,0.5741122961044312,0.9996307237813885,4.725945856876024e-09,3.0194463818133954e-08,1.198341550434634e-07,0.9999999403953552,0.3999720811843872,0.2050090730190277,111,0.7636961936950684,0.8012522459030151,1.0,0.8012522459030151,0.7949908971786499,0.8012522459030151,0.0,0.9999999403953552
GCN,125,1781,1,1,5,-2.2263994216918945,3.437710762023926,5.66411018371582,0.7071066498756409,0.020358620211482048,0.0,0.5633673667907715,0.03798927366733551,0.10837438423645321,0,0.0,0.06908583391486392,99,0.4111887812614441,0.9999999403953552,0.5520253840808838,0.990029542097489,67.44304656982422,0.9966765140324964,0.5600629448890686,0.9988921713441654,0.5600629448890686,0.9988921713441654,4.3930397097824425e-09,5.435486283289492e-09,6.105202743356131e-08,0.9999998807907104,0.4111888110637665,0.22465477883815765,94,0.7433429956436157,0.8061636686325073,1.0,0.8061636686325073,0.7753452062606812,0.8061636686325073,0.0,0.9999999403953552
GCN,125,1783,1,1,2,-2.3910868167877197,3.7022957801818848,6.0933825969696045,0.8660253286361694,0.05284871533513069,0.0,0.4864295721054077,0.11507858335971832,0.3874573702159909,1,0.0,0.03349616189811584,48,0.4319547712802887,0.9999999403953552,0.4819890601986248,0.9763663220088626,58.36810302734375,0.9807976366322009,0.4827041029930115,0.9981536189069424,0.4827041029930115,0.9981536189069424,3.725290298461914e-09,3.7398137919808505e-09,8.649365668134124e-09,0.9999998807907104,0.4319548010826111,0.33496198058128357,43,0.9172983765602112,0.8337405323982239,1.0,0.8337405323982239,0.665037989616394,0.8337404727935791,0.0,0.9999999403953552
GCN,125,1786,1,1,3,-2.1585402488708496,4.322082996368408,6.480623245239258,0.8017836213111877,0.04280943050980568,-0.1264849752187729,0.5033406019210815,0.29741233587265015,0.8736263736263736,1,0.0,0.040474528960223306,58,0.4091989994049072,0.9999998807907104,0.486213977087374,0.9763663220088626,60.277488708496094,0.9848596750369276,0.4994867444038391,0.9985228951255539,0.4994867444038391,0.9985228951255539,3.896001743441957e-09,3.005770565778221e-08,1.1958628931552084e-07,0.9999999403953552,0.4091990292072296,0.3195188045501709,56,0.7213177680969238,0.8298797607421875,1.0,0.8298797607421875,0.6804811954498291,0.8298797011375427,9.313225746154785e-10,0.9999998807907104
GCN,125,1794,4,1,4,-2.2550528049468994,2.4610962867736816,4.716149091720581,0.7499998807907104,0.032362084835767746,-0.0017608004854992032,0.48268923163414,0.05863944813609123,0.1964759378552482,0,0.0,0.05792044661549198,83,0.372606486082077,0.9999999403953552,0.4810273714476077,0.9763663220088626,57.98855209350586,0.9796898079763663,0.47898489236831665,0.9981536189069424,0.47898489236831665,0.9981536189069424,5.26835597369768e-09,3.0085647750865974e-08,6.062149537910955e-08,0.9999998807907104,0.372606486082077,0.3375883102416992,80,0.6559672355651855,0.83439701795578,1.0,0.83439701795578,0.6624116897583008,0.8343970775604248,2.3283064365386963e-10,0.9999999403953552
GCN,125,1803,0,1,4,0.08529472351074219,3.7297542095184326,3.6444594860076904,0.7499998807907104,0.03411750867962837,0.0,0.4966946542263031,0.07415275275707245,0.21314892004547176,0,0.0,0.04884856943475227,70,0.3834017813205719,0.9999998807907104,0.4921678508893286,0.9763663220088626,59.67085266113281,0.982274741506647,0.4931279718875885,0.9981536189069424,0.4931279718875885,0.9981536189069424,5.963374238859842e-09,3.080587873682816e-08,6.298282073657901e-08,0.9999998807907104,0.3834017515182495,0.31839674711227417,65,0.8096562623977661,0.8295992016792297,1.0,0.8295992016792297,0.6816032528877258,0.8295992016792297,0.0,0.9999998807907104
GCN,125,1807,3,1,5,-3.494030237197876,2.6801953315734863,6.174225568771362,0.7071066498756409,0.027405831962823868,0.0,0.5646461248397827,0.062157079577445984,0.20310723758999621,0,0.0,0.06629448709002093,95,0.41168805956840515,0.9999998807907104,0.554777299301253,0.9911373707533235,67.54540252685547,0.9966765140324964,0.5614758729934692,0.9988921713441654,0.5614758729934692,0.9988921713441654,3.017829985907383e-09,2.996286951884031e-08,6.009341291246528e-08,0.9999998807907104,0.41168808937072754,0.22371336817741394,90,0.9055426120758057,0.8059283494949341,1.0,0.8059283494949341,0.7762866020202637,0.8059283494949341,0.0,0.9999998807907104
GCN,125,1809,3,1,3,-3.5396625995635986,4.071084976196289,7.610747575759888,0.8017836213111877,0.030296210199594498,-0.1414376199245453,0.5246248841285706,0.2579632103443146,0.8103448275862069,1,0.0,0.055826936496859735,80,0.4292137026786804,0.9999999403953552,0.5109771713114397,0.9844903988183161,62.87717819213867,0.9903988183161004,0.5213261842727661,0.9985228951255539,0.5213261842727661,0.9985228951255539,4.928095709288982e-09,3.020792505026293e-08,6.071115166150776e-08,0.9999998807907104,0.4292137026786804,0.2862352132797241,76,0.8405635952949524,0.8215588331222534,1.0,0.8215588331222534,0.7137647867202759,0.8215588331222534,4.656612873077393e-10,0.9999999403953552
GCN,125,1810,3,0,44,-9.48726749420166,-7.365617752075195,2.121649742126465,0.3061861991882324,0.007939254865050316,-0.012558314017951488,0.48668181896209717,0.015314236283302307,0.10837438423645321,0,0.0,0.2882065596650384,413,0.1536933034658432,0.9999999403953552,0.48355781162804945,0.9763663220088626,58.18714904785156,0.9807976366322009,0.4835958778858185,0.9981536189069424,0.4835958778858185,0.9981536189069424,1.8097995990729032e-08,3.663574688061999e-08,2.262647598172407e-07,0.9999999403953552,0.1536933332681656,0.330719530582428,412,0.28743934631347656,0.8326798677444458,1.0,0.8326798677444458,0.669280469417572,0.8326798677444458,2.982255276062773e-10,0.9999999403953552
GCN,125,1817,3,1,2,-2.899667263031006,4.527210712432861,7.426877975463867,0.8660253286361694,0.040711306035518646,0.0,0.5410550832748413,0.08439037203788757,0.22735884804850323,0,0.0,0.039078855547801813,56,0.48245754837989807,0.9999998807907104,0.5334499472544153,0.9881831610044313,64.91204833984375,0.9937223042836041,0.538101851940155,0.9988921713441654,0.538101851940155,0.9988921713441654,7.902533738501916e-09,4.165001232792065e-09,6.022657572657408e-08,0.9999998807907104,0.48245757818222046,0.25720787048339844,51,0.9712923765182495,0.8143019676208496,1.0,0.8143019676208496,0.7427921295166016,0.8143019676208496,0.0,0.9999998807907104
GCN,125,1822,3,1,2,-5.167061805725098,1.3271465301513672,6.494208335876465,0.8660253286361694,0.04931676387786865,0.0,0.4864170551300049,0.1079750508069992,0.3594164456233422,1,0.0,0.039078855547801813,56,0.432389497756958,0.9999999403953552,0.4825629981574076,0.9763663220088626,58.552974700927734,0.9811669128508124,0.48276007175445557,0.9981536189069424,0.48276007175445557,0.9981536189069424,7.392143785978078e-09,3.0526575045541904e-08,6.153207010584083e-08,0.9999998807907104,0.4323894679546356,0.3342927396297455,51,0.92229163646698,0.8335732221603394,1.0,0.8335732221603394,0.6657072305679321,0.8335731625556946,0.0,0.9999999403953552
GCN,125,1825,5,1,4,-3.4588165283203125,2.1380789279937744,5.596895456314087,0.7499998807907104,0.026812797412276268,-0.07795780897140503,0.5281630754470825,0.05160094052553177,0.17032967032967034,0,0.0,0.06071179344033496,87,0.40631940960884094,0.9999998807907104,0.5166420587196456,0.9859675036927622,63.286033630371094,0.9911373707533235,0.5250451564788818,0.9985228951255539,0.5250451564788818,0.9985228951255539,6.333678470582527e-09,3.0255442595716886e-08,6.097499749557755e-08,0.9999998807907104,0.40631943941116333,0.27765417098999023,84,0.7623330950737,0.8194135427474976,1.0,0.8194135427474976,0.7223458290100098,0.8194135427474976,1.4435969752923938e-08,0.9999998807907104
GCN,125,1829,5,1,5,-2.2432148456573486,2.7085516452789307,4.951766490936279,0.7071066498756409,0.027531038969755173,-0.0005992338410578668,0.5084201097488403,0.04101826995611191,0.10894278135657447,0,0.0,0.0628053035589672,90,0.3704613447189331,0.9999999403953552,0.5015094443807772,0.9844903988183161,60.848995208740234,0.9870753323485968,0.5047576427459717,0.9985228951255539,0.5047576427459717,0.9985228951255539,9.23137566388732e-09,9.51192280496116e-09,2.5678438930754055e-08,0.9999998807907104,0.3704613745212555,0.3014512062072754,87,0.5356267690658569,0.8253628015518188,1.0,0.8253628015518188,0.6985487937927246,0.8253628015518188,1.1641532182693481e-10,0.9999999403953552
GCN,125,1836,6,1,2,-1.8893191814422607,2.222026824951172,4.111346006393433,0.8660253286361694,0.05269947648048401,-0.0009779604151844978,0.44506680965423584,0.11876028031110764,0.39636225843122397,1,0.0,0.0418702023726448,60,0.39457711577415466,0.9999999403953552,0.44442292085161134,0.9612259970457903,53.52328109741211,0.9582717872968981,0.44088566303253174,0.9970457902511078,0.44088566303253174,0.9970457902511078,8.172322374377927e-09,3.098922363165002e-08,6.337003100043148e-08,0.9999998807907104,0.39457717537879944,0.3925085961818695,56,0.86860191822052,0.8481271266937256,1.0,0.8481271266937256,0.6074913740158081,0.8481271266937256,4.656612873077393e-10,0.9999999403953552
GCN,125,1838,0,1,4,2.178208827972412,6.410407543182373,4.232198715209961,0.7499998807907104,0.02996130846440792,-0.0023238160647451878,0.5327913761138916,0.05427160486578941,0.1883289124668435,0,0.0,0.05373342637822749,77,0.41176626086235046,0.9999999403953552,0.5213090980655689,0.9863367799113737,63.77493667602539,0.9918759231905465,0.5295438170433044,0.9988921713441654,0.5295438170433044,0.9988921713441654,5.7410578513383825e-09,3.037257556570694e-08,6.129504726004598e-08,0.9999998807907104,0.41176626086235046,0.2679709494113922,75,0.683283805847168,0.8169927597045898,1.0,0.8169927597045898,0.7320290803909302,0.8169927597045898,6.984919309616089e-10,0.9999999403953552
GCN,125,1841,0,1,5,2.971013069152832,6.858216285705566,3.8872032165527344,0.7071066498756409,0.02428826130926609,0.0,0.5580392479896545,0.04461868479847908,0.11708980674497915,0,0.0,0.051639916259595256,74,0.4070594608783722,0.9999999403953552,0.545800242864835,0.9889217134416544,66.8697509765625,0.9951994091580503,0.5551072955131531,0.9988921713441654,0.5551072955131531,0.9988921713441654,4.318365220967735e-09,3.012526406109828e-08,6.057909018863938e-08,0.9999998807907104,0.40705952048301697,0.23244106769561768,69,0.7248864769935608,0.808110237121582,1.0,0.808110237121582,0.7675589323043823,0.808110237121582,0.0,0.9999999403953552
GCN,125,1845,5,1,2,0.2705305814743042,4.746406555175781,4.475875973701477,0.8660253286361694,0.04723455011844635,0.0,0.49518170952796936,0.09944137930870056,0.31110269041303523,0,0.0,0.034193998604326585,49,0.44053176045417786,0.9999998807907104,0.4902870180353709,0.9763663220088626,59.39384078979492,0.982274741506647,0.49187925457954407,0.9981536189069424,0.49187925457954407,0.9981536189069424,7.213993846733047e-09,6.727959522834226e-09,1.526622206426964e-08,0.9999998807907104,0.44053176045417786,0.32175689935684204,44,0.9028229117393494,0.8304392695426941,1.0,0.8304392695426941,0.678243100643158,0.8304392099380493,0.0,0.9999998807907104
GCN,125,1852,3,1,2,-2.4961252212524414,4.767075538635254,7.263200759887695,0.8660253286361694,0.04241049662232399,0.0,0.5471697449684143,0.087956503033638,0.23796892762410005,0,0.0,0.041172365666434056,59,0.4877966046333313,0.9999998807907104,0.5377682061050718,0.9889217134416544,65.83316040039062,0.9944608567208272,0.5437946319580078,0.9988921713441654,0.5437946319580078,0.9988921713441654,2.1211881140459354e-09,5.961510396446101e-08,1.1923107479105965e-07,0.9999999403953552,0.4877966642379761,0.24898779392242432,54,0.9827594757080078,0.8122469186782837,1.0,0.8122469186782837,0.7510122060775757,0.8122469186782837,0.0,0.9999998807907104
GCN,125,1853,3,1,1,-2.9997196197509766,4.727159023284912,7.726878643035889,0.9486831426620483,0.07529958337545395,-0.003417602041736245,0.48010414838790894,0.16804833710193634,0.5744600227358848,1,0.0,0.027913468248429867,40,0.4640049934387207,0.9999999403953552,0.4747391354601811,0.9726735598227474,57.39360427856445,0.9778434268833087,0.47548016905784607,0.9981536189069424,0.47548016905784607,0.9981536189069424,7.450580596923828e-09,3.072041465657094e-08,6.171324429260494e-08,0.9999998807907104,0.4640049934387207,0.3478609323501587,36,0.9960211515426636,0.8369653224945068,1.0,0.8369653224945068,0.6521390676498413,0.8369652032852173,0.0,0.9999999403953552
GCN,125,1858,3,1,2,-3.680589199066162,4.579065322875977,8.259654521942139,0.8660253286361694,0.04219500720500946,0.0,0.5086117386817932,0.08845524489879608,0.23796892762410005,0,0.0,0.04396371249127704,63,0.4531558156013489,0.9999999403953552,0.5044706865042038,0.9844903988183161,61.448177337646484,0.9878138847858198,0.5058216452598572,0.9985228951255539,0.5058216452598572,0.9985228951255539,4.816837595456036e-09,3.0218689772709695e-08,6.061871715701272e-08,0.9999998807907104,0.4531558156013489,0.3023208975791931,58,0.9233779311180115,0.8255802989006042,1.0,0.8255802989006042,0.6976791024208069,0.8255802392959595,0.0,0.9999999403953552
GCN,125,1862,3,0,4,-6.490782737731934,-0.5327026844024658,5.958080053329468,0.7499998807907104,0.03824695572257042,-0.001332026906311512,0.4906512498855591,0.07595839351415634,0.21580143993937098,0,0.0,0.050942079553384506,73,0.378222793340683,0.9999998807907104,0.4846592038599749,0.9763663220088626,58.73590850830078,0.9819054652880355,0.48664677143096924,0.9981536189069424,0.48664677143096924,0.9981536189069424,6.4984364556153196e-09,3.0784754301294015e-08,6.300883370613519e-08,0.9999998807907104,0.3782227635383606,0.32760393619537354,69,0.7139639854431152,0.8319010734558105,1.0000001192092896,0.831900954246521,0.672396183013916,0.8319010734558105,0.0,0.9999998807907104
GCN,125,1866,3,1,2,-4.400445461273193,3.0221774578094482,7.422622919082642,0.8660253286361694,0.050968583673238754,-0.0024933686945587397,0.5023989677429199,0.11278632283210754,0.38006820765441457,1,0.0,0.03698534542916958,53,0.4464610517024994,0.9999999403953552,0.4960928038340279,0.9763663220088626,60.1121826171875,0.9848596750369276,0.4981031119823456,0.9985228951255539,0.4981031119823456,0.9985228951255539,1.2495003254286985e-08,1.236197011422746e-08,2.76838179047445e-08,0.9999998807907104,0.4464610815048218,0.3126280903816223,49,0.9353762865066528,0.8281569480895996,1.0,0.8281569480895996,0.6873719096183777,0.8281570076942444,0.0,0.9999999403953552
GCN,125,1870,3,1,4,-4.21246337890625,2.722447395324707,6.934910774230957,0.7499998807907104,0.035886626690626144,0.0,0.5773873925209045,0.07862374931573868,0.21883289124668434,0,0.0,0.04954640614096301,71,0.44603049755096436,0.9999999403953552,0.5668132240676924,0.9937223042836041,69.1517105102539,0.9970457902511078,0.5737612843513489,0.9996307237813885,0.5737612843513489,0.9996307237813885,5.4504254443088485e-09,5.964146509995771e-08,1.1929670051813446e-07,0.9999999403953552,0.44603055715560913,0.20705664157867432,66,0.9487452507019043,0.8017640709877014,1.0,0.8017640709877014,0.7929433584213257,0.8017641305923462,0.0,0.9999999403953552
GCN,125,1872,3,1,1,-2.755764961242676,5.258791923522949,8.014556884765625,0.9486831426620483,0.06322353333234787,0.0,0.47789597511291504,0.1386658400297165,0.4509283819628647,1,0.0,0.03279832519190509,47,0.4640049934387207,0.9999999403953552,0.475264046711754,0.9726735598227474,58.01207733154297,0.9796898079763663,0.4746829569339752,0.9981536189069424,0.4746829569339752,0.9981536189069424,0.0,2.9803231882397085e-08,5.960646376479417e-08,0.9999998807907104,0.4640049934387207,0.3478609621524811,42,0.9943636655807495,0.8369652628898621,1.0,0.8369652628898621,0.6521390676498413,0.8369652628898621,0.0,0.9999999403953552
GCN,125,1878,5,1,3,-1.615767002105713,3.953157663345337,5.56892466545105,0.8017836213111877,0.03861081600189209,0.0,0.5036199688911438,0.08942833542823792,0.2451686244789693,0,0.0,0.04675505931612003,67,0.4154302477836609,0.9999998807907104,0.49845523922244855,0.9763663220088626,60.47616195678711,0.9859675036927622,0.5002694129943848,0.9985228951255539,0.5002694129943848,0.9985228951255539,4.679837850574131e-09,3.0172014220397614e-08,6.066876778731967e-08,0.9999998807907104,0.4154302775859833,0.30915647745132446,62,0.935247004032135,0.8272891044616699,1.0,0.8272891044616699,0.6908435225486755,0.8272891044616699,0.0,0.9999998807907104
GCN,125,1879,5,1,4,-0.21345734596252441,4.269014358520508,4.482471704483032,0.7499998807907104,0.02803421951830387,-0.0008202655590139329,0.5312343835830688,0.058381885290145874,0.1964759378552482,0,0.0,0.0628053035589672,90,0.4107494652271271,0.9999998807907104,0.5216311987447558,0.9863367799113737,63.69023132324219,0.9918759231905465,0.5279951691627502,0.9985228951255539,0.5279951691627502,0.9985228951255539,2.5505320078167415e-09,3.1753866203132475e-09,7.831068238317584e-09,0.9999998807907104,0.4107494652271271,0.2697785496711731,86,0.8297302722930908,0.8174446821212769,1.0,0.8174446821212769,0.7302214503288269,0.8174446225166321,4.656612873077393e-10,0.9999998807907104
GCN,125,1881,5,1,5,-4.258325576782227,0.8196408748626709,5.0779664516448975,0.7071066498756409,0.03032173030078411,-0.00031420530285686255,0.5386613011360168,0.06049244850873947,0.2006441834028041,0,0.0,0.05512909979064899,79,0.39241155982017517,0.9999998807907104,0.5282144775434492,0.9870753323485968,64.37419128417969,0.992245199409158,0.5345708727836609,0.9988921713441654,0.5345708727836609,0.9988921713441654,8.90862494884459e-09,3.110620738766556e-08,1.213504106090113e-07,0.9999999403953552,0.39241161942481995,0.26006144285202026,75,0.7598851323127747,0.8150153160095215,1.0,0.8150153160095215,0.7399385571479797,0.8150153756141663,2.3283064365386963e-10,0.9999998807907104
GCN,125,1891,4,1,3,-1.8816018104553223,4.296769618988037,6.178371429443359,0.8017836213111877,0.03477390855550766,0.0,0.5475948452949524,0.0730295330286026,0.21295945433876468,0,0.0,0.045359385903698535,65,0.45235830545425415,0.9999999403953552,0.5383895322185949,0.9889217134416544,65.54938507080078,0.9940915805022157,0.5446067452430725,0.9988921713441654,0.5446067452430725,0.9988921713441654,3.2261959770352178e-09,2.994929815258729e-08,5.996277963049579e-08,0.9999998807907104,0.45235833525657654,0.24774666130542755,60,0.9220651388168335,0.8119366765022278,1.0,0.8119366765022278,0.7522533535957336,0.8119366765022278,0.0,0.9999999403953552
GCN,125,1899,5,1,5,-1.926764965057373,2.696572780609131,4.623337745666504,0.7071066498756409,0.03274163976311684,-0.000450402993010357,0.49508601427078247,0.05090383067727089,0.16331943918150815,0,0.0,0.061409630146545706,88,0.3602234125137329,0.9999998807907104,0.49108513497136963,0.9763663220088626,59.222320556640625,0.982274741506647,0.49096837639808655,0.9981536189069424,0.49096837639808655,0.9981536189069424,1.107843328185254e-08,1.1073539418759992e-08,3.072570464723867e-08,0.9999998807907104,0.3602234125137329,0.32075613737106323,85,0.5442715883255005,0.8301891088485718,1.0,0.8301891088485718,0.6792438626289368,0.830189049243927,1.1641532182693481e-10,0.9999998807907104
GCN,125,1901,5,1,6,-4.033463954925537,0.17677950859069824,4.210243463516235,0.6708203554153442,0.02412213571369648,-0.0002136195107595995,0.5103458166122437,0.04760940745472908,0.1330049261083744,0,0.0,0.0732728541521284,105,0.3529522716999054,0.9999999403953552,0.5026919793879508,0.9844903988183161,61.11865234375,0.9874446085672083,0.5071393251419067,0.9985228951255539,0.5071393251419067,0.9985228951255539,5.41049516300518e-09,5.415502712935449e-09,1.539962823926544e-08,0.9999998807907104,0.3529523015022278,0.29846638441085815,101,0.6756904125213623,0.8246166706085205,1.0,0.8246166706085205,0.7015336155891418,0.8246166110038757,1.1641532182693481e-10,0.9999999403953552
GCN,125,1904,5,1,3,-3.3768858909606934,1.3913590908050537,4.768244981765747,0.8017836213111877,0.03409658744931221,-0.0004058080376125872,0.5109619498252869,0.0707746148109436,0.21049640015157256,0,0.0,0.04884856943475227,70,0.42194342613220215,0.9999999403953552,0.5045113589801032,0.9844903988183161,61.150020599365234,0.9874446085672083,0.5070704817771912,0.9985228951255539,0.5070704817771912,0.9985228951255539,4.032745248849778e-09,5.973592465124966e-08,1.195759722349976e-07,0.9999998807907104,0.42194339632987976,0.29832541942596436,66,0.8503786325454712,0.8245814442634583,1.0,0.8245814442634583,0.7016745805740356,0.8245813846588135,2.3283064365386963e-10,0.9999999403953552
GCN,125,1906,4,1,5,-1.4043641090393066,3.4609179496765137,4.86528205871582,0.7071066498756409,0.022715983912348747,-0.00036987540079280734,0.542232871055603,0.03981306403875351,0.10837438423645321,0,0.0,0.06769016050244243,97,0.39557623863220215,0.9999998807907104,0.5344537453884121,0.9881831610044313,64.92110443115234,0.9937223042836041,0.5388747453689575,0.9988921713441654,0.5388747453689575,0.9988921713441654,3.783050317451853e-09,5.984200157627129e-08,1.1996304749573028e-07,0.9999999403953552,0.39557626843452454,0.2540941536426544,93,0.6719931364059448,0.813523530960083,1.0,0.813523530960083,0.745905876159668,0.813523530960083,0.0,0.9999998807907104
GCN,125,1909,0,1,6,0.1463484764099121,5.409872055053711,5.263523578643799,0.6708203554153442,0.02229304611682892,0.0,0.552834153175354,0.03087558224797249,0.10837438423645321,0,0.0,0.06838799720865317,98,0.3826022148132324,0.9999999403953552,0.5435812260697381,0.9889217134416544,66.13103485107422,0.9944608567208272,0.549435019493103,0.9988921713441654,0.549435019493103,0.9988921713441654,7.970837323512114e-09,6.011180175846675e-08,1.2092314705114404e-07,0.9999999403953552,0.3826023042201996,0.23953357338905334,93,0.5136258006095886,0.8098834156990051,1.0,0.8098834156990051,0.760466456413269,0.8098833560943604,0.0,0.9999999403953552
GCN,125,1911,5,1,4,-0.25043416023254395,4.533771991729736,4.78420615196228,0.7499998807907104,0.03258530795574188,0.0,0.5019330978393555,0.06127654016017914,0.2019704433497537,0,0.0,0.05512909979064899,79,0.3876202404499054,0.9999998807907104,0.4964538228668762,0.9763663220088626,60.154876708984375,0.9848596750369276,0.4983982443809509,0.9985228951255539,0.4983982443809509,0.9985228951255539,5.490065735358485e-09,3.0294835084987426e-08,1.200447741211974e-07,0.9999998807907104,0.387620210647583,0.31089723110198975,74,0.7079123258590698,0.8277243375778198,1.0,0.8277243375778198,0.6891027688980103,0.8277243375778198,0.0,0.9999998807907104
GCN,125,1913,0,1,4,1.8147194385528564,6.077298641204834,4.2625792026519775,0.7499998807907104,0.026215925812721252,0.0,0.507529616355896,0.048215627670288086,0.14153088291019325,0,0.0,0.06769016050244243,97,0.3924846351146698,0.9999999403953552,0.5023408572290166,0.9844903988183161,60.737178802490234,0.9867060561299852,0.5035218000411987,0.9985228951255539,0.5035218000411987,0.9985228951255539,5.853271645150926e-09,6.329397450599572e-09,6.17400317537431e-08,0.9999998807907104,0.3924846351146698,0.30224937200546265,92,0.7000759840011597,0.8255623579025269,1.0,0.8255623579025269,0.6977506279945374,0.8255623579025269,0.0,0.9999999403953552
GCN,125,1916,6,1,3,-0.38179290294647217,4.239626884460449,4.621419787406921,0.8017836213111877,0.0381162203848362,0.0,0.5058844685554504,0.07266384363174438,0.21182266009852216,0,0.0,0.03838101884159107,55,0.4173639416694641,0.9999999403953552,0.49959874443811925,0.9763663220088626,60.556373596191406,0.9859675036927622,0.5028418898582458,0.9985228951255539,0.5028418898582458,0.9985228951255539,2.9451006078318187e-09,5.989542728457309e-08,1.2004268512555427e-07,0.9999999403953552,0.4173640012741089,0.30594074726104736,50,0.7732448577880859,0.8264851570129395,1.0,0.8264851570129395,0.6940592527389526,0.8264851570129395,0.0,0.9999999403953552
GCN,125,1918,6,1,2,-0.23417210578918457,4.967282295227051,5.201454401016235,0.8660253286361694,0.09712883830070496,0.0,0.5100690722465515,0.21037879586219788,0.7046229632436529,1,0.0,0.01465457083042568,21,0.44538047909736633,0.9999998807907104,0.4940881512791377,0.9763663220088626,60.375850677490234,0.9852289512555391,0.5008491277694702,0.9985228951255539,0.5008491277694702,0.9985228951255539,9.943804002432444e-09,3.058600839267456e-08,6.156729170925246e-08,0.9999998807907104,0.44538044929504395,0.3142918050289154,16,0.9567828178405762,0.8285729289054871,1.0,0.8285729289054871,0.6857081651687622,0.8285729885101318,0.0,0.9999998807907104
GCN,125,1920,0,1,6,-0.05323922634124756,3.1640865802764893,3.217325806617737,0.6708203554153442,0.023431699723005295,-0.08740021288394928,0.5088364481925964,0.2579253911972046,0.8103448275862069,1,0.0,0.0718771807397069,103,0.3498481214046478,0.9999999403953552,0.49925441584690067,0.9763663220088626,60.903987884521484,0.9870753323485968,0.5054729580879211,0.9985228951255539,0.5054729580879211,0.9985228951255539,6.01766991792374e-09,3.0304676101877703e-08,6.163522670021848e-08,0.9999998807907104,0.34984809160232544,0.3046363592147827,100,0.6054542660713196,0.8261592388153076,1.0,0.8261592388153076,0.6953636407852173,0.8261591196060181,1.1641532182693481e-08,0.9999999403953552
GCN,125,1925,0,1,3,0.483736515045166,5.964237689971924,5.480501174926758,0.8017836213111877,0.033570628613233566,-0.03269975632429123,0.5058042407035828,0.06419608741998672,0.20500189465706706,0,0.0,0.055826936496859735,80,0.4165809750556946,0.9999999403953552,0.5008370426419337,0.9844903988183161,60.779624938964844,0.9867060561299852,0.5025336742401123,0.9985228951255539,0.5025336742401123,0.9985228951255539,3.259629011154175e-09,2.999541948156548e-08,6.014850839619612e-08,0.9999998807907104,0.41658100485801697,0.30724287033081055,77,0.7755123376846313,0.8268107175827026,1.0,0.8268107175827026,0.6927571296691895,0.8268107175827026,5.71503200319512e-09,0.9999999403953552
GCN,125,1931,3,1,3,-3.128903865814209,4.471269607543945,7.600173473358154,0.8017836213111877,0.02676834538578987,0.0,0.5598071217536926,0.0531560555100441,0.1816976127320955,0,0.0,0.05024424284717376,72,0.4630782902240753,0.9999999403953552,0.5492284271993865,0.990029542097489,67.10865020751953,0.9966765140324964,0.5564699769020081,0.9988921713441654,0.5564699769020081,0.9988921713441654,5.309355621818668e-09,3.024738148837969e-08,6.063961421887143e-08,0.9999998807907104,0.4630782902240753,0.22991982102394104,67,0.8913059234619141,0.8074800372123718,1.0,0.8074800372123718,0.7700802087783813,0.807479977607727,0.0,0.9999999403953552
GCN,125,1932,3,1,3,-3.2440061569213867,3.900424003601074,7.144430160522461,0.8017836213111877,0.03759780898690224,0.0,0.5219574570655823,0.07817302644252777,0.21750663129973474,0,0.0,0.04256803907885555,61,0.43078944087028503,0.9999998807907104,0.5173926542965376,0.9859675036927622,62.57295227050781,0.9903988183161004,0.5185997486114502,0.9985228951255539,0.5185997486114502,0.9985228951255539,6.195220336735474e-09,6.071480207481272e-09,1.4083160415623297e-08,0.9999998807907104,0.43078944087028503,0.2836148142814636,56,0.8701351881027222,0.8209037184715271,1.0,0.8209037184715271,0.7163851857185364,0.8209037184715271,0.0,0.9999998807907104
GCN,125,1936,3,1,5,-3.9137775897979736,1.9707552194595337,5.884532809257507,0.7071066498756409,0.024816513061523438,0.0,0.5554923415184021,0.04959432780742645,0.15289882531261842,0,0.0,0.05931612002791347,85,0.40516042709350586,0.9999998807907104,0.5464368972713912,0.9889217134416544,66.53857421875,0.9948301329394387,0.5522531270980835,0.9988921713441654,0.5522531270980835,0.9988921713441654,6.008654906963784e-09,3.017829897089541e-08,6.076194836168725e-08,0.9999998807907104,0.40516042709350586,0.23602205514907837,80,0.7849721908569336,0.809005618095398,1.0,0.809005618095398,0.7639779448509216,0.8090054988861084,0.0,0.9999998807907104
GCN,125,1938,3,1,1,-3.640564203262329,2.3961195945739746,6.036683797836304,0.9486831426620483,0.09287750720977783,0.0,0.3937721252441406,0.23328018188476562,0.7612732095490716,1,0.0,0.024424284717376135,35,0.37397539615631104,0.9999999403953552,0.39876660611363896,0.9268833087149188,49.19374084472656,0.9294682422451994,0.38709557056427,0.9863367799113737,0.38709557056427,0.9863367799113737,0.0,3.29272248356105e-10,1.1406325883811519e-09,0.9999998807907104,0.3739754259586334,0.474393755197525,30,0.9382820129394531,0.8685985207557678,1.0000001192092896,0.8685984015464783,0.5256063938140869,0.8685985803604126,0.0,0.9999999403953552
GCN,125,1942,3,1,3,-3.401379108428955,4.202986240386963,7.604365348815918,0.8017836213111877,0.03432358801364899,-0.0016813456313684583,0.5104023218154907,0.07004263997077942,0.21049640015157256,0,0.0,0.04954640614096301,71,0.42141297459602356,0.9999999403953552,0.5039981492099386,0.9844903988183161,61.21508026123047,0.9878138847858198,0.5068828463554382,0.9985228951255539,0.5068828463554382,0.9985228951255539,4.839293854530524e-09,4.574396417211801e-09,1.0921224813387198e-08,0.9999998807907104,0.42141300439834595,0.299207478761673,68,0.8177613019943237,0.8248018622398376,1.0,0.8248018622398376,0.7007925510406494,0.8248019218444824,2.3283064365386963e-10,0.9999999403953552
GCN,125,1947,3,1,4,-5.490536689758301,0.5690322518348694,6.05956894159317,0.7499998807907104,0.028092721477150917,-0.000910272472538054,0.535641074180603,0.055314354598522186,0.1896551724137931,0,0.0,0.05373342637822749,77,0.4141668677330017,0.9999999403953552,0.5286578723557639,0.9870753323485968,64.18492889404297,0.992245199409158,0.5326398611068726,0.9988921713441654,0.5326398611068726,0.9988921713441654,3.725290298461914e-09,3.015404104189656e-08,6.059865853558222e-08,0.9999998807907104,0.4141669273376465,0.2637031376361847,73,0.7910047173500061,0.8159258365631104,1.0,0.8159258365631104,0.7362968921661377,0.8159258365631104,2.3283064365386963e-10,0.9999999403953552
GCN,125,1959,5,0,5,-4.835806846618652,-0.4259214401245117,4.409885406494141,0.7071066498756409,0.02964317612349987,-0.0003061508759856224,0.49937039613723755,0.0560089573264122,0.19306555513452064,0,0.0,0.0628053035589672,90,0.3636581301689148,0.9999999403953552,0.49230669485662243,0.9763663220088626,59.74943542480469,0.982274741506647,0.4956642687320709,0.9985228951255539,0.4956642687320709,0.9985228951255539,6.71586253275791e-09,7.3295440827791936e-09,6.290936482855614e-08,0.9999998807907104,0.3636581301689148,0.31427958607673645,86,0.6671760678291321,0.8285699486732483,1.0,0.8285699486732483,0.6857204437255859,0.8285698890686035,1.1641532182693481e-10,0.9999999403953552
GCN,125,1961,5,1,3,-3.578087329864502,2.4347925186157227,6.012879848480225,0.8017836213111877,0.03412124142050743,0.0,0.4891042113304138,0.06510302424430847,0.20651762031072377,0,0.0,0.05512909979064899,79,0.4037763774394989,0.9999999403953552,0.48463606720774294,0.9763663220088626,58.541194915771484,0.9811669128508124,0.48546209931373596,0.9981536189069424,0.48546209931373596,0.9981536189069424,6.035659971814766e-09,6.111527284247131e-09,6.150253284431528e-08,0.9999998807907104,0.4037764072418213,0.32853639125823975,74,0.7482297420501709,0.8321341276168823,1.0,0.8321341276168823,0.6714636087417603,0.8321341276168823,0.0,0.9999999403953552
GCN,125,1962,5,1,3,-2.8893675804138184,2.6006884574890137,5.490056037902832,0.8017836213111877,0.0409243181347847,0.0,0.47562265396118164,0.08895386755466461,0.24156877605153468,0,0.0,0.0418702023726448,60,0.39186543226242065,0.9999999403953552,0.47313076822047706,0.9719350073855244,57.16677474975586,0.975258493353028,0.4716617465019226,0.9981536189069424,0.4716617465019226,0.9981536189069424,9.077409934832303e-09,8.228512982100256e-09,2.0995070570961616e-08,0.9999998807907104,0.39186543226242065,0.3483438491821289,55,0.8289018869400024,0.8370859622955322,1.0,0.8370859622955322,0.6516561508178711,0.8370859622955322,0.0,0.9999999403953552
GCN,125,1969,4,1,3,-3.0387983322143555,2.4435856342315674,5.482383966445923,0.8017836213111877,0.042418546974658966,0.0,0.524050235748291,0.0831192135810852,0.2233800682076544,0,0.0,0.03838101884159107,55,0.4320541322231293,0.9999999403953552,0.5172548256008748,0.9859675036927622,62.876502990722656,0.9903988183161004,0.520708441734314,0.9985228951255539,0.520708441734314,0.9985228951255539,9.289913727172916e-09,3.0942832296432243e-08,6.263712748477701e-08,0.9999998807907104,0.4320541024208069,0.28151172399520874,50,0.8233335018157959,0.8203779458999634,1.0,0.8203779458999634,0.7184882760047913,0.8203779458999634,0.0,0.9999999403953552
GCN,125,1972,6,1,3,-0.997918963432312,3.1516687870025635,4.1495877504348755,0.8017836213111877,0.03172735869884491,0.0,0.5067487955093384,0.062166135758161545,0.20310723758999621,0,0.0,0.05443126308443824,78,0.41865310072898865,0.9999999403953552,0.500627838774406,0.9844903988183161,60.74507141113281,0.9867060561299852,0.5034700036048889,0.9985228951255539,0.5034700036048889,0.9985228951255539,5.015325488244571e-09,3.019625793854175e-08,1.1977202518664853e-07,0.9999998807907104,0.41865307092666626,0.3037971258163452,73,0.7961041331291199,0.8259493708610535,1.0,0.8259493708610535,0.6962028741836548,0.8259493112564087,0.0,0.9999999403953552
GCN,125,1977,3,1,2,0.29144275188446045,4.78765344619751,4.496210694313049,0.8660253286361694,0.04147058352828026,0.0,0.5056707262992859,0.08748187124729156,0.2370215990905646,0,0.0,0.044661549197487785,64,0.4505830705165863,0.9999999403953552,0.4989200641739831,0.9763663220088626,60.51218032836914,0.9859675036927622,0.5018718838691711,0.9985228951255539,0.5018718838691711,0.9985228951255539,3.6666205627255977e-09,3.0027031527879444e-08,6.015589804064803e-08,0.9999998807907104,0.4505830407142639,0.3062818944454193,59,0.9237966537475586,0.8265705108642578,1.0,0.8265705108642578,0.6937180757522583,0.8265705108642578,0.0,0.9999999403953552
GCN,125,1983,0,1,4,0.1658099889755249,5.4515485763549805,5.285738587379456,0.7499998807907104,0.02255108952522278,-0.0010808601509779692,0.5501986145973206,0.046056777238845825,0.12542629784009093,0,0.0,0.06559665038381018,94,0.42583173513412476,0.9999998807907104,0.541101524612219,0.9889217134416544,65.90201568603516,0.9944608567208272,0.5470966100692749,0.9988921713441654,0.5470966100692749,0.9988921713441654,3.2261959770352178e-09,3.097610168367737e-09,6.004620445310138e-08,0.9999998807907104,0.42583170533180237,0.2429656684398651,90,0.8155556917190552,0.8107414245605469,1.0,0.8107414245605469,0.7570343017578125,0.8107414245605469,0.0,0.9999998807907104
GCN,125,1996,3,0,5,-8.400516510009766,-3.228224992752075,5.17229151725769,0.7071066498756409,0.035515155643224716,-0.0007237818208523095,0.5160643458366394,0.06932264566421509,0.20954907161803712,0,0.0,0.04396371249127704,63,0.37533921003341675,0.9999998807907104,0.5083859946640361,0.9844903988183161,61.6096076965332,0.9885524372230429,0.5120702981948853,0.9985228951255539,0.5120702981948853,0.9985228951255539,1.1557409251850004e-08,9.330671346674535e-09,6.457853629626698e-08,0.9999998807907104,0.37533921003341675,0.2922535240650177,59,0.7122789621353149,0.8230634927749634,1.0,0.8230634927749634,0.7077465057373047,0.8230633735656738,4.656612873077393e-10,0.9999998807907104
GCN,125,2004,3,1,4,-5.665515899658203,0.9389546513557434,6.6044705510139465,0.7499998807907104,0.029339484870433807,0.0,0.5481583476066589,0.053714461624622345,0.18226600985221675,0,0.0,0.04815073272854152,69,0.4238292872905731,0.9999999403953552,0.5385014475322172,0.9889217134416544,65.58512878417969,0.9940915805022157,0.5449243783950806,0.9988921713441654,0.5449243783950806,0.9988921713441654,5.227034804988762e-09,3.024648265181895e-08,6.083462977812815e-08,0.9999998807907104,0.4238292872905731,0.24652552604675293,64,0.7526722550392151,0.811631441116333,1.0,0.811631441116333,0.7534744739532471,0.8116313815116882,0.0,0.9999999403953552
GCN,125,2006,3,1,3,-6.183873176574707,0.42848634719848633,6.612359523773193,0.8017836213111877,0.043684832751750946,0.0,0.48483651876449585,0.08753757178783417,0.2370215990905646,0,0.0,0.03558967201674808,51,0.39923200011253357,0.9999998807907104,0.4793919382745956,0.9759970457902511,58.033447265625,0.9796898079763663,0.4807807505130768,0.9981536189069424,0.4807807505130768,0.9981536189069424,1.129168580860096e-08,3.178799090619577e-08,6.572685862238359e-08,0.9999998807907104,0.3992319703102112,0.33609360456466675,46,0.7789621353149414,0.8340234756469727,1.0,0.8340234756469727,0.6639063954353333,0.8340234160423279,0.0,0.9999998807907104
GCN,125,2010,0,1,4,0.00650477409362793,4.030562400817871,4.024057626724243,0.7499998807907104,0.028498560190200806,-0.0008370412979274988,0.5305753946304321,0.05812555178999901,0.1962864721485411,0,0.0,0.0628053035589672,90,0.4102023243904114,0.9999998807907104,0.5231033796083477,0.9863367799113737,63.53244400024414,0.991506646971935,0.5270105004310608,0.9985228951255539,0.5270105004310608,0.9985228951255539,3.0888476221235805e-09,2.99194162778349e-08,5.99373208842735e-08,0.9999998807907104,0.41020235419273376,0.2707512378692627,86,0.8116194605827332,0.8176877498626709,1.0,0.8176877498626709,0.7292487621307373,0.8176878094673157,4.656612873077393e-10,0.9999998807907104
GCN,125,2011,3,1,3,-1.807969570159912,4.934662342071533,6.742631912231445,0.8017836213111877,0.028305912390351295,-0.001179225044324994,0.5428518056869507,0.0554768405854702,0.19060250094732853,0,0.0,0.05512909979064899,79,0.4488665461540222,0.9999999403953552,0.5333936581420211,0.9881831610044313,65.02091979980469,0.9937223042836041,0.5397863984107971,0.9988921713441654,0.5397863984107971,0.9988921713441654,4.293184918680026e-09,4.6391175345661395e-09,6.050581191630044e-08,0.9999998807907104,0.4488665759563446,0.25355327129364014,76,0.8530471324920654,0.8133884072303772,1.0,0.8133884072303772,0.7464467287063599,0.8133883476257324,0.0,0.9999999403953552
GCN,125,2014,3,1,2,0.31147217750549316,5.426887512207031,5.115415334701538,0.8660253286361694,0.04926475137472153,0.0,0.5364130735397339,0.10348410904407501,0.3421750663129973,1,0.0,0.03558967201674808,51,0.4774264693260193,0.9999999403953552,0.5278340638692361,0.9870753323485968,64.29954528808594,0.992245199409158,0.5319074392318726,0.9988921713441654,0.5319074392318726,0.9988921713441654,6.089311277435172e-09,5.98922582639716e-08,1.1983952674654574e-07,0.9999998807907104,0.4774264395236969,0.2649537920951843,46,0.9758145809173584,0.8162384033203125,1.0,0.8162384033203125,0.7350462079048157,0.8162384629249573,0.0,0.9999999403953552
GCN,125,2015,6,1,3,0.31485044956207275,4.711309909820557,4.396459460258484,0.8017836213111877,0.027811935171484947,0.0,0.5487138628959656,0.05544862151145935,0.1896551724137931,0,0.0,0.05373342637822749,77,0.453801691532135,0.9999999403953552,0.5395469147556596,0.9889217134416544,65.71417999267578,0.9940915805022157,0.5455013513565063,0.9988921713441654,0.5455013513565063,0.9988921713441654,2.8610709357224096e-09,2.99845730467041e-08,6.004607655540894e-08,0.9999998807907104,0.4538016617298126,0.2453465759754181,72,0.8771272897720337,0.811336874961853,1.0000001192092896,0.8113367557525635,0.7546535730361938,0.8113367557525635,0.0,0.9999999403953552
GCN,125,2019,0,1,2,0.24196112155914307,4.27807092666626,4.036109805107117,0.8660253286361694,0.0535748191177845,-0.00030530584626831114,0.5063198804855347,0.11651144176721573,0.3901098901098901,1,0.0,0.03628750872295883,52,0.4497857093811035,1.0,0.5009732311353662,0.9844903988183161,60.695865631103516,0.9859675036927622,0.5019134283065796,0.9985228951255539,0.5019134283065796,0.9985228951255539,7.997995155051285e-09,7.98782195943204e-09,1.77519723365549e-08,0.9999998807907104,0.4497857689857483,0.3075094223022461,48,0.9535938501358032,0.8268774151802063,1.0,0.8268774151802063,0.6924905776977539,0.8268773555755615,0.0,1.0
GCN,125,2038,3,1,2,-2.029980421066284,3.5430119037628174,5.572992324829102,0.8660253286361694,0.05329085513949394,-0.0012831651838496327,0.46782386302948,0.11884979158639908,0.39636225843122397,1,0.0,0.03838101884159107,55,0.41503214836120605,0.9999999403953552,0.4614355984405394,0.96602658788774,56.1819953918457,0.9693500738552437,0.4633805751800537,0.9981536189069424,0.4633805751800537,0.9981536189069424,0.0,2.986138269989169e-08,5.972276539978338e-08,0.9999998807907104,0.41503211855888367,0.3610161542892456,51,0.9035636782646179,0.8402540683746338,1.0,0.8402540683746338,0.6389838457107544,0.8402540683746338,0.0,0.9999999403953552
GCN,125,2043,4,1,2,-2.0322372913360596,3.7103819847106934,5.742619276046753,0.8660253286361694,0.05481059476733208,0.0,0.4740726351737976,0.12290141731500626,0.40299355816597193,1,0.0,0.03977669225401256,57,0.42053577303886414,0.9999999403953552,0.46842963079112016,0.9675036927621861,56.63463592529297,0.9715657311669128,0.46933674812316895,0.9981536189069424,0.46933674812316895,0.9981536189069424,4.971902001216222e-09,4.977350531731872e-09,1.1868543481341476e-08,0.9999998807907104,0.42053577303886414,0.35254278779029846,52,0.9205934405326843,0.8381357192993164,1.0,0.8381357192993164,0.6474572420120239,0.8381357192993164,0.0,0.9999999403953552
GCN,125,2045,1,1,32,-2.2425763607025146,0.04268217086791992,2.2852585315704346,0.35355332493782043,0.008514117449522018,-0.0575050488114357,0.5322085618972778,0.02017822489142418,0.10837438423645321,0,0.0,0.22609909281228194,324,0.19377289712429047,0.9999999403953552,0.523911219071858,0.9863367799113737,63.65671920776367,0.9918759231905465,0.5288904309272766,0.9985228951255539,0.5288904309272766,0.9985228951255539,1.762452583875529e-08,1.4476281506858868e-08,7.471332708064438e-08,0.9999998807907104,0.19377291202545166,0.2692364454269409,323,0.44594377279281616,0.8173091411590576,1.0,0.8173091411590576,0.7307635545730591,0.8173091411590576,3.046880525658935e-09,0.9999999403953552
GCN,125,2051,0,1,3,1.0523366928100586,5.181641101837158,4.1293044090271,0.8017836213111877,0.03236551210284233,-0.034372225403785706,0.5148354172706604,0.0625319853425026,0.2032967032967033,0,0.0,0.051639916259595256,74,0.42417487502098083,1.0,0.5092227720023944,0.9844903988183161,61.70183563232422,0.9885524372230429,0.5115573406219482,0.9985228951255539,0.5115573406219482,0.9985228951255539,4.839293854530524e-09,3.0300203235356094e-08,6.100591321001048e-08,0.9999998807907104,0.42417487502098083,0.2946145534515381,72,0.7975269556045532,0.8236535787582397,1.0,0.8236535787582397,0.7053854465484619,0.8236536383628845,5.719772655510269e-09,1.0
GCN,125,2054,0,1,9,3.4598841667175293,6.406049728393555,2.9461655616760254,0.588348388671875,0.016404272988438606,-0.022632896900177002,0.5639218091964722,0.030137887224555016,0.10837438423645321,0,0.0,0.08234473133286811,118,0.3421116769313812,0.9999998807907104,0.5492781833489937,0.990029542097489,67.47444915771484,0.9966765140324964,0.5606712698936462,0.9988921713441654,0.5606712698936462,0.9988921713441654,7.468748286498794e-09,3.0980476850572813e-08,6.453719691990045e-08,0.9999998807907104,0.3421117067337036,0.2246958613395691,116,0.6095499396324158,0.8061739206314087,1.0,0.8061739206314087,0.7753041386604309,0.8061739802360535,1.4828680505729608e-09,0.9999998807907104
GCN,125,2055,0,1,4,1.2253103256225586,6.581075191497803,5.355764865875244,0.7499998807907104,0.027869440615177155,-0.03023044764995575,0.5333433747291565,0.05527951940894127,0.1896551724137931,0,0.0,0.05931612002791347,85,0.41155412793159485,0.9999999403953552,0.5245150108425853,0.9863367799113737,63.80146789550781,0.9918759231905465,0.5299498438835144,0.9988921713441654,0.5299498438835144,0.9988921713441654,5.26835597369768e-09,5.972094641037984e-08,1.1954554679505236e-07,0.9999999403953552,0.4115541875362396,0.26834797859191895,82,0.7934216856956482,0.8170870542526245,1.0,0.8170870542526245,0.731652021408081,0.8170869946479797,1.9441706911038636e-08,0.9999999403953552
GCN,125,2058,5,1,3,-3.904364824295044,1.781619906425476,5.68598473072052,0.8017836213111877,0.05248594656586647,0.0,0.43652957677841187,0.0962856188416481,0.29120879120879123,0,0.0,0.039078855547801813,56,0.3576551675796509,0.9999999403953552,0.4374251642255098,0.9597488921713442,52.26910400390625,0.9523633677991138,0.4317081868648529,0.9959379615952733,0.4317081868648529,0.9959379615952733,1.082099032601036e-08,1.1370624442008648e-08,3.179230034788816e-08,0.9999998807907104,0.3576551675796509,0.40523409843444824,51,0.6420801877975464,0.8513085842132568,1.0,0.8513085842132568,0.5947659015655518,0.8513085246086121,0.0,0.9999999403953552
GCN,125,2059,0,1,6,1.5319278240203857,5.523777484893799,3.991849660873413,0.6708203554153442,0.024539889767766,-0.0481613427400589,0.5074552297592163,0.046590764075517654,0.12788935202728305,0,0.0,0.07466852756454989,107,0.34969812631607056,0.9999999403953552,0.5012647012091048,0.9844903988183161,60.77467346191406,0.9867060561299852,0.5040447115898132,0.9985228951255539,0.5040447115898132,0.9985228951255539,8.198813183923903e-09,6.007662278761927e-08,1.8010130986567674e-07,0.9999999403953552,0.3496982157230377,0.3049342930316925,105,0.6266746520996094,0.8262335658073425,1.0,0.8262335658073425,0.6950657367706299,0.8262336254119873,2.2819778067173502e-08,0.9999999403953552
GCN,125,2071,2,1,8,0.6914836168289185,3.578805923461914,2.8873223066329956,0.6123723983764648,0.02076597884297371,-0.04044843465089798,0.5029948949813843,0.04301447421312332,0.1110269041303524,0,0.0,0.09909281228192603,142,0.3167637586593628,0.9999999403953552,0.4963799949909577,0.9763663220088626,60.148094177246094,0.9848596750369276,0.4995670020580292,0.9985228951255539,0.4995670020580292,0.9985228951255539,8.277775798148923e-09,7.673703450450375e-09,6.433018029383675e-08,0.9999998807907104,0.3167637884616852,0.3103024959564209,139,0.6380304098129272,0.8275756239891052,1.0,0.8275756239891052,0.6896975040435791,0.8275756239891052,1.5373876394164654e-08,0.9999999403953552
GCN,125,2072,0,1,3,2.449373960494995,6.836625099182129,4.387251138687134,0.8017836213111877,0.03359357640147209,-0.0006474449764937162,0.5306233167648315,0.06970211863517761,0.21030693444486548,0,0.0,0.045359385903698535,65,0.43832436203956604,1.0,0.5210280976123175,0.9863367799113737,63.56485366821289,0.991506646971935,0.5272020697593689,0.9985228951255539,0.5272020697593689,0.9985228951255539,2.9451006078318187e-09,2.9966489734079005e-08,6.002190389153839e-08,0.9999998807907104,0.4383244216442108,0.27108442783355713,62,0.88274085521698,0.8177711367607117,1.0,0.8177711367607117,0.7289155721664429,0.8177710771560669,1.1641532182693481e-10,1.0
GCN,125,2075,3,1,8,-3.644113779067993,1.3327044248580933,4.976818203926086,0.6123723983764648,0.019943196326494217,-0.00026256052660755813,0.5144373178482056,0.04332247003912926,0.1110269041303524,0,0.0,0.08583391486392185,123,0.3249386250972748,0.9999998807907104,0.5087526568312946,0.9844903988183161,61.56005859375,0.9881831610044313,0.5112197399139404,0.9985228951255539,0.5112197399139404,0.9985228951255539,7.819783043316875e-09,7.68429320174846e-09,2.3648894398320408e-08,0.9999998807907104,0.3249386250972748,0.2925032377243042,119,0.6843313574790955,0.8231258392333984,1.0,0.8231258392333984,0.7074967622756958,0.8231258392333984,1.1641532182693481e-10,0.9999998807907104
GCN,125,2082,1,1,2,-2.057615280151367,4.709113121032715,6.766728401184082,0.8660253286361694,0.09021378308534622,0.0,0.49444568157196045,0.19461196660995483,0.6530882910193255,1,0.0,0.021632937892533146,31,0.4326362609863281,0.9999999403953552,0.4860426589665732,0.9763663220088626,59.22434997558594,0.982274741506647,0.48654115200042725,0.9981536189069424,0.48654115200042725,0.9981536189069424,8.225217840163168e-09,3.091654221520912e-08,6.256502160795208e-08,0.9999998807907104,0.43263623118400574,0.33391284942626953,26,0.9237316250801086,0.8334782123565674,1.0,0.8334782123565674,0.6660871505737305,0.8334782123565674,0.0,0.9999999403953552
GCN,125,2087,1,1,2,-2.3431527614593506,3.3700833320617676,5.713236093521118,0.8660253286361694,0.04726164788007736,0.0,0.5021868348121643,0.09677077829837799,0.29120879120879123,0,0.0,0.03838101884159107,55,0.4468366801738739,0.9999998807907104,0.49580401873550595,0.9763663220088626,60.18482971191406,0.9848596750369276,0.498495876789093,0.9985228951255539,0.498495876789093,0.9985228951255539,2.7548894276918645e-09,3.0102761172656756e-08,6.036279387444665e-08,0.9999998807907104,0.4468366503715515,0.31204989552497864,50,0.8904945254325867,0.8280125260353088,1.0,0.8280125260353088,0.6879501342773438,0.8280124664306641,0.0,0.9999998807907104
GCN,125,2096,1,1,6,-1.8253859281539917,2.8217225074768066,4.647108435630798,0.6708203554153442,0.02250227890908718,-0.0009411330102011561,0.49685052037239075,0.04551086947321892,0.12182644941265632,0,0.0,0.0851360781577111,122,0.343672513961792,0.9999998807907104,0.49258638294869767,0.9763663220088626,59.43539810180664,0.982274741506647,0.49341246485710144,0.9981536189069424,0.49341246485710144,0.9981536189069424,8.078921531762262e-09,3.086828570530997e-08,1.2146375638621976e-07,0.9999999403953552,0.3436725437641144,0.3169110119342804,119,0.6539240479469299,0.8292278051376343,1.0,0.8292278051376343,0.683089017868042,0.8292278051376343,2.3283064365386963e-10,0.9999998807907104
GCN,125,2105,5,1,2,0.15341830253601074,5.49158239364624,5.3381640911102295,0.8660253286361694,0.04772282764315605,-0.002691103843972087,0.4628278315067291,0.10423322021961212,0.3421750663129973,1,0.0,0.041172365666434056,59,0.41118961572647095,0.9999999403953552,0.4591878723946771,0.96602658788774,55.45335388183594,0.96602658788774,0.45879027247428894,0.9974150664697193,0.45879027247428894,0.9974150664697193,7.092741505232425e-09,6.984919309616089e-09,6.199631030767705e-08,0.9999998807907104,0.41118961572647095,0.36693209409713745,56,0.8515893816947937,0.8417330980300903,1.0,0.8417330980300903,0.6330679059028625,0.8417330384254456,1.0412503081980162e-09,0.9999999403953552
GCN,125,2107,1,1,4,-1.1803579330444336,4.538832187652588,5.7191901206970215,0.7499998807907104,0.02664438635110855,-0.0004663903673645109,0.5281243324279785,0.05241208150982857,0.1733611216369837,0,0.0,0.0642009769713887,92,0.4084429442882538,0.9999998807907104,0.5202209655619212,0.9863367799113737,63.192012786865234,0.9911373707533235,0.5245742797851562,0.9985228951255539,0.5245742797851562,0.9985228951255539,4.5625303535246076e-09,2.954289701762036e-09,7.300555715517021e-09,0.9999998807907104,0.4084429442882538,0.2738790214061737,88,0.77915358543396,0.8184697031974792,1.0,0.8184697031974792,0.7261209487915039,0.818469762802124,2.3283064365386963e-10,0.9999998807907104
GCN,125,2113,2,1,6,-2.7284560203552246,2.5886571407318115,5.317113161087036,0.6708203554153442,0.02168796956539154,-0.03461632505059242,0.5545416474342346,0.040802087634801865,0.10837438423645321,0,0.0,0.06978367062107467,100,0.3830501139163971,0.9999998807907104,0.5443049941833739,0.9889217134416544,66.33680725097656,0.9944608567208272,0.5511055588722229,0.9988921713441654,0.5511055588722229,0.9988921713441654,7.377462196700435e-09,3.042340068759586e-08,6.169372568365361e-08,0.9999998807907104,0.3830501437187195,0.23864343762397766,96,0.6998482346534729,0.8096609115600586,1.0,0.8096609115600586,0.7613565921783447,0.8096609115600586,2.852175384759903e-08,0.9999998807907104
GCN,125,2120,4,1,5,-2.117126941680908,3.090229034423828,5.207355976104736,0.7071066498756409,0.03176762908697128,0.0,0.5005917549133301,0.0756344273686409,0.21580143993937098,0,0.0,0.06699232379623168,96,0.36437204480171204,0.9999999403953552,0.49564120159149905,0.9763663220088626,60.064720153808594,0.9848596750369276,0.4970925450325012,0.9985228951255539,0.4970925450325012,0.9985228951255539,5.509778855383729e-09,3.008384652503082e-08,1.1974194080721645e-07,0.9999999403953552,0.3643721044063568,0.3129332661628723,91,0.8427587747573853,0.8282333016395569,1.0,0.8282333016395569,0.6870667338371277,0.8282333016395569,0.0,0.9999999403953552
GCN,125,2122,4,1,10,-3.4326181411743164,0.21750259399414062,3.650120735168457,0.5669466257095337,0.015233490616083145,-0.053799107670784,0.5147110819816589,0.2297104299068451,0.7559681697612732,1,0.0,0.12630844382414516,181,0.3003476858139038,0.9999999403953552,0.508256923164917,0.9844903988183161,61.59849166870117,0.9885524372230429,0.5116608738899231,0.9985228951255539,0.5116608738899231,0.9985228951255539,1.0677259076885548e-08,3.1390715804491265e-08,1.236560080997151e-07,0.9999998807907104,0.3003476560115814,0.2936485707759857,178,0.5070579648017883,0.8234121799468994,1.0,0.8234121799468994,0.7063513994216919,0.8234121799468994,1.9208528101444244e-08,0.9999999403953552
GCN,125,2130,4,0,12,-3.8779101371765137,-0.8710286617279053,3.0068814754486084,0.5303300619125366,0.021718842908740044,0.0,0.4726506173610687,0.03807128965854645,0.10837438423645321,0,0.0,0.0928122819260293,133,0.25809675455093384,0.9999999403953552,0.46902206790508383,0.9675036927621861,56.51955795288086,0.9711964549483013,0.4691363275051117,0.9981536189069424,0.4691363275051117,0.9981536189069424,1.456634368679488e-08,1.946817818065938e-08,7.687230407782408e-08,0.9999998807907104,0.2580967843532562,0.3511040210723877,128,0.43938717246055603,0.8377760052680969,1.0,0.8377760052680969,0.6488959789276123,0.8377760052680969,0.0,0.9999999403953552
GCN,125,2131,0,1,3,1.6740260124206543,6.138982772827148,4.464956760406494,0.8017836213111877,0.034073006361722946,-0.0031951237469911575,0.5277372598648071,0.07312712073326111,0.21295945433876468,0,0.0,0.046057222609909285,66,0.43579551577568054,0.9999998807907104,0.5166302332286553,0.9859675036927622,63.161407470703125,0.9911373707533235,0.5238738059997559,0.9985228951255539,0.5238738059997559,0.9985228951255539,4.165001232792065e-09,3.0050490096300564e-08,6.025230447903596e-08,0.9999998807907104,0.43579548597335815,0.27528995275497437,63,0.8642656803131104,0.8188226222991943,1.0,0.8188226222991943,0.7247100472450256,0.8188225030899048,1.1641532182693481e-10,0.9999998807907104
GCN,125,2139,3,0,4,-6.308623313903809,-1.076984167098999,5.23163914680481,0.7499998807907104,0.0377153716981411,0.0,0.5090214014053345,0.08135790377855301,0.22167487684729065,0,0.0,0.0418702023726448,60,0.3926449418067932,0.9999999403953552,0.5051047982639175,0.9844903988183161,61.0535888671875,0.9874446085672083,0.5056169033050537,0.9985228951255539,0.5056169033050537,0.9985228951255539,9.336480033539374e-09,3.142523752330817e-08,6.478509106955244e-08,0.9999998807907104,0.3926449716091156,0.30196434259414673,55,0.8235284090042114,0.8254910707473755,1.0,0.8254910707473755,0.6980356574058533,0.8254910707473755,0.0,0.9999999403953552
GCN,125,2141,3,0,4,-7.325385570526123,-1.6778931617736816,5.647492408752441,0.7499998807907104,0.04076367989182472,0.0,0.4825197756290436,0.0913306176662445,0.26032588101553616,0,0.0,0.046057222609909285,66,0.37165161967277527,0.9999999403953552,0.4794143023040005,0.9759970457902511,57.75478744506836,0.9785819793205317,0.47862398624420166,0.9981536189069424,0.47862398624420166,0.9981536189069424,9.25483512048686e-09,7.085094289038807e-09,6.258494522626279e-08,0.9999998807907104,0.37165161967277527,0.33928585052490234,61,0.8108103275299072,0.8348214626312256,1.0,0.8348214626312256,0.6607141494750977,0.8348214626312256,0.0,0.9999999403953552
GCN,125,2153,4,1,3,0.3701668977737427,5.365878105163574,4.9957112073898315,0.8017836213111877,0.034706272184848785,0.0,0.5581335425376892,0.06674127280712128,0.20765441455096628,0,0.0,0.03698534542916958,53,0.461124062538147,0.9999999403953552,0.5465140922924719,0.9889217134416544,66.78204345703125,0.9951994091580503,0.5546043515205383,0.9988921713441654,0.5546043515205383,0.9988921713441654,3.951266869250958e-09,4.046165180682237e-09,8.819536212456569e-09,0.9999998807907104,0.46112409234046936,0.2331695407629013,48,0.8605613708496094,0.8082923889160156,1.0,0.8082923889160156,0.7668304443359375,0.8082923889160156,0.0,0.9999999403953552
GCN,125,2156,0,1,4,0.6942826509475708,4.546119689941406,3.8518370389938354,0.7499998807907104,0.028042687103152275,0.0,0.5262726545333862,0.05773330479860306,0.19552860932171276,0,0.0,0.05931612002791347,85,0.4069167375564575,0.9999998807907104,0.5190060764813311,0.9863367799113737,62.955238342285156,0.9903988183161004,0.5229827761650085,0.9985228951255539,0.5229827761650085,0.9985228951255539,5.529421365224607e-09,3.0150445695653616e-08,1.1974221081345604e-07,0.9999999403953552,0.4069167673587799,0.2765922546386719,80,0.8126036524772644,0.8191479444503784,1.0,0.8191479444503784,0.7234077453613281,0.819148063659668,0.0,0.9999998807907104
GCN,125,2157,6,1,5,-2.2557296752929688,0.9253740310668945,3.1811037063598633,0.7071066498756409,0.02939080260694027,-0.00037817651173099875,0.4751683473587036,0.05918480455875397,0.1991284577491474,0,0.0,0.06838799720865317,98,0.34592553973197937,0.9999998807907104,0.47075541985339914,0.9693500738552437,57.143306732177734,0.975258493353028,0.4721289873123169,0.9981536189069424,0.4721289873123169,0.9981536189069424,7.2738619572021435e-09,7.333241125451195e-09,2.1198900412855437e-08,0.9999998807907104,0.34592553973197937,0.34771642088890076,94,0.6765987873077393,0.8369290828704834,1.0,0.8369290828704834,0.6522835493087769,0.8369290828704834,2.3283064365386963e-10,0.9999998807907104
GCN,125,2158,6,1,1,-1.8012820482254028,2.3848507404327393,4.186132788658142,0.9486831426620483,0.07506507635116577,0.0,0.4224993884563446,0.17778348922729492,0.6000378931413414,1,0.0,0.02930914166085136,42,0.4069366157054901,1.0,0.4209579815090783,0.9494091580502215,52.2898063659668,0.9523633677991138,0.41857314109802246,0.9937223042836041,0.41857314109802246,0.9937223042836041,9.76779368500047e-09,9.770568354383613e-09,6.425795362474673e-08,0.9999998807907104,0.4069366753101349,0.42806798219680786,37,0.9492940902709961,0.857016921043396,1.0,0.857016921043396,0.5719320178031921,0.8570169806480408,0.0,1.0
GCN,125,2160,6,1,8,-2.329658269882202,0.4969797134399414,2.8266379833221436,0.6123723983764648,0.02421741932630539,-0.09237615019083023,0.488557368516922,0.043853357434272766,0.11405835543766578,0,0.0,0.08304256803907886,119,0.30589908361434937,0.9999998211860657,0.4780431477912127,0.9756277695716395,58.54765319824219,0.9811669128508124,0.4850837290287018,0.9981536189069424,0.4850837290287018,0.9981536189069424,6.6182903601941234e-09,1.2592780151976513e-08,4.1170828524172975e-08,0.9999998807907104,0.305899053812027,0.33395856618881226,115,0.5417590141296387,0.8334896564483643,1.0,0.8334896564483643,0.6660414338111877,0.8334896564483643,1.30385160446167e-08,0.9999998211860657
GCN,125,2164,6,1,3,-2.3770077228546143,1.2512469291687012,3.6282546520233154,0.8017836213111877,0.03696797415614128,0.0,0.48880288004875183,0.07388190925121307,0.21314892004547176,0,0.0,0.04884856943475227,70,0.4032577872276306,0.9999999403953552,0.48371924341983596,0.9763663220088626,58.678016662597656,0.9819054652880355,0.48548179864883423,0.9981536189069424,0.48548179864883423,0.9981536189069424,3.951266869250958e-09,3.0082944135756406e-08,6.044412259598175e-08,0.9999998807907104,0.4032578468322754,0.3293987512588501,65,0.783255398273468,0.8323496580123901,1.0,0.8323496580123901,0.6706012487411499,0.8323496580123901,0.0,0.9999999403953552
GCN,125,2165,6,1,3,-0.7786647081375122,3.6130969524383545,4.391761660575867,0.8017836213111877,0.030789891257882118,0.0,0.5356823801994324,0.062031373381614685,0.20310723758999621,0,0.0,0.05024424284717376,72,0.4427700936794281,0.9999999403953552,0.526339754936169,0.9863367799113737,64.07782745361328,0.9918759231905465,0.5319573879241943,0.9988921713441654,0.5319573879241943,0.9988921713441654,4.032745248849778e-09,4.039460765881131e-09,9.119883515040783e-09,0.9999998807907104,0.4427701234817505,0.2636914551258087,67,0.8653022050857544,0.8159229755401611,1.0,0.8159229755401611,0.7363085746765137,0.8159228563308716,0.0,0.9999999403953552
GCN,125,2166,5,1,2,-2.553765296936035,2.147891044616699,4.701656341552734,0.8660253286361694,0.08365887403488159,0.0,0.4822846055030823,0.19228298962116241,0.6494884425918909,1,0.0,0.034193998604326585,49,0.42293643951416016,0.9999998807907104,0.4781885079984121,0.9756277695716395,57.85445785522461,0.9793205317577548,0.477896124124527,0.9981536189069424,0.477896124124527,0.9981536189069424,1.862645149230957e-09,1.877140665129673e-09,5.976894357218043e-08,0.9999998807907104,0.42293643951416016,0.3488466739654541,44,0.959981381893158,0.8372116684913635,1.0,0.8372116684913635,0.6511533260345459,0.8372116684913635,0.0,0.9999998807907104
GCN,125,2172,0,1,5,3.3132855892181396,7.263899803161621,3.9506142139434814,0.7071066498756409,0.03074590116739273,-0.00021626640227623284,0.5400981903076172,0.059249792248010635,0.19950738916256158,0,0.0,0.05373342637822749,77,0.3934328854084015,0.9999999403953552,0.5256901564339913,0.9863367799113737,64.6070556640625,0.9929837518463811,0.5360527634620667,0.9988921713441654,0.5360527634620667,0.9988921713441654,1.4517882007680782e-08,1.035245755787173e-08,2.63274202438879e-08,0.9999998807907104,0.3934328854084015,0.25813573598861694,73,0.7359651923179626,0.8145339488983154,1.0,0.8145339488983154,0.7418642640113831,0.8145339488983154,1.1641532182693481e-10,0.9999999403953552
GCN,125,2177,3,1,4,0.9417881369590759,4.212145805358887,3.270357668399811,0.7499998807907104,0.060897283256053925,0.0,0.5063996911048889,0.1512964367866516,0.5178097764304661,1,0.0,0.05443126308443824,78,0.38746413588523865,0.9999999403953552,0.495359673645355,0.9763663220088626,59.983421325683594,0.9833825701624815,0.4984988272190094,0.9985228951255539,0.4984988272190094,0.9985228951255539,8.33000246558413e-09,3.0040567366995674e-08,1.1960815982092754e-07,0.9999998807907104,0.38746410608291626,0.3111747205257416,73,0.9435946941375732,0.8277937173843384,1.0,0.8277937173843384,0.688825249671936,0.8277937173843384,0.0,0.9999999403953552
GCN,125,2181,0,1,8,3.912241220474243,7.217268943786621,3.305027723312378,0.6123723983764648,0.027886133641004562,-0.00019525524112395942,0.5306974053382874,0.02823788858950138,0.10837438423645321,0,0.0,0.07606420097697139,109,0.33464398980140686,0.9999998807907104,0.518204939258332,0.9859675036927622,63.439308166503906,0.991506646971935,0.5263233184814453,0.9985228951255539,0.5263233184814453,0.9985228951255539,9.941078182862384e-09,1.2512887614946067e-08,3.738017539944849e-08,0.9999998807907104,0.33464398980140686,0.2713714838027954,105,0.32908377051353455,0.8178429007530212,1.0,0.8178429007530212,0.7286285161972046,0.8178428411483765,4.656612873077393e-10,0.9999998807907104
GCN,125,2189,0,1,6,1.1670019626617432,4.737229347229004,3.5702273845672607,0.6708203554153442,0.02135578542947769,-0.0010657005477696657,0.5298475623130798,0.03916089981794357,0.10837438423645321,0,0.0,0.0732728541521284,105,0.36667096614837646,0.9999999403953552,0.5209028165881353,0.9863367799113737,63.419525146484375,0.991506646971935,0.5265280604362488,0.9985228951255539,0.5265280604362488,0.9985228951255539,7.708066185330154e-09,3.0611694512572285e-08,6.257810269971742e-08,0.9999998807907104,0.36667099595069885,0.2711988687515259,102,0.6252293586730957,0.8177997469902039,1.0,0.8177997469902039,0.7288011312484741,0.8177996873855591,3.29272248356105e-10,0.9999999403953552
GCN,125,2195,0,1,4,-0.4574623107910156,3.2056941986083984,3.663156509399414,0.7499998807907104,0.03672810643911362,-0.0002848218136932701,0.4734801650047302,0.07063566148281097,0.21049640015157256,0,0.0,0.052337752965806,75,0.3650457262992859,0.9999998807907104,0.4698995481848955,0.9693500738552437,56.66238784790039,0.9715657311669128,0.47001349925994873,0.9981536189069424,0.47001349925994873,0.9981536189069424,5.185384566175344e-09,6.62647625659929e-09,1.8171792959265076e-08,0.9999998807907104,0.3650457262992859,0.3510296940803528,71,0.6829491853713989,0.837757408618927,1.0,0.837757408618927,0.6489703059196472,0.837757408618927,2.3283064365386963e-10,0.9999998807907104
GCN,125,2198,0,1,5,2.4595937728881836,6.5686421394348145,4.109048366546631,0.7071066498756409,0.023195473477244377,-0.029339127242565155,0.5428839325904846,0.04673055559396744,0.13111026904130352,0,0.0,0.06908583391486392,99,0.3953291177749634,0.9999999403953552,0.5332621726852288,0.9881831610044313,64.96894836425781,0.9937223042836041,0.5397530794143677,0.9988921713441654,0.5397530794143677,0.9988921713441654,4.94456875443916e-09,5.983475404036653e-08,1.7930139506461273e-07,0.9999999403953552,0.39532920718193054,0.2545599937438965,97,0.773374080657959,0.8136399984359741,1.0,0.8136399984359741,0.7454400062561035,0.8136399984359741,1.5156362831447723e-09,0.9999999403953552
GCN,125,2212,3,1,4,-2.7345738410949707,3.2138466835021973,5.948420524597168,0.7499998807907104,0.032489582896232605,-0.0004605653812177479,0.4965987801551819,0.0679832398891449,0.2084122773777946,0,0.0,0.056524773203070484,81,0.3834627568721771,0.9999999403953552,0.4911341066737089,0.9763663220088626,59.38386917114258,0.982274741506647,0.49299243092536926,0.9981536189069424,0.49299243092536926,0.9981536189069424,6.953805975484784e-09,3.0476812185042945e-08,6.187327983298019e-08,0.9999998807907104,0.38346272706985474,0.31828832626342773,77,0.7793357372283936,0.8295720815658569,1.0,0.8295720815658569,0.6817116737365723,0.8295720815658569,0.0,0.9999999403953552
GCN,125,2215,3,1,4,-3.110835075378418,3.441917896270752,6.55275297164917,0.7499998807907104,0.031249022111296654,-0.00036816761712543666,0.5109925270080566,0.06576761603355408,0.20670708601743085,0,0.0,0.055826936496859735,80,0.3947722613811493,0.9999999403953552,0.5046446956280537,0.9844903988183161,61.0969352722168,0.9874446085672083,0.5079350471496582,0.9985228951255539,0.5079350471496582,0.9985228951255539,5.83471937432023e-09,4.833689892791426e-09,1.2263603466067252e-08,0.9999998807907104,0.3947722613811493,0.29818251729011536,76,0.8065873384475708,0.8245456218719482,1.0,0.8245456218719482,0.701817512512207,0.8245456218719482,2.3283064365386963e-10,0.9999999403953552
GCN,125,2218,1,1,2,-1.164571762084961,4.130423545837402,5.294995307922363,0.8660253286361694,0.10057755559682846,0.0,0.420364111661911,0.2549343705177307,0.8033345964380447,1,0.0,0.027913468248429867,40,0.3616158068180084,0.9999998807907104,0.4158574193019484,0.948301329394387,49.825313568115234,0.9342688330871491,0.41007673740386963,0.9926144756277696,0.41007673740386963,0.9926144756277696,9.497663988611293e-09,1.0386439264209457e-08,2.874693905141612e-08,0.9999998807907104,0.3616158068180084,0.4432559609413147,35,0.922748863697052,0.8608140349388123,1.0,0.8608140349388123,0.5567440390586853,0.8608139753341675,0.0,0.9999998807907104
GCN,125,2224,4,1,8,-2.241936683654785,1.8457797765731812,4.087716460227966,0.6123723983764648,0.01864817552268505,-0.12117806077003479,0.5179311037063599,0.26211297512054443,0.8173550587343691,1,0.0,0.08932309839497557,128,0.3249140679836273,0.9999998807907104,0.5097175663184812,0.9844903988183161,62.00223922729492,0.9892909896602659,0.5147161483764648,0.9985228951255539,0.5147161483764648,0.9985228951255539,8.025061504213227e-09,3.1144526957405105e-08,6.580646783049815e-08,0.9999998807907104,0.3249140977859497,0.29255664348602295,125,0.4852263033390045,0.8231391906738281,1.0,0.8231391906738281,0.707443356513977,0.8231391906738281,2.3399189252870656e-09,0.9999998807907104
GCN,125,2228,6,1,6,-1.275543451309204,2.122796058654785,3.3983395099639893,0.6708203554153442,0.02134540118277073,0.0,0.5366806387901306,0.03723756968975067,0.10837438423645321,0,0.0,0.0718771807397069,103,0.37144115567207336,0.9999999403953552,0.5292102419065401,0.9870753323485968,64.26315307617188,0.992245199409158,0.5336653590202332,0.9988921713441654,0.5336653590202332,0.9988921713441654,5.548994597148749e-09,3.062408993059762e-08,6.254708040387413e-08,0.9999998807907104,0.37144118547439575,0.2617175281047821,98,0.6280573010444641,0.8154293894767761,1.0,0.8154293894767761,0.7382824420928955,0.8154293298721313,0.0,0.9999999403953552
GCN,125,2229,3,1,3,-2.8634586334228516,2.8623709678649902,5.725829601287842,0.8017836213111877,0.04354128986597061,0.0,0.45932209491729736,0.09085710346698761,0.24838954149298978,0,0.0,0.04815073272854152,69,0.3779639005661011,0.9999999403953552,0.4570304674973269,0.9656573116691285,55.123008728027344,0.9645494830132939,0.4558402895927429,0.9974150664697193,0.4558402895927429,0.9974150664697193,4.6566128730773926e-09,4.861646640819117e-09,1.2845858599064286e-08,0.9999998807907104,0.3779639005661011,0.37146151065826416,64,0.7684792280197144,0.8428653478622437,1.0,0.8428653478622437,0.6285384893417358,0.8428653478622437,0.0,0.9999999403953552
GCN,125,2231,0,1,2,-1.6855497360229492,4.0524749755859375,5.738024711608887,0.8660253286361694,0.04434539005160332,-0.00033846046426333487,0.4752947688102722,0.09095539897680283,0.25142099280030317,0,0.0,0.04256803907885555,61,0.42293643951416016,0.9999998807907104,0.4731254928112613,0.9719350073855244,57.19341278076172,0.9759970457902511,0.4720863401889801,0.9981536189069424,0.4720863401889801,0.9981536189069424,5.83471937432023e-09,4.478586834721909e-09,6.053654999504943e-08,0.9999998807907104,0.42293643951416016,0.3488466739654541,57,0.8442549705505371,0.8372116684913635,1.0,0.8372116684913635,0.6511533260345459,0.8372116684913635,0.0,0.9999998807907104
GCN,125,2232,0,1,3,2.4759206771850586,6.8616414070129395,4.385720729827881,0.8017836213111877,0.03898736834526062,-0.00027782420511357486,0.506027340888977,0.08238044381141663,0.22300113679424025,0,0.0,0.04256803907885555,61,0.41738566756248474,0.9999999403953552,0.4957786069715989,0.9763663220088626,60.55239486694336,0.9859675036927622,0.5024224519729614,0.9985228951255539,0.5024224519729614,0.9985228951255539,5.890201215663637e-09,3.0382391713601464e-08,6.127547891310314e-08,0.9999998807907104,0.41738566756248474,0.30590471625328064,57,0.8572970032691956,0.8264762163162231,1.0,0.8264762163162231,0.694095253944397,0.8264762163162231,1.1641532182693481e-10,0.9999999403953552
GCN,125,2235,5,1,3,-4.265503883361816,1.529294490814209,5.794798374176025,0.8017836213111877,0.043063580989837646,-0.15628038346767426,0.46994227170944214,0.3257327973842621,0.9058355437665783,1,0.0,0.04675505931612003,67,0.37998926639556885,0.9999998807907104,0.4547614112898642,0.9627031019202363,56.24045181274414,0.9693500738552437,0.46576443314552307,0.9981536189069424,0.46576443314552307,0.9981536189069424,7.494109333094912e-09,7.555345682419556e-09,1.9890777025466377e-08,0.9999998807907104,0.37998926639556885,0.36809343099594116,64,0.7160329818725586,0.8420234322547913,1.0,0.8420234322547913,0.6319065690040588,0.8420233726501465,6.535867402845952e-09,0.9999998807907104
GCN,125,2249,4,1,6,-3.6270956993103027,1.358189344406128,4.985285043716431,0.6708203554153442,0.019440261647105217,0.0,0.5636090636253357,0.03830103576183319,0.10837438423645321,0,0.0,0.0718771807397069,103,0.39024901390075684,0.9999999403953552,0.5534812545065955,0.990029542097489,67.47029113769531,0.9966765140324964,0.5605812072753906,0.9988921713441654,0.5605812072753906,0.9988921713441654,4.586231838743515e-09,3.0191770861165423e-08,1.198581003336585e-07,0.9999999403953552,0.3902490735054016,0.2243346869945526,98,0.7448909282684326,0.8060836791992188,1.0,0.8060836791992188,0.775665283203125,0.8060836791992188,0.0,0.9999999403953552
GCN,125,2264,4,1,1,-0.2400280237197876,4.548758506774902,4.78878653049469,0.9486831426620483,0.07057054340839386,0.0,0.40369701385498047,0.16705915331840515,0.5702917771883289,1,0.0,0.03210048848569435,46,0.3890523910522461,0.9999999403953552,0.4057679434068182,0.931314623338257,48.97819519042969,0.9261447562776958,0.3991028666496277,0.9881831610044313,0.3991028666496277,0.9881831610044313,0.0,5.206251540990081e-10,1.0412503081980162e-09,0.9999998807907104,0.3890524208545685,0.4532034993171692,41,0.9066163301467896,0.8633008003234863,0.9999999403953552,0.8633008599281311,0.546796441078186,0.8633008003234863,0.0,0.9999999403953552
GCN,125,2274,0,1,3,-0.8011388778686523,3.81571626663208,4.616855144500732,0.8017836213111877,0.03593374043703079,0.0,0.5343886613845825,0.07567957043647766,0.21580143993937098,0,0.0,0.041172365666434056,59,0.4412800073623657,0.9999998807907104,0.524537936734193,0.9863367799113737,63.877628326416016,0.9918759231905465,0.5306493639945984,0.9988921713441654,0.5306493639945984,0.9988921713441654,3.2261959770352178e-09,2.8036521992902408e-09,6.270570285238364e-09,0.9999998807907104,0.4412800073623657,0.2661694288253784,54,0.902382493019104,0.816542387008667,1.0,0.816542387008667,0.7338305711746216,0.816542387008667,0.0,0.9999998807907104
GCN,125,2279,2,1,3,-4.854986190795898,1.899829387664795,6.754815578460693,0.8017836213111877,0.0312647819519043,-0.0008594319224357605,0.5093981027603149,0.061291150748729706,0.2019704433497537,0,0.0,0.05722260990928123,82,0.420864462852478,0.9999998807907104,0.5042900575491691,0.9844903988183161,60.94761276245117,0.9870753323485968,0.5060889720916748,0.9985228951255539,0.5060889720916748,0.9985228951255539,4.883896842500235e-09,4.889443516731262e-09,1.1613780159791531e-08,0.9999998807907104,0.420864462852478,0.30011966824531555,78,0.7846745848655701,0.8250299096107483,1.0,0.8250299096107483,0.6998803615570068,0.8250299692153931,4.656612873077393e-10,0.9999998807907104
GCN,125,2288,5,1,3,-1.8700027465820312,3.399773120880127,5.269775867462158,0.8017836213111877,0.040046680718660355,0.0,0.48178187012672424,0.07847211509943008,0.21750663129973474,0,0.0,0.04396371249127704,63,0.3970943093299866,0.9999999403953552,0.47698624329552985,0.9745199409158051,57.64143753051758,0.9782127031019202,0.4776281714439392,0.9981536189069424,0.4776281714439392,0.9981536189069424,6.035659971814766e-09,6.058072710146689e-09,1.523518733392848e-08,0.9999998807907104,0.39709433913230896,0.3396483361721039,58,0.7569312453269958,0.8349120616912842,1.0,0.8349120616912842,0.6603516340255737,0.8349120616912842,0.0,0.9999999403953552
GCN,125,2293,0,1,3,-0.4619000554084778,3.8450660705566406,4.306966125965118,0.8017836213111877,0.03955579921603203,0.0,0.5080816745758057,0.07283517718315125,0.21295945433876468,0,0.0,0.03977669225401256,57,0.41905033588409424,0.9999999403953552,0.501603268068716,0.9844903988183161,60.78150177001953,0.9867060561299852,0.5044606328010559,0.9985228951255539,0.5044606328010559,0.9985228951255539,5.587935447692871e-09,3.037971652020133e-08,6.124843565658011e-08,0.9999998807907104,0.4190503656864166,0.30313640832901,52,0.7501043677330017,0.8257840871810913,1.0,0.8257840871810913,0.69686359167099,0.8257840871810913,0.0,0.9999999403953552
GCN,125,2297,4,1,3,-2.9455087184906006,2.0380795001983643,4.983588218688965,0.8017836213111877,0.05695796385407448,0.0,0.437400758266449,0.078117236495018,0.21750663129973474,0,0.0,0.03977669225401256,57,0.35765519738197327,0.9999999403953552,0.4372523833221338,0.9593796159527327,52.49861145019531,0.9534711964549483,0.43232062458992004,0.9959379615952733,0.43232062458992004,0.9959379615952733,6.2475016271434924e-09,3.046524810201845e-08,6.217480574832734e-08,0.9999998807907104,0.35765522718429565,0.40523403882980347,52,0.48098236322402954,0.8513085246086121,1.0,0.8513085246086121,0.5947659611701965,0.8513085246086121,0.0,0.9999999403953552
GCN,125,2299,4,1,2,-2.3123154640197754,3.333031177520752,5.645346641540527,0.8660253286361694,0.04767318069934845,0.0,0.46487048268318176,0.10465028882026672,0.34444865479348236,1,0.0,0.04326587578506629,62,0.41316986083984375,0.9999998807907104,0.4648227366338025,0.9663958641063516,56.06752014160156,0.9686115214180206,0.4612964391708374,0.9977843426883308,0.4612964391708374,0.9977843426883308,7.623203401863066e-09,7.161198301020022e-09,1.7326524215377503e-08,0.9999998807907104,0.41316986083984375,0.3638833165168762,57,0.8837489485740662,0.8409708142280579,1.0,0.8409708142280579,0.6361166834831238,0.8409708142280579,0.0,0.9999998807907104
GCN,125,2302,3,1,2,-2.25850248336792,4.249906539916992,6.508409023284912,0.8660253286361694,0.03836897388100624,0.0,0.5303018093109131,0.07993949949741364,0.22034861690034105,0,0.0,0.0418702023726448,60,0.47300446033477783,0.9999999403953552,0.5221519626142568,0.9863367799113737,63.453304290771484,0.991506646971935,0.5268204808235168,0.9985228951255539,0.5268204808235168,0.9985228951255539,3.8399412538581146e-09,3.006762483437342e-08,6.019702425419382e-08,0.9999998807907104,0.47300446033477783,0.2717618942260742,55,0.9568302631378174,0.8179404735565186,1.0,0.8179404735565186,0.7282381057739258,0.8179404735565186,0.0,0.9999999403953552
GCN,125,2310,3,1,2,-0.4561361074447632,3.6973977088928223,4.1535338163375854,0.8660253286361694,0.05637802183628082,-0.05397597327828407,0.4587821960449219,0.12494729459285736,0.4041303524062145,1,0.0,0.034891835310537335,50,0.4033598303794861,0.9999998211860657,0.44697913110371806,0.9612259970457903,55.06816101074219,0.9645494830132939,0.4541535973548889,0.9974150664697193,0.4541535973548889,0.9974150664697193,8.535712581192456e-09,9.812092471861433e-09,6.437750954546573e-08,0.9999998807907104,0.4033598303794861,0.3789868652820587,46,0.8805503249168396,0.8447467088699341,1.0,0.8447467088699341,0.6210131645202637,0.8447467088699341,8.847564458847046e-09,0.9999998211860657
GCN,125,2316,3,1,1,-2.5459485054016113,2.3211021423339844,4.867050647735596,0.9486831426620483,0.08433899283409119,0.0,0.4350765347480774,0.2012418508529663,0.6822660098522167,1,0.0,0.020237264480111653,29,0.4175977408885956,0.9999999403953552,0.43509541194121354,0.9556868537666174,52.025146484375,0.9516248153618907,0.4289158880710602,0.9951994091580503,0.4289158880710602,0.9951994091580503,1.3301947099364497e-08,1.330398458065929e-08,3.185689578799611e-08,0.9999998807907104,0.41759777069091797,0.4130842685699463,24,0.9848650693893433,0.8532710075378418,1.0,0.8532710075378418,0.5869157314300537,0.8532710671424866,0.0,0.9999999403953552
GCN,125,2318,1,1,2,-0.9817238450050354,5.85068941116333,6.8324132561683655,0.8660253286361694,0.04087688401341438,0.0,0.4899178743362427,0.08289140462875366,0.2233800682076544,0,0.0,0.04326587578506629,62,0.43647703528404236,0.9999998807907104,0.4863239119626829,0.9763663220088626,58.74470901489258,0.9819054652880355,0.48624053597450256,0.9981536189069424,0.48624053597450256,0.9981536189069424,5.963374238859842e-09,3.056473119045222e-08,6.159906718039565e-08,0.9999998807907104,0.43647700548171997,0.3279995620250702,57,0.8603706955909729,0.8319998979568481,1.0,0.8319998979568481,0.6720004081726074,0.8319998979568481,0.0,0.9999998807907104
GCN,125,2320,3,1,2,-0.765091061592102,5.807197570800781,6.572288632392883,0.8660253286361694,0.0470731146633625,0.0,0.5014265179634094,0.10087285935878754,0.3266388783630163,1,0.0,0.03698534542916958,53,0.4461733400821686,0.9999999403953552,0.49311041209662626,0.9763663220088626,60.18917465209961,0.9848596750369276,0.49726206064224243,0.9985228951255539,0.49726206064224243,0.9985228951255539,5.185384566175344e-09,3.0163928244064664e-08,6.051148915275917e-08,0.9999998807907104,0.4461733400821686,0.3130711317062378,48,0.9305490255355835,0.8282678127288818,1.0,0.8282678127288818,0.6869288682937622,0.8282678127288818,0.0,0.9999999403953552
GCN,125,2321,0,1,2,1.281646490097046,6.267209529876709,4.985563039779663,0.8660253286361694,0.04849979281425476,-0.000532094738446176,0.4831981062889099,0.10407818853855133,0.3421750663129973,1,0.0,0.03768318213538032,54,0.4295608401298523,0.9999999403953552,0.4796737513606594,0.9759970457902511,57.8626708984375,0.9793205317577548,0.47910618782043457,0.9981536189069424,0.47910618782043457,0.9981536189069424,7.508562660518692e-09,6.988798872953339e-09,1.6257809321018613e-08,0.9999998807907104,0.4295608401298523,0.3386476933956146,50,0.8979986310005188,0.8346619606018066,1.0,0.8346619606018066,0.661352276802063,0.8346619009971619,0.0,0.9999999403953552
GCN,125,2330,0,1,3,0.9668129682540894,6.4338836669921875,5.467070698738098,0.8017836213111877,0.034849558025598526,-0.000955066061578691,0.4944094121456146,0.07249089330434799,0.21163319439181508,0,0.0,0.051639916259595256,74,0.40808919072151184,0.9999998807907104,0.48874160427677693,0.9763663220088626,59.264747619628906,0.982274741506647,0.49060630798339844,0.9981536189069424,0.49060630798339844,0.9981536189069424,5.26835597369768e-09,5.242568601460107e-09,1.2800013493574625e-08,0.9999998807907104,0.40808919072151184,0.3213644027709961,70,0.8076953887939453,0.8303411602973938,1.0,0.8303411602973938,0.6786355972290039,0.830341100692749,4.656612873077393e-10,0.9999998807907104
GCN,125,2331,1,1,2,-1.8817191123962402,4.154783248901367,6.036502361297607,0.8660253286361694,0.055538635700941086,0.0,0.4831660985946655,0.1243894100189209,0.4041303524062145,1,0.0,0.03279832519190509,47,0.4286471903324127,0.9999999403953552,0.4798993559218765,0.9759970457902511,57.86952590942383,0.9793205317577548,0.4787382483482361,0.9981536189069424,0.4787382483482361,0.9981536189069424,6.177695244247161e-09,3.0153142205335826e-08,6.0556530456779e-08,0.9999998807907104,0.4286471903324127,0.34005439281463623,42,0.9371631741523743,0.8350136280059814,1.0,0.8350136280059814,0.6599456071853638,0.8350136280059814,0.0,0.9999999403953552
GCN,125,2337,4,1,1,-3.3507654666900635,2.846877336502075,6.197642803192139,0.9486831426620483,0.08601745963096619,-0.002175829140469432,0.41744112968444824,0.1852201521396637,0.6218264494126563,1,0.0,0.0209351011863224,30,0.3993415832519531,0.9999999403953552,0.4143742880951763,0.9479320531757754,49.769893646240234,0.9335302806499262,0.40894556045532227,0.9926144756277696,0.40894556045532227,0.9926144756277696,7.450580596923828e-09,3.049903796181752e-08,6.177337041890496e-08,0.9999998807907104,0.3993415832519531,0.43874257802963257,26,0.8395986557006836,0.8596856594085693,1.0,0.8596856594085693,0.5612574219703674,0.8596856594085693,9.313225746154785e-10,0.9999999403953552
GCN,125,2341,4,1,1,-3.2446799278259277,2.2734217643737793,5.518101692199707,0.9486831426620483,0.14220845699310303,0.0,0.38591548800468445,0.3204815089702606,0.9012883668056082,1,0.0,0.015352407536636426,22,0.34868329763412476,0.9999999403953552,0.38439728199333306,0.9124815361890695,45.05318832397461,0.8788774002954209,0.37070104479789734,0.98301329394387,0.37070104479789734,0.98301329394387,0.0,2.3283064365386963e-10,4.656612873077393e-10,0.9999998807907104,0.34868329763412476,0.5099406242370605,17,0.8250702023506165,0.8774851560592651,1.0,0.8774851560592651,0.49005937576293945,0.8774851560592651,0.0,0.9999999403953552
GCN,125,2342,0,1,1,1.2736237049102783,5.699789524078369,4.426165819168091,0.9486831426620483,0.07826709002256393,-0.0012618416221812367,0.3903300166130066,0.1909552812576294,0.6451307313376279,1,0.0,0.028611304954640614,41,0.37397536635398865,0.9999999403953552,0.3956453437455983,0.9268833087149188,47.1599006652832,0.9102658788774003,0.3850845396518707,0.9863367799113737,0.3850845396518707,0.9863367799113737,1.580506747700383e-08,1.5888879545400414e-08,4.247981877369966e-08,0.9999998807907104,0.37397539615631104,0.47439366579055786,38,0.9034531116485596,0.8685983419418335,1.0,0.8685983419418335,0.5256063342094421,0.8685984015464783,0.0,0.9999999403953552
GCN,125,2346,3,1,3,-2.9615960121154785,4.246520042419434,7.208116054534912,0.8017836213111877,0.035053856670856476,0.0,0.5277019143104553,0.07042914628982544,0.21049640015157256,0,0.0,0.04326587578506629,62,0.43579551577568054,0.9999998807907104,0.5192909832421179,0.9863367799113737,63.15468215942383,0.9911373707533235,0.5243935585021973,0.9985228951255539,0.5243935585021973,0.9985228951255539,8.459156930484824e-09,3.0523022331863103e-08,6.149919329345721e-08,0.9999998807907104,0.43579548597335815,0.27528995275497437,57,0.8500852584838867,0.8188225030899048,1.0,0.8188225030899048,0.7247100472450256,0.8188225030899048,0.0,0.9999998807907104
GCN,125,2347,0,1,3,0.6937190890312195,6.592226982116699,5.89850789308548,0.8017836213111877,0.033701181411743164,0.0,0.5355210304260254,0.05793078616261482,0.1962864721485411,0,0.0,0.0418702023726448,60,0.44240936636924744,0.9999999403953552,0.5260976975567337,0.9863367799113737,64.07449340820312,0.9918759231905465,0.5316921472549438,0.9988921713441654,0.5316921472549438,0.9988921713441654,3.951266869250958e-09,6.7801306791182014e-09,1.5325467117577318e-08,0.9999998807907104,0.4424093961715698,0.26429131627082825,55,0.7380706071853638,0.8160728216171265,1.0,0.8160728216171265,0.7357087135314941,0.8160728216171265,0.0,0.9999999403953552
GCN,125,2353,4,1,3,-2.378769636154175,2.9815168380737305,5.360286474227905,0.8017836213111877,0.03555407375097275,-0.0005625584162771702,0.4997323751449585,0.07380978763103485,0.21314892004547176,0,0.0,0.04954640614096301,71,0.41246670484542847,0.9999998807907104,0.4948573436983842,0.9763663220088626,60.131221771240234,0.9848596750369276,0.49659761786460876,0.9985228951255539,0.49659761786460876,0.9985228951255539,3.5768121797730146e-09,2.8325071177448535e-09,6.918267736466532e-09,0.9999998807907104,0.41246670484542847,0.3140847682952881,67,0.8318006992340088,0.8285212516784668,1.0,0.8285212516784668,0.6859152317047119,0.828521192073822,0.0,0.9999998807907104
GCN,125,2359,2,0,11,-7.302599906921387,-3.963064193725586,3.339535713195801,0.5477225184440613,0.024233289062976837,-0.00013435710570774972,0.520253598690033,0.06153695285320282,0.20215990905646078,0,0.0,0.09979064898813678,143,0.29344525933265686,0.9999999403953552,0.5124567548603094,0.9844903988183161,62.10773468017578,0.9892909896602659,0.516261100769043,0.9985228951255539,0.516261100769043,0.9985228951255539,1.3238627971645656e-08,1.3768541862191341e-08,4.6920309415554584e-08,0.9999998807907104,0.29344525933265686,0.2856595516204834,139,0.7236012816429138,0.8214148879051208,1.0,0.8214148879051208,0.7143404483795166,0.8214148879051208,1.1641532182693481e-10,0.9999999403953552
GCN,125,2365,2,0,7,-7.018061637878418,-3.689152956008911,3.328908681869507,0.6396021246910095,0.03492196276783943,-0.0004161584656685591,0.5084094405174255,0.06728088855743408,0.20803334596438045,0,0.0,0.06769016050244243,97,0.3341315984725952,0.9999998807907104,0.499249774643413,0.9763663220088626,60.668949127197266,0.9859675036927622,0.503395140171051,0.9985228951255539,0.503395140171051,0.9985228951255539,9.745568796404314e-09,1.1838356073212708e-08,3.5449190249892126e-08,0.9999998807907104,0.3341315984725952,0.3034594655036926,93,0.6264934539794922,0.825864851474762,1.0,0.825864851474762,0.6965405344963074,0.825864851474762,2.3283064365386963e-10,0.9999998807907104
GCN,125,2368,3,1,2,-0.3830951452255249,5.132419586181641,5.5155147314071655,0.8660253286361694,0.05734952166676521,0.0,0.4862871766090393,0.13066065311431885,0.4213717317165593,1,0.0,0.03210048848569435,46,0.4312124252319336,0.9999998807907104,0.48052348623722524,0.9763663220088626,58.323448181152344,0.9807976366322009,0.48151707649230957,0.9981536189069424,0.48151707649230957,0.9981536189069424,1.2355390488494322e-08,3.2269522165506714e-08,6.614862968490343e-08,0.9999998807907104,0.431212455034256,0.3361049294471741,41,0.9594854116439819,0.8340261578559875,1.0,0.8340261578559875,0.6638950705528259,0.8340262174606323,0.0,0.9999998807907104
GCN,125,2383,4,0,10,-4.035804748535156,-0.6553738117218018,3.3804309368133545,0.5669466257095337,0.02022654376924038,-0.00039032025961205363,0.509087324142456,0.028882764279842377,0.10837438423645321,0,0.0,0.09630146545708304,138,0.2975679039955139,0.9999998807907104,0.5045145193039008,0.9844903988183161,60.9200439453125,0.9870753323485968,0.5058215260505676,0.9985228951255539,0.5058215260505676,0.9985228951255539,1.43148248810121e-08,3.313074614652578e-08,7.694298176375014e-08,0.9999998807907104,0.2975679039955139,0.3001859784126282,135,0.4121464788913727,0.8250464200973511,1.0,0.8250464200973511,0.6998140215873718,0.8250464797019958,2.6031257704950406e-10,0.9999998807907104
GCN,125,2384,0,1,1,0.9483795166015625,6.144396781921387,5.196017265319824,0.9486831426620483,0.0686800554394722,-0.0002984533493872732,0.4469691216945648,0.15838858485221863,0.5433876468359227,1,0.0,0.0314026517794836,45,0.4324513375759125,0.9999999403953552,0.4445994842667877,0.9612259970457903,53.163414001464844,0.956794682422452,0.4406593441963196,0.9970457902511078,0.4406593441963196,0.9970457902511078,0.0,2.980414137709886e-08,5.96155587118119e-08,0.9999998807907104,0.4324513375759125,0.3922082185745239,41,0.9778942465782166,0.8480520844459534,1.0,0.8480520844459534,0.6077917814254761,0.8480520248413086,0.0,0.9999999403953552
GCN,125,2389,2,1,2,-3.459534168243408,2.9429633617401123,6.4024975299835205,0.8660253286361694,0.04658159986138344,-0.001597752794623375,0.5114349722862244,0.0971616730093956,0.2917771883289125,0,0.0,0.03210048848569435,46,0.45516088604927063,0.9999999403953552,0.5061966055510195,0.9844903988183161,61.364837646484375,0.9878138847858198,0.5072827935218811,0.9985228951255539,0.5072827935218811,0.9985228951255539,3.8399412538581146e-09,5.970914429553886e-08,1.194603242993253e-07,0.9999998807907104,0.45516085624694824,0.29923391342163086,42,0.9069632887840271,0.8248084783554077,1.0,0.8248084783554077,0.7007660865783691,0.8248084783554077,9.313225746154785e-10,0.9999999403953552
GCN,125,2392,2,1,3,-3.6215906143188477,2.4106431007385254,6.032233715057373,0.8017836213111877,0.03611104562878609,-0.0012470087967813015,0.5065770745277405,0.07271671295166016,0.21182266009852216,0,0.0,0.04326587578506629,62,0.4180840849876404,0.9999999403953552,0.5020003240933835,0.9844903988183161,60.756221771240234,0.9867060561299852,0.5030227303504944,0.9985228951255539,0.5030227303504944,0.9985228951255539,3.725290298461914e-09,3.015404104189656e-08,6.061331703222095e-08,0.9999998807907104,0.4180840849876404,0.30474328994750977,58,0.7984821796417236,0.8261858820915222,1.0,0.8261858820915222,0.6952567100524902,0.8261858224868774,9.313225746154785e-10,0.9999999403953552
GCN,125,2411,3,1,1,-2.318871021270752,4.017005920410156,6.335876941680908,0.9486831426620483,0.0862840935587883,0.0,0.3670593798160553,0.21830441057682037,0.7322849564228875,1,0.0,0.027913468248429867,40,0.3486832082271576,0.9999999403953552,0.37040463762021697,0.9073116691285081,44.41949462890625,0.8685376661742984,0.3595276176929474,0.9785819793205317,0.3595276176929474,0.9785819793205317,1.3170890156288806e-08,1.3179119129347328e-08,3.779044277507637e-08,0.9999998807907104,0.3486832082271576,0.5099407434463501,35,0.8810270428657532,0.8774851560592651,1.0,0.8774851560592651,0.4900592565536499,0.8774851560592651,0.0,0.9999999403953552
GCN,125,2425,3,1,5,0.5279592871665955,4.841771602630615,4.31381231546402,0.7071066498756409,0.03545233607292175,0.0,0.4825051724910736,0.05197685584425926,0.1724137931034483,0,0.0,0.055826936496859735,80,0.35072121024131775,1.0,0.4787274417343394,0.9759970457902511,57.81252670288086,0.9785819793205317,0.4787253439426422,0.9981536189069424,0.4787253439426422,0.9981536189069424,4.679837850574131e-09,5.111679968194949e-09,1.4581720719775149e-08,0.9999998807907104,0.35072124004364014,0.3386736214160919,75,0.5002095699310303,0.8346684575080872,1.0,0.8346684575080872,0.6613264083862305,0.8346683979034424,0.0,1.0
GCN,125,2427,3,1,3,-0.8354282379150391,4.430825233459473,5.266253471374512,0.8017836213111877,0.05776606500148773,-0.00145750364754349,0.4460980296134949,0.08278016000986099,0.2233800682076544,0,0.0,0.04884856943475227,70,0.36473485827445984,0.9999999403953552,0.4416253044295807,0.9608567208271788,53.12847900390625,0.956794682422452,0.43942025303840637,0.9966765140324964,0.43942025303840637,0.9966765140324964,1.3137921861527957e-08,3.255718539207919e-08,6.960581089288098e-08,0.9999998807907104,0.36473482847213745,0.3934609293937683,67,0.49467942118644714,0.8483651876449585,1.0,0.8483651876449585,0.6065390706062317,0.8483652472496033,5.206251540990081e-10,0.9999999403953552
GCN,125,2428,5,1,1,-0.9174235463142395,3.654536485671997,4.571960031986237,0.9486831426620483,0.15541410446166992,-0.0005216324352659285,0.4293516278266907,0.37551265954971313,0.9439181508147025,1,0.0,0.020237264480111653,29,0.3890523910522461,0.9999999403953552,0.41609307584518157,0.948301329394387,48.56855392456055,0.9242983751846381,0.4039163589477539,0.9903988183161004,0.4039163589477539,0.9903988183161004,1.2904783908140871e-08,3.250802649290563e-08,6.831734111756305e-08,0.9999998807907104,0.38905245065689087,0.4532034993171692,25,0.984166145324707,0.8633009195327759,1.0,0.8633009195327759,0.5467965006828308,0.8633008599281311,4.656612873077393e-10,0.9999999403953552
GCN,125,2431,4,1,1,-3.242870807647705,1.4868414402008057,4.729712247848511,0.9486831426620483,0.11249000579118729,0.0,0.374860554933548,0.29886817932128906,0.8751420992800303,1,0.0,0.021632937892533146,31,0.3486832082271576,0.9999999403953552,0.3810312714609174,0.9091580502215657,46.5505256652832,0.9017725258493353,0.36357995867729187,0.9804283604135894,0.36357995867729187,0.9804283604135894,0.0,4.656612873077393e-10,1.1406325883811519e-09,0.9999998807907104,0.3486832082271576,0.5099407434463501,26,0.9448363780975342,0.8774852156639099,1.0,0.8774852156639099,0.4900592565536499,0.8774851560592651,0.0,0.9999999403953552
GCN,125,2433,2,1,1,0.3372180461883545,5.366666793823242,5.029448747634888,0.9486831426620483,0.08693026006221771,0.0,0.3672288656234741,0.21678245067596436,0.7228116710875332,1,0.0,0.02721563154221912,39,0.34868329763412476,0.9999999403953552,0.37036875124528856,0.9073116691285081,44.2988166809082,0.8666912850812407,0.35992231965065,0.9796898079763663,0.35992231965065,0.9796898079763663,1.4901161193847656e-08,1.4902980183251202e-08,4.2738054872870634e-08,0.9999998807907104,0.34868329763412476,0.5099406242370605,34,0.868782639503479,0.8774851560592651,1.0,0.8774851560592651,0.49005937576293945,0.8774851560592651,0.0,0.9999999403953552
GCN,125,2435,4,1,2,-2.3114895820617676,3.488773822784424,5.800263404846191,0.8660253286361694,0.047886960208415985,0.0,0.4625838100910187,0.09728921949863434,0.2917771883289125,0,0.0,0.039078855547801813,56,0.4110819399356842,0.9999999403953552,0.4618076903629277,0.96602658788774,55.6159782409668,0.9663958641063516,0.4591686427593231,0.9974150664697193,0.4591686427593231,0.9974150664697193,6.107090388951519e-09,3.045100882559382e-08,6.152222908895055e-08,0.9999998807907104,0.4110819399356842,0.3670978844165802,51,0.8138949871063232,0.8417744636535645,1.0,0.8417744636535645,0.6329021453857422,0.8417744636535645,0.0,0.9999999403953552
GCN,125,2438,3,1,2,-3.0296449661254883,4.220664024353027,7.250308990478516,0.8660253286361694,0.06340334564447403,-0.001407913863658905,0.45040130615234375,0.13854876160621643,0.4509283819628647,1,0.0,0.02721563154221912,39,0.39769247174263,0.9999999403953552,0.4490481508812223,0.9615952732644018,54.22319793701172,0.9612259970457903,0.4453059136867523,0.9970457902511078,0.4453059136867523,0.9970457902511078,5.26835597369768e-09,7.355385189811159e-09,6.24185148012657e-08,0.9999998807907104,0.3976925015449524,0.3877122402191162,35,0.852355420589447,0.846928060054779,1.0,0.846928060054779,0.6122877597808838,0.846928060054779,4.656612873077393e-10,0.9999999403953552
GCN,125,2445,2,1,4,-4.26469612121582,2.0705549716949463,6.335251092910767,0.7499998807907104,0.026136137545108795,0.0,0.5266027450561523,0.04615948349237442,0.12542629784009093,0,0.0,0.06071179344033496,87,0.40730875730514526,1.0,0.5217521351531592,0.9863367799113737,63.2131233215332,0.9911373707533235,0.5237326622009277,0.9985228951255539,0.5237326622009277,0.9985228951255539,7.092741505232425e-09,3.042340068759586e-08,6.146511566385016e-08,0.9999998807907104,0.40730881690979004,0.27589529752731323,82,0.697531521320343,0.8189738392829895,1.0,0.8189738392829895,0.7241047024726868,0.8189738392829895,0.0,1.0
GCN,125,2446,2,0,8,-6.09159517288208,-1.4526221752166748,4.638972997665405,0.6123723983764648,0.021225396543741226,-0.05233973264694214,0.5089007019996643,0.23163849115371704,0.7567260325881016,1,0.0,0.09141660851360782,131,0.32019883394241333,0.9999999403953552,0.5018242399643331,0.9844903988183161,60.866172790527344,0.9870753323485968,0.5053526163101196,0.9985228951255539,0.5053526163101196,0.9985228951255539,1.2451542907854218e-08,3.229072120802812e-08,7.112393518582394e-08,0.9999998807907104,0.3201988637447357,0.3028232455253601,127,0.4822635054588318,0.8257057666778564,1.0,0.8257057666778564,0.6971767544746399,0.8257058262825012,1.1292286217212677e-08,0.9999999403953552
GCN,125,2448,2,0,5,-5.489875793457031,-0.11669635772705078,5.3731794357299805,0.7071066498756409,0.027096310630440712,-0.03685761243104935,0.5195865035057068,0.05101165920495987,0.16331943918150815,0,0.0,0.06908583391486392,99,0.3776654899120331,0.9999998807907104,0.5124513754224078,0.9844903988183161,62.14693832397461,0.9892909896602659,0.5160418152809143,0.9985228951255539,0.5160418152809143,0.9985228951255539,5.981527717580093e-09,6.256172913055025e-09,1.6581699568973818e-08,0.9999998807907104,0.3776654601097107,0.28786706924438477,95,0.6916749477386475,0.8219668865203857,1.0,0.8219668865203857,0.7121329307556152,0.8219667673110962,1.955777406692505e-08,1.0
GCN,125,2456,5,1,2,-1.6517596244812012,4.290724754333496,5.942484378814697,0.8660253286361694,0.046375006437301636,-0.05789356306195259,0.46315935254096985,0.10031093657016754,0.3234179613489958,1,0.0,0.04326587578506629,62,0.40902021527290344,0.9999998807907104,0.45468518889059406,0.9627031019202363,55.411495208740234,0.9656573116691285,0.45869845151901245,0.9974150664697193,0.45869845151901245,0.9974150664697193,7.847463123766829e-09,3.084720390233997e-08,6.263279317408887e-08,0.9999998807907104,0.40902018547058105,0.37027212977409363,60,0.8437040448188782,0.842568039894104,1.0,0.842568039894104,0.629727840423584,0.842568039894104,1.1446651626556559e-08,0.9999998807907104
GCN,125,2459,3,0,2,-6.116873741149902,-1.013697862625122,5.10317587852478,0.8660253286361694,0.08521057665348053,0.0,0.4612562358379364,0.17014096677303314,0.5765441455096627,1,0.0,0.01465457083042568,21,0.4033597707748413,0.9999999403953552,0.4545902043227457,0.9627031019202363,55.416690826416016,0.96602658788774,0.4540104269981384,0.9974150664697193,0.4540104269981384,0.9974150664697193,0.0,5.206251540990081e-10,5.961373972240835e-08,0.9999998807907104,0.4033598005771637,0.3789868950843811,16,0.7976057529449463,0.8447467684745789,1.0,0.8447467684745789,0.6210131049156189,0.8447467088699341,0.0,0.9999999403953552
GCN,125,2461,6,1,1,-3.2441115379333496,0.04546642303466797,3.2895779609680176,0.9486831426620483,0.08985865861177444,0.0,0.36801111698150635,0.23345822095870972,0.7614626752557787,1,0.0,0.026517794836008374,38,0.3486832082271576,0.9999999403953552,0.36974511278854655,0.9073116691285081,44.48582077026367,0.869645494830133,0.3586907982826233,0.9778434268833087,0.3586907982826233,0.9778434268833087,6.71586253275791e-09,6.731986967878356e-09,1.9294388309276655e-08,0.9999998807907104,0.3486832082271576,0.5099407434463501,33,0.9070502519607544,0.8774851560592651,1.0,0.8774851560592651,0.4900592565536499,0.8774851560592651,0.0,0.9999999403953552
GCN,125,2467,6,1,2,-0.8492093086242676,3.9290738105773926,4.77828311920166,0.8660253286361694,0.05142149329185486,-0.0018535559065639973,0.4321715831756592,0.11272680759429932,0.38006820765441457,1,0.0,0.04256803907885555,61,0.3830624520778656,0.9999998807907104,0.4326487716959794,0.9516248153618907,52.110191345214844,0.9516248153618907,0.42862388491630554,0.9951994091580503,0.42862388491630554,0.9951994091580503,8.736580348056577e-09,7.850916361462623e-09,2.0491411234502266e-08,0.9999998807907104,0.3830624520778656,0.4102367162704468,57,0.8002895712852478,0.8525591492652893,1.0,0.8525591492652893,0.5897632837295532,0.8525592088699341,9.313225746154785e-10,0.9999998807907104
GCN,125,2474,4,1,2,-4.753969192504883,0.16533970832824707,4.91930890083313,0.8660253286361694,0.07218801975250244,0.0,0.46484336256980896,0.16842734813690186,0.5744600227358848,1,0.0,0.03210048848569435,46,0.40932902693748474,0.9999999403953552,0.4592646939974846,0.96602658788774,55.497222900390625,0.9663958641063516,0.4592069089412689,0.9974150664697193,0.4592069089412689,0.9974150664697193,1.0577791087484911e-08,3.39956649497708e-08,7.175418659244315e-08,0.9999998807907104,0.40932902693748474,0.36979663372039795,41,0.9392575025558472,0.8424491882324219,1.0,0.8424491882324219,0.630203366279602,0.8424491882324219,0.0,0.9999999403953552
GCN,125,2479,6,1,1,-2.9298133850097656,1.0283896923065186,3.958203077316284,0.9486831426620483,0.09083700180053711,0.0,0.36827796697616577,0.22951921820640564,0.7559681697612732,1,0.0,0.025819958129797628,37,0.34868329763412476,0.9999999403953552,0.3667240464584225,0.9002954209748892,45.35032653808594,0.8858936484490398,0.3628089725971222,0.9800590841949779,0.3628089725971222,0.9800590841949779,0.0,2.3283064365386963e-10,4.656612873077393e-10,0.9999998807907104,0.34868329763412476,0.5099406242370605,32,0.8827813267707825,0.8774852156639099,1.0,0.8774852156639099,0.49005937576293945,0.8774851560592651,0.0,0.9999999403953552
GCN,125,2483,4,1,2,-3.12605357170105,1.5789380073547363,4.704991579055786,0.8660253286361694,0.10451503098011017,0.0,0.460406631231308,0.24383544921875,0.7794619173929519,1,0.0,0.020237264480111653,29,0.39769247174263,0.9999999403953552,0.4562094219661755,0.9638109305760709,55.04126739501953,0.9645494830132939,0.4519794285297394,0.9974150664697193,0.4519794285297394,0.9974150664697193,1.825012141409843e-08,1.2908984103887633e-08,6.786821415971644e-08,0.9999998807907104,0.3976925015449524,0.3877122700214386,24,0.9302297830581665,0.8469281196594238,1.0,0.8469281196594238,0.6122877597808838,0.8469281196594238,0.0,0.9999999403953552
GCN,125,2489,3,1,1,-3.8390846252441406,1.5675432682037354,5.406627893447876,0.9486831426620483,0.11761264503002167,0.0,0.4257287085056305,0.27819010615348816,0.8423645320197044,1,0.0,0.013258897418004187,19,0.39934152364730835,0.9999999403953552,0.4259247669211496,0.9508862629246676,50.77460861206055,0.9423929098966026,0.41547882556915283,0.9933530280649926,0.41547882556915283,0.9933530280649926,0.0,4.656612873077393e-10,5.961192073300481e-08,0.9999998807907104,0.39934152364730835,0.43874260783195496,14,0.9553043842315674,0.8596855401992798,1.0,0.8596855401992798,0.5612573623657227,0.8596856594085693,0.0,0.9999999403953552
GCN,125,2490,4,1,2,-2.2377138137817383,3.7350006103515625,5.972714424133301,0.8660253286361694,0.045974187552928925,0.0,0.47721317410469055,0.09764610975980759,0.3027661993179235,0,0.0,0.040474528960223306,58,0.42449402809143066,0.9999998807907104,0.4730189326985351,0.9719350073855244,57.43450927734375,0.9778434268833087,0.4728485643863678,0.9981536189069424,0.4728485643863678,0.9981536189069424,6.585445078144403e-09,3.038328344473484e-08,6.120731654846168e-08,0.9999998807907104,0.42449405789375305,0.34644851088523865,53,0.8777763843536377,0.8366121053695679,1.0,0.8366121053695679,0.653551459312439,0.8366121053695679,0.0,0.9999998807907104
GCN,125,2496,4,1,1,-1.0454070568084717,4.422176361083984,5.467583417892456,0.9486831426620483,0.0761379599571228,-0.0008315779850818217,0.4227781593799591,0.18172140419483185,0.6087533156498673,1,0.0,0.030006978367062107,43,0.40693676471710205,0.9999998807907104,0.42396451803409196,0.9501477104874446,50.97626876831055,0.9442392909896603,0.4169178307056427,0.9933530280649926,0.4169178307056427,0.9933530280649926,1.393876036814845e-08,3.290499250852008e-08,6.875360725189239e-08,0.9999998807907104,0.40693673491477966,0.4280679225921631,39,0.9572792053222656,0.857016921043396,1.0,0.857016921043396,0.5719320774078369,0.8570169806480408,4.656612873077393e-10,0.9999998807907104
GCN,125,2505,1,1,1,-2.9188036918640137,2.714418649673462,5.633222341537476,0.9486831426620483,0.0778270959854126,0.0,0.41545796394348145,0.1850241869688034,0.6218264494126563,1,0.0,0.026517794836008374,38,0.3993415832519531,0.9999999403953552,0.41247249713880296,0.9449778434268833,49.518218994140625,0.9320531757754801,0.4074403941631317,0.9918759231905465,0.4074403941631317,0.9918759231905465,1.0030650976489142e-08,3.150276839392063e-08,6.48589519869347e-08,0.9999998807907104,0.3993415832519531,0.43874257802963257,33,0.9370137453079224,0.8596856594085693,1.0,0.8596856594085693,0.5612574219703674,0.8596856594085693,0.0,0.9999999403953552
GCN,125,2508,3,1,3,-4.274435520172119,2.4162747859954834,6.6907103061676025,0.8017836213111877,0.05790315940976143,0.0,0.5282871127128601,0.12887929379940033,0.4160666919287609,1,0.0,0.0314026517794836,45,0.43367403745651245,0.9999999403953552,0.5192060958876954,0.9863367799113737,63.23275375366211,0.9911373707533235,0.5238667130470276,0.9985228951255539,0.5238667130470276,0.9985228951255539,1.1175870895385742e-08,3.183059860134563e-08,6.494036597359809e-08,0.9999998807907104,0.43367403745651245,0.2788178324699402,40,0.9427751302719116,0.819704532623291,1.0,0.819704532623291,0.7211821675300598,0.8197044730186462,0.0,0.9999999403953552
GCN,125,2509,3,0,5,-6.355253219604492,-0.22883868217468262,6.12641453742981,0.7071066498756409,0.029114538803696632,0.0,0.5085970163345337,0.052850063890218735,0.17904509283819628,0,0.0,0.06489881367759945,93,0.3704788088798523,0.9999999403953552,0.49990487683968404,0.9763663220088626,60.84143829345703,0.9870753323485968,0.5048623085021973,0.9985228951255539,0.5048623085021973,0.9985228951255539,8.957173669443819e-09,1.2394814952187971e-08,3.346060140074769e-08,0.9999998807907104,0.3704788386821747,0.301418274641037,88,0.6528211832046509,0.8253545761108398,1.0,0.8253545761108398,0.6985816955566406,0.8253545761108398,0.0,0.9999999403953552
GCN,125,2514,2,1,2,-3.3928170204162598,3.085970163345337,6.478787183761597,0.8660253286361694,0.05017181858420372,-0.0002788648125715554,0.4906998574733734,0.10969021916389465,0.367942402425161,1,0.0,0.03628750872295883,52,0.4361306130886078,0.9999999403953552,0.48576671874311456,0.9763663220088626,58.71118927001953,0.9819054652880355,0.4865209460258484,0.9981536189069424,0.4865209460258484,0.9981536189069424,5.7410578513383825e-09,5.19060927572923e-09,1.190774678860862e-08,0.9999998807907104,0.4361306428909302,0.328532874584198,48,0.9290831089019775,0.8321332335472107,1.0,0.8321332335472107,0.671467125415802,0.8321332335472107,0.0,0.9999999403953552
GCN,125,2523,2,1,2,-2.8933515548706055,3.757397174835205,6.6507487297058105,0.8660253286361694,0.05218149349093437,0.0,0.5054990649223328,0.08752099424600601,0.2370215990905646,0,0.0,0.030006978367062107,43,0.4492376446723938,0.9999999403953552,0.5001211317676009,0.9844903988183161,60.63063049316406,0.9859675036927622,0.5009240508079529,0.9985228951255539,0.5009240508079529,0.9985228951255539,2.2812651767623038e-09,5.964373883671215e-08,1.1930484333788627e-07,0.9999998807907104,0.4492376148700714,0.30835336446762085,38,0.7342545986175537,0.8270883560180664,1.0,0.8270883560180664,0.6916466355323792,0.8270883560180664,0.0,0.9999999403953552
GCN,125,2533,0,1,1,-2.7802069187164307,4.702003002166748,7.482209920883179,0.9486831426620483,0.0822051614522934,-0.00272481981664896,0.4063664674758911,0.19908444583415985,0.6688139446760136,1,0.0,0.024424284717376135,35,0.38905248045921326,0.9999999403953552,0.40891665286925805,0.9435007385524372,48.335689544677734,0.922082717872969,0.4006403684616089,0.9885524372230429,0.4006403684616089,0.9885524372230429,1.2904783908140871e-08,3.2651126247174034e-08,6.877826308482327e-08,0.9999998807907104,0.38905248045921326,0.4532034397125244,32,0.9259238243103027,0.8633008599281311,1.0,0.8633008599281311,0.5467965602874756,0.8633008599281311,0.0,0.9999999403953552
GCN,125,2540,3,0,1,-7.94525671005249,-4.298975467681885,3.6462812423706055,0.9486831426620483,0.13973881304264069,0.0,0.4330957233905792,0.3294329047203064,0.9088669950738916,1,0.0,0.011165387299371946,16,0.3993416130542755,0.9999999403953552,0.425666706181666,0.9508862629246676,50.24534225463867,0.9379615952732644,0.41773879528045654,0.9937223042836041,0.41773879528045654,0.9937223042836041,1.4901161193847656e-08,3.332163700520141e-08,7.032429749642688e-08,0.9999998807907104,0.3993416130542755,0.4387425184249878,11,0.9686235785484314,0.8596857190132141,1.0,0.8596857190132141,0.5612574815750122,0.8596856594085693,0.0,0.9999999403953552
GCN,125,2543,3,1,3,-5.213803291320801,2.4978604316711426,7.711663722991943,0.8017836213111877,0.03918425366282463,0.0,0.4975557327270508,0.06715433299541473,0.20765441455096628,0,0.0,0.04675505931612003,67,0.4103233516216278,0.9999999403953552,0.4930663512470338,0.9763663220088626,59.511409759521484,0.982274741506647,0.4938867390155792,0.9981536189069424,0.4938867390155792,0.9981536189069424,5.890201215663637e-09,6.012893294382593e-08,1.2076040434294555e-07,0.9999999403953552,0.41032344102859497,0.3176489472389221,62,0.6836932897567749,0.8294122219085693,1.0,0.8294122219085693,0.6823510527610779,0.8294122219085693,0.0,0.9999999403953552
GCN,125,2549,4,1,1,-3.2356762886047363,1.6909639835357666,4.926640272140503,0.9486831426620483,0.07610095292329788,0.0,0.4151025116443634,0.18234117329120636,0.6142478211443728,1,0.0,0.028611304954640614,41,0.3993415832519531,0.9999999403953552,0.4174656201672258,0.94903988183161,50.41556167602539,0.9379615952732644,0.41055357456207275,0.9929837518463811,0.41055357456207275,0.9929837518463811,5.587935447692871e-09,3.0381499982468085e-08,6.141311814644723e-08,0.9999998807907104,0.3993415832519531,0.43874257802963257,36,0.94356369972229,0.8596857190132141,1.0,0.8596857190132141,0.5612574219703674,0.8596856594085693,0.0,0.9999999403953552
GCN,125,2552,3,1,1,-3.1371259689331055,4.219402313232422,7.356528282165527,0.9486831426620483,0.15586954355239868,-0.02835807576775551,0.45067399740219116,0.36117881536483765,0.9355816597195907,1,0.0,0.0209351011863224,30,0.4069366157054901,1.0,0.4332410219641325,0.9531019202363368,53.01819610595703,0.956794682422452,0.43079912662506104,0.9959379615952733,0.43079912662506104,0.9959379615952733,1.053671194739536e-08,1.0541855388623844e-08,6.499743676613434e-08,0.9999998807907104,0.4069366455078125,0.42806804180145264,26,0.9907057881355286,0.8570169806480408,1.0,0.8570169806480408,0.5719319581985474,0.8570170402526855,4.656612873077393e-10,1.0
GCN,125,2557,2,1,1,-4.215326309204102,1.4562976360321045,5.671623945236206,0.9486831426620483,0.08323174715042114,0.0,0.4348395764827728,0.19739899039268494,0.6667298219022357,1,0.0,0.02721563154221912,39,0.41759783029556274,0.9999999403953552,0.43078493943431506,0.9512555391432792,51.97789001464844,0.9508862629246676,0.42889443039894104,0.9951994091580503,0.42889443039894104,0.9951994091580503,6.71586253275791e-09,3.0554087260270535e-08,1.202937056632436e-07,0.9999998807907104,0.41759783029556274,0.4130842089653015,34,0.9783767461776733,0.8532711267471313,1.0,0.8532711267471313,0.5869157910346985,0.8532710671424866,0.0,0.9999999403953552
GCN,125,2561,2,1,1,-1.654784083366394,5.293763637542725,6.948547720909119,0.9486831426620483,0.15477439761161804,-0.0004609338066074997,0.42908531427383423,0.3748750686645508,0.9435392194012884,1,0.0,0.022330774598743892,32,0.3890523910522461,0.9999999403953552,0.4293223303206558,0.9508862629246676,51.227867126464844,0.9457163958641064,0.40772882103919983,0.9918759231905465,0.40772882103919983,0.9918759231905465,1.3366993734109656e-08,1.3441811219649935e-08,3.453990515822625e-08,0.9999998807907104,0.3890524208545685,0.4532035291194916,28,0.9859440326690674,0.8633008003234863,1.0,0.8633008003234863,0.546796441078186,0.8633008599281311,0.0,0.9999999403953552
GCN,125,2562,0,1,2,-0.6643995046615601,3.5713887214660645,4.2357882261276245,0.8660253286361694,0.08063244819641113,0.0,0.39669814705848694,0.1656189262866974,0.563849943160288,1,0.0,0.02372644801116539,34,0.34515923261642456,1.0,0.39697560289328626,0.9268833087149188,47.24581527709961,0.9102658788774003,0.3879775106906891,0.9863367799113737,0.3879775106906891,0.9863367799113737,6.71586253275791e-09,3.055053809930541e-08,6.270526142770905e-08,0.9999998807907104,0.34515923261642456,0.46859249472618103,29,0.7056525945663452,0.8671480417251587,1.0,0.8671480417251587,0.5314074754714966,0.8671481013298035,0.0,1.0
GCN,125,2566,3,1,2,-2.1201281547546387,4.759858131408691,6.87998628616333,0.8660253286361694,0.06715395301580429,0.0,0.45102396607398987,0.13423633575439453,0.43349753694581283,1,0.0,0.026517794836008374,38,0.39769247174263,0.9999999403953552,0.44931556653493787,0.9615952732644018,53.915016174316406,0.9597488921713442,0.445983350276947,0.9970457902511078,0.445983350276947,0.9970457902511078,6.4523919540704355e-09,9.13099906796333e-09,6.387191575640827e-08,0.9999998807907104,0.3976925015449524,0.3877122402191162,33,0.7807800769805908,0.8469280004501343,1.0,0.8469280004501343,0.6122877597808838,0.846928060054779,0.0,0.9999999403953552
GCN,125,2568,3,1,1,-5.660593032836914,1.0669870376586914,6.7275800704956055,0.9486831426620483,0.07965358346700668,0.0,0.40557053685188293,0.19215908646583557,0.6494884425918909,1,0.0,0.027913468248429867,40,0.38905248045921326,0.9999999403953552,0.4063813474036813,0.9316838995568686,49.09994888305664,0.9287296898079763,0.39963528513908386,0.9885524372230429,0.39963528513908386,0.9885524372230429,1.466648225090239e-08,3.353246214032879e-08,7.150452319137912e-08,0.9999998807907104,0.38905248045921326,0.4532034397125244,35,0.9282035231590271,0.8633008599281311,1.0,0.8633008599281311,0.5467965602874756,0.8633008599281311,0.0,0.9999999403953552
GCN,125,2578,0,1,2,-1.6707067489624023,4.542366981506348,6.21307373046875,0.8660253286361694,0.049117445945739746,-0.14750784635543823,0.4709855914115906,0.3074567914009094,0.8840469874952633,1,0.0,0.040474528960223306,58,0.411081999540329,0.9999998807907104,0.45267724243618196,0.9623338257016248,56.41971206665039,0.9711964549483013,0.46703416109085083,0.9981536189069424,0.46703416109085083,0.9981536189069424,4.5625303535246076e-09,5.979397599276126e-08,1.1977314784417104e-07,0.9999998807907104,0.4110819399356842,0.3670978546142578,54,0.8650009632110596,0.8417744636535645,1.0,0.8417744636535645,0.6329021453857422,0.8417744636535645,6.51925802230835e-09,0.9999998807907104
GCN,125,2582,3,1,3,-7.058253288269043,0.07520508766174316,7.133458375930786,0.8017836213111877,0.044431619346141815,-0.0014250618405640125,0.4637002944946289,0.08220992982387543,0.22300113679424025,0,0.0,0.0418702023726448,60,0.3814423382282257,0.9999999403953552,0.4592497200661327,0.96602658788774,55.365447998046875,0.9656573116691285,0.45975807309150696,0.9977843426883308,0.45975807309150696,0.9977843426883308,4.267856290596228e-09,4.478586834721909e-09,6.075998726373655e-08,0.9999998807907104,0.3814423680305481,0.36567699909210205,56,0.6748967170715332,0.8414192795753479,1.0,0.8414192795753479,0.634323000907898,0.8414192199707031,0.0,0.9999999403953552
GCN,125,2586,5,1,1,-2.3736391067504883,3.4343721866607666,5.808011293411255,0.9486831426620483,0.12263746559619904,0.0,0.37838006019592285,0.23275500535964966,0.7589996210685865,1,0.0,0.020237264480111653,29,0.3486832082271576,0.9999999403953552,0.38628922315778,0.9161742983751846,45.1995849609375,0.8822008862629247,0.3674542009830475,0.9819054652880355,0.3674542009830475,0.9819054652880355,1.053671194739536e-08,1.0546997053495488e-08,3.0240101978051825e-08,0.9999998807907104,0.3486832082271576,0.5099407434463501,24,0.6812794208526611,0.8774851560592651,1.0,0.8774851560592651,0.4900592565536499,0.8774851560592651,0.0,0.9999999403953552
GCN,125,2592,5,1,2,-3.471680164337158,2.227954149246216,5.699634313583374,0.8660253286361694,0.05470056086778641,-0.0022682936396449804,0.4797227382659912,0.12075898051261902,0.3980674497915877,1,0.0,0.03210048848569435,46,0.425525039434433,0.9999999403953552,0.47572766332665145,0.973781388478582,58.02970886230469,0.9796898079763663,0.47587308287620544,0.9981536189069424,0.47587308287620544,0.9981536189069424,9.125060707049215e-09,7.960629488934501e-09,1.878497357665765e-08,0.9999998807907104,0.42552506923675537,0.34486132860183716,42,0.9032821655273438,0.8362153768539429,1.0000001192092896,0.8362152576446533,0.6551387906074524,0.8362154364585876,0.0,0.9999999403953552
GCN,125,2598,1,1,1,-1.566380500793457,4.548625946044922,6.115006446838379,0.9486831426620483,0.08357597142457962,0.0,0.40644654631614685,0.19977334141731262,0.6688139446760136,1,0.0,0.02512212142358688,36,0.3890523910522461,0.9999999403953552,0.40573795767757453,0.931314623338257,49.23500442504883,0.930576070901034,0.4001787006855011,0.9885524372230429,0.4001787006855011,0.9885524372230429,8.119082295365843e-09,3.089023081770392e-08,6.315581657645453e-08,0.9999998807907104,0.38905245065689087,0.4532034993171692,31,0.92168128490448,0.8633009195327759,1.0,0.8633009195327759,0.5467965006828308,0.8633008599281311,0.0,0.9999999403953552
GCN,125,2599,3,1,3,-4.226917266845703,2.5538556575775146,6.780772924423218,0.8017836213111877,0.04320725053548813,0.0,0.4920685887336731,0.08304619789123535,0.2233800682076544,0,0.0,0.03977669225401256,57,0.40531742572784424,0.9999999403953552,0.488434195406639,0.9763663220088626,59.07545852661133,0.982274741506647,0.4887264370918274,0.9981536189069424,0.4887264370918274,0.9981536189069424,5.015325488244571e-09,5.201042707625447e-09,1.2903093704608182e-08,0.9999998807907104,0.40531742572784424,0.3259737491607666,52,0.758308470249176,0.8314934968948364,1.0,0.8314934968948364,0.6740262508392334,0.8314934372901917,0.0,0.9999999403953552
GCN,125,2603,3,1,1,-2.528721332550049,3.509979486465454,6.038700819015503,0.9486831426620483,0.07365676015615463,-0.0006825892487540841,0.3640415668487549,0.18113785982131958,0.6085638499431603,1,0.0,0.034891835310537335,50,0.3486832082271576,0.9999999403953552,0.3717390372860324,0.9080502215657311,44.50856018066406,0.8700147710487445,0.3592209815979004,0.9785819793205317,0.3592209815979004,0.9785819793205317,6.4523919540704355e-09,6.535867402845952e-09,1.867996957116702e-08,0.9999998807907104,0.3486832082271576,0.5099407434463501,46,0.8493149280548096,0.8774850964546204,1.0,0.8774850964546204,0.4900592565536499,0.8774851560592651,9.313225746154785e-10,0.9999999403953552
GCN,125,2604,6,1,3,-0.9164925813674927,2.6910338401794434,3.607526421546936,0.8017836213111877,0.043947141617536545,0.0,0.46270325779914856,0.0922861248254776,0.26203107237589995,0,0.0,0.04256803907885555,61,0.3807356357574463,1.0,0.45945361885416586,0.96602658788774,55.8528938293457,0.9678729689807977,0.45929276943206787,0.9977843426883308,0.45929276943206787,0.9977843426883308,8.484752456183742e-09,3.110446655796295e-08,6.402130026117447e-08,0.9999998807907104,0.38073569536209106,0.36685216426849365,56,0.7790502905845642,0.8417130708694458,1.0,0.8417130708694458,0.6331478357315063,0.8417130708694458,0.0,1.0
GCN,125,2614,2,1,5,-5.0156025886535645,0.0034399032592773438,5.019042491912842,0.7071066498756409,0.04686826467514038,0.0,0.4697601795196533,0.06628541648387909,0.2074649488442592,0,0.0,0.04675505931612003,67,0.3398810923099518,0.9999999403953552,0.4666237929211303,0.9667651403249631,55.97869873046875,0.9686115214180206,0.4645439684391022,0.9981536189069424,0.4645439684391022,0.9981536189069424,1.4480494137103506e-08,3.314546859201073e-08,7.33154976728656e-08,0.9999998807907104,0.33988112211227417,0.3591139316558838,62,0.469786137342453,0.8397784233093262,1.0,0.8397784233093262,0.6408860683441162,0.839778482913971,0.0,0.9999999403953552
GCN,125,2618,2,1,1,-1.627800464630127,4.132530689239502,5.760331153869629,0.9486831426620483,0.16227637231349945,0.0,0.39461377263069153,0.4160204529762268,0.9617279272451686,1,0.0,0.01674808094905792,24,0.34868323802948,0.9999999403953552,0.38788899693142603,0.9202363367799113,44.50363540649414,0.8700147710487445,0.3637499213218689,0.9804283604135894,0.3637499213218689,0.9804283604135894,1.4784287571956156e-08,1.4793451796890622e-08,4.242079398864007e-08,0.9999998807907104,0.34868323802948,0.5099406838417053,19,0.9597383737564087,0.8774851560592651,1.0,0.8774851560592651,0.4900593161582947,0.8774851560592651,0.0,0.9999999403953552
GCN,125,2631,4,1,1,-3.986525297164917,1.0964117050170898,5.082937002182007,0.9486831426620483,0.10608096420764923,0.0,0.3727787137031555,0.22671741247177124,0.7459264873057977,1,0.0,0.018143754361479414,26,0.34868323802948,0.9999999403953552,0.3782168536894732,0.9084194977843427,47.3052864074707,0.9102658788774003,0.3641500771045685,0.9804283604135894,0.3641500771045685,0.9804283604135894,0.0,5.206251540990081e-10,1.31708899342442e-09,0.9999998807907104,0.34868323802948,0.5099406838417053,21,0.7558224201202393,0.8774851560592651,1.0,0.8774851560592651,0.4900593161582947,0.8774851560592651,0.0,0.9999999403953552
GCN,125,2641,2,1,2,-3.125359058380127,3.0025100708007812,6.127869129180908,0.8660253286361694,0.05231768637895584,-0.00041800920735113323,0.4504433870315552,0.11518436670303345,0.3874573702159909,1,0.0,0.039078855547801813,56,0.3995189666748047,0.9999999403953552,0.4503955189024622,0.9619645494830132,54.2643928527832,0.9619645494830132,0.44654107093811035,0.9970457902511078,0.44654107093811035,0.9970457902511078,2.9451006078318187e-09,2.994929815258729e-08,6.006778363598642e-08,0.9999998807907104,0.3995189666748047,0.38490018248558044,52,0.8588470220565796,0.8462250232696533,1.0,0.8462250232696533,0.6150997877120972,0.8462250232696533,0.0,0.9999999403953552
GCN,125,2642,2,1,4,-5.283297538757324,0.8742167949676514,6.157514333724976,0.7499998807907104,0.03427194803953171,0.0,0.49020692706108093,0.062115564942359924,0.20310723758999621,0,0.0,0.04954640614096301,71,0.3783363103866577,0.9999999403953552,0.4857865347441349,0.9763663220088626,59.0076789855957,0.982274741506647,0.4863937497138977,0.9981536189069424,0.4863937497138977,0.9981536189069424,6.969380184074225e-09,3.039487950218245e-08,6.165879540276364e-08,0.9999998807907104,0.3783363103866577,0.3274019956588745,66,0.6663498282432556,0.8318505883216858,1.0,0.8318505883216858,0.6725980043411255,0.831850528717041,0.0,0.9999999403953552
GCN,125,2646,4,1,1,-3.732039213180542,1.647953987121582,5.379993200302124,0.9486831426620483,0.0707089975476265,0.0,0.4216635525226593,0.16559353470802307,0.563849943160288,1,0.0,0.030006978367062107,43,0.4069366157054901,1.0,0.4188360680906911,0.9494091580502215,51.30690383911133,0.946824224519941,0.4171757996082306,0.9937223042836041,0.4171757996082306,0.9937223042836041,0.0,2.3283064365386963e-10,5.960646376479417e-08,0.9999998807907104,0.4069366753101349,0.42806798219680786,38,0.9368195533752441,0.8570169806480408,1.0,0.8570169806480408,0.5719320178031921,0.8570169806480408,0.0,1.0
GCN,125,2647,4,1,3,-3.5597195625305176,1.262840986251831,4.822560548782349,0.8017836213111877,0.0396854393184185,0.0,0.45877838134765625,0.08260507881641388,0.2233800682076544,0,0.0,0.051639916259595256,74,0.3779639005661011,0.9999999403953552,0.45815617937930886,0.96602658788774,55.02037811279297,0.9645494830132939,0.45496174693107605,0.9974150664697193,0.45496174693107605,0.9974150664697193,4.267856290596228e-09,5.4504254443088485e-09,1.4405448389709363e-08,0.9999998807907104,0.3779639005661011,0.37146154046058655,69,0.7656595706939697,0.8428654670715332,1.0,0.8428654670715332,0.6285384893417358,0.8428654074668884,0.0,0.9999999403953552
GCN,125,2653,0,1,2,-0.4364326000213623,4.3252339363098145,4.761666536331177,0.8660253286361694,0.05294527858495712,-0.05747554078698158,0.4400215744972229,0.11236639320850372,0.3781735505873437,1,0.0,0.040474528960223306,58,0.38690319657325745,0.9999999403953552,0.4367100191011307,0.9586410635155096,52.894432067871094,0.9560561299852289,0.4360813498497009,0.9963072378138847,0.4360813498497009,0.9963072378138847,8.011539875951712e-09,3.1099236963427757e-08,1.214024791806878e-07,0.9999999403953552,0.38690322637557983,0.40432342886924744,54,0.8087489604949951,0.8510807752609253,1.0,0.8510807752609253,0.5956765413284302,0.8510808348655701,8.847564458847046e-09,0.9999999403953552
GCN,125,2658,2,1,1,-4.533047676086426,1.9344043731689453,6.467452049255371,0.9486831426620483,0.07463280111551285,0.0,0.40450796484947205,0.18042296171188354,0.6083743842364532,1,0.0,0.030704815073272853,44,0.3890523910522461,0.9999999403953552,0.40435801610405453,0.931314623338257,48.937435150146484,0.9261447562776958,0.3987085819244385,0.9881831610044313,0.3987085819244385,0.9881831610044313,0.0,2.980414137709886e-08,5.960828275419772e-08,0.9999998807907104,0.38905245065689087,0.4532034993171692,39,0.9277058243751526,0.8633008599281311,1.0,0.8633008599281311,0.5467965006828308,0.8633008599281311,0.0,0.9999999403953552
GCN,125,2668,3,1,5,-3.9065234661102295,2.016421318054199,5.922944784164429,0.7071066498756409,0.02500685304403305,-0.0003512635885272175,0.5203453898429871,0.05215518921613693,0.1733611216369837,0,0.0,0.06489881367759945,93,0.3793965280056,1.0,0.514277952779944,0.9844903988183161,62.27833557128906,0.9896602658788775,0.5169420838356018,0.9985228951255539,0.5169420838356018,0.9985228951255539,5.963374238859842e-09,5.998993657385654e-08,1.2054415776674432e-07,0.9999999403953552,0.37939661741256714,0.2846027612686157,89,0.7673882246017456,0.8211506009101868,1.0,0.8211506009101868,0.7153972387313843,0.8211506605148315,2.3283064365386963e-10,1.0
GCN,125,2669,3,1,1,-4.0107927322387695,2.32997465133667,6.3407673835754395,0.9486831426620483,0.08908270299434662,0.0,0.3678014874458313,0.2199019491672516,0.7324744221295946,1,0.0,0.025819958129797628,37,0.34868323802948,0.9999999403953552,0.3754550834832334,0.9084194977843427,44.49977111816406,0.869645494830133,0.3637552261352539,0.9804283604135894,0.3637552261352539,0.9804283604135894,1.0030650976489142e-08,1.0044153064825423e-08,2.8797368045729854e-08,0.9999998807907104,0.34868323802948,0.5099406838417053,32,0.8613315224647522,0.8774850964546204,1.0,0.8774850964546204,0.4900593161582947,0.8774851560592651,0.0,0.9999999403953552
GCN,125,2681,4,1,5,-1.4672284126281738,2.373109817504883,3.8403382301330566,0.7071066498756409,0.04261180758476257,-0.05925225466489792,0.4147607088088989,0.3086051046848297,0.8870784388025768,1,0.0,0.056524773203070484,81,0.2973056137561798,0.9999998211860657,0.4036121559450424,0.931314623338257,49.8171272277832,0.9342688330871491,0.41040608286857605,0.9926144756277696,0.41040608286857605,0.9926144756277696,1.3285635702686704e-08,3.1870595051941564e-08,7.069053253871971e-08,0.9999998807907104,0.2973055839538574,0.43939512968063354,77,0.6850107908248901,0.8598487973213196,1.0,0.8598487973213196,0.5606048703193665,0.8598487973213196,5.3551048040390015e-09,0.9999999403953552
GCN,125,2685,2,0,4,-6.494814872741699,-1.654515027999878,4.840299844741821,0.7499998807907104,0.05934588238596916,0.0,0.47752851247787476,0.11670075356960297,0.3904888215233043,1,0.0,0.027913468248429867,40,0.3650457262992859,1.0,0.4679365570509265,0.9675036927621861,56.829193115234375,0.9726735598227474,0.47073039412498474,0.9981536189069424,0.47073039412498474,0.9981536189069424,9.856191418577964e-09,1.2505845248256264e-08,3.424442951427409e-08,0.9999998807907104,0.3650457561016083,0.351029634475708,35,0.7042770385742188,0.837757408618927,1.0,0.837757408618927,0.648970365524292,0.837757408618927,0.0,1.0
GCN,125,2686,3,1,2,-5.699247360229492,1.7510229349136353,7.450270295143127,0.8660253286361694,0.09780437499284744,0.0,0.465689092874527,0.20662938058376312,0.6996968548692687,1,0.0,0.015352407536636426,22,0.4043872356414795,0.9999999403953552,0.4671592901637341,0.9667651403249631,56.57967758178711,0.9715657311669128,0.4610901474952698,0.9977843426883308,0.4610901474952698,0.9977843426883308,7.450580596923828e-09,3.072041465657094e-08,6.238900596144958e-08,0.9999998807907104,0.4043872356414795,0.3774050772190094,17,0.8520408868789673,0.8443512916564941,1.0,0.8443512916564941,0.622594952583313,0.8443512916564941,0.0,0.9999999403953552
GCN,125,2689,2,1,2,-4.622400283813477,2.0478665828704834,6.67026686668396,0.8660253286361694,0.08940719068050385,0.0,0.4348219037055969,0.20952937006950378,0.7044334975369458,1,0.0,0.024424284717376135,35,0.3780724108219147,0.9999998807907104,0.4305468029838257,0.9512555391432792,52.346824645996094,0.9527326440177253,0.42792731523513794,0.9948301329394387,0.42792731523513794,0.9948301329394387,0.0,2.980777935590595e-08,5.96155587118119e-08,0.9999998807907104,0.3780723810195923,0.417919397354126,30,0.8824994564056396,0.8544799089431763,1.0,0.8544799089431763,0.582080602645874,0.8544798493385315,0.0,0.9999998807907104
GCN,125,2690,6,1,1,-0.010988950729370117,4.1631011962890625,4.174090147018433,0.9486831426620483,0.15704141557216644,0.0,0.3922533094882965,0.4047067165374756,0.9566123531640773,1,0.0,0.015352407536636426,22,0.34868323802948,0.9999999403953552,0.3837367208960465,0.9117429837518464,44.991390228271484,0.8788774002954209,0.3640040457248688,0.9804283604135894,0.3640040457248688,0.9804283604135894,1.053671194739536e-08,1.054956655366368e-08,3.0247271354255645e-08,0.9999998807907104,0.34868323802948,0.5099406838417053,17,0.9589899778366089,0.8774852156639099,1.0,0.8774852156639099,0.4900593161582947,0.8774851560592651,0.0,0.9999999403953552
GCN,125,2699,3,1,1,-2.8763279914855957,3.8272628784179688,6.7035908699035645,0.9486831426620483,0.08612877875566483,0.0,0.3920639157295227,0.2142668068408966,0.7190223569533915,1,0.0,0.025819958129797628,37,0.37397533655166626,0.9999999403953552,0.39933175355782397,0.9268833087149188,49.70418167114258,0.9331610044313147,0.3881319761276245,0.9863367799113737,0.3881319761276245,0.9863367799113737,9.497663988611293e-09,3.1279999035405126e-08,6.479130121306298e-08,0.9999998807907104,0.37397533655166626,0.47439372539520264,32,0.9253044128417969,0.8685984015464783,1.0,0.8685984015464783,0.5256062746047974,0.868598461151123,0.0,0.9999999403953552
GCN,125,2700,3,1,1,-2.003469944000244,3.934248447418213,5.937718391418457,0.9486831426620483,0.08699715882539749,-0.0011732541024684906,0.392381489276886,0.2158648669719696,0.7195907540735127,1,0.0,0.02372644801116539,34,0.37397533655166626,0.9999999403953552,0.3966409533779009,0.9268833087149188,47.62810516357422,0.9139586410635155,0.38760149478912354,0.9863367799113737,0.38760149478912354,0.9863367799113737,6.969380184074225e-09,3.056473119045222e-08,6.23155500534267e-08,0.9999998807907104,0.37397533655166626,0.47439372539520264,30,0.9171635508537292,0.868598461151123,1.0,0.868598461151123,0.5256062746047974,0.868598461151123,0.0,0.9999999403953552
GCN,125,2702,0,1,2,-0.010936617851257324,5.676377296447754,5.687313914299011,0.8660253286361694,0.05912607163190842,-0.001170324394479394,0.47410058975219727,0.1177380383014679,0.3912466843501326,1,0.0,0.025819958129797628,37,0.41986462473869324,0.9999998807907104,0.46966393701632353,0.9675036927621861,56.89484405517578,0.9730428360413589,0.4691987931728363,0.9981536189069424,0.4691987931728363,0.9981536189069424,6.969380184074225e-09,3.075304277899704e-08,1.2055697595769743e-07,0.9999998807907104,0.41986456513404846,0.353576123714447,33,0.8175961971282959,0.838394045829773,1.0,0.838394045829773,0.646423876285553,0.838394045829773,0.0,0.9999998807907104
GCN,125,2707,3,1,4,-5.575335502624512,0.47081494331359863,6.04615044593811,0.7499998807907104,0.03268706053495407,0.0,0.5178045034408569,0.06517660617828369,0.20651762031072377,0,0.0,0.05512909979064899,79,0.39995917677879333,0.9999999403953552,0.5113017880481423,0.9844903988183161,62.01274108886719,0.9892909896602659,0.5145878791809082,0.9985228951255539,0.5145878791809082,0.9985228951255539,4.171504031091899e-09,2.985321145843045e-08,5.976191630452377e-08,0.9999998807907104,0.39995917677879333,0.2889613211154938,74,0.7743598818778992,0.8222403526306152,1.0,0.8222403526306152,0.7110387086868286,0.8222403526306152,0.0,0.9999999403953552
GCN,996,1370,6,1,8,-1.1195862293243408,2.0461978912353516,3.1657841205596924,0.6123723983764648,0.021423546597361565,-0.000366798834875226,0.5361471772193909,0.04223264008760452,0.10989010989010989,0,0.0,0.07815771109560363,112,0.3386063575744629,0.9999999403953552,0.527043009586369,0.9863367799113737,64.10943603515625,0.992245199409158,0.5325887799263,0.9988921713441654,0.5325887799263,0.9988921713441654,1.2091511791822995e-08,6.014696651845952e-08,1.8039384030998917e-07,0.9999999403953552,0.33860644698143005,0.2627439796924591,108,0.6472269892692566,0.8156859278678894,1.0,0.8156859278678894,0.7372560501098633,0.8156859874725342,5.820766091346741e-11,0.9999999403953552
GCN,996,1376,0,1,3,2.2348995208740234,6.412399768829346,4.177500247955322,0.8017836213111877,0.0350797064602375,0.0,0.5067834854125977,0.07269173115491867,0.21182266009852216,0,0.0,0.04884856943475227,70,0.4183961749076843,0.9999998807907104,0.49953741788710493,0.9763663220088626,60.6938591003418,0.9859675036927622,0.5030249357223511,0.9985228951255539,0.5030249357223511,0.9985228951255539,6.2475016271434924e-09,3.046880436841093e-08,6.150045805952686e-08,0.9999998807907104,0.41839614510536194,0.3042243421077728,65,0.841993510723114,0.826056182384491,1.0,0.826056182384491,0.6957756280899048,0.8260561227798462,0.0,0.9999998807907104
GCN,996,1378,2,1,3,-3.111825466156006,2.1952414512634277,5.307066917419434,0.8017836213111877,0.052128564566373825,0.0,0.43646296858787537,0.09458842873573303,0.27453580901856767,0,0.0,0.0418702023726448,60,0.35765519738197327,0.9999999403953552,0.43795449627352623,0.9597488921713442,52.48108673095703,0.9534711964549483,0.4321015179157257,0.9959379615952733,0.4321015179157257,0.9959379615952733,8.586369837360053e-09,3.13354071579397e-08,6.546837028054142e-08,0.9999998807907104,0.35765522718429565,0.40523403882980347,55,0.6349899172782898,0.8513085246086121,1.0,0.8513085246086121,0.5947659611701965,0.8513085246086121,0.0,0.9999999403953552
GCN,996,1392,3,1,3,-1.8105623722076416,4.578368186950684,6.388930559158325,0.8017836213111877,0.035835810005664825,-0.0009623709484003484,0.49023470282554626,0.07085894048213959,0.21049640015157256,0,0.0,0.05024424284717376,72,0.40452277660369873,0.9999999403953552,0.48582611831369865,0.9763663220088626,58.635955810546875,0.9811669128508124,0.48664963245391846,0.9981536189069424,0.48664963245391846,0.9981536189069424,4.839293854530524e-09,3.019805205894954e-08,1.1981890679635399e-07,0.9999999403953552,0.4045228362083435,0.32729512453079224,69,0.777210533618927,0.8318237066268921,1.0,0.8318237066268921,0.6727048754692078,0.8318237662315369,0.0,0.9999999403953552
GCN,996,1393,3,1,1,-2.0275683403015137,3.468480110168457,5.496048450469971,0.9486831426620483,0.08223089575767517,0.0,0.3660241365432739,0.20585334300994873,0.6993179234558545,1,0.0,0.030006978367062107,43,0.3486832082271576,0.9999999403953552,0.3772723570709042,0.9084194977843427,44.98045349121094,0.8788774002954209,0.3618561923503876,0.9800590841949779,0.3618561923503876,0.9800590841949779,7.902533738501916e-09,7.916241884231567e-09,2.2692621115538714e-08,0.9999998807907104,0.3486832082271576,0.5099407434463501,38,0.8692684769630432,0.8774851560592651,1.0,0.8774851560592651,0.4900592565536499,0.8774851560592651,0.0,0.9999999403953552
GCN,996,1400,3,1,2,-5.405356407165527,0.008318662643432617,5.41367506980896,0.8660253286361694,0.058645207434892654,-0.0005410424782894552,0.42781826853752136,0.1304059624671936,0.418529746115953,1,0.0,0.03628750872295883,52,0.3780724108219147,0.9999998807907104,0.4266853532883812,0.9508862629246676,51.190555572509766,0.9453471196454948,0.4226723611354828,0.9940915805022157,0.4226723611354828,0.9940915805022157,5.26835597369768e-09,3.0042372145544505e-08,6.042974831643733e-08,0.9999998807907104,0.3780723810195923,0.417919397354126,48,0.8238628506660461,0.8544799089431763,1.0,0.8544799089431763,0.582080602645874,0.8544798493385315,4.656612873077393e-10,0.9999998807907104
GCN,996,1416,0,1,18,3.4004948139190674,6.299159049987793,2.8986642360687256,0.4522669315338135,0.013079443015158176,-0.0014956332743167877,0.5020247101783752,0.024159595370292664,0.10837438423645321,0,0.0,0.14863921842288905,213,0.23425732553005219,0.9999999403953552,0.4976753344986126,0.9763663220088626,60.04381561279297,0.9844903988183161,0.49878329038619995,0.9985228951255539,0.49878329038619995,0.9985228951255539,1.2416664141312594e-08,1.833642926385437e-08,7.505408206043285e-08,0.9999998807907104,0.23425732553005219,0.30938324332237244,211,0.4193921685218811,0.8273457288742065,1.0,0.8273457288742065,0.6906167268753052,0.8273458480834961,1.646361241780525e-10,0.9999999403953552
GCN,996,1422,4,0,1,-4.783902645111084,-0.16090106964111328,4.623001575469971,0.9486831426620483,0.0850110873579979,0.0,0.40677717328071594,0.20555353164672852,0.6962864721485411,1,0.0,0.025819958129797628,37,0.38905248045921326,0.9999999403953552,0.4077718729120155,0.9316838995568686,49.63910675048828,0.9327917282127031,0.4004599452018738,0.9885524372230429,0.4004599452018738,0.9885524372230429,8.33000246558413e-09,3.1395035904324686e-08,6.477680614125347e-08,0.9999998807907104,0.38905248045921326,0.4532035291194916,32,0.933097779750824,0.8633009195327759,1.0000001192092896,0.8633008003234863,0.5467965602874756,0.8633009195327759,0.0,0.9999999403953552
GCN,996,1423,3,1,2,-0.06882178783416748,6.259867191314697,6.328688979148865,0.8660253286361694,0.046310484409332275,0.0,0.4993430972099304,0.09743505716323853,0.2917771883289125,0,0.0,0.03628750872295883,52,0.44438299536705017,0.9999998807907104,0.49408756317999897,0.9763663220088626,60.17879104614258,0.9848596750369276,0.49542829394340515,0.9985228951255539,0.49542829394340515,0.9985228951255539,3.725290298461914e-09,3.003515303134918e-08,6.02002785399236e-08,0.9999998807907104,0.44438302516937256,0.31582748889923096,47,0.9098411202430725,0.8289568424224854,1.0,0.8289568424224854,0.684172511100769,0.8289568424224854,0.0,0.9999998807907104
GCN,996,1425,4,1,2,-2.932732105255127,2.9369611740112305,5.869693279266357,0.8660253286361694,0.04911937192082405,-0.00045644951751455665,0.49358150362968445,0.0991828441619873,0.31110269041303523,0,0.0,0.03210048848569435,46,0.43884649872779846,0.9999998807907104,0.486948651532379,0.9763663220088626,59.09852600097656,0.982274741506647,0.48874983191490173,0.9981536189069424,0.48874983191490173,0.9981536189069424,6.177695244247161e-09,3.049370533858564e-08,1.2011349781460012e-07,0.9999998807907104,0.4388464689254761,0.32435154914855957,42,0.8631240129470825,0.8310878276824951,1.0,0.8310878276824951,0.6756484508514404,0.8310878872871399,2.3283064365386963e-10,0.9999998807907104
GCN,996,1429,4,1,3,-3.1574912071228027,2.2385897636413574,5.39608097076416,0.8017836213111877,0.04172129929065704,0.0,0.4920787215232849,0.07264097034931183,0.21182266009852216,0,0.0,0.040474528960223306,58,0.40549206733703613,0.9999999403953552,0.48732460913902986,0.9763663220088626,58.82783889770508,0.9819054652880355,0.4880090355873108,0.9981536189069424,0.4880090355873108,0.9981536189069424,5.26835597369768e-09,4.939083808608302e-09,1.2197895138399417e-08,0.9999998807907104,0.40549206733703613,0.3256832957267761,53,0.6869348883628845,0.8314208388328552,1.0,0.8314208388328552,0.6743167042732239,0.8314208388328552,0.0,0.9999999403953552
GCN,996,1434,3,1,2,-4.145482540130615,2.0700039863586426,6.215486526489258,0.8660253286361694,0.0720544308423996,0.0,0.49381300806999207,0.15910357236862183,0.5454717696097007,1,0.0,0.02512212142358688,36,0.4356844425201416,0.9999998807907104,0.4877153550606261,0.9763663220088626,59.22393035888672,0.982274741506647,0.48831719160079956,0.9981536189069424,0.48831719160079956,0.9981536189069424,9.125060707049215e-09,3.1173232883929813e-08,6.318760625845243e-08,0.9999998807907104,0.4356844425201416,0.32921984791755676,31,0.9443051218986511,0.8323049545288086,1.0,0.8323049545288086,0.6707801818847656,0.8323049545288086,0.0,0.9999998807907104
GCN,996,1436,5,1,1,-3.9512805938720703,2.0106329917907715,5.961913585662842,0.9486831426620483,0.08288966119289398,0.0,0.4165445566177368,0.17230656743049622,0.5867752936718454,1,0.0,0.022330774598743892,32,0.3993415832519531,0.9999999403953552,0.41356555339648227,0.9449778434268833,49.59901428222656,0.9327917282127031,0.40954306721687317,0.9926144756277696,0.40954306721687317,0.9926144756277696,7.450580596923828e-09,3.049548169542504e-08,6.176635025667565e-08,0.9999998807907104,0.3993415832519531,0.43874257802963257,27,0.8214555978775024,0.8596855998039246,1.0,0.8596855998039246,0.5612574219703674,0.8596856594085693,0.0,0.9999999403953552
GCN,996,1437,4,1,1,-1.2301019430160522,4.788241386413574,6.0183433294296265,0.9486831426620483,0.07450384646654129,0.0,0.40448158979415894,0.1817885935306549,0.6087533156498673,1,0.0,0.030006978367062107,43,0.38905248045921326,0.9999999403953552,0.4064657115445848,0.9316838995568686,49.515655517578125,0.9320531757754801,0.39919915795326233,0.9881831610044313,0.39919915795326233,0.9881831610044313,7.679882507716229e-09,3.0781233562038324e-08,6.280045994344619e-08,0.9999998807907104,0.38905248045921326,0.4532034695148468,38,0.9362846612930298,0.8633009195327759,1.0,0.8633009195327759,0.5467965602874756,0.8633009195327759,0.0,0.9999999403953552
GCN,996,1441,5,0,23,-3.347477912902832,-1.2121362686157227,2.1353416442871094,0.40824824571609497,0.016554515808820724,-0.0008877303334884346,0.450493186712265,0.03130020201206207,0.10837438423645321,0,0.0,0.14724354501046755,211,0.18929697573184967,0.9999999403953552,0.4495445894152272,0.9615952732644018,53.812442779541016,0.9593796159527327,0.44690659642219543,0.9970457902511078,0.44690659642219543,0.9970457902511078,1.816079020500183e-08,1.9099564596558594e-08,1.0092081481616333e-07,0.9999998807907104,0.18929699063301086,0.38175860047340393,207,0.347730815410614,0.8454396724700928,1.0,0.8454396724700928,0.6182414293289185,0.8454396724700928,2.3283064365386963e-10,0.9999999403953552
GCN,996,1442,3,1,2,-2.93666410446167,2.92740797996521,5.86407208442688,0.8660253286361694,0.056303102523088455,0.0,0.4092003107070923,0.11882661283016205,0.39636225843122397,1,0.0,0.03838101884159107,55,0.3616158068180084,0.9999998807907104,0.413092953597563,0.9449778434268833,49.29024887084961,0.930576070901034,0.4043081998825073,0.9907680945347119,0.4043081998825073,0.9907680945347119,9.125060707049215e-09,8.755175251451419e-09,2.424048339833007e-08,0.9999998807907104,0.3616158068180084,0.4432559609413147,50,0.7479075789451599,0.8608139753341675,1.0,0.8608139753341675,0.5567440390586853,0.8608139753341675,0.0,0.9999998807907104
GCN,996,1444,2,1,4,-2.6315455436706543,1.6833256483078003,4.314871191978455,0.7499998807907104,0.03330957144498825,-0.0009568525711074471,0.5335626602172852,0.050071220844984055,0.15934065934065933,0,0.0,0.052337752965806,75,0.4121304154396057,0.9999999403953552,0.5248555575079188,0.9863367799113737,63.821258544921875,0.9918759231905465,0.5297793745994568,0.9988921713441654,0.5297793745994568,0.9988921713441654,2.5505320078167415e-09,3.017290950424467e-08,6.068914615298127e-08,0.9999998807907104,0.4121304452419281,0.2673235237598419,72,0.6015417575836182,0.8168308138847351,1.0,0.8168308138847351,0.7326765060424805,0.8168308734893799,0.0,0.9999999403953552
GCN,996,1448,1,1,5,-1.5638134479522705,3.0879557132720947,4.651769161224365,0.7071066498756409,0.02160467952489853,-0.002076077973470092,0.5649345517158508,0.04770301282405853,0.13793103448275862,0,0.0,0.06629448709002093,95,0.4122214913368225,0.9999999403953552,0.5532291745292574,0.990029542097489,67.63935852050781,0.9966765140324964,0.5616591572761536,0.9988921713441654,0.5616591572761536,0.9988921713441654,5.963374238859842e-09,4.293184918680026e-09,1.0519526583152583e-08,0.9999998807907104,0.4122215211391449,0.22270753979682922,91,0.8205729126930237,0.8056769371032715,1.0,0.8056769371032715,0.7772924900054932,0.8056769371032715,0.0,0.9999999403953552
GCN,996,1450,3,1,3,-3.9091131687164307,1.4926831722259521,5.401796340942383,0.8017836213111877,0.04063565284013748,0.0,0.46307986974716187,0.08446523547172546,0.22735884804850323,0,0.0,0.05024424284717376,72,0.3814423382282257,0.9999999403953552,0.4606221785387768,0.96602658788774,55.57967758178711,0.9663958641063516,0.4591672122478485,0.9974150664697193,0.4591672122478485,0.9974150664697193,6.2475016271434924e-09,5.972457639558115e-09,6.163139687487273e-08,0.9999998807907104,0.3814423680305481,0.36567699909210205,67,0.7717628479003906,0.8414192795753479,1.0,0.8414192795753479,0.634323000907898,0.8414192199707031,0.0,0.9999999403953552
GCN,996,1452,4,1,3,-3.122549057006836,1.9513198137283325,5.0738688707351685,0.8017836213111877,0.039163362234830856,0.0,0.5255740880966187,0.08140543103218079,0.22167487684729065,0,0.0,0.0418702023726448,60,0.43365055322647095,0.9999999403953552,0.5173343876274089,0.9859675036927622,62.88102340698242,0.9903988183161004,0.5215049386024475,0.9985228951255539,0.5215049386024475,0.9985228951255539,6.634651938952629e-09,3.0308253684552255e-08,6.094087723340635e-08,0.9999998807907104,0.4336506128311157,0.2788568139076233,55,0.8759201765060425,0.8197142481803894,1.0,0.8197142481803894,0.7211431860923767,0.8197141885757446,0.0,0.9999999403953552
GCN,996,1457,3,1,3,-4.314155578613281,1.2588485479354858,5.573004126548767,0.8017836213111877,0.044011928141117096,-0.0011700000613927841,0.41245222091674805,0.08513084053993225,0.23001136794240243,0,0.0,0.052337752965806,75,0.33869943022727966,0.9999998807907104,0.41580683882113617,0.948301329394387,49.53261947631836,0.9320531757754801,0.40839883685112,0.9926144756277696,0.40839883685112,0.9926144756277696,5.7410578513383825e-09,6.342231628764239e-09,6.248706796441184e-08,0.9999998807907104,0.33869943022727966,0.4367567300796509,71,0.6396572589874268,0.8591892123222351,1.0,0.8591892123222351,0.5632432699203491,0.8591891527175903,0.0,0.9999998807907104
GCN,996,1476,6,1,2,-2.308988332748413,1.6258761882781982,3.9348645210266113,0.8660253286361694,0.0553131178021431,-0.0030923672020435333,0.4273851811885834,0.11015941202640533,0.3685107995452823,1,0.0,0.03558967201674808,51,0.3780724108219147,0.9999998807907104,0.42739189058115823,0.9508862629246676,51.242347717285156,0.9460856720827179,0.4227733612060547,0.9940915805022157,0.4227733612060547,0.9940915805022157,4.928095709288982e-09,2.9964681402816495e-08,6.016737330583055e-08,0.9999998807907104,0.3780723810195923,0.417919397354126,48,0.7371292114257812,0.8544798493385315,1.0,0.8544798493385315,0.582080602645874,0.8544798493385315,0.0,0.9999998807907104
GCN,996,1486,2,1,3,-3.0676796436309814,3.223184108734131,6.290863752365112,0.8017836213111877,0.03606593608856201,-0.06369991600513458,0.5163556933403015,0.07651984691619873,0.21674876847290642,0,0.0,0.04884856943475227,70,0.42390191555023193,0.9999998807907104,0.5072786900024452,0.9844903988183161,62.047630310058594,0.9892909896602659,0.5131281018257141,0.9985228951255539,0.5131281018257141,0.9985228951255539,1.862645149230957e-09,2.1083712553604528e-09,4.884803228577539e-09,0.9999998807907104,0.42390191555023193,0.29506850242614746,67,0.8783811330795288,0.8237671852111816,1.0,0.8237671852111816,0.7049314975738525,0.8237671256065369,8.614733815193176e-09,0.9999998807907104
GCN,996,1487,6,1,4,-0.7849243879318237,2.493393898010254,3.2783182859420776,0.7499998807907104,0.027274535968899727,-0.001509651425294578,0.5080623626708984,0.05672832578420639,0.19325502084122773,0,0.0,0.0628053035589672,90,0.39277899265289307,0.9999998807907104,0.5017380903205715,0.9844903988183161,60.79370880126953,0.9867060561299852,0.5049624443054199,0.9985228951255539,0.5049624443054199,0.9985228951255539,2.7939677238464355e-09,3.003695780989801e-08,1.195978427404043e-07,0.9999999403953552,0.39277902245521545,0.3017260432243347,86,0.7542918920516968,0.8254314661026001,1.0,0.8254314661026001,0.6982739567756653,0.8254315257072449,4.656612873077393e-10,0.9999998807907104
GCN,996,1493,4,1,1,-1.1512027978897095,5.295666694641113,6.446869492530823,0.9486831426620483,0.07283671945333481,0.0,0.4544982612133026,0.1660095751285553,0.563849943160288,1,0.0,0.028611304954640614,41,0.4392373859882355,0.9999998807907104,0.4501850350421161,0.9619645494830132,54.56853103637695,0.9627031019202363,0.45004621148109436,0.9974150664697193,0.45004621148109436,0.9974150664697193,7.213993846733047e-09,3.066831411047133e-08,6.183655187896875e-08,0.9999998807907104,0.4392373561859131,0.38267073035240173,36,0.9827343821525574,0.8456677198410034,1.0,0.8456677198410034,0.6173292398452759,0.8456676602363586,0.0,0.9999998807907104
GCN,996,1499,2,1,4,-2.5966696739196777,2.9885170459747314,5.585186719894409,0.7499998807907104,0.032199643552303314,0.0,0.5478904843330383,0.05799319967627525,0.1962864721485411,0,0.0,0.051639916259595256,74,0.4233991801738739,0.9999999403953552,0.538698515810709,0.9889217134416544,65.51829528808594,0.9940915805022157,0.5440929532051086,0.9988921713441654,0.5440929532051086,0.9988921713441654,9.077409934832303e-09,8.996426714702466e-09,2.1238028224956906e-08,0.9999998807907104,0.4233991801738739,0.24729019403457642,69,0.7400838732719421,0.8118225336074829,1.0,0.8118225336074829,0.7527098059654236,0.8118225336074829,0.0,0.9999999403953552
GCN,996,1501,6,1,7,-1.0695655345916748,1.9676671028137207,3.0372326374053955,0.6396021246910095,0.021951090544462204,-0.0005820838268846273,0.503520667552948,0.03491712361574173,0.10837438423645321,0,0.0,0.07885554780181438,113,0.3320712447166443,0.9999999403953552,0.49852858043073783,0.9763663220088626,60.28985595703125,0.9848596750369276,0.5006015300750732,0.9985228951255539,0.5006015300750732,0.9985228951255539,8.277775798148923e-09,8.410956375826117e-09,2.5340467502132924e-08,0.9999998807907104,0.3320712447166443,0.3077545166015625,109,0.5122824907302856,0.8269386887550354,1.0,0.8269386887550354,0.6922454833984375,0.8269386291503906,2.3283064365386963e-10,0.9999999403953552
GCN,996,1506,2,1,2,-1.4652106761932373,3.885709762573242,5.3509204387664795,0.8660253286361694,0.05089077353477478,0.0,0.49074167013168335,0.10934752225875854,0.367942402425161,1,0.0,0.034193998604326585,49,0.436093807220459,0.9999999403953552,0.4835306776634196,0.9763663220088626,58.563655853271484,0.9811669128508124,0.4861907958984375,0.9981536189069424,0.4861907958984375,0.9981536189069424,8.238389526127321e-09,3.092355527201107e-08,6.253760886920645e-08,0.9999998807907104,0.436093807220459,0.328589528799057,44,0.9131737351417542,0.8321473598480225,1.0,0.8321473598480225,0.6714104413986206,0.8321473598480225,0.0,0.9999999403953552
GCN,996,1507,0,1,6,-1.8148597478866577,1.7254363298416138,3.5402960777282715,0.6708203554153442,0.028268294408917427,0.0,0.5194696187973022,0.05102942883968353,0.16331943918150815,0,0.0,0.056524773203070484,81,0.3589758276939392,0.9999998807907104,0.5122580561937572,0.9844903988183161,62.12151336669922,0.9892909896602659,0.5159254670143127,0.9985228951255539,0.5159254670143127,0.9985228951255539,1.0297328323360944e-08,3.15216936996876e-08,1.226013495170264e-07,0.9999999403953552,0.358975887298584,0.28649380803108215,76,0.6290534138679504,0.8216235041618347,1.0,0.8216235041618347,0.7135062217712402,0.8216234445571899,0.0,0.9999998807907104
GCN,996,1523,0,1,2,0.6316940784454346,4.798177242279053,4.166483163833618,0.8660253286361694,0.05808721482753754,-0.08948604017496109,0.43907710909843445,0.13242727518081665,0.4236453201970443,1,0.0,0.03768318213538032,54,0.38306236267089844,1.0,0.42375324835981026,0.9501477104874446,52.689239501953125,0.9542097488921714,0.4341711401939392,0.9963072378138847,0.4341711401939392,0.9963072378138847,1.1444283742889638e-08,3.1390715804491265e-08,1.2195533827252802e-07,0.9999999403953552,0.3830624520778656,0.4102367162704468,50,0.8668985366821289,0.8525591492652893,1.0,0.8525591492652893,0.5897632837295532,0.8525592088699341,1.3504177331924438e-08,1.0
GCN,996,1541,3,1,1,-4.2460432052612305,0.9951990246772766,5.241242229938507,0.9486831426620483,0.09069238603115082,0.0,0.36823830008506775,0.23053625226020813,0.7559681697612732,1,0.0,0.025819958129797628,37,0.34868323802948,0.9999999403953552,0.36211102185908756,0.8980797636632201,45.150856018066406,0.880354505169867,0.3588220775127411,0.9778434268833087,0.3588220775127411,0.9778434268833087,6.969380184074225e-09,6.988798872953339e-09,2.0031059477787494e-08,0.9999998807907104,0.34868323802948,0.5099406838417053,32,0.8880113363265991,0.8774851560592651,1.0,0.8774851560592651,0.4900593161582947,0.8774851560592651,0.0,0.9999999403953552
GCN,996,1546,2,1,5,-3.6146068572998047,1.2797513008117676,4.894358158111572,0.7071066498756409,0.025761853903532028,-0.06594368070363998,0.5529466867446899,0.046118468046188354,0.12542629784009093,0,0.0,0.05303558967201675,76,0.40148094296455383,0.9999999403953552,0.5406320637588762,0.9889217134416544,66.12395477294922,0.9944608567208272,0.5492104887962341,0.9988921713441654,0.5492104887962341,0.9988921713441654,8.129924289335122e-09,3.090974942665525e-08,6.300186328189739e-08,0.9999998807907104,0.4014809727668762,0.24296008050441742,72,0.6999483108520508,0.8107399940490723,1.0,0.8107399940490723,0.7570399045944214,0.8107399940490723,3.259629011154175e-09,0.9999999403953552
GCN,996,1554,3,0,4,-6.86799430847168,-3.1398658752441406,3.728128433227539,0.7499998807907104,0.057508327066898346,0.0,0.46420565247535706,0.12437383830547333,0.4041303524062145,1,0.0,0.03210048848569435,46,0.35489267110824585,0.9999999403953552,0.4629918241335127,0.9663958641063516,55.66706848144531,0.9663958641063516,0.45894375443458557,0.9974150664697193,0.45894375443458557,0.9974150664697193,7.736145946068973e-09,3.089725097993323e-08,1.2141414629240899e-07,0.9999998807907104,0.35489264130592346,0.3690796196460724,41,0.7529566287994385,0.8422698974609375,1.0,0.8422698974609375,0.63092041015625,0.8422698974609375,0.0,0.9999999403953552
GCN,996,1561,1,1,2,-1.4327619075775146,4.407478332519531,5.840240240097046,0.8660253286361694,0.04245861992239952,0.0,0.5194806456565857,0.08855129778385162,0.23796892762410005,0,0.0,0.03698534542916958,53,0.46290260553359985,0.9999998807907104,0.5136690611091387,0.9844903988183161,62.36025619506836,0.990029542097489,0.5159119367599487,0.9985228951255539,0.5159119367599487,0.9985228951255539,6.71586253275791e-09,3.072217680255562e-08,6.174483502263683e-08,0.9999998807907104,0.46290263533592224,0.28731468319892883,48,0.9382726550102234,0.8218287229537964,1.0,0.8218287229537964,0.7126853466033936,0.8218287229537964,0.0,0.9999998807907104
GCN,996,1565,2,1,2,-3.6251168251037598,1.683715581893921,5.308832406997681,0.8660253286361694,0.12177783250808716,0.0,0.5435106754302979,0.250377357006073,0.7987874194770747,1,0.0,0.020237264480111653,29,0.4699232280254364,0.9999999403953552,0.5286575059275448,0.9870753323485968,63.41900634765625,0.991506646971935,0.5253040194511414,0.9985228951255539,0.5253040194511414,0.9985228951255539,0.0,2.980777935590595e-08,5.96155587118119e-08,0.9999998807907104,0.469923198223114,0.27650582790374756,24,0.9677550196647644,0.819126546382904,1.0,0.819126546382904,0.7234941720962524,0.8191264867782593,0.0,0.9999999403953552
GCN,996,1567,3,0,4,-5.145794868469238,-0.8240988254547119,4.321696043014526,0.7499998807907104,0.048893678933382034,0.0,0.5002705454826355,0.10614083707332611,0.3560060629026146,1,0.0,0.03349616189811584,48,0.384485125541687,0.9999998807907104,0.49149261346429796,0.9763663220088626,59.87331008911133,0.9826440177252584,0.4958324730396271,0.9985228951255539,0.4958324730396271,0.9985228951255539,1.2633074142343048e-08,3.1445068771063234e-08,6.506567729047674e-08,0.9999998807907104,0.3844850957393646,0.31647080183029175,43,0.8145090341567993,0.8291177749633789,1.0,0.8291177749633789,0.6835291981697083,0.8291177153587341,0.0,0.9999998807907104
GCN,996,1568,2,1,4,-2.552253246307373,3.3480234146118164,5.9002766609191895,0.7499998807907104,0.026322316378355026,-0.0008465491118840873,0.5589608550071716,0.05433362349867821,0.1883289124668435,0,0.0,0.05722260990928123,82,0.4324084222316742,0.9999999403953552,0.547324159638048,0.9889217134416544,66.89818572998047,0.9951994091580503,0.5554898381233215,0.9988921713441654,0.5554898381233215,0.9988921713441654,3.754281330259346e-09,3.958120942115784e-09,9.149669466523846e-09,0.9999998807907104,0.4324084520339966,0.23127372562885284,78,0.8653408288955688,0.8078184723854065,1.0,0.8078184723854065,0.7687262892723083,0.8078184127807617,0.0,0.9999999403953552
GCN,996,1583,0,1,10,-0.887592077255249,3.196868896484375,4.084460973739624,0.5669466257095337,0.015888851135969162,-0.00031610793666914105,0.5505924820899963,0.030029600486159325,0.10837438423645321,0,0.0,0.08932309839497557,128,0.3222067654132843,0.9999999403953552,0.5420838424578579,0.9889217134416544,65.9435043334961,0.9944608567208272,0.5474806427955627,0.9988921713441654,0.5474806427955627,0.9988921713441654,7.2813106655189586e-09,7.885366137827532e-09,2.448447666836273e-08,0.9999998807907104,0.3222067952156067,0.24224072694778442,124,0.5899695158004761,0.8105601668357849,1.0,0.8105601668357849,0.7577592730522156,0.8105601668357849,1.1641532182693481e-10,0.9999999403953552
GCN,996,1589,2,1,3,-3.4379286766052246,2.850825786590576,6.288754463195801,0.8017836213111877,0.03290301933884621,-0.0008180800941772759,0.486782431602478,0.06322282552719116,0.2046229632436529,0,0.0,0.05792044661549198,83,0.4019256830215454,0.9999999403953552,0.48221804679684355,0.9763663220088626,58.41777420043945,0.9811669128508124,0.4834526777267456,0.9981536189069424,0.4834526777267456,0.9981536189069424,4.5625303535246076e-09,4.472530790167184e-09,1.117105075110203e-08,0.9999998807907104,0.4019257128238678,0.3316139876842499,79,0.7499464154243469,0.8329035043716431,1.0,0.8329035043716431,0.6683859825134277,0.8329035043716431,0.0,0.9999999403953552
GCN,996,1591,3,1,1,-5.47230863571167,0.46171140670776367,5.934020042419434,0.9486831426620483,0.07737024128437042,-0.0017203261377289891,0.39016658067703247,0.19180983304977417,0.6494884425918909,1,0.0,0.02930914166085136,42,0.3739752471446991,0.9999999403953552,0.39193070580043016,0.9261447562776958,46.96845245361328,0.9069423929098966,0.3848869204521179,0.9863367799113737,0.3848869204521179,0.9863367799113737,0.0,2.980868885060772e-08,5.961737770121545e-08,0.9999998807907104,0.3739752471446991,0.4743937849998474,38,0.9112474918365479,0.868598461151123,0.9999999403953552,0.8685985207557678,0.5256061553955078,0.8685984015464783,0.0,0.9999999403953552
GCN,996,1597,3,1,2,-2.7957944869995117,3.307173728942871,6.102968215942383,0.8660253286361694,0.07410874962806702,-0.000698629068210721,0.43102797865867615,0.11273862421512604,0.38006820765441457,1,0.0,0.027913468248429867,40,0.3780723512172699,0.9999998807907104,0.4297647926864789,0.9512555391432792,51.123069763183594,0.9449778434268833,0.4245990216732025,0.9944608567208272,0.4245990216732025,0.9944608567208272,4.6566128730773926e-09,7.092741505232425e-09,1.874880517505062e-08,0.9999998807907104,0.3780723512172699,0.41791945695877075,36,0.5605037212371826,0.8544798493385315,1.0,0.8544798493385315,0.5820805430412292,0.8544798493385315,0.0,0.9999998807907104
GCN,996,1600,3,1,1,-3.880311965942383,2.151872158050537,6.03218412399292,0.9486831426620483,0.08537032455205917,0.0,0.36682188510894775,0.2196028232574463,0.7324744221295946,1,0.0,0.02930914166085136,42,0.3486832082271576,0.9999999403953552,0.37397508831618576,0.9080502215657311,44.67242431640625,0.8737075332348597,0.3616512715816498,0.9796898079763663,0.3616512715816498,0.9796898079763663,1.1019557710767458e-08,1.1029391622230378e-08,3.1623926588508766e-08,0.9999998807907104,0.3486832082271576,0.5099407434463501,37,0.8951737880706787,0.8774851560592651,1.0,0.8774851560592651,0.4900592565536499,0.8774851560592651,0.0,0.9999999403953552
GCN,996,1602,0,1,10,3.498750686645508,7.380923271179199,3.8821725845336914,0.5669466257095337,0.01875675655901432,-0.0005308197578415275,0.5243643522262573,0.03564446419477463,0.10837438423645321,0,0.0,0.09979064898813678,143,0.30663880705833435,0.9999999403953552,0.5140014287505721,0.9844903988183161,62.70194625854492,0.9903988183161004,0.5208626389503479,0.9985228951255539,0.5208626389503479,0.9985228951255539,1.2737772614457299e-08,3.343066268257644e-08,1.2903947776976565e-07,0.9999999403953552,0.3066388666629791,0.27885305881500244,140,0.5424399971961975,0.8197132349014282,1.0,0.8197132349014282,0.7211469411849976,0.8197132349014282,5.820766091346741e-11,0.9999999403953552
GCN,996,1605,3,1,3,-3.503572463989258,2.6915669441223145,6.195139408111572,0.8017836213111877,0.034807637333869934,0.0,0.497456431388855,0.06926673650741577,0.20954907161803712,0,0.0,0.055826936496859735,80,0.41066214442253113,0.9999999403953552,0.4919966978780296,0.9763663220088626,59.522003173828125,0.982274741506647,0.49330830574035645,0.9981536189069424,0.49330830574035645,0.9981536189069424,4.883896842500235e-09,6.320826528849466e-09,1.5402479291992677e-08,0.9999998807907104,0.41066214442253113,0.3170856833457947,75,0.7937110662460327,0.8292713761329651,1.0,0.8292713761329651,0.6829143166542053,0.8292714357376099,0.0,0.9999999403953552
GCN,996,1611,3,1,2,-3.7142624855041504,1.0494508743286133,4.763713359832764,0.8660253286361694,0.08774266391992569,0.0,0.48327749967575073,0.18319763243198395,0.6195528609321713,1,0.0,0.01465457083042568,21,0.4229605197906494,0.9999998807907104,0.4785651356521253,0.9756277695716395,57.70624542236328,0.9785819793205317,0.475401371717453,0.9981536189069424,0.475401371717453,0.9981536189069424,1.834492735497406e-08,1.944797922703856e-08,4.5982023522128657e-08,0.9999998807907104,0.4229605197906494,0.3488095700740814,16,0.8738486766815186,0.8372023105621338,1.0,0.8372023105621338,0.6511904001235962,0.8372023701667786,0.0,0.9999998807907104
GCN,996,1628,0,1,17,4.215144157409668,6.835160732269287,2.620016574859619,0.462909996509552,0.013872208073735237,-0.012059471569955349,0.5262945890426636,0.024273168295621872,0.10837438423645321,0,0.0,0.13189113747383113,189,0.2512199282646179,0.9999999403953552,0.5165147618310408,0.9859675036927622,62.951866149902344,0.9903988183161004,0.5231005549430847,0.9985228951255539,0.5231005549430847,0.9985228951255539,1.3111074004257262e-08,1.4032272233066578e-08,5.5857217517996105e-08,0.9999998807907104,0.2512199580669403,0.2764038145542145,187,0.42629116773605347,0.8191010355949402,1.0,0.8191010355949402,0.7235962152481079,0.8191009759902954,4.221660798719995e-09,0.9999999403953552
GCN,996,1629,2,1,3,-2.601318836212158,2.89575457572937,5.497073411941528,0.8017836213111877,0.040660664439201355,-0.0010745273903012276,0.46741539239883423,0.0805606096982956,0.2209170140204623,0,0.0,0.045359385903698535,65,0.38500866293907166,0.9999999403953552,0.46318588819263234,0.9663958641063516,55.93168640136719,0.9682422451994092,0.4631727635860443,0.9981536189069424,0.4631727635860443,0.9981536189069424,5.587935447692871e-09,3.034043416505483e-08,6.139925545767255e-08,0.9999998807907104,0.38500869274139404,0.3597463071346283,62,0.7314921617507935,0.8399365544319153,0.9999999403953552,0.8399366140365601,0.6402536630630493,0.8399365544319153,4.656612873077393e-10,0.9999999403953552
GCN,996,1632,2,1,3,-3.721757411956787,1.7289564609527588,5.450713872909546,0.8017836213111877,0.0515323206782341,0.0,0.5097285509109497,0.11621646583080292,0.3901098901098901,1,0.0,0.03628750872295883,52,0.4190332889556885,0.9999998211860657,0.5028926206095499,0.9844903988183161,61.411128997802734,0.9878138847858198,0.5049682855606079,0.9985228951255539,0.5049682855606079,0.9985228951255539,6.2475016271434924e-09,2.9935719680906914e-08,1.194010650351629e-07,0.9999999403953552,0.41903331875801086,0.3031647801399231,47,0.9216883182525635,0.8257911801338196,1.0,0.8257911801338196,0.6968352198600769,0.8257911801338196,0.0,0.9999998211860657
GCN,996,1637,0,1,2,-1.1105782985687256,3.81085467338562,4.921432971954346,0.8660253286361694,0.07311322540044785,0.0,0.5127680897712708,0.1485687494277954,0.5026525198938993,1,0.0,0.02372644801116539,34,0.4527062773704529,0.9999999403953552,0.5020509320273523,0.9844903988183161,61.09891891479492,0.9874446085672083,0.5058909058570862,0.9985228951255539,0.5058909058570862,0.9985228951255539,5.26835597369768e-09,3.027156481039128e-08,6.07443766398319e-08,0.9999998807907104,0.45270630717277527,0.3030129671096802,29,0.9023668766021729,0.8257532119750977,1.0,0.8257532119750977,0.6969870328903198,0.8257532119750977,0.0,0.9999999403953552
GCN,996,1644,0,1,2,0.7067614793777466,5.8130388259887695,5.106277346611023,0.8660253286361694,0.042852409183979034,0.0,0.5350989699363708,0.08843855559825897,0.23796892762410005,0,0.0,0.03279832519190509,47,0.47690555453300476,0.9999999403953552,0.5264374751507996,0.9863367799113737,64.09256744384766,0.9918759231905465,0.5314775705337524,0.9988921713441654,0.5314775705337524,0.9988921713441654,6.435567190266056e-09,6.000394137117837e-08,1.2008761984816374e-07,0.9999998807907104,0.4769055247306824,0.265755832195282,42,0.9563813805580139,0.8164389729499817,1.0,0.8164389729499817,0.734244167804718,0.8164389729499817,0.0,0.9999999403953552
GCN,996,1645,3,1,4,-1.7231816053390503,1.912879467010498,3.6360610723495483,0.7499998807907104,0.03293371573090553,0.0,0.5028820037841797,0.06652824580669403,0.2074649488442592,0,0.0,0.050942079553384506,73,0.38832712173461914,0.9999999403953552,0.49737057114072397,0.9763663220088626,60.17294692993164,0.9848596750369276,0.499144971370697,0.9985228951255539,0.499144971370697,0.9985228951255539,6.8437953082423064e-09,6.784127037917642e-09,1.747225830683874e-08,0.9999998807907104,0.38832715153694153,0.30964046716690063,68,0.7618905901908875,0.8274102210998535,1.0,0.8274102210998535,0.6903595328330994,0.827410101890564,0.0,0.9999999403953552
GCN,996,1653,4,1,5,-4.357476234436035,0.4096217155456543,4.7670979499816895,0.7071066498756409,0.027107516303658485,-0.0013394650304690003,0.5119528770446777,0.058206502348184586,0.1962864721485411,0,0.0,0.06489881367759945,93,0.37306347489356995,0.9999999403953552,0.5074673580139076,0.9844903988183161,61.333560943603516,0.9878138847858198,0.5088362693786621,0.9985228951255539,0.5088362693786621,0.9985228951255539,5.329737096104736e-09,7.0544228236713025e-09,1.891751111315898e-08,0.9999998807907104,0.37306350469589233,0.29654461145401,89,0.7374335527420044,0.8241361975669861,1.0,0.8241361975669861,0.70345538854599,0.8241361379623413,4.656612873077393e-10,0.9999999403953552
GCN,996,1661,5,1,4,0.060106635093688965,4.268062591552734,4.207955956459045,0.7499998807907104,0.024772167205810547,-0.002308540977537632,0.5639172196388245,0.05097145959734917,0.16331943918150815,0,0.0,0.04745289602233078,68,0.43631884455680847,0.9999998807907104,0.5528484806321781,0.990029542097489,67.5193862915039,0.9966765140324964,0.5607892870903015,0.9988921713441654,0.5607892870903015,0.9988921713441654,0.0,2.9817780244911773e-08,5.967372374016122e-08,0.9999998807907104,0.43631887435913086,0.22432181239128113,64,0.8151115775108337,0.8060804605484009,1.0,0.8060804605484009,0.7756781578063965,0.8060804605484009,0.0,0.9999998807907104
GCN,996,1668,2,1,2,-1.3588593006134033,3.994821786880493,5.3536810874938965,0.8660253286361694,0.052428293973207474,-0.0006536775035783648,0.4427758455276489,0.11137820780277252,0.37192118226600984,1,0.0,0.039078855547801813,56,0.3925636410713196,0.9999998807907104,0.43912675394174333,0.9601181683899557,52.7808837890625,0.955317577548006,0.4375148415565491,0.9966765140324964,0.4375148415565491,0.9966765140324964,4.6566128730773926e-09,4.799926678344946e-09,1.233697588531868e-08,0.9999998807907104,0.3925636410713196,0.39560866355895996,52,0.814608633518219,0.84890216588974,1.0,0.84890216588974,0.60439133644104,0.84890216588974,4.656612873077393e-10,0.9999998807907104
GCN,996,1675,6,1,4,-0.8908131122589111,3.377901792526245,4.268714904785156,0.7499998807907104,0.028180701658129692,0.0,0.5413676500320435,0.05456554889678955,0.18927624100037893,0,0.0,0.044661549197487785,64,0.41863685846328735,0.9999999403953552,0.5326294939880649,0.9881831610044313,64.8394546508789,0.9933530280649926,0.53850919008255,0.9988921713441654,0.53850919008255,0.9988921713441654,6.384826001237798e-09,5.839362771098422e-09,1.3931930276100957e-08,0.9999998807907104,0.41863688826560974,0.2557564973831177,59,0.7861766815185547,0.8139391541481018,1.0,0.8139391541481018,0.7442435026168823,0.813939094543457,0.0,0.9999999403953552
GCN,996,1679,3,1,3,-5.044883728027344,0.7183191776275635,5.763202905654907,0.8017836213111877,0.04936723783612251,-0.000553724414203316,0.46027153730392456,0.09257912635803223,0.2624100037893141,0,0.0,0.034891835310537335,50,0.3779639005661011,0.9999999403953552,0.4599972040412767,0.96602658788774,55.55567932128906,0.9663958641063516,0.45666271448135376,0.9974150664697193,0.45666271448135376,0.9974150664697193,7.333241125451195e-09,6.350773240626495e-09,1.6770297150969782e-08,0.9999998807907104,0.3779639005661011,0.37146151065826416,46,0.6920629739761353,0.8428654670715332,1.0,0.8428654670715332,0.6285384893417358,0.8428653478622437,4.656612873077393e-10,0.9999999403953552
GCN,996,1684,3,1,2,-4.453533172607422,0.376070499420166,4.829603672027588,0.8660253286361694,0.07073012739419937,0.0,0.42292356491088867,0.16165168583393097,0.5507768093974991,1,0.0,0.027913468248429867,40,0.3714258670806885,0.9999999403953552,0.42430262219479375,0.9505169867060561,50.81513595581055,0.9431314623338257,0.41714805364608765,0.9937223042836041,0.41714805364608765,0.9937223042836041,6.585445078144403e-09,6.585445078144403e-09,1.773017288542178e-08,0.9999998807907104,0.3714258670806885,0.4281523823738098,35,0.8370825052261353,0.8570380806922913,1.0,0.8570380806922913,0.5718476176261902,0.8570380806922913,0.0,0.9999999403953552
GCN,996,1688,4,1,3,-2.081150531768799,3.2545318603515625,5.335682392120361,0.8017836213111877,0.042996279895305634,0.0,0.46991291642189026,0.09516283869743347,0.27472527472527475,0,0.0,0.04815073272854152,69,0.3868660628795624,0.9999998807907104,0.4661748564509579,0.9667651403249631,56.631595611572266,0.9715657311669128,0.4658353924751282,0.9981536189069424,0.4658353924751282,0.9981536189069424,7.3480110884815986e-09,3.069569842750752e-08,6.257612028548465e-08,0.9999998807907104,0.38686609268188477,0.35665756464004517,64,0.8338945508003235,0.8391644358634949,1.0,0.8391644358634949,0.6433424353599548,0.8391643762588501,0.0,0.9999998807907104
GCN,996,1695,0,1,3,1.9000177383422852,6.465210914611816,4.565193176269531,0.8017836213111877,0.03938470408320427,0.0,0.4977901577949524,0.07995791733264923,0.22034861690034105,0,0.0,0.0418702023726448,60,0.41049811244010925,0.9999999403953552,0.49016920165636824,0.9763663220088626,59.610435485839844,0.982274741506647,0.49417680501937866,0.9981536189069424,0.49417680501937866,0.9981536189069424,7.092741505232425e-09,7.277587421583576e-09,1.7725716006111725e-08,0.9999998807907104,0.41049814224243164,0.31735843420028687,55,0.8102842569351196,0.8293395638465881,1.0,0.8293395638465881,0.6826415657997131,0.8293396234512329,0.0,0.9999999403953552
GCN,996,1705,1,1,7,-1.0120776891708374,2.9606287479400635,3.972706437110901,0.6396021246910095,0.022932209074497223,0.0,0.5072917342185974,0.04581192508339882,0.12315270935960591,0,0.0,0.08443824145150035,121,0.3345128297805786,0.9999998807907104,0.5018319306473822,0.9844903988183161,60.668212890625,0.9859675036927622,0.5037765502929688,0.9985228951255539,0.5037765502929688,0.9985228951255539,7.4487611634310724e-09,7.624092468461185e-09,2.2833591017956678e-08,0.9999998807907104,0.3345128297805786,0.30266472697257996,116,0.6481870412826538,0.8256662487983704,1.0,0.8256662487983704,0.6973352432250977,0.8256661891937256,0.0,0.9999998807907104
GCN,996,1707,5,1,1,-2.6098055839538574,2.35103702545166,4.960842609405518,0.9486831426620483,0.06727758795022964,0.0,0.46108871698379517,0.1511303335428238,0.517620310723759,1,0.0,0.030006978367062107,43,0.446724534034729,0.9999999403953552,0.45965825385255277,0.96602658788774,55.5638313293457,0.9663958641063516,0.4563486874103546,0.9974150664697193,0.4563486874103546,0.9974150664697193,8.119082295365843e-09,8.122420069867076e-09,1.8198539564195926e-08,0.9999998807907104,0.446724534034729,0.3721478581428528,38,0.9826230406761169,0.8430370092391968,1.0,0.8430370092391968,0.6278521418571472,0.843036949634552,0.0,0.9999999403953552
GCN,996,1726,2,1,3,-2.767428159713745,3.5982844829559326,6.365712642669678,0.8017836213111877,0.029439043253660202,0.0,0.561542809009552,0.0598287358880043,0.19969685486926866,0,0.0,0.045359385903698535,65,0.4643464982509613,0.9999999403953552,0.5504608304452663,0.990029542097489,67.1624526977539,0.9966765140324964,0.5580868721008301,0.9988921713441654,0.5580868721008301,0.9988921713441654,2.935882648102961e-09,3.365993483939178e-09,7.205824825717855e-09,0.9999998807907104,0.4643465280532837,0.22781071066856384,60,0.9150107502937317,0.8069526553153992,1.0,0.8069526553153992,0.7721892595291138,0.806952714920044,0.0,0.9999999403953552
GCN,996,1727,2,1,3,-3.438784599304199,2.0566253662109375,5.495409965515137,0.8017836213111877,0.041580550372600555,-0.0005782300140708685,0.5097013115882874,0.08223385363817215,0.22300113679424025,0,0.0,0.03977669225401256,57,0.42016518115997314,0.9999999403953552,0.5006116166153471,0.9844903988183161,61.16730880737305,0.9874446085672083,0.505485475063324,0.9985228951255539,0.505485475063324,0.9985228951255539,6.600861635064348e-09,5.991160634266635e-08,1.200722579142166e-07,0.9999999403953552,0.4201652407646179,0.30128252506256104,53,0.8082270622253418,0.8253206610679626,1.0000001192092896,0.8253205418586731,0.6987175941467285,0.8253207206726074,0.0,0.9999999403953552
GCN,996,1734,2,1,4,-3.9004368782043457,1.3451085090637207,5.245545387268066,0.7499998807907104,0.04960022494196892,0.0,0.5752037167549133,0.10379353165626526,0.3421750663129973,1,0.0,0.03210048848569435,46,0.442920446395874,1.0,0.5636361886066853,0.9937223042836041,68.74009704589844,0.9970457902511078,0.5707061290740967,0.9992614475627769,0.5707061290740967,0.9992614475627769,6.177695244247161e-09,5.992529139575709e-08,1.2002787741494103e-07,0.9999999403953552,0.4429205358028412,0.21258553862571716,41,0.9027542471885681,0.8031463027000427,1.0,0.8031463027000427,0.7874144315719604,0.8031463623046875,0.0,1.0
GCN,996,1749,2,1,4,-3.735950469970703,2.291198253631592,6.027148723602295,0.7499998807907104,0.02372104860842228,-0.05263684689998627,0.5731357932090759,0.049780093133449554,0.15289882531261842,0,0.0,0.061409630146545706,88,0.44230878353118896,0.9999998807907104,0.5607170351792352,0.9926144756277696,68.60936737060547,0.9970457902511078,0.5698694586753845,0.9988921713441654,0.5698694586753845,0.9988921713441654,2.9080537977677068e-09,2.842060142782543e-09,6.488012349592509e-09,0.9999998807907104,0.44230878353118896,0.21367309987545013,84,0.9020707607269287,0.8034182786941528,1.0,0.8034182786941528,0.7863268852233887,0.8034182786941528,1.4551915228366852e-08,0.9999998807907104
GCN,996,1752,2,1,3,-3.789240837097168,2.6865084171295166,6.475749254226685,0.8017836213111877,0.04047592729330063,-0.0007173162302933633,0.5425503849983215,0.07593904435634613,0.21580143993937098,0,0.0,0.03838101884159107,55,0.4476231336593628,0.9999998807907104,0.5330169967693207,0.9881831610044313,64.88017272949219,0.9933530280649926,0.5386356115341187,0.9988921713441654,0.5386356115341187,0.9988921713441654,5.5306466073545835e-09,3.027290773616187e-08,1.1979850000898296e-07,0.9999999403953552,0.4476231634616852,0.2556210160255432,51,0.8161417245864868,0.8139052391052246,1.0,0.8139052391052246,0.7443789839744568,0.8139052391052246,0.0,0.9999998807907104
GCN,996,1753,2,1,3,-3.312391996383667,2.9578909873962402,6.270282983779907,0.8017836213111877,0.03781340271234512,-0.0007678240654058754,0.5364437699317932,0.08444909751415253,0.22735884804850323,0,0.0,0.040474528960223306,58,0.44279181957244873,0.9999999403953552,0.5275058638441122,0.9870753323485968,64.40441131591797,0.992245199409158,0.5327396392822266,0.9988921713441654,0.5327396392822266,0.9988921713441654,3.9803147444672504e-09,4.101059047911804e-09,9.43633615690942e-09,0.9999998807907104,0.4427918493747711,0.26365533471107483,54,0.9605735540390015,0.8159138560295105,1.0,0.8159138560295105,0.7363446950912476,0.8159137964248657,4.656612873077393e-10,0.9999999403953552
GCN,996,1760,2,1,2,-2.458437442779541,4.76463508605957,7.223072528839111,0.8660253286361694,0.03895721957087517,0.0,0.5435685515403748,0.08033736050128937,0.2209170140204623,0,0.0,0.04326587578506629,62,0.4848697781562805,0.9999999403953552,0.5355111775928005,0.9889217134416544,65.22991180419922,0.9940915805022157,0.5401948690414429,0.9988921713441654,0.5401948690414429,0.9988921713441654,0.0,2.9803231882397085e-08,5.960646376479417e-08,0.9999998807907104,0.4848697781562805,0.2534940242767334,57,0.9707659482955933,0.8133735656738281,1.0,0.8133735656738281,0.7465059757232666,0.8133735060691833,0.0,0.9999999403953552
GCN,996,1764,5,1,2,-2.426436424255371,4.080756187438965,6.507192611694336,0.8660253286361694,0.04298344999551773,0.0,0.5141356587409973,0.08817246556282043,0.23796892762410005,0,0.0,0.041172365666434056,59,0.45804449915885925,0.9999999403953552,0.5072255483800058,0.9844903988183161,61.879638671875,0.9885524372230429,0.5105617642402649,0.9985228951255539,0.5105617642402649,0.9985228951255539,3.2261959770352178e-09,3.2844804653819892e-09,7.150351422069434e-09,0.9999998807907104,0.45804452896118164,0.2947941720485687,54,0.913355827331543,0.8236985206604004,1.0,0.8236985206604004,0.7052057981491089,0.8236985206604004,0.0,0.9999999403953552
GCN,996,1768,1,1,3,-1.7506147623062134,3.383218765258789,5.133833527565002,0.8017836213111877,0.0384545661509037,-0.0009507810464128852,0.5095300674438477,0.0658901184797287,0.20670708601743085,0,0.0,0.039078855547801813,56,0.4203276038169861,0.9999998807907104,0.5015825618166085,0.9844903988183161,60.988800048828125,0.9870753323485968,0.5058439373970032,0.9985228951255539,0.5058439373970032,0.9985228951255539,2.63417798684884e-09,2.997733972165406e-08,6.010286313085089e-08,0.9999998807907104,0.4203275740146637,0.30101245641708374,52,0.6838627457618713,0.8252531290054321,1.0,0.8252531290054321,0.6989875435829163,0.8252531290054321,4.656612873077393e-10,0.9999998807907104
GCN,996,1771,1,1,3,-1.9147841930389404,3.5912981033325195,5.50608229637146,0.8017836213111877,0.02847922407090664,0.0,0.561488926410675,0.058493319898843765,0.1964759378552482,0,0.0,0.052337752965806,75,0.46436572074890137,0.9999999403953552,0.5491930199967912,0.990029542097489,67.20753479003906,0.9966765140324964,0.557924211025238,0.9988921713441654,0.557924211025238,0.9988921713441654,1.7267182128577474e-09,2.986047320518992e-08,5.973859629193612e-08,0.9999998807907104,0.46436578035354614,0.22777873277664185,70,0.9246481657028198,0.8069446086883545,1.0,0.8069446086883545,0.7722212672233582,0.8069446682929993,0.0,0.9999999403953552
GCN,996,1777,1,1,5,-2.504456043243408,2.2171168327331543,4.7215728759765625,0.7071066498756409,0.02049332670867443,0.0,0.5552321076393127,0.040775638073682785,0.10837438423645321,0,0.0,0.06838799720865317,98,0.4052281081676483,0.9999998807907104,0.5441441882934888,0.9889217134416544,66.46942138671875,0.9944608567208272,0.5519463419914246,0.9988921713441654,0.5519463419914246,0.9988921713441654,3.5156655364687595e-09,3.007393445386697e-08,1.1962016799316189e-07,0.9999999403953552,0.4052281677722931,0.2358943223953247,93,0.7811740636825562,0.8089735507965088,1.0,0.8089735507965088,0.7641056776046753,0.8089735507965088,0.0,0.9999998807907104
GCN,996,1779,1,1,6,-1.906769037246704,2.418518543243408,4.325287580490112,0.6708203554153442,0.01649351976811886,0.0,0.577410876750946,0.03251941502094269,0.10837438423645321,0,0.0,0.08094905792044661,116,0.39997202157974243,0.9999999403953552,0.5644241378363295,0.9937223042836041,69.11248016357422,0.9970457902511078,0.5741122961044312,0.9996307237813885,0.5741122961044312,0.9996307237813885,3.453436425715495e-09,3.000716475298759e-08,1.195397061337644e-07,0.9999999403953552,0.3999720811843872,0.2050090730190277,111,0.7636961340904236,0.8012522459030151,1.0,0.8012522459030151,0.7949908971786499,0.8012522459030151,0.0,0.9999999403953552
GCN,996,1781,1,1,5,-1.789484977722168,2.851182699203491,4.640667676925659,0.7071066498756409,0.020358620211482048,0.0,0.5633673667907715,0.03798927366733551,0.10837438423645321,0,0.0,0.06908583391486392,99,0.4111887812614441,0.9999999403953552,0.5520253840808838,0.990029542097489,67.44304656982422,0.9966765140324964,0.5600629448890686,0.9988921713441654,0.5600629448890686,0.9988921713441654,5.509778855383729e-09,5.514695811115189e-09,6.109402761467209e-08,0.9999998807907104,0.4111888110637665,0.22465477883815765,94,0.7433429956436157,0.8061636686325073,1.0,0.8061636686325073,0.7753452062606812,0.8061636686325073,0.0,0.9999999403953552
GCN,996,1783,1,1,2,-2.008667469024658,2.990964412689209,4.999631881713867,0.8660253286361694,0.05284871533513069,0.0,0.4864295721054077,0.11507858335971832,0.3874573702159909,1,0.0,0.03349616189811584,48,0.4319547712802887,0.9999999403953552,0.4819890601986248,0.9763663220088626,58.36810302734375,0.9807976366322009,0.4827041029930115,0.9981536189069424,0.4827041029930115,0.9981536189069424,3.725290298461914e-09,3.7398137919808505e-09,8.649365668134124e-09,0.9999998807907104,0.4319548010826111,0.33496198058128357,43,0.9172983765602112,0.8337405323982239,1.0,0.8337405323982239,0.665037989616394,0.8337404727935791,0.0,0.9999999403953552
GCN,996,1786,1,1,3,-1.9645698070526123,3.4898107051849365,5.454380512237549,0.8017836213111877,0.04280943050980568,-0.1264849752187729,0.5033406019210815,0.29741233587265015,0.8736263736263736,1,0.0,0.040474528960223306,58,0.4091989994049072,0.9999998807907104,0.486213977087374,0.9763663220088626,60.277488708496094,0.9848596750369276,0.4994867444038391,0.9985228951255539,0.4994867444038391,0.9985228951255539,2.7548894276918645e-09,2.996739212335342e-08,1.1945084565923025e-07,0.9999999403953552,0.4091990292072296,0.3195188045501709,56,0.7213177680969238,0.8298797607421875,1.0,0.8298797607421875,0.6804811954498291,0.8298797011375427,9.313225746154785e-10,0.9999998807907104
GCN,996,1794,4,1,4,-2.7476487159729004,2.0563716888427734,4.804020404815674,0.7499998807907104,0.03236208111047745,-0.001760800601914525,0.48268923163414,0.058639444410800934,0.1964759378552482,0,0.0,0.05792044661549198,83,0.372606486082077,0.9999999403953552,0.4810273714476077,0.9763663220088626,57.98855209350586,0.9796898079763663,0.47898489236831665,0.9981536189069424,0.47898489236831665,0.9981536189069424,5.587935447692871e-09,3.04011216201161e-08,6.17447071249444e-08,0.9999998807907104,0.372606486082077,0.3375883102416992,80,0.6559672355651855,0.83439701795578,1.0,0.83439701795578,0.6624116897583008,0.8343970775604248,2.3283064365386963e-10,0.9999999403953552
GCN,996,1803,0,1,4,0.10324954986572266,3.6725916862487793,3.5693421363830566,0.7499998807907104,0.03411750867962837,0.0,0.4966946542263031,0.07415275275707245,0.21314892004547176,0,0.0,0.04884856943475227,70,0.3834017813205719,0.9999998807907104,0.4921678508893286,0.9763663220088626,59.67085266113281,0.982274741506647,0.4931279718875885,0.9981536189069424,0.4931279718875885,0.9981536189069424,7.450580596923828e-09,3.150190863721036e-08,6.528294704821747e-08,0.9999998807907104,0.3834017515182495,0.31839674711227417,65,0.8096562623977661,0.8295992016792297,1.0,0.8295992016792297,0.6816032528877258,0.8295992016792297,0.0,0.9999998807907104
GCN,996,1807,3,1,5,-3.3365044593811035,2.3615355491638184,5.698040008544922,0.7071066498756409,0.027405831962823868,0.0,0.5646461248397827,0.062157079577445984,0.20310723758999621,0,0.0,0.06629448709002093,95,0.41168805956840515,0.9999998807907104,0.554777299301253,0.9911373707533235,67.54540252685547,0.9966765140324964,0.5614758729934692,0.9988921713441654,0.5614758729934692,0.9988921713441654,3.017829985907383e-09,2.9933907796930725e-08,6.000819752216557e-08,0.9999998807907104,0.41168808937072754,0.22371336817741394,90,0.9055426120758057,0.8059283494949341,1.0,0.8059283494949341,0.7762866020202637,0.8059283494949341,0.0,0.9999998807907104
GCN,996,1809,3,1,3,-3.2632975578308105,3.6781861782073975,6.941483736038208,0.8017836213111877,0.030296210199594498,-0.1414376199245453,0.5246248841285706,0.2579632103443146,0.8103448275862069,1,0.0,0.055826936496859735,80,0.4292137026786804,0.9999999403953552,0.5109771713114397,0.9844903988183161,62.87717819213867,0.9903988183161004,0.5213261842727661,0.9985228951255539,0.5213261842727661,0.9985228951255539,4.928095709288982e-09,3.020792505026293e-08,6.071115166150776e-08,0.9999998807907104,0.4292137026786804,0.2862352132797241,76,0.8405635952949524,0.8215588331222534,1.0,0.8215588331222534,0.7137647867202759,0.8215588331222534,4.656612873077393e-10,0.9999999403953552
GCN,996,1810,3,0,44,-8.097492218017578,-6.180206298828125,1.9172859191894531,0.3061861991882324,0.007939258590340614,-0.01255830843001604,0.4866817593574524,0.015314240008592606,0.10837438423645321,0,0.0,0.2882065596650384,413,0.153693288564682,0.9999999403953552,0.48355781162804945,0.9763663220088626,58.18714904785156,0.9807976366322009,0.4835958778858185,0.9981536189069424,0.4835958778858185,0.9981536189069424,2.2952425737798876e-08,3.765639888797523e-08,2.3324294318172178e-07,0.9999999403953552,0.1536933183670044,0.33071959018707275,412,0.28743934631347656,0.832679808139801,1.0,0.832679808139801,0.6692804098129272,0.8326798677444458,2.982255276062773e-10,0.9999999403953552
GCN,996,1817,3,1,2,-2.741349220275879,4.273052215576172,7.014401435852051,0.8660253286361694,0.040711306035518646,0.0,0.5410550832748413,0.08439037203788757,0.22735884804850323,0,0.0,0.039078855547801813,56,0.48245754837989807,0.9999998807907104,0.5334499472544153,0.9881831610044313,64.91204833984375,0.9937223042836041,0.538101851940155,0.9988921713441654,0.538101851940155,0.9988921713441654,7.736145946068973e-09,7.679882507716229e-09,6.169363331309796e-08,0.9999998807907104,0.48245757818222046,0.25720787048339844,51,0.9712923765182495,0.8143019676208496,1.0,0.8143019676208496,0.7427921295166016,0.8143019676208496,0.0,0.9999998807907104
GCN,996,1822,3,1,2,-4.355653762817383,1.411854863166809,5.767508625984192,0.8660253286361694,0.04931676387786865,0.0,0.4864170551300049,0.1079750508069992,0.3594164456233422,1,0.0,0.039078855547801813,56,0.432389497756958,0.9999999403953552,0.4825629981574076,0.9763663220088626,58.552974700927734,0.9811669128508124,0.48276007175445557,0.9981536189069424,0.48276007175445557,0.9981536189069424,7.623203401863066e-09,3.076713994687452e-08,6.216963299721101e-08,0.9999998807907104,0.4323894679546356,0.3342927396297455,51,0.92229163646698,0.8335732221603394,1.0,0.8335732221603394,0.6657072305679321,0.8335731625556946,0.0,0.9999999403953552
GCN,996,1825,5,1,4,-3.5737454891204834,1.7877293825149536,5.361474871635437,0.7499998807907104,0.026812797412276268,-0.07795780897140503,0.5281630754470825,0.05160094052553177,0.17032967032967034,0,0.0,0.06071179344033496,87,0.40631940960884094,0.9999998807907104,0.5166420587196456,0.9859675036927622,63.286033630371094,0.9911373707533235,0.5250451564788818,0.9985228951255539,0.5250451564788818,0.9985228951255539,4.771608441700437e-09,3.042340068759586e-08,6.147912046117199e-08,0.9999998807907104,0.40631943941116333,0.27765417098999023,84,0.7623330950737,0.8194135427474976,1.0,0.8194135427474976,0.7223458290100098,0.8194135427474976,1.4435969752923938e-08,0.9999998807907104
GCN,996,1829,5,1,5,-2.42950701713562,2.3315131664276123,4.761020183563232,0.7071066498756409,0.027531038969755173,-0.0005992338410578668,0.5084201097488403,0.04101826995611191,0.10894278135657447,0,0.0,0.0628053035589672,90,0.3704613447189331,0.9999999403953552,0.5015094443807772,0.9844903988183161,60.848995208740234,0.9870753323485968,0.5047576427459717,0.9985228951255539,0.5047576427459717,0.9985228951255539,9.359675701148262e-09,9.327766115063696e-09,2.5181389418094113e-08,0.9999998807907104,0.3704613745212555,0.3014512062072754,87,0.5356267690658569,0.8253628015518188,1.0,0.8253628015518188,0.6985487937927246,0.8253628015518188,1.1641532182693481e-10,0.9999999403953552
GCN,996,1836,6,1,2,-1.6981128454208374,2.209763526916504,3.9078763723373413,0.8660253286361694,0.05269947648048401,-0.0009779604151844978,0.44506680965423584,0.11876028031110764,0.39636225843122397,1,0.0,0.0418702023726448,60,0.39457711577415466,0.9999999403953552,0.44442292085161134,0.9612259970457903,53.52328109741211,0.9582717872968981,0.44088566303253174,0.9970457902511078,0.44088566303253174,0.9970457902511078,8.225217840163168e-09,3.0961224695147394e-08,6.328205159888967e-08,0.9999998807907104,0.39457717537879944,0.3925085961818695,56,0.86860191822052,0.8481271266937256,1.0,0.8481271266937256,0.6074913740158081,0.8481271266937256,4.656612873077393e-10,0.9999999403953552
GCN,996,1838,0,1,4,1.8548146486282349,6.393655776977539,4.538841128349304,0.7499998807907104,0.02996130846440792,-0.0023238160647451878,0.5327913761138916,0.054271601140499115,0.1883289124668435,0,0.0,0.05373342637822749,77,0.41176626086235046,0.9999999403953552,0.5213090980655689,0.9863367799113737,63.77493667602539,0.9918759231905465,0.5295438170433044,0.9988921713441654,0.5295438170433044,0.9988921713441654,5.350040854779081e-09,3.030109851920315e-08,6.108604111432214e-08,0.9999998807907104,0.41176626086235046,0.2679709494113922,75,0.683283805847168,0.8169927597045898,1.0,0.8169927597045898,0.7320290803909302,0.8169927597045898,6.984919309616089e-10,0.9999999403953552
GCN,996,1841,0,1,5,2.696658134460449,6.897819519042969,4.2011613845825195,0.7071066498756409,0.02428826317191124,0.0,0.5580392479896545,0.04461868852376938,0.11708980674497915,0,0.0,0.051639916259595256,74,0.4070594608783722,0.9999999403953552,0.545800242864835,0.9889217134416544,66.8697509765625,0.9951994091580503,0.5551072955131531,0.9988921713441654,0.5551072955131531,0.9988921713441654,4.4664663079174716e-09,3.016482352791172e-08,6.069779345807547e-08,0.9999998807907104,0.40705952048301697,0.23244106769561768,69,0.724886417388916,0.808110237121582,1.0,0.808110237121582,0.7675589323043823,0.808110237121582,0.0,0.9999999403953552
GCN,996,1845,5,1,2,0.2728579044342041,4.847020626068115,4.574162721633911,0.8660253286361694,0.04723455011844635,0.0,0.49518170952796936,0.09944137930870056,0.31110269041303523,0,0.0,0.034193998604326585,49,0.44053176045417786,0.9999998807907104,0.4902870180353709,0.9763663220088626,59.39384078979492,0.982274741506647,0.49187925457954407,0.9981536189069424,0.49187925457954407,0.9981536189069424,6.71586253275791e-09,7.461486539739326e-09,1.6931918978002614e-08,0.9999998807907104,0.44053176045417786,0.32175689935684204,44,0.9028229117393494,0.8304392695426941,1.0,0.8304392695426941,0.678243100643158,0.8304392099380493,0.0,0.9999998807907104
GCN,996,1852,3,1,2,-1.9251444339752197,4.256002902984619,6.181147336959839,0.8660253286361694,0.04241049662232399,0.0,0.5471697449684143,0.087956503033638,0.23796892762410005,0,0.0,0.041172365666434056,59,0.4877966046333313,0.9999998807907104,0.5377682061050718,0.9889217134416544,65.83316040039062,0.9944608567208272,0.5437946319580078,0.9988921713441654,0.5437946319580078,0.9988921713441654,1.0148852869207303e-09,5.961510396446101e-08,1.1923107479105965e-07,0.9999999403953552,0.4877966642379761,0.24898779392242432,54,0.9827594757080078,0.8122469186782837,1.0,0.8122469186782837,0.7510122060775757,0.8122469186782837,0.0,0.9999998807907104
GCN,996,1853,3,1,1,-2.6860361099243164,4.4934258460998535,7.17946195602417,0.9486831426620483,0.07529958337545395,-0.003417602041736245,0.48010414838790894,0.16804833710193634,0.5744600227358848,1,0.0,0.027913468248429867,40,0.4640049934387207,0.9999999403953552,0.4747391354601811,0.9726735598227474,57.39360427856445,0.9778434268833087,0.47548016905784607,0.9981536189069424,0.47548016905784607,0.9981536189069424,7.450580596923828e-09,3.072041465657094e-08,6.171324429260494e-08,0.9999998807907104,0.4640049934387207,0.3478609323501587,36,0.9960211515426636,0.8369653224945068,1.0,0.8369653224945068,0.6521390676498413,0.8369652032852173,0.0,0.9999999403953552
GCN,996,1858,3,1,2,-3.324124336242676,4.287990093231201,7.612114429473877,0.8660253286361694,0.04219500720500946,0.0,0.5086117386817932,0.08845524489879608,0.23796892762410005,0,0.0,0.04396371249127704,63,0.4531558156013489,0.9999999403953552,0.5044706865042038,0.9844903988183161,61.448177337646484,0.9878138847858198,0.5058216452598572,0.9985228951255539,0.5058216452598572,0.9985228951255539,4.568466938081883e-09,3.026171313535997e-08,6.072314562288739e-08,0.9999998807907104,0.4531558156013489,0.3023208975791931,58,0.9233779311180115,0.8255802989006042,1.0,0.8255802989006042,0.6976791024208069,0.8255802392959595,0.0,0.9999999403953552
GCN,996,1862,3,0,4,-5.972410202026367,-0.6599497199058533,5.312460482120514,0.7499998807907104,0.03824695572257042,-0.001332026906311512,0.4906512498855591,0.07595839351415634,0.21580143993937098,0,0.0,0.050942079553384506,73,0.378222793340683,0.9999998807907104,0.4846592038599749,0.9763663220088626,58.73590850830078,0.9819054652880355,0.48664677143096924,0.9981536189069424,0.48664677143096924,0.9981536189069424,9.875423145899731e-09,3.050259067549632e-08,6.202897395723994e-08,0.9999998807907104,0.3782227635383606,0.32760393619537354,69,0.7139639854431152,0.8319010734558105,1.0000001192092896,0.831900954246521,0.672396183013916,0.8319010734558105,0.0,0.9999998807907104
GCN,996,1866,3,1,2,-3.955976724624634,2.8090243339538574,6.765001058578491,0.8660253286361694,0.050968583673238754,-0.0024933686945587397,0.5023989677429199,0.11278632283210754,0.38006820765441457,1,0.0,0.03698534542916958,53,0.4464610517024994,0.9999999403953552,0.4960928038340279,0.9763663220088626,60.1121826171875,0.9848596750369276,0.4981031119823456,0.9985228951255539,0.4981031119823456,0.9985228951255539,1.2479809186061175e-08,1.2344416155940507e-08,2.7644494693390698e-08,0.9999998807907104,0.4464610815048218,0.3126280903816223,49,0.9353762865066528,0.8281569480895996,1.0,0.8281569480895996,0.6873719096183777,0.8281570076942444,0.0,0.9999999403953552
GCN,996,1870,3,1,4,-3.6366124153137207,2.809746503829956,6.446358919143677,0.7499998807907104,0.035886626690626144,0.0,0.5773873925209045,0.07862374931573868,0.21883289124668434,0,0.0,0.04954640614096301,71,0.44603049755096436,0.9999999403953552,0.5668132240676924,0.9937223042836041,69.1517105102539,0.9970457902511078,0.5737612843513489,0.9996307237813885,0.5737612843513489,0.9996307237813885,4.132334030515494e-09,5.975996941742778e-08,1.1959441792441794e-07,0.9999999403953552,0.44603055715560913,0.20705664157867432,66,0.9487452507019043,0.8017640709877014,1.0,0.8017640709877014,0.7929433584213257,0.8017641305923462,0.0,0.9999999403953552
GCN,996,1872,3,1,1,-2.5597214698791504,4.873681545257568,7.433403015136719,0.9486831426620483,0.06322353333234787,0.0,0.47789597511291504,0.1386658400297165,0.4509283819628647,1,0.0,0.03279832519190509,47,0.4640049934387207,0.9999999403953552,0.475264046711754,0.9726735598227474,58.01207733154297,0.9796898079763663,0.4746829569339752,0.9981536189069424,0.4746829569339752,0.9981536189069424,0.0,2.9803231882397085e-08,5.960646376479417e-08,0.9999998807907104,0.4640049934387207,0.3478609621524811,42,0.9943636655807495,0.8369652628898621,1.0,0.8369652628898621,0.6521390676498413,0.8369652628898621,0.0,0.9999999403953552
GCN,996,1878,5,1,3,-1.740909218788147,3.5310592651367188,5.271968483924866,0.8017836213111877,0.03861081600189209,0.0,0.5036199688911438,0.08942833542823792,0.2451686244789693,0,0.0,0.04675505931612003,67,0.4154302477836609,0.9999998807907104,0.49845523922244855,0.9763663220088626,60.47616195678711,0.9859675036927622,0.5002694129943848,0.9985228951255539,0.5002694129943848,0.9985228951255539,2.8325071177448535e-09,2.9879529961363005e-08,5.982413142646692e-08,0.9999998807907104,0.4154302775859833,0.30915647745132446,62,0.9352470636367798,0.8272891044616699,1.0,0.8272891044616699,0.6908435225486755,0.8272891044616699,0.0,0.9999998807907104
GCN,996,1879,5,1,4,-0.1667541265487671,4.38850736618042,4.555261492729187,0.7499998807907104,0.02803421951830387,-0.0008202655590139329,0.5312343835830688,0.058381885290145874,0.1964759378552482,0,0.0,0.0628053035589672,90,0.4107494652271271,0.9999998807907104,0.5216311987447558,0.9863367799113737,63.69023132324219,0.9918759231905465,0.5279951691627502,0.9985228951255539,0.5279951691627502,0.9985228951255539,2.5505320078167415e-09,4.894983973713352e-09,1.1982544734223666e-08,0.9999998807907104,0.4107494652271271,0.2697785496711731,86,0.8297302722930908,0.8174446821212769,1.0,0.8174446821212769,0.7302214503288269,0.8174446225166321,4.656612873077393e-10,0.9999998807907104
GCN,996,1881,5,1,5,-4.775415420532227,0.02930474281311035,4.804720163345337,0.7071066498756409,0.03032173030078411,-0.00031420530285686255,0.5386613011360168,0.06049244850873947,0.2006441834028041,0,0.0,0.05512909979064899,79,0.39241155982017517,0.9999998807907104,0.5282144775434492,0.9870753323485968,64.37419128417969,0.992245199409158,0.5345708727836609,0.9988921713441654,0.5345708727836609,0.9988921713441654,9.656157651249941e-09,3.1383809329099677e-08,1.218136986835816e-07,0.9999999403953552,0.39241161942481995,0.26006144285202026,75,0.7598851323127747,0.8150153160095215,1.0,0.8150153160095215,0.7399385571479797,0.8150153756141663,2.3283064365386963e-10,0.9999998807907104
GCN,996,1891,4,1,3,-1.946642518043518,4.243833541870117,6.190476059913635,0.8017836213111877,0.03477390855550766,0.0,0.5475948452949524,0.0730295330286026,0.21295945433876468,0,0.0,0.045359385903698535,65,0.45235830545425415,0.9999999403953552,0.5383895322185949,0.9889217134416544,65.54938507080078,0.9940915805022157,0.5446067452430725,0.9988921713441654,0.5446067452430725,0.9988921713441654,2.7152484705084134e-09,2.995291836782599e-08,5.997161167670129e-08,0.9999998807907104,0.45235833525657654,0.24774666130542755,60,0.9220651388168335,0.8119366765022278,1.0,0.8119366765022278,0.7522533535957336,0.8119366765022278,0.0,0.9999999403953552
GCN,996,1899,5,1,5,-2.1464803218841553,2.185431957244873,4.331912279129028,0.7071066498756409,0.03274163976311684,-0.000450402993010357,0.49508601427078247,0.05090383067727089,0.16331943918150815,0,0.0,0.061409630146545706,88,0.3602234125137329,0.9999998807907104,0.49108513497136963,0.9763663220088626,59.222320556640625,0.982274741506647,0.49096837639808655,0.9981536189069424,0.49096837639808655,0.9981536189069424,1.107843328185254e-08,7.443301086595966e-09,2.064061632722769e-08,0.9999998807907104,0.3602234125137329,0.32075613737106323,85,0.5442715883255005,0.8301891088485718,1.0,0.8301891088485718,0.6792438626289368,0.830189049243927,1.1641532182693481e-10,0.9999998807907104
GCN,996,1901,5,0,6,-4.406793594360352,-0.45746850967407227,3.9493250846862793,0.6708203554153442,0.02412213571369648,-0.0002136195107595995,0.5103458166122437,0.04760940745472908,0.1330049261083744,0,0.0,0.0732728541521284,105,0.3529522716999054,0.9999999403953552,0.5026919793879508,0.9844903988183161,61.11865234375,0.9874446085672083,0.5071393251419067,0.9985228951255539,0.5071393251419067,0.9985228951255539,5.079765053039864e-09,6.09376105131787e-09,1.7315063161049693e-08,0.9999998807907104,0.3529523015022278,0.29846638441085815,101,0.6756905317306519,0.8246166706085205,1.0,0.8246166706085205,0.7015336155891418,0.8246166110038757,1.1641532182693481e-10,0.9999999403953552
GCN,996,1904,5,1,3,-3.5918307304382324,0.8555890917778015,4.447419822216034,0.8017836213111877,0.03409658744931221,-0.0004058080376125872,0.5109619498252869,0.0707746148109436,0.21049640015157256,0,0.0,0.04884856943475227,70,0.42194342613220215,0.9999999403953552,0.5045113589801032,0.9844903988183161,61.150020599365234,0.9874446085672083,0.5070704817771912,0.9985228951255539,0.5070704817771912,0.9985228951255539,5.390419222095488e-09,5.976495742743282e-08,1.1965742885422515e-07,0.9999998807907104,0.42194339632987976,0.29832541942596436,66,0.8503786325454712,0.8245814442634583,1.0,0.8245814442634583,0.7016745805740356,0.8245813846588135,2.3283064365386963e-10,0.9999999403953552
GCN,996,1906,4,1,5,-1.4861516952514648,3.4147934913635254,4.90094518661499,0.7071066498756409,0.022715983912348747,-0.00036987540079280734,0.542232871055603,0.03981306403875351,0.10837438423645321,0,0.0,0.06769016050244243,97,0.39557623863220215,0.9999998807907104,0.5344537453884121,0.9881831610044313,64.92110443115234,0.9937223042836041,0.5388747453689575,0.9988921713441654,0.5388747453689575,0.9988921713441654,4.748831994305647e-09,5.97223106524325e-08,1.1958124446209695e-07,0.9999999403953552,0.39557626843452454,0.2540941536426544,93,0.6719931364059448,0.813523530960083,1.0,0.813523530960083,0.745905876159668,0.813523530960083,0.0,0.9999998807907104
GCN,996,1909,0,1,6,0.31551581621170044,5.451972484588623,5.136456668376923,0.6708203554153442,0.02229304611682892,0.0,0.552834153175354,0.03087558224797249,0.10837438423645321,0,0.0,0.06838799720865317,98,0.3826022148132324,0.9999999403953552,0.5435812260697381,0.9889217134416544,66.13103485107422,0.9944608567208272,0.549435019493103,0.9988921713441654,0.549435019493103,0.9988921713441654,7.479627583961701e-09,6.005767261285655e-08,1.2073925859112933e-07,0.9999999403953552,0.3826023042201996,0.23953357338905334,93,0.5136257410049438,0.8098833560943604,1.0,0.8098833560943604,0.760466456413269,0.8098833560943604,0.0,0.9999999403953552
GCN,996,1911,5,1,4,-0.29383111000061035,4.434959888458252,4.728790998458862,0.7499998807907104,0.03258530795574188,0.0,0.5019330978393555,0.06127654016017914,0.2019704433497537,0,0.0,0.05512909979064899,79,0.3876202404499054,0.9999998807907104,0.4964538228668762,0.9763663220088626,60.154876708984375,0.9848596750369276,0.4983982443809509,0.9985228951255539,0.4983982443809509,0.9985228951255539,6.2475016271434924e-09,3.049814978339782e-08,1.2038692887017532e-07,0.9999998807907104,0.387620210647583,0.31089723110198975,74,0.7079123258590698,0.8277243375778198,1.0,0.8277243375778198,0.6891027688980103,0.8277243375778198,0.0,0.9999998807907104
GCN,996,1913,0,1,4,1.9037117958068848,6.266073703765869,4.362361907958984,0.7499998807907104,0.026215925812721252,0.0,0.507529616355896,0.048215627670288086,0.14153088291019325,0,0.0,0.06769016050244243,97,0.3924846351146698,0.9999999403953552,0.5023408572290166,0.9844903988183161,60.737178802490234,0.9867060561299852,0.5035218000411987,0.9985228951255539,0.5035218000411987,0.9985228951255539,5.999626129238322e-09,6.0848583949280055e-09,6.158023069247065e-08,0.9999998807907104,0.3924846351146698,0.30224937200546265,92,0.7000759840011597,0.8255623579025269,1.0,0.8255623579025269,0.6977506279945374,0.8255623579025269,0.0,0.9999999403953552
GCN,996,1916,6,1,3,-0.29941558837890625,4.143016815185547,4.442432403564453,0.8017836213111877,0.0381162203848362,0.0,0.5058844685554504,0.07266384363174438,0.21182266009852216,0,0.0,0.03838101884159107,55,0.4173639416694641,0.9999999403953552,0.49959874443811925,0.9763663220088626,60.556373596191406,0.9859675036927622,0.5028418898582458,0.9985228951255539,0.5028418898582458,0.9985228951255539,6.2475016271434924e-09,5.990990814552788e-08,1.2008415239961323e-07,0.9999999403953552,0.4173640012741089,0.30594074726104736,50,0.7732448577880859,0.8264851570129395,1.0,0.8264851570129395,0.6940592527389526,0.8264851570129395,0.0,0.9999999403953552
GCN,996,1918,6,1,2,-0.24807488918304443,4.726802349090576,4.974877238273621,0.8660253286361694,0.09712883830070496,0.0,0.5100690722465515,0.21037879586219788,0.7046229632436529,1,0.0,0.01465457083042568,21,0.44538047909736633,0.9999998807907104,0.4940881512791377,0.9763663220088626,60.375850677490234,0.9852289512555391,0.5008491277694702,0.9985228951255539,0.5008491277694702,0.9985228951255539,6.8437953082423064e-09,3.0571825959668786e-08,6.153177167789181e-08,0.9999998807907104,0.44538044929504395,0.3142918050289154,16,0.9567828178405762,0.8285729289054871,1.0,0.8285729289054871,0.6857081651687622,0.8285729885101318,0.0,0.9999998807907104
GCN,996,1920,0,1,6,0.03595173358917236,3.1581015586853027,3.1221498250961304,0.6708203554153442,0.023431697860360146,-0.08740022033452988,0.5088364481925964,0.2579253911972046,0.8103448275862069,1,0.0,0.0718771807397069,103,0.3498481214046478,0.9999999403953552,0.49925441584690067,0.9763663220088626,60.903987884521484,0.9870753323485968,0.5054729580879211,0.9985228951255539,0.5054729580879211,0.9985228951255539,7.984428229690366e-09,3.0854234722710316e-08,6.382404649230011e-08,0.9999998807907104,0.34984809160232544,0.3046363592147827,100,0.6054543256759644,0.8261592388153076,1.0,0.8261592388153076,0.6953636407852173,0.8261591196060181,1.1641532182693481e-08,0.9999999403953552
GCN,996,1925,0,1,3,0.6147896647453308,5.4569315910339355,4.842141926288605,0.8017836213111877,0.033570628613233566,-0.03269975632429123,0.5058042407035828,0.06419608741998672,0.20500189465706706,0,0.0,0.055826936496859735,80,0.4165809750556946,0.9999999403953552,0.5008370426419337,0.9844903988183161,60.779624938964844,0.9867060561299852,0.5025336742401123,0.9985228951255539,0.5025336742401123,0.9985228951255539,2.8325071177448535e-09,2.999541948156548e-08,6.014850839619612e-08,0.9999998807907104,0.41658100485801697,0.30724287033081055,77,0.7755123376846313,0.8268107175827026,1.0,0.8268107175827026,0.6927571296691895,0.8268107175827026,5.71503200319512e-09,0.9999999403953552
GCN,996,1931,3,1,3,-3.0497918128967285,4.13629674911499,7.186088562011719,0.8017836213111877,0.02676834538578987,0.0,0.5598071217536926,0.0531560555100441,0.1816976127320955,0,0.0,0.05024424284717376,72,0.4630782902240753,0.9999999403953552,0.5492284271993865,0.990029542097489,67.10865020751953,0.9966765140324964,0.5564699769020081,0.9988921713441654,0.5564699769020081,0.9988921713441654,4.883896842500235e-09,3.024738148837969e-08,6.063961421887143e-08,0.9999998807907104,0.4630782902240753,0.22991982102394104,67,0.8913059234619141,0.8074800372123718,1.0,0.8074800372123718,0.7700802087783813,0.807479977607727,0.0,0.9999999403953552
GCN,996,1932,3,1,3,-3.190293788909912,3.4792463779449463,6.669540166854858,0.8017836213111877,0.037597812712192535,0.0,0.5219574570655823,0.07817303389310837,0.21750663129973474,0,0.0,0.04256803907885555,61,0.43078944087028503,0.9999998807907104,0.5173926542965376,0.9859675036927622,62.57295227050781,0.9903988183161004,0.5185997486114502,0.9985228951255539,0.5185997486114502,0.9985228951255539,6.350773240626495e-09,7.450580596923828e-09,1.7286470921362707e-08,0.9999998807907104,0.43078944087028503,0.2836148142814636,56,0.8701351881027222,0.8209037184715271,1.0,0.8209037184715271,0.7163851857185364,0.8209037184715271,0.0,0.9999998807907104
GCN,996,1936,3,1,5,-3.780146837234497,1.6063742637634277,5.386521100997925,0.7071066498756409,0.024816513061523438,0.0,0.5554923415184021,0.04959433153271675,0.15289882531261842,0,0.0,0.05931612002791347,85,0.40516042709350586,0.9999998807907104,0.5464368972713912,0.9889217134416544,66.53857421875,0.9948301329394387,0.5522531270980835,0.9988921713441654,0.5522531270980835,0.9988921713441654,5.069082043007711e-09,3.007303206459255e-08,6.044316336328848e-08,0.9999998807907104,0.40516042709350586,0.23602205514907837,80,0.7849721908569336,0.809005618095398,1.0,0.809005618095398,0.7639779448509216,0.8090054988861084,0.0,0.9999998807907104
GCN,996,1938,3,1,1,-3.1495308876037598,2.442002296447754,5.591533184051514,0.9486831426620483,0.09287750720977783,0.0,0.3937721252441406,0.23328018188476562,0.7612732095490716,1,0.0,0.024424284717376135,35,0.37397539615631104,0.9999999403953552,0.39876660611363896,0.9268833087149188,49.19374084472656,0.9294682422451994,0.38709557056427,0.9863367799113737,0.38709557056427,0.9863367799113737,0.0,3.29272248356105e-10,1.1406325883811519e-09,0.9999998807907104,0.3739754259586334,0.474393755197525,30,0.9382820129394531,0.8685985207557678,1.0000001192092896,0.8685984015464783,0.5256063938140869,0.8685985803604126,0.0,0.9999999403953552
GCN,996,1942,3,1,3,-3.2120895385742188,3.9992148876190186,7.211304426193237,0.8017836213111877,0.03432358801364899,-0.0016813456313684583,0.5104023218154907,0.07004263997077942,0.21049640015157256,0,0.0,0.04954640614096301,71,0.42141297459602356,0.9999999403953552,0.5039981492099386,0.9844903988183161,61.21508026123047,0.9878138847858198,0.5068828463554382,0.9985228951255539,0.5068828463554382,0.9985228951255539,5.101064015633483e-09,4.668240016769687e-09,1.11425872972859e-08,0.9999998807907104,0.42141300439834595,0.299207478761673,68,0.8177613019943237,0.8248018622398376,1.0,0.8248018622398376,0.7007925510406494,0.8248019218444824,2.3283064365386963e-10,0.9999999403953552
GCN,996,1947,3,1,4,-5.153097629547119,0.3290553092956543,5.482152938842773,0.7499998807907104,0.028092721477150917,-0.000910272472538054,0.535641074180603,0.055314354598522186,0.1896551724137931,0,0.0,0.05373342637822749,77,0.4141668677330017,0.9999999403953552,0.5286578723557639,0.9870753323485968,64.18492889404297,0.992245199409158,0.5326398611068726,0.9988921713441654,0.5326398611068726,0.9988921713441654,3.951266869250958e-09,3.0096455105876885e-08,6.043153888413144e-08,0.9999998807907104,0.4141669273376465,0.2637031376361847,73,0.7910047173500061,0.8159258365631104,1.0,0.8159258365631104,0.7362968921661377,0.8159258365631104,2.3283064365386963e-10,0.9999999403953552
GCN,996,1959,5,0,5,-5.597367286682129,-1.3678393363952637,4.229527950286865,0.7071066498756409,0.02964317798614502,-0.00030615084688179195,0.4993703365325928,0.056008972227573395,0.19306555513452064,0,0.0,0.0628053035589672,90,0.36365807056427,0.9999999403953552,0.49230669485662243,0.9763663220088626,59.74943542480469,0.982274741506647,0.4956642687320709,0.9985228951255539,0.4956642687320709,0.9985228951255539,7.522988454411461e-09,3.068598530830968e-08,6.29059186962877e-08,0.9999998807907104,0.3636581003665924,0.31427961587905884,86,0.6671761274337769,0.8285699486732483,1.0,0.8285699486732483,0.6857203841209412,0.8285698890686035,1.1641532182693481e-10,0.9999999403953552
GCN,996,1961,5,1,3,-3.927058458328247,1.8292715549468994,5.7563300132751465,0.8017836213111877,0.03412124142050743,0.0,0.4891042113304138,0.06510302424430847,0.20651762031072377,0,0.0,0.05512909979064899,79,0.4037763774394989,0.9999999403953552,0.48463606720774294,0.9763663220088626,58.541194915771484,0.9811669128508124,0.48546209931373596,0.9981536189069424,0.48546209931373596,0.9981536189069424,6.316537071171524e-09,6.18208106928364e-09,6.154576936978629e-08,0.9999998807907104,0.4037764072418213,0.32853639125823975,74,0.7482297420501709,0.8321341276168823,1.0,0.8321341276168823,0.6714636087417603,0.8321341276168823,0.0,0.9999999403953552
GCN,996,1962,5,1,3,-3.199596881866455,2.06131649017334,5.260913372039795,0.8017836213111877,0.0409243181347847,0.0,0.47562265396118164,0.08895386755466461,0.24156877605153468,0,0.0,0.0418702023726448,60,0.39186543226242065,0.9999999403953552,0.47313076822047706,0.9719350073855244,57.16677474975586,0.975258493353028,0.4716617465019226,0.9981536189069424,0.4716617465019226,0.9981536189069424,8.172322374377927e-09,8.228512982100256e-09,2.0995068794604776e-08,0.9999998807907104,0.39186543226242065,0.3483438491821289,55,0.8289018869400024,0.8370859622955322,1.0,0.8370859622955322,0.6516561508178711,0.8370859622955322,0.0,0.9999999403953552
GCN,996,1969,4,1,3,-3.069791555404663,2.578493118286133,5.648284673690796,0.8017836213111877,0.042418546974658966,0.0,0.524050235748291,0.0831192135810852,0.2233800682076544,0,0.0,0.03838101884159107,55,0.4320541322231293,0.9999999403953552,0.5172548256008748,0.9859675036927622,62.876502990722656,0.9903988183161004,0.520708441734314,0.9985228951255539,0.520708441734314,0.9985228951255539,9.219623287037848e-09,3.007573567970212e-08,6.033220500967218e-08,0.9999998807907104,0.4320541024208069,0.28151172399520874,50,0.8233335018157959,0.8203779458999634,1.0,0.8203779458999634,0.7184882760047913,0.8203779458999634,0.0,0.9999999403953552
GCN,996,1972,6,1,3,-0.896154522895813,3.0603833198547363,3.9565378427505493,0.8017836213111877,0.03172735869884491,0.0,0.5067487955093384,0.062166135758161545,0.20310723758999621,0,0.0,0.05443126308443824,78,0.41865310072898865,0.9999999403953552,0.500627838774406,0.9844903988183161,60.74507141113281,0.9867060561299852,0.5034700036048889,0.9985228951255539,0.5034700036048889,0.9985228951255539,4.059541147682921e-09,3.003786019917243e-08,1.195445520352223e-07,0.9999998807907104,0.41865307092666626,0.3037971258163452,73,0.7961041331291199,0.8259493708610535,1.0,0.8259493708610535,0.6962028741836548,0.8259493112564087,0.0,0.9999999403953552
GCN,996,1977,3,1,2,0.24355125427246094,4.672808647155762,4.429257392883301,0.8660253286361694,0.04147058352828026,0.0,0.5056707262992859,0.08748187124729156,0.2370215990905646,0,0.0,0.044661549197487785,64,0.4505830705165863,0.9999999403953552,0.4989200641739831,0.9763663220088626,60.51218032836914,0.9859675036927622,0.5018718838691711,0.9985228951255539,0.5018718838691711,0.9985228951255539,3.357931266378955e-09,2.999451709229106e-08,6.00759477720203e-08,0.9999998807907104,0.4505830407142639,0.3062818944454193,59,0.9237966537475586,0.8265705108642578,1.0,0.8265705108642578,0.6937180757522583,0.8265705108642578,0.0,0.9999999403953552
GCN,996,1983,0,1,4,0.1819758415222168,5.449639797210693,5.267663955688477,0.7499998807907104,0.02255108952522278,-0.0010808601509779692,0.5501986145973206,0.046056777238845825,0.12542629784009093,0,0.0,0.06559665038381018,94,0.42583173513412476,0.9999998807907104,0.541101524612219,0.9889217134416544,65.90201568603516,0.9944608567208272,0.5470966100692749,0.9988921713441654,0.5470966100692749,0.9988921713441654,3.8399412538581146e-09,3.73255915064874e-09,6.024502141599442e-08,0.9999998807907104,0.42583170533180237,0.2429656684398651,90,0.8155556917190552,0.8107414245605469,1.0,0.8107414245605469,0.7570343017578125,0.8107414245605469,0.0,0.9999998807907104
GCN,996,1996,3,0,5,-7.097843170166016,-2.4611215591430664,4.636721611022949,0.7071066498756409,0.035515155643224716,-0.0007237818208523095,0.5160643458366394,0.06932264566421509,0.20954907161803712,0,0.0,0.04396371249127704,63,0.37533921003341675,0.9999998807907104,0.5083859946640361,0.9844903988183161,61.6096076965332,0.9885524372230429,0.5120702981948853,0.9985228951255539,0.5120702981948853,0.9985228951255539,9.359675701148262e-09,1.0089924451506249e-08,6.538388674925955e-08,0.9999998807907104,0.37533921003341675,0.2922535240650177,59,0.7122789621353149,0.8230634927749634,1.0,0.8230634927749634,0.7077465057373047,0.8230633735656738,4.656612873077393e-10,0.9999998807907104
GCN,996,2004,3,1,4,-4.969308853149414,1.0229997634887695,5.992308616638184,0.7499998807907104,0.029339486733078957,0.0,0.5481583476066589,0.05371446534991264,0.18226600985221675,0,0.0,0.04815073272854152,69,0.4238292872905731,0.9999999403953552,0.5385014475322172,0.9889217134416544,65.58512878417969,0.9940915805022157,0.5449243783950806,0.9988921713441654,0.5449243783950806,0.9988921713441654,5.122274160385132e-09,3.0228555658595724e-08,6.078500547346266e-08,0.9999998807907104,0.4238292872905731,0.24652552604675293,64,0.7526723146438599,0.811631441116333,1.0,0.811631441116333,0.7534744739532471,0.8116313815116882,0.0,0.9999999403953552
GCN,996,2006,3,1,3,-5.287385940551758,0.6083855628967285,5.895771503448486,0.8017836213111877,0.043684832751750946,0.0,0.48483651876449585,0.08753757178783417,0.2370215990905646,0,0.0,0.03558967201674808,51,0.39923200011253357,0.9999998807907104,0.4793919382745956,0.9759970457902511,58.033447265625,0.9796898079763663,0.4807807505130768,0.9981536189069424,0.4807807505130768,0.9981536189069424,8.172322374377927e-09,3.0930568328813024e-08,6.31080254720473e-08,0.9999998807907104,0.3992319703102112,0.33609360456466675,46,0.7789621353149414,0.8340234756469727,1.0,0.8340234756469727,0.6639063954353333,0.8340234160423279,0.0,0.9999998807907104
GCN,996,2010,0,1,4,-0.02162802219390869,4.027635097503662,4.049263119697571,0.7499998807907104,0.028498560190200806,-0.0008370412979274988,0.5305753946304321,0.05812555178999901,0.1962864721485411,0,0.0,0.0628053035589672,90,0.4102023243904114,0.9999998807907104,0.5231033796083477,0.9863367799113737,63.53244400024414,0.991506646971935,0.5270105004310608,0.9985228951255539,0.5270105004310608,0.9985228951255539,2.9451006078318187e-09,2.9933907796930725e-08,5.998030871978699e-08,0.9999998807907104,0.41020235419273376,0.2707512378692627,86,0.8116194605827332,0.8176877498626709,1.0,0.8176877498626709,0.7292487621307373,0.8176878094673157,4.656612873077393e-10,0.9999998807907104
GCN,996,2011,3,1,3,-1.7974082231521606,4.437717914581299,6.2351261377334595,0.8017836213111877,0.028305912390351295,-0.001179225044324994,0.5428518056869507,0.0554768405854702,0.19060250094732853,0,0.0,0.05512909979064899,79,0.4488665461540222,0.9999999403953552,0.5333936581420211,0.9881831610044313,65.02091979980469,0.9937223042836041,0.5397863984107971,0.9988921713441654,0.5397863984107971,0.9988921713441654,4.293184918680026e-09,4.6391175345661395e-09,6.050581191630044e-08,0.9999998807907104,0.4488665759563446,0.25355327129364014,76,0.8530471324920654,0.8133884072303772,1.0,0.8133884072303772,0.7464467287063599,0.8133883476257324,0.0,0.9999999403953552
GCN,996,2014,3,1,2,0.6123430728912354,5.3569746017456055,4.74463152885437,0.8660253286361694,0.04926475137472153,0.0,0.5364130735397339,0.10348410904407501,0.3421750663129973,1,0.0,0.03558967201674808,51,0.4774264693260193,0.9999999403953552,0.5278340638692361,0.9870753323485968,64.29954528808594,0.992245199409158,0.5319074392318726,0.9988921713441654,0.5319074392318726,0.9988921713441654,6.01766991792374e-09,5.999716279347922e-08,1.200695294301113e-07,0.9999998807907104,0.4774264395236969,0.2649537920951843,46,0.9758145809173584,0.8162384033203125,1.0,0.8162384033203125,0.7350462079048157,0.8162384629249573,0.0,0.9999999403953552
GCN,996,2015,6,1,3,0.6156854629516602,4.7778449058532715,4.162159442901611,0.8017836213111877,0.027811937034130096,0.0,0.5487138032913208,0.05544862896203995,0.1896551724137931,0,0.0,0.05373342637822749,77,0.4538016617298126,0.9999999403953552,0.5395469147556596,0.9889217134416544,65.71417999267578,0.9940915805022157,0.5455013513565063,0.9988921713441654,0.5455013513565063,0.9988921713441654,2.8610709357224096e-09,2.99438660533724e-08,5.994619556304315e-08,0.9999998807907104,0.45380163192749023,0.24534659087657928,72,0.8771272897720337,0.8113367557525635,1.0000001192092896,0.8113366365432739,0.7546535134315491,0.8113367557525635,0.0,0.9999999403953552
GCN,996,2019,0,1,2,0.31352174282073975,4.0892438888549805,3.7757221460342407,0.8660253286361694,0.0535748191177845,-0.00030530584626831114,0.5063198804855347,0.11651144176721573,0.3901098901098901,1,0.0,0.03628750872295883,52,0.4497857093811035,1.0,0.5009732311353662,0.9844903988183161,60.695865631103516,0.9859675036927622,0.5019134283065796,0.9985228951255539,0.5019134283065796,0.9985228951255539,8.798410888744002e-09,8.001383555722441e-09,1.7813290398294157e-08,0.9999998807907104,0.4497857689857483,0.3075094223022461,48,0.9535938501358032,0.8268774151802063,1.0,0.8268774151802063,0.6924905776977539,0.8268773555755615,0.0,1.0
GCN,996,2038,3,1,2,-2.053008556365967,3.6580982208251953,5.711106777191162,0.8660253286361694,0.05329085513949394,-0.0012831651838496327,0.46782386302948,0.11884979158639908,0.39636225843122397,1,0.0,0.03838101884159107,55,0.41503214836120605,0.9999999403953552,0.4614355984405394,0.96602658788774,56.1819953918457,0.9693500738552437,0.4633805751800537,0.9981536189069424,0.4633805751800537,0.9981536189069424,0.0,3.009285265420658e-08,6.03935035314862e-08,0.9999998807907104,0.41503211855888367,0.3610161542892456,51,0.9035636782646179,0.8402540683746338,1.0,0.8402540683746338,0.6389838457107544,0.8402540683746338,0.0,0.9999999403953552
GCN,996,2043,4,1,2,-2.11690616607666,3.5897998809814453,5.7067060470581055,0.8660253286361694,0.05481059476733208,0.0,0.4740726351737976,0.12290141731500626,0.40299355816597193,1,0.0,0.03977669225401256,57,0.42053577303886414,0.9999999403953552,0.46842963079112016,0.9675036927621861,56.63463592529297,0.9715657311669128,0.46933674812316895,0.9981536189069424,0.46933674812316895,0.9981536189069424,4.2167425107209056e-09,4.977350531731872e-09,1.1868543481341476e-08,0.9999998807907104,0.42053577303886414,0.35254278779029846,52,0.9205934405326843,0.8381357192993164,1.0,0.8381357192993164,0.6474572420120239,0.8381357192993164,0.0,0.9999999403953552
GCN,996,2045,1,1,32,-1.1620416641235352,0.7108039855957031,1.8728456497192383,0.35355332493782043,0.00851412583142519,-0.05750488489866257,0.5322085022926331,0.02017824351787567,0.10837438423645321,0,0.0,0.22609909281228194,324,0.19377288222312927,0.9999999403953552,0.523911219071858,0.9863367799113737,63.65671920776367,0.9918759231905465,0.5288904309272766,0.9985228951255539,0.5288904309272766,0.9985228951255539,1.4861089248086046e-08,2.2132692123477682e-08,1.033900147717759e-07,0.9999998807907104,0.19377289712429047,0.2692365050315857,323,0.4459437131881714,0.8173090219497681,1.0,0.8173090219497681,0.7307634949684143,0.8173091411590576,5.71503200319512e-09,0.9999999403953552
GCN,996,2051,0,1,3,1.3050057888031006,5.278932571411133,3.9739267826080322,0.8017836213111877,0.03236551210284233,-0.034372225403785706,0.5148354172706604,0.0625319853425026,0.2032967032967033,0,0.0,0.051639916259595256,74,0.42417487502098083,1.0,0.5092227720023944,0.9844903988183161,61.70183563232422,0.9885524372230429,0.5115573406219482,0.9985228951255539,0.5115573406219482,0.9985228951255539,3.357931266378955e-09,3.03145135660543e-08,6.104540517526402e-08,0.9999998807907104,0.42417487502098083,0.2946145534515381,72,0.7975269556045532,0.8236535787582397,1.0,0.8236535787582397,0.7053854465484619,0.8236536383628845,5.719772655510269e-09,1.0
GCN,996,2054,0,1,9,3.181056022644043,6.5990118980407715,3.4179558753967285,0.588348388671875,0.016404271125793457,-0.02263289876282215,0.5639218091964722,0.030137885361909866,0.10837438423645321,0,0.0,0.08234473133286811,118,0.3421116769313812,0.9999998807907104,0.5492781833489937,0.990029542097489,67.47444915771484,0.9966765140324964,0.5606712698936462,0.9988921713441654,0.5606712698936462,0.9988921713441654,8.24167845081547e-09,3.15698081010396e-08,6.693286991321656e-08,0.9999998807907104,0.3421117067337036,0.2246958464384079,116,0.6095499396324158,0.8061739206314087,1.0,0.8061739206314087,0.7753041386604309,0.8061739802360535,1.4828680505729608e-09,0.9999998807907104
GCN,996,2055,0,1,4,1.2706241607666016,6.7847771644592285,5.514153003692627,0.7499998807907104,0.027869442477822304,-0.0302304457873106,0.5333433747291565,0.05527951940894127,0.1896551724137931,0,0.0,0.05931612002791347,85,0.41155412793159485,0.9999999403953552,0.5245150108425853,0.9863367799113737,63.80146789550781,0.9918759231905465,0.5299498438835144,0.9988921713441654,0.5299498438835144,0.9988921713441654,6.035659971814766e-09,5.974998629199035e-08,1.1963118140556617e-07,0.9999999403953552,0.4115541875362396,0.26834797859191895,82,0.7934216856956482,0.8170870542526245,1.0,0.8170870542526245,0.731652021408081,0.8170869946479797,1.9441706911038636e-08,0.9999999403953552
GCN,996,2058,5,1,3,-3.079174041748047,2.2681169509887695,5.347290992736816,0.8017836213111877,0.05248594656586647,0.0,0.43652957677841187,0.0962856188416481,0.29120879120879123,0,0.0,0.039078855547801813,56,0.3576551675796509,0.9999999403953552,0.4374251642255098,0.9597488921713442,52.26910400390625,0.9523633677991138,0.4317081868648529,0.9959379615952733,0.4317081868648529,0.9959379615952733,9.451891713752048e-09,1.0076484535659347e-08,2.817391653309187e-08,0.9999998807907104,0.3576551675796509,0.40523409843444824,51,0.6420801877975464,0.8513085842132568,1.0,0.8513085842132568,0.5947659015655518,0.8513085246086121,0.0,0.9999999403953552
GCN,996,2059,0,1,6,1.5417139530181885,5.623040199279785,4.081326246261597,0.6708203554153442,0.024539893493056297,-0.0481613352894783,0.5074551701545715,0.04659077525138855,0.12788935202728305,0,0.0,0.07466852756454989,107,0.34969809651374817,0.9999999403953552,0.5012647012091048,0.9844903988183161,60.77467346191406,0.9867060561299852,0.5040447115898132,0.9985228951255539,0.5040447115898132,0.9985228951255539,8.025061504213227e-09,6.025142340604361e-08,1.8058170780932414e-07,0.9999999403953552,0.34969818592071533,0.3049343228340149,105,0.6266746520996094,0.8262335062026978,1.0,0.8262335062026978,0.6950656771659851,0.8262335658073425,2.2819778067173502e-08,0.9999999403953552
GCN,996,2071,2,1,8,0.9103916883468628,3.629824638366699,2.7194329500198364,0.6123723983764648,0.02076597884297371,-0.04044843465089798,0.5029948949813843,0.04301447421312332,0.1110269041303524,0,0.0,0.09909281228192603,142,0.3167637586593628,0.9999999403953552,0.4963799949909577,0.9763663220088626,60.148094177246094,0.9848596750369276,0.4995670020580292,0.9985228951255539,0.4995670020580292,0.9985228951255539,7.65159580140562e-09,8.324305689200173e-09,6.513143091524398e-08,0.9999998807907104,0.3167637884616852,0.3103024959564209,139,0.6380304098129272,0.8275756239891052,1.0,0.8275756239891052,0.6896975040435791,0.8275756239891052,1.5373876394164654e-08,0.9999999403953552
GCN,996,2072,0,1,3,2.195885181427002,6.954805374145508,4.758920192718506,0.8017836213111877,0.03359357640147209,-0.0006474449764937162,0.5306233167648315,0.06970211863517761,0.21030693444486548,0,0.0,0.045359385903698535,65,0.43832436203956604,1.0,0.5210280976123175,0.9863367799113737,63.56485366821289,0.991506646971935,0.5272020697593689,0.9985228951255539,0.5272020697593689,0.9985228951255539,3.4846900920371127e-09,2.9966489734079005e-08,6.002190389153839e-08,0.9999998807907104,0.4383244216442108,0.27108442783355713,62,0.88274085521698,0.8177711367607117,1.0,0.8177711367607117,0.7289155721664429,0.8177710771560669,1.1641532182693481e-10,1.0
GCN,996,2075,3,1,8,-3.395275115966797,1.173421859741211,4.568696975708008,0.6123723983764648,0.019943196326494217,-0.00026256052660755813,0.5144373178482056,0.04332247003912926,0.1110269041303524,0,0.0,0.08583391486392185,123,0.3249386250972748,0.9999998807907104,0.5087526568312946,0.9844903988183161,61.56005859375,0.9881831610044313,0.5112197399139404,0.9985228951255539,0.5112197399139404,0.9985228951255539,7.1080110686239095e-09,6.958676745938419e-09,2.1415853979078747e-08,0.9999998807907104,0.3249386250972748,0.2925032377243042,119,0.6843313574790955,0.8231258392333984,1.0,0.8231258392333984,0.7074967622756958,0.8231258392333984,1.1641532182693481e-10,0.9999998807907104
GCN,996,2082,1,1,2,-1.7547646760940552,3.894455909729004,5.649220585823059,0.8660253286361694,0.09021378308534622,0.0,0.49444568157196045,0.19461196660995483,0.6530882910193255,1,0.0,0.021632937892533146,31,0.4326362609863281,0.9999999403953552,0.4860426589665732,0.9763663220088626,59.22434997558594,0.982274741506647,0.48654115200042725,0.9981536189069424,0.48654115200042725,0.9981536189069424,4.928095709288982e-09,3.08744318999743e-08,6.245382166980562e-08,0.9999998807907104,0.43263623118400574,0.33391284942626953,26,0.9237316250801086,0.8334782123565674,1.0,0.8334782123565674,0.6660871505737305,0.8334782123565674,0.0,0.9999999403953552
GCN,996,2087,1,1,2,-1.8955821990966797,2.793081045150757,4.6886632442474365,0.8660253286361694,0.04726164788007736,0.0,0.5021868348121643,0.09677077829837799,0.29120879120879123,0,0.0,0.03838101884159107,55,0.4468366801738739,0.9999998807907104,0.49580401873550595,0.9763663220088626,60.18482971191406,0.9848596750369276,0.498495876789093,0.9985228951255539,0.498495876789093,0.9985228951255539,5.206251540990081e-10,2.9933907796930725e-08,5.994075991111458e-08,0.9999998807907104,0.4468366503715515,0.31204989552497864,50,0.8904945254325867,0.8280125260353088,1.0,0.8280125260353088,0.6879501342773438,0.8280124664306641,0.0,0.9999998807907104
GCN,996,2096,1,1,6,-1.2756484746932983,2.601717948913574,3.8773664236068726,0.6708203554153442,0.02250227890908718,-0.0009411330102011561,0.49685052037239075,0.04551086947321892,0.12182644941265632,0,0.0,0.0851360781577111,122,0.343672513961792,0.9999998807907104,0.49258638294869767,0.9763663220088626,59.43539810180664,0.982274741506647,0.49341246485710144,0.9981536189069424,0.49341246485710144,0.9981536189069424,6.01766991792374e-09,3.0557636421235657e-08,1.2079686939614476e-07,0.9999999403953552,0.3436725437641144,0.3169110119342804,119,0.6539240479469299,0.8292278051376343,1.0,0.8292278051376343,0.683089017868042,0.8292278051376343,2.3283064365386963e-10,0.9999998807907104
GCN,996,2105,5,1,2,0.17711007595062256,5.542003631591797,5.364893555641174,0.8660253286361694,0.04772282764315605,-0.002691103843972087,0.4628278315067291,0.10423322021961212,0.3421750663129973,1,0.0,0.041172365666434056,59,0.41118961572647095,0.9999999403953552,0.4591878723946771,0.96602658788774,55.45335388183594,0.96602658788774,0.45879027247428894,0.9974150664697193,0.45879027247428894,0.9974150664697193,5.430496941016827e-09,6.859619094967684e-09,6.191350365725157e-08,0.9999998807907104,0.41118961572647095,0.36693209409713745,56,0.8515893816947937,0.8417330980300903,1.0,0.8417330980300903,0.6330679059028625,0.8417330384254456,1.0412503081980162e-09,0.9999999403953552
GCN,996,2107,1,1,4,-1.1784577369689941,3.528580665588379,4.707038402557373,0.7499998807907104,0.02664438635110855,-0.0004663903673645109,0.5281243324279785,0.05241208150982857,0.1733611216369837,0,0.0,0.0642009769713887,92,0.4084429442882538,0.9999998807907104,0.5202209655619212,0.9863367799113737,63.192012786865234,0.9911373707533235,0.5245742797851562,0.9985228951255539,0.5245742797851562,0.9985228951255539,4.267856290596228e-09,3.4924596548080444e-09,8.607842438834723e-09,0.9999998807907104,0.4084429442882538,0.2738790214061737,88,0.77915358543396,0.8184697031974792,1.0,0.8184697031974792,0.7261209487915039,0.818469762802124,2.3283064365386963e-10,0.9999998807907104
GCN,996,2113,2,1,6,-2.3125381469726562,3.0582780838012695,5.370816230773926,0.6708203554153442,0.02168797142803669,-0.034616321325302124,0.5545415878295898,0.04080209508538246,0.10837438423645321,0,0.0,0.06978367062107467,100,0.3830500543117523,0.9999998807907104,0.5443049941833739,0.9889217134416544,66.33680725097656,0.9944608567208272,0.5511055588722229,0.9988921713441654,0.5511055588722229,0.9988921713441654,7.1838726078965465e-09,5.994111518248246e-08,1.2036488783451205e-07,0.9999999403953552,0.3830501139163971,0.23864345252513885,96,0.6998482942581177,0.8096608519554138,1.0,0.8096608519554138,0.7613565325737,0.8096608519554138,2.852175384759903e-08,0.9999998807907104
GCN,996,2120,4,1,5,-2.3562607765197754,2.7984113693237305,5.154672145843506,0.7071066498756409,0.03176762908697128,0.0,0.5005917549133301,0.0756344199180603,0.21580143993937098,0,0.0,0.06699232379623168,96,0.36437204480171204,0.9999999403953552,0.49564120159149905,0.9763663220088626,60.064720153808594,0.9848596750369276,0.4970925450325012,0.9985228951255539,0.4970925450325012,0.9985228951255539,7.3480110884815986e-09,3.0757448143958754e-08,1.2102402990876726e-07,0.9999999403953552,0.3643721044063568,0.3129332661628723,91,0.8427587747573853,0.8282333016395569,1.0,0.8282333016395569,0.6870667338371277,0.8282333016395569,0.0,0.9999999403953552
GCN,996,2122,4,0,10,-4.307063102722168,-0.5947532653808594,3.7123098373413086,0.5669466257095337,0.015233488753437996,-0.053799115121364594,0.5147110819816589,0.2297104299068451,0.7559681697612732,1,0.0,0.12630844382414516,181,0.3003476858139038,0.9999999403953552,0.508256923164917,0.9844903988183161,61.59849166870117,0.9885524372230429,0.5116608738899231,0.9985228951255539,0.5116608738899231,0.9985228951255539,8.041931565117011e-09,3.0415382212822806e-08,1.2092378653960623e-07,0.9999998807907104,0.3003476560115814,0.2936485707759857,178,0.5070580244064331,0.8234121799468994,1.0,0.8234121799468994,0.7063513994216919,0.8234121799468994,1.9208528101444244e-08,0.9999999403953552
GCN,996,2130,4,0,12,-4.948834419250488,-1.9051040410995483,3.04373037815094,0.5303300619125366,0.021718841046094894,0.0,0.4726506173610687,0.03807128220796585,0.10837438423645321,0,0.0,0.0928122819260293,133,0.25809675455093384,0.9999999403953552,0.46902206790508383,0.9675036927621861,56.51955795288086,0.9711964549483013,0.4691363275051117,0.9981536189069424,0.4691363275051117,0.9981536189069424,1.9566087416933442e-08,2.127758769177035e-08,8.376223803452376e-08,0.9999998807907104,0.2580967843532562,0.3511040210723877,128,0.43938708305358887,0.8377760052680969,1.0,0.8377760052680969,0.6488959789276123,0.8377760052680969,0.0,0.9999999403953552
GCN,996,2131,0,1,3,1.9221094846725464,6.37492561340332,4.452816128730774,0.8017836213111877,0.034073006361722946,-0.0031951237469911575,0.5277372598648071,0.07312712073326111,0.21295945433876468,0,0.0,0.046057222609909285,66,0.43579551577568054,0.9999998807907104,0.5166302332286553,0.9859675036927622,63.161407470703125,0.9911373707533235,0.5238738059997559,0.9985228951255539,0.5238738059997559,0.9985228951255539,4.165001232792065e-09,3.010816129744853e-08,6.040370692517172e-08,0.9999998807907104,0.43579548597335815,0.27528995275497437,63,0.8642656803131104,0.8188226222991943,1.0,0.8188226222991943,0.7247100472450256,0.8188225030899048,1.1641532182693481e-10,0.9999998807907104
GCN,996,2139,3,0,4,-5.671286106109619,-0.9372453689575195,4.7340407371521,0.7499998807907104,0.0377153716981411,0.0,0.5090214014053345,0.08135789632797241,0.22167487684729065,0,0.0,0.0418702023726448,60,0.3926449418067932,0.9999999403953552,0.5051047982639175,0.9844903988183161,61.0535888671875,0.9874446085672083,0.5056169033050537,0.9985228951255539,0.5056169033050537,0.9985228951255539,7.421419478959024e-09,3.042963925281583e-08,6.162517252050748e-08,0.9999998807907104,0.3926449716091156,0.30196434259414673,55,0.8235283493995667,0.8254910707473755,1.0,0.8254910707473755,0.6980356574058533,0.8254910707473755,0.0,0.9999999403953552
GCN,996,2141,3,0,4,-6.501689434051514,-1.3616902828216553,5.139999151229858,0.7499998807907104,0.04076367989182472,0.0,0.4825197756290436,0.0913306176662445,0.26032588101553616,0,0.0,0.046057222609909285,66,0.37165161967277527,0.9999999403953552,0.4794143023040005,0.9759970457902511,57.75478744506836,0.9785819793205317,0.47862398624420166,0.9981536189069424,0.47862398624420166,0.9981536189069424,8.872039103380303e-09,1.04799653399823e-08,6.594387258473944e-08,0.9999998807907104,0.37165161967277527,0.33928585052490234,61,0.810810387134552,0.8348214626312256,1.0,0.8348214626312256,0.6607141494750977,0.8348214626312256,0.0,0.9999999403953552
GCN,996,2153,4,1,3,0.4189795255661011,5.346497535705566,4.927518010139465,0.8017836213111877,0.034706272184848785,0.0,0.5581335425376892,0.06674127280712128,0.20765441455096628,0,0.0,0.03698534542916958,53,0.461124062538147,0.9999999403953552,0.5465140922924719,0.9889217134416544,66.78204345703125,0.9951994091580503,0.5546043515205383,0.9988921713441654,0.5546043515205383,0.9988921713441654,3.951266869250958e-09,3.964963024571944e-09,8.644356341847015e-09,0.9999998807907104,0.46112409234046936,0.2331695407629013,48,0.8605613708496094,0.8082923889160156,1.0,0.8082923889160156,0.7668304443359375,0.8082923889160156,0.0,0.9999999403953552
GCN,996,2156,0,1,4,0.7941335439682007,4.593848705291748,3.7997151613235474,0.7499998807907104,0.028042687103152275,0.0,0.5262726545333862,0.05773330107331276,0.19552860932171276,0,0.0,0.05931612002791347,85,0.4069167375564575,0.9999998807907104,0.5190060764813311,0.9863367799113737,62.955238342285156,0.9903988183161004,0.5229827761650085,0.9985228951255539,0.5229827761650085,0.9985228951255539,5.778704625925002e-09,3.0158535224700245e-08,1.197545174136394e-07,0.9999999403953552,0.4069167673587799,0.2765922546386719,80,0.8126035928726196,0.8191479444503784,1.0,0.8191479444503784,0.7234077453613281,0.819148063659668,0.0,0.9999998807907104
GCN,996,2157,6,1,5,-1.9454039335250854,1.081342101097107,3.0267460346221924,0.7071066498756409,0.02939080074429512,-0.0003781765408348292,0.4751683473587036,0.05918480455875397,0.1991284577491474,0,0.0,0.06838799720865317,98,0.34592553973197937,0.9999998807907104,0.47075541985339914,0.9693500738552437,57.143306732177734,0.975258493353028,0.4721289873123169,0.9981536189069424,0.4721289873123169,0.9981536189069424,7.957223324694951e-09,7.450580596923828e-09,2.1538104633123112e-08,0.9999998807907104,0.34592553973197937,0.34771642088890076,94,0.6765987873077393,0.8369290828704834,1.0,0.8369290828704834,0.6522835493087769,0.8369290828704834,2.3283064365386963e-10,0.9999998807907104
GCN,996,2158,6,1,1,-1.656957983970642,2.4764883518218994,4.1334463357925415,0.9486831426620483,0.07506507635116577,0.0,0.4224993884563446,0.17778348922729492,0.6000378931413414,1,0.0,0.02930914166085136,42,0.4069366157054901,1.0,0.4209579815090783,0.9494091580502215,52.2898063659668,0.9523633677991138,0.41857314109802246,0.9937223042836041,0.41857314109802246,0.9937223042836041,9.76779368500047e-09,9.770568354383613e-09,6.425795362474673e-08,0.9999998807907104,0.4069366753101349,0.42806798219680786,37,0.9492940902709961,0.857016921043396,1.0,0.857016921043396,0.5719320178031921,0.8570169806480408,0.0,1.0
GCN,996,2160,6,1,8,-2.035698890686035,0.6464896202087402,2.6821885108947754,0.6123723983764648,0.024217423051595688,-0.09237613528966904,0.4885573089122772,0.04385336488485336,0.11405835543766578,0,0.0,0.08304256803907886,119,0.3058989644050598,0.9999999403953552,0.4780431477912127,0.9756277695716395,58.54765319824219,0.9811669128508124,0.4850837290287018,0.9981536189069424,0.4850837290287018,0.9981536189069424,1.0464435540313843e-08,3.183144769991486e-08,1.2469079990751197e-07,0.9999999403953552,0.3058990240097046,0.33395859599113464,115,0.5417590141296387,0.8334895372390747,1.0,0.8334895372390747,0.666041374206543,0.8334896564483643,1.30385160446167e-08,0.9999999403953552
GCN,996,2164,6,1,3,-2.3452250957489014,1.0650343894958496,3.410259485244751,0.8017836213111877,0.03696797415614128,0.0,0.48880288004875183,0.07388190925121307,0.21314892004547176,0,0.0,0.04884856943475227,70,0.4032577872276306,0.9999999403953552,0.48371924341983596,0.9763663220088626,58.678016662597656,0.9819054652880355,0.48548179864883423,0.9981536189069424,0.48548179864883423,0.9981536189069424,5.7410578513383825e-09,3.059752629042123e-08,6.201216251611186e-08,0.9999998807907104,0.4032578468322754,0.3293987512588501,65,0.7832553386688232,0.8323496580123901,1.0,0.8323496580123901,0.6706012487411499,0.8323496580123901,0.0,0.9999999403953552
GCN,996,2165,6,1,3,-1.008139967918396,3.427980899810791,4.436120867729187,0.8017836213111877,0.030789893120527267,0.0,0.5356823801994324,0.062031373381614685,0.20310723758999621,0,0.0,0.05024424284717376,72,0.4427700936794281,0.9999999403953552,0.526339754936169,0.9863367799113737,64.07782745361328,0.9918759231905465,0.5319573879241943,0.9988921713441654,0.5319573879241943,0.9988921713441654,3.9237315618834145e-09,3.818706684199924e-09,8.62111981803082e-09,0.9999998807907104,0.4427701234817505,0.2636914551258087,67,0.8653022050857544,0.8159229755401611,1.0,0.8159229755401611,0.7363085746765137,0.8159228563308716,0.0,0.9999999403953552
GCN,996,2166,5,1,2,-2.985203266143799,1.5042483806610107,4.48945164680481,0.8660253286361694,0.08365887403488159,0.0,0.4822846055030823,0.19228298962116241,0.6494884425918909,1,0.0,0.034193998604326585,49,0.42293643951416016,0.9999998807907104,0.4781885079984121,0.9756277695716395,57.85445785522461,0.9793205317577548,0.477896124124527,0.9981536189069424,0.477896124124527,0.9981536189069424,1.8034984616832617e-09,2.043080593594482e-09,5.979936190669832e-08,0.9999998807907104,0.42293643951416016,0.3488466739654541,44,0.959981381893158,0.8372116684913635,1.0,0.8372116684913635,0.6511533260345459,0.8372116684913635,0.0,0.9999998807907104
GCN,996,2172,0,1,5,2.8323254585266113,7.4128899574279785,4.580564498901367,0.7071066498756409,0.03074590489268303,-0.00021626637317240238,0.5400981903076172,0.059249795973300934,0.19950738916256158,0,0.0,0.05373342637822749,77,0.3934328854084015,0.9999999403953552,0.5256901564339913,0.9863367799113737,64.6070556640625,0.9929837518463811,0.5360527634620667,0.9988921713441654,0.5360527634620667,0.9988921713441654,9.723293281638234e-09,6.3550396056655245e-09,1.6176027628489464e-08,0.9999998807907104,0.3934328854084015,0.25813573598861694,73,0.7359651327133179,0.8145339488983154,1.0,0.8145339488983154,0.7418642640113831,0.8145339488983154,1.1641532182693481e-10,0.9999999403953552
GCN,996,2177,3,1,4,0.6274550557136536,4.207990646362305,3.580535590648651,0.7499998807907104,0.060897283256053925,0.0,0.5063996911048889,0.1512964367866516,0.5178097764304661,1,0.0,0.05443126308443824,78,0.38746413588523865,0.9999999403953552,0.495359673645355,0.9763663220088626,59.983421325683594,0.9833825701624815,0.4984988272190094,0.9985228951255539,0.4984988272190094,0.9985228951255539,8.277775798148923e-09,3.096472411812101e-08,1.211678437584851e-07,0.9999998807907104,0.38746410608291626,0.3111747205257416,73,0.9435946941375732,0.8277937173843384,1.0,0.8277937173843384,0.688825249671936,0.8277937173843384,0.0,0.9999999403953552
GCN,996,2181,0,1,8,3.9222946166992188,7.301206111907959,3.3789114952087402,0.6123723983764648,0.027886122465133667,-0.00019525531388353556,0.5306974649429321,0.028237883001565933,0.10837438423645321,0,0.0,0.07606420097697139,109,0.33464398980140686,1.0,0.518204939258332,0.9859675036927622,63.439308166503906,0.991506646971935,0.5263233184814453,0.9985228951255539,0.5263233184814453,0.9985228951255539,1.3201723270128696e-08,1.2744155064581264e-08,3.8095830490192384e-08,0.9999998807907104,0.33464401960372925,0.27137142419815063,105,0.3290838599205017,0.817842960357666,1.0,0.817842960357666,0.7286285758018494,0.8178428411483765,4.656612873077393e-10,1.0
GCN,996,2189,0,1,6,1.254440188407898,4.727120876312256,3.472680687904358,0.6708203554153442,0.02135578542947769,-0.0010657005477696657,0.5298475623130798,0.03916089981794357,0.10837438423645321,0,0.0,0.0732728541521284,105,0.36667096614837646,0.9999999403953552,0.5209028165881353,0.9863367799113737,63.419525146484375,0.991506646971935,0.5265280604362488,0.9985228951255539,0.5265280604362488,0.9985228951255539,8.132424511586578e-09,3.076713994687452e-08,6.313677403113616e-08,0.9999998807907104,0.36667099595069885,0.2711988687515259,102,0.6252293586730957,0.8177997469902039,1.0,0.8177997469902039,0.7288011312484741,0.8177996873855591,3.29272248356105e-10,0.9999999403953552
GCN,996,2195,0,1,4,-0.49853307008743286,3.041675090789795,3.540208160877228,0.7499998807907104,0.03672810643911362,-0.0002848218136932701,0.4734801650047302,0.07063566148281097,0.21049640015157256,0,0.0,0.052337752965806,75,0.3650457262992859,0.9999998807907104,0.4698995481848955,0.9693500738552437,56.66238784790039,0.9715657311669128,0.47001349925994873,0.9981536189069424,0.47001349925994873,0.9981536189069424,6.51925802230835e-09,6.946005992602977e-09,1.9046217047957725e-08,0.9999998807907104,0.3650457262992859,0.3510296940803528,71,0.6829491853713989,0.837757408618927,1.0,0.837757408618927,0.6489703059196472,0.837757408618927,2.3283064365386963e-10,0.9999998807907104
GCN,996,2198,0,1,5,2.2555110454559326,6.611826419830322,4.35631537437439,0.7071066498756409,0.023195473477244377,-0.029339127242565155,0.5428839325904846,0.04673055559396744,0.13111026904130352,0,0.0,0.06908583391486392,99,0.3953291177749634,0.9999999403953552,0.5332621726852288,0.9881831610044313,64.96894836425781,0.9937223042836041,0.5397530794143677,0.9988921713441654,0.5397530794143677,0.9988921713441654,4.856067992164981e-09,5.980575679132016e-08,1.7923946415976388e-07,0.9999999403953552,0.39532920718193054,0.2545599937438965,97,0.773374080657959,0.8136399984359741,1.0,0.8136399984359741,0.7454400062561035,0.8136399984359741,1.5156362831447723e-09,0.9999999403953552
GCN,996,2212,3,1,4,-2.474200963973999,2.9384336471557617,5.412634611129761,0.7499998807907104,0.032489582896232605,-0.0004605653812177479,0.4965987801551819,0.0679832398891449,0.2084122773777946,0,0.0,0.056524773203070484,81,0.3834627568721771,0.9999999403953552,0.4911341066737089,0.9763663220088626,59.38386917114258,0.982274741506647,0.49299243092536926,0.9981536189069424,0.49299243092536926,0.9981536189069424,6.6182903601941234e-09,3.059752629042123e-08,6.227713100770416e-08,0.9999998807907104,0.38346272706985474,0.31828832626342773,77,0.7793357372283936,0.8295720815658569,1.0,0.8295720815658569,0.6817116737365723,0.8295720815658569,0.0,0.9999999403953552
GCN,996,2215,3,1,4,-2.5396814346313477,3.4349746704101562,5.974656105041504,0.7499998807907104,0.031249022111296654,-0.00036816761712543666,0.5109925270080566,0.06576761603355408,0.20670708601743085,0,0.0,0.055826936496859735,80,0.3947722613811493,0.9999999403953552,0.5046446956280537,0.9844903988183161,61.0969352722168,0.9874446085672083,0.5079350471496582,0.9985228951255539,0.5079350471496582,0.9985228951255539,4.883896842500235e-09,4.6039279055776205e-09,1.168255803207785e-08,0.9999998807907104,0.3947722613811493,0.29818251729011536,76,0.8065873384475708,0.8245456218719482,1.0,0.8245456218719482,0.701817512512207,0.8245456218719482,2.3283064365386963e-10,0.9999999403953552
GCN,996,2218,1,1,2,-1.0543655157089233,3.493218183517456,4.547583699226379,0.8660253286361694,0.10057755559682846,0.0,0.420364111661911,0.2549343705177307,0.8033345964380447,1,0.0,0.027913468248429867,40,0.3616158068180084,0.9999998807907104,0.4158574193019484,0.948301329394387,49.825313568115234,0.9342688330871491,0.41007673740386963,0.9926144756277696,0.41007673740386963,0.9926144756277696,1.0030650976489142e-08,1.0386439264209457e-08,2.874693905141612e-08,0.9999998807907104,0.3616158068180084,0.4432559609413147,35,0.922748863697052,0.8608140349388123,1.0,0.8608140349388123,0.5567440390586853,0.8608139753341675,0.0,0.9999998807907104
GCN,996,2224,4,1,8,-2.8511948585510254,1.3190405368804932,4.1702353954315186,0.6123723983764648,0.01864817552268505,-0.12117806077003479,0.5179311037063599,0.26211297512054443,0.8173550587343691,1,0.0,0.08932309839497557,128,0.3249140679836273,0.9999998807907104,0.5097175663184812,0.9844903988183161,62.00223922729492,0.9892909896602659,0.5147161483764648,0.9985228951255539,0.5147161483764648,0.9985228951255539,8.63673044193547e-09,3.1120148236141176e-08,6.566375532202073e-08,0.9999998807907104,0.3249140977859497,0.29255664348602295,125,0.4852263331413269,0.8231391906738281,1.0,0.8231391906738281,0.707443356513977,0.8231391906738281,2.3283064365386963e-09,0.9999998807907104
GCN,996,2228,6,1,6,-1.1527361869812012,2.2577788829803467,3.410515069961548,0.6708203554153442,0.02134539932012558,0.0,0.5366806983947754,0.03723756596446037,0.10837438423645321,0,0.0,0.0718771807397069,103,0.37144118547439575,0.9999999403953552,0.5292102419065401,0.9870753323485968,64.26315307617188,0.992245199409158,0.5336653590202332,0.9988921713441654,0.5336653590202332,0.9988921713441654,4.771608441700437e-09,3.0111763749118836e-08,6.072566804959934e-08,0.9999998807907104,0.37144121527671814,0.2617174983024597,98,0.6280573606491089,0.8154294490814209,1.0,0.8154294490814209,0.7382825016975403,0.8154293894767761,0.0,0.9999999403953552
GCN,996,2229,3,1,3,-2.6198596954345703,2.6430015563964844,5.262861251831055,0.8017836213111877,0.04354128986597061,0.0,0.45932209491729736,0.09085710346698761,0.24838954149298978,0,0.0,0.04815073272854152,69,0.3779639005661011,0.9999999403953552,0.4570304674973269,0.9656573116691285,55.123008728027344,0.9645494830132939,0.4558402895927429,0.9974150664697193,0.4558402895927429,0.9974150664697193,4.4664663079174716e-09,5.206251429967779e-09,1.3758716832512619e-08,0.9999998807907104,0.3779639005661011,0.37146151065826416,64,0.7684792280197144,0.8428653478622437,1.0,0.8428653478622437,0.6285384893417358,0.8428653478622437,0.0,0.9999999403953552
GCN,996,2231,0,1,2,-1.8429533243179321,3.936047077178955,5.779000401496887,0.8660253286361694,0.04434539005160332,-0.00033846046426333487,0.4752947688102722,0.09095539897680283,0.25142099280030317,0,0.0,0.04256803907885555,61,0.42293643951416016,0.9999998807907104,0.4731254928112613,0.9719350073855244,57.19341278076172,0.9759970457902511,0.4720863401889801,0.9981536189069424,0.4720863401889801,0.9981536189069424,4.4664663079174716e-09,4.454312474422295e-09,6.052653844790257e-08,0.9999998807907104,0.42293643951416016,0.3488466739654541,57,0.8442549705505371,0.8372116684913635,1.0,0.8372116684913635,0.6511533260345459,0.8372116684913635,0.0,0.9999998807907104
GCN,996,2232,0,1,3,2.243285894393921,7.102781772613525,4.8594958782196045,0.8017836213111877,0.03898737207055092,-0.0002778241760097444,0.506027340888977,0.08238044381141663,0.22300113679424025,0,0.0,0.04256803907885555,61,0.41738566756248474,0.9999999403953552,0.4957786069715989,0.9763663220088626,60.55239486694336,0.9859675036927622,0.5024224519729614,0.9985228951255539,0.5024224519729614,0.9985228951255539,6.107090388951519e-09,3.035383144833759e-08,6.119417861327747e-08,0.9999998807907104,0.41738566756248474,0.30590471625328064,57,0.8572969436645508,0.8264762163162231,1.0,0.8264762163162231,0.694095253944397,0.8264762163162231,1.1641532182693481e-10,0.9999999403953552
GCN,996,2235,5,1,3,-4.541626930236816,1.073343276977539,5.6149702072143555,0.8017836213111877,0.04306357726454735,-0.15628039836883545,0.46994227170944214,0.3257327973842621,0.9058355437665783,1,0.0,0.04675505931612003,67,0.37998926639556885,0.9999998807907104,0.4547614112898642,0.9627031019202363,56.24045181274414,0.9693500738552437,0.46576443314552307,0.9981536189069424,0.46576443314552307,0.9981536189069424,7.2738619572021435e-09,7.127052281674651e-09,1.876412270007677e-08,0.9999998807907104,0.37998926639556885,0.36809343099594116,64,0.7160329818725586,0.8420234322547913,1.0,0.8420234322547913,0.6319065690040588,0.8420233726501465,6.535867402845952e-09,0.9999998807907104
GCN,996,2249,4,1,6,-4.126500129699707,0.9114341735839844,5.037934303283691,0.6708203554153442,0.019440261647105217,0.0,0.5636090636253357,0.03830103576183319,0.10837438423645321,0,0.0,0.0718771807397069,103,0.39024901390075684,0.9999999403953552,0.5534812545065955,0.990029542097489,67.47029113769531,0.9966765140324964,0.5605812072753906,0.9988921713441654,0.5605812072753906,0.9988921713441654,2.464047854644491e-09,3.001168025207335e-08,1.1956075240959763e-07,0.9999999403953552,0.3902490735054016,0.2243346869945526,98,0.7448909282684326,0.8060836791992188,1.0,0.8060836791992188,0.775665283203125,0.8060836791992188,0.0,0.9999999403953552
GCN,996,2264,4,1,1,-0.029020071029663086,4.561049938201904,4.590070009231567,0.9486831426620483,0.07057054340839386,0.0,0.40369701385498047,0.16705915331840515,0.5702917771883289,1,0.0,0.03210048848569435,46,0.3890523910522461,0.9999999403953552,0.4057679434068182,0.931314623338257,48.97819519042969,0.9261447562776958,0.3991028666496277,0.9881831610044313,0.3991028666496277,0.9881831610044313,0.0,5.206251540990081e-10,1.0412503081980162e-09,0.9999998807907104,0.3890524208545685,0.4532034993171692,41,0.9066163301467896,0.8633008003234863,0.9999999403953552,0.8633008599281311,0.546796441078186,0.8633008003234863,0.0,0.9999999403953552
GCN,996,2274,0,1,3,-0.4899444580078125,3.8612518310546875,4.3511962890625,0.8017836213111877,0.03593374043703079,0.0,0.5343886613845825,0.07567957043647766,0.21580143993937098,0,0.0,0.041172365666434056,59,0.4412800073623657,0.9999998807907104,0.524537936734193,0.9863367799113737,63.877628326416016,0.9918759231905465,0.5306493639945984,0.9988921713441654,0.5306493639945984,0.9988921713441654,2.63417798684884e-09,2.8036521992902408e-09,6.270570285238364e-09,0.9999998807907104,0.4412800073623657,0.2661694288253784,54,0.902382493019104,0.816542387008667,1.0,0.816542387008667,0.7338305711746216,0.816542387008667,0.0,0.9999998807907104
GCN,996,2279,2,1,3,-4.092826843261719,2.625340223312378,6.718167066574097,0.8017836213111877,0.0312647819519043,-0.0008594319224357605,0.5093981027603149,0.061291150748729706,0.2019704433497537,0,0.0,0.05722260990928123,82,0.420864462852478,0.9999998807907104,0.5042900575491691,0.9844903988183161,60.94761276245117,0.9870753323485968,0.5060889720916748,0.9985228951255539,0.5060889720916748,0.9985228951255539,4.816837595456036e-09,4.685626109335317e-09,1.1129331234371875e-08,0.9999998807907104,0.420864462852478,0.30011966824531555,78,0.7846745848655701,0.8250299096107483,1.0,0.8250299096107483,0.6998803615570068,0.8250299692153931,4.656612873077393e-10,0.9999998807907104
GCN,996,2288,5,1,3,-1.9063262939453125,2.8943896293640137,4.800715923309326,0.8017836213111877,0.040046680718660355,0.0,0.48178187012672424,0.07847211509943008,0.21750663129973474,0,0.0,0.04396371249127704,63,0.3970943093299866,0.9999999403953552,0.47698624329552985,0.9745199409158051,57.64143753051758,0.9782127031019202,0.4776281714439392,0.9981536189069424,0.4776281714439392,0.9981536189069424,4.368290174028289e-09,6.926466955547994e-09,1.7424673259824885e-08,0.9999998807907104,0.39709433913230896,0.3396483361721039,58,0.7569312453269958,0.8349120616912842,1.0,0.8349120616912842,0.6603516340255737,0.8349120616912842,0.0,0.9999999403953552
GCN,996,2293,0,1,3,-0.42442023754119873,3.792266845703125,4.216687083244324,0.8017836213111877,0.03955579921603203,0.0,0.5080816745758057,0.07283517718315125,0.21295945433876468,0,0.0,0.03977669225401256,57,0.41905033588409424,0.9999999403953552,0.501603268068716,0.9844903988183161,60.78150177001953,0.9867060561299852,0.5044606328010559,0.9985228951255539,0.5044606328010559,0.9985228951255539,6.969380184074225e-09,3.06072678313285e-08,6.189022627722807e-08,0.9999998807907104,0.4190503656864166,0.30313640832901,52,0.7501043677330017,0.8257840871810913,1.0,0.8257840871810913,0.69686359167099,0.8257840871810913,0.0,0.9999999403953552
GCN,996,2297,4,1,3,-3.57122540473938,1.564333438873291,5.135558843612671,0.8017836213111877,0.05695796385407448,0.0,0.437400758266449,0.078117236495018,0.21750663129973474,0,0.0,0.03977669225401256,57,0.35765519738197327,0.9999999403953552,0.4372523833221338,0.9593796159527327,52.49861145019531,0.9534711964549483,0.43232062458992004,0.9959379615952733,0.43232062458992004,0.9959379615952733,6.177695244247161e-09,3.132156223273341e-08,6.541656460967715e-08,0.9999998807907104,0.35765522718429565,0.40523403882980347,52,0.48098236322402954,0.8513085246086121,1.0,0.8513085246086121,0.5947659611701965,0.8513085246086121,0.0,0.9999999403953552
GCN,996,2299,4,1,2,-2.7093262672424316,2.9736101627349854,5.682936429977417,0.8660253286361694,0.04767318069934845,0.0,0.46487048268318176,0.10465028882026672,0.34444865479348236,1,0.0,0.04326587578506629,62,0.41316986083984375,0.9999998807907104,0.4648227366338025,0.9663958641063516,56.06752014160156,0.9686115214180206,0.4612964391708374,0.9977843426883308,0.4612964391708374,0.9977843426883308,7.2738619572021435e-09,7.399473478386653e-09,1.790341208618429e-08,0.9999998807907104,0.41316986083984375,0.3638833165168762,57,0.8837489485740662,0.8409708142280579,1.0,0.8409708142280579,0.6361166834831238,0.8409708142280579,0.0,0.9999998807907104
GCN,996,2302,3,1,2,-2.31746768951416,4.349913120269775,6.6673808097839355,0.8660253286361694,0.03836897388100624,0.0,0.5303018093109131,0.07993949949741364,0.22034861690034105,0,0.0,0.0418702023726448,60,0.47300446033477783,0.9999999403953552,0.5221519626142568,0.9863367799113737,63.453304290771484,0.991506646971935,0.5268204808235168,0.9985228951255539,0.5268204808235168,0.9985228951255539,3.9786116623474754e-09,3.0074833290427705e-08,6.021311804715879e-08,0.9999998807907104,0.47300446033477783,0.2717618942260742,55,0.9568302631378174,0.8179404735565186,1.0,0.8179404735565186,0.7282381057739258,0.8179404735565186,0.0,0.9999999403953552
GCN,996,2310,3,1,2,-0.4977806806564331,3.639328956604004,4.137109637260437,0.8660253286361694,0.05637802183628082,-0.05397597327828407,0.4587821960449219,0.12494729459285736,0.4041303524062145,1,0.0,0.034891835310537335,50,0.4033598303794861,0.9999998211860657,0.44697913110371806,0.9612259970457903,55.06816101074219,0.9645494830132939,0.4541535973548889,0.9974150664697193,0.4541535973548889,0.9974150664697193,1.0030650976489142e-08,9.856191418577964e-09,6.441889865982375e-08,0.9999998807907104,0.4033598303794861,0.3789868652820587,46,0.8805503249168396,0.8447467088699341,1.0,0.8447467088699341,0.6210131645202637,0.8447467088699341,8.847564458847046e-09,0.9999998211860657
GCN,996,2316,3,1,1,-3.0847063064575195,1.7459120750427246,4.830618381500244,0.9486831426620483,0.08433899283409119,0.0,0.4350765347480774,0.2012418508529663,0.6822660098522167,1,0.0,0.020237264480111653,29,0.4175977408885956,0.9999999403953552,0.43509541194121354,0.9556868537666174,52.025146484375,0.9516248153618907,0.4289158880710602,0.9951994091580503,0.4289158880710602,0.9951994091580503,1.30385160446167e-08,1.3040594382118798e-08,3.122613989603451e-08,0.9999998807907104,0.41759777069091797,0.4130842685699463,24,0.9848650693893433,0.8532710075378418,1.0,0.8532710075378418,0.5869157314300537,0.8532710671424866,0.0,0.9999999403953552
GCN,996,2318,1,1,2,-0.7911866307258606,4.934633731842041,5.725820362567902,0.8660253286361694,0.04087688401341438,0.0,0.4899178743362427,0.08289140462875366,0.2233800682076544,0,0.0,0.04326587578506629,62,0.43647703528404236,0.9999998807907104,0.4863239119626829,0.9763663220088626,58.74470901489258,0.9819054652880355,0.48624053597450256,0.9981536189069424,0.48624053597450256,0.9981536189069424,5.665014235489707e-09,3.0536341455444926e-08,6.152511389245774e-08,0.9999998807907104,0.43647700548171997,0.3279995620250702,57,0.8603706955909729,0.8319998979568481,1.0,0.8319998979568481,0.6720004081726074,0.8319998979568481,0.0,0.9999998807907104
GCN,996,2320,3,1,2,-0.6898038387298584,5.165928840637207,5.855732679367065,0.8660253286361694,0.0470731146633625,0.0,0.5014265179634094,0.10087285935878754,0.3266388783630163,1,0.0,0.03698534542916958,53,0.4461733400821686,0.9999999403953552,0.49311041209662626,0.9763663220088626,60.18917465209961,0.9848596750369276,0.49726206064224243,0.9985228951255539,0.49726206064224243,0.9985228951255539,6.51925802230835e-09,3.0221382729678226e-08,6.065532431875909e-08,0.9999998807907104,0.4461733400821686,0.3130711317062378,48,0.9305490255355835,0.8282678127288818,1.0,0.8282678127288818,0.6869288682937622,0.8282678127288818,0.0,0.9999999403953552
GCN,996,2321,0,1,2,1.1454439163208008,6.260485649108887,5.115041732788086,0.8660253286361694,0.04849979281425476,-0.000532094738446176,0.4831981062889099,0.10407818853855133,0.3421750663129973,1,0.0,0.03768318213538032,54,0.4295608401298523,0.9999999403953552,0.4796737513606594,0.9759970457902511,57.8626708984375,0.9793205317577548,0.47910618782043457,0.9981536189069424,0.47910618782043457,0.9981536189069424,7.213993846733047e-09,6.671319052742319e-09,1.5518166307515457e-08,0.9999998807907104,0.4295608401298523,0.3386476933956146,50,0.8979986310005188,0.8346619606018066,1.0,0.8346619606018066,0.661352276802063,0.8346619009971619,0.0,0.9999999403953552
GCN,996,2330,0,1,3,0.802939772605896,5.598736763000488,4.795796990394592,0.8017836213111877,0.034849561750888824,-0.0009550659451633692,0.4944094121456146,0.07249089330434799,0.21163319439181508,0,0.0,0.051639916259595256,74,0.40808919072151184,0.9999998807907104,0.48874160427677693,0.9763663220088626,59.264747619628906,0.982274741506647,0.49060630798339844,0.9981536189069424,0.49060630798339844,0.9981536189069424,4.928095709288982e-09,5.405483172182812e-09,1.3200636139742983e-08,0.9999998807907104,0.40808919072151184,0.3213644027709961,70,0.8076953887939453,0.8303411602973938,1.0,0.8303411602973938,0.6786355972290039,0.830341100692749,4.656612873077393e-10,0.9999998807907104
GCN,996,2331,1,1,2,-1.5120433568954468,3.487699508666992,4.999742865562439,0.8660253286361694,0.055538635700941086,0.0,0.4831660985946655,0.1243894100189209,0.4041303524062145,1,0.0,0.03279832519190509,47,0.4286471903324127,0.9999999403953552,0.4798993559218765,0.9759970457902511,57.86952590942383,0.9793205317577548,0.4787382483482361,0.9981536189069424,0.4787382483482361,0.9981536189069424,6.71586253275791e-09,3.077947141605364e-08,6.224789927955499e-08,0.9999998807907104,0.4286471903324127,0.34005439281463623,42,0.9371631741523743,0.8350136280059814,1.0,0.8350136280059814,0.6599456071853638,0.8350136280059814,0.0,0.9999999403953552
GCN,996,2337,4,1,1,-3.7931036949157715,2.4165329933166504,6.209636688232422,0.9486831426620483,0.08601745963096619,-0.002175829140469432,0.41744112968444824,0.1852201521396637,0.6218264494126563,1,0.0,0.0209351011863224,30,0.3993415832519531,0.9999999403953552,0.4143742880951763,0.9479320531757754,49.769893646240234,0.9335302806499262,0.40894556045532227,0.9926144756277696,0.40894556045532227,0.9926144756277696,8.33000246558413e-09,3.0270669526544225e-08,6.106493799507007e-08,0.9999998807907104,0.3993415832519531,0.43874257802963257,26,0.8395986557006836,0.8596856594085693,1.0,0.8596856594085693,0.5612574219703674,0.8596856594085693,9.313225746154785e-10,0.9999999403953552
GCN,996,2341,4,1,1,-3.2379226684570312,1.8506208658218384,5.08854353427887,0.9486831426620483,0.14220845699310303,0.0,0.38591548800468445,0.3204815089702606,0.9012883668056082,1,0.0,0.015352407536636426,22,0.34868329763412476,0.9999999403953552,0.38439728199333306,0.9124815361890695,45.05318832397461,0.8788774002954209,0.37070104479789734,0.98301329394387,0.37070104479789734,0.98301329394387,0.0,2.3283064365386963e-10,4.656612873077393e-10,0.9999998807907104,0.34868329763412476,0.5099406242370605,17,0.8250702023506165,0.8774851560592651,1.0,0.8774851560592651,0.49005937576293945,0.8774851560592651,0.0,0.9999999403953552
GCN,996,2342,0,1,1,1.1751234531402588,5.648594379425049,4.47347092628479,0.9486831426620483,0.07826709002256393,-0.0012618416221812367,0.3903300166130066,0.1909552812576294,0.6451307313376279,1,0.0,0.028611304954640614,41,0.37397536635398865,0.9999999403953552,0.3956453437455983,0.9268833087149188,47.1599006652832,0.9102658788774003,0.3850845396518707,0.9863367799113737,0.3850845396518707,0.9863367799113737,1.580506747700383e-08,1.5888879545400414e-08,4.247981877369966e-08,0.9999998807907104,0.37397539615631104,0.47439366579055786,38,0.9034531116485596,0.8685983419418335,1.0,0.8685983419418335,0.5256063342094421,0.8685984015464783,0.0,0.9999999403953552
GCN,996,2346,3,1,3,-2.7774033546447754,3.910714864730835,6.68811821937561,0.8017836213111877,0.035053856670856476,0.0,0.5277019143104553,0.07042913883924484,0.21049640015157256,0,0.0,0.04326587578506629,62,0.43579551577568054,0.9999998807907104,0.5192909832421179,0.9863367799113737,63.15468215942383,0.9911373707533235,0.5243935585021973,0.9985228951255539,0.5243935585021973,0.9985228951255539,3.259629011154175e-09,3.075656707096641e-08,6.210882474988466e-08,0.9999998807907104,0.43579548597335815,0.27528995275497437,57,0.8500851392745972,0.8188225030899048,1.0,0.8188225030899048,0.7247100472450256,0.8188225030899048,0.0,0.9999998807907104
GCN,996,2347,0,1,3,0.8636565208435059,6.811542510986328,5.947885990142822,0.8017836213111877,0.03370118513703346,0.0,0.5355210304260254,0.05793078616261482,0.1962864721485411,0,0.0,0.0418702023726448,60,0.44240936636924744,0.9999999403953552,0.5260976975567337,0.9863367799113737,64.07449340820312,0.9918759231905465,0.5316921472549438,0.9988921713441654,0.5316921472549438,0.9988921713441654,5.6266067360866145e-09,5.8161075955354136e-09,1.3146437716216042e-08,0.9999998807907104,0.4424093961715698,0.26429131627082825,55,0.7380706071853638,0.8160728216171265,1.0,0.8160728216171265,0.7357087135314941,0.8160728216171265,0.0,0.9999999403953552
GCN,996,2353,4,1,3,-2.428983688354492,3.0255391597747803,5.4545228481292725,0.8017836213111877,0.03555407375097275,-0.0005625584162771702,0.4997323751449585,0.07380978763103485,0.21314892004547176,0,0.0,0.04954640614096301,71,0.41246670484542847,0.9999998807907104,0.4948573436983842,0.9763663220088626,60.131221771240234,0.9848596750369276,0.49659761786460876,0.9985228951255539,0.49659761786460876,0.9985228951255539,3.5463707526162125e-09,3.4218976541211532e-09,8.273200791109048e-09,0.9999998807907104,0.41246670484542847,0.3140847682952881,67,0.8318006992340088,0.8285212516784668,1.0,0.8285212516784668,0.6859152317047119,0.828521192073822,0.0,0.9999998807907104
GCN,996,2359,2,0,11,-5.1531267166137695,-2.222740650177002,2.9303860664367676,0.5477225184440613,0.024233289062976837,-0.00013435710570774972,0.520253598690033,0.06153695285320282,0.20215990905646078,0,0.0,0.09979064898813678,143,0.29344525933265686,0.9999999403953552,0.5124567548603094,0.9844903988183161,62.10773468017578,0.9892909896602659,0.516261100769043,0.9985228951255539,0.516261100769043,0.9985228951255539,1.027888618665429e-08,1.1236339858555766e-08,3.8291098292120296e-08,0.9999998807907104,0.29344525933265686,0.2856595516204834,139,0.7236012816429138,0.8214148879051208,1.0,0.8214148879051208,0.7143404483795166,0.8214148879051208,1.1641532182693481e-10,0.9999999403953552
GCN,996,2365,2,0,7,-5.657937049865723,-2.251715660095215,3.406221389770508,0.6396021246910095,0.03492196649312973,-0.0004161584365647286,0.5084094405174255,0.06728089600801468,0.20803334596438045,0,0.0,0.06769016050244243,97,0.3341315984725952,0.9999998807907104,0.499249774643413,0.9763663220088626,60.668949127197266,0.9859675036927622,0.503395140171051,0.9985228951255539,0.503395140171051,0.9985228951255539,7.508562660518692e-09,8.21615131485487e-09,2.4616889859885305e-08,0.9999998807907104,0.3341315984725952,0.3034594655036926,93,0.626493513584137,0.825864851474762,1.0,0.825864851474762,0.6965405344963074,0.825864851474762,2.3283064365386963e-10,0.9999998807907104
GCN,996,2368,3,1,2,-0.43508172035217285,5.046103477478027,5.4811851978302,0.8660253286361694,0.05734952166676521,0.0,0.4862871766090393,0.13066065311431885,0.4213717317165593,1,0.0,0.03210048848569435,46,0.4312124252319336,0.9999998807907104,0.48052348623722524,0.9763663220088626,58.323448181152344,0.9807976366322009,0.48151707649230957,0.9981536189069424,0.48151707649230957,0.9981536189069424,1.236416213856728e-08,3.2276240347073326e-08,6.616625825017763e-08,0.9999998807907104,0.431212455034256,0.3361049294471741,41,0.9594854116439819,0.8340261578559875,1.0,0.8340261578559875,0.6638950705528259,0.8340262174606323,0.0,0.9999998807907104
GCN,996,2383,4,0,10,-5.43215799331665,-1.9958324432373047,3.4363255500793457,0.5669466257095337,0.02022654376924038,-0.00039032025961205363,0.509087324142456,0.028882764279842377,0.10837438423645321,0,0.0,0.09630146545708304,138,0.2975679039955139,0.9999998807907104,0.5045145193039008,0.9844903988183161,60.9200439453125,0.9870753323485968,0.5058215260505676,0.9985228951255539,0.5058215260505676,0.9985228951255539,1.789618231384793e-08,3.3727509674008616e-08,7.981739713613933e-08,0.9999998807907104,0.2975679039955139,0.3001859784126282,135,0.4121464788913727,0.8250464200973511,1.0,0.8250464200973511,0.6998140215873718,0.8250464797019958,2.6031257704950406e-10,0.9999998807907104
GCN,996,2384,0,1,1,0.8698108196258545,6.244247913360596,5.374437093734741,0.9486831426620483,0.0686800554394722,-0.0002984533493872732,0.4469691216945648,0.15838858485221863,0.5433876468359227,1,0.0,0.0314026517794836,45,0.4324513375759125,0.9999999403953552,0.4445994842667877,0.9612259970457903,53.163414001464844,0.956794682422452,0.4406593441963196,0.9970457902511078,0.4406593441963196,0.9970457902511078,0.0,2.980414137709886e-08,5.96155587118119e-08,0.9999998807907104,0.4324513375759125,0.3922082185745239,41,0.9778942465782166,0.8480520844459534,1.0,0.8480520844459534,0.6077917814254761,0.8480520248413086,0.0,0.9999999403953552
GCN,996,2389,2,1,2,-3.201988458633423,3.1179966926574707,6.3199851512908936,0.8660253286361694,0.04658159986138344,-0.001597752794623375,0.5114349722862244,0.0971616730093956,0.2917771883289125,0,0.0,0.03210048848569435,46,0.45516088604927063,0.9999999403953552,0.5061966055510195,0.9844903988183161,61.364837646484375,0.9878138847858198,0.5072827935218811,0.9985228951255539,0.5072827935218811,0.9985228951255539,3.4846900920371127e-09,5.970914429553886e-08,1.194603242993253e-07,0.9999998807907104,0.45516085624694824,0.29923391342163086,42,0.9069632887840271,0.8248084783554077,1.0,0.8248084783554077,0.7007660865783691,0.8248084783554077,9.313225746154785e-10,0.9999999403953552
GCN,996,2392,2,1,3,-3.204835891723633,2.721446990966797,5.92628288269043,0.8017836213111877,0.03611104562878609,-0.0012470087967813015,0.5065770745277405,0.07271671295166016,0.21182266009852216,0,0.0,0.04326587578506629,62,0.4180840849876404,0.9999999403953552,0.5020003240933835,0.9844903988183161,60.756221771240234,0.9867060561299852,0.5030227303504944,0.9985228951255539,0.5030227303504944,0.9985228951255539,3.811601700931533e-09,2.993028758169203e-08,5.99754983454659e-08,0.9999998807907104,0.4180840849876404,0.30474328994750977,58,0.7984821796417236,0.8261858820915222,1.0,0.8261858820915222,0.6952567100524902,0.8261858224868774,9.313225746154785e-10,0.9999999403953552
GCN,996,2411,3,1,1,-2.263868570327759,3.5423364639282227,5.8062050342559814,0.9486831426620483,0.0862840935587883,0.0,0.3670593798160553,0.21830441057682037,0.7322849564228875,1,0.0,0.027913468248429867,40,0.3486832082271576,0.9999999403953552,0.37040463762021697,0.9073116691285081,44.41949462890625,0.8685376661742984,0.3595276176929474,0.9785819793205317,0.3595276176929474,0.9785819793205317,1.3170890156288806e-08,1.3179119129347328e-08,3.779044277507637e-08,0.9999998807907104,0.3486832082271576,0.5099407434463501,35,0.8810270428657532,0.8774851560592651,1.0,0.8774851560592651,0.4900592565536499,0.8774851560592651,0.0,0.9999999403953552
GCN,996,2425,3,1,5,0.605991542339325,4.869653701782227,4.263662159442902,0.7071066498756409,0.03545233607292175,0.0,0.4825051724910736,0.05197685584425926,0.1724137931034483,0,0.0,0.055826936496859735,80,0.35072121024131775,1.0,0.4787274417343394,0.9759970457902511,57.81252670288086,0.9785819793205317,0.4787253439426422,0.9981536189069424,0.4787253439426422,0.9981536189069424,6.089311277435172e-09,7.923087075312196e-09,2.2595324722374244e-08,0.9999998807907104,0.35072124004364014,0.3386736214160919,75,0.5002095699310303,0.8346684575080872,1.0,0.8346684575080872,0.6613264083862305,0.8346683979034424,0.0,1.0
GCN,996,2427,3,1,3,-1.1671682596206665,3.9277260303497314,5.094894289970398,0.8017836213111877,0.05776606500148773,-0.00145750364754349,0.4460980296134949,0.08278016000986099,0.2233800682076544,0,0.0,0.04884856943475227,70,0.36473485827445984,0.9999999403953552,0.4416253044295807,0.9608567208271788,53.12847900390625,0.956794682422452,0.43942025303840637,0.9966765140324964,0.43942025303840637,0.9966765140324964,1.3269303877905259e-08,3.345072130400695e-08,7.272088708987212e-08,0.9999998807907104,0.36473482847213745,0.3934609293937683,67,0.49467942118644714,0.8483651876449585,1.0,0.8483651876449585,0.6065390706062317,0.8483652472496033,5.206251540990081e-10,0.9999999403953552
GCN,996,2428,5,1,1,-1.1862101554870605,3.117979049682617,4.304189205169678,0.9486831426620483,0.15541410446166992,-0.0005216324352659285,0.4293516278266907,0.37551265954971313,0.9439181508147025,1,0.0,0.020237264480111653,29,0.3890523910522461,0.9999999403953552,0.41609307584518157,0.948301329394387,48.56855392456055,0.9242983751846381,0.4039163589477539,0.9903988183161004,0.4039163589477539,0.9903988183161004,1.2904783908140871e-08,3.250802649290563e-08,6.831734111756305e-08,0.9999998807907104,0.38905245065689087,0.4532034993171692,25,0.984166145324707,0.8633009195327759,1.0,0.8633009195327759,0.5467965006828308,0.8633008599281311,4.656612873077393e-10,0.9999999403953552
GCN,996,2431,4,1,1,-3.215075731277466,1.4825482368469238,4.69762396812439,0.9486831426620483,0.11249000579118729,0.0,0.374860554933548,0.29886817932128906,0.8751420992800303,1,0.0,0.021632937892533146,31,0.3486832082271576,0.9999999403953552,0.3810312714609174,0.9091580502215657,46.5505256652832,0.9017725258493353,0.36357995867729187,0.9804283604135894,0.36357995867729187,0.9804283604135894,0.0,4.656612873077393e-10,1.1406325883811519e-09,0.9999998807907104,0.3486832082271576,0.5099407434463501,26,0.9448363780975342,0.8774852156639099,1.0,0.8774852156639099,0.4900592565536499,0.8774851560592651,0.0,0.9999999403953552
GCN,996,2433,2,1,1,-0.01790761947631836,4.714580059051514,4.732487678527832,0.9486831426620483,0.08693026006221771,0.0,0.3672288656234741,0.21678245067596436,0.7228116710875332,1,0.0,0.02721563154221912,39,0.34868329763412476,0.9999999403953552,0.37036875124528856,0.9073116691285081,44.2988166809082,0.8666912850812407,0.35992231965065,0.9796898079763663,0.35992231965065,0.9796898079763663,1.4901161193847656e-08,1.4902980183251202e-08,4.2738054872870634e-08,0.9999998807907104,0.34868329763412476,0.5099406242370605,34,0.868782639503479,0.8774851560592651,1.0,0.8774851560592651,0.49005937576293945,0.8774851560592651,0.0,0.9999999403953552
GCN,996,2435,4,1,2,-2.4450454711914062,3.515131950378418,5.960177421569824,0.8660253286361694,0.047886963933706284,0.0,0.4625838100910187,0.09728921949863434,0.2917771883289125,0,0.0,0.039078855547801813,56,0.4110819399356842,0.9999999403953552,0.4618076903629277,0.96602658788774,55.6159782409668,0.9663958641063516,0.4591686427593231,0.9974150664697193,0.4591686427593231,0.9974150664697193,4.6566128730773926e-09,3.036543816392623e-08,6.127143592493667e-08,0.9999998807907104,0.4110819399356842,0.3670978844165802,51,0.8138951063156128,0.8417744636535645,1.0,0.8417744636535645,0.6329021453857422,0.8417744636535645,0.0,0.9999999403953552
GCN,996,2438,3,1,2,-2.8457436561584473,3.840531826019287,6.686275482177734,0.8660253286361694,0.06340334564447403,-0.001407913863658905,0.45040130615234375,0.13854876160621643,0.4509283819628647,1,0.0,0.02721563154221912,39,0.39769247174263,0.9999999403953552,0.4490481508812223,0.9615952732644018,54.22319793701172,0.9612259970457903,0.4453059136867523,0.9970457902511078,0.4453059136867523,0.9970457902511078,7.213993846733047e-09,7.115633415821776e-09,6.224254889275471e-08,0.9999998807907104,0.3976925015449524,0.3877122402191162,35,0.8523554801940918,0.846928060054779,1.0,0.846928060054779,0.6122877597808838,0.846928060054779,4.656612873077393e-10,0.9999999403953552
GCN,996,2445,2,1,4,-3.8727452754974365,2.3330912590026855,6.205836534500122,0.7499998807907104,0.026136137545108795,0.0,0.5266027450561523,0.04615948349237442,0.12542629784009093,0,0.0,0.06071179344033496,87,0.40730875730514526,1.0,0.5217521351531592,0.9863367799113737,63.2131233215332,0.9911373707533235,0.5237326622009277,0.9985228951255539,0.5237326622009277,0.9985228951255539,5.430496941016827e-09,3.032345574638384e-08,6.116668771483091e-08,0.9999998807907104,0.40730881690979004,0.27589529752731323,82,0.697531521320343,0.8189738392829895,1.0,0.8189738392829895,0.7241047024726868,0.8189738392829895,0.0,1.0
GCN,996,2446,2,0,8,-4.903737545013428,-0.3426830768585205,4.561054468154907,0.6123723983764648,0.021225396543741226,-0.05233973264694214,0.5089007019996643,0.23163849115371704,0.7567260325881016,1,0.0,0.09141660851360782,131,0.32019883394241333,0.9999999403953552,0.5018242399643331,0.9844903988183161,60.866172790527344,0.9870753323485968,0.5053526163101196,0.9985228951255539,0.5053526163101196,0.9985228951255539,1.213402889277404e-08,3.239798829213214e-08,7.159813009138816e-08,0.9999998807907104,0.3201988637447357,0.3028232455253601,127,0.4822635054588318,0.8257057666778564,1.0,0.8257057666778564,0.6971767544746399,0.8257058262825012,1.1292286217212677e-08,0.9999999403953552
GCN,996,2448,2,1,5,-4.726113319396973,0.548275887966156,5.274389207363129,0.7071066498756409,0.027096306905150414,-0.036857616156339645,0.5195865035057068,0.05101165920495987,0.16331943918150815,0,0.0,0.06908583391486392,99,0.3776654899120331,0.9999998807907104,0.5124513754224078,0.9844903988183161,62.14693832397461,0.9892909896602659,0.5160418152809143,0.9985228951255539,0.5160418152809143,0.9985228951255539,5.7974363087964775e-09,3.034489992614908e-08,6.149843301272995e-08,0.9999998807907104,0.3776654601097107,0.28786706924438477,95,0.691675066947937,0.8219668865203857,1.0,0.8219668865203857,0.7121329307556152,0.8219667673110962,1.955777406692505e-08,0.9999998807907104
GCN,996,2456,5,1,2,-1.298504114151001,4.138113975524902,5.436618089675903,0.8660253286361694,0.046375006437301636,-0.05789356306195259,0.46315935254096985,0.10031093657016754,0.3234179613489958,1,0.0,0.04326587578506629,62,0.40902021527290344,0.9999998807907104,0.45468518889059406,0.9627031019202363,55.411495208740234,0.9656573116691285,0.45869845151901245,0.9974150664697193,0.45869845151901245,0.9974150664697193,5.509778855383729e-09,3.084720390233997e-08,6.263279317408887e-08,0.9999998807907104,0.40902018547058105,0.37027212977409363,60,0.8437040448188782,0.842568039894104,1.0,0.842568039894104,0.629727840423584,0.842568039894104,1.1446651626556559e-08,0.9999998807907104
GCN,996,2459,3,0,2,-4.997489929199219,-0.4480435848236084,4.54944634437561,0.8660253286361694,0.08521057665348053,0.0,0.4612562358379364,0.17014096677303314,0.5765441455096627,1,0.0,0.01465457083042568,21,0.4033597707748413,0.9999999403953552,0.4545902043227457,0.9627031019202363,55.416690826416016,0.96602658788774,0.4540104269981384,0.9974150664697193,0.4540104269981384,0.9974150664697193,0.0,5.206251540990081e-10,5.961373972240835e-08,0.9999998807907104,0.4033598005771637,0.3789868950843811,16,0.7976057529449463,0.8447467684745789,1.0,0.8447467684745789,0.6210131049156189,0.8447467088699341,0.0,0.9999999403953552
GCN,996,2461,6,1,1,-3.3377914428710938,0.0425257682800293,3.380317211151123,0.9486831426620483,0.08985865861177444,0.0,0.36801111698150635,0.23345822095870972,0.7614626752557787,1,0.0,0.026517794836008374,38,0.3486832082271576,0.9999999403953552,0.36974511278854655,0.9073116691285081,44.48582077026367,0.869645494830133,0.3586907982826233,0.9778434268833087,0.3586907982826233,0.9778434268833087,6.71586253275791e-09,6.731986967878356e-09,1.9294388309276655e-08,0.9999998807907104,0.3486832082271576,0.5099407434463501,33,0.9070502519607544,0.8774851560592651,1.0,0.8774851560592651,0.4900592565536499,0.8774851560592651,0.0,0.9999999403953552
GCN,996,2467,6,1,2,-1.0008819103240967,3.9600653648376465,4.960947275161743,0.8660253286361694,0.05142149329185486,-0.0018535559065639973,0.4321715831756592,0.11272680759429932,0.38006820765441457,1,0.0,0.04256803907885555,61,0.3830624520778656,0.9999998807907104,0.4326487716959794,0.9516248153618907,52.110191345214844,0.9516248153618907,0.42862388491630554,0.9951994091580503,0.42862388491630554,0.9951994091580503,8.33000246558413e-09,8.068849588482863e-09,2.1060436949937866e-08,0.9999998807907104,0.3830624520778656,0.4102367162704468,57,0.8002895712852478,0.8525591492652893,1.0,0.8525591492652893,0.5897632837295532,0.8525592088699341,9.313225746154785e-10,0.9999998807907104
GCN,996,2474,4,0,2,-5.181789398193359,-0.243927001953125,4.937862396240234,0.8660253286361694,0.07218801975250244,0.0,0.46484336256980896,0.16842734813690186,0.5744600227358848,1,0.0,0.03210048848569435,46,0.40932902693748474,0.9999999403953552,0.4592646939974846,0.96602658788774,55.497222900390625,0.9663958641063516,0.4592069089412689,0.9974150664697193,0.4592069089412689,0.9974150664697193,5.015325488244571e-09,3.0242002679869984e-08,6.090593274166167e-08,0.9999998807907104,0.40932902693748474,0.36979663372039795,41,0.9392575621604919,0.8424491882324219,1.0,0.8424491882324219,0.630203366279602,0.8424491882324219,0.0,0.9999999403953552
GCN,996,2479,6,1,1,-2.8058524131774902,0.8491120338439941,3.6549644470214844,0.9486831426620483,0.09083700180053711,0.0,0.36827796697616577,0.22951921820640564,0.7559681697612732,1,0.0,0.025819958129797628,37,0.34868329763412476,0.9999999403953552,0.3667240464584225,0.9002954209748892,45.35032653808594,0.8858936484490398,0.3628089725971222,0.9800590841949779,0.3628089725971222,0.9800590841949779,0.0,2.3283064365386963e-10,4.656612873077393e-10,0.9999998807907104,0.34868329763412476,0.5099406242370605,32,0.8827813267707825,0.8774852156639099,1.0,0.8774852156639099,0.49005937576293945,0.8774851560592651,0.0,0.9999999403953552
GCN,996,2483,4,1,2,-2.9797213077545166,1.753638744354248,4.733360052108765,0.8660253286361694,0.10451503098011017,0.0,0.460406631231308,0.24383544921875,0.7794619173929519,1,0.0,0.020237264480111653,29,0.39769247174263,0.9999999403953552,0.4562094219661755,0.9638109305760709,55.04126739501953,0.9645494830132939,0.4519794285297394,0.9974150664697193,0.4519794285297394,0.9974150664697193,1.2904783908140871e-08,1.2908984103887633e-08,6.786821415971644e-08,0.9999998807907104,0.3976925015449524,0.3877122700214386,24,0.9302297830581665,0.8469281196594238,1.0,0.8469281196594238,0.6122877597808838,0.8469281196594238,0.0,0.9999999403953552
GCN,996,2489,3,1,1,-3.8037993907928467,1.6114578247070312,5.415257215499878,0.9486831426620483,0.11761264503002167,0.0,0.4257287085056305,0.27819010615348816,0.8423645320197044,1,0.0,0.013258897418004187,19,0.39934152364730835,0.9999999403953552,0.4259247669211496,0.9508862629246676,50.77460861206055,0.9423929098966026,0.41547882556915283,0.9933530280649926,0.41547882556915283,0.9933530280649926,0.0,4.656612873077393e-10,5.961192073300481e-08,0.9999998807907104,0.39934152364730835,0.43874260783195496,14,0.9553043842315674,0.8596855401992798,1.0,0.8596855401992798,0.5612573623657227,0.8596856594085693,0.0,0.9999999403953552
GCN,996,2490,4,1,2,-2.538329839706421,3.5524144172668457,6.090744256973267,0.8660253286361694,0.045974187552928925,0.0,0.47721317410469055,0.09764610975980759,0.3027661993179235,0,0.0,0.040474528960223306,58,0.42449402809143066,0.9999998807907104,0.4730189326985351,0.9719350073855244,57.43450927734375,0.9778434268833087,0.4728485643863678,0.9981536189069424,0.4728485643863678,0.9981536189069424,7.2738619572021435e-09,3.0197156775102485e-08,6.069399205443915e-08,0.9999998807907104,0.42449405789375305,0.34644851088523865,53,0.8777763843536377,0.8366121053695679,1.0,0.8366121053695679,0.653551459312439,0.8366121053695679,0.0,0.9999998807907104
GCN,996,2496,4,1,1,-1.0013593435287476,4.282480239868164,5.283839583396912,0.9486831426620483,0.0761379599571228,-0.0008315779850818217,0.4227781593799591,0.18172140419483185,0.6087533156498673,1,0.0,0.030006978367062107,43,0.40693676471710205,0.9999998807907104,0.42396451803409196,0.9501477104874446,50.97626876831055,0.9442392909896603,0.4169178307056427,0.9933530280649926,0.4169178307056427,0.9933530280649926,1.393876036814845e-08,3.3376093000470064e-08,7.011146863078466e-08,0.9999998807907104,0.40693673491477966,0.4280679225921631,39,0.9572792053222656,0.857016921043396,1.0,0.857016921043396,0.5719320774078369,0.8570169806480408,4.656612873077393e-10,0.9999998807907104
GCN,996,2505,1,1,1,-2.508321762084961,1.9206546545028687,4.42897641658783,0.9486831426620483,0.0778270959854126,0.0,0.41545796394348145,0.1850241869688034,0.6218264494126563,1,0.0,0.026517794836008374,38,0.3993415832519531,0.9999999403953552,0.41247249713880296,0.9449778434268833,49.518218994140625,0.9320531757754801,0.4074403941631317,0.9918759231905465,0.4074403941631317,0.9918759231905465,9.856191418577964e-09,3.139244597605284e-08,6.452264500467209e-08,0.9999998807907104,0.3993415832519531,0.43874257802963257,33,0.9370137453079224,0.8596856594085693,1.0,0.8596856594085693,0.5612574219703674,0.8596856594085693,0.0,0.9999999403953552
GCN,996,2508,3,1,3,-4.018857955932617,2.1126246452331543,6.1314826011657715,0.8017836213111877,0.05790316313505173,0.0,0.5282871127128601,0.12887930870056152,0.4160666919287609,1,0.0,0.0314026517794836,45,0.43367403745651245,0.9999999403953552,0.5192060958876954,0.9863367799113737,63.23275375366211,0.9911373707533235,0.5238667130470276,0.9985228951255539,0.5238667130470276,0.9985228951255539,8.33000246558413e-09,3.0093755043480996e-08,6.037701894001657e-08,0.9999998807907104,0.43367403745651245,0.2788178324699402,40,0.9427751302719116,0.819704532623291,1.0,0.819704532623291,0.7211821675300598,0.8197044730186462,0.0,0.9999999403953552
GCN,996,2509,3,0,5,-5.695754528045654,-0.1513833999633789,5.544371128082275,0.7071066498756409,0.02911454066634178,0.0,0.5085970163345337,0.05285006761550903,0.17904509283819628,0,0.0,0.06489881367759945,93,0.3704788088798523,0.9999999403953552,0.49990487683968404,0.9763663220088626,60.84143829345703,0.9870753323485968,0.5048623085021973,0.9985228951255539,0.5048623085021973,0.9985228951255539,5.665014235489707e-09,6.273479069562882e-09,1.694212237168813e-08,0.9999998807907104,0.3704788386821747,0.301418274641037,88,0.6528213024139404,0.8253545761108398,1.0,0.8253545761108398,0.6985816955566406,0.8253545761108398,0.0,0.9999999403953552
GCN,996,2514,2,1,2,-3.1606240272521973,3.294394016265869,6.455018043518066,0.8660253286361694,0.05017181858420372,-0.0002788648125715554,0.4906998574733734,0.10969021171331406,0.367942402425161,1,0.0,0.03628750872295883,52,0.4361306130886078,0.9999999403953552,0.48576671874311456,0.9763663220088626,58.71118927001953,0.9819054652880355,0.4865209460258484,0.9981536189069424,0.4865209460258484,0.9981536189069424,6.969380184074225e-09,6.111527284247131e-09,1.4018370464441432e-08,0.9999998807907104,0.4361306428909302,0.328532874584198,48,0.9290830492973328,0.8321332335472107,1.0,0.8321332335472107,0.671467125415802,0.8321332335472107,0.0,0.9999999403953552
GCN,996,2523,2,1,2,-2.993708848953247,3.5353684425354004,6.5290772914886475,0.8660253286361694,0.05218149349093437,0.0,0.5054990649223328,0.08752099424600601,0.2370215990905646,0,0.0,0.030006978367062107,43,0.4492376446723938,0.9999999403953552,0.5001211317676009,0.9844903988183161,60.63063049316406,0.9859675036927622,0.5009240508079529,0.9985228951255539,0.5009240508079529,0.9985228951255539,2.464047854644491e-09,5.964373883671215e-08,1.1930484333788627e-07,0.9999998807907104,0.4492376148700714,0.30835336446762085,38,0.7342545986175537,0.8270883560180664,1.0,0.8270883560180664,0.6916466355323792,0.8270883560180664,0.0,0.9999999403953552
GCN,996,2533,0,1,1,-2.6037750244140625,4.253548622131348,6.85732364654541,0.9486831426620483,0.0822051614522934,-0.00272481981664896,0.4063664674758911,0.19908444583415985,0.6688139446760136,1,0.0,0.024424284717376135,35,0.38905248045921326,0.9999999403953552,0.40891665286925805,0.9435007385524372,48.335689544677734,0.922082717872969,0.4006403684616089,0.9885524372230429,0.4006403684616089,0.9885524372230429,1.3687590616484613e-08,3.313892449341438e-08,7.029726134533121e-08,0.9999998807907104,0.38905248045921326,0.4532034397125244,32,0.9259238243103027,0.8633008599281311,1.0,0.8633008599281311,0.5467965602874756,0.8633008599281311,0.0,0.9999999403953552
GCN,996,2540,3,0,1,-6.89853572845459,-3.812736988067627,3.085798740386963,0.9486831426620483,0.13973881304264069,0.0,0.4330957233905792,0.3294329047203064,0.9088669950738916,1,0.0,0.011165387299371946,16,0.3993416130542755,0.9999999403953552,0.425666706181666,0.9508862629246676,50.24534225463867,0.9379615952732644,0.41773879528045654,0.9937223042836041,0.41773879528045654,0.9937223042836041,1.4901161193847656e-08,3.332163700520141e-08,7.032429749642688e-08,0.9999998807907104,0.3993416130542755,0.4387425184249878,11,0.9686235785484314,0.8596857190132141,1.0,0.8596857190132141,0.5612574815750122,0.8596856594085693,0.0,0.9999999403953552
GCN,996,2543,3,1,3,-4.683318138122559,2.398186683654785,7.081504821777344,0.8017836213111877,0.03918425366282463,0.0,0.4975557327270508,0.06715433299541473,0.20765441455096628,0,0.0,0.04675505931612003,67,0.4103233516216278,0.9999999403953552,0.4930663512470338,0.9763663220088626,59.511409759521484,0.982274741506647,0.4938867390155792,0.9981536189069424,0.4938867390155792,0.9981536189069424,8.33000246558413e-09,6.038802524699349e-08,1.215258578213252e-07,0.9999999403953552,0.41032344102859497,0.3176489472389221,62,0.6836933493614197,0.8294122219085693,1.0,0.8294122219085693,0.6823510527610779,0.8294122219085693,0.0,0.9999999403953552
GCN,996,2549,4,1,1,-3.67018985748291,1.2843689918518066,4.954558849334717,0.9486831426620483,0.07610095292329788,0.0,0.4151025116443634,0.18234117329120636,0.6142478211443728,1,0.0,0.028611304954640614,41,0.3993415832519531,0.9999999403953552,0.4174656201672258,0.94903988183161,50.41556167602539,0.9379615952732644,0.41055357456207275,0.9929837518463811,0.41055357456207275,0.9929837518463811,6.177695244247161e-09,3.032434747751722e-08,6.123573825789208e-08,0.9999998807907104,0.3993415832519531,0.43874257802963257,36,0.94356369972229,0.8596857190132141,1.0,0.8596857190132141,0.5612574219703674,0.8596856594085693,0.0,0.9999999403953552
GCN,996,2552,3,1,1,-2.7258877754211426,4.257501602172852,6.983389377593994,0.9486831426620483,0.15586954355239868,-0.02835807576775551,0.45067399740219116,0.36117881536483765,0.9355816597195907,1,0.0,0.0209351011863224,30,0.4069366157054901,1.0,0.4332410219641325,0.9531019202363368,53.01819610595703,0.956794682422452,0.43079912662506104,0.9959379615952733,0.43079912662506104,0.9959379615952733,1.053671194739536e-08,1.0541855388623844e-08,6.499743676613434e-08,0.9999998807907104,0.4069366455078125,0.42806804180145264,26,0.9907057881355286,0.8570169806480408,1.0,0.8570169806480408,0.5719319581985474,0.8570170402526855,4.656612873077393e-10,1.0
GCN,996,2557,2,1,1,-3.8872928619384766,1.868586778640747,5.755879640579224,0.9486831426620483,0.08323174715042114,0.0,0.4348395764827728,0.19739899039268494,0.6667298219022357,1,0.0,0.02721563154221912,39,0.41759783029556274,0.9999999403953552,0.43078493943431506,0.9512555391432792,51.97789001464844,0.9508862629246676,0.42889443039894104,0.9951994091580503,0.42889443039894104,0.9951994091580503,5.587935447692871e-09,3.0554087260270535e-08,1.2029369145238888e-07,0.9999998807907104,0.41759783029556274,0.4130842089653015,34,0.9783767461776733,0.8532711267471313,1.0,0.8532711267471313,0.5869157910346985,0.8532710671424866,0.0,0.9999999403953552
GCN,996,2561,2,1,1,-1.6298129558563232,5.170278549194336,6.800091505050659,0.9486831426620483,0.15477439761161804,-0.0004609338066074997,0.42908531427383423,0.3748750686645508,0.9435392194012884,1,0.0,0.022330774598743892,32,0.3890523910522461,0.9999999403953552,0.4293223303206558,0.9508862629246676,51.227867126464844,0.9457163958641064,0.40772882103919983,0.9918759231905465,0.40772882103919983,0.9918759231905465,1.343172506551582e-08,1.3344669369530493e-08,3.4290142281179214e-08,0.9999998807907104,0.3890524208545685,0.4532035291194916,28,0.9859440326690674,0.8633008003234863,1.0,0.8633008003234863,0.546796441078186,0.8633008599281311,0.0,0.9999999403953552
GCN,996,2562,0,1,2,-0.6166362762451172,3.570915699005127,4.187551975250244,0.8660253286361694,0.08063244819641113,0.0,0.39669814705848694,0.1656189262866974,0.563849943160288,1,0.0,0.02372644801116539,34,0.34515923261642456,1.0,0.39697560289328626,0.9268833087149188,47.24581527709961,0.9102658788774003,0.3879775106906891,0.9863367799113737,0.3879775106906891,0.9863367799113737,6.71586253275791e-09,3.055053809930541e-08,6.270526142770905e-08,0.9999998807907104,0.34515923261642456,0.46859249472618103,29,0.7056525945663452,0.8671480417251587,1.0,0.8671480417251587,0.5314074754714966,0.8671481013298035,0.0,1.0
GCN,996,2566,3,1,2,-2.0323429107666016,4.387182712554932,6.419525623321533,0.8660253286361694,0.06715395301580429,0.0,0.45102396607398987,0.13423633575439453,0.43349753694581283,1,0.0,0.026517794836008374,38,0.39769247174263,0.9999999403953552,0.44931556653493787,0.9615952732644018,53.915016174316406,0.9597488921713442,0.445983350276947,0.9970457902511078,0.445983350276947,0.9970457902511078,9.856191418577964e-09,9.861690131174328e-09,6.455514522940575e-08,0.9999998807907104,0.3976925015449524,0.3877122402191162,33,0.7807800769805908,0.8469280004501343,1.0,0.8469280004501343,0.6122877597808838,0.846928060054779,0.0,0.9999999403953552
GCN,996,2568,3,1,1,-4.8430938720703125,1.3027056455612183,6.145799517631531,0.9486831426620483,0.07965358346700668,0.0,0.40557053685188293,0.19215908646583557,0.6494884425918909,1,0.0,0.027913468248429867,40,0.38905248045921326,0.9999999403953552,0.4063813474036813,0.9316838995568686,49.09994888305664,0.9287296898079763,0.39963528513908386,0.9885524372230429,0.39963528513908386,0.9885524372230429,1.466648225090239e-08,3.337690301918883e-08,7.10220504629433e-08,0.9999998807907104,0.38905248045921326,0.4532034397125244,35,0.9282035231590271,0.8633008599281311,1.0,0.8633008599281311,0.5467965602874756,0.8633008599281311,0.0,0.9999999403953552
GCN,996,2578,0,1,2,-1.535668134689331,4.490482330322266,6.026150465011597,0.8660253286361694,0.049117445945739746,-0.14750784635543823,0.4709855914115906,0.3074567914009094,0.8840469874952633,1,0.0,0.040474528960223306,58,0.411081999540329,0.9999998807907104,0.45267724243618196,0.9623338257016248,56.41971206665039,0.9711964549483013,0.46703416109085083,0.9981536189069424,0.46703416109085083,0.9981536189069424,5.665014235489707e-09,5.988818685409569e-08,1.2005135374693054e-07,0.9999998807907104,0.4110819399356842,0.3670978546142578,54,0.8650009632110596,0.8417744636535645,1.0,0.8417744636535645,0.6329021453857422,0.8417744636535645,6.51925802230835e-09,0.9999998807907104
GCN,996,2582,3,1,3,-6.287728786468506,0.08753538131713867,6.3752641677856445,0.8017836213111877,0.044431619346141815,-0.0014250618405640125,0.4637002944946289,0.08220992982387543,0.22300113679424025,0,0.0,0.0418702023726448,60,0.3814423382282257,0.9999999403953552,0.4592497200661327,0.96602658788774,55.365447998046875,0.9656573116691285,0.45975807309150696,0.9977843426883308,0.45975807309150696,0.9977843426883308,8.88425155665118e-09,8.542061280536473e-09,6.368215110796882e-08,0.9999998807907104,0.3814423680305481,0.36567699909210205,56,0.674896776676178,0.8414192795753479,1.0,0.8414192795753479,0.634323000907898,0.8414192199707031,0.0,0.9999999403953552
GCN,996,2586,5,1,1,-2.105560541152954,3.4080779552459717,5.513638496398926,0.9486831426620483,0.12263746559619904,0.0,0.37838006019592285,0.23275500535964966,0.7589996210685865,1,0.0,0.020237264480111653,29,0.3486832082271576,0.9999999403953552,0.38628922315778,0.9161742983751846,45.1995849609375,0.8822008862629247,0.3674542009830475,0.9819054652880355,0.3674542009830475,0.9819054652880355,1.053671194739536e-08,1.0546997053495488e-08,3.0240101978051825e-08,0.9999998807907104,0.3486832082271576,0.5099407434463501,24,0.6812794208526611,0.8774851560592651,1.0,0.8774851560592651,0.4900592565536499,0.8774851560592651,0.0,0.9999999403953552
GCN,996,2592,5,1,2,-3.7047336101531982,1.7141125202178955,5.418846130371094,0.8660253286361694,0.05470056086778641,-0.0022682936396449804,0.4797227382659912,0.12075898051261902,0.3980674497915877,1,0.0,0.03210048848569435,46,0.425525039434433,0.9999999403953552,0.47572766332665145,0.973781388478582,58.02970886230469,0.9796898079763663,0.47587308287620544,0.9981536189069424,0.47587308287620544,0.9981536189069424,6.650973549682249e-09,8.689918118420792e-09,2.049237579626606e-08,0.9999998807907104,0.42552506923675537,0.34486132860183716,42,0.9032821655273438,0.8362153768539429,1.0000001192092896,0.8362152576446533,0.6551387906074524,0.8362154364585876,0.0,0.9999999403953552
GCN,996,2598,1,1,1,-1.1488831043243408,3.9075849056243896,5.0564680099487305,0.9486831426620483,0.08357597142457962,0.0,0.40644654631614685,0.19977334141731262,0.6688139446760136,1,0.0,0.02512212142358688,36,0.3890523910522461,0.9999999403953552,0.40573795767757453,0.931314623338257,49.23500442504883,0.930576070901034,0.4001787006855011,0.9885524372230429,0.4001787006855011,0.9885524372230429,8.119082295365843e-09,3.089023081770392e-08,6.315581657645453e-08,0.9999998807907104,0.38905245065689087,0.4532034993171692,31,0.92168128490448,0.8633009195327759,1.0,0.8633009195327759,0.5467965006828308,0.8633008599281311,0.0,0.9999999403953552
GCN,996,2599,3,1,3,-3.604626178741455,2.5358667373657227,6.140492916107178,0.8017836213111877,0.04320725426077843,0.0,0.4920685887336731,0.08304619789123535,0.2233800682076544,0,0.0,0.03977669225401256,57,0.40531742572784424,0.9999999403953552,0.488434195406639,0.9763663220088626,59.07545852661133,0.982274741506647,0.4887264370918274,0.9981536189069424,0.4887264370918274,0.9981536189069424,4.748831994305647e-09,5.0315129840328154e-09,1.2487209488654116e-08,0.9999998807907104,0.40531742572784424,0.325973778963089,52,0.758308470249176,0.8314934968948364,1.0,0.8314934968948364,0.6740262508392334,0.8314934968948364,0.0,0.9999999403953552
GCN,996,2603,3,1,1,-2.1215672492980957,3.4121575355529785,5.533724784851074,0.9486831426620483,0.07365676015615463,-0.0006825892487540841,0.3640415668487549,0.18113785982131958,0.6085638499431603,1,0.0,0.034891835310537335,50,0.3486832082271576,0.9999999403953552,0.3717390372860324,0.9080502215657311,44.50856018066406,0.8700147710487445,0.3592209815979004,0.9785819793205317,0.3592209815979004,0.9785819793205317,6.4523919540704355e-09,6.535867402845952e-09,1.867996957116702e-08,0.9999998807907104,0.3486832082271576,0.5099407434463501,46,0.8493149280548096,0.8774850964546204,1.0,0.8774850964546204,0.4900592565536499,0.8774851560592651,9.313225746154785e-10,0.9999999403953552
GCN,996,2604,6,1,3,-0.6789199113845825,2.758474826812744,3.4373947381973267,0.8017836213111877,0.04394714534282684,0.0,0.46270325779914856,0.0922861248254776,0.26203107237589995,0,0.0,0.04256803907885555,61,0.3807356357574463,1.0,0.45945361885416586,0.96602658788774,55.8528938293457,0.9678729689807977,0.45929276943206787,0.9977843426883308,0.45929276943206787,0.9977843426883308,8.484752456183742e-09,3.160241845989731e-08,6.568205179746656e-08,0.9999998807907104,0.38073569536209106,0.36685216426849365,56,0.779050350189209,0.8417130708694458,1.0,0.8417130708694458,0.6331478357315063,0.8417130708694458,0.0,1.0
GCN,996,2614,2,1,5,-3.8966221809387207,0.939875602722168,4.836497783660889,0.7071066498756409,0.04686826467514038,0.0,0.4697601795196533,0.06628541648387909,0.2074649488442592,0,0.0,0.04675505931612003,67,0.3398810923099518,0.9999999403953552,0.4666237929211303,0.9667651403249631,55.97869873046875,0.9686115214180206,0.4645439684391022,0.9981536189069424,0.4645439684391022,0.9981536189069424,1.5081964122032332e-08,3.261790126884989e-08,7.123782097551157e-08,0.9999998807907104,0.33988112211227417,0.3591139316558838,62,0.469786137342453,0.8397784233093262,1.0,0.8397784233093262,0.6408860683441162,0.839778482913971,0.0,0.9999999403953552
GCN,996,2618,2,1,1,-0.8908829689025879,4.367720127105713,5.258603096008301,0.9486831426620483,0.16227637231349945,0.0,0.39461377263069153,0.4160204529762268,0.9617279272451686,1,0.0,0.01674808094905792,24,0.34868323802948,0.9999999403953552,0.38788899693142603,0.9202363367799113,44.50363540649414,0.8700147710487445,0.3637499213218689,0.9804283604135894,0.3637499213218689,0.9804283604135894,1.4784287571956156e-08,1.4793451796890622e-08,4.242079398864007e-08,0.9999998807907104,0.34868323802948,0.5099406838417053,19,0.9597383737564087,0.8774851560592651,1.0,0.8774851560592651,0.4900593161582947,0.8774851560592651,0.0,0.9999999403953552
GCN,996,2631,4,1,1,-4.813652515411377,0.4955867528915405,5.3092392683029175,0.9486831426620483,0.10608096420764923,0.0,0.3727787137031555,0.22671741247177124,0.7459264873057977,1,0.0,0.018143754361479414,26,0.34868323802948,0.9999999403953552,0.3782168536894732,0.9084194977843427,47.3052864074707,0.9102658788774003,0.3641500771045685,0.9804283604135894,0.3641500771045685,0.9804283604135894,0.0,5.206251540990081e-10,1.31708899342442e-09,0.9999998807907104,0.34868323802948,0.5099406838417053,21,0.7558224201202393,0.8774851560592651,1.0,0.8774851560592651,0.4900593161582947,0.8774851560592651,0.0,0.9999999403953552
GCN,996,2641,2,1,2,-2.92962646484375,2.7534842491149902,5.68311071395874,0.8660253286361694,0.05231768637895584,-0.00041800920735113323,0.4504433870315552,0.11518436670303345,0.3874573702159909,1,0.0,0.039078855547801813,56,0.3995189666748047,0.9999999403953552,0.4503955189024622,0.9619645494830132,54.2643928527832,0.9619645494830132,0.44654107093811035,0.9970457902511078,0.44654107093811035,0.9970457902511078,4.6566128730773926e-09,2.993481373891882e-08,6.002253627457321e-08,0.9999998807907104,0.3995189666748047,0.38490018248558044,52,0.8588470220565796,0.8462250232696533,1.0,0.8462250232696533,0.6150997877120972,0.8462250232696533,0.0,0.9999999403953552
GCN,996,2642,2,1,4,-4.6833367347717285,1.3065361976623535,5.989872932434082,0.7499998807907104,0.034271951764822006,0.0,0.49020692706108093,0.062115564942359924,0.20310723758999621,0,0.0,0.04954640614096301,71,0.3783363103866577,0.9999999403953552,0.4857865347441349,0.9763663220088626,59.0076789855957,0.982274741506647,0.4863937497138977,0.9981536189069424,0.4863937497138977,0.9981536189069424,7.392143785978078e-09,3.032345574638384e-08,6.141261366110484e-08,0.9999998807907104,0.3783363103866577,0.3274019956588745,66,0.6663497686386108,0.8318505883216858,1.0,0.8318505883216858,0.6725980043411255,0.831850528717041,0.0,0.9999999403953552
GCN,996,2646,4,1,1,-3.9777045249938965,1.5052242279052734,5.48292875289917,0.9486831426620483,0.0707089975476265,0.0,0.4216635525226593,0.16559353470802307,0.563849943160288,1,0.0,0.030006978367062107,43,0.4069366157054901,1.0,0.4188360680906911,0.9494091580502215,51.30690383911133,0.946824224519941,0.4171757996082306,0.9937223042836041,0.4171757996082306,0.9937223042836041,0.0,2.3283064365386963e-10,5.960646376479417e-08,0.9999998807907104,0.4069366753101349,0.42806798219680786,38,0.9368195533752441,0.8570169806480408,1.0,0.8570169806480408,0.5719320178031921,0.8570169806480408,0.0,1.0
GCN,996,2647,4,1,3,-3.817178249359131,1.0609102249145508,4.878088474273682,0.8017836213111877,0.0396854393184185,0.0,0.45877838134765625,0.08260507881641388,0.2233800682076544,0,0.0,0.051639916259595256,74,0.3779639005661011,0.9999999403953552,0.45815617937930886,0.96602658788774,55.02037811279297,0.9645494830132939,0.45496174693107605,0.9974150664697193,0.45496174693107605,0.9974150664697193,5.101064015633483e-09,5.036897121613038e-09,1.331011478811206e-08,0.9999998807907104,0.3779639005661011,0.37146154046058655,69,0.7656595706939697,0.8428654670715332,1.0,0.8428654670715332,0.6285384893417358,0.8428654074668884,0.0,0.9999999403953552
GCN,996,2653,0,1,2,-0.48570001125335693,4.3051557540893555,4.790855765342712,0.8660253286361694,0.05294527858495712,-0.05747554078698158,0.4400215744972229,0.11236639320850372,0.3781735505873437,1,0.0,0.040474528960223306,58,0.38690316677093506,0.9999999403953552,0.4367100191011307,0.9586410635155096,52.894432067871094,0.9560561299852289,0.4360813498497009,0.9963072378138847,0.4360813498497009,0.9963072378138847,8.686798835810805e-09,3.093144229637801e-08,1.211157751868086e-07,0.9999999403953552,0.38690322637557983,0.40432342886924744,54,0.8087489604949951,0.8510807752609253,1.0,0.8510807752609253,0.5956765413284302,0.8510808348655701,8.847564458847046e-09,0.9999999403953552
GCN,996,2658,2,1,1,-3.943692207336426,2.364866018295288,6.308558225631714,0.9486831426620483,0.07463280111551285,0.0,0.40450796484947205,0.18042296171188354,0.6083743842364532,1,0.0,0.030704815073272853,44,0.3890523910522461,0.9999999403953552,0.40435801610405453,0.931314623338257,48.937435150146484,0.9261447562776958,0.3987085819244385,0.9881831610044313,0.3987085819244385,0.9881831610044313,0.0,2.980414137709886e-08,5.960828275419772e-08,0.9999998807907104,0.38905245065689087,0.4532034993171692,39,0.9277058243751526,0.8633008599281311,1.0,0.8633008599281311,0.5467965006828308,0.8633008599281311,0.0,0.9999999403953552
GCN,996,2668,3,1,5,-3.6909310817718506,1.7695096731185913,5.460440754890442,0.7071066498756409,0.02500685304403305,-0.0003512635885272175,0.5203453898429871,0.05215518921613693,0.1733611216369837,0,0.0,0.06489881367759945,93,0.3793965280056,1.0,0.514277952779944,0.9844903988183161,62.27833557128906,0.9896602658788775,0.5169420838356018,0.9985228951255539,0.5169420838356018,0.9985228951255539,6.333678470582527e-09,5.9899498694449e-08,1.2023132001104386e-07,0.9999999403953552,0.37939661741256714,0.2846027612686157,89,0.7673882246017456,0.8211506605148315,1.0,0.8211506605148315,0.7153972387313843,0.8211506605148315,2.3283064365386963e-10,1.0
GCN,996,2669,3,1,1,-3.5090701580047607,2.1914470195770264,5.700517177581787,0.9486831426620483,0.08908270299434662,0.0,0.3678014874458313,0.2199019491672516,0.7324744221295946,1,0.0,0.025819958129797628,37,0.34868323802948,0.9999999403953552,0.3754550834832334,0.9084194977843427,44.49977111816406,0.869645494830133,0.3637552261352539,0.9804283604135894,0.3637552261352539,0.9804283604135894,1.0030650976489142e-08,1.0044153064825423e-08,2.8797368045729854e-08,0.9999998807907104,0.34868323802948,0.5099406838417053,32,0.8613315224647522,0.8774850964546204,1.0,0.8774850964546204,0.4900593161582947,0.8774851560592651,0.0,0.9999999403953552
GCN,996,2681,4,1,5,-2.0774407386779785,1.856687068939209,3.9341278076171875,0.7071066498756409,0.04261181131005287,-0.05925225093960762,0.4147607088088989,0.3086051046848297,0.8870784388025768,1,0.0,0.056524773203070484,81,0.2973056137561798,0.9999998211860657,0.4036121559450424,0.931314623338257,49.8171272277832,0.9342688330871491,0.41040608286857605,0.9926144756277696,0.41040608286857605,0.9926144756277696,1.0689944041075705e-08,1.2695142714846952e-08,7.333073881454766e-08,0.9999998807907104,0.2973055839538574,0.43939512968063354,77,0.6850107908248901,0.8598488569259644,1.0,0.8598488569259644,0.5606048703193665,0.8598487973213196,5.3551048040390015e-09,0.9999998211860657
GCN,996,2685,2,0,4,-5.285249710083008,-0.5654964447021484,4.719753265380859,0.7499998807907104,0.05934588238596916,0.0,0.47752851247787476,0.11670075356960297,0.3904888215233043,1,0.0,0.027913468248429867,40,0.3650457262992859,1.0,0.4679365570509265,0.9675036927621861,56.829193115234375,0.9726735598227474,0.47073039412498474,0.9981536189069424,0.47073039412498474,0.9981536189069424,9.313225746154785e-09,9.139900392085565e-09,2.501870710602816e-08,0.9999998807907104,0.3650457561016083,0.351029634475708,35,0.7042770385742188,0.837757408618927,1.0,0.837757408618927,0.648970365524292,0.837757408618927,0.0,1.0
GCN,996,2686,3,1,2,-5.051571846008301,1.603011965751648,6.654583811759949,0.8660253286361694,0.09780437499284744,0.0,0.465689092874527,0.20662938058376312,0.6996968548692687,1,0.0,0.015352407536636426,22,0.4043872356414795,0.9999999403953552,0.4671592901637341,0.9667651403249631,56.57967758178711,0.9715657311669128,0.4610901474952698,0.9977843426883308,0.4610901474952698,0.9977843426883308,1.053671194739536e-08,3.161099471071793e-08,6.505263172584819e-08,0.9999998807907104,0.4043872356414795,0.3774050772190094,17,0.8520408868789673,0.8443512916564941,1.0,0.8443512916564941,0.622594952583313,0.8443512916564941,0.0,0.9999999403953552
GCN,996,2689,2,1,2,-3.7477622032165527,3.0399701595306396,6.787732362747192,0.8660253286361694,0.08940719068050385,0.0,0.4348219037055969,0.20952937006950378,0.7044334975369458,1,0.0,0.024424284717376135,35,0.3780724108219147,0.9999998807907104,0.4305468029838257,0.9512555391432792,52.346824645996094,0.9527326440177253,0.42792731523513794,0.9948301329394387,0.42792731523513794,0.9948301329394387,0.0,2.980777935590595e-08,5.96155587118119e-08,0.9999998807907104,0.3780723810195923,0.417919397354126,30,0.8824994564056396,0.8544799089431763,1.0,0.8544799089431763,0.582080602645874,0.8544798493385315,0.0,0.9999998807907104
GCN,996,2690,6,1,1,-0.04351520538330078,4.0497050285339355,4.093220233917236,0.9486831426620483,0.15704141557216644,0.0,0.3922533094882965,0.4047067165374756,0.9566123531640773,1,0.0,0.015352407536636426,22,0.34868323802948,0.9999999403953552,0.3837367208960465,0.9117429837518464,44.991390228271484,0.8788774002954209,0.3640040457248688,0.9804283604135894,0.3640040457248688,0.9804283604135894,1.053671194739536e-08,1.054956655366368e-08,3.0247271354255645e-08,0.9999998807907104,0.34868323802948,0.5099406838417053,17,0.9589899778366089,0.8774852156639099,1.0,0.8774852156639099,0.4900593161582947,0.8774851560592651,0.0,0.9999999403953552
GCN,996,2699,3,1,1,-2.768519401550293,3.5622403621673584,6.330759763717651,0.9486831426620483,0.08612877875566483,0.0,0.3920639157295227,0.2142668068408966,0.7190223569533915,1,0.0,0.025819958129797628,37,0.37397533655166626,0.9999999403953552,0.39933175355782397,0.9268833087149188,49.70418167114258,0.9331610044313147,0.3881319761276245,0.9863367799113737,0.3881319761276245,0.9863367799113737,9.497663988611293e-09,3.1279999035405126e-08,6.479130121306298e-08,0.9999998807907104,0.37397533655166626,0.47439372539520264,32,0.9253044128417969,0.8685984015464783,1.0,0.8685984015464783,0.5256062746047974,0.868598461151123,0.0,0.9999999403953552
GCN,996,2700,3,1,1,-2.1276297569274902,4.066584587097168,6.194214344024658,0.9486831426620483,0.08699715882539749,-0.0011732541024684906,0.392381489276886,0.2158648669719696,0.7195907540735127,1,0.0,0.02372644801116539,34,0.37397533655166626,0.9999999403953552,0.3966409533779009,0.9268833087149188,47.62810516357422,0.9139586410635155,0.38760149478912354,0.9863367799113737,0.38760149478912354,0.9863367799113737,6.969380184074225e-09,3.056473119045222e-08,6.23155500534267e-08,0.9999998807907104,0.37397533655166626,0.47439372539520264,30,0.9171635508537292,0.868598461151123,1.0,0.868598461151123,0.5256062746047974,0.868598461151123,0.0,0.9999999403953552
GCN,996,2702,0,1,2,0.22275876998901367,5.804344654083252,5.581585884094238,0.8660253286361694,0.05912607163190842,-0.001170324394479394,0.47410058975219727,0.1177380383014679,0.3912466843501326,1,0.0,0.025819958129797628,37,0.41986462473869324,0.9999998807907104,0.46966393701632353,0.9675036927621861,56.89484405517578,0.9730428360413589,0.4691987931728363,0.9981536189069424,0.4691987931728363,0.9981536189069424,6.4523919540704355e-09,3.0526575045541904e-08,1.202300410341195e-07,0.9999998807907104,0.41986456513404846,0.353576123714447,33,0.8175961971282959,0.838394045829773,1.0,0.838394045829773,0.646423876285553,0.838394045829773,0.0,0.9999998807907104
GCN,996,2707,3,1,4,-4.898618221282959,0.5769872665405273,5.475605487823486,0.7499998807907104,0.03268705680966377,0.0,0.5178045034408569,0.0651765987277031,0.20651762031072377,0,0.0,0.05512909979064899,79,0.39995917677879333,0.9999999403953552,0.5113017880481423,0.9844903988183161,62.01274108886719,0.9892909896602659,0.5145878791809082,0.9985228951255539,0.5145878791809082,0.9985228951255539,4.2742023254049855e-09,3.011356497495399e-08,6.057297952111185e-08,0.9999998807907104,0.39995917677879333,0.2889613211154938,74,0.774359941482544,0.8222403526306152,1.0,0.8222403526306152,0.7110387086868286,0.8222403526306152,0.0,0.9999999403953552
GCN,527,1370,6,1,8,-1.011420726776123,2.20120906829834,3.212629795074463,0.6123723983764648,0.021423548460006714,-0.00036679880577139556,0.5361471772193909,0.04223264008760452,0.10989010989010989,0,0.0,0.07815771109560363,112,0.3386063575744629,0.9999999403953552,0.527043009586369,0.9863367799113737,64.10943603515625,0.992245199409158,0.5325887799263,0.9988921713441654,0.5325887799263,0.9988921713441654,9.728866601221853e-09,6.108599137633064e-08,1.8312520921881514e-07,0.9999999403953552,0.33860644698143005,0.2627439796924591,108,0.647226870059967,0.8156859874725342,1.0,0.8156859874725342,0.7372560501098633,0.8156859874725342,5.820766091346741e-11,0.9999999403953552
GCN,527,1376,0,1,3,2.3393988609313965,6.490825653076172,4.151426792144775,0.8017836213111877,0.0350797064602375,0.0,0.5067834854125977,0.07269173115491867,0.21182266009852216,0,0.0,0.04884856943475227,70,0.4183961749076843,0.9999998807907104,0.49953741788710493,0.9763663220088626,60.6938591003418,0.9859675036927622,0.5030249357223511,0.9985228951255539,0.5030249357223511,0.9985228951255539,5.703162830883457e-09,3.0536341455444926e-08,6.169150168489068e-08,0.9999998807907104,0.41839614510536194,0.3042243421077728,65,0.841993510723114,0.826056182384491,1.0,0.826056182384491,0.6957756280899048,0.8260561227798462,0.0,0.9999998807907104
GCN,527,1378,2,1,3,-3.6791927814483643,2.2894582748413086,5.968651056289673,0.8017836213111877,0.052128568291664124,0.0,0.43646296858787537,0.09458842873573303,0.27453580901856767,0,0.0,0.0418702023726448,60,0.35765519738197327,0.9999999403953552,0.43795449627352623,0.9597488921713442,52.48108673095703,0.9534711964549483,0.4321015179157257,0.9959379615952733,0.4321015179157257,0.9959379615952733,8.63673044193547e-09,3.1473501138634674e-08,6.598419588499382e-08,0.9999998807907104,0.35765522718429565,0.40523403882980347,55,0.6349899172782898,0.8513085246086121,1.0,0.8513085246086121,0.5947659611701965,0.8513085246086121,0.0,0.9999999403953552
GCN,527,1392,3,1,3,-1.7688217163085938,4.535728454589844,6.3045501708984375,0.8017836213111877,0.035835810005664825,-0.0009623709484003484,0.49023470282554626,0.07085894048213959,0.21049640015157256,0,0.0,0.05024424284717376,72,0.40452277660369873,0.9999999403953552,0.48582611831369865,0.9763663220088626,58.635955810546875,0.9811669128508124,0.48664963245391846,0.9981536189069424,0.48664963245391846,0.9981536189069424,4.928095709288982e-09,3.0126162897659015e-08,1.1970826108154142e-07,0.9999999403953552,0.4045228362083435,0.32729512453079224,69,0.777210533618927,0.8318237066268921,1.0,0.8318237066268921,0.6727048754692078,0.8318237662315369,0.0,0.9999999403953552
GCN,527,1393,3,1,1,-2.223361015319824,3.4654314517974854,5.68879246711731,0.9486831426620483,0.08223089575767517,0.0,0.3660241365432739,0.20585334300994873,0.6993179234558545,1,0.0,0.030006978367062107,43,0.3486832082271576,0.9999999403953552,0.3772723570709042,0.9084194977843427,44.98045349121094,0.8788774002954209,0.3618561923503876,0.9800590841949779,0.3618561923503876,0.9800590841949779,7.902533738501916e-09,7.916241884231567e-09,2.2692621115538714e-08,0.9999998807907104,0.3486832082271576,0.5099407434463501,38,0.8692684769630432,0.8774851560592651,1.0,0.8774851560592651,0.4900592565536499,0.8774851560592651,0.0,0.9999999403953552
GCN,527,1400,3,0,2,-5.610068321228027,-0.27686429023742676,5.333204030990601,0.8660253286361694,0.058645207434892654,-0.0005410424782894552,0.42781826853752136,0.1304059624671936,0.418529746115953,1,0.0,0.03628750872295883,52,0.3780724108219147,0.9999998807907104,0.4266853532883812,0.9508862629246676,51.190555572509766,0.9453471196454948,0.4226723611354828,0.9940915805022157,0.4226723611354828,0.9940915805022157,5.26835597369768e-09,3.0042372145544505e-08,6.042974831643733e-08,0.9999998807907104,0.3780723810195923,0.417919397354126,48,0.8238628506660461,0.8544799089431763,1.0,0.8544799089431763,0.582080602645874,0.8544798493385315,4.656612873077393e-10,0.9999998807907104
GCN,527,1416,0,1,18,3.836151599884033,6.6736369132995605,2.8374853134155273,0.4522669315338135,0.013079440221190453,-0.0014956336235627532,0.5020247101783752,0.024159586057066917,0.10837438423645321,0,0.0,0.14863921842288905,213,0.23425732553005219,0.9999999403953552,0.4976753344986126,0.9763663220088626,60.04381561279297,0.9844903988183161,0.49878329038619995,0.9985228951255539,0.49878329038619995,0.9985228951255539,1.3790179664852076e-08,1.9889652591587037e-08,8.194310652243075e-08,0.9999998807907104,0.23425735533237457,0.30938321352005005,211,0.41939207911491394,0.8273457288742065,1.0,0.8273457288742065,0.69061678647995,0.8273457884788513,1.646361241780525e-10,0.9999999403953552
GCN,527,1422,4,1,1,-4.839626789093018,0.18906641006469727,5.028693199157715,0.9486831426620483,0.0850110873579979,0.0,0.40677717328071594,0.20555353164672852,0.6962864721485411,1,0.0,0.025819958129797628,37,0.38905248045921326,0.9999999403953552,0.4077718729120155,0.9316838995568686,49.63910675048828,0.9327917282127031,0.4004599452018738,0.9885524372230429,0.4004599452018738,0.9885524372230429,7.450580596923828e-09,3.094984180052052e-08,6.334558122489398e-08,0.9999998807907104,0.38905248045921326,0.4532035291194916,32,0.933097779750824,0.8633009195327759,1.0000001192092896,0.8633008003234863,0.5467965602874756,0.8633009195327759,0.0,0.9999999403953552
GCN,527,1423,3,1,2,-0.15020763874053955,6.658070087432861,6.808277726173401,0.8660253286361694,0.046310484409332275,0.0,0.4993430972099304,0.09743505716323853,0.2917771883289125,0,0.0,0.03628750872295883,52,0.44438299536705017,0.9999998807907104,0.49408756317999897,0.9763663220088626,60.17879104614258,0.9848596750369276,0.49542829394340515,0.9985228951255539,0.49542829394340515,0.9985228951255539,5.26835597369768e-09,3.003515303134918e-08,6.02002785399236e-08,0.9999998807907104,0.44438302516937256,0.31582748889923096,47,0.9098411202430725,0.8289568424224854,1.0,0.8289568424224854,0.684172511100769,0.8289568424224854,0.0,0.9999998807907104
GCN,527,1425,4,1,2,-3.3098042011260986,3.3983566761016846,6.708160877227783,0.8660253286361694,0.04911937192082405,-0.00045644951751455665,0.49358150362968445,0.0991828441619873,0.31110269041303523,0,0.0,0.03210048848569435,46,0.43884649872779846,0.9999998807907104,0.486948651532379,0.9763663220088626,59.09852600097656,0.982274741506647,0.48874983191490173,0.9981536189069424,0.48874983191490173,0.9981536189069424,7.450580596923828e-09,3.072041465657094e-08,1.20413091053706e-07,0.9999998807907104,0.4388464689254761,0.32435154914855957,42,0.8631240129470825,0.8310878276824951,1.0,0.8310878276824951,0.6756484508514404,0.8310878872871399,2.3283064365386963e-10,0.9999998807907104
GCN,527,1429,4,1,3,-3.1773860454559326,2.9652483463287354,6.142634391784668,0.8017836213111877,0.04172129929065704,0.0,0.4920787215232849,0.07264097034931183,0.21182266009852216,0,0.0,0.040474528960223306,58,0.40549206733703613,0.9999999403953552,0.48732460913902986,0.9763663220088626,58.82783889770508,0.9819054652880355,0.4880090355873108,0.9981536189069424,0.4880090355873108,0.9981536189069424,4.5625303535246076e-09,5.5976281387870586e-09,1.3819910549273118e-08,0.9999998807907104,0.40549206733703613,0.3256832957267761,53,0.6869348883628845,0.8314208388328552,1.0,0.8314208388328552,0.6743167042732239,0.8314208388328552,0.0,0.9999999403953552
GCN,527,1434,3,1,2,-4.167205810546875,1.7946890592575073,5.961894869804382,0.8660253286361694,0.0720544308423996,0.0,0.49381300806999207,0.15910357236862183,0.5454717696097007,1,0.0,0.02512212142358688,36,0.4356844425201416,0.9999998807907104,0.4877153550606261,0.9763663220088626,59.22393035888672,0.982274741506647,0.48831719160079956,0.9981536189069424,0.48831719160079956,0.9981536189069424,9.125060707049215e-09,3.1173232883929813e-08,6.318760625845243e-08,0.9999998807907104,0.4356844425201416,0.32921984791755676,31,0.9443051218986511,0.8323049545288086,1.0,0.8323049545288086,0.6707801818847656,0.8323049545288086,0.0,0.9999998807907104
GCN,527,1436,5,1,1,-4.284664630889893,2.475703001022339,6.7603676319122314,0.9486831426620483,0.08288966119289398,0.0,0.4165445566177368,0.17230656743049622,0.5867752936718454,1,0.0,0.022330774598743892,32,0.3993415832519531,0.9999999403953552,0.41356555339648227,0.9449778434268833,49.59901428222656,0.9327917282127031,0.40954306721687317,0.9926144756277696,0.40954306721687317,0.9926144756277696,7.450580596923828e-09,3.049548169542504e-08,6.176635025667565e-08,0.9999998807907104,0.3993415832519531,0.43874257802963257,27,0.8214555978775024,0.8596855998039246,1.0,0.8596855998039246,0.5612574219703674,0.8596856594085693,0.0,0.9999999403953552
GCN,527,1437,4,1,1,-1.2018017768859863,5.452162742614746,6.653964519500732,0.9486831426620483,0.07450384646654129,0.0,0.40448158979415894,0.1817885935306549,0.6087533156498673,1,0.0,0.030006978367062107,43,0.38905248045921326,0.9999999403953552,0.4064657115445848,0.9316838995568686,49.515655517578125,0.9320531757754801,0.39919915795326233,0.9881831610044313,0.39919915795326233,0.9881831610044313,7.679882507716229e-09,3.0781233562038324e-08,6.280045994344619e-08,0.9999998807907104,0.38905248045921326,0.4532034695148468,38,0.9362846612930298,0.8633009195327759,1.0,0.8633009195327759,0.5467965602874756,0.8633009195327759,0.0,0.9999999403953552
GCN,527,1441,5,0,23,-2.107085704803467,-0.07410931587219238,2.0329763889312744,0.40824824571609497,0.016554515808820724,-0.0008877303334884346,0.4504931569099426,0.03130020201206207,0.10837438423645321,0,0.0,0.14724354501046755,211,0.18929697573184967,0.9999998807907104,0.4495445894152272,0.9615952732644018,53.812442779541016,0.9593796159527327,0.44690659642219543,0.9970457902511078,0.44690659642219543,0.9970457902511078,2.069967841578091e-08,2.2157172097081457e-08,1.1705450475574253e-07,0.9999998807907104,0.18929697573184967,0.3817586302757263,207,0.3477308750152588,0.8454396724700928,1.0,0.8454396724700928,0.6182413697242737,0.8454396724700928,2.3283064365386963e-10,0.9999998807907104
GCN,527,1442,3,1,2,-2.6032376289367676,3.159799575805664,5.763037204742432,0.8660253286361694,0.056303102523088455,0.0,0.4092003107070923,0.11882661283016205,0.39636225843122397,1,0.0,0.03838101884159107,55,0.3616158068180084,0.9999998807907104,0.413092953597563,0.9449778434268833,49.29024887084961,0.930576070901034,0.4043081998825073,0.9907680945347119,0.4043081998825073,0.9907680945347119,8.736580348056577e-09,8.139087626091168e-09,2.2538985788855825e-08,0.9999998807907104,0.3616158068180084,0.4432559609413147,50,0.7479075789451599,0.8608139753341675,1.0,0.8608139753341675,0.5567440390586853,0.8608139753341675,0.0,0.9999998807907104
GCN,527,1444,2,1,4,-2.418152332305908,2.3681578636169434,4.786310195922852,0.7499998807907104,0.03330957144498825,-0.0009568525711074471,0.5335626602172852,0.050071220844984055,0.15934065934065933,0,0.0,0.052337752965806,75,0.4121304154396057,0.9999999403953552,0.5248555575079188,0.9863367799113737,63.821258544921875,0.9918759231905465,0.5297793745994568,0.9988921713441654,0.5297793745994568,0.9988921713441654,2.6750204273895406e-09,2.9956538583064685e-08,6.005475938763993e-08,0.9999998807907104,0.4121304452419281,0.2673235237598419,72,0.6015417575836182,0.8168308138847351,1.0,0.8168308138847351,0.7326765060424805,0.8168308734893799,0.0,0.9999999403953552
GCN,527,1448,1,1,5,-1.6316591501235962,3.3667399883270264,4.998399138450623,0.7071066498756409,0.02160467952489853,-0.002076077973470092,0.5649345517158508,0.04770301282405853,0.13793103448275862,0,0.0,0.06629448709002093,95,0.4122214913368225,0.9999999403953552,0.5532291745292574,0.990029542097489,67.63935852050781,0.9966765140324964,0.5616591572761536,0.9988921713441654,0.5616591572761536,0.9988921713441654,5.890201215663637e-09,4.293184918680026e-09,1.0519526583152583e-08,0.9999998807907104,0.4122215211391449,0.22270753979682922,91,0.8205729126930237,0.8056769371032715,1.0,0.8056769371032715,0.7772924900054932,0.8056769371032715,0.0,0.9999999403953552
GCN,527,1450,3,1,3,-4.037838935852051,1.2204005718231201,5.258239507675171,0.8017836213111877,0.04063565284013748,0.0,0.46307986974716187,0.08446523547172546,0.22735884804850323,0,0.0,0.05024424284717376,72,0.3814423382282257,0.9999999403953552,0.4606221785387768,0.96602658788774,55.57967758178711,0.9663958641063516,0.4591672122478485,0.9974150664697193,0.4591672122478485,0.9974150664697193,6.8437953082423064e-09,7.221504283450031e-09,6.254353479562269e-08,0.9999998807907104,0.3814423680305481,0.36567699909210205,67,0.7717628479003906,0.8414192795753479,1.0,0.8414192795753479,0.634323000907898,0.8414192199707031,0.0,0.9999999403953552
GCN,527,1452,4,1,3,-3.438958168029785,2.209444046020508,5.648402214050293,0.8017836213111877,0.039163362234830856,0.0,0.5255740880966187,0.08140543103218079,0.22167487684729065,0,0.0,0.0418702023726448,60,0.43365055322647095,0.9999999403953552,0.5173343876274089,0.9859675036927622,62.88102340698242,0.9903988183161004,0.5215049386024475,0.9985228951255539,0.5215049386024475,0.9985228951255539,2.5505320078167415e-09,3.0621436053479556e-08,6.176780686928396e-08,0.9999998807907104,0.4336506128311157,0.2788568139076233,55,0.8759201765060425,0.8197142481803894,1.0,0.8197142481803894,0.7211431860923767,0.8197141885757446,0.0,0.9999999403953552
GCN,527,1457,3,1,3,-4.328008651733398,1.1267211437225342,5.454729795455933,0.8017836213111877,0.044011928141117096,-0.0011700000613927841,0.41245222091674805,0.08513084053993225,0.23001136794240243,0,0.0,0.052337752965806,75,0.33869943022727966,0.9999998807907104,0.41580683882113617,0.948301329394387,49.53261947631836,0.9320531757754801,0.40839883685112,0.9926144756277696,0.40839883685112,0.9926144756277696,6.650973549682249e-09,6.675380692655608e-09,6.278882835886179e-08,0.9999998807907104,0.33869943022727966,0.4367567300796509,71,0.6396572589874268,0.8591892123222351,1.0,0.8591892123222351,0.5632432699203491,0.8591891527175903,0.0,0.9999998807907104
GCN,527,1476,6,1,2,-2.292471408843994,1.6079914569854736,3.9004628658294678,0.8660253286361694,0.0553131178021431,-0.0030923672020435333,0.4273851811885834,0.11015941202640533,0.3685107995452823,1,0.0,0.03558967201674808,51,0.3780724108219147,0.9999998807907104,0.42739189058115823,0.9508862629246676,51.242347717285156,0.9460856720827179,0.4227733612060547,0.9940915805022157,0.4227733612060547,0.9940915805022157,7.2738619572021435e-09,3.0961224695147394e-08,6.35993515629707e-08,0.9999998807907104,0.3780723810195923,0.417919397354126,48,0.7371292114257812,0.8544798493385315,1.0,0.8544798493385315,0.582080602645874,0.8544798493385315,0.0,0.9999998807907104
GCN,527,1486,2,1,3,-3.515476703643799,3.3362302780151367,6.8517069816589355,0.8017836213111877,0.03606593608856201,-0.06369991600513458,0.5163556933403015,0.07651984691619873,0.21674876847290642,0,0.0,0.04884856943475227,70,0.42390191555023193,0.9999998807907104,0.5072786900024452,0.9844903988183161,62.047630310058594,0.9892909896602659,0.5131281018257141,0.9985228951255539,0.5131281018257141,0.9985228951255539,1.862645149230957e-09,2.1083712553604528e-09,4.884803228577539e-09,0.9999998807907104,0.42390191555023193,0.29506850242614746,67,0.8783811330795288,0.8237671852111816,1.0,0.8237671852111816,0.7049314975738525,0.8237671256065369,8.614733815193176e-09,0.9999998807907104
GCN,527,1487,6,1,4,-0.742283821105957,2.561655044555664,3.303938865661621,0.7499998807907104,0.027274535968899727,-0.001509651425294578,0.5080623626708984,0.05672832578420639,0.19325502084122773,0,0.0,0.0628053035589672,90,0.39277899265289307,0.9999998807907104,0.5017380903205715,0.9844903988183161,60.79370880126953,0.9867060561299852,0.5049624443054199,0.9985228951255539,0.5049624443054199,0.9985228951255539,2.464047854644491e-09,3.000806714226201e-08,1.195508190221517e-07,0.9999999403953552,0.39277902245521545,0.3017260432243347,86,0.7542918920516968,0.8254314661026001,1.0,0.8254314661026001,0.6982739567756653,0.8254315257072449,4.656612873077393e-10,0.9999998807907104
GCN,527,1493,4,1,1,-1.2550219297409058,5.681255340576172,6.936277270317078,0.9486831426620483,0.07283671945333481,0.0,0.4544982612133026,0.1660095751285553,0.563849943160288,1,0.0,0.028611304954640614,41,0.4392373859882355,0.9999998807907104,0.4501850350421161,0.9619645494830132,54.56853103637695,0.9627031019202363,0.45004621148109436,0.9974150664697193,0.45004621148109436,0.9974150664697193,7.213993846733047e-09,3.066831411047133e-08,6.183655187896875e-08,0.9999998807907104,0.4392373561859131,0.38267073035240173,36,0.9827343821525574,0.8456677198410034,1.0,0.8456677198410034,0.6173292398452759,0.8456676602363586,0.0,0.9999998807907104
GCN,527,1499,2,1,4,-3.040442705154419,3.086082935333252,6.126525640487671,0.7499998807907104,0.032199643552303314,0.0,0.5478904843330383,0.05799319967627525,0.1962864721485411,0,0.0,0.051639916259595256,74,0.4233991801738739,0.9999999403953552,0.538698515810709,0.9889217134416544,65.51829528808594,0.9940915805022157,0.5440929532051086,0.9988921713441654,0.5440929532051086,0.9988921713441654,8.981349886028056e-09,8.996426714702466e-09,2.1238028224956906e-08,0.9999998807907104,0.4233991801738739,0.24729019403457642,69,0.7400838732719421,0.8118225336074829,1.0,0.8118225336074829,0.7527098059654236,0.8118225336074829,0.0,0.9999999403953552
GCN,527,1501,6,1,7,-1.0484206676483154,2.0312552452087402,3.0796759128570557,0.6396021246910095,0.02195109613239765,-0.0005820837104693055,0.503520667552948,0.03491713106632233,0.10837438423645321,0,0.0,0.07885554780181438,113,0.3320712447166443,0.9999999403953552,0.49852858043073783,0.9763663220088626,60.28985595703125,0.9848596750369276,0.5006015300750732,0.9985228951255539,0.5006015300750732,0.9985228951255539,1.1734294425025382e-08,1.1828621637732795e-08,3.5555107302798206e-08,0.9999998807907104,0.3320712447166443,0.3077545464038849,109,0.5122825503349304,0.826938807964325,1.0,0.826938807964325,0.6922454833984375,0.8269386291503906,2.3283064365386963e-10,0.9999999403953552
GCN,527,1506,2,1,2,-1.902388095855713,3.8748059272766113,5.777194023132324,0.8660253286361694,0.05089077353477478,0.0,0.49074167013168335,0.10934752225875854,0.367942402425161,1,0.0,0.034193998604326585,49,0.436093807220459,0.9999999403953552,0.4835306776634196,0.9763663220088626,58.563655853271484,0.9811669128508124,0.4861907958984375,0.9981536189069424,0.4861907958984375,0.9981536189069424,8.238389526127321e-09,3.0920048743610096e-08,6.252849260590665e-08,0.9999998807907104,0.436093807220459,0.328589528799057,44,0.9131737351417542,0.8321473598480225,1.0,0.8321473598480225,0.6714104413986206,0.8321473598480225,0.0,0.9999999403953552
GCN,527,1507,0,1,6,-1.8094441890716553,1.6901624202728271,3.4996066093444824,0.6708203554153442,0.028268294408917427,0.0,0.5194696187973022,0.05102942883968353,0.16331943918150815,0,0.0,0.056524773203070484,81,0.3589758276939392,0.9999998807907104,0.5122580561937572,0.9844903988183161,62.12151336669922,0.9892909896602659,0.5159254670143127,0.9985228951255539,0.5159254670143127,0.9985228951255539,1.1029391622230378e-08,3.160413442060417e-08,1.2276592542548315e-07,0.9999999403953552,0.358975887298584,0.28649380803108215,76,0.6290534138679504,0.8216235041618347,1.0,0.8216235041618347,0.7135062217712402,0.8216234445571899,0.0,0.9999998807907104
GCN,527,1523,0,1,2,0.6416531801223755,4.883220672607422,4.241567492485046,0.8660253286361694,0.05808721482753754,-0.08948604017496109,0.43907710909843445,0.13242727518081665,0.4236453201970443,1,0.0,0.03768318213538032,54,0.38306236267089844,1.0,0.42375324835981026,0.9501477104874446,52.689239501953125,0.9542097488921714,0.4341711401939392,0.9963072378138847,0.4341711401939392,0.9963072378138847,8.932932615834943e-09,3.122449143688755e-08,1.2166417207026825e-07,0.9999999403953552,0.3830624520778656,0.4102367162704468,50,0.8668985366821289,0.8525591492652893,1.0,0.8525591492652893,0.5897632837295532,0.8525592088699341,1.3504177331924438e-08,1.0
GCN,527,1541,3,1,1,-4.467130661010742,0.7862424850463867,5.253373146057129,0.9486831426620483,0.09069238603115082,0.0,0.36823830008506775,0.23053625226020813,0.7559681697612732,1,0.0,0.025819958129797628,37,0.34868323802948,0.9999999403953552,0.36211102185908756,0.8980797636632201,45.150856018066406,0.880354505169867,0.3588220775127411,0.9778434268833087,0.3588220775127411,0.9778434268833087,6.969380184074225e-09,6.988798872953339e-09,2.0031059477787494e-08,0.9999998807907104,0.34868323802948,0.5099406838417053,32,0.8880113363265991,0.8774851560592651,1.0,0.8774851560592651,0.4900593161582947,0.8774851560592651,0.0,0.9999999403953552
GCN,527,1546,2,1,5,-4.476153373718262,0.9992926716804504,5.475446045398712,0.7071066498756409,0.025761853903532028,-0.06594368070363998,0.5529466867446899,0.046118468046188354,0.12542629784009093,0,0.0,0.05303558967201675,76,0.40148094296455383,0.9999999403953552,0.5406320637588762,0.9889217134416544,66.12395477294922,0.9944608567208272,0.5492104887962341,0.9988921713441654,0.5492104887962341,0.9988921713441654,8.076404434120832e-09,3.0698569020159994e-08,6.235799077103366e-08,0.9999998807907104,0.4014809727668762,0.24296008050441742,72,0.6999483108520508,0.8107399940490723,1.0,0.8107399940490723,0.7570399045944214,0.8107399940490723,3.259629011154175e-09,0.9999999403953552
GCN,527,1554,3,0,4,-6.973084926605225,-3.349456548690796,3.6236283779144287,0.7499998807907104,0.057508327066898346,0.0,0.46420565247535706,0.12437383830547333,0.4041303524062145,1,0.0,0.03210048848569435,46,0.35489267110824585,0.9999999403953552,0.4629918241335127,0.9663958641063516,55.66706848144531,0.9663958641063516,0.45894375443458557,0.9974150664697193,0.45894375443458557,0.9974150664697193,7.450580596923828e-09,3.0911280646250816e-08,1.2144251115842053e-07,0.9999998807907104,0.35489264130592346,0.3690796196460724,41,0.7529566287994385,0.8422698974609375,1.0,0.8422698974609375,0.63092041015625,0.8422698974609375,0.0,0.9999999403953552
GCN,527,1561,1,1,2,-1.3886256217956543,4.639440059661865,6.0280656814575195,0.8660253286361694,0.04245861992239952,0.0,0.5194806456565857,0.08855129778385162,0.23796892762410005,0,0.0,0.03698534542916958,53,0.46290260553359985,0.9999998807907104,0.5136690611091387,0.9844903988183161,62.36025619506836,0.990029542097489,0.5159119367599487,0.9985228951255539,0.5159119367599487,0.9985228951255539,7.679882507716229e-09,3.072217680255562e-08,6.174483502263683e-08,0.9999998807907104,0.46290263533592224,0.28731468319892883,48,0.9382726550102234,0.8218287229537964,1.0,0.8218287229537964,0.7126853466033936,0.8218287229537964,0.0,0.9999998807907104
GCN,527,1565,2,1,2,-4.000365257263184,1.4980652332305908,5.498430490493774,0.8660253286361694,0.12177783250808716,0.0,0.5435106754302979,0.250377357006073,0.7987874194770747,1,0.0,0.020237264480111653,29,0.4699232280254364,0.9999999403953552,0.5286575059275448,0.9870753323485968,63.41900634765625,0.991506646971935,0.5253040194511414,0.9985228951255539,0.5253040194511414,0.9985228951255539,0.0,2.980777935590595e-08,5.96155587118119e-08,0.9999998807907104,0.469923198223114,0.27650582790374756,24,0.9677550196647644,0.819126546382904,1.0,0.819126546382904,0.7234941720962524,0.8191264867782593,0.0,0.9999999403953552
GCN,527,1567,3,0,4,-5.170596599578857,-1.1270864009857178,4.04351019859314,0.7499998807907104,0.048893678933382034,0.0,0.5002705454826355,0.10614083707332611,0.3560060629026146,1,0.0,0.03349616189811584,48,0.384485125541687,0.9999998807907104,0.49149261346429796,0.9763663220088626,59.87331008911133,0.9826440177252584,0.4958324730396271,0.9985228951255539,0.4958324730396271,0.9985228951255539,1.0370769132350688e-08,3.133454029580207e-08,6.470396129998335e-08,0.9999998807907104,0.3844850957393646,0.31647080183029175,43,0.8145090341567993,0.8291177749633789,1.0,0.8291177749633789,0.6835291981697083,0.8291177153587341,0.0,0.9999998807907104
GCN,527,1568,2,1,4,-2.8809194564819336,3.5864417552948,6.467361211776733,0.7499998807907104,0.026322316378355026,-0.0008465491118840873,0.5589608550071716,0.05433362349867821,0.1883289124668435,0,0.0,0.05722260990928123,82,0.4324084222316742,0.9999999403953552,0.547324159638048,0.9889217134416544,66.89818572998047,0.9951994091580503,0.5554898381233215,0.9988921713441654,0.5554898381233215,0.9988921713441654,3.5463707526162125e-09,4.012530752106613e-09,9.275552770304785e-09,0.9999998807907104,0.4324084520339966,0.23127372562885284,78,0.8653408288955688,0.8078184723854065,1.0,0.8078184723854065,0.7687262892723083,0.8078184127807617,0.0,0.9999999403953552
GCN,527,1583,0,1,10,-0.3455188274383545,3.7073607444763184,4.052879571914673,0.5669466257095337,0.015888851135969162,-0.00031610793666914105,0.5505924820899963,0.030029602348804474,0.10837438423645321,0,0.0,0.08932309839497557,128,0.3222067654132843,0.9999999403953552,0.5420838424578579,0.9889217134416544,65.9435043334961,0.9944608567208272,0.5474806427955627,0.9988921713441654,0.5474806427955627,0.9988921713441654,9.248975807452098e-09,6.695652476906844e-09,2.079412375621814e-08,0.9999998807907104,0.3222067952156067,0.24224072694778442,124,0.5899695158004761,0.8105601668357849,1.0,0.8105601668357849,0.7577592730522156,0.8105601668357849,1.1641532182693481e-10,0.9999999403953552
GCN,527,1589,2,1,3,-3.920555353164673,3.0523252487182617,6.972880601882935,0.8017836213111877,0.03290301933884621,-0.0008180800941772759,0.486782431602478,0.06322282552719116,0.2046229632436529,0,0.0,0.05792044661549198,83,0.4019256830215454,0.9999999403953552,0.48221804679684355,0.9763663220088626,58.41777420043945,0.9811669128508124,0.4834526777267456,0.9981536189069424,0.4834526777267456,0.9981536189069424,5.101064015633483e-09,4.754536320206171e-09,1.1870127991642221e-08,0.9999998807907104,0.4019257128238678,0.3316139876842499,79,0.7499464154243469,0.8329035043716431,1.0,0.8329035043716431,0.6683859825134277,0.8329035043716431,0.0,0.9999999403953552
GCN,527,1591,3,1,1,-5.438652038574219,0.33645129203796387,5.775103330612183,0.9486831426620483,0.07737024128437042,-0.0017203261377289891,0.39016658067703247,0.19180983304977417,0.6494884425918909,1,0.0,0.02930914166085136,42,0.3739752471446991,0.9999999403953552,0.39193070580043016,0.9261447562776958,46.96845245361328,0.9069423929098966,0.3848869204521179,0.9863367799113737,0.3848869204521179,0.9863367799113737,0.0,2.980868885060772e-08,5.961737770121545e-08,0.9999998807907104,0.3739752471446991,0.4743937849998474,38,0.9112474918365479,0.868598461151123,0.9999999403953552,0.8685985207557678,0.5256061553955078,0.8685984015464783,0.0,0.9999999403953552
GCN,527,1597,3,1,2,-2.7494583129882812,3.466653823852539,6.21611213684082,0.8660253286361694,0.07410874962806702,-0.000698629068210721,0.43102797865867615,0.11273862421512604,0.38006820765441457,1,0.0,0.027913468248429867,40,0.3780723512172699,0.9999998807907104,0.4297647926864789,0.9512555391432792,51.123069763183594,0.9449778434268833,0.4245990216732025,0.9944608567208272,0.4245990216732025,0.9944608567208272,6.316537071171524e-09,6.7801306791182014e-09,1.792142256817897e-08,0.9999998807907104,0.3780723512172699,0.41791945695877075,36,0.5605037212371826,0.8544798493385315,1.0,0.8544798493385315,0.5820805430412292,0.8544798493385315,0.0,0.9999998807907104
GCN,527,1600,3,1,1,-3.6292243003845215,2.210696220397949,5.839920520782471,0.9486831426620483,0.08537032455205917,0.0,0.36682188510894775,0.2196028232574463,0.7324744221295946,1,0.0,0.02930914166085136,42,0.3486832082271576,0.9999999403953552,0.37397508831618576,0.9080502215657311,44.67242431640625,0.8737075332348597,0.3616512715816498,0.9796898079763663,0.3616512715816498,0.9796898079763663,1.1019557710767458e-08,1.1029391622230378e-08,3.1623926588508766e-08,0.9999998807907104,0.3486832082271576,0.5099407434463501,37,0.8951737880706787,0.8774851560592651,1.0,0.8774851560592651,0.4900592565536499,0.8774851560592651,0.0,0.9999999403953552
GCN,527,1602,0,1,10,3.8930981159210205,7.712745666503906,3.8196475505828857,0.5669466257095337,0.018756752833724022,-0.0005308198742568493,0.5243643522262573,0.03564446046948433,0.10837438423645321,0,0.0,0.09979064898813678,143,0.30663880705833435,0.9999999403953552,0.5140014287505721,0.9844903988183161,62.70194625854492,0.9903988183161004,0.5208626389503479,0.9985228951255539,0.5208626389503479,0.9985228951255539,1.0528991900571327e-08,3.1548552215099335e-08,1.2389722314765095e-07,0.9999999403953552,0.3066388666629791,0.27885302901268005,140,0.5424400568008423,0.8197132349014282,1.0,0.8197132349014282,0.7211469411849976,0.8197132349014282,5.820766091346741e-11,0.9999999403953552
GCN,527,1605,3,1,3,-3.56601881980896,2.5136468410491943,6.079665660858154,0.8017836213111877,0.034807637333869934,0.0,0.497456431388855,0.06926673650741577,0.20954907161803712,0,0.0,0.055826936496859735,80,0.41066214442253113,0.9999999403953552,0.4919966978780296,0.9763663220088626,59.522003173828125,0.982274741506647,0.49330830574035645,0.9981536189069424,0.49330830574035645,0.9981536189069424,4.928095709288982e-09,5.232217770156922e-09,1.2753838873891254e-08,0.9999998807907104,0.41066214442253113,0.3170856833457947,75,0.7937110662460327,0.8292713761329651,1.0,0.8292713761329651,0.6829143166542053,0.8292714357376099,0.0,0.9999999403953552
GCN,527,1611,3,1,2,-4.03997802734375,1.387233018875122,5.427211046218872,0.8660253286361694,0.08774266391992569,0.0,0.48327749967575073,0.18319763243198395,0.6195528609321713,1,0.0,0.01465457083042568,21,0.4229605197906494,0.9999998807907104,0.4785651356521253,0.9756277695716395,57.70624542236328,0.9785819793205317,0.475401371717453,0.9981536189069424,0.475401371717453,0.9981536189069424,1.1175870895385742e-08,1.2635219093226624e-08,2.9875469209628136e-08,0.9999998807907104,0.4229605197906494,0.3488095700740814,16,0.8738486766815186,0.8372023105621338,1.0,0.8372023105621338,0.6511904001235962,0.8372023701667786,0.0,0.9999998807907104
GCN,527,1628,0,1,17,4.70583438873291,7.660891532897949,2.955057144165039,0.462909996509552,0.013872210867702961,-0.0120594697073102,0.5262945294380188,0.02427317574620247,0.10837438423645321,0,0.0,0.13189113747383113,189,0.25121989846229553,0.9999999403953552,0.5165147618310408,0.9859675036927622,62.951866149902344,0.9903988183161004,0.5231005549430847,0.9985228951255539,0.5231005549430847,0.9985228951255539,1.3102801510456175e-08,1.846458630438974e-08,7.373359522944156e-08,0.9999998807907104,0.2512199282646179,0.27640384435653687,187,0.42629116773605347,0.8191009759902954,1.0,0.8191009759902954,0.7235961556434631,0.8191009759902954,4.221660798719995e-09,0.9999999403953552
GCN,527,1629,2,1,3,-2.9358294010162354,3.085859775543213,6.021689176559448,0.8017836213111877,0.040660664439201355,-0.0010745273903012276,0.46741539239883423,0.0805606096982956,0.2209170140204623,0,0.0,0.045359385903698535,65,0.38500866293907166,0.9999999403953552,0.46318588819263234,0.9663958641063516,55.93168640136719,0.9682422451994092,0.4631727635860443,0.9981536189069424,0.4631727635860443,0.9981536189069424,4.165001232792065e-09,3.011086135984442e-08,6.06320611495903e-08,0.9999998807907104,0.38500869274139404,0.3597463071346283,62,0.7314921617507935,0.8399365544319153,0.9999999403953552,0.8399366140365601,0.6402536630630493,0.8399365544319153,4.656612873077393e-10,0.9999999403953552
GCN,527,1632,2,1,3,-4.1488165855407715,1.883479118347168,6.0322957038879395,0.8017836213111877,0.0515323206782341,0.0,0.5097285509109497,0.11621646583080292,0.3901098901098901,1,0.0,0.03628750872295883,52,0.4190332889556885,0.9999998211860657,0.5028926206095499,0.9844903988183161,61.411128997802734,0.9878138847858198,0.5049682855606079,0.9985228951255539,0.5049682855606079,0.9985228951255539,7.736145946068973e-09,3.0123462835263126e-08,1.1966966440013493e-07,0.9999999403953552,0.41903331875801086,0.3031647801399231,47,0.9216883182525635,0.8257911801338196,1.0,0.8257911801338196,0.6968352198600769,0.8257911801338196,0.0,0.9999998211860657
GCN,527,1637,0,1,2,-1.1135239601135254,3.882472515106201,4.995996475219727,0.8660253286361694,0.07311322540044785,0.0,0.5127680897712708,0.1485687494277954,0.5026525198938993,1,0.0,0.02372644801116539,34,0.4527062773704529,0.9999999403953552,0.5020509320273523,0.9844903988183161,61.09891891479492,0.9874446085672083,0.5058909058570862,0.9985228951255539,0.5058909058570862,0.9985228951255539,0.0,2.9809598345309496e-08,5.961919669061899e-08,0.9999998807907104,0.45270630717277527,0.3030129671096802,29,0.9023668766021729,0.8257532119750977,1.0,0.8257532119750977,0.6969870328903198,0.8257532119750977,0.0,0.9999999403953552
GCN,527,1644,0,1,2,0.7059856057167053,5.896608352661133,5.1906227469444275,0.8660253286361694,0.042852409183979034,0.0,0.5350989699363708,0.08843855559825897,0.23796892762410005,0,0.0,0.03279832519190509,47,0.47690555453300476,0.9999999403953552,0.5264374751507996,0.9863367799113737,64.09256744384766,0.9918759231905465,0.5314775705337524,0.9988921713441654,0.5314775705337524,0.9988921713441654,5.853271645150926e-09,6.000755092827603e-08,1.2009556371594954e-07,0.9999998807907104,0.4769055247306824,0.265755832195282,42,0.9563813805580139,0.8164389729499817,1.0,0.8164389729499817,0.734244167804718,0.8164389729499817,0.0,0.9999999403953552
GCN,527,1645,3,1,4,-1.8084267377853394,1.9761323928833008,3.78455913066864,0.7499998807907104,0.03293371573090553,0.0,0.5028820037841797,0.06652824580669403,0.2074649488442592,0,0.0,0.050942079553384506,73,0.38832712173461914,0.9999999403953552,0.49737057114072397,0.9763663220088626,60.17294692993164,0.9848596750369276,0.499144971370697,0.9985228951255539,0.499144971370697,0.9985228951255539,6.7801306791182014e-09,6.784127037917642e-09,1.747225830683874e-08,0.9999998807907104,0.38832715153694153,0.30964046716690063,68,0.7618905901908875,0.8274102210998535,1.0,0.8274102210998535,0.6903595328330994,0.827410101890564,0.0,0.9999999403953552
GCN,527,1653,4,1,5,-4.584575653076172,0.8480684757232666,5.4326441287994385,0.7071066498756409,0.027107518166303635,-0.0013394649140536785,0.5119528770446777,0.058206502348184586,0.1962864721485411,0,0.0,0.06489881367759945,93,0.37306347489356995,0.9999999403953552,0.5074673580139076,0.9844903988183161,61.333560943603516,0.9878138847858198,0.5088362693786621,0.9985228951255539,0.5088362693786621,0.9985228951255539,6.8279346621125114e-09,6.2214158269569e-09,1.668570881463438e-08,0.9999998807907104,0.37306350469589233,0.29654461145401,89,0.7374334335327148,0.8241361975669861,1.0,0.8241361975669861,0.70345538854599,0.8241361379623413,4.656612873077393e-10,0.9999999403953552
GCN,527,1661,5,1,4,0.29146838188171387,4.569481372833252,4.278012990951538,0.7499998807907104,0.024772167205810547,-0.002308540977537632,0.5639172196388245,0.05097145959734917,0.16331943918150815,0,0.0,0.04745289602233078,68,0.43631884455680847,0.9999998807907104,0.5528484806321781,0.990029542097489,67.5193862915039,0.9966765140324964,0.5607892870903015,0.9988921713441654,0.5607892870903015,0.9988921713441654,0.0,2.9817780244911773e-08,5.967372374016122e-08,0.9999998807907104,0.43631887435913086,0.22432181239128113,64,0.8151115775108337,0.8060804605484009,1.0,0.8060804605484009,0.7756781578063965,0.8060804605484009,0.0,0.9999998807907104
GCN,527,1668,2,1,2,-1.6469669342041016,4.0100908279418945,5.657057762145996,0.8660253286361694,0.052428293973207474,-0.0006536775035783648,0.4427758455276489,0.11137820780277252,0.37192118226600984,1,0.0,0.039078855547801813,56,0.3925636410713196,0.9999998807907104,0.43912675394174333,0.9601181683899557,52.7808837890625,0.955317577548006,0.4375148415565491,0.9966765140324964,0.4375148415565491,0.9966765140324964,6.035659971814766e-09,4.7087085341956936e-09,1.2106718294546681e-08,0.9999998807907104,0.3925636410713196,0.39560866355895996,52,0.814608633518219,0.84890216588974,1.0,0.84890216588974,0.60439133644104,0.84890216588974,4.656612873077393e-10,0.9999998807907104
GCN,527,1675,6,1,4,-0.8903993964195251,3.4268958568573,4.317295253276825,0.7499998807907104,0.028180701658129692,0.0,0.5413676500320435,0.05456554889678955,0.18927624100037893,0,0.0,0.044661549197487785,64,0.41863685846328735,0.9999999403953552,0.5326294939880649,0.9881831610044313,64.8394546508789,0.9933530280649926,0.53850919008255,0.9988921713441654,0.53850919008255,0.9988921713441654,6.650973549682249e-09,5.839362771098422e-09,1.3931930276100957e-08,0.9999998807907104,0.41863688826560974,0.2557564973831177,59,0.7861766815185547,0.8139391541481018,1.0,0.8139391541481018,0.7442435026168823,0.813939094543457,0.0,0.9999999403953552
GCN,527,1679,3,1,3,-5.017698764801025,0.6349513530731201,5.6526501178741455,0.8017836213111877,0.04936723783612251,-0.000553724414203316,0.46027153730392456,0.09257912635803223,0.2624100037893141,0,0.0,0.034891835310537335,50,0.3779639005661011,0.9999999403953552,0.4599972040412767,0.96602658788774,55.55567932128906,0.9663958641063516,0.45666271448135376,0.9974150664697193,0.45666271448135376,0.9974150664697193,6.316537071171524e-09,6.350773240626495e-09,1.6770297150969782e-08,0.9999998807907104,0.3779639005661011,0.37146151065826416,46,0.6920629739761353,0.8428654670715332,1.0,0.8428654670715332,0.6285384893417358,0.8428653478622437,4.656612873077393e-10,0.9999999403953552
GCN,527,1684,3,1,2,-4.830802917480469,0.10901188850402832,4.939814805984497,0.8660253286361694,0.07073012739419937,0.0,0.42292356491088867,0.16165168583393097,0.5507768093974991,1,0.0,0.027913468248429867,40,0.3714258670806885,0.9999999403953552,0.42430262219479375,0.9505169867060561,50.81513595581055,0.9431314623338257,0.41714805364608765,0.9937223042836041,0.41714805364608765,0.9937223042836041,6.585445078144403e-09,6.585445078144403e-09,1.773017288542178e-08,0.9999998807907104,0.3714258670806885,0.4281523823738098,35,0.8370825052261353,0.8570380806922913,1.0,0.8570380806922913,0.5718476176261902,0.8570380806922913,0.0,0.9999999403953552
GCN,527,1688,4,1,3,-2.061229705810547,3.9990522861480713,6.060281991958618,0.8017836213111877,0.042996279895305634,0.0,0.46991291642189026,0.09516284614801407,0.27472527472527475,0,0.0,0.04815073272854152,69,0.3868660628795624,0.9999998807907104,0.4661748564509579,0.9667651403249631,56.631595611572266,0.9715657311669128,0.4658353924751282,0.9981536189069424,0.4658353924751282,0.9981536189069424,7.377462196700435e-09,3.094195832886726e-08,6.338130020822064e-08,0.9999998807907104,0.38686609268188477,0.35665756464004517,64,0.8338945508003235,0.8391644358634949,1.0,0.8391644358634949,0.6433424353599548,0.8391643762588501,0.0,0.9999998807907104
GCN,527,1695,0,1,3,1.7165969610214233,6.436333179473877,4.719736218452454,0.8017836213111877,0.03938470408320427,0.0,0.4977901577949524,0.07995791733264923,0.22034861690034105,0,0.0,0.0418702023726448,60,0.41049811244010925,0.9999999403953552,0.49016920165636824,0.9763663220088626,59.610435485839844,0.982274741506647,0.49417680501937866,0.9981536189069424,0.49417680501937866,0.9981536189069424,7.792003486883914e-09,7.4542176875525e-09,1.8156068648522705e-08,0.9999998807907104,0.41049814224243164,0.31735843420028687,55,0.8102842569351196,0.8293395638465881,1.0,0.8293395638465881,0.6826415657997131,0.8293396234512329,0.0,0.9999999403953552
GCN,527,1705,1,1,7,-0.90621018409729,3.459399700164795,4.365609884262085,0.6396021246910095,0.022932209074497223,0.0,0.5072917342185974,0.04581192508339882,0.12315270935960591,0,0.0,0.08443824145150035,121,0.3345128297805786,0.9999998807907104,0.5018319306473822,0.9844903988183161,60.668212890625,0.9859675036927622,0.5037765502929688,0.9985228951255539,0.5037765502929688,0.9985228951255539,8.53333048667082e-09,8.60056381668528e-09,2.5747917575813517e-08,0.9999998807907104,0.3345128297805786,0.30266472697257996,116,0.6481870412826538,0.8256662487983704,1.0,0.8256662487983704,0.6973352432250977,0.8256661891937256,0.0,0.9999998807907104
GCN,527,1707,5,1,1,-2.4279394149780273,2.2049646377563477,4.632904052734375,0.9486831426620483,0.06727758795022964,0.0,0.46108871698379517,0.1511303335428238,0.517620310723759,1,0.0,0.030006978367062107,43,0.446724534034729,0.9999999403953552,0.45965825385255277,0.96602658788774,55.5638313293457,0.9663958641063516,0.4563486874103546,0.9974150664697193,0.4563486874103546,0.9974150664697193,7.902533738501916e-09,8.122420069867076e-09,1.8198539564195926e-08,0.9999998807907104,0.446724534034729,0.3721478581428528,38,0.9826230406761169,0.8430370092391968,1.0,0.8430370092391968,0.6278521418571472,0.843036949634552,0.0,0.9999999403953552
GCN,527,1726,2,1,3,-3.1327805519104004,3.8805058002471924,7.013286352157593,0.8017836213111877,0.029439043253660202,0.0,0.561542809009552,0.0598287358880043,0.19969685486926866,0,0.0,0.045359385903698535,65,0.4643464982509613,0.9999999403953552,0.5504608304452663,0.990029542097489,67.1624526977539,0.9966765140324964,0.5580868721008301,0.9988921713441654,0.5580868721008301,0.9988921713441654,3.6294705019201956e-09,1.9893058311737377e-09,4.210831239248591e-09,0.9999998807907104,0.4643465280532837,0.22781071066856384,60,0.9150107502937317,0.8069526553153992,1.0,0.8069526553153992,0.7721892595291138,0.806952714920044,0.0,0.9999999403953552
GCN,527,1727,2,1,3,-3.89648175239563,2.1302714347839355,6.026753187179565,0.8017836213111877,0.041580550372600555,-0.0005782300140708685,0.5097013115882874,0.08223385363817215,0.22300113679424025,0,0.0,0.03977669225401256,57,0.42016518115997314,0.9999999403953552,0.5006116166153471,0.9844903988183161,61.16730880737305,0.9874446085672083,0.505485475063324,0.9985228951255539,0.505485475063324,0.9985228951255539,6.859619094967684e-09,6.002742480859524e-08,1.2039947705488885e-07,0.9999999403953552,0.4201652407646179,0.30128252506256104,53,0.8082270622253418,0.8253206610679626,1.0000001192092896,0.8253205418586731,0.6987175941467285,0.8253207206726074,0.0,0.9999999403953552
GCN,527,1734,2,1,4,-4.447059631347656,1.3956222534179688,5.842681884765625,0.7499998807907104,0.04960022494196892,0.0,0.5752037167549133,0.10379353165626526,0.3421750663129973,1,0.0,0.03210048848569435,46,0.442920446395874,1.0,0.5636361886066853,0.9937223042836041,68.74009704589844,0.9970457902511078,0.5707061290740967,0.9992614475627769,0.5707061290740967,0.9992614475627769,6.212696579410704e-09,5.992529139575709e-08,1.2002787741494103e-07,0.9999999403953552,0.4429205358028412,0.21258553862571716,41,0.9027542471885681,0.8031463027000427,1.0,0.8031463027000427,0.7874144315719604,0.8031463623046875,0.0,1.0
GCN,527,1749,2,1,4,-4.330059051513672,2.297917366027832,6.627976417541504,0.7499998807907104,0.02372104860842228,-0.05263684689998627,0.5731357932090759,0.049780093133449554,0.15289882531261842,0,0.0,0.061409630146545706,88,0.44230878353118896,0.9999998807907104,0.5607170351792352,0.9926144756277696,68.60936737060547,0.9970457902511078,0.5698694586753845,0.9988921713441654,0.5698694586753845,0.9988921713441654,4.005769937975856e-09,2.954289701762036e-09,6.739395264077075e-09,0.9999998807907104,0.44230878353118896,0.21367309987545013,84,0.9020707607269287,0.8034182786941528,1.0,0.8034182786941528,0.7863268852233887,0.8034182786941528,1.4551915228366852e-08,0.9999998807907104
GCN,527,1752,2,1,3,-4.347024917602539,2.731722593307495,7.078747510910034,0.8017836213111877,0.04047592729330063,-0.0007173162302933633,0.5425503849983215,0.07593904435634613,0.21580143993937098,0,0.0,0.03838101884159107,55,0.4476231336593628,0.9999998807907104,0.5330169967693207,0.9881831610044313,64.88017272949219,0.9933530280649926,0.5386356115341187,0.9988921713441654,0.5386356115341187,0.9988921713441654,5.291457494394081e-09,3.027290773616187e-08,1.1979850000898296e-07,0.9999999403953552,0.4476231634616852,0.2556210160255432,51,0.8161417245864868,0.8139052391052246,1.0,0.8139052391052246,0.7443789839744568,0.8139052391052246,0.0,0.9999998807907104
GCN,527,1753,2,1,3,-3.865893840789795,2.967686653137207,6.833580493927002,0.8017836213111877,0.03781340271234512,-0.0007678240654058754,0.5364437699317932,0.08444909751415253,0.22735884804850323,0,0.0,0.040474528960223306,58,0.44279181957244873,0.9999999403953552,0.5275058638441122,0.9870753323485968,64.40441131591797,0.992245199409158,0.5327396392822266,0.9988921713441654,0.5327396392822266,0.9988921713441654,3.9803147444672504e-09,4.101059047911804e-09,9.43633615690942e-09,0.9999998807907104,0.4427918493747711,0.26365533471107483,54,0.9605735540390015,0.8159138560295105,1.0,0.8159138560295105,0.7363446950912476,0.8159137964248657,4.656612873077393e-10,0.9999999403953552
GCN,527,1760,2,1,2,-2.7293856143951416,4.966391086578369,7.695776700973511,0.8660253286361694,0.03895721957087517,0.0,0.5435685515403748,0.08033736050128937,0.2209170140204623,0,0.0,0.04326587578506629,62,0.4848697781562805,0.9999999403953552,0.5355111775928005,0.9889217134416544,65.22991180419922,0.9940915805022157,0.5401948690414429,0.9988921713441654,0.5401948690414429,0.9988921713441654,0.0,2.9803231882397085e-08,5.960646376479417e-08,0.9999998807907104,0.4848697781562805,0.2534940242767334,57,0.9707659482955933,0.8133735656738281,1.0,0.8133735656738281,0.7465059757232666,0.8133735060691833,0.0,0.9999999403953552
GCN,527,1764,5,1,2,-2.705230474472046,3.578648090362549,6.283878564834595,0.8660253286361694,0.04298344999551773,0.0,0.5141356587409973,0.08817246556282043,0.23796892762410005,0,0.0,0.041172365666434056,59,0.45804449915885925,0.9999999403953552,0.5072255483800058,0.9844903988183161,61.879638671875,0.9885524372230429,0.5105617642402649,0.9985228951255539,0.5105617642402649,0.9985228951255539,3.2261959770352178e-09,3.2844804653819892e-09,7.150351422069434e-09,0.9999998807907104,0.45804452896118164,0.2947941720485687,54,0.913355827331543,0.8236985206604004,1.0,0.8236985206604004,0.7052057981491089,0.8236985206604004,0.0,0.9999999403953552
GCN,527,1768,1,1,3,-1.7367258071899414,3.7702953815460205,5.507021188735962,0.8017836213111877,0.0384545661509037,-0.0009507810464128852,0.5095300674438477,0.0658901184797287,0.20670708601743085,0,0.0,0.039078855547801813,56,0.4203276038169861,0.9999998807907104,0.5015825618166085,0.9844903988183161,60.988800048828125,0.9870753323485968,0.5058439373970032,0.9985228951255539,0.5058439373970032,0.9985228951255539,3.4218976541211532e-09,2.9933907796930725e-08,5.998021634923134e-08,0.9999998807907104,0.4203275740146637,0.30101245641708374,52,0.6838627457618713,0.8252531290054321,1.0,0.8252531290054321,0.6989875435829163,0.8252531290054321,4.656612873077393e-10,0.9999998807907104
GCN,527,1771,1,1,3,-2.126783847808838,3.694486618041992,5.82127046585083,0.8017836213111877,0.02847922407090664,0.0,0.561488926410675,0.058493319898843765,0.1964759378552482,0,0.0,0.052337752965806,75,0.46436572074890137,0.9999999403953552,0.5491930199967912,0.990029542097489,67.20753479003906,0.9966765140324964,0.557924211025238,0.9988921713441654,0.557924211025238,0.9988921713441654,1.7267182128577474e-09,2.985774827379828e-08,5.973228667244257e-08,0.9999998807907104,0.46436578035354614,0.22777873277664185,70,0.9246481657028198,0.8069446086883545,1.0,0.8069446086883545,0.7722212672233582,0.8069446682929993,0.0,0.9999999403953552
GCN,527,1777,1,1,5,-2.706364631652832,2.249788761138916,4.956153392791748,0.7071066498756409,0.02049332670867443,0.0,0.5552321076393127,0.040775638073682785,0.10837438423645321,0,0.0,0.06838799720865317,98,0.4052281081676483,0.9999998807907104,0.5441441882934888,0.9889217134416544,66.46942138671875,0.9944608567208272,0.5519463419914246,0.9988921713441654,0.5519463419914246,0.9988921713441654,3.9786116623474754e-09,3.0102761172656756e-08,1.196643069079073e-07,0.9999999403953552,0.4052281677722931,0.2358943223953247,93,0.7811740636825562,0.8089735507965088,1.0,0.8089735507965088,0.7641056776046753,0.8089735507965088,0.0,0.9999998807907104
GCN,527,1779,1,1,6,-1.9681717157363892,2.6923041343688965,4.660475850105286,0.6708203554153442,0.01649351976811886,0.0,0.577410876750946,0.03251941502094269,0.10837438423645321,0,0.0,0.08094905792044661,116,0.39997202157974243,0.9999999403953552,0.5644241378363295,0.9937223042836041,69.11248016357422,0.9970457902511078,0.5741122961044312,0.9996307237813885,0.5741122961044312,0.9996307237813885,2.9080537977677068e-09,2.99637754608284e-08,1.194716503505333e-07,0.9999999403953552,0.3999720811843872,0.2050090730190277,111,0.7636961340904236,0.8012522459030151,1.0,0.8012522459030151,0.7949908971786499,0.8012522459030151,0.0,0.9999999403953552
GCN,527,1781,1,1,5,-1.731999158859253,3.205268621444702,4.937267780303955,0.7071066498756409,0.020358620211482048,0.0,0.5633673667907715,0.03798927366733551,0.10837438423645321,0,0.0,0.06908583391486392,99,0.4111887812614441,0.9999999403953552,0.5520253840808838,0.990029542097489,67.44304656982422,0.9966765140324964,0.5600629448890686,0.9988921713441654,0.5600629448890686,0.9988921713441654,4.368290174028289e-09,4.423782229423523e-09,6.05669541187126e-08,0.9999998807907104,0.4111888110637665,0.22465477883815765,94,0.7433429956436157,0.8061636686325073,1.0,0.8061636686325073,0.7753452062606812,0.8061636686325073,0.0,0.9999999403953552
GCN,527,1783,1,1,2,-2.2230911254882812,3.182081460952759,5.40517258644104,0.8660253286361694,0.05284871533513069,0.0,0.4864295721054077,0.11507858335971832,0.3874573702159909,1,0.0,0.03349616189811584,48,0.4319547712802887,0.9999999403953552,0.4819890601986248,0.9763663220088626,58.36810302734375,0.9807976366322009,0.4827041029930115,0.9981536189069424,0.4827041029930115,0.9981536189069424,3.725290298461914e-09,3.7398137919808505e-09,8.649365668134124e-09,0.9999998807907104,0.4319548010826111,0.33496198058128357,43,0.9172983765602112,0.8337405323982239,1.0,0.8337405323982239,0.665037989616394,0.8337404727935791,0.0,0.9999999403953552
GCN,527,1786,1,1,3,-2.049777030944824,3.7416341304779053,5.7914111614227295,0.8017836213111877,0.04280943050980568,-0.1264849752187729,0.5033406019210815,0.29741233587265015,0.8736263736263736,1,0.0,0.040474528960223306,58,0.4091989994049072,0.9999998807907104,0.486213977087374,0.9763663220088626,60.277488708496094,0.9848596750369276,0.4994867444038391,0.9985228951255539,0.4994867444038391,0.9985228951255539,3.5463707526162125e-09,3.0241107396022926e-08,1.198621077946882e-07,0.9999999403953552,0.4091990292072296,0.3195188045501709,56,0.7213177680969238,0.8298797607421875,1.0,0.8298797607421875,0.6804811954498291,0.8298797011375427,9.313225746154785e-10,0.9999998807907104
GCN,527,1794,4,1,4,-2.8333311080932617,2.5359179973602295,5.369249105453491,0.7499998807907104,0.032362084835767746,-0.0017608004854992032,0.48268923163414,0.05863944813609123,0.1964759378552482,0,0.0,0.05792044661549198,83,0.372606486082077,0.9999999403953552,0.4810273714476077,0.9763663220088626,57.98855209350586,0.9796898079763663,0.47898489236831665,0.9981536189069424,0.47898489236831665,0.9981536189069424,5.665014235489707e-09,3.031540884990136e-08,6.143621789078679e-08,0.9999998807907104,0.372606486082077,0.3375883102416992,80,0.6559672355651855,0.83439701795578,1.0,0.83439701795578,0.6624116897583008,0.8343970775604248,2.3283064365386963e-10,0.9999999403953552
GCN,527,1803,0,1,4,0.2743339538574219,3.8234317302703857,3.549097776412964,0.7499998807907104,0.03411750867962837,0.0,0.4966946542263031,0.07415275275707245,0.21314892004547176,0,0.0,0.04884856943475227,70,0.3834017813205719,0.9999998807907104,0.4921678508893286,0.9763663220088626,59.67085266113281,0.982274741506647,0.4931279718875885,0.9981536189069424,0.4931279718875885,0.9981536189069424,9.451891713752048e-09,3.1114051779468355e-08,6.4005057254235e-08,0.9999998807907104,0.3834017515182495,0.31839674711227417,65,0.8096562623977661,0.829599142074585,1.0,0.829599142074585,0.6816032528877258,0.8295992016792297,0.0,0.9999998807907104
GCN,527,1807,3,1,5,-3.305206298828125,2.220533847808838,5.525740146636963,0.7071066498756409,0.027405831962823868,0.0,0.5646461248397827,0.062157079577445984,0.20310723758999621,0,0.0,0.06629448709002093,95,0.41168805956840515,0.9999998807907104,0.554777299301253,0.9911373707533235,67.54540252685547,0.9966765140324964,0.5614758729934692,0.9988921713441654,0.5614758729934692,0.9988921713441654,3.017829985907383e-09,2.996286951884031e-08,6.009341291246528e-08,0.9999998807907104,0.41168808937072754,0.22371336817741394,90,0.9055426120758057,0.8059283494949341,1.0,0.8059283494949341,0.7762866020202637,0.8059283494949341,0.0,0.9999998807907104
GCN,527,1809,3,1,3,-3.320164680480957,3.517915725708008,6.838080406188965,0.8017836213111877,0.030296210199594498,-0.1414376199245453,0.5246248841285706,0.2579632103443146,0.8103448275862069,1,0.0,0.055826936496859735,80,0.4292137026786804,0.9999999403953552,0.5109771713114397,0.9844903988183161,62.87717819213867,0.9903988183161004,0.5213261842727661,0.9985228951255539,0.5213261842727661,0.9985228951255539,4.928095709288982e-09,3.020792505026293e-08,6.071115166150776e-08,0.9999998807907104,0.4292137026786804,0.2862352132797241,76,0.8405635952949524,0.8215588331222534,1.0,0.8215588331222534,0.7137647867202759,0.8215588331222534,4.656612873077393e-10,0.9999999403953552
GCN,527,1810,3,0,44,-7.450157642364502,-5.569892883300781,1.8802647590637207,0.3061861991882324,0.007939263246953487,-0.012558300979435444,0.4866817593574524,0.015314262360334396,0.10837438423645321,0,0.0,0.2882065596650384,413,0.153693288564682,0.9999999403953552,0.48355781162804945,0.9763663220088626,58.18714904785156,0.9807976366322009,0.4835958778858185,0.9981536189069424,0.4835958778858185,0.9981536189069424,2.0655109622680357e-08,2.3734168408395817e-08,1.3415807131877955e-07,0.9999998807907104,0.1536933034658432,0.33071964979171753,412,0.28743958473205566,0.8326799273490906,1.0,0.8326799273490906,0.6692803502082825,0.8326799273490906,2.982255276062773e-10,0.9999999403953552
GCN,527,1817,3,1,2,-2.869112968444824,3.8982245922088623,6.7673375606536865,0.8660253286361694,0.040711306035518646,0.0,0.5410550832748413,0.08439037203788757,0.22735884804850323,0,0.0,0.039078855547801813,56,0.48245754837989807,0.9999998807907104,0.5334499472544153,0.9881831610044313,64.91204833984375,0.9937223042836041,0.538101851940155,0.9988921713441654,0.538101851940155,0.9988921713441654,7.679882507716229e-09,7.213993846733047e-09,6.14515514030245e-08,0.9999998807907104,0.48245757818222046,0.25720787048339844,51,0.9712923765182495,0.8143019676208496,1.0,0.8143019676208496,0.7427921295166016,0.8143019676208496,0.0,0.9999998807907104
GCN,527,1822,3,1,2,-4.676815509796143,1.0334107875823975,5.71022629737854,0.8660253286361694,0.04931676387786865,0.0,0.4864170551300049,0.1079750508069992,0.3594164456233422,1,0.0,0.039078855547801813,56,0.432389497756958,0.9999999403953552,0.4825629981574076,0.9763663220088626,58.552974700927734,0.9811669128508124,0.48276007175445557,0.9981536189069424,0.48276007175445557,0.9981536189069424,6.650973549682249e-09,3.054077879482975e-08,6.156975018711819e-08,0.9999998807907104,0.4323894679546356,0.3342927396297455,51,0.92229163646698,0.8335732221603394,1.0,0.8335732221603394,0.6657072305679321,0.8335731625556946,0.0,0.9999999403953552
GCN,527,1825,5,1,4,-3.3503994941711426,1.7089580297470093,5.059357523918152,0.7499998807907104,0.026812797412276268,-0.07795780897140503,0.5281630754470825,0.05160094052553177,0.17032967032967034,0,0.0,0.06071179344033496,87,0.40631940960884094,0.9999998807907104,0.5166420587196456,0.9859675036927622,63.286033630371094,0.9911373707533235,0.5250451564788818,0.9985228951255539,0.5250451564788818,0.9985228951255539,4.725945856876024e-09,3.0480368451435425e-08,6.164979282630156e-08,0.9999998807907104,0.40631943941116333,0.27765417098999023,84,0.7623330950737,0.8194135427474976,1.0,0.8194135427474976,0.7223458290100098,0.8194135427474976,1.4435969752923938e-08,0.9999998807907104
GCN,527,1829,5,1,5,-2.2032647132873535,2.30979061126709,4.513055324554443,0.7071066498756409,0.027531038969755173,-0.0005992338410578668,0.5084201097488403,0.04101826995611191,0.10894278135657447,0,0.0,0.0628053035589672,90,0.3704613447189331,0.9999999403953552,0.5015094443807772,0.9844903988183161,60.848995208740234,0.9870753323485968,0.5047576427459717,0.9985228951255539,0.5047576427459717,0.9985228951255539,9.336480033539374e-09,9.408778645081384e-09,2.540004651052641e-08,0.9999998807907104,0.3704613745212555,0.3014512062072754,87,0.5356267690658569,0.8253628015518188,1.0,0.8253628015518188,0.6985487937927246,0.8253628015518188,1.1641532182693481e-10,0.9999999403953552
GCN,527,1836,6,1,2,-1.5885388851165771,2.3568193912506104,3.9453582763671875,0.8660253286361694,0.05269947648048401,-0.0009779604151844978,0.44506680965423584,0.11876028031110764,0.39636225843122397,1,0.0,0.0418702023726448,60,0.39457711577415466,0.9999999403953552,0.44442292085161134,0.9612259970457903,53.52328109741211,0.9582717872968981,0.44088566303253174,0.9970457902511078,0.44088566303253174,0.9970457902511078,9.029507808122617e-09,3.0820832108702234e-08,6.284033560177704e-08,0.9999998807907104,0.39457717537879944,0.3925085961818695,56,0.86860191822052,0.8481271266937256,1.0,0.8481271266937256,0.6074913740158081,0.8481271266937256,4.656612873077393e-10,0.9999999403953552
GCN,527,1838,0,1,4,2.303431987762451,6.787969589233398,4.484537601470947,0.7499998807907104,0.02996130846440792,-0.0023238160647451878,0.5327913761138916,0.054271601140499115,0.1883289124668435,0,0.0,0.05373342637822749,77,0.41176626086235046,0.9999999403953552,0.5213090980655689,0.9863367799113737,63.77493667602539,0.9918759231905465,0.5295438170433044,0.9988921713441654,0.5295438170433044,0.9988921713441654,5.350040854779081e-09,3.0286784635791264e-08,6.104342986645861e-08,0.9999998807907104,0.41176626086235046,0.2679709494113922,75,0.683283805847168,0.8169927597045898,1.0,0.8169927597045898,0.7320290803909302,0.8169927597045898,6.984919309616089e-10,0.9999999403953552
GCN,527,1841,0,1,5,3.1391096115112305,7.19368839263916,4.05457878112793,0.7071066498756409,0.02428826317191124,0.0,0.5580392479896545,0.04461868852376938,0.11708980674497915,0,0.0,0.051639916259595256,74,0.4070594608783722,0.9999999403953552,0.545800242864835,0.9889217134416544,66.8697509765625,0.9951994091580503,0.5551072955131531,0.9988921713441654,0.5551072955131531,0.9988921713441654,5.722141871444819e-09,3.036543816392623e-08,6.129850049774177e-08,0.9999998807907104,0.40705952048301697,0.23244106769561768,69,0.724886417388916,0.808110237121582,1.0,0.808110237121582,0.7675589323043823,0.808110237121582,0.0,0.9999999403953552
GCN,527,1845,5,1,2,0.43246734142303467,4.8433427810668945,4.41087543964386,0.8660253286361694,0.04723455011844635,0.0,0.49518170952796936,0.09944137930870056,0.31110269041303523,0,0.0,0.034193998604326585,49,0.44053176045417786,0.9999998807907104,0.4902870180353709,0.9763663220088626,59.39384078979492,0.982274741506647,0.49187925457954407,0.9981536189069424,0.49187925457954407,0.9981536189069424,6.71586253275791e-09,6.727959522834226e-09,1.526622206426964e-08,0.9999998807907104,0.44053176045417786,0.32175689935684204,44,0.9028229117393494,0.8304392695426941,1.0,0.8304392695426941,0.678243100643158,0.8304392099380493,0.0,0.9999998807907104
GCN,527,1852,3,1,2,-2.1082592010498047,4.632016658782959,6.740275859832764,0.8660253286361694,0.04241049662232399,0.0,0.5471697449684143,0.087956503033638,0.23796892762410005,0,0.0,0.041172365666434056,59,0.4877966046333313,0.9999998807907104,0.5377682061050718,0.9889217134416544,65.83316040039062,0.9944608567208272,0.5437946319580078,0.9988921713441654,0.5437946319580078,0.9988921713441654,1.0148852869207303e-09,5.961510396446101e-08,1.1923107479105965e-07,0.9999999403953552,0.4877966642379761,0.24898779392242432,54,0.9827594757080078,0.8122469186782837,1.0,0.8122469186782837,0.7510122060775757,0.8122469186782837,0.0,0.9999998807907104
GCN,527,1853,3,1,1,-2.879714012145996,4.2597479820251465,7.139461994171143,0.9486831426620483,0.07529958337545395,-0.003417602041736245,0.48010414838790894,0.16804833710193634,0.5744600227358848,1,0.0,0.027913468248429867,40,0.4640049934387207,0.9999999403953552,0.4747391354601811,0.9726735598227474,57.39360427856445,0.9778434268833087,0.47548016905784607,0.9981536189069424,0.47548016905784607,0.9981536189069424,7.450580596923828e-09,3.072041465657094e-08,6.171324429260494e-08,0.9999998807907104,0.4640049934387207,0.3478609323501587,36,0.9960211515426636,0.8369653224945068,1.0,0.8369653224945068,0.6521390676498413,0.8369652032852173,0.0,0.9999999403953552
GCN,527,1858,3,1,2,-3.449697971343994,4.1122212409973145,7.561919212341309,0.8660253286361694,0.04219500720500946,0.0,0.5086117386817932,0.08845524489879608,0.23796892762410005,0,0.0,0.04396371249127704,63,0.4531558156013489,0.9999999403953552,0.5044706865042038,0.9844903988183161,61.448177337646484,0.9878138847858198,0.5058216452598572,0.9985228951255539,0.5058216452598572,0.9985228951255539,4.80557016402372e-09,3.021420624804705e-08,6.060783164230088e-08,0.9999998807907104,0.4531558156013489,0.3023208975791931,58,0.9233779311180115,0.8255802989006042,1.0,0.8255802989006042,0.6976791024208069,0.8255802392959595,0.0,0.9999999403953552
GCN,527,1862,3,0,4,-6.064112186431885,-0.9261760711669922,5.137936115264893,0.7499998807907104,0.03824695572257042,-0.001332026906311512,0.4906512498855591,0.07595839351415634,0.21580143993937098,0,0.0,0.050942079553384506,73,0.378222793340683,0.9999998807907104,0.4846592038599749,0.9763663220088626,58.73590850830078,0.9819054652880355,0.48664677143096924,0.9981536189069424,0.48664677143096924,0.9981536189069424,1.0049548748725101e-08,3.05061469418888e-08,6.204118818686766e-08,0.9999998807907104,0.3782227635383606,0.32760393619537354,69,0.7139639854431152,0.8319010734558105,1.0000001192092896,0.831900954246521,0.672396183013916,0.8319010734558105,0.0,0.9999998807907104
GCN,527,1866,3,1,2,-4.142688751220703,2.4437308311462402,6.586419582366943,0.8660253286361694,0.050968583673238754,-0.0024933686945587397,0.5023989677429199,0.11278632283210754,0.38006820765441457,1,0.0,0.03698534542916958,53,0.4464610517024994,0.9999999403953552,0.4960928038340279,0.9763663220088626,60.1121826171875,0.9848596750369276,0.4981031119823456,0.9985228951255539,0.4981031119823456,0.9985228951255539,1.236416213856728e-08,1.223413725881528e-08,2.739744253688059e-08,0.9999998807907104,0.4464610815048218,0.3126280903816223,49,0.9353762865066528,0.8281569480895996,1.0,0.8281569480895996,0.6873719096183777,0.8281570076942444,0.0,0.9999999403953552
GCN,527,1870,3,1,4,-3.914222240447998,2.292348861694336,6.206571102142334,0.7499998807907104,0.035886626690626144,0.0,0.5773873925209045,0.07862374931573868,0.21883289124668434,0,0.0,0.04954640614096301,71,0.44603049755096436,0.9999999403953552,0.5668132240676924,0.9937223042836041,69.1517105102539,0.9970457902511078,0.5737612843513489,0.9996307237813885,0.5737612843513489,0.9996307237813885,6.707785882298367e-09,5.999400087830509e-08,1.2018193729090854e-07,0.9999999403953552,0.44603055715560913,0.20705664157867432,66,0.9487452507019043,0.8017640709877014,1.0,0.8017640709877014,0.7929433584213257,0.8017641305923462,0.0,0.9999999403953552
GCN,527,1872,3,1,1,-2.7676806449890137,4.487028121948242,7.254708766937256,0.9486831426620483,0.06322353333234787,0.0,0.47789597511291504,0.1386658400297165,0.4509283819628647,1,0.0,0.03279832519190509,47,0.4640049934387207,0.9999999403953552,0.475264046711754,0.9726735598227474,58.01207733154297,0.9796898079763663,0.4746829569339752,0.9981536189069424,0.4746829569339752,0.9981536189069424,0.0,2.9803231882397085e-08,5.960646376479417e-08,0.9999998807907104,0.4640049934387207,0.3478609621524811,42,0.9943636655807495,0.8369652628898621,1.0,0.8369652628898621,0.6521390676498413,0.8369652628898621,0.0,0.9999999403953552
GCN,527,1878,5,1,3,-1.490464687347412,3.5291314125061035,5.019596099853516,0.8017836213111877,0.03861081600189209,0.0,0.5036199688911438,0.08942833542823792,0.2451686244789693,0,0.0,0.04675505931612003,67,0.4154302477836609,0.9999998807907104,0.49845523922244855,0.9763663220088626,60.47616195678711,0.9859675036927622,0.5002694129943848,0.9985228951255539,0.5002694129943848,0.9985228951255539,2.8325071177448535e-09,2.99411517801218e-08,6.000238528258706e-08,0.9999998807907104,0.4154302775859833,0.30915647745132446,62,0.9352470636367798,0.8272891044616699,1.0,0.8272891044616699,0.6908435225486755,0.8272891044616699,0.0,0.9999998807907104
GCN,527,1879,5,1,4,-0.1020888090133667,4.458568096160889,4.560656905174255,0.7499998807907104,0.02803422138094902,-0.000820265500806272,0.5312343835830688,0.058381885290145874,0.1964759378552482,0,0.0,0.0628053035589672,90,0.4107494652271271,0.9999998807907104,0.5216311987447558,0.9863367799113737,63.69023132324219,0.9918759231905465,0.5279951691627502,0.9985228951255539,0.5279951691627502,0.9985228951255539,7.875047280947456e-09,8.099026338470594e-09,1.9757241176421303e-08,0.9999998807907104,0.4107494652271271,0.2697785496711731,86,0.829730212688446,0.8174446821212769,1.0,0.8174446821212769,0.7302214503288269,0.8174446225166321,4.656612873077393e-10,0.9999998807907104
GCN,527,1881,5,1,5,-4.194451332092285,0.33799052238464355,4.532441854476929,0.7071066498756409,0.03032173030078411,-0.00031420530285686255,0.5386613011360168,0.06049244850873947,0.2006441834028041,0,0.0,0.05512909979064899,79,0.39241155982017517,0.9999998807907104,0.5282144775434492,0.9870753323485968,64.37419128417969,0.992245199409158,0.5345708727836609,0.9988921713441654,0.5345708727836609,0.9988921713441654,7.421419478959024e-09,3.071335541449116e-08,1.2069882870946458e-07,0.9999999403953552,0.39241161942481995,0.26006144285202026,75,0.7598851323127747,0.8150153160095215,1.0,0.8150153160095215,0.7399385571479797,0.8150153756141663,2.3283064365386963e-10,0.9999998807907104
GCN,527,1891,4,1,3,-1.949711561203003,5.072521209716797,7.0222327709198,0.8017836213111877,0.03477390855550766,0.0,0.5475948452949524,0.0730295330286026,0.21295945433876468,0,0.0,0.045359385903698535,65,0.45235830545425415,0.9999999403953552,0.5383895322185949,0.9889217134416544,65.54938507080078,0.9940915805022157,0.5446067452430725,0.9988921713441654,0.5446067452430725,0.9988921713441654,3.0888476221235805e-09,2.9938437506871196e-08,5.993626217559722e-08,0.9999998807907104,0.45235833525657654,0.24774666130542755,60,0.9220651388168335,0.8119366765022278,1.0,0.8119366765022278,0.7522533535957336,0.8119366765022278,0.0,0.9999999403953552
GCN,527,1899,5,1,5,-1.8994238376617432,2.2620859146118164,4.16150975227356,0.7071066498756409,0.03274163976311684,-0.000450402993010357,0.49508601427078247,0.05090383067727089,0.16331943918150815,0,0.0,0.061409630146545706,88,0.3602234125137329,0.9999998807907104,0.49108513497136963,0.9763663220088626,59.222320556640625,0.982274741506647,0.49096837639808655,0.9981536189069424,0.49096837639808655,0.9981536189069424,7.997995155051285e-09,1.1248395104246356e-08,3.1211346396275985e-08,0.9999998807907104,0.3602234125137329,0.32075613737106323,85,0.5442715883255005,0.8301891088485718,1.0,0.8301891088485718,0.6792438626289368,0.830189049243927,1.1641532182693481e-10,0.9999998807907104
GCN,527,1901,5,0,6,-3.981149911880493,-0.21019673347473145,3.7709531784057617,0.6708203554153442,0.02412213757634163,-0.00021361948165576905,0.5103458166122437,0.04760941118001938,0.1330049261083744,0,0.0,0.0732728541521284,105,0.3529522716999054,0.9999999403953552,0.5026919793879508,0.9844903988183161,61.11865234375,0.9874446085672083,0.5071393251419067,0.9985228951255539,0.5071393251419067,0.9985228951255539,5.94516524898836e-09,6.303650490480095e-09,1.7908073246530876e-08,0.9999998807907104,0.3529523015022278,0.29846638441085815,101,0.6756904125213623,0.8246166706085205,1.0,0.8246166706085205,0.7015336155891418,0.8246166110038757,1.1641532182693481e-10,0.9999999403953552
GCN,527,1904,5,1,3,-3.2598843574523926,0.9753871560096741,4.235271513462067,0.8017836213111877,0.03409658744931221,-0.0004058080376125872,0.5109619498252869,0.0707746148109436,0.21049640015157256,0,0.0,0.04884856943475227,70,0.42194342613220215,0.9999999403953552,0.5045113589801032,0.9844903988183161,61.150020599365234,0.9874446085672083,0.5070704817771912,0.9985228951255539,0.5070704817771912,0.9985228951255539,5.288895543742456e-09,5.986464657325996e-08,1.1993702742074674e-07,0.9999998807907104,0.42194339632987976,0.29832541942596436,66,0.8503786325454712,0.8245814442634583,1.0,0.8245814442634583,0.7016745805740356,0.8245813846588135,2.3283064365386963e-10,0.9999999403953552
GCN,527,1906,4,1,5,-1.6003241539001465,3.948949098587036,5.549273252487183,0.7071066498756409,0.022715983912348747,-0.00036987540079280734,0.542232871055603,0.03981306403875351,0.10837438423645321,0,0.0,0.06769016050244243,97,0.39557623863220215,0.9999998807907104,0.5344537453884121,0.9881831610044313,64.92110443115234,0.9937223042836041,0.5388747453689575,0.9988921713441654,0.5388747453689575,0.9988921713441654,3.4218976541211532e-09,5.975679329139894e-08,1.1969127911015676e-07,0.9999999403953552,0.39557626843452454,0.2540941536426544,93,0.6719931364059448,0.813523530960083,1.0,0.813523530960083,0.745905876159668,0.813523530960083,0.0,0.9999998807907104
GCN,527,1909,0,1,6,0.3702392578125,5.734607696533203,5.364368438720703,0.6708203554153442,0.02229304611682892,0.0,0.552834153175354,0.03087558224797249,0.10837438423645321,0,0.0,0.06838799720865317,98,0.3826022148132324,0.9999999403953552,0.5435812260697381,0.9889217134416544,66.13103485107422,0.9944608567208272,0.549435019493103,0.9988921713441654,0.549435019493103,0.9988921713441654,7.580416294672432e-09,6.010819930679645e-08,1.2091089729437954e-07,0.9999999403953552,0.3826023042201996,0.23953357338905334,93,0.5136257410049438,0.8098833560943604,1.0,0.8098833560943604,0.760466456413269,0.8098833560943604,0.0,0.9999999403953552
GCN,527,1911,5,1,4,0.09045112133026123,4.65108060836792,4.560629487037659,0.7499998807907104,0.03258530795574188,0.0,0.5019330978393555,0.06127654016017914,0.2019704433497537,0,0.0,0.05512909979064899,79,0.3876202404499054,0.9999998807907104,0.4964538228668762,0.9763663220088626,60.154876708984375,0.9848596750369276,0.4983982443809509,0.9985228951255539,0.4983982443809509,0.9985228951255539,8.355993230679815e-09,3.059752629042123e-08,1.2055464537752414e-07,0.9999998807907104,0.387620210647583,0.31089720129966736,74,0.7079123258590698,0.8277243375778198,1.0,0.8277243375778198,0.6891027688980103,0.8277243375778198,0.0,0.9999998807907104
GCN,527,1913,0,1,4,1.7906055450439453,6.195935249328613,4.405329704284668,0.7499998807907104,0.026215925812721252,0.0,0.507529616355896,0.048215627670288086,0.14153088291019325,0,0.0,0.06769016050244243,97,0.3924846351146698,0.9999999403953552,0.5023408572290166,0.9844903988183161,60.737178802490234,0.9867060561299852,0.5035218000411987,0.9985228951255539,0.5035218000411987,0.9985228951255539,6.485911363540708e-09,6.329397450599572e-09,6.17400317537431e-08,0.9999998807907104,0.3924846351146698,0.30224937200546265,92,0.7000759840011597,0.8255623579025269,1.0,0.8255623579025269,0.6977506279945374,0.8255623579025269,0.0,0.9999999403953552
GCN,527,1916,6,1,3,-0.29503732919692993,4.284247398376465,4.579284727573395,0.8017836213111877,0.0381162203848362,0.0,0.5058844685554504,0.07266384363174438,0.21182266009852216,0,0.0,0.03838101884159107,55,0.4173639416694641,0.9999999403953552,0.49959874443811925,0.9763663220088626,60.556373596191406,0.9859675036927622,0.5028418898582458,0.9985228951255539,0.5028418898582458,0.9985228951255539,4.748831994305647e-09,5.996055563173286e-08,1.2022918838283658e-07,0.9999999403953552,0.4173640012741089,0.30594074726104736,50,0.7732448577880859,0.8264851570129395,1.0,0.8264851570129395,0.6940592527389526,0.8264851570129395,0.0,0.9999999403953552
GCN,527,1918,6,1,2,0.09590542316436768,5.55165433883667,5.455748915672302,0.8660253286361694,0.09712883830070496,0.0,0.5100690722465515,0.21037879586219788,0.7046229632436529,1,0.0,0.01465457083042568,21,0.44538047909736633,0.9999998807907104,0.4940881512791377,0.9763663220088626,60.375850677490234,0.9852289512555391,0.5008491277694702,0.9985228951255539,0.5008491277694702,0.9985228951255539,1.0159530106079728e-08,3.2376856751170635e-08,6.602247282216922e-08,0.9999998807907104,0.44538044929504395,0.3142918050289154,16,0.9567828178405762,0.8285729289054871,1.0,0.8285729289054871,0.6857081651687622,0.8285729885101318,0.0,0.9999998807907104
GCN,527,1920,0,1,6,0.1828094720840454,3.338165760040283,3.155356287956238,0.6708203554153442,0.023431697860360146,-0.08740022033452988,0.5088364481925964,0.2579253911972046,0.8103448275862069,1,0.0,0.0718771807397069,103,0.3498481214046478,0.9999999403953552,0.49925441584690067,0.9763663220088626,60.903987884521484,0.9870753323485968,0.5054729580879211,0.9985228951255539,0.5054729580879211,0.9985228951255539,9.531849087807132e-09,3.1165406255695416e-08,6.504757266156957e-08,0.9999998807907104,0.34984809160232544,0.3046363592147827,100,0.6054542064666748,0.8261592388153076,1.0,0.8261592388153076,0.6953636407852173,0.8261591196060181,1.1641532182693481e-08,0.9999999403953552
GCN,527,1925,0,1,3,0.7130587100982666,6.0820112228393555,5.368952512741089,0.8017836213111877,0.033570628613233566,-0.03269975632429123,0.5058042407035828,0.06419608741998672,0.20500189465706706,0,0.0,0.055826936496859735,80,0.4165809750556946,0.9999999403953552,0.5008370426419337,0.9844903988183161,60.779624938964844,0.9867060561299852,0.5025336742401123,0.9985228951255539,0.5025336742401123,0.9985228951255539,2.9451006078318187e-09,2.995925285631529e-08,6.004454888852706e-08,0.9999998807907104,0.41658100485801697,0.30724287033081055,77,0.7755123376846313,0.8268107175827026,1.0,0.8268107175827026,0.6927571296691895,0.8268107175827026,5.71503200319512e-09,0.9999999403953552
GCN,527,1931,3,1,3,-3.105574131011963,3.7224783897399902,6.828052520751953,0.8017836213111877,0.02676834538578987,0.0,0.5598071217536926,0.0531560555100441,0.1816976127320955,0,0.0,0.05024424284717376,72,0.4630782902240753,0.9999999403953552,0.5492284271993865,0.990029542097489,67.10865020751953,0.9966765140324964,0.5564699769020081,0.9988921713441654,0.5564699769020081,0.9988921713441654,4.702948253054728e-09,3.0161231734382454e-08,6.043917721854086e-08,0.9999998807907104,0.4630782902240753,0.22991982102394104,67,0.8913059234619141,0.8074800372123718,1.0,0.8074800372123718,0.7700802087783813,0.807479977607727,0.0,0.9999999403953552
GCN,527,1932,3,1,3,-3.2565536499023438,3.115908622741699,6.372462272644043,0.8017836213111877,0.03759780898690224,0.0,0.5219574570655823,0.07817302644252777,0.21750663129973474,0,0.0,0.04256803907885555,61,0.43078944087028503,0.9999998807907104,0.5173926542965376,0.9859675036927622,62.57295227050781,0.9903988183161004,0.5185997486114502,0.9985228951255539,0.5185997486114502,0.9985228951255539,8.025061504213227e-09,8.420618868854035e-09,1.9539243112376425e-08,0.9999998807907104,0.43078944087028503,0.2836148142814636,56,0.8701351881027222,0.8209037184715271,1.0,0.8209037184715271,0.7163851857185364,0.8209037184715271,0.0,0.9999998807907104
GCN,527,1936,3,1,5,-3.787233352661133,1.3812007904052734,5.168434143066406,0.7071066498756409,0.024816513061523438,0.0,0.5554923415184021,0.04959433153271675,0.15289882531261842,0,0.0,0.05931612002791347,85,0.40516042709350586,0.9999998807907104,0.5464368972713912,0.9889217134416544,66.53857421875,0.9948301329394387,0.5522531270980835,0.9988921713441654,0.5522531270980835,0.9988921713441654,5.10637487849408e-09,3.050436703233572e-08,6.174585820417633e-08,0.9999998807907104,0.40516042709350586,0.23602205514907837,80,0.7849721908569336,0.809005618095398,1.0,0.809005618095398,0.7639779448509216,0.8090054988861084,0.0,0.9999998807907104
GCN,527,1938,3,1,1,-3.208432674407959,1.9770033359527588,5.185436010360718,0.9486831426620483,0.09287750720977783,0.0,0.3937721252441406,0.23328018188476562,0.7612732095490716,1,0.0,0.024424284717376135,35,0.37397539615631104,0.9999999403953552,0.39876660611363896,0.9268833087149188,49.19374084472656,0.9294682422451994,0.38709557056427,0.9863367799113737,0.38709557056427,0.9863367799113737,0.0,3.29272248356105e-10,1.1406325883811519e-09,0.9999998807907104,0.3739754259586334,0.474393755197525,30,0.9382820129394531,0.8685985207557678,1.0000001192092896,0.8685984015464783,0.5256063938140869,0.8685985803604126,0.0,0.9999999403953552
GCN,527,1942,3,1,3,-3.232905626296997,3.70505428314209,6.937959909439087,0.8017836213111877,0.03432358801364899,-0.0016813456313684583,0.5104023218154907,0.07004263997077942,0.21049640015157256,0,0.0,0.04954640614096301,71,0.42141297459602356,0.9999999403953552,0.5039981492099386,0.9844903988183161,61.21508026123047,0.9878138847858198,0.5068828463554382,0.9985228951255539,0.5068828463554382,0.9985228951255539,4.5625303535246076e-09,4.939083808608302e-09,1.1781746245276281e-08,0.9999998807907104,0.42141300439834595,0.299207478761673,68,0.8177613019943237,0.8248018622398376,1.0,0.8248018622398376,0.7007925510406494,0.8248019218444824,2.3283064365386963e-10,0.9999999403953552
GCN,527,1947,3,1,4,-5.061284065246582,0.155717134475708,5.21700119972229,0.7499998807907104,0.028092721477150917,-0.000910272472538054,0.535641074180603,0.055314354598522186,0.1896551724137931,0,0.0,0.05373342637822749,77,0.4141668677330017,0.9999999403953552,0.5286578723557639,0.9870753323485968,64.18492889404297,0.992245199409158,0.5326398611068726,0.9988921713441654,0.5326398611068726,0.9988921713441654,4.368290174028289e-09,3.015404104189656e-08,6.059865853558222e-08,0.9999998807907104,0.4141669273376465,0.2637031376361847,73,0.7910047173500061,0.8159258365631104,1.0,0.8159258365631104,0.7362968921661377,0.8159258365631104,2.3283064365386963e-10,0.9999999403953552
GCN,527,1959,5,0,5,-4.871859550476074,-0.8524276614189148,4.019431889057159,0.7071066498756409,0.02964317612349987,-0.0003061508759856224,0.49937039613723755,0.0560089610517025,0.19306555513452064,0,0.0,0.0628053035589672,90,0.3636581301689148,0.9999999403953552,0.49230669485662243,0.9763663220088626,59.74943542480469,0.982274741506647,0.4956642687320709,0.9985228951255539,0.4956642687320709,0.9985228951255539,1.0202128031266966e-08,1.050321696283163e-08,6.622340009698746e-08,0.9999998807907104,0.3636581301689148,0.31427958607673645,86,0.6671761274337769,0.8285699486732483,1.0,0.8285699486732483,0.6857204437255859,0.8285698890686035,1.1641532182693481e-10,0.9999999403953552
GCN,527,1961,5,1,3,-3.5903759002685547,1.8446630239486694,5.435038924217224,0.8017836213111877,0.03412124142050743,0.0,0.4891042113304138,0.06510302424430847,0.20651762031072377,0,0.0,0.05512909979064899,79,0.4037763774394989,0.9999999403953552,0.48463606720774294,0.9763663220088626,58.541194915771484,0.9811669128508124,0.48546209931373596,0.9981536189069424,0.48546209931373596,0.9981536189069424,6.107090388951519e-09,6.320826528849466e-09,6.163214294474528e-08,0.9999998807907104,0.4037764072418213,0.32853639125823975,74,0.7482297420501709,0.8321341276168823,1.0,0.8321341276168823,0.6714636087417603,0.8321341276168823,0.0,0.9999999403953552
GCN,527,1962,5,1,3,-2.8508801460266113,2.1327168941497803,4.983597040176392,0.8017836213111877,0.0409243181347847,0.0,0.47562265396118164,0.08895386755466461,0.24156877605153468,0,0.0,0.0418702023726448,60,0.39186543226242065,0.9999999403953552,0.47313076822047706,0.9719350073855244,57.16677474975586,0.975258493353028,0.4716617465019226,0.9981536189069424,0.4716617465019226,0.9981536189069424,8.686798835810805e-09,8.88730156134443e-09,2.2676468702798047e-08,0.9999998807907104,0.39186543226242065,0.3483438491821289,55,0.8289018869400024,0.8370859622955322,1.0,0.8370859622955322,0.6516561508178711,0.8370859622955322,0.0,0.9999999403953552
GCN,527,1969,4,1,3,-3.3705849647521973,3.1452229022979736,6.515807867050171,0.8017836213111877,0.042418546974658966,0.0,0.524050235748291,0.0831192135810852,0.2233800682076544,0,0.0,0.03838101884159107,55,0.4320541322231293,0.9999999403953552,0.5172548256008748,0.9859675036927622,62.876502990722656,0.9903988183161004,0.520708441734314,0.9985228951255539,0.520708441734314,0.9985228951255539,7.984428229690366e-09,3.104078771798413e-08,6.289622689337193e-08,0.9999998807907104,0.4320541024208069,0.28151172399520874,50,0.8233335018157959,0.8203779458999634,1.0,0.8203779458999634,0.7184882760047913,0.8203779458999634,0.0,0.9999999403953552
GCN,527,1972,6,1,3,-0.8421455025672913,3.182175397872925,4.024320900440216,0.8017836213111877,0.03172735869884491,0.0,0.5067487955093384,0.062166135758161545,0.20310723758999621,0,0.0,0.05443126308443824,78,0.41865310072898865,0.9999999403953552,0.500627838774406,0.9844903988183161,60.74507141113281,0.9867060561299852,0.5034700036048889,0.9985228951255539,0.5034700036048889,0.9985228951255539,4.748831994305647e-09,3.021061800723146e-08,1.1979267355854972e-07,0.9999998807907104,0.41865307092666626,0.3037971258163452,73,0.7961041331291199,0.8259493708610535,1.0,0.8259493708610535,0.6962028741836548,0.8259493112564087,0.0,0.9999999403953552
GCN,527,1977,3,1,2,0.2917501926422119,4.905133247375488,4.613383054733276,0.8660253286361694,0.04147058352828026,0.0,0.5056707262992859,0.08748187124729156,0.2370215990905646,0,0.0,0.044661549197487785,64,0.4505830705165863,0.9999999403953552,0.4989200641739831,0.9763663220088626,60.51218032836914,0.9859675036927622,0.5018718838691711,0.9985228951255539,0.5018718838691711,0.9985228951255539,3.2927225390722015e-09,2.9983670657429684e-08,6.004927399771987e-08,0.9999998807907104,0.4505830407142639,0.3062818944454193,59,0.9237966537475586,0.8265705108642578,1.0,0.8265705108642578,0.6937180757522583,0.8265705108642578,0.0,0.9999999403953552
GCN,527,1983,0,1,4,0.18872606754302979,5.487034320831299,5.298308253288269,0.7499998807907104,0.02255108952522278,-0.0010808601509779692,0.5501986145973206,0.046056777238845825,0.12542629784009093,0,0.0,0.06559665038381018,94,0.42583173513412476,0.9999998807907104,0.541101524612219,0.9889217134416544,65.90201568603516,0.9944608567208272,0.5470966100692749,0.9988921713441654,0.5470966100692749,0.9988921713441654,3.158268535585762e-09,3.6740055442407993e-09,6.022516885195728e-08,0.9999998807907104,0.42583170533180237,0.2429656684398651,90,0.8155556917190552,0.8107414245605469,1.0,0.8107414245605469,0.7570343017578125,0.8107414245605469,0.0,0.9999998807907104
GCN,527,1996,3,0,5,-7.235451698303223,-2.8836331367492676,4.351818561553955,0.7071066498756409,0.035515155643224716,-0.0007237818208523095,0.5160643458366394,0.06932264566421509,0.20954907161803712,0,0.0,0.04396371249127704,63,0.37533921003341675,0.9999998807907104,0.5083859946640361,0.9844903988183161,61.6096076965332,0.9885524372230429,0.5120702981948853,0.9985228951255539,0.5120702981948853,0.9985228951255539,9.543216883400873e-09,1.0132815475571988e-08,6.54309531000763e-08,0.9999998807907104,0.37533921003341675,0.2922535240650177,59,0.7122789621353149,0.8230634927749634,1.0,0.8230634927749634,0.7077465057373047,0.8230633735656738,4.656612873077393e-10,0.9999998807907104
GCN,527,2004,3,1,4,-5.039709091186523,0.6991095542907715,5.738818645477295,0.7499998807907104,0.029339483007788658,0.0,0.5481583476066589,0.053714457899332047,0.18226600985221675,0,0.0,0.04815073272854152,69,0.4238292872905731,0.9999999403953552,0.5385014475322172,0.9889217134416544,65.58512878417969,0.9940915805022157,0.5449243783950806,0.9988921713441654,0.5449243783950806,0.9988921713441654,1.1734294425025382e-08,3.200891995902566e-08,6.566327925838777e-08,0.9999998807907104,0.4238292872905731,0.24652552604675293,64,0.7526723742485046,0.811631441116333,1.0,0.811631441116333,0.7534744739532471,0.8116313815116882,0.0,0.9999999403953552
GCN,527,2006,3,1,3,-5.450876235961914,0.3796708583831787,5.830547094345093,0.8017836213111877,0.043684832751750946,0.0,0.48483651876449585,0.08753757178783417,0.2370215990905646,0,0.0,0.03558967201674808,51,0.39923200011253357,0.9999998807907104,0.4793919382745956,0.9759970457902511,58.033447265625,0.9796898079763663,0.4807807505130768,0.9981536189069424,0.4807807505130768,0.9981536189069424,1.1058842730449214e-08,3.176069540700155e-08,6.564400933939396e-08,0.9999998807907104,0.3992319703102112,0.33609360456466675,46,0.7789621353149414,0.8340234756469727,1.0,0.8340234756469727,0.6639063954353333,0.8340234160423279,0.0,0.9999998807907104
GCN,527,2010,0,1,4,-0.0442425012588501,3.9738717079162598,4.01811420917511,0.7499998807907104,0.028498560190200806,-0.0008370412979274988,0.5305753946304321,0.05812555178999901,0.1962864721485411,0,0.0,0.0628053035589672,90,0.4102023243904114,0.9999998807907104,0.5231033796083477,0.9863367799113737,63.53244400024414,0.991506646971935,0.5270105004310608,0.9985228951255539,0.5270105004310608,0.9985228951255539,2.464047854644491e-09,3.003515303134918e-08,6.028034249538905e-08,0.9999998807907104,0.41020235419273376,0.2707512378692627,86,0.8116194605827332,0.8176877498626709,1.0,0.8176877498626709,0.7292487621307373,0.8176878094673157,4.656612873077393e-10,0.9999998807907104
GCN,527,2011,3,1,3,-1.7694131135940552,4.285699367523193,6.0551124811172485,0.8017836213111877,0.028305912390351295,-0.001179225044324994,0.5428518056869507,0.0554768405854702,0.19060250094732853,0,0.0,0.05512909979064899,79,0.4488665461540222,0.9999999403953552,0.5333936581420211,0.9881831610044313,65.02091979980469,0.9937223042836041,0.5397863984107971,0.9988921713441654,0.5397863984107971,0.9988921713441654,4.293184918680026e-09,4.248760454572675e-09,6.036334809778054e-08,0.9999998807907104,0.4488665759563446,0.25355327129364014,76,0.8530471324920654,0.8133884072303772,1.0,0.8133884072303772,0.7464467287063599,0.8133883476257324,0.0,0.9999999403953552
GCN,527,2014,3,1,2,0.439275860786438,5.612641334533691,5.173365473747253,0.8660253286361694,0.04926475137472153,0.0,0.5364130735397339,0.10348410904407501,0.3421750663129973,1,0.0,0.03558967201674808,51,0.4774264693260193,0.9999999403953552,0.5278340638692361,0.9870753323485968,64.29954528808594,0.992245199409158,0.5319074392318726,0.9988921713441654,0.5319074392318726,0.9988921713441654,7.138452495780712e-09,6.003871533266647e-08,1.201605925871263e-07,0.9999998807907104,0.4774264395236969,0.2649537920951843,46,0.9758145809173584,0.8162384033203125,1.0,0.8162384033203125,0.7350462079048157,0.8162384629249573,0.0,0.9999999403953552
GCN,527,2015,6,1,3,0.39534783363342285,4.9275431632995605,4.532195329666138,0.8017836213111877,0.027811935171484947,0.0,0.5487138628959656,0.05544862151145935,0.1896551724137931,0,0.0,0.05373342637822749,77,0.453801691532135,0.9999999403953552,0.5395469147556596,0.9889217134416544,65.71417999267578,0.9940915805022157,0.5455013513565063,0.9988921713441654,0.5455013513565063,0.9988921713441654,3.2844804653819892e-09,2.995563264107659e-08,5.997589624939792e-08,0.9999998807907104,0.4538016617298126,0.2453465759754181,72,0.8771272897720337,0.811336874961853,1.0000001192092896,0.8113367557525635,0.7546535730361938,0.8113367557525635,0.0,0.9999999403953552
GCN,527,2019,0,1,2,0.4547104835510254,4.285028457641602,3.830317974090576,0.8660253286361694,0.0535748191177845,-0.00030530584626831114,0.5063198804855347,0.11651144176721573,0.3901098901098901,1,0.0,0.03628750872295883,52,0.4497857093811035,1.0,0.5009732311353662,0.9844903988183161,60.695865631103516,0.9859675036927622,0.5019134283065796,0.9985228951255539,0.5019134283065796,0.9985228951255539,7.997995155051285e-09,7.974237270502726e-09,1.772175828307354e-08,0.9999998807907104,0.4497857689857483,0.3075094223022461,48,0.9535938501358032,0.8268774151802063,1.0,0.8268774151802063,0.6924905776977539,0.8268773555755615,0.0,1.0
GCN,527,2038,3,1,2,-2.030478000640869,4.397152423858643,6.427630424499512,0.8660253286361694,0.05329085513949394,-0.0012831651838496327,0.46782386302948,0.11884979158639908,0.39636225843122397,1,0.0,0.03838101884159107,55,0.41503214836120605,0.9999999403953552,0.4614355984405394,0.96602658788774,56.1819953918457,0.9693500738552437,0.4633805751800537,0.9981536189069424,0.4633805751800537,0.9981536189069424,0.0,2.986138269989169e-08,5.972276539978338e-08,0.9999998807907104,0.41503211855888367,0.3610161542892456,51,0.9035636782646179,0.8402540683746338,1.0,0.8402540683746338,0.6389838457107544,0.8402540683746338,0.0,0.9999999403953552
GCN,527,2043,4,1,2,-2.0869083404541016,4.328068256378174,6.414976596832275,0.8660253286361694,0.05481059476733208,0.0,0.4740726351737976,0.12290141731500626,0.40299355816597193,1,0.0,0.03977669225401256,57,0.42053577303886414,0.9999999403953552,0.46842963079112016,0.9675036927621861,56.63463592529297,0.9715657311669128,0.46933674812316895,0.9981536189069424,0.46933674812316895,0.9981536189069424,4.928095709288982e-09,5.273498526747744e-09,1.2570921192889273e-08,0.9999998807907104,0.42053577303886414,0.35254278779029846,52,0.9205934405326843,0.8381357192993164,1.0,0.8381357192993164,0.6474572420120239,0.8381357192993164,0.0,0.9999999403953552
GCN,527,2045,1,1,32,-1.0137600898742676,1.050864338874817,2.0646244287490845,0.35355332493782043,0.008514119312167168,-0.057505037635564804,0.5322085618972778,0.020178228616714478,0.10837438423645321,0,0.0,0.22609909281228194,324,0.19377289712429047,0.9999999403953552,0.523911219071858,0.9863367799113737,63.65671920776367,0.9918759231905465,0.5288904309272766,0.9985228951255539,0.5288904309272766,0.9985228951255539,1.0559838337087513e-08,1.7543985819656882e-08,9.051147742411558e-08,0.9999998807907104,0.19377291202545166,0.2692364752292633,323,0.44594377279281616,0.8173090219497681,1.0,0.8173090219497681,0.7307635545730591,0.8173091411590576,3.046880525658935e-09,0.9999999403953552
GCN,527,2051,0,1,3,1.173634648323059,5.583500385284424,4.409865736961365,0.8017836213111877,0.03236551210284233,-0.034372225403785706,0.5148354172706604,0.0625319853425026,0.2032967032967033,0,0.0,0.051639916259595256,74,0.42417487502098083,1.0,0.5092227720023944,0.9844903988183161,61.70183563232422,0.9885524372230429,0.5115573406219482,0.9985228951255539,0.5115573406219482,0.9985228951255539,6.2475016271434924e-09,3.015673755157877e-08,6.060952273401199e-08,0.9999998807907104,0.42417487502098083,0.2946145534515381,72,0.7975269556045532,0.8236535787582397,1.0,0.8236535787582397,0.7053854465484619,0.8236536383628845,5.719772655510269e-09,1.0
GCN,527,2054,0,1,9,3.5668461322784424,6.880601406097412,3.3137552738189697,0.588348388671875,0.016404272988438606,-0.022632896900177002,0.5639218091964722,0.030137887224555016,0.10837438423645321,0,0.0,0.08234473133286811,118,0.3421116769313812,0.9999998807907104,0.5492781833489937,0.990029542097489,67.47444915771484,0.9966765140324964,0.5606712698936462,0.9988921713441654,0.5606712698936462,0.9988921713441654,1.0982599718545316e-08,3.1414884915648145e-08,6.63071517692515e-08,0.9999998807907104,0.3421117067337036,0.2246958613395691,116,0.6095499396324158,0.8061739206314087,1.0,0.8061739206314087,0.7753041386604309,0.8061739802360535,1.4828680505729608e-09,0.9999998807907104
GCN,527,2055,0,1,4,1.2747502326965332,6.847726821899414,5.572976589202881,0.7499998807907104,0.027869440615177155,-0.03023044764995575,0.5333433747291565,0.05527951940894127,0.1896551724137931,0,0.0,0.05931612002791347,85,0.41155412793159485,0.9999999403953552,0.5245150108425853,0.9863367799113737,63.80146789550781,0.9918759231905465,0.5299498438835144,0.9988921713441654,0.5299498438835144,0.9988921713441654,6.177695244247161e-09,5.993840090923186e-08,1.201863852884344e-07,0.9999999403953552,0.4115541875362396,0.26834797859191895,82,0.7934216856956482,0.8170870542526245,1.0,0.8170870542526245,0.731652021408081,0.8170869946479797,1.9441706911038636e-08,0.9999999403953552
GCN,527,2058,5,1,3,-3.6250674724578857,2.4378433227539062,6.062910795211792,0.8017836213111877,0.05248594656586647,0.0,0.43652957677841187,0.0962856188416481,0.29120879120879123,0,0.0,0.039078855547801813,56,0.3576551675796509,0.9999999403953552,0.4374251642255098,0.9597488921713442,52.26910400390625,0.9523633677991138,0.4317081868648529,0.9959379615952733,0.4317081868648529,0.9959379615952733,1.0116752768851711e-08,1.0783351989118728e-08,3.0150300034392785e-08,0.9999998807907104,0.3576551675796509,0.40523409843444824,51,0.6420801877975464,0.8513085842132568,1.0,0.8513085842132568,0.5947659015655518,0.8513085246086121,0.0,0.9999999403953552
GCN,527,2059,0,1,6,1.9432998895645142,5.734950542449951,3.791650652885437,0.6708203554153442,0.024539891630411148,-0.0481613390147686,0.5074552297592163,0.04659076780080795,0.12788935202728305,0,0.0,0.07466852756454989,107,0.34969812631607056,0.9999999403953552,0.5012647012091048,0.9844903988183161,60.77467346191406,0.9867060561299852,0.5040447115898132,0.9985228951255539,0.5040447115898132,0.9985228951255539,7.406796065367871e-09,6.032156107949049e-08,1.807695610978044e-07,0.9999999403953552,0.3496982157230377,0.3049342930316925,105,0.6266746520996094,0.8262335658073425,1.0,0.8262335658073425,0.6950657367706299,0.8262336254119873,2.2819778067173502e-08,0.9999999403953552
GCN,527,2071,2,1,8,1.0397807359695435,3.8659331798553467,2.8261524438858032,0.6123723983764648,0.02076597884297371,-0.04044843465089798,0.5029948949813843,0.04301447421312332,0.1110269041303524,0,0.0,0.09909281228192603,142,0.3167637586593628,0.9999999403953552,0.4963799949909577,0.9763663220088626,60.148094177246094,0.9848596750369276,0.4995670020580292,0.9985228951255539,0.4995670020580292,0.9985228951255539,9.463355432615117e-09,9.59491064378426e-09,6.685069564582591e-08,0.9999998807907104,0.3167637884616852,0.3103024959564209,139,0.6380304098129272,0.8275756239891052,1.0,0.8275756239891052,0.6896975040435791,0.8275756239891052,1.5373876394164654e-08,0.9999999403953552
GCN,527,2072,0,1,3,2.458096742630005,7.197151184082031,4.739054441452026,0.8017836213111877,0.03359357640147209,-0.0006474449764937162,0.5306233167648315,0.06970211863517761,0.21030693444486548,0,0.0,0.045359385903698535,65,0.43832436203956604,1.0,0.5210280976123175,0.9863367799113737,63.56485366821289,0.991506646971935,0.5272020697593689,0.9985228951255539,0.5272020697593689,0.9985228951255539,3.357931266378955e-09,2.995201242583789e-08,5.998428775910725e-08,0.9999998807907104,0.4383244216442108,0.27108442783355713,62,0.88274085521698,0.8177711367607117,1.0,0.8177711367607117,0.7289155721664429,0.8177710771560669,1.1641532182693481e-10,1.0
GCN,527,2075,3,1,8,-3.261922836303711,1.196364164352417,4.458287000656128,0.6123723983764648,0.019943196326494217,-0.00026256052660755813,0.5144373178482056,0.04332247003912926,0.1110269041303524,0,0.0,0.08583391486392185,123,0.3249386250972748,0.9999998807907104,0.5087526568312946,0.9844903988183161,61.56005859375,0.9881831610044313,0.5112197399139404,0.9985228951255539,0.5112197399139404,0.9985228951255539,6.922552753252376e-09,7.3230697061887895e-09,2.253725028822373e-08,0.9999998807907104,0.3249386250972748,0.2925032377243042,119,0.6843313574790955,0.8231258392333984,1.0,0.8231258392333984,0.7074967622756958,0.8231258392333984,1.1641532182693481e-10,0.9999998807907104
GCN,527,2082,1,1,2,-1.8759565353393555,3.9686825275421143,5.84463906288147,0.8660253286361694,0.09021378308534622,0.0,0.49444568157196045,0.19461196660995483,0.6530882910193255,1,0.0,0.021632937892533146,31,0.4326362609863281,0.9999999403953552,0.4860426589665732,0.9763663220088626,59.22434997558594,0.982274741506647,0.48654115200042725,0.9981536189069424,0.48654115200042725,0.9981536189069424,8.065490497699557e-09,3.0888475777146596e-08,6.24909120006123e-08,0.9999998807907104,0.43263623118400574,0.33391284942626953,26,0.9237316250801086,0.8334782123565674,1.0,0.8334782123565674,0.6660871505737305,0.8334782123565674,0.0,0.9999999403953552
GCN,527,2087,1,1,2,-2.091461420059204,2.950493335723877,5.041954755783081,0.8660253286361694,0.04726164788007736,0.0,0.5021868348121643,0.09677077829837799,0.29120879120879123,0,0.0,0.03838101884159107,55,0.4468366801738739,0.9999998807907104,0.49580401873550595,0.9763663220088626,60.18482971191406,0.9848596750369276,0.498495876789093,0.9985228951255539,0.498495876789093,0.9985228951255539,8.711725230092782e-10,3.0098256331712037e-08,6.035154598293957e-08,0.9999998807907104,0.4468366503715515,0.31204989552497864,50,0.8904945254325867,0.8280125260353088,1.0,0.8280125260353088,0.6879501342773438,0.8280124664306641,0.0,0.9999998807907104
GCN,527,2096,1,1,6,-1.2035117149353027,3.077619791030884,4.2811315059661865,0.6708203554153442,0.02250227890908718,-0.0009411330102011561,0.49685052037239075,0.045510873198509216,0.12182644941265632,0,0.0,0.0851360781577111,122,0.343672513961792,0.9999998807907104,0.49258638294869767,0.9763663220088626,59.43539810180664,0.982274741506647,0.49341246485710144,0.9981536189069424,0.49341246485710144,0.9981536189069424,7.015894532003131e-09,3.021151329107852e-08,1.200574928361675e-07,0.9999999403953552,0.3436725437641144,0.3169110119342804,119,0.6539240479469299,0.8292278051376343,1.0,0.8292278051376343,0.683089017868042,0.8292278051376343,2.3283064365386963e-10,0.9999998807907104
GCN,527,2105,5,1,2,0.26834988594055176,5.93613862991333,5.667788743972778,0.8660253286361694,0.04772282764315605,-0.002691103843972087,0.4628278315067291,0.10423322021961212,0.3421750663129973,1,0.0,0.041172365666434056,59,0.41118961572647095,0.9999999403953552,0.4591878723946771,0.96602658788774,55.45335388183594,0.96602658788774,0.45879027247428894,0.9974150664697193,0.45879027247428894,0.9974150664697193,5.430496941016827e-09,6.124817986119524e-09,6.145610598196072e-08,0.9999998807907104,0.41118961572647095,0.36693209409713745,56,0.8515893816947937,0.8417330980300903,1.0,0.8417330980300903,0.6330679059028625,0.8417330384254456,1.0412503081980162e-09,0.9999999403953552
GCN,527,2107,1,1,4,-0.9995515942573547,4.083729267120361,5.083280861377716,0.7499998807907104,0.02664438635110855,-0.0004663903673645109,0.5281243920326233,0.05241207778453827,0.1733611216369837,0,0.0,0.0642009769713887,92,0.4084429442882538,0.9999999403953552,0.5202209655619212,0.9863367799113737,63.192012786865234,0.9911373707533235,0.5245742797851562,0.9985228951255539,0.5245742797851562,0.9985228951255539,5.963374238859842e-09,6.031167565367923e-09,1.4762727928996355e-08,0.9999998807907104,0.40844297409057617,0.2738789916038513,88,0.77915358543396,0.818469762802124,1.0,0.818469762802124,0.7261210083961487,0.818469762802124,2.3283064365386963e-10,0.9999999403953552
GCN,527,2113,2,1,6,-2.470953941345215,3.3420803546905518,5.813034296035767,0.6708203554153442,0.02168796956539154,-0.03461632505059242,0.5545416474342346,0.040802087634801865,0.10837438423645321,0,0.0,0.06978367062107467,100,0.3830501139163971,0.9999998807907104,0.5443049941833739,0.9889217134416544,66.33680725097656,0.9944608567208272,0.5511055588722229,0.9988921713441654,0.5511055588722229,0.9988921713441654,7.0621029024664495e-09,3.0441213993981364e-08,6.17535889091414e-08,0.9999998807907104,0.3830501437187195,0.23864343762397766,96,0.6998482346534729,0.8096609115600586,1.0,0.8096609115600586,0.7613565921783447,0.8096609115600586,2.852175384759903e-08,0.9999998807907104
GCN,527,2120,4,1,5,-1.9545648097991943,3.3859317302703857,5.34049654006958,0.7071066498756409,0.03176762908697128,0.0,0.5005917549133301,0.0756344199180603,0.21580143993937098,0,0.0,0.06699232379623168,96,0.36437204480171204,0.9999999403953552,0.49564120159149905,0.9763663220088626,60.064720153808594,0.9848596750369276,0.4970925450325012,0.9985228951255539,0.4970925450325012,0.9985228951255539,5.122274160385132e-09,3.031004425224637e-08,1.2017082440252125e-07,0.9999999403953552,0.3643721044063568,0.3129332661628723,91,0.8427587747573853,0.8282333016395569,1.0,0.8282333016395569,0.6870667338371277,0.8282333016395569,0.0,0.9999999403953552
GCN,527,2122,4,1,10,-3.7097697257995605,0.5184891819953918,4.228258907794952,0.5669466257095337,0.01523348968476057,-0.053799111396074295,0.5147110819816589,0.2297104299068451,0.7559681697612732,1,0.0,0.12630844382414516,181,0.3003476858139038,0.9999999403953552,0.508256923164917,0.9844903988183161,61.59849166870117,0.9885524372230429,0.5116608738899231,0.9985228951255539,0.5116608738899231,0.9985228951255539,4.883896842500235e-09,3.0482148360988504e-08,1.2111000557979423e-07,0.9999998807907104,0.3003476560115814,0.2936485707759857,178,0.5070580244064331,0.8234121799468994,1.0,0.8234121799468994,0.7063513994216919,0.8234121799468994,1.9208528101444244e-08,0.9999999403953552
GCN,527,2130,4,0,12,-4.109145641326904,-0.6544630527496338,3.4546825885772705,0.5303300619125366,0.021718841046094894,0.0,0.4726506173610687,0.03807127848267555,0.10837438423645321,0,0.0,0.0928122819260293,133,0.25809675455093384,0.9999999403953552,0.46902206790508383,0.9675036927621861,56.51955795288086,0.9711964549483013,0.4691363275051117,0.9981536189069424,0.4691363275051117,0.9981536189069424,1.5264175701190652e-08,1.9490443037284422e-08,7.695695103393518e-08,0.9999998807907104,0.2580967843532562,0.3511039912700653,128,0.4393870532512665,0.8377760052680969,1.0,0.8377760052680969,0.6488959789276123,0.8377759456634521,0.0,0.9999999403953552
GCN,527,2131,0,1,3,1.761096715927124,6.489414215087891,4.728317499160767,0.8017836213111877,0.034073006361722946,-0.0031951237469911575,0.5277372598648071,0.07312712073326111,0.21295945433876468,0,0.0,0.046057222609909285,66,0.43579551577568054,0.9999998807907104,0.5166302332286553,0.9859675036927622,63.161407470703125,0.9911373707533235,0.5238738059997559,0.9985228951255539,0.5238738059997559,0.9985228951255539,3.725290298461914e-09,3.010816129744853e-08,6.040370692517172e-08,0.9999998807907104,0.43579548597335815,0.27528995275497437,63,0.8642656803131104,0.8188226222991943,1.0,0.8188226222991943,0.7247100472450256,0.8188225030899048,1.1641532182693481e-10,0.9999998807907104
GCN,527,2139,3,0,4,-5.6984734535217285,-1.2275183200836182,4.47095513343811,0.7499998807907104,0.037715375423431396,0.0,0.5090214014053345,0.08135790377855301,0.22167487684729065,0,0.0,0.0418702023726448,60,0.3926449418067932,0.9999999403953552,0.5051047982639175,0.9844903988183161,61.0535888671875,0.9874446085672083,0.5056169033050537,0.9985228951255539,0.5056169033050537,0.9985228951255539,7.65159580140562e-09,3.148038985045787e-08,6.495854165677883e-08,0.9999998807907104,0.3926449716091156,0.30196434259414673,55,0.8235284090042114,0.8254910707473755,1.0,0.8254910707473755,0.6980356574058533,0.8254910707473755,0.0,0.9999999403953552
GCN,527,2141,3,0,4,-6.476933479309082,-1.6330091953277588,4.843924283981323,0.7499998807907104,0.04076367989182472,0.0,0.4825197756290436,0.0913306176662445,0.26032588101553616,0,0.0,0.046057222609909285,66,0.37165161967277527,0.9999999403953552,0.4794143023040005,0.9759970457902511,57.75478744506836,0.9785819793205317,0.47862398624420166,0.9981536189069424,0.47862398624420166,0.9981536189069424,1.0960365059986543e-08,9.628046804266432e-09,6.499671911797122e-08,0.9999998807907104,0.37165161967277527,0.33928585052490234,61,0.8108103275299072,0.8348214626312256,1.0,0.8348214626312256,0.6607141494750977,0.8348214626312256,0.0,0.9999999403953552
GCN,527,2153,4,1,3,0.4981030225753784,5.39361572265625,4.895512700080872,0.8017836213111877,0.034706272184848785,0.0,0.5581335425376892,0.06674127280712128,0.20765441455096628,0,0.0,0.03698534542916958,53,0.461124062538147,0.9999999403953552,0.5465140922924719,0.9889217134416544,66.78204345703125,0.9951994091580503,0.5546043515205383,0.9988921713441654,0.5546043515205383,0.9988921713441654,3.951266869250958e-09,3.992214114845183e-09,8.703141318733287e-09,0.9999998807907104,0.46112409234046936,0.2331695407629013,48,0.8605613708496094,0.8082923889160156,1.0,0.8082923889160156,0.7668304443359375,0.8082923889160156,0.0,0.9999999403953552
GCN,527,2156,0,1,4,0.7708624601364136,4.602762699127197,3.8319002389907837,0.7499998807907104,0.028042687103152275,0.0,0.5262726545333862,0.05773330479860306,0.19552860932171276,0,0.0,0.05931612002791347,85,0.4069167375564575,0.9999998807907104,0.5190060764813311,0.9863367799113737,62.955238342285156,0.9903988183161004,0.5229827761650085,0.9985228951255539,0.5229827761650085,0.9985228951255539,5.026122629203655e-09,3.0404688544649616e-08,1.201298260866679e-07,0.9999999403953552,0.4069167673587799,0.2765922546386719,80,0.8126036524772644,0.8191479444503784,1.0,0.8191479444503784,0.7234077453613281,0.819148063659668,0.0,0.9999998807907104
GCN,527,2157,6,1,5,-1.9145243167877197,1.150989055633545,3.0655133724212646,0.7071066498756409,0.02939080074429512,-0.0003781765408348292,0.4751683473587036,0.05918480455875397,0.1991284577491474,0,0.0,0.06838799720865317,98,0.34592553973197937,0.9999998807907104,0.47075541985339914,0.9693500738552437,57.143306732177734,0.975258493353028,0.4721289873123169,0.9981536189069424,0.4721289873123169,0.9981536189069424,7.450580596923828e-09,7.508562660518692e-09,2.170571811177524e-08,0.9999998807907104,0.34592553973197937,0.34771642088890076,94,0.6765987873077393,0.8369290828704834,1.0,0.8369290828704834,0.6522835493087769,0.8369290828704834,2.3283064365386963e-10,0.9999998807907104
GCN,527,2158,6,1,1,-1.6925908327102661,2.389397144317627,4.081987977027893,0.9486831426620483,0.07506507635116577,0.0,0.4224993884563446,0.17778348922729492,0.6000378931413414,1,0.0,0.02930914166085136,42,0.4069366157054901,1.0,0.4209579815090783,0.9494091580502215,52.2898063659668,0.9523633677991138,0.41857314109802246,0.9937223042836041,0.41857314109802246,0.9937223042836041,9.812092471861433e-09,9.770568354383613e-09,6.425795362474673e-08,0.9999998807907104,0.4069366753101349,0.42806798219680786,37,0.9492940902709961,0.857016921043396,1.0,0.857016921043396,0.5719320178031921,0.8570169806480408,0.0,1.0
GCN,527,2160,6,1,8,-1.8667566776275635,0.8505836129188538,2.7173402905464172,0.6123723983764648,0.02421742118895054,-0.09237614274024963,0.488557368516922,0.043853357434272766,0.11405835543766578,0,0.0,0.08304256803907886,119,0.30589908361434937,0.9999998211860657,0.4780431477912127,0.9756277695716395,58.54765319824219,0.9811669128508124,0.4850837290287018,0.9981536189069424,0.4850837290287018,0.9981536189069424,1.055727150145458e-08,1.1361682261679107e-08,3.714677987431969e-08,0.9999998807907104,0.305899053812027,0.33395856618881226,115,0.5417589545249939,0.8334896564483643,1.0,0.8334896564483643,0.6660414338111877,0.8334896564483643,1.30385160446167e-08,0.9999998211860657
GCN,527,2164,6,1,3,-2.249523401260376,1.2528777122497559,3.502401113510132,0.8017836213111877,0.03696797415614128,0.0,0.48880288004875183,0.07388190925121307,0.21314892004547176,0,0.0,0.04884856943475227,70,0.4032577872276306,0.9999999403953552,0.48371924341983596,0.9763663220088626,58.678016662597656,0.9819054652880355,0.48548179864883423,0.9981536189069424,0.48548179864883423,0.9981536189069424,5.665014235489707e-09,3.0355614910604345e-08,6.127669394118129e-08,0.9999998807907104,0.4032578468322754,0.3293987512588501,65,0.7832553386688232,0.8323496580123901,1.0,0.8323496580123901,0.6706012487411499,0.8323496580123901,0.0,0.9999999403953552
GCN,527,2165,6,1,3,-1.0327398777008057,3.317103385925293,4.349843263626099,0.8017836213111877,0.030789891257882118,0.0,0.5356823801994324,0.062031373381614685,0.20310723758999621,0,0.0,0.05024424284717376,72,0.4427700936794281,0.9999999403953552,0.526339754936169,0.9863367799113737,64.07782745361328,0.9918759231905465,0.5319573879241943,0.9988921713441654,0.5319573879241943,0.9988921713441654,4.44212577832559e-09,3.930633596382904e-09,8.874006418579938e-09,0.9999998807907104,0.4427701234817505,0.2636914551258087,67,0.8653022050857544,0.8159229755401611,1.0,0.8159229755401611,0.7363085746765137,0.8159228563308716,0.0,0.9999999403953552
GCN,527,2166,5,1,2,-2.651693344116211,1.463188886642456,4.114882230758667,0.8660253286361694,0.08365887403488159,0.0,0.4822846055030823,0.19228298962116241,0.6494884425918909,1,0.0,0.034193998604326585,49,0.42293643951416016,0.9999998807907104,0.4781885079984121,0.9756277695716395,57.85445785522461,0.9793205317577548,0.477896124124527,0.9981536189069424,0.477896124124527,0.9981536189069424,1.9199706269290573e-09,1.9893058311737377e-09,5.978921535643167e-08,0.9999998807907104,0.42293643951416016,0.3488466739654541,44,0.959981381893158,0.8372116684913635,1.0,0.8372116684913635,0.6511533260345459,0.8372116684913635,0.0,0.9999998807907104
GCN,527,2172,0,1,5,3.3521621227264404,7.619494438171387,4.267332315444946,0.7071066498756409,0.03074590489268303,-0.00021626637317240238,0.5400981903076172,0.059249795973300934,0.19950738916256158,0,0.0,0.05373342637822749,77,0.3934328854084015,0.9999999403953552,0.5256901564339913,0.9863367799113737,64.6070556640625,0.9929837518463811,0.5360527634620667,0.9988921713441654,0.5360527634620667,0.9988921713441654,9.359675701148262e-09,9.924704613695212e-09,2.5240801448944694e-08,0.9999998807907104,0.3934328854084015,0.25813573598861694,73,0.7359651327133179,0.8145339488983154,1.0,0.8145339488983154,0.7418642640113831,0.8145339488983154,1.1641532182693481e-10,0.9999999403953552
GCN,527,2177,3,1,4,1.5198876857757568,4.966142654418945,3.4462549686431885,0.7499998807907104,0.060897283256053925,0.0,0.5063996911048889,0.1512964367866516,0.5178097764304661,1,0.0,0.05443126308443824,78,0.38746413588523865,0.9999999403953552,0.495359673645355,0.9763663220088626,59.983421325683594,0.9833825701624815,0.4984988272190094,0.9985228951255539,0.4984988272190094,0.9985228951255539,8.381903171539307e-09,3.0978728915442844e-08,1.2119168957269721e-07,0.9999998807907104,0.38746410608291626,0.3111747205257416,73,0.9435946941375732,0.8277937173843384,1.0,0.8277937173843384,0.688825249671936,0.8277937173843384,0.0,0.9999999403953552
GCN,527,2181,0,1,8,4.3135199546813965,7.5935773849487305,3.280057430267334,0.6123723983764648,0.027886128053069115,-0.00019525527022778988,0.5306974053382874,0.02823788858950138,0.10837438423645321,0,0.0,0.07606420097697139,109,0.33464398980140686,0.9999998807907104,0.518204939258332,0.9859675036927622,63.439308166503906,0.991506646971935,0.5263233184814453,0.9985228951255539,0.5263233184814453,0.9985228951255539,6.871462954194385e-09,1.2778669677970811e-08,3.8174640337729215e-08,0.9999998807907104,0.33464398980140686,0.271371454000473,105,0.32908380031585693,0.8178429007530212,1.0,0.8178429007530212,0.7286285161972046,0.8178428411483765,4.656612873077393e-10,0.9999998807907104
GCN,527,2189,0,1,6,1.4460711479187012,4.957094192504883,3.5110230445861816,0.6708203554153442,0.02135578542947769,-0.0010657005477696657,0.5298475623130798,0.03916089981794357,0.10837438423645321,0,0.0,0.0732728541521284,105,0.36667096614837646,0.9999999403953552,0.5209028165881353,0.9863367799113737,63.419525146484375,0.991506646971935,0.5265280604362488,0.9985228951255539,0.5265280604362488,0.9985228951255539,7.594706197266987e-09,3.083401978187794e-08,6.338475344591643e-08,0.9999998807907104,0.36667099595069885,0.2711988687515259,102,0.6252293586730957,0.8177997469902039,1.0,0.8177997469902039,0.7288011312484741,0.8177996873855591,3.29272248356105e-10,0.9999999403953552
GCN,527,2195,0,1,4,-0.5710899233818054,3.027376890182495,3.5984668135643005,0.7499998807907104,0.03672810643911362,-0.0002848218136932701,0.4734801650047302,0.07063566148281097,0.21049640015157256,0,0.0,0.052337752965806,75,0.3650457262992859,0.9999998807907104,0.4698995481848955,0.9693500738552437,56.66238784790039,0.9715657311669128,0.47001349925994873,0.9981536189069424,0.47001349925994873,0.9981536189069424,6.650973549682249e-09,6.5607030919068166e-09,1.7991808931583364e-08,0.9999998807907104,0.3650457262992859,0.3510296940803528,71,0.6829491853713989,0.837757408618927,1.0,0.837757408618927,0.6489703059196472,0.837757408618927,2.3283064365386963e-10,0.9999998807907104
GCN,527,2198,0,1,5,2.7150864601135254,7.118889808654785,4.40380334854126,0.7071066498756409,0.023195473477244377,-0.029339127242565155,0.5428839325904846,0.04673055559396744,0.13111026904130352,0,0.0,0.06908583391486392,99,0.3953291177749634,0.9999999403953552,0.5332621726852288,0.9881831610044313,64.96894836425781,0.9937223042836041,0.5397530794143677,0.9988921713441654,0.5397530794143677,0.9988921713441654,4.856067992164981e-09,5.992166762780471e-08,1.79487003038048e-07,0.9999999403953552,0.39532920718193054,0.2545599937438965,97,0.773374080657959,0.8136399984359741,1.0,0.8136399984359741,0.7454400062561035,0.8136399984359741,1.5156362831447723e-09,0.9999999403953552
GCN,527,2212,3,1,4,-2.477522850036621,2.826237678527832,5.303760528564453,0.7499998807907104,0.032489582896232605,-0.0004605653812177479,0.4965987801551819,0.0679832398891449,0.2084122773777946,0,0.0,0.056524773203070484,81,0.3834627568721771,0.9999999403953552,0.4911341066737089,0.9763663220088626,59.38386917114258,0.982274741506647,0.49299243092536926,0.9981536189069424,0.49299243092536926,0.9981536189069424,7.031331072937519e-09,3.0583347410129136e-08,6.222975912351103e-08,0.9999998807907104,0.38346272706985474,0.31828832626342773,77,0.7793357372283936,0.8295720815658569,1.0,0.8295720815658569,0.6817116737365723,0.8295720815658569,0.0,0.9999999403953552
GCN,527,2215,3,1,4,-2.6986072063446045,3.2440454959869385,5.942652702331543,0.7499998807907104,0.031249022111296654,-0.00036816761712543666,0.5109925270080566,0.06576761603355408,0.20670708601743085,0,0.0,0.055826936496859735,80,0.3947722613811493,0.9999999403953552,0.5046446956280537,0.9844903988183161,61.0969352722168,0.9874446085672083,0.5079350471496582,0.9985228951255539,0.5079350471496582,0.9985228951255539,4.267856290596228e-09,4.833689892791426e-09,1.2263604354245672e-08,0.9999998807907104,0.3947722613811493,0.29818251729011536,76,0.8065873384475708,0.8245456218719482,1.0,0.8245456218719482,0.701817512512207,0.8245456218719482,2.3283064365386963e-10,0.9999999403953552
GCN,527,2218,1,1,2,-0.4909750819206238,4.349885940551758,4.840861022472382,0.8660253286361694,0.10057755559682846,0.0,0.420364111661911,0.2549343705177307,0.8033345964380447,1,0.0,0.027913468248429867,40,0.3616158068180084,0.9999998807907104,0.4158574193019484,0.948301329394387,49.825313568115234,0.9342688330871491,0.41007673740386963,0.9926144756277696,0.41007673740386963,0.9926144756277696,9.856191418577964e-09,8.951119845335143e-09,2.47817020238017e-08,0.9999998807907104,0.3616158068180084,0.4432559609413147,35,0.922748863697052,0.8608140349388123,1.0,0.8608140349388123,0.5567440390586853,0.8608139753341675,0.0,0.9999998807907104
GCN,527,2224,4,1,8,-2.8021371364593506,1.847603440284729,4.64974057674408,0.6123723983764648,0.01864817552268505,-0.12117806077003479,0.5179311037063599,0.26211297512054443,0.8173550587343691,1,0.0,0.08932309839497557,128,0.3249140679836273,0.9999998807907104,0.5097175663184812,0.9844903988183161,62.00223922729492,0.9892909896602659,0.5147161483764648,0.9985228951255539,0.5147161483764648,0.9985228951255539,7.421419478959024e-09,3.071688325917421e-08,6.387410422803441e-08,0.9999998807907104,0.3249140977859497,0.29255664348602295,125,0.4852263331413269,0.8231391906738281,1.0,0.8231391906738281,0.707443356513977,0.8231391906738281,2.3283064365386963e-09,0.9999998807907104
GCN,527,2228,6,1,6,-1.2010385990142822,2.184178590774536,3.3852171897888184,0.6708203554153442,0.02134540118277073,0.0,0.5366806387901306,0.03723756968975067,0.10837438423645321,0,0.0,0.0718771807397069,103,0.37144115567207336,0.9999999403953552,0.5292102419065401,0.9870753323485968,64.26315307617188,0.992245199409158,0.5336653590202332,0.9988921713441654,0.5336653590202332,0.9988921713441654,3.8399412538581146e-09,3.0705411546705363e-08,6.283539022433615e-08,0.9999998807907104,0.37144118547439575,0.2617175281047821,98,0.6280572414398193,0.8154293894767761,1.0,0.8154293894767761,0.7382824420928955,0.8154293298721313,0.0,0.9999999403953552
GCN,527,2229,3,1,3,-2.622981548309326,2.426868200302124,5.04984974861145,0.8017836213111877,0.04354128986597061,0.0,0.45932209491729736,0.09085710346698761,0.24838954149298978,0,0.0,0.04815073272854152,69,0.3779639005661011,0.9999999403953552,0.4570304674973269,0.9656573116691285,55.123008728027344,0.9645494830132939,0.4558402895927429,0.9974150664697193,0.4558402895927429,0.9974150664697193,5.26835597369768e-09,5.122274160385132e-09,1.3536274323655562e-08,0.9999998807907104,0.3779639005661011,0.37146151065826416,64,0.7684792280197144,0.8428653478622437,1.0,0.8428653478622437,0.6285384893417358,0.8428653478622437,0.0,0.9999999403953552
GCN,527,2231,0,1,2,-1.924229621887207,4.599538326263428,6.523767948150635,0.8660253286361694,0.04434539005160332,-0.00033846046426333487,0.4752947688102722,0.09095539897680283,0.25142099280030317,0,0.0,0.04256803907885555,61,0.42293643951416016,0.9999998807907104,0.4731254928112613,0.9719350073855244,57.19341278076172,0.9759970457902511,0.4720863401889801,0.9981536189069424,0.4720863401889801,0.9981536189069424,4.3930397097824425e-09,4.429905331448936e-09,6.051651979532835e-08,0.9999998807907104,0.42293643951416016,0.3488466739654541,57,0.8442549705505371,0.8372116684913635,1.0,0.8372116684913635,0.6511533260345459,0.8372116684913635,0.0,0.9999998807907104
GCN,527,2232,0,1,3,2.426504135131836,7.1802568435668945,4.753752708435059,0.8017836213111877,0.03898736834526062,-0.00027782420511357486,0.506027340888977,0.08238044381141663,0.22300113679424025,0,0.0,0.04256803907885555,61,0.41738566756248474,0.9999999403953552,0.4957786069715989,0.9763663220088626,60.55239486694336,0.9859675036927622,0.5024224519729614,0.9985228951255539,0.5024224519729614,0.9985228951255539,6.969380184074225e-09,3.0553199081850835e-08,6.176107092414895e-08,0.9999998807907104,0.41738566756248474,0.30590471625328064,57,0.8572970032691956,0.8264762163162231,1.0,0.8264762163162231,0.694095253944397,0.8264762163162231,1.1641532182693481e-10,0.9999999403953552
GCN,527,2235,5,1,3,-4.244853973388672,1.0687482357025146,5.3136022090911865,0.8017836213111877,0.043063580989837646,-0.15628038346767426,0.46994227170944214,0.3257327973842621,0.9058355437665783,1,0.0,0.04675505931612003,67,0.37998926639556885,0.9999998807907104,0.4547614112898642,0.9627031019202363,56.24045181274414,0.9693500738552437,0.46576443314552307,0.9981536189069424,0.46576443314552307,0.9981536189069424,6.367822269481849e-09,6.703743782310312e-09,1.7650638284294473e-08,0.9999998807907104,0.37998926639556885,0.36809343099594116,64,0.7160329818725586,0.8420234322547913,1.0,0.8420234322547913,0.6319065690040588,0.8420233726501465,6.535867402845952e-09,0.9999998807907104
GCN,527,2249,4,1,6,-4.305616855621338,1.4159810543060303,5.721597909927368,0.6708203554153442,0.019440259784460068,0.0,0.5636090636253357,0.03830103576183319,0.10837438423645321,0,0.0,0.0718771807397069,103,0.39024901390075684,0.9999999403953552,0.5534812545065955,0.990029542097489,67.47029113769531,0.9966765140324964,0.5605812072753906,0.9988921713441654,0.5605812072753906,0.9988921713441654,2.5076627441222854e-09,3.0191770861165423e-08,1.198581003336585e-07,0.9999999403953552,0.3902490735054016,0.2243346869945526,98,0.7448909282684326,0.8060836791992188,1.0,0.8060836791992188,0.775665283203125,0.8060836791992188,0.0,0.9999999403953552
GCN,527,2264,4,1,1,-0.11463022232055664,5.146971225738525,5.261601448059082,0.9486831426620483,0.07057054340839386,0.0,0.40369701385498047,0.16705915331840515,0.5702917771883289,1,0.0,0.03210048848569435,46,0.3890523910522461,0.9999999403953552,0.4057679434068182,0.931314623338257,48.97819519042969,0.9261447562776958,0.3991028666496277,0.9881831610044313,0.3991028666496277,0.9881831610044313,0.0,5.206251540990081e-10,1.0412503081980162e-09,0.9999998807907104,0.3890524208545685,0.4532034993171692,41,0.9066163301467896,0.8633008003234863,0.9999999403953552,0.8633008599281311,0.546796441078186,0.8633008003234863,0.0,0.9999999403953552
GCN,527,2274,0,1,3,-0.5355054140090942,3.905120849609375,4.440626263618469,0.8017836213111877,0.03593374043703079,0.0,0.5343886613845825,0.07567957043647766,0.21580143993937098,0,0.0,0.041172365666434056,59,0.4412800073623657,0.9999998807907104,0.524537936734193,0.9863367799113737,63.877628326416016,0.9918759231905465,0.5306493639945984,0.9988921713441654,0.5306493639945984,0.9988921713441654,4.368290174028289e-09,4.472530790167184e-09,1.0083606838406922e-08,0.9999998807907104,0.4412800073623657,0.2661694288253784,54,0.902382493019104,0.816542387008667,1.0,0.816542387008667,0.7338305711746216,0.816542387008667,0.0,0.9999998807907104
GCN,527,2279,2,1,3,-4.783974647521973,2.63124942779541,7.415224075317383,0.8017836213111877,0.0312647819519043,-0.0008594319224357605,0.5093981027603149,0.061291150748729706,0.2019704433497537,0,0.0,0.05722260990928123,82,0.420864462852478,0.9999998807907104,0.5042900575491691,0.9844903988183161,60.94761276245117,0.9870753323485968,0.5060889720916748,0.9985228951255539,0.5060889720916748,0.9985228951255539,4.9500474830210806e-09,4.9115675970767825e-09,1.1666366539486717e-08,0.9999998807907104,0.420864462852478,0.30011966824531555,78,0.7846745848655701,0.8250299096107483,1.0,0.8250299096107483,0.6998803615570068,0.8250299692153931,4.656612873077393e-10,0.9999998807907104
GCN,527,2288,5,1,3,-1.6487703323364258,3.220320701599121,4.869091033935547,0.8017836213111877,0.040046680718660355,0.0,0.48178187012672424,0.07847211509943008,0.21750663129973474,0,0.0,0.04396371249127704,63,0.3970943093299866,0.9999999403953552,0.47698624329552985,0.9745199409158051,57.64143753051758,0.9782127031019202,0.4776281714439392,0.9981536189069424,0.4776281714439392,0.9981536189069424,7.092741505232425e-09,6.058072710146689e-09,1.523518555757164e-08,0.9999998807907104,0.39709433913230896,0.3396483361721039,58,0.7569312453269958,0.8349120616912842,1.0,0.8349120616912842,0.6603516340255737,0.8349120616912842,0.0,0.9999999403953552
GCN,527,2293,0,1,3,-0.36008620262145996,3.9043312072753906,4.264417409896851,0.8017836213111877,0.03955579921603203,0.0,0.5080816745758057,0.07283517718315125,0.21295945433876468,0,0.0,0.03977669225401256,57,0.41905033588409424,0.9999999403953552,0.501603268068716,0.9844903988183161,60.78150177001953,0.9867060561299852,0.5044606328010559,0.9985228951255539,0.5044606328010559,0.9985228951255539,4.5625303535246076e-09,3.0150445695653616e-08,6.05998522473783e-08,0.9999998807907104,0.4190503656864166,0.30313640832901,52,0.7501043677330017,0.8257840871810913,1.0,0.8257840871810913,0.69686359167099,0.8257840871810913,0.0,0.9999999403953552
GCN,527,2297,4,1,3,-3.677516460418701,2.164594888687134,5.842111349105835,0.8017836213111877,0.05695796385407448,0.0,0.437400758266449,0.078117236495018,0.21750663129973474,0,0.0,0.03977669225401256,57,0.35765519738197327,0.9999999403953552,0.4372523833221338,0.9593796159527327,52.49861145019531,0.9534711964549483,0.43232062458992004,0.9959379615952733,0.43232062458992004,0.9959379615952733,6.2475016271434924e-09,3.057891717617167e-08,6.260953000492009e-08,0.9999998807907104,0.35765522718429565,0.40523403882980347,52,0.48098236322402954,0.8513085246086121,1.0,0.8513085246086121,0.5947659611701965,0.8513085246086121,0.0,0.9999999403953552
GCN,527,2299,4,1,2,-2.9326415061950684,3.560391664505005,6.493033170700073,0.8660253286361694,0.04767318069934845,0.0,0.46487048268318176,0.10465028882026672,0.34444865479348236,1,0.0,0.04326587578506629,62,0.41316986083984375,0.9999998807907104,0.4648227366338025,0.9663958641063516,56.06752014160156,0.9686115214180206,0.4612964391708374,0.9977843426883308,0.4612964391708374,0.9977843426883308,7.450580596923828e-09,7.630311493755926e-09,1.846228236956904e-08,0.9999998807907104,0.41316986083984375,0.3638833165168762,57,0.8837489485740662,0.8409708142280579,1.0,0.8409708142280579,0.6361166834831238,0.8409708142280579,0.0,0.9999998807907104
GCN,527,2302,3,1,2,-2.3590619564056396,4.062627792358398,6.421689748764038,0.8660253286361694,0.03836897388100624,0.0,0.5303018093109131,0.07993949949741364,0.22034861690034105,0,0.0,0.0418702023726448,60,0.47300446033477783,0.9999999403953552,0.5221519626142568,0.9863367799113737,63.453304290771484,0.991506646971935,0.5268204808235168,0.9985228951255539,0.5268204808235168,0.9985228951255539,4.242376228091871e-09,3.004958770702615e-08,6.01567577973583e-08,0.9999998807907104,0.47300446033477783,0.2717618942260742,55,0.9568302631378174,0.8179404735565186,1.0,0.8179404735565186,0.7282381057739258,0.8179404735565186,0.0,0.9999999403953552
GCN,527,2310,3,1,2,-0.129439115524292,3.8002514839172363,3.9296905994415283,0.8660253286361694,0.05637802183628082,-0.05397597327828407,0.4587821960449219,0.12494729459285736,0.4041303524062145,1,0.0,0.034891835310537335,50,0.4033598303794861,0.9999998211860657,0.44697913110371806,0.9612259970457903,55.06816101074219,0.9645494830132939,0.4541535973548889,0.9974150664697193,0.4541535973548889,0.9974150664697193,1.0073794243226075e-08,9.943804002432444e-09,6.450159872883887e-08,0.9999998807907104,0.4033598303794861,0.3789868652820587,46,0.8805503249168396,0.8447467088699341,1.0,0.8447467088699341,0.6210131645202637,0.8447467088699341,8.847564458847046e-09,0.9999998211860657
GCN,527,2316,3,1,1,-3.434640407562256,1.8863354921340942,5.32097589969635,0.9486831426620483,0.08433899283409119,0.0,0.4350765347480774,0.2012418508529663,0.6822660098522167,1,0.0,0.020237264480111653,29,0.4175977408885956,0.9999999403953552,0.43509541194121354,0.9556868537666174,52.025146484375,0.9516248153618907,0.4289158880710602,0.9951994091580503,0.4289158880710602,0.9951994091580503,1.3560261358236403e-08,1.330398458065929e-08,3.185689578799611e-08,0.9999998807907104,0.41759777069091797,0.4130842685699463,24,0.9848650693893433,0.8532710075378418,1.0,0.8532710075378418,0.5869157314300537,0.8532710671424866,0.0,0.9999999403953552
GCN,527,2318,1,1,2,-0.6632245182991028,5.610787391662598,6.2740119099617,0.8660253286361694,0.04087688401341438,0.0,0.4899178743362427,0.08289140462875366,0.2233800682076544,0,0.0,0.04326587578506629,62,0.43647703528404236,0.9999998807907104,0.4863239119626829,0.9763663220088626,58.74470901489258,0.9819054652880355,0.48624053597450256,0.9981536189069424,0.48624053597450256,0.9981536189069424,6.2475016271434924e-09,3.0479480273015724e-08,6.137693731034233e-08,0.9999998807907104,0.43647700548171997,0.3279995620250702,57,0.8603706955909729,0.8319998979568481,1.0,0.8319998979568481,0.6720004081726074,0.8319998979568481,0.0,0.9999998807907104
GCN,527,2320,3,1,2,-0.7755737900733948,5.6732659339904785,6.448839724063873,0.8660253286361694,0.0470731146633625,0.0,0.5014265179634094,0.10087285935878754,0.3266388783630163,1,0.0,0.03698534542916958,53,0.4461733400821686,0.9999999403953552,0.49311041209662626,0.9763663220088626,60.18917465209961,0.9848596750369276,0.49726206064224243,0.9985228951255539,0.49726206064224243,0.9985228951255539,5.101064015633483e-09,3.029304807000699e-08,6.08346368835555e-08,0.9999998807907104,0.4461733400821686,0.3130711317062378,48,0.9305490255355835,0.8282678127288818,1.0,0.8282678127288818,0.6869288682937622,0.8282678127288818,0.0,0.9999999403953552
GCN,527,2321,0,1,2,1.1416528224945068,6.6721415519714355,5.530488729476929,0.8660253286361694,0.04849979281425476,-0.000532094738446176,0.4831981062889099,0.10407818853855133,0.3421750663129973,1,0.0,0.03768318213538032,54,0.4295608401298523,0.9999999403953552,0.4796737513606594,0.9759970457902511,57.8626708984375,0.9793205317577548,0.47910618782043457,0.9981536189069424,0.47910618782043457,0.9981536189069424,5.430496941016827e-09,5.375312639444019e-09,1.249812697778907e-08,0.9999998807907104,0.4295608401298523,0.3386476933956146,50,0.8979986310005188,0.8346619606018066,1.0,0.8346619606018066,0.661352276802063,0.8346619009971619,0.0,0.9999999403953552
GCN,527,2330,0,1,3,0.9597530364990234,5.940011978149414,4.980258941650391,0.8017836213111877,0.034849561750888824,-0.0009550659451633692,0.4944094121456146,0.07249089330434799,0.21163319439181508,0,0.0,0.051639916259595256,74,0.40808919072151184,0.9999998807907104,0.48874160427677693,0.9763663220088626,59.264747619628906,0.982274741506647,0.49060630798339844,0.9981536189069424,0.49060630798339844,0.9981536189069424,5.101064015633483e-09,5.4851261310773225e-09,1.3396455500469528e-08,0.9999998807907104,0.40808919072151184,0.3213644027709961,70,0.8076953887939453,0.8303411602973938,1.0,0.8303411602973938,0.6786355972290039,0.830341100692749,4.656612873077393e-10,0.9999998807907104
GCN,527,2331,1,1,2,-1.555757761001587,3.861269474029541,5.417027235031128,0.8660253286361694,0.055538635700941086,0.0,0.4831660985946655,0.1243894100189209,0.4041303524062145,1,0.0,0.03279832519190509,47,0.4286471903324127,0.9999999403953552,0.4798993559218765,0.9759970457902511,57.86952590942383,0.9793205317577548,0.4787382483482361,0.9981536189069424,0.4787382483482361,0.9981536189069424,4.928095709288982e-09,3.009555626931615e-08,6.040041711230515e-08,0.9999998807907104,0.4286471903324127,0.34005439281463623,42,0.9371631741523743,0.8350136280059814,1.0,0.8350136280059814,0.6599456071853638,0.8350136280059814,0.0,0.9999999403953552
GCN,527,2337,4,1,1,-4.137286186218262,2.8681845664978027,7.0054707527160645,0.9486831426620483,0.08601745963096619,-0.002175829140469432,0.41744112968444824,0.1852201521396637,0.6218264494126563,1,0.0,0.0209351011863224,30,0.3993415832519531,0.9999999403953552,0.4143742880951763,0.9479320531757754,49.769893646240234,0.9335302806499262,0.40894556045532227,0.9926144756277696,0.40894556045532227,0.9926144756277696,7.450580596923828e-09,3.0270669526544225e-08,6.106493799507007e-08,0.9999998807907104,0.3993415832519531,0.43874257802963257,26,0.8395986557006836,0.8596856594085693,1.0,0.8596856594085693,0.5612574219703674,0.8596856594085693,9.313225746154785e-10,0.9999999403953552
GCN,527,2341,4,1,1,-3.446925640106201,2.208233594894409,5.65515923500061,0.9486831426620483,0.14220845699310303,0.0,0.38591548800468445,0.3204815089702606,0.9012883668056082,1,0.0,0.015352407536636426,22,0.34868329763412476,0.9999999403953552,0.38439728199333306,0.9124815361890695,45.05318832397461,0.8788774002954209,0.37070104479789734,0.98301329394387,0.37070104479789734,0.98301329394387,0.0,2.3283064365386963e-10,4.656612873077393e-10,0.9999998807907104,0.34868329763412476,0.5099406242370605,17,0.8250702023506165,0.8774851560592651,1.0,0.8774851560592651,0.49005937576293945,0.8774851560592651,0.0,0.9999999403953552
GCN,527,2342,0,1,1,1.249402403831482,5.8862199783325195,4.636817574501038,0.9486831426620483,0.07826709002256393,-0.0012618416221812367,0.3903300166130066,0.1909552812576294,0.6451307313376279,1,0.0,0.028611304954640614,41,0.37397536635398865,0.9999999403953552,0.3956453437455983,0.9268833087149188,47.1599006652832,0.9102658788774003,0.3850845396518707,0.9863367799113737,0.3850845396518707,0.9863367799113737,1.580506747700383e-08,1.5888879545400414e-08,4.247981877369966e-08,0.9999998807907104,0.37397539615631104,0.47439366579055786,38,0.9034531116485596,0.8685983419418335,1.0,0.8685983419418335,0.5256063342094421,0.8685984015464783,0.0,0.9999999403953552
GCN,527,2346,3,1,3,-2.7363674640655518,3.78336238861084,6.519729852676392,0.8017836213111877,0.035053856670856476,0.0,0.5277019143104553,0.07042913883924484,0.21049640015157256,0,0.0,0.04326587578506629,62,0.43579551577568054,0.9999998807907104,0.5192909832421179,0.9863367799113737,63.15468215942383,0.9911373707533235,0.5243935585021973,0.9985228951255539,0.5243935585021973,0.9985228951255539,4.3433994179054025e-09,3.0876186940531625e-08,6.242056116434469e-08,0.9999998807907104,0.43579548597335815,0.27528995275497437,57,0.8500851392745972,0.8188225030899048,1.0,0.8188225030899048,0.7247100472450256,0.8188225030899048,0.0,0.9999998807907104
GCN,527,2347,0,1,3,0.9195830225944519,6.96846866607666,6.048885643482208,0.8017836213111877,0.033701181411743164,0.0,0.5355210304260254,0.05793078616261482,0.1962864721485411,0,0.0,0.0418702023726448,60,0.44240936636924744,0.9999999403953552,0.5260976975567337,0.9863367799113737,64.07449340820312,0.9918759231905465,0.5316921472549438,0.9988921713441654,0.5316921472549438,0.9988921713441654,5.4504254443088485e-09,6.650973549682249e-09,1.5033526423735566e-08,0.9999998807907104,0.4424093961715698,0.26429131627082825,55,0.7380706071853638,0.8160728216171265,1.0,0.8160728216171265,0.7357087135314941,0.8160728216171265,0.0,0.9999999403953552
GCN,527,2353,4,1,3,-2.7023305892944336,3.3987619876861572,6.101092576980591,0.8017836213111877,0.03555407375097275,-0.0005625584162771702,0.4997323751449585,0.07380978763103485,0.21314892004547176,0,0.0,0.04954640614096301,71,0.41246670484542847,0.9999998807907104,0.4948573436983842,0.9763663220088626,60.131221771240234,0.9848596750369276,0.49659761786460876,0.9985228951255539,0.49659761786460876,0.9985228951255539,2.419646927265262e-09,2.592692283087672e-09,6.341532188258725e-09,0.9999998807907104,0.41246670484542847,0.3140847682952881,67,0.8318006992340088,0.8285212516784668,1.0,0.8285212516784668,0.6859152317047119,0.828521192073822,0.0,0.9999998807907104
GCN,527,2359,2,0,11,-5.7454657554626465,-2.8375823497772217,2.907883405685425,0.5477225184440613,0.024233289062976837,-0.00013435710570774972,0.520253598690033,0.06153695285320282,0.20215990905646078,0,0.0,0.09979064898813678,143,0.29344525933265686,0.9999999403953552,0.5124567548603094,0.9844903988183161,62.10773468017578,0.9892909896602659,0.516261100769043,0.9985228951255539,0.516261100769043,0.9985228951255539,1.211166988923651e-08,4.982793289087795e-09,1.6980315820092073e-08,0.9999998807907104,0.29344525933265686,0.2856595516204834,139,0.7236012816429138,0.8214148879051208,1.0,0.8214148879051208,0.7143404483795166,0.8214148879051208,1.1641532182693481e-10,0.9999999403953552
GCN,527,2365,2,0,7,-6.323575973510742,-2.744910717010498,3.578665256500244,0.6396021246910095,0.03492196276783943,-0.0004161584656685591,0.5084094405174255,0.06728088855743408,0.20803334596438045,0,0.0,0.06769016050244243,97,0.3341315984725952,0.9999998807907104,0.499249774643413,0.9763663220088626,60.668949127197266,0.9859675036927622,0.503395140171051,0.9985228951255539,0.503395140171051,0.9985228951255539,8.484752456183742e-09,8.437501364255695e-09,2.527863962598076e-08,0.9999998807907104,0.3341315984725952,0.3034594655036926,93,0.6264934539794922,0.825864851474762,1.0,0.825864851474762,0.6965405344963074,0.825864851474762,2.3283064365386963e-10,0.9999998807907104
GCN,527,2368,3,1,2,-0.47675758600234985,5.349871635437012,5.826629221439362,0.8660253286361694,0.05734952166676521,0.0,0.4862871766090393,0.13066065311431885,0.4213717317165593,1,0.0,0.03210048848569435,46,0.4312124252319336,0.9999998807907104,0.48052348623722524,0.9763663220088626,58.323448181152344,0.9807976366322009,0.48151707649230957,0.9981536189069424,0.48151707649230957,0.9981536189069424,1.2355390488494322e-08,3.227959766149979e-08,6.617506898010106e-08,0.9999998807907104,0.431212455034256,0.3361049294471741,41,0.9594854116439819,0.8340261578559875,1.0,0.8340261578559875,0.6638950705528259,0.8340262174606323,0.0,0.9999998807907104
GCN,527,2383,4,0,10,-5.0673041343688965,-1.1817715167999268,3.8855326175689697,0.5669466257095337,0.020226536318659782,-0.0003903204342350364,0.509087324142456,0.028882760554552078,0.10837438423645321,0,0.0,0.09630146545708304,138,0.2975679039955139,0.9999998807907104,0.5045145193039008,0.9844903988183161,60.9200439453125,0.9870753323485968,0.5058215260505676,0.9985228951255539,0.5058215260505676,0.9985228951255539,1.61645505869501e-08,3.395817316231842e-08,8.091438274959728e-08,0.9999998807907104,0.2975679039955139,0.3001859784126282,135,0.41214650869369507,0.8250463604927063,1.0,0.8250463604927063,0.6998140215873718,0.8250464797019958,2.6031257704950406e-10,0.9999998807907104
GCN,527,2384,0,1,1,0.9520829916000366,6.350351810455322,5.398268818855286,0.9486831426620483,0.0686800554394722,-0.0002984533493872732,0.4469691216945648,0.15838858485221863,0.5433876468359227,1,0.0,0.0314026517794836,45,0.4324513375759125,0.9999999403953552,0.4445994842667877,0.9612259970457903,53.163414001464844,0.956794682422452,0.4406593441963196,0.9970457902511078,0.4406593441963196,0.9970457902511078,0.0,2.980414137709886e-08,5.96155587118119e-08,0.9999998807907104,0.4324513375759125,0.3922082185745239,41,0.9778942465782166,0.8480520844459534,1.0,0.8480520844459534,0.6077917814254761,0.8480520248413086,0.0,0.9999999403953552
GCN,527,2389,2,1,2,-3.7189128398895264,3.1822924613952637,6.90120530128479,0.8660253286361694,0.04658159986138344,-0.001597752794623375,0.5114349722862244,0.0971616730093956,0.2917771883289125,0,0.0,0.03210048848569435,46,0.45516088604927063,0.9999999403953552,0.5061966055510195,0.9844903988183161,61.364837646484375,0.9878138847858198,0.5072827935218811,0.9985228951255539,0.5072827935218811,0.9985228951255539,4.368290174028289e-09,5.968008309764627e-08,1.1939020794216049e-07,0.9999998807907104,0.45516085624694824,0.29923391342163086,42,0.9069632887840271,0.8248084783554077,1.0,0.8248084783554077,0.7007660865783691,0.8248084783554077,9.313225746154785e-10,0.9999999403953552
GCN,527,2392,2,1,3,-3.643904447555542,2.796388864517212,6.440293312072754,0.8017836213111877,0.03611104562878609,-0.0012470087967813015,0.5065770745277405,0.07271671295166016,0.21182266009852216,0,0.0,0.04326587578506629,62,0.4180840849876404,0.9999999403953552,0.5020003240933835,0.9844903988183161,60.756221771240234,0.9867060561299852,0.5030227303504944,0.9985228951255539,0.5030227303504944,0.9985228951255539,3.896001743441957e-09,3.005319726412381e-08,6.032610855299936e-08,0.9999998807907104,0.4180840849876404,0.30474328994750977,58,0.7984821796417236,0.8261858820915222,1.0,0.8261858820915222,0.6952567100524902,0.8261858224868774,9.313225746154785e-10,0.9999999403953552
GCN,527,2411,3,1,1,-2.1872353553771973,3.4879746437072754,5.675209999084473,0.9486831426620483,0.0862840935587883,0.0,0.3670593798160553,0.21830441057682037,0.7322849564228875,1,0.0,0.027913468248429867,40,0.3486832082271576,0.9999999403953552,0.37040463762021697,0.9073116691285081,44.41949462890625,0.8685376661742984,0.3595276176929474,0.9785819793205317,0.3595276176929474,0.9785819793205317,1.3170890156288806e-08,1.3179119129347328e-08,3.779044277507637e-08,0.9999998807907104,0.3486832082271576,0.5099407434463501,35,0.8810270428657532,0.8774851560592651,1.0,0.8774851560592651,0.4900592565536499,0.8774851560592651,0.0,0.9999999403953552
GCN,527,2425,3,1,5,0.8056201934814453,5.235786437988281,4.430166244506836,0.7071066498756409,0.03545233607292175,0.0,0.4825051724910736,0.05197685584425926,0.1724137931034483,0,0.0,0.055826936496859735,80,0.35072121024131775,1.0,0.4787274417343394,0.9759970457902511,57.81252670288086,0.9785819793205317,0.4787253439426422,0.9981536189069424,0.4787253439426422,0.9981536189069424,6.350773240626495e-09,5.090425414522315e-09,1.452114783973002e-08,0.9999998807907104,0.35072124004364014,0.3386736214160919,75,0.5002095699310303,0.8346684575080872,1.0,0.8346684575080872,0.6613264083862305,0.8346683979034424,0.0,1.0
GCN,527,2427,3,1,3,-0.7733066082000732,4.084589958190918,4.857896566390991,0.8017836213111877,0.05776606500148773,-0.00145750364754349,0.4460980296134949,0.08278016000986099,0.2233800682076544,0,0.0,0.04884856943475227,70,0.36473485827445984,0.9999999403953552,0.4416253044295807,0.9608567208271788,53.12847900390625,0.956794682422452,0.43942025303840637,0.9966765140324964,0.43942025303840637,0.9966765140324964,1.507477342954644e-08,3.2570500962947335e-08,6.965263565916757e-08,0.9999998807907104,0.36473482847213745,0.3934609293937683,67,0.49467942118644714,0.8483651876449585,1.0,0.8483651876449585,0.6065390706062317,0.8483652472496033,5.206251540990081e-10,0.9999999403953552
GCN,527,2428,5,1,1,-0.8334312438964844,3.612069845199585,4.445501089096069,0.9486831426620483,0.15541410446166992,-0.0005216324352659285,0.4293516278266907,0.37551265954971313,0.9439181508147025,1,0.0,0.020237264480111653,29,0.3890523910522461,0.9999999403953552,0.41609307584518157,0.948301329394387,48.56855392456055,0.9242983751846381,0.4039163589477539,0.9903988183161004,0.4039163589477539,0.9903988183161004,1.2904783908140871e-08,3.250802649290563e-08,6.831734111756305e-08,0.9999998807907104,0.38905245065689087,0.4532034993171692,25,0.984166145324707,0.8633009195327759,1.0,0.8633009195327759,0.5467965006828308,0.8633008599281311,4.656612873077393e-10,0.9999999403953552
GCN,527,2431,4,1,1,-2.927081823348999,2.321502208709717,5.248584032058716,0.9486831426620483,0.11249000579118729,0.0,0.374860554933548,0.29886817932128906,0.8751420992800303,1,0.0,0.021632937892533146,31,0.3486832082271576,0.9999999403953552,0.3810312714609174,0.9091580502215657,46.5505256652832,0.9017725258493353,0.36357995867729187,0.9804283604135894,0.36357995867729187,0.9804283604135894,0.0,4.656612873077393e-10,1.1406325883811519e-09,0.9999998807907104,0.3486832082271576,0.5099407434463501,26,0.9448363780975342,0.8774852156639099,1.0,0.8774852156639099,0.4900592565536499,0.8774851560592651,0.0,0.9999999403953552
GCN,527,2433,2,1,1,0.04675137996673584,5.069703102111816,5.022951722145081,0.9486831426620483,0.08693026006221771,0.0,0.3672288656234741,0.21678245067596436,0.7228116710875332,1,0.0,0.02721563154221912,39,0.34868329763412476,0.9999999403953552,0.37036875124528856,0.9073116691285081,44.2988166809082,0.8666912850812407,0.35992231965065,0.9796898079763663,0.35992231965065,0.9796898079763663,1.4901161193847656e-08,1.4902980183251202e-08,4.2738054872870634e-08,0.9999998807907104,0.34868329763412476,0.5099406242370605,34,0.868782639503479,0.8774851560592651,1.0,0.8774851560592651,0.49005937576293945,0.8774851560592651,0.0,0.9999999403953552
GCN,527,2435,4,1,2,-2.703524589538574,3.8388774394989014,6.542402029037476,0.8660253286361694,0.047886963933706284,0.0,0.4625838100910187,0.09728921949863434,0.2917771883289125,0,0.0,0.039078855547801813,56,0.4110819399356842,0.9999999403953552,0.4618076903629277,0.96602658788774,55.6159782409668,0.9663958641063516,0.4591686427593231,0.9974150664697193,0.4591686427593231,0.9974150664697193,6.177695244247161e-09,3.045100882559382e-08,6.152222908895055e-08,0.9999998807907104,0.4110819399356842,0.3670978844165802,51,0.8138951063156128,0.8417744636535645,1.0,0.8417744636535645,0.6329021453857422,0.8417744636535645,0.0,0.9999999403953552
GCN,527,2438,3,1,2,-2.893831729888916,3.5894670486450195,6.4832987785339355,0.8660253286361694,0.06340334564447403,-0.001407913863658905,0.45040130615234375,0.13854876160621643,0.4509283819628647,1,0.0,0.02721563154221912,39,0.39769247174263,0.9999999403953552,0.4490481508812223,0.9615952732644018,54.22319793701172,0.9612259970457903,0.4453059136867523,0.9970457902511078,0.4453059136867523,0.9970457902511078,6.4523919540704355e-09,6.062545132579089e-09,6.153364040528686e-08,0.9999998807907104,0.3976925015449524,0.3877122402191162,35,0.852355420589447,0.846928060054779,1.0,0.846928060054779,0.6122877597808838,0.846928060054779,4.656612873077393e-10,0.9999999403953552
GCN,527,2445,2,1,4,-4.371185302734375,2.492443084716797,6.863628387451172,0.7499998807907104,0.026136135682463646,0.0,0.5266027450561523,0.04615947976708412,0.12542629784009093,0,0.0,0.06071179344033496,87,0.40730875730514526,1.0,0.5217521351531592,0.9863367799113737,63.2131233215332,0.9911373707533235,0.5237326622009277,0.9985228951255539,0.5237326622009277,0.9985228951255539,7.450580596923828e-09,3.0437654174875206e-08,6.150763454115804e-08,0.9999998807907104,0.40730881690979004,0.27589529752731323,82,0.697531521320343,0.8189738392829895,1.0,0.8189738392829895,0.7241047024726868,0.8189738392829895,0.0,1.0
GCN,527,2446,2,0,8,-5.5604472160339355,-0.5224609375,5.0379862785339355,0.6123723983764648,0.021225396543741226,-0.05233973264694214,0.5089007019996643,0.23163849115371704,0.7567260325881016,1,0.0,0.09141660851360782,131,0.32019883394241333,0.9999999403953552,0.5018242399643331,0.9844903988183161,60.866172790527344,0.9870753323485968,0.5053526163101196,0.9985228951255539,0.5053526163101196,0.9985228951255539,9.017491642282494e-09,3.135032500267698e-08,6.689459297604117e-08,0.9999998807907104,0.3201988637447357,0.3028232455253601,127,0.48226356506347656,0.8257057666778564,1.0,0.8257057666778564,0.6971767544746399,0.8257058262825012,1.1292286217212677e-08,0.9999999403953552
GCN,527,2448,2,1,5,-5.422859191894531,0.40978455543518066,5.832643747329712,0.7071066498756409,0.027096306905150414,-0.036857616156339645,0.5195865035057068,0.05101165920495987,0.16331943918150815,0,0.0,0.06908583391486392,99,0.3776654899120331,0.9999998807907104,0.5124513754224078,0.9844903988183161,62.14693832397461,0.9892909896602659,0.5160418152809143,0.9985228951255539,0.5160418152809143,0.9985228951255539,7.123247769413865e-09,3.068598530830968e-08,6.267379859536959e-08,0.9999998807907104,0.3776654601097107,0.28786706924438477,95,0.691675066947937,0.8219668865203857,1.0,0.8219668865203857,0.7121329307556152,0.8219667673110962,1.955777406692505e-08,0.9999998807907104
GCN,527,2456,5,1,2,-1.4514825344085693,3.982940673828125,5.434423208236694,0.8660253286361694,0.046375006437301636,-0.05789356306195259,0.46315935254096985,0.10031093657016754,0.3234179613489958,1,0.0,0.04326587578506629,62,0.40902021527290344,0.9999998807907104,0.45468518889059406,0.9627031019202363,55.411495208740234,0.9656573116691285,0.45869845151901245,0.9974150664697193,0.45869845151901245,0.9974150664697193,7.847463123766829e-09,3.09033900691702e-08,6.279812225784553e-08,0.9999998807907104,0.40902018547058105,0.37027212977409363,60,0.8437040448188782,0.842568039894104,1.0,0.842568039894104,0.629727840423584,0.842568039894104,1.1446651626556559e-08,0.9999998807907104
GCN,527,2459,3,0,2,-5.109635829925537,-0.8525209426879883,4.257114887237549,0.8660253286361694,0.08521057665348053,0.0,0.4612562358379364,0.17014096677303314,0.5765441455096627,1,0.0,0.01465457083042568,21,0.4033597707748413,0.9999999403953552,0.4545902043227457,0.9627031019202363,55.416690826416016,0.96602658788774,0.4540104269981384,0.9974150664697193,0.4540104269981384,0.9974150664697193,0.0,5.206251540990081e-10,5.961373972240835e-08,0.9999998807907104,0.4033598005771637,0.3789868950843811,16,0.7976057529449463,0.8447467684745789,1.0,0.8447467684745789,0.6210131049156189,0.8447467088699341,0.0,0.9999999403953552
GCN,527,2461,6,0,1,-3.236915111541748,-0.025065898895263672,3.2118492126464844,0.9486831426620483,0.08985865861177444,0.0,0.36801111698150635,0.23345822095870972,0.7614626752557787,1,0.0,0.026517794836008374,38,0.3486832082271576,0.9999999403953552,0.36974511278854655,0.9073116691285081,44.48582077026367,0.869645494830133,0.3586907982826233,0.9778434268833087,0.3586907982826233,0.9778434268833087,6.71586253275791e-09,6.731986967878356e-09,1.9294388309276655e-08,0.9999998807907104,0.3486832082271576,0.5099407434463501,33,0.9070502519607544,0.8774851560592651,1.0,0.8774851560592651,0.4900592565536499,0.8774851560592651,0.0,0.9999999403953552
GCN,527,2467,6,1,2,-0.8416287899017334,3.9752748012542725,4.816903591156006,0.8660253286361694,0.05142149329185486,-0.0018535559065639973,0.4321715831756592,0.11272680759429932,0.38006820765441457,1,0.0,0.04256803907885555,61,0.3830624520778656,0.9999998807907104,0.4326487716959794,0.9516248153618907,52.110191345214844,0.9516248153618907,0.42862388491630554,0.9951994091580503,0.42862388491630554,0.9951994091580503,7.679882507716229e-09,7.626758780077125e-09,1.9906128301272474e-08,0.9999998807907104,0.3830624520778656,0.4102367162704468,57,0.8002895712852478,0.8525591492652893,1.0,0.8525591492652893,0.5897632837295532,0.8525592088699341,9.313225746154785e-10,0.9999998807907104
GCN,527,2474,4,1,2,-5.323806285858154,0.28514623641967773,5.608952522277832,0.8660253286361694,0.07218801975250244,0.0,0.46484336256980896,0.16842734813690186,0.5744600227358848,1,0.0,0.03210048848569435,46,0.40932902693748474,0.9999999403953552,0.4592646939974846,0.96602658788774,55.497222900390625,0.9663958641063516,0.4592069089412689,0.9974150664697193,0.4592069089412689,0.9974150664697193,9.219623287037848e-09,3.3778100316794735e-08,7.113830946536837e-08,0.9999998807907104,0.40932902693748474,0.36979663372039795,41,0.9392575025558472,0.8424491882324219,1.0,0.8424491882324219,0.630203366279602,0.8424491882324219,0.0,0.9999999403953552
GCN,527,2479,6,1,1,-2.722198963165283,1.0207977294921875,3.7429966926574707,0.9486831426620483,0.09083700180053711,0.0,0.36827796697616577,0.22951921820640564,0.7559681697612732,1,0.0,0.025819958129797628,37,0.34868329763412476,0.9999999403953552,0.3667240464584225,0.9002954209748892,45.35032653808594,0.8858936484490398,0.3628089725971222,0.9800590841949779,0.3628089725971222,0.9800590841949779,0.0,2.3283064365386963e-10,4.656612873077393e-10,0.9999998807907104,0.34868329763412476,0.5099406242370605,32,0.8827813267707825,0.8774852156639099,1.0,0.8774852156639099,0.49005937576293945,0.8774851560592651,0.0,0.9999999403953552
GCN,527,2483,4,1,2,-2.8322370052337646,2.60202693939209,5.4342639446258545,0.8660253286361694,0.10451503098011017,0.0,0.460406631231308,0.24383544921875,0.7794619173929519,1,0.0,0.020237264480111653,29,0.39769247174263,0.9999999403953552,0.4562094219661755,0.9638109305760709,55.04126739501953,0.9645494830132939,0.4519794285297394,0.9974150664697193,0.4519794285297394,0.9974150664697193,1.2904783908140871e-08,1.2908984103887633e-08,6.786821415971644e-08,0.9999998807907104,0.3976925015449524,0.3877122700214386,24,0.9302297830581665,0.8469281196594238,1.0,0.8469281196594238,0.6122877597808838,0.8469281196594238,0.0,0.9999999403953552
GCN,527,2489,3,1,1,-4.053446292877197,2.047539710998535,6.100986003875732,0.9486831426620483,0.11761264503002167,0.0,0.4257287085056305,0.27819010615348816,0.8423645320197044,1,0.0,0.013258897418004187,19,0.39934152364730835,0.9999999403953552,0.4259247669211496,0.9508862629246676,50.77460861206055,0.9423929098966026,0.41547882556915283,0.9933530280649926,0.41547882556915283,0.9933530280649926,0.0,7.46511830129748e-09,6.246335715331952e-08,0.9999998807907104,0.39934152364730835,0.43874260783195496,14,0.9553043842315674,0.8596855401992798,1.0,0.8596855401992798,0.5612573623657227,0.8596856594085693,0.0,0.9999999403953552
GCN,527,2490,4,1,2,-2.7562038898468018,4.20802116394043,6.9642250537872314,0.8660253286361694,0.045974187552928925,0.0,0.47721317410469055,0.09764610975980759,0.3027661993179235,0,0.0,0.040474528960223306,58,0.42449402809143066,0.9999998807907104,0.4730189326985351,0.9719350073855244,57.43450927734375,0.9778434268833087,0.4728485643863678,0.9981536189069424,0.4728485643863678,0.9981536189069424,5.963374238859842e-09,3.046880436841093e-08,6.144279041109257e-08,0.9999998807907104,0.42449405789375305,0.34644851088523865,53,0.8777763843536377,0.8366121053695679,1.0,0.8366121053695679,0.653551459312439,0.8366121053695679,0.0,0.9999998807907104
GCN,527,2496,4,1,1,-1.2379560470581055,3.9873874187469482,5.225343465805054,0.9486831426620483,0.0761379599571228,-0.0008315779850818217,0.4227781593799591,0.18172140419483185,0.6087533156498673,1,0.0,0.030006978367062107,43,0.40693676471710205,0.9999998807907104,0.42396451803409196,0.9501477104874446,50.97626876831055,0.9442392909896603,0.4169178307056427,0.9933530280649926,0.4169178307056427,0.9933530280649926,1.393876036814845e-08,3.290499250852008e-08,6.875360725189239e-08,0.9999998807907104,0.40693673491477966,0.4280679225921631,39,0.9572792053222656,0.857016921043396,1.0,0.857016921043396,0.5719320774078369,0.8570169806480408,4.656612873077393e-10,0.9999998807907104
GCN,527,2505,1,1,1,-2.795567035675049,2.226081371307373,5.021648406982422,0.9486831426620483,0.0778270959854126,0.0,0.41545796394348145,0.1850241869688034,0.6218264494126563,1,0.0,0.026517794836008374,38,0.3993415832519531,0.9999999403953552,0.41247249713880296,0.9449778434268833,49.518218994140625,0.9320531757754801,0.4074403941631317,0.9918759231905465,0.4074403941631317,0.9918759231905465,1.053671194739536e-08,3.1337137329501275e-08,6.43538342615102e-08,0.9999998807907104,0.3993415832519531,0.43874257802963257,33,0.9370137453079224,0.8596856594085693,1.0,0.8596856594085693,0.5612574219703674,0.8596856594085693,0.0,0.9999999403953552
GCN,527,2508,3,1,3,-4.006601810455322,2.0711960792541504,6.077797889709473,0.8017836213111877,0.05790315940976143,0.0,0.5282871127128601,0.12887929379940033,0.4160666919287609,1,0.0,0.0314026517794836,45,0.43367403745651245,0.9999999403953552,0.5192060958876954,0.9863367799113737,63.23275375366211,0.9911373707533235,0.5238667130470276,0.9985228951255539,0.5238667130470276,0.9985228951255539,8.33000246558413e-09,3.274396931374213e-08,6.731163182394084e-08,0.9999998807907104,0.43367403745651245,0.2788178324699402,40,0.9427751302719116,0.819704532623291,1.0,0.819704532623291,0.7211821675300598,0.8197044730186462,0.0,0.9999999403953552
GCN,527,2509,3,0,5,-5.71878719329834,-0.32873010635375977,5.39005708694458,0.7071066498756409,0.02911454066634178,0.0,0.5085970163345337,0.05285006761550903,0.17904509283819628,0,0.0,0.06489881367759945,93,0.3704788088798523,0.9999999403953552,0.49990487683968404,0.9763663220088626,60.84143829345703,0.9870753323485968,0.5048623085021973,0.9985228951255539,0.5048623085021973,0.9985228951255539,5.548994597148749e-09,5.27863575072729e-09,1.4258467295746868e-08,0.9999998807907104,0.3704788386821747,0.301418274641037,88,0.6528213024139404,0.8253545761108398,1.0,0.8253545761108398,0.6985816955566406,0.8253545761108398,0.0,0.9999999403953552
GCN,527,2514,2,1,2,-3.588340997695923,3.5201897621154785,7.108530759811401,0.8660253286361694,0.05017181858420372,-0.0002788648125715554,0.4906998574733734,0.10969021916389465,0.367942402425161,1,0.0,0.03628750872295883,52,0.4361306130886078,0.9999999403953552,0.48576671874311456,0.9763663220088626,58.71118927001953,0.9819054652880355,0.4865209460258484,0.9981536189069424,0.4865209460258484,0.9981536189069424,5.509778855383729e-09,4.844892043109894e-09,1.1115498743663466e-08,0.9999998807907104,0.4361306428909302,0.328532874584198,48,0.9290831089019775,0.8321332335472107,1.0,0.8321332335472107,0.671467125415802,0.8321332335472107,0.0,0.9999999403953552
GCN,527,2523,2,1,2,-3.308589458465576,3.872580051422119,7.181169509887695,0.8660253286361694,0.05218149349093437,0.0,0.5054990649223328,0.08752099424600601,0.2370215990905646,0,0.0,0.030006978367062107,43,0.4492376446723938,0.9999999403953552,0.5001211317676009,0.9844903988183161,60.63063049316406,0.9859675036927622,0.5009240508079529,0.9985228951255539,0.5009240508079529,0.9985228951255539,2.7939677238464355e-09,5.968008309764627e-08,1.1939486910250707e-07,0.9999998807907104,0.4492376148700714,0.30835336446762085,38,0.7342545986175537,0.8270883560180664,1.0,0.8270883560180664,0.6916466355323792,0.8270883560180664,0.0,0.9999999403953552
GCN,527,2533,0,1,1,-2.6634137630462646,4.032143592834473,6.695557355880737,0.9486831426620483,0.0822051614522934,-0.00272481981664896,0.4063664674758911,0.19908444583415985,0.6688139446760136,1,0.0,0.024424284717376135,35,0.38905248045921326,0.9999999403953552,0.40891665286925805,0.9435007385524372,48.335689544677734,0.922082717872969,0.4006403684616089,0.9885524372230429,0.4006403684616089,0.9885524372230429,1.3687590616484613e-08,3.28761480261619e-08,6.946840613863969e-08,0.9999998807907104,0.38905248045921326,0.4532034397125244,32,0.9259238243103027,0.8633008599281311,1.0,0.8633008599281311,0.5467965602874756,0.8633008599281311,0.0,0.9999999403953552
GCN,527,2540,3,0,1,-6.87702751159668,-4.321002006530762,2.556025505065918,0.9486831426620483,0.13973881304264069,0.0,0.4330957233905792,0.3294329047203064,0.9088669950738916,1,0.0,0.011165387299371946,16,0.3993416130542755,0.9999999403953552,0.425666706181666,0.9508862629246676,50.24534225463867,0.9379615952732644,0.41773879528045654,0.9937223042836041,0.41773879528045654,0.9937223042836041,1.4901161193847656e-08,3.247799540417873e-08,6.780425820807068e-08,0.9999998807907104,0.3993416130542755,0.4387425184249878,11,0.9686235785484314,0.8596857190132141,1.0,0.8596857190132141,0.5612574815750122,0.8596856594085693,0.0,0.9999999403953552
GCN,527,2543,3,1,3,-4.756936550140381,2.161879301071167,6.918815851211548,0.8017836213111877,0.03918425366282463,0.0,0.4975557327270508,0.06715433299541473,0.20765441455096628,0,0.0,0.04675505931612003,67,0.4103233516216278,0.9999999403953552,0.4930663512470338,0.9763663220088626,59.511409759521484,0.982274741506647,0.4938867390155792,0.9981536189069424,0.4938867390155792,0.9981536189069424,6.969380184074225e-09,6.001342711670077e-08,1.2041863328704494e-07,0.9999999403953552,0.41032344102859497,0.3176489472389221,62,0.6836932897567749,0.8294122219085693,1.0,0.8294122219085693,0.6823510527610779,0.8294122219085693,0.0,0.9999999403953552
GCN,527,2549,4,1,1,-3.920799732208252,1.5615475177764893,5.482347249984741,0.9486831426620483,0.07610095292329788,0.0,0.4151025116443634,0.18234117329120636,0.6142478211443728,1,0.0,0.028611304954640614,41,0.3993415832519531,0.9999999403953552,0.4174656201672258,0.94903988183161,50.41556167602539,0.9379615952732644,0.41055357456207275,0.9929837518463811,0.41055357456207275,0.9929837518463811,5.26835597369768e-09,3.032434747751722e-08,6.123573825789208e-08,0.9999998807907104,0.3993415832519531,0.43874257802963257,36,0.94356369972229,0.8596857190132141,1.0,0.8596857190132141,0.5612574219703674,0.8596856594085693,0.0,0.9999999403953552
GCN,527,2552,3,1,1,-2.8554344177246094,4.032462120056152,6.887896537780762,0.9486831426620483,0.15586954355239868,-0.02835807576775551,0.45067399740219116,0.36117881536483765,0.9355816597195907,1,0.0,0.0209351011863224,30,0.4069366157054901,1.0,0.4332410219641325,0.9531019202363368,53.01819610595703,0.956794682422452,0.43079912662506104,0.9959379615952733,0.43079912662506104,0.9959379615952733,1.053671194739536e-08,1.0541855388623844e-08,6.499743676613434e-08,0.9999998807907104,0.4069366455078125,0.42806804180145264,26,0.9907057881355286,0.8570169806480408,1.0,0.8570169806480408,0.5719319581985474,0.8570170402526855,4.656612873077393e-10,1.0
GCN,527,2557,2,1,1,-4.460879802703857,1.7851929664611816,6.246072769165039,0.9486831426620483,0.08323174715042114,0.0,0.4348395764827728,0.19739899039268494,0.6667298219022357,1,0.0,0.02721563154221912,39,0.41759783029556274,0.9999999403953552,0.43078493943431506,0.9512555391432792,51.97789001464844,0.9508862629246676,0.42889443039894104,0.9951994091580503,0.42889443039894104,0.9951994091580503,6.71586253275791e-09,3.0554087260270535e-08,1.202937056632436e-07,0.9999998807907104,0.41759783029556274,0.4130842089653015,34,0.9783767461776733,0.8532711267471313,1.0,0.8532711267471313,0.5869157910346985,0.8532710671424866,0.0,0.9999999403953552
GCN,527,2561,2,1,1,-1.8611682653427124,5.592255115509033,7.453423380851746,0.9486831426620483,0.15477439761161804,-0.0004609338066074997,0.42908531427383423,0.3748750686645508,0.9435392194012884,1,0.0,0.022330774598743892,32,0.3890523910522461,0.9999999403953552,0.4293223303206558,0.9508862629246676,51.227867126464844,0.9457163958641064,0.40772882103919983,0.9918759231905465,0.40772882103919983,0.9918759231905465,1.3334510384765963e-08,1.3344669369530493e-08,3.4290142281179214e-08,0.9999998807907104,0.3890524208545685,0.4532035291194916,28,0.9859440326690674,0.8633008003234863,1.0,0.8633008003234863,0.546796441078186,0.8633008599281311,0.0,0.9999999403953552
GCN,527,2562,0,1,2,-0.39402735233306885,3.7567129135131836,4.150740265846252,0.8660253286361694,0.08063244819641113,0.0,0.39669814705848694,0.1656189262866974,0.563849943160288,1,0.0,0.02372644801116539,34,0.34515923261642456,1.0,0.39697560289328626,0.9268833087149188,47.24581527709961,0.9102658788774003,0.3879775106906891,0.9863367799113737,0.3879775106906891,0.9863367799113737,6.71586253275791e-09,3.055053809930541e-08,6.270526142770905e-08,0.9999998807907104,0.34515923261642456,0.46859249472618103,29,0.7056525945663452,0.8671480417251587,1.0,0.8671480417251587,0.5314074754714966,0.8671481013298035,0.0,1.0
GCN,527,2566,3,1,2,-2.2282605171203613,3.9714393615722656,6.199699878692627,0.8660253286361694,0.06715395301580429,0.0,0.45102396607398987,0.13423633575439453,0.43349753694581283,1,0.0,0.026517794836008374,38,0.39769247174263,0.9999999403953552,0.44931556653493787,0.9615952732644018,53.915016174316406,0.9597488921713442,0.445983350276947,0.9970457902511078,0.445983350276947,0.9970457902511078,9.856191418577964e-09,8.336507484330014e-09,6.318128953353153e-08,0.9999998807907104,0.3976925015449524,0.3877122402191162,33,0.7807800769805908,0.8469280004501343,1.0,0.8469280004501343,0.6122877597808838,0.846928060054779,0.0,0.9999999403953552
GCN,527,2568,3,1,1,-4.943510055541992,1.026468276977539,5.969978332519531,0.9486831426620483,0.07965358346700668,0.0,0.40557053685188293,0.19215908646583557,0.6494884425918909,1,0.0,0.027913468248429867,40,0.38905248045921326,0.9999999403953552,0.4063813474036813,0.9316838995568686,49.09994888305664,0.9287296898079763,0.39963528513908386,0.9885524372230429,0.39963528513908386,0.9885524372230429,1.4307248719092058e-08,3.290581673809356e-08,6.955457365620532e-08,0.9999998807907104,0.38905248045921326,0.4532034397125244,35,0.9282035231590271,0.8633008599281311,1.0,0.8633008599281311,0.5467965602874756,0.8633008599281311,0.0,0.9999999403953552
GCN,527,2578,0,1,2,-1.4206464290618896,4.885153293609619,6.305799722671509,0.8660253286361694,0.049117445945739746,-0.14750784635543823,0.4709855914115906,0.3074567914009094,0.8840469874952633,1,0.0,0.040474528960223306,58,0.411081999540329,0.9999998807907104,0.45267724243618196,0.9623338257016248,56.41971206665039,0.9711964549483013,0.46703416109085083,0.9981536189069424,0.46703416109085083,0.9981536189069424,4.5625303535246076e-09,5.975769568067335e-08,1.1966595536705427e-07,0.9999998807907104,0.4110819399356842,0.3670978546142578,54,0.8650009632110596,0.8417744636535645,1.0,0.8417744636535645,0.6329021453857422,0.8417744636535645,6.51925802230835e-09,0.9999998807907104
GCN,527,2582,3,0,3,-6.3441338539123535,-0.13736772537231445,6.206766128540039,0.8017836213111877,0.044431619346141815,-0.0014250618405640125,0.4637002944946289,0.08220992982387543,0.22300113679424025,0,0.0,0.0418702023726448,60,0.3814423382282257,0.9999999403953552,0.4592497200661327,0.96602658788774,55.365447998046875,0.9656573116691285,0.45975807309150696,0.9977843426883308,0.45975807309150696,0.9977843426883308,4.165001232792065e-09,3.964963024571944e-09,6.051420342600977e-08,0.9999998807907104,0.3814423680305481,0.36567699909210205,56,0.6748967170715332,0.8414192795753479,1.0,0.8414192795753479,0.634323000907898,0.8414192199707031,0.0,0.9999999403953552
GCN,527,2586,5,1,1,-1.8717877864837646,3.4185597896575928,5.290347576141357,0.9486831426620483,0.12263746559619904,0.0,0.37838006019592285,0.23275500535964966,0.7589996210685865,1,0.0,0.020237264480111653,29,0.3486832082271576,0.9999999403953552,0.38628922315778,0.9161742983751846,45.1995849609375,0.8822008862629247,0.3674542009830475,0.9819054652880355,0.3674542009830475,0.9819054652880355,1.053671194739536e-08,1.0546997053495488e-08,3.0240101978051825e-08,0.9999998807907104,0.3486832082271576,0.5099407434463501,24,0.6812794208526611,0.8774851560592651,1.0,0.8774851560592651,0.4900592565536499,0.8774851560592651,0.0,0.9999999403953552
GCN,527,2592,5,1,2,-3.4065394401550293,1.7367503643035889,5.143289804458618,0.8660253286361694,0.05470056086778641,-0.0022682936396449804,0.4797227382659912,0.12075898051261902,0.3980674497915877,1,0.0,0.03210048848569435,46,0.425525039434433,0.9999999403953552,0.47572766332665145,0.973781388478582,58.02970886230469,0.9796898079763663,0.47587308287620544,0.9981536189069424,0.47587308287620544,0.9981536189069424,9.029507808122617e-09,8.984367028119777e-09,2.1182030351951653e-08,0.9999998807907104,0.42552506923675537,0.34486132860183716,42,0.9032821655273438,0.8362153768539429,1.0000001192092896,0.8362152576446533,0.6551387906074524,0.8362154364585876,0.0,0.9999999403953552
GCN,527,2598,1,1,1,-1.0197781324386597,4.478455543518066,5.498233675956726,0.9486831426620483,0.08357597142457962,0.0,0.40644654631614685,0.19977334141731262,0.6688139446760136,1,0.0,0.02512212142358688,36,0.3890523910522461,0.9999999403953552,0.40573795767757453,0.931314623338257,49.23500442504883,0.930576070901034,0.4001787006855011,0.9885524372230429,0.4001787006855011,0.9885524372230429,8.119082295365843e-09,3.089023081770392e-08,6.315581657645453e-08,0.9999998807907104,0.38905245065689087,0.4532034993171692,31,0.92168128490448,0.8633009195327759,1.0,0.8633009195327759,0.5467965006828308,0.8633008599281311,0.0,0.9999999403953552
GCN,527,2599,3,1,3,-3.7237067222595215,2.292949914932251,6.0166566371917725,0.8017836213111877,0.04320725053548813,0.0,0.4920685887336731,0.08304619789123535,0.2233800682076544,0,0.0,0.03977669225401256,57,0.40531742572784424,0.9999999403953552,0.488434195406639,0.9763663220088626,59.07545852661133,0.982274741506647,0.4887264370918274,0.9981536189069424,0.4887264370918274,0.9981536189069424,8.981349886028056e-09,6.2605036710294826e-09,1.5505021266903896e-08,0.9999998807907104,0.40531742572784424,0.3259737491607666,52,0.758308470249176,0.8314934968948364,1.0,0.8314934968948364,0.6740262508392334,0.8314934372901917,0.0,0.9999999403953552
GCN,527,2603,3,1,1,-2.1983437538146973,3.158357858657837,5.356701612472534,0.9486831426620483,0.07365676015615463,-0.0006825892487540841,0.3640415668487549,0.18113785982131958,0.6085638499431603,1,0.0,0.034891835310537335,50,0.3486832082271576,0.9999999403953552,0.3717390372860324,0.9080502215657311,44.50856018066406,0.8700147710487445,0.3592209815979004,0.9785819793205317,0.3592209815979004,0.9785819793205317,6.4523919540704355e-09,6.535867402845952e-09,1.867996957116702e-08,0.9999998807907104,0.3486832082271576,0.5099407434463501,46,0.8493149280548096,0.8774850964546204,1.0,0.8774850964546204,0.4900592565536499,0.8774851560592651,9.313225746154785e-10,0.9999999403953552
GCN,527,2604,6,1,3,-0.5708675384521484,2.865419626235962,3.4362871646881104,0.8017836213111877,0.043947141617536545,0.0,0.46270325779914856,0.0922861248254776,0.26203107237589995,0,0.0,0.04256803907885555,61,0.3807356357574463,1.0,0.45945361885416586,0.96602658788774,55.8528938293457,0.9678729689807977,0.45929276943206787,0.9977843426883308,0.45929276943206787,0.9977843426883308,9.077409934832303e-09,3.0824349295244247e-08,6.307977429287348e-08,0.9999998807907104,0.38073569536209106,0.36685216426849365,56,0.779050350189209,0.8417130708694458,1.0,0.8417130708694458,0.6331478357315063,0.8417130708694458,0.0,1.0
GCN,527,2614,2,1,5,-4.6352691650390625,0.7737751007080078,5.40904426574707,0.7071066498756409,0.04686826467514038,0.0,0.4697601795196533,0.06628541648387909,0.2074649488442592,0,0.0,0.04675505931612003,67,0.3398810923099518,0.9999999403953552,0.4666237929211303,0.9667651403249631,55.97869873046875,0.9686115214180206,0.4645439684391022,0.9981536189069424,0.4645439684391022,0.9981536189069424,1.4842838957918048e-08,3.340937126949939e-08,7.434518778381971e-08,0.9999998807907104,0.33988112211227417,0.3591139316558838,62,0.469786137342453,0.8397784233093262,1.0,0.8397784233093262,0.6408860683441162,0.839778482913971,0.0,0.9999999403953552
GCN,527,2618,2,1,1,-1.439631462097168,4.420361518859863,5.859992980957031,0.9486831426620483,0.16227637231349945,0.0,0.39461377263069153,0.4160204529762268,0.9617279272451686,1,0.0,0.01674808094905792,24,0.34868323802948,0.9999999403953552,0.38788899693142603,0.9202363367799113,44.50363540649414,0.8700147710487445,0.3637499213218689,0.9804283604135894,0.3637499213218689,0.9804283604135894,1.4784287571956156e-08,1.4793451796890622e-08,4.242079398864007e-08,0.9999998807907104,0.34868323802948,0.5099406838417053,19,0.9597383737564087,0.8774851560592651,1.0,0.8774851560592651,0.4900593161582947,0.8774851560592651,0.0,0.9999999403953552
GCN,527,2631,4,1,1,-4.869390487670898,1.1094506978988647,5.978841185569763,0.9486831426620483,0.10608096420764923,0.0,0.3727787137031555,0.22671741247177124,0.7459264873057977,1,0.0,0.018143754361479414,26,0.34868323802948,0.9999999403953552,0.3782168536894732,0.9084194977843427,47.3052864074707,0.9102658788774003,0.3641500771045685,0.9804283604135894,0.3641500771045685,0.9804283604135894,0.0,5.206251540990081e-10,1.31708899342442e-09,0.9999998807907104,0.34868323802948,0.5099406838417053,21,0.7558224201202393,0.8774851560592651,1.0,0.8774851560592651,0.4900593161582947,0.8774851560592651,0.0,0.9999999403953552
GCN,527,2641,2,1,2,-3.1446032524108887,2.9770331382751465,6.121636390686035,0.8660253286361694,0.05231768637895584,-0.00041800920735113323,0.4504433870315552,0.11518436670303345,0.3874573702159909,1,0.0,0.039078855547801813,56,0.3995189666748047,0.9999999403953552,0.4503955189024622,0.9619645494830132,54.2643928527832,0.9619645494830132,0.44654107093811035,0.9970457902511078,0.44654107093811035,0.9970457902511078,2.7939677238464355e-09,2.994929815258729e-08,6.006778363598642e-08,0.9999998807907104,0.3995189666748047,0.38490018248558044,52,0.8588470220565796,0.8462250232696533,1.0,0.8462250232696533,0.6150997877120972,0.8462250232696533,0.0,0.9999999403953552
GCN,527,2642,2,1,4,-5.3366570472717285,1.3277125358581543,6.664369583129883,0.7499998807907104,0.034271951764822006,0.0,0.49020692706108093,0.062115561217069626,0.20310723758999621,0,0.0,0.04954640614096301,71,0.3783363103866577,0.9999999403953552,0.4857865347441349,0.9763663220088626,59.0076789855957,0.982274741506647,0.4863937497138977,0.9981536189069424,0.4863937497138977,0.9981536189069424,7.213993846733047e-09,3.049459351700534e-08,6.200180990845183e-08,0.9999998807907104,0.3783363103866577,0.3274019956588745,66,0.6663497686386108,0.8318505883216858,1.0,0.8318505883216858,0.6725980043411255,0.831850528717041,0.0,0.9999999403953552
GCN,527,2646,4,1,1,-4.297466278076172,1.891469955444336,6.188936233520508,0.9486831426620483,0.0707089975476265,0.0,0.4216635525226593,0.16559353470802307,0.563849943160288,1,0.0,0.030006978367062107,43,0.4069366157054901,1.0,0.4188360680906911,0.9494091580502215,51.30690383911133,0.946824224519941,0.4171757996082306,0.9937223042836041,0.4171757996082306,0.9937223042836041,0.0,2.3283064365386963e-10,5.960646376479417e-08,0.9999998807907104,0.4069366753101349,0.42806798219680786,38,0.9368195533752441,0.8570169806480408,1.0,0.8570169806480408,0.5719320178031921,0.8570169806480408,0.0,1.0
GCN,527,2647,4,1,3,-3.6696972846984863,1.809498906135559,5.479196190834045,0.8017836213111877,0.0396854393184185,0.0,0.45877838134765625,0.08260507881641388,0.2233800682076544,0,0.0,0.051639916259595256,74,0.3779639005661011,0.9999999403953552,0.45815617937930886,0.96602658788774,55.02037811279297,0.9645494830132939,0.45496174693107605,0.9974150664697193,0.45496174693107605,0.9974150664697193,5.015325488244571e-09,5.288895543742456e-09,1.3977619062188751e-08,0.9999998807907104,0.3779639005661011,0.37146154046058655,69,0.7656595706939697,0.8428654670715332,1.0,0.8428654670715332,0.6285384893417358,0.8428654074668884,0.0,0.9999999403953552
GCN,527,2653,0,1,2,-0.29864418506622314,4.451929092407227,4.75057327747345,0.8660253286361694,0.05294527858495712,-0.05747554078698158,0.4400215744972229,0.11236639320850372,0.3781735505873437,1,0.0,0.040474528960223306,58,0.38690316677093506,0.9999999403953552,0.4367100191011307,0.9586410635155096,52.894432067871094,0.9560561299852289,0.4360813498497009,0.9963072378138847,0.4360813498497009,0.9963072378138847,8.172322374377927e-09,8.487946345780983e-09,6.351431380835493e-08,0.9999998807907104,0.38690322637557983,0.40432342886924744,54,0.8087489604949951,0.8510807752609253,1.0,0.8510807752609253,0.5956765413284302,0.8510808348655701,8.847564458847046e-09,0.9999999403953552
GCN,527,2658,2,1,1,-4.466235637664795,2.4034671783447266,6.8697028160095215,0.9486831426620483,0.07463280111551285,0.0,0.40450796484947205,0.18042296171188354,0.6083743842364532,1,0.0,0.030704815073272853,44,0.3890523910522461,0.9999999403953552,0.40435801610405453,0.931314623338257,48.937435150146484,0.9261447562776958,0.3987085819244385,0.9881831610044313,0.3987085819244385,0.9881831610044313,0.0,2.980414137709886e-08,5.960828275419772e-08,0.9999998807907104,0.38905245065689087,0.4532034993171692,39,0.9277058243751526,0.8633008599281311,1.0,0.8633008599281311,0.5467965006828308,0.8633008599281311,0.0,0.9999999403953552
GCN,527,2668,3,1,5,-3.601132392883301,1.682713508605957,5.283845901489258,0.7071066498756409,0.02500685304403305,-0.0003512635885272175,0.5203453898429871,0.05215518921613693,0.1733611216369837,0,0.0,0.06489881367759945,93,0.3793965280056,1.0,0.514277952779944,0.9844903988183161,62.27833557128906,0.9896602658788775,0.5169420838356018,0.9985228951255539,0.5169420838356018,0.9985228951255539,7.213993846733047e-09,6.000800567562692e-08,1.2060662868407235e-07,0.9999999403953552,0.37939661741256714,0.2846027612686157,89,0.7673882246017456,0.8211506605148315,1.0,0.8211506605148315,0.7153972387313843,0.8211506605148315,2.3283064365386963e-10,1.0
GCN,527,2669,3,1,1,-3.9010608196258545,1.7132331132888794,5.614293932914734,0.9486831426620483,0.08908270299434662,0.0,0.3678014874458313,0.2199019491672516,0.7324744221295946,1,0.0,0.025819958129797628,37,0.34868323802948,0.9999999403953552,0.3754550834832334,0.9084194977843427,44.49977111816406,0.869645494830133,0.3637552261352539,0.9804283604135894,0.3637552261352539,0.9804283604135894,1.0030650976489142e-08,1.0044153064825423e-08,2.8797368045729854e-08,0.9999998807907104,0.34868323802948,0.5099406838417053,32,0.8613315224647522,0.8774850964546204,1.0,0.8774850964546204,0.4900593161582947,0.8774851560592651,0.0,0.9999999403953552
GCN,527,2681,4,1,5,-1.3130052089691162,3.1497230529785156,4.462728261947632,0.7071066498756409,0.04261181131005287,-0.05925225093960762,0.41476067900657654,0.3086051344871521,0.8870784388025768,1,0.0,0.056524773203070484,81,0.29730555415153503,0.9999999403953552,0.4036121559450424,0.931314623338257,49.8171272277832,0.9342688330871491,0.41040608286857605,0.9926144756277696,0.41040608286857605,0.9926144756277696,1.1472669037004835e-08,1.0783351989118728e-08,3.6251904589335027e-08,0.9999998807907104,0.29730555415153503,0.43939515948295593,77,0.6850107312202454,0.8598487377166748,1.0,0.8598487377166748,0.5606048107147217,0.8598487377166748,5.3551048040390015e-09,0.9999999403953552
GCN,527,2685,2,0,4,-6.1112847328186035,-0.7505161166191101,5.360768616199493,0.7499998807907104,0.05934588238596916,0.0,0.47752851247787476,0.11670075356960297,0.3904888215233043,1,0.0,0.027913468248429867,40,0.3650457262992859,1.0,0.4679365570509265,0.9675036927621861,56.829193115234375,0.9726735598227474,0.47073039412498474,0.9981536189069424,0.47073039412498474,0.9981536189069424,9.125060707049215e-09,1.1791900789148713e-08,3.2287822193666216e-08,0.9999998807907104,0.3650457561016083,0.351029634475708,35,0.7042770385742188,0.837757408618927,1.0,0.837757408618927,0.648970365524292,0.837757408618927,0.0,1.0
GCN,527,2686,3,1,2,-5.146183967590332,1.2793691158294678,6.4255530834198,0.8660253286361694,0.09780437499284744,0.0,0.465689092874527,0.20662938058376312,0.6996968548692687,1,0.0,0.015352407536636426,22,0.4043872356414795,0.9999999403953552,0.4671592901637341,0.9667651403249631,56.57967758178711,0.9715657311669128,0.4610901474952698,0.9977843426883308,0.4610901474952698,0.9977843426883308,1.053671194739536e-08,3.072041465657094e-08,6.238900596144958e-08,0.9999998807907104,0.4043872356414795,0.3774050772190094,17,0.8520408868789673,0.8443512916564941,1.0,0.8443512916564941,0.622594952583313,0.8443512916564941,0.0,0.9999999403953552
GCN,527,2689,2,1,2,-3.7820775508880615,2.79134464263916,6.573422193527222,0.8660253286361694,0.08940719068050385,0.0,0.4348219037055969,0.20952937006950378,0.7044334975369458,1,0.0,0.024424284717376135,35,0.3780724108219147,0.9999998807907104,0.4305468029838257,0.9512555391432792,52.346824645996094,0.9527326440177253,0.42792731523513794,0.9948301329394387,0.42792731523513794,0.9948301329394387,0.0,2.980777935590595e-08,5.96155587118119e-08,0.9999998807907104,0.3780723810195923,0.417919397354126,30,0.8824994564056396,0.8544799089431763,1.0,0.8544799089431763,0.582080602645874,0.8544798493385315,0.0,0.9999998807907104
GCN,527,2690,6,1,1,-0.25795793533325195,3.6766715049743652,3.934629440307617,0.9486831426620483,0.15704141557216644,0.0,0.3922533094882965,0.4047067165374756,0.9566123531640773,1,0.0,0.015352407536636426,22,0.34868323802948,0.9999999403953552,0.3837367208960465,0.9117429837518464,44.991390228271484,0.8788774002954209,0.3640040457248688,0.9804283604135894,0.3640040457248688,0.9804283604135894,1.053671194739536e-08,1.054956655366368e-08,3.0247271354255645e-08,0.9999998807907104,0.34868323802948,0.5099406838417053,17,0.9589899778366089,0.8774852156639099,1.0,0.8774852156639099,0.4900593161582947,0.8774851560592651,0.0,0.9999999403953552
GCN,527,2699,3,1,1,-2.776954174041748,3.470513105392456,6.247467279434204,0.9486831426620483,0.08612877875566483,0.0,0.3920639157295227,0.2142668068408966,0.7190223569533915,1,0.0,0.025819958129797628,37,0.37397533655166626,0.9999999403953552,0.39933175355782397,0.9268833087149188,49.70418167114258,0.9331610044313147,0.3881319761276245,0.9863367799113737,0.3881319761276245,0.9863367799113737,9.497663988611293e-09,3.1279999035405126e-08,6.479130121306298e-08,0.9999998807907104,0.37397533655166626,0.47439372539520264,32,0.9253044128417969,0.8685984015464783,1.0,0.8685984015464783,0.5256062746047974,0.868598461151123,0.0,0.9999999403953552
GCN,527,2700,3,1,1,-2.2790687084198,3.828110694885254,6.107179403305054,0.9486831426620483,0.08699715882539749,-0.0011732541024684906,0.392381489276886,0.2158648669719696,0.7195907540735127,1,0.0,0.02372644801116539,34,0.37397533655166626,0.9999999403953552,0.3966409533779009,0.9268833087149188,47.62810516357422,0.9139586410635155,0.38760149478912354,0.9863367799113737,0.38760149478912354,0.9863367799113737,6.969380184074225e-09,3.056473119045222e-08,6.23155500534267e-08,0.9999998807907104,0.37397533655166626,0.47439372539520264,30,0.9171635508537292,0.868598461151123,1.0,0.868598461151123,0.5256062746047974,0.868598461151123,0.0,0.9999999403953552
GCN,527,2702,0,1,2,0.16813838481903076,5.672192573547363,5.5040541887283325,0.8660253286361694,0.05912607163190842,-0.001170324394479394,0.47410058975219727,0.1177380383014679,0.3912466843501326,1,0.0,0.025819958129797628,37,0.41986462473869324,0.9999998807907104,0.46966393701632353,0.9675036927621861,56.89484405517578,0.9730428360413589,0.4691987931728363,0.9981536189069424,0.4691987931728363,0.9981536189069424,6.4523919540704355e-09,3.0583347410129136e-08,1.2031186713556963e-07,0.9999998807907104,0.41986456513404846,0.353576123714447,33,0.8175961971282959,0.838394045829773,1.0,0.838394045829773,0.646423876285553,0.838394045829773,0.0,0.9999998807907104
GCN,527,2707,3,1,4,-5.0636677742004395,0.2011871337890625,5.264854907989502,0.7499998807907104,0.03268706426024437,0.0,0.5178044438362122,0.06517662107944489,0.20651762031072377,0,0.0,0.05512909979064899,79,0.39995914697647095,0.9999999403953552,0.5113017880481423,0.9844903988183161,62.01274108886719,0.9892909896602659,0.5145878791809082,0.9985228951255539,0.5145878791809082,0.9985228951255539,2.2931159193717576e-09,2.1841450870141443e-09,5.984714590567819e-08,0.9999998807907104,0.39995914697647095,0.28896135091781616,74,0.7743598222732544,0.8222403526306152,1.0,0.8222403526306152,0.7110386490821838,0.8222403526306152,0.0,0.9999999403953552
GCN,320,1370,6,1,8,-1.4968509674072266,2.0944762229919434,3.59132719039917,0.6123723983764648,0.021423552185297012,-0.0003667987184599042,0.5361471772193909,0.04223265126347542,0.10989010989010989,0,0.0,0.07815771109560363,112,0.3386063575744629,0.9999999403953552,0.527043009586369,0.9863367799113737,64.10943603515625,0.992245199409158,0.5325887799263,0.9988921713441654,0.5325887799263,0.9988921713441654,1.2254060877125994e-08,6.06576335826503e-08,1.818790877905485e-07,0.9999999403953552,0.33860644698143005,0.2627439796924591,108,0.6472269296646118,0.8156859874725342,1.0,0.8156859874725342,0.7372560501098633,0.8156859874725342,5.820766091346741e-11,0.9999999403953552
GCN,320,1376,0,1,3,2.202892303466797,7.026772499084473,4.823880195617676,0.8017836213111877,0.0350797064602375,0.0,0.5067834854125977,0.07269173860549927,0.21182266009852216,0,0.0,0.04884856943475227,70,0.4183961749076843,0.9999998807907104,0.49953741788710493,0.9763663220088626,60.6938591003418,0.9859675036927622,0.5030249357223511,0.9985228951255539,0.5030249357223511,0.9985228951255539,6.984919309616089e-09,3.0529239580801004e-08,6.16714217471781e-08,0.9999998807907104,0.41839614510536194,0.3042243421077728,65,0.841993510723114,0.826056182384491,1.0,0.826056182384491,0.6957756280899048,0.8260561227798462,0.0,0.9999998807907104
GCN,320,1378,2,1,3,-3.8384275436401367,2.263360023498535,6.101787567138672,0.8017836213111877,0.052128564566373825,0.0,0.43646296858787537,0.09458842873573303,0.27453580901856767,0,0.0,0.0418702023726448,60,0.35765519738197327,0.9999999403953552,0.43795449627352623,0.9597488921713442,52.48108673095703,0.9534711964549483,0.4321015179157257,0.9959379615952733,0.4321015179157257,0.9959379615952733,9.405896506109457e-09,3.076273458191281e-08,6.330957091904565e-08,0.9999998807907104,0.35765522718429565,0.40523403882980347,55,0.634989857673645,0.8513085246086121,1.0,0.8513085246086121,0.5947659611701965,0.8513085246086121,0.0,0.9999999403953552
GCN,320,1392,3,1,3,-1.9381648302078247,4.7150044441223145,6.653169274330139,0.8017836213111877,0.035835810005664825,-0.0009623709484003484,0.49023470282554626,0.07085894048213959,0.21049640015157256,0,0.0,0.05024424284717376,72,0.40452277660369873,0.9999999403953552,0.48582611831369865,0.9763663220088626,58.635955810546875,0.9811669128508124,0.48664963245391846,0.9981536189069424,0.48664963245391846,0.9981536189069424,5.015325488244571e-09,3.0126162897659015e-08,1.1970827529239614e-07,0.9999999403953552,0.4045228362083435,0.32729512453079224,69,0.777210533618927,0.8318237066268921,1.0,0.8318237066268921,0.6727048754692078,0.8318237662315369,0.0,0.9999999403953552
GCN,320,1393,3,1,1,-1.966647982597351,3.2755255699157715,5.242173552513123,0.9486831426620483,0.08223089575767517,0.0,0.3660241365432739,0.20585334300994873,0.6993179234558545,1,0.0,0.030006978367062107,43,0.3486832082271576,0.9999999403953552,0.3772723570709042,0.9084194977843427,44.98045349121094,0.8788774002954209,0.3618561923503876,0.9800590841949779,0.3618561923503876,0.9800590841949779,7.902533738501916e-09,7.916241884231567e-09,2.2692621115538714e-08,0.9999998807907104,0.3486832082271576,0.5099407434463501,38,0.8692684769630432,0.8774851560592651,1.0,0.8774851560592651,0.4900592565536499,0.8774851560592651,0.0,0.9999999403953552
GCN,320,1400,3,1,2,-5.725729942321777,0.3815581798553467,6.107288122177124,0.8660253286361694,0.058645207434892654,-0.0005410424782894552,0.42781826853752136,0.1304059624671936,0.418529746115953,1,0.0,0.03628750872295883,52,0.3780724108219147,0.9999998807907104,0.4266853532883812,0.9508862629246676,51.190555572509766,0.9453471196454948,0.4226723611354828,0.9940915805022157,0.4226723611354828,0.9940915805022157,0.0,3.027246009423834e-08,6.122780149553364e-08,0.9999998807907104,0.3780723810195923,0.417919397354126,48,0.8238628506660461,0.8544799089431763,1.0,0.8544799089431763,0.582080602645874,0.8544798493385315,4.656612873077393e-10,0.9999998807907104
GCN,320,1416,0,1,18,3.0935375690460205,5.997984886169434,2.904447317123413,0.4522669315338135,0.013079440221190453,-0.0014956336235627532,0.5020247101783752,0.024159587919712067,0.10837438423645321,0,0.0,0.14863921842288905,213,0.23425732553005219,0.9999999403953552,0.4976753344986126,0.9763663220088626,60.04381561279297,0.9844903988183161,0.49878329038619995,0.9985228951255539,0.49878329038619995,0.9985228951255539,1.1368240571130173e-08,1.9851457366826253e-08,8.177416077614907e-08,0.9999998807907104,0.23425735533237457,0.30938321352005005,211,0.4193921387195587,0.8273457288742065,1.0,0.8273457288742065,0.69061678647995,0.8273457884788513,1.646361241780525e-10,0.9999999403953552
GCN,320,1422,4,1,1,-3.9444468021392822,0.9688427448272705,4.913289546966553,0.9486831426620483,0.0850110873579979,0.0,0.40677717328071594,0.20555353164672852,0.6962864721485411,1,0.0,0.025819958129797628,37,0.38905248045921326,0.9999999403953552,0.4077718729120155,0.9316838995568686,49.63910675048828,0.9327917282127031,0.4004599452018738,0.9885524372230429,0.4004599452018738,0.9885524372230429,8.33000246558413e-09,3.094984180052052e-08,6.334558122489398e-08,0.9999998807907104,0.38905248045921326,0.4532035291194916,32,0.933097779750824,0.8633009195327759,1.0000001192092896,0.8633008003234863,0.5467965602874756,0.8633009195327759,0.0,0.9999999403953552
GCN,320,1423,3,1,2,-0.0853356122970581,5.875176906585693,5.9605125188827515,0.8660253286361694,0.046310484409332275,0.0,0.4993430972099304,0.09743505716323853,0.2917771883289125,0,0.0,0.03628750872295883,52,0.44438299536705017,0.9999998807907104,0.49408756317999897,0.9763663220088626,60.17879104614258,0.9848596750369276,0.49542829394340515,0.9985228951255539,0.49542829394340515,0.9985228951255539,3.725290298461914e-09,3.003515303134918e-08,6.02002785399236e-08,0.9999998807907104,0.44438302516937256,0.31582748889923096,47,0.9098411202430725,0.8289568424224854,1.0,0.8289568424224854,0.684172511100769,0.8289568424224854,0.0,0.9999998807907104
GCN,320,1425,4,1,2,-2.8572402000427246,2.872020959854126,5.729261159896851,0.8660253286361694,0.04911937192082405,-0.00045644951751455665,0.49358150362968445,0.0991828441619873,0.31110269041303523,0,0.0,0.03210048848569435,46,0.43884649872779846,0.9999998807907104,0.486948651532379,0.9763663220088626,59.09852600097656,0.982274741506647,0.48874983191490173,0.9981536189069424,0.48874983191490173,0.9981536189069424,7.450580596923828e-09,3.06638945346549e-08,1.2033825669277576e-07,0.9999998807907104,0.4388464689254761,0.32435154914855957,42,0.8631240129470825,0.8310878276824951,1.0,0.8310878276824951,0.6756484508514404,0.8310878872871399,2.3283064365386963e-10,0.9999998807907104
GCN,320,1429,4,1,3,-2.9860525131225586,2.2497012615203857,5.235753774642944,0.8017836213111877,0.04172129929065704,0.0,0.4920787215232849,0.07264097034931183,0.21182266009852216,0,0.0,0.040474528960223306,58,0.40549206733703613,0.9999999403953552,0.48732460913902986,0.9763663220088626,58.82783889770508,0.9819054652880355,0.4880090355873108,0.9981536189069424,0.4880090355873108,0.9981536189069424,6.177695244247161e-09,5.27863575072729e-09,1.303415864128965e-08,0.9999998807907104,0.40549206733703613,0.3256832957267761,53,0.6869348883628845,0.8314208388328552,1.0,0.8314208388328552,0.6743167042732239,0.8314208388328552,0.0,0.9999999403953552
GCN,320,1434,3,1,2,-4.14340877532959,2.711721897125244,6.855130672454834,0.8660253286361694,0.0720544308423996,0.0,0.49381300806999207,0.15910357236862183,0.5454717696097007,1,0.0,0.02512212142358688,36,0.4356844425201416,0.9999998807907104,0.4877153550606261,0.9763663220088626,59.22393035888672,0.982274741506647,0.48831719160079956,0.9981536189069424,0.48831719160079956,0.9981536189069424,9.125060707049215e-09,3.1173232883929813e-08,6.318760625845243e-08,0.9999998807907104,0.4356844425201416,0.32921984791755676,31,0.9443051218986511,0.8323049545288086,1.0,0.8323049545288086,0.6707801818847656,0.8323049545288086,0.0,0.9999998807907104
GCN,320,1436,5,1,1,-3.5050740242004395,2.4912567138671875,5.996330738067627,0.9486831426620483,0.08288966119289398,0.0,0.4165445566177368,0.17230656743049622,0.5867752936718454,1,0.0,0.022330774598743892,32,0.3993415832519531,0.9999999403953552,0.41356555339648227,0.9449778434268833,49.59901428222656,0.9327917282127031,0.40954306721687317,0.9926144756277696,0.40954306721687317,0.9926144756277696,7.450580596923828e-09,3.049548169542504e-08,6.176635025667565e-08,0.9999998807907104,0.3993415832519531,0.43874257802963257,27,0.8214555978775024,0.8596855998039246,1.0,0.8596855998039246,0.5612574219703674,0.8596856594085693,0.0,0.9999999403953552
GCN,320,1437,4,1,1,-1.3360381126403809,4.381765365600586,5.717803478240967,0.9486831426620483,0.07450384646654129,0.0,0.40448158979415894,0.1817885935306549,0.6087533156498673,1,0.0,0.030006978367062107,43,0.38905248045921326,0.9999999403953552,0.4064657115445848,0.9316838995568686,49.515655517578125,0.9320531757754801,0.39919915795326233,0.9881831610044313,0.39919915795326233,0.9881831610044313,7.679882507716229e-09,3.0781233562038324e-08,6.280045994344619e-08,0.9999998807907104,0.38905248045921326,0.4532034695148468,38,0.9362846612930298,0.8633009195327759,1.0,0.8633009195327759,0.5467965602874756,0.8633009195327759,0.0,0.9999999403953552
GCN,320,1441,5,0,23,-3.2880072593688965,-1.0067262649536133,2.281280994415283,0.40824824571609497,0.016554513946175575,-0.0008877303916960955,0.450493186712265,0.031300194561481476,0.10837438423645321,0,0.0,0.14724354501046755,211,0.18929697573184967,0.9999999403953552,0.4495445894152272,0.9615952732644018,53.812442779541016,0.9593796159527327,0.44690659642219543,0.9970457902511078,0.44690659642219543,0.9970457902511078,2.1871214173074804e-08,1.9076844992582664e-08,1.0080081835894816e-07,0.9999998807907104,0.18929699063301086,0.38175860047340393,207,0.3477308452129364,0.8454396724700928,1.0,0.8454396724700928,0.6182414293289185,0.8454396724700928,2.3283064365386963e-10,0.9999999403953552
GCN,320,1442,3,1,2,-2.9727020263671875,3.343294382095337,6.315996408462524,0.8660253286361694,0.056303102523088455,0.0,0.4092003107070923,0.11882661283016205,0.39636225843122397,1,0.0,0.03838101884159107,55,0.3616158068180084,0.9999998807907104,0.413092953597563,0.9449778434268833,49.29024887084961,0.930576070901034,0.4043081998825073,0.9907680945347119,0.4043081998825073,0.9907680945347119,7.450580596923828e-09,8.349503310967066e-09,2.3120069414517275e-08,0.9999998807907104,0.3616158068180084,0.4432559609413147,50,0.7479075789451599,0.8608139753341675,1.0,0.8608139753341675,0.5567440390586853,0.8608139753341675,0.0,0.9999998807907104
GCN,320,1444,2,1,4,-2.7174673080444336,1.7231104373931885,4.440577745437622,0.7499998807907104,0.03330957144498825,-0.0009568525711074471,0.5335626602172852,0.050071220844984055,0.15934065934065933,0,0.0,0.052337752965806,75,0.4121304154396057,0.9999999403953552,0.5248555575079188,0.9863367799113737,63.821258544921875,0.9918759231905465,0.5297793745994568,0.9988921713441654,0.5297793745994568,0.9988921713441654,3.9237315618834145e-09,3.004327453481892e-08,6.030931842815335e-08,0.9999998807907104,0.4121304452419281,0.2673235237598419,72,0.6015417575836182,0.8168308138847351,1.0,0.8168308138847351,0.7326765060424805,0.8168308734893799,0.0,0.9999999403953552
GCN,320,1448,1,1,5,-2.0760011672973633,3.8039751052856445,5.879976272583008,0.7071066498756409,0.02160467952489853,-0.002076077973470092,0.5649345517158508,0.04770301282405853,0.13793103448275862,0,0.0,0.06629448709002093,95,0.4122214913368225,0.9999999403953552,0.5532291745292574,0.990029542097489,67.63935852050781,0.9966765140324964,0.5616591572761536,0.9988921713441654,0.5616591572761536,0.9988921713441654,5.963374238859842e-09,5.122274160385132e-09,1.2513968528082842e-08,0.9999998807907104,0.4122215211391449,0.22270753979682922,91,0.8205729126930237,0.8056769371032715,1.0,0.8056769371032715,0.7772924900054932,0.8056769371032715,0.0,0.9999999403953552
GCN,320,1450,3,1,3,-3.6210668087005615,2.187093496322632,5.808160305023193,0.8017836213111877,0.04063565284013748,0.0,0.46307986974716187,0.08446523547172546,0.22735884804850323,0,0.0,0.05024424284717376,72,0.3814423382282257,0.9999999403953552,0.4606221785387768,0.96602658788774,55.57967758178711,0.9663958641063516,0.4591672122478485,0.9974150664697193,0.4591672122478485,0.9974150664697193,5.890201215663637e-09,5.5976281387870586e-09,6.13891089074059e-08,0.9999998807907104,0.3814423680305481,0.36567699909210205,67,0.7717628479003906,0.8414192795753479,1.0,0.8414192795753479,0.634323000907898,0.8414192199707031,0.0,0.9999999403953552
GCN,320,1452,4,1,3,-2.936220169067383,2.1647567749023438,5.100976943969727,0.8017836213111877,0.039163362234830856,0.0,0.5255740880966187,0.08140543103218079,0.22167487684729065,0,0.0,0.0418702023726448,60,0.43365055322647095,0.9999999403953552,0.5173343876274089,0.9859675036927622,62.88102340698242,0.9903988183161004,0.5215049386024475,0.9985228951255539,0.5215049386024475,0.9985228951255539,5.164433325433038e-09,3.0197156775102485e-08,6.064689017648561e-08,0.9999998807907104,0.4336506128311157,0.2788568139076233,55,0.8759201765060425,0.8197142481803894,1.0,0.8197142481803894,0.7211431860923767,0.8197141885757446,0.0,0.9999999403953552
GCN,320,1457,3,1,3,-4.315587997436523,1.634986162185669,5.950574159622192,0.8017836213111877,0.044011928141117096,-0.0011700000613927841,0.41245222091674805,0.08513084053993225,0.23001136794240243,0,0.0,0.052337752965806,75,0.33869943022727966,0.9999998807907104,0.41580683882113617,0.948301329394387,49.53261947631836,0.9320531757754801,0.40839883685112,0.9926144756277696,0.40839883685112,0.9926144756277696,6.71586253275791e-09,6.740034752539259e-09,6.284901132858067e-08,0.9999998807907104,0.33869943022727966,0.4367567300796509,71,0.6396572589874268,0.8591892123222351,1.0,0.8591892123222351,0.5632432699203491,0.8591891527175903,0.0,0.9999998807907104
GCN,320,1476,6,1,2,-1.925711989402771,2.5322036743164062,4.457915663719177,0.8660253286361694,0.0553131178021431,-0.0030923672020435333,0.4273851811885834,0.11015941202640533,0.3685107995452823,1,0.0,0.03558967201674808,51,0.3780724108219147,0.9999998807907104,0.42739189058115823,0.9508862629246676,51.242347717285156,0.9460856720827179,0.4227733612060547,0.9940915805022157,0.4227733612060547,0.9940915805022157,9.723293281638234e-09,3.089110833798259e-08,6.33603747246525e-08,0.9999998807907104,0.3780723810195923,0.417919397354126,48,0.7371292114257812,0.8544798493385315,1.0,0.8544798493385315,0.582080602645874,0.8544798493385315,0.0,0.9999998807907104
GCN,320,1486,2,1,3,-3.498444080352783,3.4109630584716797,6.909407138824463,0.8017836213111877,0.03606593608856201,-0.06369991600513458,0.5163556933403015,0.07651984691619873,0.21674876847290642,0,0.0,0.04884856943475227,70,0.42390191555023193,0.9999998807907104,0.5072786900024452,0.9844903988183161,62.047630310058594,0.9892909896602659,0.5131281018257141,0.9985228951255539,0.5131281018257141,0.9985228951255539,0.0,2.1083712553604528e-09,4.884803228577539e-09,0.9999998807907104,0.42390191555023193,0.29506850242614746,67,0.8783811330795288,0.8237671852111816,1.0,0.8237671852111816,0.7049314975738525,0.8237671256065369,8.614733815193176e-09,0.9999998807907104
GCN,320,1487,6,1,4,-0.7691275477409363,3.1133041381835938,3.88243168592453,0.7499998807907104,0.027274535968899727,-0.001509651425294578,0.5080623626708984,0.05672832578420639,0.19325502084122773,0,0.0,0.0628053035589672,90,0.39277899265289307,0.9999998807907104,0.5017380903205715,0.9844903988183161,60.79370880126953,0.9867060561299852,0.5049624443054199,0.9985228951255539,0.5049624443054199,0.9985228951255539,3.357931266378955e-09,2.9935719680906914e-08,1.1943319577767397e-07,0.9999999403953552,0.39277902245521545,0.3017260432243347,86,0.7542918920516968,0.8254314661026001,1.0,0.8254314661026001,0.6982739567756653,0.8254315257072449,4.656612873077393e-10,0.9999998807907104
GCN,320,1493,4,1,1,-1.0624969005584717,5.016982078552246,6.079478979110718,0.9486831426620483,0.07283671945333481,0.0,0.4544982612133026,0.1660095751285553,0.563849943160288,1,0.0,0.028611304954640614,41,0.4392373859882355,0.9999998807907104,0.4501850350421161,0.9619645494830132,54.56853103637695,0.9627031019202363,0.45004621148109436,0.9974150664697193,0.45004621148109436,0.9974150664697193,7.213993846733047e-09,3.066831411047133e-08,6.183655187896875e-08,0.9999998807907104,0.4392373561859131,0.38267073035240173,36,0.9827343821525574,0.8456677198410034,1.0,0.8456677198410034,0.6173292398452759,0.8456676602363586,0.0,0.9999998807907104
GCN,320,1499,2,1,4,-3.324188709259033,2.629809856414795,5.953998565673828,0.7499998807907104,0.032199643552303314,0.0,0.5478904843330383,0.05799319967627525,0.1962864721485411,0,0.0,0.051639916259595256,74,0.4233991801738739,0.9999999403953552,0.538698515810709,0.9889217134416544,65.51829528808594,0.9940915805022157,0.5440929532051086,0.9988921713441654,0.5440929532051086,0.9988921713441654,9.125060707049215e-09,9.187226979179286e-09,2.1688876472580887e-08,0.9999998807907104,0.4233991801738739,0.24729019403457642,69,0.7400838732719421,0.8118225336074829,1.0,0.8118225336074829,0.7527098059654236,0.8118225336074829,0.0,0.9999999403953552
GCN,320,1501,6,1,7,-1.042358160018921,2.543076515197754,3.585434675216675,0.6396021246910095,0.02195109613239765,-0.0005820837104693055,0.503520667552948,0.03491713106632233,0.10837438423645321,0,0.0,0.07885554780181438,113,0.3320712447166443,0.9999999403953552,0.49852858043073783,0.9763663220088626,60.28985595703125,0.9848596750369276,0.5006015300750732,0.9985228951255539,0.5006015300750732,0.9985228951255539,1.103921754008752e-08,1.3295832879123282e-08,4.0046494120815623e-08,0.9999998807907104,0.3320712447166443,0.3077545464038849,109,0.5122825503349304,0.8269386887550354,1.0,0.8269386887550354,0.6922454833984375,0.8269386291503906,2.3283064365386963e-10,0.9999999403953552
GCN,320,1506,2,1,2,-2.138906478881836,4.232390403747559,6.3712968826293945,0.8660253286361694,0.05089077353477478,0.0,0.49074167013168335,0.10934752225875854,0.367942402425161,1,0.0,0.034193998604326585,49,0.436093807220459,0.9999999403953552,0.4835306776634196,0.9763663220088626,58.563655853271484,0.9811669128508124,0.4861907958984375,0.9981536189069424,0.4861907958984375,0.9981536189069424,1.0485137202920214e-08,3.1592982452366414e-08,6.427293897104391e-08,0.9999998807907104,0.436093807220459,0.328589528799057,44,0.9131737351417542,0.8321473598480225,1.0,0.8321473598480225,0.6714104413986206,0.8321473598480225,0.0,0.9999999403953552
GCN,320,1507,0,1,6,-1.1806848049163818,2.772184371948242,3.952869176864624,0.6708203554153442,0.028268294408917427,0.0,0.5194696187973022,0.05102942883968353,0.16331943918150815,0,0.0,0.056524773203070484,81,0.3589758276939392,0.9999998807907104,0.5122580561937572,0.9844903988183161,62.12151336669922,0.9892909896602659,0.5159254670143127,0.9985228951255539,0.5159254670143127,0.9985228951255539,1.0790889959366723e-08,3.148038985045787e-08,1.2251895498138765e-07,0.9999999403953552,0.358975887298584,0.28649380803108215,76,0.6290534138679504,0.8216235041618347,1.0,0.8216235041618347,0.7135062217712402,0.8216234445571899,0.0,0.9999998807907104
GCN,320,1523,0,1,2,0.33238375186920166,4.974391460418701,4.6420077085494995,0.8660253286361694,0.05808721482753754,-0.08948604017496109,0.43907710909843445,0.13242727518081665,0.4236453201970443,1,0.0,0.03768318213538032,54,0.38306236267089844,1.0,0.42375324835981026,0.9501477104874446,52.689239501953125,0.9542097488921714,0.4341711401939392,0.9963072378138847,0.4341711401939392,0.9963072378138847,9.266542200236927e-09,3.1279999035405126e-08,1.2176130326224666e-07,0.9999999403953552,0.3830624520778656,0.4102367162704468,50,0.8668985366821289,0.8525591492652893,1.0,0.8525591492652893,0.5897632837295532,0.8525592088699341,1.3504177331924438e-08,1.0
GCN,320,1541,3,1,1,-4.487354278564453,1.416327714920044,5.903681993484497,0.9486831426620483,0.09069238603115082,0.0,0.36823830008506775,0.23053625226020813,0.7559681697612732,1,0.0,0.025819958129797628,37,0.34868323802948,0.9999999403953552,0.36211102185908756,0.8980797636632201,45.150856018066406,0.880354505169867,0.3588220775127411,0.9778434268833087,0.3588220775127411,0.9778434268833087,6.969380184074225e-09,6.988798872953339e-09,2.0031059477787494e-08,0.9999998807907104,0.34868323802948,0.5099406838417053,32,0.8880113363265991,0.8774851560592651,1.0,0.8774851560592651,0.4900593161582947,0.8774851560592651,0.0,0.9999999403953552
GCN,320,1546,2,1,5,-5.282780170440674,0.30677366256713867,5.5895538330078125,0.7071066498756409,0.025761853903532028,-0.06594368070363998,0.5529466867446899,0.046118468046188354,0.12542629784009093,0,0.0,0.05303558967201675,76,0.40148094296455383,0.9999999403953552,0.5406320637588762,0.9889217134416544,66.12395477294922,0.9944608567208272,0.5492104887962341,0.9988921713441654,0.5492104887962341,0.9988921713441654,7.345243968615023e-09,3.052857167062939e-08,6.183805822956856e-08,0.9999998807907104,0.4014809727668762,0.24296008050441742,72,0.6999483108520508,0.8107399940490723,1.0,0.8107399940490723,0.7570399045944214,0.8107399940490723,3.259629011154175e-09,0.9999999403953552
GCN,320,1554,3,0,4,-7.030089378356934,-2.581444263458252,4.448645114898682,0.7499998807907104,0.057508327066898346,0.0,0.46420565247535706,0.12437383830547333,0.4041303524062145,1,0.0,0.03210048848569435,46,0.35489267110824585,0.9999999403953552,0.4629918241335127,0.9663958641063516,55.66706848144531,0.9663958641063516,0.45894375443458557,0.9974150664697193,0.45894375443458557,0.9974150664697193,7.679882507716229e-09,3.0911280646250816e-08,1.2144251115842053e-07,0.9999998807907104,0.35489264130592346,0.3690796196460724,41,0.7529566287994385,0.8422698974609375,1.0,0.8422698974609375,0.63092041015625,0.8422698974609375,0.0,0.9999999403953552
GCN,320,1561,1,1,2,-1.5602376461029053,4.729248523712158,6.2894861698150635,0.8660253286361694,0.04245861992239952,0.0,0.5194806456565857,0.08855129778385162,0.23796892762410005,0,0.0,0.03698534542916958,53,0.46290260553359985,0.9999998807907104,0.5136690611091387,0.9844903988183161,62.36025619506836,0.990029542097489,0.5159119367599487,0.9985228951255539,0.5159119367599487,0.9985228951255539,7.450580596923828e-09,3.0665660233353265e-08,6.161358356848723e-08,0.9999998807907104,0.46290263533592224,0.28731468319892883,48,0.9382726550102234,0.8218287229537964,1.0,0.8218287229537964,0.7126853466033936,0.8218287229537964,0.0,0.9999998807907104
GCN,320,1565,2,1,2,-3.7156178951263428,2.286372184753418,6.001990079879761,0.8660253286361694,0.12177783250808716,0.0,0.5435106754302979,0.250377357006073,0.7987874194770747,1,0.0,0.020237264480111653,29,0.4699232280254364,0.9999999403953552,0.5286575059275448,0.9870753323485968,63.41900634765625,0.991506646971935,0.5253040194511414,0.9985228951255539,0.5253040194511414,0.9985228951255539,0.0,2.980777935590595e-08,5.96155587118119e-08,0.9999998807907104,0.469923198223114,0.27650582790374756,24,0.9677550196647644,0.819126546382904,1.0,0.819126546382904,0.7234941720962524,0.8191264867782593,0.0,0.9999999403953552
GCN,320,1567,3,0,4,-5.3241047859191895,-0.5950376391410828,4.729067146778107,0.7499998807907104,0.048893678933382034,0.0,0.5002705454826355,0.10614083707332611,0.3560060629026146,1,0.0,0.03349616189811584,48,0.384485125541687,0.9999998807907104,0.49149261346429796,0.9763663220088626,59.87331008911133,0.9826440177252584,0.4958324730396271,0.9985228951255539,0.4958324730396271,0.9985228951255539,1.0030650976489142e-08,3.1500189123789823e-08,6.524577855770985e-08,0.9999998807907104,0.3844850957393646,0.31647080183029175,43,0.8145090341567993,0.8291177749633789,1.0,0.8291177749633789,0.6835291981697083,0.8291177153587341,0.0,0.9999998807907104
GCN,320,1568,2,1,4,-2.775099992752075,3.4189257621765137,6.194025754928589,0.7499998807907104,0.026322316378355026,-0.0008465491118840873,0.5589608550071716,0.05433362349867821,0.1883289124668435,0,0.0,0.05722260990928123,82,0.4324084222316742,0.9999999403953552,0.547324159638048,0.9889217134416544,66.89818572998047,0.9951994091580503,0.5554898381233215,0.9988921713441654,0.5554898381233215,0.9988921713441654,4.032745248849778e-09,3.8469933905105336e-09,8.892557801232215e-09,0.9999998807907104,0.4324084520339966,0.23127372562885284,78,0.8653408288955688,0.8078184723854065,1.0,0.8078184723854065,0.7687262892723083,0.8078184127807617,0.0,0.9999999403953552
GCN,320,1583,0,1,10,-0.934048056602478,3.412000894546509,4.346048951148987,0.5669466257095337,0.015888851135969162,-0.00031610793666914105,0.5505924820899963,0.030029600486159325,0.10837438423645321,0,0.0,0.08932309839497557,128,0.3222067654132843,0.9999999403953552,0.5420838424578579,0.9889217134416544,65.9435043334961,0.9944608567208272,0.5474806427955627,0.9988921713441654,0.5474806427955627,0.9988921713441654,6.914717243233781e-09,8.313716826080508e-09,2.5813315929212877e-08,0.9999998807907104,0.3222067952156067,0.24224072694778442,124,0.5899695158004761,0.8105601668357849,1.0,0.8105601668357849,0.7577592730522156,0.8105601668357849,1.1641532182693481e-10,0.9999999403953552
GCN,320,1589,2,1,3,-4.107132911682129,2.74031662940979,6.847449541091919,0.8017836213111877,0.03290301933884621,-0.0008180800941772759,0.486782431602478,0.06322282552719116,0.2046229632436529,0,0.0,0.05792044661549198,83,0.4019256830215454,0.9999999403953552,0.48221804679684355,0.9763663220088626,58.41777420043945,0.9811669128508124,0.4834526777267456,0.9981536189069424,0.4834526777267456,0.9981536189069424,6.107090388951519e-09,4.754536320206171e-09,1.1870127991642221e-08,0.9999998807907104,0.4019257128238678,0.3316139876842499,79,0.7499464154243469,0.8329035043716431,1.0,0.8329035043716431,0.6683859825134277,0.8329035043716431,0.0,0.9999999403953552
GCN,320,1591,3,1,1,-5.377548694610596,1.059540033340454,6.43708872795105,0.9486831426620483,0.07737024128437042,-0.0017203261377289891,0.39016658067703247,0.19180983304977417,0.6494884425918909,1,0.0,0.02930914166085136,42,0.3739752471446991,0.9999999403953552,0.39193070580043016,0.9261447562776958,46.96845245361328,0.9069423929098966,0.3848869204521179,0.9863367799113737,0.3848869204521179,0.9863367799113737,0.0,2.980868885060772e-08,5.961737770121545e-08,0.9999998807907104,0.3739752471446991,0.4743937849998474,38,0.9112474918365479,0.868598461151123,0.9999999403953552,0.8685985207557678,0.5256061553955078,0.8685984015464783,0.0,0.9999999403953552
GCN,320,1597,3,1,2,-2.8685789108276367,3.2622103691101074,6.130789279937744,0.8660253286361694,0.07410874962806702,-0.000698629068210721,0.43102797865867615,0.11273862421512604,0.38006820765441457,1,0.0,0.027913468248429867,40,0.3780723512172699,0.9999998807907104,0.4297647926864789,0.9512555391432792,51.123069763183594,0.9449778434268833,0.4245990216732025,0.9944608567208272,0.4245990216732025,0.9944608567208272,5.587935447692871e-09,6.2475016271434924e-09,1.6511597422663726e-08,0.9999998807907104,0.3780723512172699,0.41791945695877075,36,0.5605037212371826,0.8544798493385315,1.0,0.8544798493385315,0.5820805430412292,0.8544798493385315,0.0,0.9999998807907104
GCN,320,1600,3,1,1,-3.5311594009399414,2.950970411300659,6.482129812240601,0.9486831426620483,0.08537032455205917,0.0,0.36682188510894775,0.2196028232574463,0.7324744221295946,1,0.0,0.02930914166085136,42,0.3486832082271576,0.9999999403953552,0.37397508831618576,0.9080502215657311,44.67242431640625,0.8737075332348597,0.3616512715816498,0.9796898079763663,0.3616512715816498,0.9796898079763663,1.1019557710767458e-08,1.1029391622230378e-08,3.1623926588508766e-08,0.9999998807907104,0.3486832082271576,0.5099407434463501,37,0.8951737880706787,0.8774851560592651,1.0,0.8774851560592651,0.4900592565536499,0.8774851560592651,0.0,0.9999999403953552
GCN,320,1602,0,1,10,3.286928176879883,7.01762580871582,3.7306976318359375,0.5669466257095337,0.01875675655901432,-0.0005308197578415275,0.5243643522262573,0.03564446419477463,0.10837438423645321,0,0.0,0.09979064898813678,143,0.30663880705833435,0.9999999403953552,0.5140014287505721,0.9844903988183161,62.70194625854492,0.9903988183161004,0.5208626389503479,0.9985228951255539,0.5208626389503479,0.9985228951255539,8.068849588482863e-09,3.105671808611987e-08,1.225685508643437e-07,0.9999999403953552,0.3066388666629791,0.27885305881500244,140,0.5424400568008423,0.8197132349014282,1.0,0.8197132349014282,0.7211469411849976,0.8197132349014282,5.820766091346741e-11,0.9999999403953552
GCN,320,1605,3,1,3,-3.5040295124053955,3.1528046131134033,6.656834125518799,0.8017836213111877,0.034807637333869934,0.0,0.497456431388855,0.06926673650741577,0.20954907161803712,0,0.0,0.055826936496859735,80,0.41066214442253113,0.9999999403953552,0.4919966978780296,0.9763663220088626,59.522003173828125,0.982274741506647,0.49330830574035645,0.9981536189069424,0.49330830574035645,0.9981536189069424,6.316537071171524e-09,6.372077532290632e-09,1.552719375297329e-08,0.9999998807907104,0.41066214442253113,0.3170856833457947,75,0.7937110662460327,0.8292713761329651,1.0,0.8292713761329651,0.6829143166542053,0.8292714357376099,0.0,0.9999999403953552
GCN,320,1611,3,1,2,-3.3090696334838867,1.6131970882415771,4.922266721725464,0.8660253286361694,0.08774266391992569,0.0,0.48327749967575073,0.18319763243198395,0.6195528609321713,1,0.0,0.01465457083042568,21,0.4229605197906494,0.9999998807907104,0.4785651356521253,0.9756277695716395,57.70624542236328,0.9785819793205317,0.475401371717453,0.9981536189069424,0.475401371717453,0.9981536189069424,1.953558737000094e-08,1.980155772685066e-08,4.681795928718202e-08,0.9999998807907104,0.4229605197906494,0.3488095700740814,16,0.8738486766815186,0.8372023105621338,1.0,0.8372023105621338,0.6511904001235962,0.8372023701667786,0.0,0.9999998807907104
GCN,320,1628,0,1,17,3.7827301025390625,6.265020370483398,2.482290267944336,0.462909996509552,0.013872211799025536,-0.012059468775987625,0.5262945294380188,0.02427317574620247,0.10837438423645321,0,0.0,0.13189113747383113,189,0.25121989846229553,0.9999999403953552,0.5165147618310408,0.9859675036927622,62.951866149902344,0.9903988183161004,0.5231005549430847,0.9985228951255539,0.5231005549430847,0.9985228951255539,1.486291356656011e-08,2.093049111806522e-08,8.352183300530669e-08,0.9999998807907104,0.2512199282646179,0.27640384435653687,187,0.42629116773605347,0.8191009759902954,1.0,0.8191009759902954,0.7235961556434631,0.8191009759902954,4.221660798719995e-09,0.9999999403953552
GCN,320,1629,2,1,3,-3.105083465576172,2.958174228668213,6.063257694244385,0.8017836213111877,0.040660664439201355,-0.0010745273903012276,0.46741539239883423,0.0805606096982956,0.2209170140204623,0,0.0,0.045359385903698535,65,0.38500866293907166,0.9999999403953552,0.46318588819263234,0.9663958641063516,55.93168640136719,0.9682422451994092,0.4631727635860443,0.9981536189069424,0.4631727635860443,0.9981536189069424,6.71586253275791e-09,3.0568276798703664e-08,6.215698533651448e-08,0.9999998807907104,0.38500869274139404,0.3597463071346283,62,0.7314921617507935,0.8399365544319153,0.9999999403953552,0.8399366140365601,0.6402536630630493,0.8399365544319153,4.656612873077393e-10,0.9999999403953552
GCN,320,1632,2,1,3,-4.265015125274658,1.604236364364624,5.869251489639282,0.8017836213111877,0.0515323206782341,0.0,0.5097285509109497,0.11621646583080292,0.3901098901098901,1,0.0,0.03628750872295883,52,0.4190332889556885,0.9999998211860657,0.5028926206095499,0.9844903988183161,61.411128997802734,0.9878138847858198,0.5049682855606079,0.9985228951255539,0.5049682855606079,0.9985228951255539,5.890201215663637e-09,3.032434747751722e-08,1.1995825843769126e-07,0.9999999403953552,0.41903331875801086,0.3031647801399231,47,0.9216883182525635,0.8257911801338196,1.0,0.8257911801338196,0.6968352198600769,0.8257911801338196,0.0,0.9999998211860657
GCN,320,1637,0,1,2,-1.2445106506347656,3.822906970977783,5.067417621612549,0.8660253286361694,0.07311322540044785,0.0,0.5127680897712708,0.1485687494277954,0.5026525198938993,1,0.0,0.02372644801116539,34,0.4527062773704529,0.9999999403953552,0.5020509320273523,0.9844903988183161,61.09891891479492,0.9874446085672083,0.5058909058570862,0.9985228951255539,0.5058909058570862,0.9985228951255539,0.0,2.9809598345309496e-08,5.961919669061899e-08,0.9999998807907104,0.45270630717277527,0.3030129671096802,29,0.9023668766021729,0.8257532119750977,1.0,0.8257532119750977,0.6969870328903198,0.8257532119750977,0.0,0.9999999403953552
GCN,320,1644,0,1,2,0.47547101974487305,6.223414897918701,5.747943878173828,0.8660253286361694,0.042852409183979034,0.0,0.5350989699363708,0.08843855559825897,0.23796892762410005,0,0.0,0.03279832519190509,47,0.47690555453300476,0.9999999403953552,0.5264374751507996,0.9863367799113737,64.09256744384766,0.9918759231905465,0.5314775705337524,0.9988921713441654,0.5314775705337524,0.9988921713441654,6.938197127936974e-09,6.003645580676675e-08,1.2015904360396235e-07,0.9999998807907104,0.4769055247306824,0.265755832195282,42,0.9563813805580139,0.8164389729499817,1.0,0.8164389729499817,0.734244167804718,0.8164389729499817,0.0,0.9999999403953552
GCN,320,1645,3,1,4,-1.4489182233810425,2.9554824829101562,4.404400706291199,0.7499998807907104,0.03293371573090553,0.0,0.5028820037841797,0.06652824580669403,0.2074649488442592,0,0.0,0.050942079553384506,73,0.38832712173461914,0.9999999403953552,0.49737057114072397,0.9763663220088626,60.17294692993164,0.9848596750369276,0.499144971370697,0.9985228951255539,0.499144971370697,0.9985228951255539,6.035659971814766e-09,6.389069717727125e-09,1.6455057760822456e-08,0.9999998807907104,0.38832715153694153,0.30964046716690063,68,0.7618905901908875,0.8274102210998535,1.0,0.8274102210998535,0.6903595328330994,0.827410101890564,0.0,0.9999999403953552
GCN,320,1653,4,1,5,-4.162917613983154,0.506079912185669,4.668997526168823,0.7071066498756409,0.027107516303658485,-0.0013394650304690003,0.5119528770446777,0.058206502348184586,0.1962864721485411,0,0.0,0.06489881367759945,93,0.37306347489356995,0.9999999403953552,0.5074673580139076,0.9844903988183161,61.333560943603516,0.9878138847858198,0.5088362693786621,0.9985228951255539,0.5088362693786621,0.9985228951255539,5.7410578513383825e-09,6.168913824211586e-09,1.654505332737699e-08,0.9999998807907104,0.37306350469589233,0.29654461145401,89,0.7374335527420044,0.8241361975669861,1.0,0.8241361975669861,0.70345538854599,0.8241361379623413,4.656612873077393e-10,0.9999999403953552
GCN,320,1661,5,1,4,-0.3084009885787964,4.535680294036865,4.844081282615662,0.7499998807907104,0.024772167205810547,-0.002308540977537632,0.5639172196388245,0.05097145959734917,0.16331943918150815,0,0.0,0.04745289602233078,68,0.43631884455680847,0.9999998807907104,0.5528484806321781,0.990029542097489,67.5193862915039,0.9966765140324964,0.5607892870903015,0.9988921713441654,0.5607892870903015,0.9988921713441654,0.0,2.9832321501999104e-08,5.97118869904989e-08,0.9999998807907104,0.43631887435913086,0.22432181239128113,64,0.8151115775108337,0.8060804605484009,1.0,0.8060804605484009,0.7756781578063965,0.8060804605484009,0.0,0.9999998807907104
GCN,320,1668,2,1,2,-1.4302034378051758,4.232909679412842,5.663113117218018,0.8660253286361694,0.052428293973207474,-0.0006536775035783648,0.4427758455276489,0.11137820780277252,0.37192118226600984,1,0.0,0.039078855547801813,56,0.3925636410713196,0.9999998807907104,0.43912675394174333,0.9601181683899557,52.7808837890625,0.955317577548006,0.4375148415565491,0.9966765140324964,0.4375148415565491,0.9966765140324964,5.8161075955354136e-09,4.799926678344946e-09,1.2212930222688101e-08,0.9999998807907104,0.3925636410713196,0.39560866355895996,52,0.814608633518219,0.84890216588974,1.0,0.84890216588974,0.60439133644104,0.84890216588974,4.656612873077393e-10,0.9999998807907104
GCN,320,1675,6,1,4,-0.8706381916999817,4.078156471252441,4.948794662952423,0.7499998807907104,0.028180701658129692,0.0,0.5413676500320435,0.05456554889678955,0.18927624100037893,0,0.0,0.044661549197487785,64,0.41863685846328735,0.9999999403953552,0.5326294939880649,0.9881831610044313,64.8394546508789,0.9933530280649926,0.53850919008255,0.9988921713441654,0.53850919008255,0.9988921713441654,6.107090388951519e-09,6.406017050153423e-09,1.5286968135796997e-08,0.9999998807907104,0.41863688826560974,0.2557564973831177,59,0.7861766815185547,0.8139391541481018,1.0,0.8139391541481018,0.7442435026168823,0.813939094543457,0.0,0.9999999403953552
GCN,320,1679,3,1,3,-4.736287593841553,1.5674717426300049,6.303759336471558,0.8017836213111877,0.04936723783612251,-0.000553724414203316,0.46027153730392456,0.09257912635803223,0.2624100037893141,0,0.0,0.034891835310537335,50,0.3779639005661011,0.9999999403953552,0.4599972040412767,0.96602658788774,55.55567932128906,0.9663958641063516,0.45666271448135376,0.9974150664697193,0.45666271448135376,0.9974150664697193,1.0454069609977523e-08,7.362751297534942e-09,1.9452189192747937e-08,0.9999998807907104,0.3779639005661011,0.37146151065826416,46,0.6920629739761353,0.8428654670715332,1.0,0.8428654670715332,0.6285384893417358,0.8428653478622437,4.656612873077393e-10,0.9999999403953552
GCN,320,1684,3,1,2,-5.018282413482666,0.6249101161956787,5.643192529678345,0.8660253286361694,0.07073012739419937,0.0,0.42292356491088867,0.16165168583393097,0.5507768093974991,1,0.0,0.027913468248429867,40,0.3714258670806885,0.9999999403953552,0.42430262219479375,0.9505169867060561,50.81513595581055,0.9431314623338257,0.41714805364608765,0.9937223042836041,0.41714805364608765,0.9937223042836041,6.51925802230835e-09,5.350040854779081e-09,1.4404061055017792e-08,0.9999998807907104,0.3714258670806885,0.4281523823738098,35,0.8370825052261353,0.8570380806922913,1.0,0.8570380806922913,0.5718476176261902,0.8570380806922913,0.0,0.9999999403953552
GCN,320,1688,4,1,3,-2.0964369773864746,2.999696731567383,5.096133708953857,0.8017836213111877,0.042996279895305634,0.0,0.46991291642189026,0.09516284614801407,0.27472527472527475,0,0.0,0.04815073272854152,69,0.3868660628795624,0.9999998807907104,0.4661748564509579,0.9667651403249631,56.631595611572266,0.9715657311669128,0.4658353924751282,0.9981536189069424,0.4658353924751282,0.9981536189069424,7.1080110686239095e-09,3.0681565732493254e-08,6.252979289911309e-08,0.9999998807907104,0.38686609268188477,0.35665756464004517,64,0.8338945508003235,0.8391644358634949,1.0,0.8391644358634949,0.6433424353599548,0.8391643762588501,0.0,0.9999998807907104
GCN,320,1695,0,1,3,1.7883493900299072,6.8271989822387695,5.038849592208862,0.8017836213111877,0.03938470408320427,0.0,0.4977901577949524,0.07995791733264923,0.22034861690034105,0,0.0,0.0418702023726448,60,0.41049811244010925,0.9999999403953552,0.49016920165636824,0.9763663220088626,59.610435485839844,0.982274741506647,0.49417680501937866,0.9981536189069424,0.49417680501937866,0.9981536189069424,7.333241125451195e-09,8.122420069867076e-09,1.9784090810048838e-08,0.9999998807907104,0.41049814224243164,0.31735843420028687,55,0.8102842569351196,0.8293395638465881,1.0,0.8293395638465881,0.6826415657997131,0.8293396234512329,0.0,0.9999999403953552
GCN,320,1705,1,1,7,-1.7665698528289795,3.242799997329712,5.009369850158691,0.6396021246910095,0.022932209074497223,0.0,0.5072917342185974,0.04581192508339882,0.12315270935960591,0,0.0,0.08443824145150035,121,0.3345128297805786,0.9999998807907104,0.5018319306473822,0.9844903988183161,60.668212890625,0.9859675036927622,0.5037765502929688,0.9985228951255539,0.5037765502929688,0.9985228951255539,8.10404543472032e-09,7.510367439067522e-09,2.249425179456921e-08,0.9999998807907104,0.3345128297805786,0.30266472697257996,116,0.6481870412826538,0.8256662487983704,1.0,0.8256662487983704,0.6973352432250977,0.8256661891937256,0.0,0.9999998807907104
GCN,320,1707,5,1,1,-2.2915797233581543,3.3164782524108887,5.608057975769043,0.9486831426620483,0.06727758795022964,0.0,0.46108871698379517,0.1511303335428238,0.517620310723759,1,0.0,0.030006978367062107,43,0.446724534034729,0.9999999403953552,0.45965825385255277,0.96602658788774,55.5638313293457,0.9663958641063516,0.4563486874103546,0.9974150664697193,0.4563486874103546,0.9974150664697193,7.902533738501916e-09,8.122420069867076e-09,1.8198539564195926e-08,0.9999998807907104,0.446724534034729,0.3721478581428528,38,0.9826230406761169,0.8430370092391968,1.0,0.8430370092391968,0.6278521418571472,0.843036949634552,0.0,0.9999999403953552
GCN,320,1726,2,1,3,-3.2408013343811035,3.5872912406921387,6.828092575073242,0.8017836213111877,0.029439043253660202,0.0,0.561542809009552,0.0598287358880043,0.19969685486926866,0,0.0,0.045359385903698535,65,0.4643464982509613,0.9999999403953552,0.5504608304452663,0.990029542097489,67.1624526977539,0.9966765140324964,0.5580868721008301,0.9988921713441654,0.5580868721008301,0.9988921713441654,2.221062889162795e-09,3.614503585325224e-09,7.743983232444407e-09,0.9999998807907104,0.4643465280532837,0.22781071066856384,60,0.9150107502937317,0.8069526553153992,1.0,0.8069526553153992,0.7721892595291138,0.806952714920044,0.0,0.9999999403953552
GCN,320,1727,2,1,3,-3.8952033519744873,2.1261394023895264,6.021342754364014,0.8017836213111877,0.041580550372600555,-0.0005782300140708685,0.5097013115882874,0.08223385363817215,0.22300113679424025,0,0.0,0.03977669225401256,57,0.42016518115997314,0.9999999403953552,0.5006116166153471,0.9844903988183161,61.16730880737305,0.9874446085672083,0.505485475063324,0.9985228951255539,0.505485475063324,0.9985228951255539,7.80590525550906e-09,6.010684217017115e-08,1.2062371013144002e-07,0.9999999403953552,0.4201652407646179,0.30128252506256104,53,0.8082270622253418,0.8253206610679626,1.0000001192092896,0.8253205418586731,0.6987175941467285,0.8253207206726074,0.0,0.9999999403953552
GCN,320,1734,2,1,4,-4.371927261352539,1.4916085004806519,5.863535761833191,0.7499998807907104,0.049600232392549515,0.0,0.5752037167549133,0.10379354655742645,0.3421750663129973,1,0.0,0.03210048848569435,46,0.442920446395874,1.0,0.5636361886066853,0.9937223042836041,68.74009704589844,0.9970457902511078,0.5707061290740967,0.9992614475627769,0.5707061290740967,0.9992614475627769,6.23012352818364e-09,6.03902705620385e-08,1.212100073644251e-07,0.9999999403953552,0.4429205358028412,0.21258553862571716,41,0.9027543067932129,0.8031463027000427,1.0,0.8031463027000427,0.7874144315719604,0.8031463623046875,0.0,1.0
GCN,320,1749,2,1,4,-4.280149459838867,2.21220064163208,6.492350101470947,0.7499998807907104,0.02372104860842228,-0.05263684689998627,0.5731357932090759,0.049780093133449554,0.15289882531261842,0,0.0,0.061409630146545706,88,0.44230878353118896,0.9999998807907104,0.5607170351792352,0.9926144756277696,68.60936737060547,0.9970457902511078,0.5698694586753845,0.9988921713441654,0.5698694586753845,0.9988921713441654,2.9451006078318187e-09,3.429809547483842e-09,7.80620190710124e-09,0.9999998807907104,0.44230878353118896,0.21367309987545013,84,0.9020707607269287,0.8034182786941528,1.0,0.8034182786941528,0.7863268852233887,0.8034182786941528,1.4551915228366852e-08,0.9999998807907104
GCN,320,1752,2,1,3,-4.149711608886719,2.8749325275421143,7.024644136428833,0.8017836213111877,0.04047592729330063,-0.0007173162302933633,0.5425503849983215,0.07593904435634613,0.21580143993937098,0,0.0,0.03838101884159107,55,0.4476231336593628,0.9999998807907104,0.5330169967693207,0.9881831610044313,64.88017272949219,0.9933530280649926,0.5386356115341187,0.9988921713441654,0.5386356115341187,0.9988921713441654,4.799926567322643e-10,2.981073521368671e-08,1.1921865450403857e-07,0.9999999403953552,0.4476231634616852,0.2556210160255432,51,0.8161417245864868,0.8139052391052246,1.0,0.8139052391052246,0.7443789839744568,0.8139052391052246,0.0,0.9999998807907104
GCN,320,1753,2,1,3,-3.6664505004882812,3.1435208320617676,6.809971332550049,0.8017836213111877,0.03781340271234512,-0.0007678240654058754,0.5364437699317932,0.08444909751415253,0.22735884804850323,0,0.0,0.040474528960223306,58,0.44279181957244873,0.9999999403953552,0.5275058638441122,0.9870753323485968,64.40441131591797,0.992245199409158,0.5327396392822266,0.9988921713441654,0.5327396392822266,0.9988921713441654,3.9803147444672504e-09,4.101059047911804e-09,9.43633615690942e-09,0.9999998807907104,0.4427918493747711,0.26365533471107483,54,0.9605735540390015,0.8159138560295105,1.0,0.8159138560295105,0.7363446950912476,0.8159137964248657,4.656612873077393e-10,0.9999999403953552
GCN,320,1760,2,1,2,-2.4276483058929443,5.423369884490967,7.851018190383911,0.8660253286361694,0.03895721957087517,0.0,0.5435685515403748,0.08033736050128937,0.2209170140204623,0,0.0,0.04326587578506629,62,0.4848697781562805,0.9999999403953552,0.5355111775928005,0.9889217134416544,65.22991180419922,0.9940915805022157,0.5401948690414429,0.9988921713441654,0.5401948690414429,0.9988921713441654,0.0,2.9803231882397085e-08,5.960646376479417e-08,0.9999998807907104,0.4848697781562805,0.2534940242767334,57,0.9707659482955933,0.8133735656738281,1.0,0.8133735656738281,0.7465059757232666,0.8133735060691833,0.0,0.9999999403953552
GCN,320,1764,5,1,2,-2.35772705078125,4.370731353759766,6.728458404541016,0.8660253286361694,0.04298344999551773,0.0,0.5141356587409973,0.08817246556282043,0.23796892762410005,0,0.0,0.041172365666434056,59,0.45804449915885925,0.9999999403953552,0.5072255483800058,0.9844903988183161,61.879638671875,0.9885524372230429,0.5105617642402649,0.9985228951255539,0.5105617642402649,0.9985228951255539,2.63417798684884e-09,3.2844804653819892e-09,7.150351422069434e-09,0.9999998807907104,0.45804452896118164,0.2947941720485687,54,0.913355827331543,0.8236985206604004,1.0,0.8236985206604004,0.7052057981491089,0.8236985206604004,0.0,0.9999999403953552
GCN,320,1768,1,1,3,-2.2788076400756836,4.3233113288879395,6.602118968963623,0.8017836213111877,0.0384545661509037,-0.0009507810464128852,0.5095300674438477,0.0658901184797287,0.20670708601743085,0,0.0,0.039078855547801813,56,0.4203276038169861,0.9999998807907104,0.5015825618166085,0.9844903988183161,60.988800048828125,0.9870753323485968,0.5058439373970032,0.9985228951255539,0.5058439373970032,0.9985228951255539,3.6069969233665233e-09,2.999180281904046e-08,6.014369091644767e-08,0.9999998807907104,0.4203275740146637,0.30101245641708374,52,0.6838627457618713,0.8252531290054321,1.0,0.8252531290054321,0.6989875435829163,0.8252531290054321,4.656612873077393e-10,0.9999998807907104
GCN,320,1771,1,1,3,-2.33027720451355,4.493243217468262,6.8235204219818115,0.8017836213111877,0.02847922407090664,0.0,0.561488926410675,0.058493319898843765,0.1964759378552482,0,0.0,0.052337752965806,75,0.46436572074890137,0.9999999403953552,0.5491930199967912,0.990029542097489,67.20753479003906,0.9966765140324964,0.557924211025238,0.9988921713441654,0.557924211025238,0.9988921713441654,2.7939677238464355e-09,2.987771452467314e-08,5.977855721539527e-08,0.9999998807907104,0.46436578035354614,0.22777873277664185,70,0.9246481657028198,0.8069446086883545,1.0,0.8069446086883545,0.7722212672233582,0.8069446682929993,0.0,0.9999999403953552
GCN,320,1777,1,1,5,-3.061707019805908,2.8013057708740234,5.863012790679932,0.7071066498756409,0.02049332670867443,0.0,0.5552321076393127,0.040775641798973083,0.10837438423645321,0,0.0,0.06838799720865317,98,0.4052281081676483,0.9999998807907104,0.5441441882934888,0.9889217134416544,66.46942138671875,0.9944608567208272,0.5519463419914246,0.9988921713441654,0.5519463419914246,0.9988921713441654,4.086161187188964e-09,3.018907790419689e-08,1.197966668087247e-07,0.9999999403953552,0.4052281677722931,0.2358943372964859,93,0.7811740636825562,0.8089735507965088,1.0,0.8089735507965088,0.7641056776046753,0.8089735507965088,0.0,0.9999998807907104
GCN,320,1779,1,1,6,-2.4264864921569824,2.9992923736572266,5.425778865814209,0.6708203554153442,0.01649351790547371,0.0,0.577410876750946,0.03251941502094269,0.10837438423645321,0,0.0,0.08094905792044661,116,0.39997202157974243,0.9999999403953552,0.5644241378363295,0.9937223042836041,69.11248016357422,0.9970457902511078,0.5741122961044312,0.9996307237813885,0.5741122961044312,0.9996307237813885,3.192413000618899e-09,2.994929815258729e-08,1.1944895561555313e-07,0.9999999403953552,0.3999720811843872,0.2050090730190277,111,0.7636961936950684,0.8012522459030151,1.0,0.8012522459030151,0.7949908971786499,0.8012522459030151,0.0,0.9999999403953552
GCN,320,1781,1,1,5,-2.247589349746704,3.522928476333618,5.770517826080322,0.7071066498756409,0.020358620211482048,0.0,0.5633673667907715,0.03798927366733551,0.10837438423645321,0,0.0,0.06908583391486392,99,0.4111887812614441,0.9999999403953552,0.5520253840808838,0.990029542097489,67.44304656982422,0.9966765140324964,0.5600629448890686,0.9988921713441654,0.5600629448890686,0.9988921713441654,5.309355621818668e-09,5.783393319802599e-09,6.124080442759805e-08,0.9999998807907104,0.4111888110637665,0.22465477883815765,94,0.7433429956436157,0.8061636686325073,1.0,0.8061636686325073,0.7753452062606812,0.8061636686325073,0.0,0.9999999403953552
GCN,320,1783,1,1,2,-2.366927146911621,4.0593581199646,6.426285266876221,0.8660253286361694,0.05284871533513069,0.0,0.4864295721054077,0.11507858335971832,0.3874573702159909,1,0.0,0.03349616189811584,48,0.4319547712802887,0.9999999403953552,0.4819890601986248,0.9763663220088626,58.36810302734375,0.9807976366322009,0.4827041029930115,0.9981536189069424,0.4827041029930115,0.9981536189069424,0.0,3.7398137919808505e-09,8.649365668134124e-09,0.9999998807907104,0.4319548010826111,0.33496198058128357,43,0.9172983765602112,0.8337405323982239,1.0,0.8337405323982239,0.665037989616394,0.8337404727935791,0.0,0.9999999403953552
GCN,320,1786,1,1,3,-2.454833984375,4.398392200469971,6.853226184844971,0.8017836213111877,0.04280943050980568,-0.1264849752187729,0.5033406019210815,0.29741233587265015,0.8736263736263736,1,0.0,0.040474528960223306,58,0.4091989994049072,0.9999998807907104,0.486213977087374,0.9763663220088626,60.277488708496094,0.9848596750369276,0.4994867444038391,0.9985228951255539,0.4994867444038391,0.9985228951255539,3.811601700931533e-09,3.007573567970212e-08,1.196133467828986e-07,0.9999999403953552,0.4091990292072296,0.3195188045501709,56,0.7213177680969238,0.8298797607421875,1.0,0.8298797607421875,0.6804811954498291,0.8298797011375427,9.313225746154785e-10,0.9999998807907104
GCN,320,1794,4,1,4,-2.2191975116729736,2.4012327194213867,4.62043023109436,0.7499998807907104,0.032362084835767746,-0.0017608004854992032,0.48268923163414,0.05863944813609123,0.1964759378552482,0,0.0,0.05792044661549198,83,0.372606486082077,0.9999999403953552,0.4810273714476077,0.9763663220088626,57.98855209350586,0.9796898079763663,0.47898489236831665,0.9981536189069424,0.47898489236831665,0.9981536189069424,6.035659971814766e-09,3.035829365671816e-08,6.159275045547474e-08,0.9999998807907104,0.372606486082077,0.3375883102416992,80,0.6559672355651855,0.83439701795578,1.0,0.83439701795578,0.6624116897583008,0.8343970775604248,2.3283064365386963e-10,0.9999999403953552
GCN,320,1803,0,1,4,0.08535945415496826,4.151851654052734,4.066492199897766,0.7499998807907104,0.034117504954338074,0.0,0.4966946542263031,0.07415275275707245,0.21314892004547176,0,0.0,0.04884856943475227,70,0.3834017813205719,0.9999998807907104,0.4921678508893286,0.9763663220088626,59.67085266113281,0.982274741506647,0.4931279718875885,0.9981536189069424,0.4931279718875885,0.9981536189069424,8.065490497699557e-09,3.057980180187769e-08,6.222882831252718e-08,0.9999998807907104,0.3834017515182495,0.31839674711227417,65,0.8096562623977661,0.829599142074585,1.0,0.829599142074585,0.6816032528877258,0.8295992016792297,0.0,0.9999998807907104
GCN,320,1807,3,1,5,-3.3360910415649414,2.6972858905792236,6.033376932144165,0.7071066498756409,0.027405831962823868,0.0,0.5646461248397827,0.062157079577445984,0.20310723758999621,0,0.0,0.06629448709002093,95,0.41168805956840515,0.9999998807907104,0.554777299301253,0.9911373707533235,67.54540252685547,0.9966765140324964,0.5614758729934692,0.9988921713441654,0.5614758729934692,0.9988921713441654,3.017829985907383e-09,2.996286951884031e-08,6.009341291246528e-08,0.9999998807907104,0.41168808937072754,0.22371336817741394,90,0.9055426120758057,0.8059283494949341,1.0,0.8059283494949341,0.7762866020202637,0.8059283494949341,0.0,0.9999998807907104
GCN,320,1809,3,1,3,-3.37564754486084,3.8149211406707764,7.190568685531616,0.8017836213111877,0.030296210199594498,-0.1414376199245453,0.5246248841285706,0.2579632103443146,0.8103448275862069,1,0.0,0.055826936496859735,80,0.4292137026786804,0.9999999403953552,0.5109771713114397,0.9844903988183161,62.87717819213867,0.9903988183161004,0.5213261842727661,0.9985228951255539,0.5213261842727661,0.9985228951255539,4.928095709288982e-09,3.020792505026293e-08,6.071115166150776e-08,0.9999998807907104,0.4292137026786804,0.2862352132797241,76,0.8405635952949524,0.8215588331222534,1.0,0.8215588331222534,0.7137647867202759,0.8215588331222534,4.656612873077393e-10,0.9999999403953552
GCN,320,1810,3,0,44,-8.831649780273438,-6.734033584594727,2.097616195678711,0.3061861991882324,0.007939252071082592,-0.012558318674564362,0.48668184876441956,0.015314217656850815,0.10837438423645321,0,0.0,0.2882065596650384,413,0.1536933332681656,0.9999999403953552,0.48355781162804945,0.9763663220088626,58.18714904785156,0.9807976366322009,0.4835958778858185,0.9981536189069424,0.4835958778858185,0.9981536189069424,1.8681667768305488e-08,2.4065331061251527e-08,1.366304758221304e-07,0.9999998807907104,0.15369334816932678,0.3307195007801056,412,0.28743913769721985,0.8326798677444458,1.0,0.8326798677444458,0.6692805290222168,0.8326798677444458,2.982255276062773e-10,0.9999999403953552
GCN,320,1817,3,1,2,-2.8643202781677246,4.520510196685791,7.384830474853516,0.8660253286361694,0.040711306035518646,0.0,0.5410550832748413,0.08439037203788757,0.22735884804850323,0,0.0,0.039078855547801813,56,0.48245754837989807,0.9999998807907104,0.5334499472544153,0.9881831610044313,64.91204833984375,0.9937223042836041,0.538101851940155,0.9988921713441654,0.538101851940155,0.9988921713441654,6.177695244247161e-09,6.51925802230835e-09,6.1117134464439e-08,0.9999998807907104,0.48245757818222046,0.25720787048339844,51,0.9712923765182495,0.8143019676208496,1.0,0.8143019676208496,0.7427921295166016,0.8143019676208496,0.0,0.9999998807907104
GCN,320,1822,3,1,2,-5.044620037078857,1.5773085355758667,6.621928572654724,0.8660253286361694,0.04931676387786865,0.0,0.4864170551300049,0.1079750508069992,0.3594164456233422,1,0.0,0.039078855547801813,56,0.432389497756958,0.9999999403953552,0.4825629981574076,0.9763663220088626,58.552974700927734,0.9811669128508124,0.48276007175445557,0.9981536189069424,0.48276007175445557,0.9981536189069424,7.623203401863066e-09,3.054077879482975e-08,6.156975018711819e-08,0.9999998807907104,0.4323894679546356,0.3342927396297455,51,0.92229163646698,0.8335732221603394,1.0,0.8335732221603394,0.6657072305679321,0.8335731625556946,0.0,0.9999999403953552
GCN,320,1825,5,1,4,-3.3592796325683594,2.3642330169677734,5.723512649536133,0.7499998807907104,0.026812797412276268,-0.07795780897140503,0.5281630754470825,0.05160094052553177,0.17032967032967034,0,0.0,0.06071179344033496,87,0.40631940960884094,0.9999998807907104,0.5166420587196456,0.9859675036927622,63.286033630371094,0.9911373707533235,0.5250451564788818,0.9985228951255539,0.5250451564788818,0.9985228951255539,4.6566128730773926e-09,3.0480368451435425e-08,6.164979282630156e-08,0.9999998807907104,0.40631943941116333,0.27765417098999023,84,0.7623330950737,0.8194135427474976,1.0,0.8194135427474976,0.7223458290100098,0.8194135427474976,1.4435969752923938e-08,0.9999998807907104
GCN,320,1829,5,1,5,-2.24768328666687,2.7716755867004395,5.01935887336731,0.7071066498756409,0.027531038969755173,-0.0005992338410578668,0.5084201097488403,0.04101826995611191,0.10894278135657447,0,0.0,0.0628053035589672,90,0.3704613447189331,0.9999999403953552,0.5015094443807772,0.9844903988183161,60.848995208740234,0.9870753323485968,0.5047576427459717,0.9985228951255539,0.5047576427459717,0.9985228951255539,9.474805828801891e-09,9.523313693193813e-09,2.5709185891287234e-08,0.9999998807907104,0.3704613745212555,0.3014512062072754,87,0.5356267690658569,0.8253628015518188,1.0,0.8253628015518188,0.6985487937927246,0.8253628015518188,1.1641532182693481e-10,0.9999999403953552
GCN,320,1836,6,1,2,-1.5576967000961304,3.100625991821289,4.658322691917419,0.8660253286361694,0.05269947648048401,-0.0009779604151844978,0.44506680965423584,0.11876028031110764,0.39636225843122397,1,0.0,0.0418702023726448,60,0.39457711577415466,0.9999999403953552,0.44442292085161134,0.9612259970457903,53.52328109741211,0.9582717872968981,0.44088566303253174,0.9970457902511078,0.44088566303253174,0.9970457902511078,8.225217840163168e-09,3.1156705659896033e-08,6.389532813955157e-08,0.9999998807907104,0.39457717537879944,0.3925085961818695,56,0.86860191822052,0.8481271266937256,1.0,0.8481271266937256,0.6074913740158081,0.8481271266937256,4.656612873077393e-10,0.9999999403953552
GCN,320,1838,0,1,4,2.285731315612793,6.676794052124023,4.3910627365112305,0.7499998807907104,0.02996130846440792,-0.0023238160647451878,0.5327913761138916,0.054271601140499115,0.1883289124668435,0,0.0,0.05373342637822749,77,0.41176626086235046,0.9999999403953552,0.5213090980655689,0.9863367799113737,63.77493667602539,0.9918759231905465,0.5295438170433044,0.9988921713441654,0.5295438170433044,0.9988921713441654,5.430496941016827e-09,3.031540884990136e-08,6.112789918688577e-08,0.9999998807907104,0.41176626086235046,0.2679709494113922,75,0.683283805847168,0.8169927597045898,1.0,0.8169927597045898,0.7320290803909302,0.8169927597045898,6.984919309616089e-10,0.9999999403953552
GCN,320,1841,0,1,5,2.8148486614227295,7.231524467468262,4.416675806045532,0.7071066498756409,0.02428826503455639,0.0,0.5580392479896545,0.04461868852376938,0.11708980674497915,0,0.0,0.051639916259595256,74,0.4070594608783722,0.9999999403953552,0.545800242864835,0.9889217134416544,66.8697509765625,0.9951994091580503,0.5551072955131531,0.9988921713441654,0.5551072955131531,0.9988921713441654,1.2071319943629533e-08,3.222581312911643e-08,6.678512676216997e-08,0.9999998807907104,0.40705952048301697,0.23244108259677887,69,0.724886417388916,0.808110237121582,1.0,0.808110237121582,0.7675589323043823,0.808110237121582,0.0,0.9999999403953552
GCN,320,1845,5,1,2,0.17312383651733398,5.593834400177002,5.420710563659668,0.8660253286361694,0.04723455011844635,0.0,0.49518170952796936,0.09944137930870056,0.31110269041303523,0,0.0,0.034193998604326585,49,0.44053176045417786,0.9999998807907104,0.4902870180353709,0.9763663220088626,59.39384078979492,0.982274741506647,0.49187925457954407,0.9981536189069424,0.49187925457954407,0.9981536189069424,7.213993846733047e-09,7.225256837273264e-09,1.6395500068711044e-08,0.9999998807907104,0.44053176045417786,0.32175689935684204,44,0.9028229117393494,0.8304392695426941,1.0,0.8304392695426941,0.678243100643158,0.8304392099380493,0.0,0.9999998807907104
GCN,320,1852,3,1,2,-2.4167957305908203,5.200528144836426,7.617323875427246,0.8660253286361694,0.04241049662232399,0.0,0.5471697449684143,0.087956503033638,0.23796892762410005,0,0.0,0.041172365666434056,59,0.4877966046333313,0.9999998807907104,0.5377682061050718,0.9889217134416544,65.83316040039062,0.9944608567208272,0.5437946319580078,0.9988921713441654,0.5437946319580078,0.9988921713441654,9.599853134645286e-10,5.961373972240835e-08,1.1922820419840718e-07,0.9999999403953552,0.4877966642379761,0.24898779392242432,54,0.9827594757080078,0.8122469186782837,1.0,0.8122469186782837,0.7510122060775757,0.8122469186782837,0.0,0.9999998807907104
GCN,320,1853,3,1,1,-2.777446746826172,4.409121036529541,7.186567783355713,0.9486831426620483,0.07529958337545395,-0.003417602041736245,0.48010414838790894,0.16804833710193634,0.5744600227358848,1,0.0,0.027913468248429867,40,0.4640049934387207,0.9999999403953552,0.4747391354601811,0.9726735598227474,57.39360427856445,0.9778434268833087,0.47548016905784607,0.9981536189069424,0.47548016905784607,0.9981536189069424,7.450580596923828e-09,3.072041465657094e-08,6.171324429260494e-08,0.9999998807907104,0.4640049934387207,0.3478609323501587,36,0.9960211515426636,0.8369653224945068,1.0,0.8369653224945068,0.6521390676498413,0.8369652032852173,0.0,0.9999999403953552
GCN,320,1858,3,1,2,-3.429680824279785,4.5955305099487305,8.025211334228516,0.8660253286361694,0.04219500720500946,0.0,0.5086117386817932,0.08845524489879608,0.23796892762410005,0,0.0,0.04396371249127704,63,0.4531558156013489,0.9999999403953552,0.5044706865042038,0.9844903988183161,61.448177337646484,0.9878138847858198,0.5058216452598572,0.9985228951255539,0.5058216452598572,0.9985228951255539,5.252898560570429e-09,3.0128859407341224e-08,6.040058764256173e-08,0.9999998807907104,0.4531558156013489,0.3023208975791931,58,0.9233779311180115,0.8255802989006042,1.0,0.8255802989006042,0.6976791024208069,0.8255802392959595,0.0,0.9999999403953552
GCN,320,1862,3,0,4,-6.136659622192383,-0.2279806137084961,5.908679008483887,0.7499998807907104,0.03824695572257042,-0.001332026906311512,0.4906512498855591,0.07595839351415634,0.21580143993937098,0,0.0,0.050942079553384506,73,0.378222793340683,0.9999998807907104,0.4846592038599749,0.9763663220088626,58.73590850830078,0.9819054652880355,0.48664677143096924,0.9981536189069424,0.48664677143096924,0.9981536189069424,6.556570397719952e-09,3.1390715804491265e-08,6.505268146383969e-08,0.9999998807907104,0.3782227635383606,0.32760393619537354,69,0.7139639854431152,0.8319010734558105,1.0000001192092896,0.831900954246521,0.672396183013916,0.8319010734558105,0.0,0.9999998807907104
GCN,320,1866,3,1,2,-4.083642482757568,3.273707866668701,7.3573503494262695,0.8660253286361694,0.050968583673238754,-0.0024933686945587397,0.5023989677429199,0.11278632283210754,0.38006820765441457,1,0.0,0.03698534542916958,53,0.4464610517024994,0.9999999403953552,0.4960928038340279,0.9763663220088626,60.1121826171875,0.9848596750369276,0.4981031119823456,0.9985228951255539,0.4981031119823456,0.9985228951255539,1.2468944987631403e-08,1.2344416155940507e-08,2.7644494693390698e-08,0.9999998807907104,0.4464610815048218,0.3126280903816223,49,0.9353762865066528,0.8281569480895996,1.0,0.8281569480895996,0.6873719096183777,0.8281570076942444,0.0,0.9999999403953552
GCN,320,1870,3,1,4,-3.985689640045166,2.7681703567504883,6.753859996795654,0.7499998807907104,0.035886626690626144,0.0,0.5773873925209045,0.07862374931573868,0.21883289124668434,0,0.0,0.04954640614096301,71,0.44603049755096436,0.9999999403953552,0.5668132240676924,0.9937223042836041,69.1517105102539,0.9970457902511078,0.5737612843513489,0.9996307237813885,0.5737612843513489,0.9996307237813885,6.699699461876207e-09,5.987234175108824e-08,1.198766028664977e-07,0.9999999403953552,0.44603055715560913,0.20705664157867432,66,0.9487452507019043,0.8017640709877014,1.0,0.8017640709877014,0.7929433584213257,0.8017641305923462,0.0,0.9999999403953552
GCN,320,1872,3,1,1,-2.531916379928589,5.4557881355285645,7.987704515457153,0.9486831426620483,0.06322353333234787,0.0,0.47789597511291504,0.1386658400297165,0.4509283819628647,1,0.0,0.03279832519190509,47,0.4640049934387207,0.9999999403953552,0.475264046711754,0.9726735598227474,58.01207733154297,0.9796898079763663,0.4746829569339752,0.9981536189069424,0.4746829569339752,0.9981536189069424,0.0,2.9803231882397085e-08,5.960646376479417e-08,0.9999998807907104,0.4640049934387207,0.3478609621524811,42,0.9943636655807495,0.8369652628898621,1.0,0.8369652628898621,0.6521390676498413,0.8369652628898621,0.0,0.9999999403953552
GCN,320,1878,5,1,3,-1.6795814037322998,4.029399394989014,5.7089807987213135,0.8017836213111877,0.03861081600189209,0.0,0.5036199688911438,0.08942833542823792,0.2451686244789693,0,0.0,0.04675505931612003,67,0.4154302477836609,0.9999998807907104,0.49845523922244855,0.9763663220088626,60.47616195678711,0.9859675036927622,0.5002694129943848,0.9985228951255539,0.5002694129943848,0.9985228951255539,4.679837850574131e-09,2.99411517801218e-08,6.000238528258706e-08,0.9999998807907104,0.4154302775859833,0.30915647745132446,62,0.935247004032135,0.8272891044616699,1.0,0.8272891044616699,0.6908435225486755,0.8272891044616699,0.0,0.9999998807907104
GCN,320,1879,5,1,4,-0.3057401180267334,4.699769020080566,5.0055091381073,0.7499998807907104,0.02803422138094902,-0.000820265500806272,0.5312343835830688,0.058381885290145874,0.1964759378552482,0,0.0,0.0628053035589672,90,0.4107494652271271,0.9999998807907104,0.5216311987447558,0.9863367799113737,63.69023132324219,0.9918759231905465,0.5279951691627502,0.9985228951255539,0.5279951691627502,0.9985228951255539,2.5505320078167415e-09,4.894983973713352e-09,1.1982544734223666e-08,0.9999998807907104,0.4107494652271271,0.2697785496711731,86,0.829730212688446,0.8174446821212769,1.0,0.8174446821212769,0.7302214503288269,0.8174446225166321,4.656612873077393e-10,0.9999998807907104
GCN,320,1881,5,1,5,-4.106983661651611,1.1077771186828613,5.214760780334473,0.7071066498756409,0.03032173030078411,-0.00031420530285686255,0.5386613011360168,0.06049244850873947,0.2006441834028041,0,0.0,0.05512909979064899,79,0.39241155982017517,0.9999998807907104,0.5282144775434492,0.9870753323485968,64.37419128417969,0.992245199409158,0.5345708727836609,0.9988921713441654,0.5345708727836609,0.9988921713441654,8.71172467498127e-09,6.015417142180013e-08,1.8000126544848172e-07,0.9999999403953552,0.39241164922714233,0.2600614130496979,75,0.7598851323127747,0.8150153160095215,1.0,0.8150153160095215,0.7399386167526245,0.8150153160095215,2.3283064365386963e-10,0.9999998807907104
GCN,320,1891,4,1,3,-1.8504877090454102,4.08416748046875,5.93465518951416,0.8017836213111877,0.03477390855550766,0.0,0.5475948452949524,0.0730295330286026,0.21295945433876468,0,0.0,0.045359385903698535,65,0.45235830545425415,0.9999999403953552,0.5383895322185949,0.9889217134416544,65.54938507080078,0.9940915805022157,0.5446067452430725,0.9988921713441654,0.5446067452430725,0.9988921713441654,3.192413000618899e-09,2.9978245663642156e-08,6.003342178928506e-08,0.9999998807907104,0.45235833525657654,0.24774666130542755,60,0.9220651388168335,0.8119366765022278,1.0,0.8119366765022278,0.7522533535957336,0.8119366765022278,0.0,0.9999999403953552
GCN,320,1899,5,1,5,-1.9397194385528564,2.818636417388916,4.7583558559417725,0.7071066498756409,0.03274163976311684,-0.000450402993010357,0.49508601427078247,0.05090383067727089,0.16331943918150815,0,0.0,0.061409630146545706,88,0.3602234125137329,0.9999998807907104,0.49108513497136963,0.9763663220088626,59.222320556640625,0.982274741506647,0.49096837639808655,0.9981536189069424,0.49096837639808655,0.9981536189069424,7.847463123766829e-09,8.491139347199805e-09,2.355223926997496e-08,0.9999998807907104,0.3602234125137329,0.32075613737106323,85,0.5442715883255005,0.8301891088485718,1.0,0.8301891088485718,0.6792438626289368,0.830189049243927,1.1641532182693481e-10,0.9999998807907104
GCN,320,1901,5,1,6,-3.9853577613830566,0.36789774894714355,4.3532555103302,0.6708203554153442,0.02412213571369648,-0.0002136195107595995,0.5103458166122437,0.04760940745472908,0.1330049261083744,0,0.0,0.0732728541521284,105,0.3529522716999054,0.9999999403953552,0.5026919793879508,0.9844903988183161,61.11865234375,0.9874446085672083,0.5071393251419067,0.9985228951255539,0.5071393251419067,0.9985228951255539,6.8279346621125114e-09,6.372077532290632e-09,1.8101427912142753e-08,0.9999998807907104,0.3529523015022278,0.29846638441085815,101,0.6756904721260071,0.8246166706085205,1.0,0.8246166706085205,0.7015336155891418,0.8246166110038757,1.1641532182693481e-10,0.9999999403953552
GCN,320,1904,5,1,3,-3.24269437789917,1.642214298248291,4.884908676147461,0.8017836213111877,0.03409658744931221,-0.0004058080376125872,0.5109619498252869,0.0707746148109436,0.21049640015157256,0,0.0,0.04884856943475227,70,0.42194342613220215,0.9999999403953552,0.5045113589801032,0.9844903988183161,61.150020599365234,0.9874446085672083,0.5070704817771912,0.9985228951255539,0.5070704817771912,0.9985228951255539,5.430496941016827e-09,5.973592465124966e-08,1.195759722349976e-07,0.9999998807907104,0.42194339632987976,0.29832541942596436,66,0.8503786325454712,0.8245814442634583,1.0,0.8245814442634583,0.7016745805740356,0.8245813846588135,2.3283064365386963e-10,0.9999999403953552
GCN,320,1906,4,1,5,-1.2947617769241333,3.413632869720459,4.708394646644592,0.7071066498756409,0.022715983912348747,-0.00036987540079280734,0.542232871055603,0.03981306403875351,0.10837438423645321,0,0.0,0.06769016050244243,97,0.39557623863220215,0.9999998807907104,0.5344537453884121,0.9881831610044313,64.92110443115234,0.9937223042836041,0.5388747453689575,0.9988921713441654,0.5388747453689575,0.9988921713441654,5.390419222095488e-09,5.980756867529635e-08,1.1985326864305534e-07,0.9999999403953552,0.39557626843452454,0.2540941536426544,93,0.6719931364059448,0.813523530960083,1.0,0.813523530960083,0.745905876159668,0.813523530960083,0.0,0.9999998807907104
GCN,320,1909,0,1,6,-0.003941774368286133,5.423041343688965,5.426983118057251,0.6708203554153442,0.02229304611682892,0.0,0.552834153175354,0.03087558224797249,0.10837438423645321,0,0.0,0.06838799720865317,98,0.3826022148132324,0.9999999403953552,0.5435812260697381,0.9889217134416544,66.13103485107422,0.9944608567208272,0.549435019493103,0.9988921713441654,0.549435019493103,0.9988921713441654,7.693986781021067e-09,6.009196340528433e-08,1.2085574496722984e-07,0.9999999403953552,0.3826023042201996,0.23953357338905334,93,0.5136258006095886,0.8098834156990051,1.0,0.8098834156990051,0.760466456413269,0.8098833560943604,0.0,0.9999999403953552
GCN,320,1911,5,1,4,-0.33747661113739014,4.4813642501831055,4.818840861320496,0.7499998807907104,0.03258530795574188,0.0,0.5019330978393555,0.06127654016017914,0.2019704433497537,0,0.0,0.05512909979064899,79,0.3876202404499054,0.9999998807907104,0.4964538228668762,0.9763663220088626,60.154876708984375,0.9848596750369276,0.4983982443809509,0.9985228951255539,0.4983982443809509,0.9985228951255539,6.05359673500061e-09,3.02052320932944e-08,1.1989440906745585e-07,0.9999998807907104,0.387620210647583,0.31089720129966736,74,0.7079123258590698,0.8277243375778198,1.0,0.8277243375778198,0.6891027688980103,0.8277243375778198,0.0,0.9999998807907104
GCN,320,1913,0,1,4,1.7424849271774292,6.058196544647217,4.315711617469788,0.7499998807907104,0.026215925812721252,0.0,0.507529616355896,0.048215627670288086,0.14153088291019325,0,0.0,0.06769016050244243,97,0.3924846351146698,0.9999999403953552,0.5023408572290166,0.9844903988183161,60.737178802490234,0.9867060561299852,0.5035218000411987,0.9985228951255539,0.5035218000411987,0.9985228951255539,6.401784435894342e-09,6.102650829120648e-09,6.159165621966167e-08,0.9999998807907104,0.3924846351146698,0.30224937200546265,92,0.7000759840011597,0.8255623579025269,1.0,0.8255623579025269,0.6977506279945374,0.8255623579025269,0.0,0.9999999403953552
GCN,320,1916,6,1,3,-0.14427125453948975,5.090059280395508,5.234330534934998,0.8017836213111877,0.0381162203848362,0.0,0.5058844685554504,0.07266384363174438,0.21182266009852216,0,0.0,0.03838101884159107,55,0.4173639416694641,0.9999999403953552,0.49959874443811925,0.9763663220088626,60.556373596191406,0.9859675036927622,0.5028418898582458,0.9985228951255539,0.5028418898582458,0.9985228951255539,8.686798835810805e-09,6.020596998723704e-08,1.2093119039491285e-07,0.9999999403953552,0.4173640012741089,0.30594074726104736,50,0.7732448577880859,0.8264851570129395,1.0,0.8264851570129395,0.6940592527389526,0.8264851570129395,0.0,0.9999999403953552
GCN,320,1918,6,1,2,-0.6063793897628784,4.6644792556762695,5.270858645439148,0.8660253286361694,0.09712883830070496,0.0,0.5100690722465515,0.21037879586219788,0.7046229632436529,1,0.0,0.01465457083042568,21,0.44538047909736633,0.9999998807907104,0.4940881512791377,0.9763663220088626,60.375850677490234,0.9852289512555391,0.5008491277694702,0.9985228951255539,0.5008491277694702,0.9985228951255539,9.98732208046249e-09,3.143903626323663e-08,6.36966177580689e-08,0.9999998807907104,0.44538044929504395,0.3142918050289154,16,0.9567828178405762,0.8285729289054871,1.0,0.8285729289054871,0.6857081651687622,0.8285729885101318,0.0,0.9999998807907104
GCN,320,1920,0,1,6,-0.18743479251861572,3.4553771018981934,3.642811894416809,0.6708203554153442,0.023431697860360146,-0.08740022033452988,0.5088364481925964,0.2579253911972046,0.8103448275862069,1,0.0,0.0718771807397069,103,0.3498481214046478,0.9999999403953552,0.49925441584690067,0.9763663220088626,60.903987884521484,0.9870753323485968,0.5054729580879211,0.9985228951255539,0.5054729580879211,0.9985228951255539,7.000424240288794e-09,3.063913212031366e-08,6.297171495361908e-08,0.9999998807907104,0.34984809160232544,0.3046363592147827,100,0.6054542064666748,0.8261592388153076,1.0,0.8261592388153076,0.6953636407852173,0.8261591196060181,1.1641532182693481e-08,0.9999999403953552
GCN,320,1925,0,1,3,0.2993495464324951,6.202699184417725,5.9033496379852295,0.8017836213111877,0.033570628613233566,-0.03269975632429123,0.5058042407035828,0.06419608741998672,0.20500189465706706,0,0.0,0.055826936496859735,80,0.4165809750556946,0.9999999403953552,0.5008370426419337,0.9844903988183161,60.779624938964844,0.9867060561299852,0.5025336742401123,0.9985228951255539,0.5025336742401123,0.9985228951255539,2.5505320078167415e-09,2.995201242583789e-08,6.002373709179665e-08,0.9999998807907104,0.41658100485801697,0.30724287033081055,77,0.7755123376846313,0.8268107175827026,1.0,0.8268107175827026,0.6927571296691895,0.8268107175827026,5.71503200319512e-09,0.9999999403953552
GCN,320,1931,3,1,3,-2.824718475341797,4.449155807495117,7.273874282836914,0.8017836213111877,0.02676834538578987,0.0,0.5598071217536926,0.0531560555100441,0.1816976127320955,0,0.0,0.05024424284717376,72,0.4630782902240753,0.9999999403953552,0.5492284271993865,0.990029542097489,67.10865020751953,0.9966765140324964,0.5564699769020081,0.9988921713441654,0.5564699769020081,0.9988921713441654,4.794276531328023e-09,3.0218689772709695e-08,6.057287293970148e-08,0.9999998807907104,0.4630782902240753,0.22991982102394104,67,0.8913059234619141,0.8074800372123718,1.0,0.8074800372123718,0.7700802087783813,0.807479977607727,0.0,0.9999999403953552
GCN,320,1932,3,1,3,-2.878720760345459,4.034003734588623,6.912724494934082,0.8017836213111877,0.037597812712192535,0.0,0.5219574570655823,0.07817302644252777,0.21750663129973474,0,0.0,0.04256803907885555,61,0.43078944087028503,0.9999998807907104,0.5173926542965376,0.9859675036927622,62.57295227050781,0.9903988183161004,0.5185997486114502,0.9985228951255539,0.5185997486114502,0.9985228951255539,5.206251429967779e-09,6.299349042393487e-09,1.4612503207445116e-08,0.9999998807907104,0.43078944087028503,0.2836148142814636,56,0.8701351881027222,0.8209037184715271,1.0,0.8209037184715271,0.7163851857185364,0.8209037184715271,0.0,0.9999998807907104
GCN,320,1936,3,1,5,-3.4745326042175293,2.3709752559661865,5.845507860183716,0.7071066498756409,0.024816513061523438,0.0,0.5554923415184021,0.04959432780742645,0.15289882531261842,0,0.0,0.05931612002791347,85,0.40516042709350586,0.9999998807907104,0.5464368972713912,0.9889217134416544,66.53857421875,0.9948301329394387,0.5522531270980835,0.9988921713441654,0.5522531270980835,0.9988921713441654,7.333241125451195e-09,3.0169317710715404e-08,6.073476299661706e-08,0.9999998807907104,0.40516042709350586,0.23602205514907837,80,0.7849721908569336,0.809005618095398,1.0,0.809005618095398,0.7639779448509216,0.8090054988861084,0.0,0.9999998807907104
GCN,320,1938,3,1,1,-3.1488962173461914,2.8510069847106934,5.999903202056885,0.9486831426620483,0.09287750720977783,0.0,0.3937721252441406,0.23328018188476562,0.7612732095490716,1,0.0,0.024424284717376135,35,0.37397539615631104,0.9999999403953552,0.39876660611363896,0.9268833087149188,49.19374084472656,0.9294682422451994,0.38709557056427,0.9863367799113737,0.38709557056427,0.9863367799113737,0.0,3.29272248356105e-10,1.1406325883811519e-09,0.9999998807907104,0.3739754259586334,0.474393755197525,30,0.9382820129394531,0.8685985207557678,1.0000001192092896,0.8685984015464783,0.5256063938140869,0.8685985803604126,0.0,0.9999999403953552
GCN,320,1942,3,1,3,-3.0913312435150146,4.105977535247803,7.197308778762817,0.8017836213111877,0.03432358801364899,-0.0016813456313684583,0.5104023218154907,0.07004263997077942,0.21049640015157256,0,0.0,0.04954640614096301,71,0.42141297459602356,0.9999999403953552,0.5039981492099386,0.9844903988183161,61.21508026123047,0.9878138847858198,0.5068828463554382,0.9985228951255539,0.5068828463554382,0.9985228951255539,3.2261959770352178e-09,4.280539478429546e-09,1.0228433211523225e-08,0.9999998807907104,0.42141300439834595,0.299207478761673,68,0.8177613019943237,0.8248018622398376,1.0,0.8248018622398376,0.7007925510406494,0.8248019218444824,2.3283064365386963e-10,0.9999999403953552
GCN,320,1947,3,1,4,-4.86435604095459,1.1156251430511475,5.979981184005737,0.7499998807907104,0.028092721477150917,-0.000910272472538054,0.535641074180603,0.055314354598522186,0.1896551724137931,0,0.0,0.05373342637822749,77,0.4141668677330017,0.9999999403953552,0.5286578723557639,0.9870753323485968,64.18492889404297,0.992245199409158,0.5326398611068726,0.9988921713441654,0.5326398611068726,0.9988921713441654,3.951266869250958e-09,3.01396561042111e-08,6.055691414985631e-08,0.9999998807907104,0.4141669273376465,0.2637031376361847,73,0.7910047173500061,0.8159258365631104,1.0,0.8159258365631104,0.7362968921661377,0.8159258365631104,2.3283064365386963e-10,0.9999999403953552
GCN,320,1959,5,0,5,-4.892146587371826,-0.3031497001647949,4.588996887207031,0.7071066498756409,0.02964317612349987,-0.0003061508759856224,0.4993703365325928,0.0560089647769928,0.19306555513452064,0,0.0,0.0628053035589672,90,0.36365807056427,0.9999999403953552,0.49230669485662243,0.9763663220088626,59.74943542480469,0.982274741506647,0.4956642687320709,0.9985228951255539,0.4956642687320709,0.9985228951255539,9.976460546567978e-09,3.2577990083382247e-08,6.972980770569848e-08,0.9999998807907104,0.3636581003665924,0.31427961587905884,86,0.6671760082244873,0.8285698890686035,1.0,0.8285698890686035,0.6857203841209412,0.8285698890686035,1.1641532182693481e-10,0.9999999403953552
GCN,320,1961,5,1,3,-3.528878927230835,2.620335102081299,6.149214029312134,0.8017836213111877,0.03412124142050743,0.0,0.4891042113304138,0.06510302424430847,0.20651762031072377,0,0.0,0.05512909979064899,79,0.4037763774394989,0.9999999403953552,0.48463606720774294,0.9763663220088626,58.541194915771484,0.9811669128508124,0.48546209931373596,0.9981536189069424,0.48546209931373596,0.9981536189069424,6.177695244247161e-09,6.251838602366888e-09,6.15889703681205e-08,0.9999998807907104,0.4037764072418213,0.32853639125823975,74,0.7482297420501709,0.8321341276168823,1.0,0.8321341276168823,0.6714636087417603,0.8321341276168823,0.0,0.9999999403953552
GCN,320,1962,5,1,3,-2.787426471710205,2.8440909385681152,5.63151741027832,0.8017836213111877,0.0409243181347847,0.0,0.47562265396118164,0.08895386755466461,0.24156877605153468,0,0.0,0.0418702023726448,60,0.39186543226242065,0.9999999403953552,0.47313076822047706,0.9719350073855244,57.16677474975586,0.975258493353028,0.4716617465019226,0.9981536189069424,0.4716617465019226,0.9981536189069424,1.0328866650866075e-08,1.0498054869856333e-08,2.6787404294736916e-08,0.9999998807907104,0.39186543226242065,0.3483438491821289,55,0.8289018869400024,0.8370859622955322,1.0,0.8370859622955322,0.6516561508178711,0.8370859622955322,0.0,0.9999999403953552
GCN,320,1969,4,1,3,-3.0035319328308105,2.5768654346466064,5.580397367477417,0.8017836213111877,0.042418550699949265,0.0,0.524050235748291,0.0831192210316658,0.2233800682076544,0,0.0,0.03838101884159107,55,0.4320541322231293,0.9999999403953552,0.5172548256008748,0.9859675036927622,62.876502990722656,0.9903988183161004,0.520708441734314,0.9985228951255539,0.520708441734314,0.9985228951255539,9.23137566388732e-09,3.1221887297760986e-08,6.337459268479506e-08,0.9999998807907104,0.4320541024208069,0.28151172399520874,50,0.8233335018157959,0.8203779458999634,1.0,0.8203779458999634,0.7184882760047913,0.8203779458999634,0.0,0.9999999403953552
GCN,320,1972,6,1,3,-0.8278079032897949,3.838937282562256,4.666745185852051,0.8017836213111877,0.03172735869884491,0.0,0.5067487955093384,0.062166135758161545,0.20310723758999621,0,0.0,0.05443126308443824,78,0.41865310072898865,0.9999999403953552,0.500627838774406,0.9844903988183161,60.74507141113281,0.9867060561299852,0.5034700036048889,0.9985228951255539,0.5034700036048889,0.9985228951255539,4.165001232792065e-09,2.993662562289501e-08,1.1939958710627252e-07,0.9999998807907104,0.41865307092666626,0.3037971258163452,73,0.7961041331291199,0.8259493708610535,1.0,0.8259493708610535,0.6962028741836548,0.8259493112564087,0.0,0.9999999403953552
GCN,320,1977,3,1,2,0.18942105770111084,5.3685173988342285,5.179096341133118,0.8660253286361694,0.04147058352828026,0.0,0.5056707262992859,0.08748187124729156,0.2370215990905646,0,0.0,0.044661549197487785,64,0.4505830705165863,0.9999999403953552,0.4989200641739831,0.9763663220088626,60.51218032836914,0.9859675036927622,0.5018718838691711,0.9985228951255539,0.5018718838691711,0.9985228951255539,3.357931266378955e-09,3.003425064207477e-08,6.017365450361467e-08,0.9999998807907104,0.4505830407142639,0.3062818944454193,59,0.9237966537475586,0.8265705108642578,1.0,0.8265705108642578,0.6937180757522583,0.8265705108642578,0.0,0.9999999403953552
GCN,320,1983,0,1,4,0.10426318645477295,5.293282985687256,5.189019799232483,0.7499998807907104,0.02255108952522278,-0.0010808601509779692,0.5501986145973206,0.046056777238845825,0.12542629784009093,0,0.0,0.06559665038381018,94,0.42583173513412476,0.9999998807907104,0.541101524612219,0.9889217134416544,65.90201568603516,0.9944608567208272,0.5470966100692749,0.9988921713441654,0.5470966100692749,0.9988921713441654,3.725290298461914e-09,3.614503585325224e-09,6.020530918249278e-08,0.9999998807907104,0.42583170533180237,0.2429656684398651,90,0.8155556917190552,0.8107414245605469,1.0,0.8107414245605469,0.7570343017578125,0.8107414245605469,0.0,0.9999998807907104
GCN,320,1996,3,0,5,-7.845081329345703,-2.626957893371582,5.218123435974121,0.7071066498756409,0.035515155643224716,-0.0007237818208523095,0.5160643458366394,0.06932264566421509,0.20954907161803712,0,0.0,0.04396371249127704,63,0.37533921003341675,0.9999998807907104,0.5083859946640361,0.9844903988183161,61.6096076965332,0.9885524372230429,0.5120702981948853,0.9985228951255539,0.5120702981948853,0.9985228951255539,9.451891713752048e-09,1.0302591668676087e-08,6.561887033740277e-08,0.9999998807907104,0.37533921003341675,0.2922535240650177,59,0.7122789621353149,0.8230634927749634,1.0,0.8230634927749634,0.7077465057373047,0.8230633735656738,4.656612873077393e-10,0.9999998807907104
GCN,320,2004,3,1,4,-5.224905014038086,1.2641749382019043,6.48907995223999,0.7499998807907104,0.029339483007788658,0.0,0.5481583476066589,0.053714457899332047,0.18226600985221675,0,0.0,0.04815073272854152,69,0.4238292872905731,0.9999999403953552,0.5385014475322172,0.9889217134416544,65.58512878417969,0.9940915805022157,0.5449243783950806,0.9988921713441654,0.5449243783950806,0.9988921713441654,8.290863107163204e-09,3.021420624804705e-08,6.074527192367896e-08,0.9999998807907104,0.4238292872905731,0.24652552604675293,64,0.7526723742485046,0.811631441116333,1.0,0.811631441116333,0.7534744739532471,0.8116313815116882,0.0,0.9999999403953552
GCN,320,2006,3,1,3,-5.787905216217041,0.7284538745880127,6.516359090805054,0.8017836213111877,0.043684832751750946,0.0,0.48483651876449585,0.08753757178783417,0.2370215990905646,0,0.0,0.03558967201674808,51,0.39923200011253357,0.9999998807907104,0.4793919382745956,0.9759970457902511,58.033447265625,0.9796898079763663,0.4807807505130768,0.9981536189069424,0.4807807505130768,0.9981536189069424,3.725290298461914e-09,3.091654221520912e-08,6.30648884225593e-08,0.9999998807907104,0.3992319703102112,0.33609360456466675,46,0.7789621353149414,0.8340234756469727,1.0,0.8340234756469727,0.6639063954353333,0.8340234160423279,0.0,0.9999998807907104
GCN,320,2010,0,1,4,0.06829476356506348,4.748708248138428,4.680413484573364,0.7499998807907104,0.028498560190200806,-0.0008370412979274988,0.5305753946304321,0.05812555178999901,0.1962864721485411,0,0.0,0.0628053035589672,90,0.4102023243904114,0.9999998807907104,0.5231033796083477,0.9863367799113737,63.53244400024414,0.991506646971935,0.5270105004310608,0.9985228951255539,0.5270105004310608,0.9985228951255539,3.0888476221235805e-09,2.996286951884031e-08,6.006619202025831e-08,0.9999998807907104,0.41020235419273376,0.2707512378692627,86,0.8116194605827332,0.8176877498626709,1.0,0.8176877498626709,0.7292487621307373,0.8176878094673157,4.656612873077393e-10,0.9999998807907104
GCN,320,2011,3,1,3,-1.8282976150512695,4.822248458862305,6.650546073913574,0.8017836213111877,0.028305912390351295,-0.001179225044324994,0.5428518056869507,0.0554768405854702,0.19060250094732853,0,0.0,0.05512909979064899,79,0.4488665461540222,0.9999999403953552,0.5333936581420211,0.9881831610044313,65.02091979980469,0.9937223042836041,0.5397863984107971,0.9988921713441654,0.5397863984107971,0.9988921713441654,4.293184918680026e-09,4.6391175345661395e-09,6.050581191630044e-08,0.9999998807907104,0.4488665759563446,0.25355327129364014,76,0.8530471324920654,0.8133884072303772,1.0,0.8133884072303772,0.7464467287063599,0.8133883476257324,0.0,0.9999999403953552
GCN,320,2014,3,1,2,0.4212520122528076,5.867250442504883,5.445998430252075,0.8660253286361694,0.04926475137472153,0.0,0.5364130735397339,0.10348410904407501,0.3421750663129973,1,0.0,0.03558967201674808,51,0.4774264693260193,0.9999999403953552,0.5278340638692361,0.9870753323485968,64.29954528808594,0.992245199409158,0.5319074392318726,0.9988921713441654,0.5319074392318726,0.9988921713441654,5.759912102831777e-09,5.99121676714276e-08,1.1988318249223084e-07,0.9999998807907104,0.4774264395236969,0.2649537920951843,46,0.9758145809173584,0.8162384033203125,1.0,0.8162384033203125,0.7350462079048157,0.8162384629249573,0.0,0.9999999403953552
GCN,320,2015,6,1,3,0.34548234939575195,5.078505516052246,4.733023166656494,0.8017836213111877,0.027811937034130096,0.0,0.5487138032913208,0.05544862896203995,0.1896551724137931,0,0.0,0.05373342637822749,77,0.4538016617298126,0.9999999403953552,0.5395469147556596,0.9889217134416544,65.71417999267578,0.9940915805022157,0.5455013513565063,0.9988921713441654,0.5455013513565063,0.9988921713441654,2.8610709357224096e-09,2.99438660533724e-08,5.994619556304315e-08,0.9999998807907104,0.45380163192749023,0.24534659087657928,72,0.8771272897720337,0.8113367557525635,1.0000001192092896,0.8113366365432739,0.7546535134315491,0.8113367557525635,0.0,0.9999999403953552
GCN,320,2019,0,1,2,-0.09114360809326172,4.584770202636719,4.6759138107299805,0.8660253286361694,0.0535748191177845,-0.00030530584626831114,0.5063198804855347,0.11651144176721573,0.3901098901098901,1,0.0,0.03628750872295883,52,0.4497857093811035,1.0,0.5009732311353662,0.9844903988183161,60.695865631103516,0.9859675036927622,0.5019134283065796,0.9985228951255539,0.5019134283065796,0.9985228951255539,7.997995155051285e-09,8.041931565117011e-09,1.7872322288781106e-08,0.9999998807907104,0.4497857689857483,0.3075094223022461,48,0.9535938501358032,0.8268774151802063,1.0,0.8268774151802063,0.6924905776977539,0.8268773555755615,0.0,1.0
GCN,320,2038,3,1,2,-2.0416107177734375,3.4957637786865234,5.537374496459961,0.8660253286361694,0.05329085513949394,-0.0012831651838496327,0.46782386302948,0.11884979158639908,0.39636225843122397,1,0.0,0.03838101884159107,55,0.41503214836120605,0.9999999403953552,0.4614355984405394,0.96602658788774,56.1819953918457,0.9693500738552437,0.4633805751800537,0.9981536189069424,0.4633805751800537,0.9981536189069424,0.0,3.009285265420658e-08,6.03935035314862e-08,0.9999998807907104,0.41503211855888367,0.3610161542892456,51,0.9035636782646179,0.8402540683746338,1.0,0.8402540683746338,0.6389838457107544,0.8402540683746338,0.0,0.9999999403953552
GCN,320,2043,4,1,2,-1.9762489795684814,3.594326972961426,5.570575952529907,0.8660253286361694,0.05481059476733208,0.0,0.4740726351737976,0.12290141731500626,0.40299355816597193,1,0.0,0.03977669225401256,57,0.42053577303886414,0.9999999403953552,0.46842963079112016,0.9675036927621861,56.63463592529297,0.9715657311669128,0.46933674812316895,0.9981536189069424,0.46933674812316895,0.9981536189069424,4.971902001216222e-09,5.273498526747744e-09,1.2570921192889273e-08,0.9999998807907104,0.42053577303886414,0.35254278779029846,52,0.9205934405326843,0.8381357192993164,1.0,0.8381357192993164,0.6474572420120239,0.8381357192993164,0.0,0.9999999403953552
GCN,320,2045,1,0,32,-3.042482852935791,-0.5799477100372314,2.4625351428985596,0.35355332493782043,0.008514122106134892,-0.057504910975694656,0.5322085022926331,0.020178232342004776,0.10837438423645321,0,0.0,0.22609909281228194,324,0.19377286732196808,0.9999999403953552,0.523911219071858,0.9863367799113737,63.65671920776367,0.9918759231905465,0.5288904309272766,0.9985228951255539,0.5288904309272766,0.9985228951255539,1.3837272661021416e-08,2.0200323191943426e-08,9.225237107557405e-08,0.9999998807907104,0.19377289712429047,0.2692365050315857,323,0.4459436535835266,0.8173090815544128,1.0,0.8173090815544128,0.7307634949684143,0.8173091411590576,5.71503200319512e-09,0.9999999403953552
GCN,320,2051,0,1,3,1.003143548965454,5.65777063369751,4.654627084732056,0.8017836213111877,0.03236551210284233,-0.034372225403785706,0.5148354172706604,0.0625319853425026,0.2032967032967033,0,0.0,0.051639916259595256,74,0.42417487502098083,1.0,0.5092227720023944,0.9844903988183161,61.70183563232422,0.9885524372230429,0.5115573406219482,0.9985228951255539,0.5115573406219482,0.9985228951255539,5.665014235489707e-09,3.005590087923338e-08,6.033049970710636e-08,0.9999998807907104,0.42417487502098083,0.2946145534515381,72,0.7975269556045532,0.8236535787582397,1.0,0.8236535787582397,0.7053854465484619,0.8236536383628845,5.719772655510269e-09,1.0
GCN,320,2054,0,1,9,3.0679433345794678,6.7381744384765625,3.6702311038970947,0.588348388671875,0.016404271125793457,-0.02263289876282215,0.5639218091964722,0.030137883499264717,0.10837438423645321,0,0.0,0.08234473133286811,118,0.3421116769313812,0.9999998807907104,0.5492781833489937,0.990029542097489,67.47444915771484,0.9966765140324964,0.5606712698936462,0.9988921713441654,0.5606712698936462,0.9988921713441654,1.0539284112098812e-08,3.2413669970310366e-08,7.029459681007211e-08,0.9999998807907104,0.3421117067337036,0.2246958613395691,116,0.609549880027771,0.8061739206314087,1.0,0.8061739206314087,0.7753041386604309,0.8061739802360535,1.4828680505729608e-09,0.9999998807907104
GCN,320,2055,0,1,4,1.1485841274261475,6.840567588806152,5.691983461380005,0.7499998807907104,0.027869442477822304,-0.0302304457873106,0.5333433747291565,0.05527951940894127,0.1896551724137931,0,0.0,0.05931612002791347,85,0.41155412793159485,0.9999999403953552,0.5245150108425853,0.9863367799113737,63.80146789550781,0.9918759231905465,0.5299498438835144,0.9988921713441654,0.5299498438835144,0.9988921713441654,5.015325488244571e-09,5.98877321067448e-08,1.2003715710307006e-07,0.9999999403953552,0.4115541875362396,0.26834797859191895,82,0.7934216856956482,0.8170870542526245,1.0,0.8170870542526245,0.731652021408081,0.8170869946479797,1.9441706911038636e-08,0.9999999403953552
GCN,320,2058,5,1,3,-3.7201385498046875,2.446057081222534,6.166195631027222,0.8017836213111877,0.05248594656586647,0.0,0.43652957677841187,0.0962856188416481,0.29120879120879123,0,0.0,0.039078855547801813,56,0.3576551675796509,0.9999999403953552,0.4374251642255098,0.9597488921713442,52.26910400390625,0.9523633677991138,0.4317081868648529,0.9959379615952733,0.4317081868648529,0.9959379615952733,1.0780838444190977e-08,9.50051770587379e-09,2.6563530042267303e-08,0.9999998807907104,0.3576551675796509,0.40523409843444824,51,0.6420801877975464,0.8513085842132568,1.0,0.8513085842132568,0.5947659015655518,0.8513085246086121,0.0,0.9999999403953552
GCN,320,2059,0,1,6,1.2644646167755127,5.172375202178955,3.9079105854034424,0.6708203554153442,0.024539893493056297,-0.0481613352894783,0.5074552297592163,0.04659076780080795,0.12788935202728305,0,0.0,0.07466852756454989,107,0.34969812631607056,0.9999999403953552,0.5012647012091048,0.9844903988183161,60.77467346191406,0.9867060561299852,0.5040447115898132,0.9985228951255539,0.5040447115898132,0.9985228951255539,8.896446246353662e-09,6.028560761706103e-08,1.8067143514599593e-07,0.9999999403953552,0.3496982157230377,0.3049342930316925,105,0.6266746520996094,0.8262335658073425,1.0,0.8262335658073425,0.6950657367706299,0.8262336254119873,2.2819778067173502e-08,0.9999999403953552
GCN,320,2071,2,1,8,0.36962831020355225,3.5653536319732666,3.1957253217697144,0.6123723983764648,0.02076598070561886,-0.04044843092560768,0.5029948949813843,0.04301447793841362,0.1110269041303524,0,0.0,0.09909281228192603,142,0.3167637586593628,0.9999999403953552,0.4963799949909577,0.9763663220088626,60.148094177246094,0.9848596750369276,0.4995670020580292,0.9985228951255539,0.4995670020580292,0.9985228951255539,7.53738671477322e-09,8.073048007872785e-09,6.481545256065147e-08,0.9999998807907104,0.3167637884616852,0.3103024959564209,139,0.6380304098129272,0.8275756239891052,1.0,0.8275756239891052,0.6896975040435791,0.8275756239891052,1.5373876394164654e-08,0.9999999403953552
GCN,320,2072,0,1,3,2.139094114303589,7.471423149108887,5.332329034805298,0.8017836213111877,0.03359357640147209,-0.0006474449764937162,0.5306233167648315,0.06970211863517761,0.21030693444486548,0,0.0,0.045359385903698535,65,0.43832436203956604,1.0,0.5210280976123175,0.9863367799113737,63.56485366821289,0.991506646971935,0.5272020697593689,0.9985228951255539,0.5272020697593689,0.9985228951255539,3.4846900920371127e-09,2.995201242583789e-08,5.998428775910725e-08,0.9999998807907104,0.4383244216442108,0.27108442783355713,62,0.88274085521698,0.8177711367607117,1.0,0.8177711367607117,0.7289155721664429,0.8177710771560669,1.1641532182693481e-10,1.0
GCN,320,2075,3,1,8,-3.350163459777832,1.4841434955596924,4.834306955337524,0.6123723983764648,0.019943196326494217,-0.00026256052660755813,0.5144373178482056,0.04332246631383896,0.1110269041303524,0,0.0,0.08583391486392185,123,0.3249386250972748,0.9999998807907104,0.5087526568312946,0.9844903988183161,61.56005859375,0.9881831610044313,0.5112197399139404,0.9985228951255539,0.5112197399139404,0.9985228951255539,6.812037156578299e-09,6.864556478802797e-09,2.112620656191666e-08,0.9999998807907104,0.3249386250972748,0.2925032079219818,119,0.6843312978744507,0.8231258392333984,1.0,0.8231258392333984,0.7074967622756958,0.8231258392333984,1.1641532182693481e-10,0.9999998807907104
GCN,320,2082,1,1,2,-2.186614751815796,4.745097637176514,6.93171238899231,0.8660253286361694,0.09021378308534622,0.0,0.49444568157196045,0.19461196660995483,0.6530882910193255,1,0.0,0.021632937892533146,31,0.4326362609863281,0.9999999403953552,0.4860426589665732,0.9763663220088626,59.22434997558594,0.982274741506647,0.48654115200042725,0.9981536189069424,0.48654115200042725,0.9981536189069424,8.172322374377927e-09,3.0888475777146596e-08,6.249090489518494e-08,0.9999998807907104,0.43263623118400574,0.33391284942626953,26,0.9237316250801086,0.8334782123565674,1.0,0.8334782123565674,0.6660871505737305,0.8334782123565674,0.0,0.9999999403953552
GCN,320,2087,1,1,2,-2.1765031814575195,3.843419075012207,6.019922256469727,0.8660253286361694,0.04726164788007736,0.0,0.5021868348121643,0.09677077829837799,0.29120879120879123,0,0.0,0.03838101884159107,55,0.4468366801738739,0.9999998807907104,0.49580401873550595,0.9763663220088626,60.18482971191406,0.9848596750369276,0.498495876789093,0.9985228951255539,0.498495876789093,0.9985228951255539,2.7450328676792424e-09,3.015404104189656e-08,6.049084788628534e-08,0.9999998807907104,0.4468366503715515,0.31204989552497864,50,0.8904945254325867,0.8280125260353088,1.0,0.8280125260353088,0.6879501342773438,0.8280124664306641,0.0,0.9999998807907104
GCN,320,2096,1,1,6,-1.8627703189849854,3.16807222366333,5.030842542648315,0.6708203554153442,0.02250227890908718,-0.0009411330102011561,0.49685052037239075,0.04551086947321892,0.12182644941265632,0,0.0,0.0851360781577111,122,0.343672513961792,0.9999998807907104,0.49258638294869767,0.9763663220088626,59.43539810180664,0.982274741506647,0.49341246485710144,0.9981536189069424,0.49341246485710144,0.9981536189069424,6.8754064663778536e-09,3.061435194240403e-08,1.2091840062566916e-07,0.9999999403953552,0.3436725437641144,0.3169110119342804,119,0.6539240479469299,0.8292278051376343,1.0,0.8292278051376343,0.683089017868042,0.8292278051376343,2.3283064365386963e-10,0.9999998807907104
GCN,320,2105,5,1,2,0.06497049331665039,6.145440101623535,6.080469608306885,0.8660253286361694,0.04772282764315605,-0.002691103843972087,0.4628278315067291,0.10423322021961212,0.3421750663129973,1,0.0,0.041172365666434056,59,0.41118961572647095,0.9999999403953552,0.4591878723946771,0.96602658788774,55.45335388183594,0.96602658788774,0.45879027247428894,0.9974150664697193,0.45879027247428894,0.9974150664697193,5.430496941016827e-09,7.46511830129748e-09,6.232641425185648e-08,0.9999998807907104,0.41118961572647095,0.36693209409713745,56,0.8515893816947937,0.8417330980300903,1.0,0.8417330980300903,0.6330679059028625,0.8417330384254456,1.0412503081980162e-09,0.9999999403953552
GCN,320,2107,1,1,4,-1.221675157546997,4.496846675872803,5.7185218334198,0.7499998807907104,0.02664438635110855,-0.0004663903673645109,0.5281243324279785,0.05241208150982857,0.1733611216369837,0,0.0,0.0642009769713887,92,0.4084429442882538,0.9999998807907104,0.5202209655619212,0.9863367799113737,63.192012786865234,0.9911373707533235,0.5245742797851562,0.9985228951255539,0.5245742797851562,0.9985228951255539,5.587935447692871e-09,6.320826528849466e-09,1.550708539355128e-08,0.9999998807907104,0.4084429442882538,0.2738790214061737,88,0.77915358543396,0.8184697031974792,1.0,0.8184697031974792,0.7261209487915039,0.818469762802124,2.3283064365386963e-10,0.9999998807907104
GCN,320,2113,2,1,6,-2.702531337738037,2.998814582824707,5.701345920562744,0.6708203554153442,0.02168796956539154,-0.03461632505059242,0.5545416474342346,0.040802087634801865,0.10837438423645321,0,0.0,0.06978367062107467,100,0.3830501139163971,0.9999998807907104,0.5443049941833739,0.9889217134416544,66.33680725097656,0.9944608567208272,0.5511055588722229,0.9988921713441654,0.5511055588722229,0.9988921713441654,1.1734294425025382e-08,3.205799714578461e-08,6.709829847295623e-08,0.9999998807907104,0.3830501437187195,0.23864343762397766,96,0.6998481750488281,0.8096609115600586,1.0,0.8096609115600586,0.7613565921783447,0.8096609115600586,2.852175384759903e-08,0.9999998807907104
GCN,320,2120,4,1,5,-2.4046831130981445,2.5527334213256836,4.957416534423828,0.7071066498756409,0.03176762908697128,0.0,0.5005917549133301,0.0756344199180603,0.21580143993937098,0,0.0,0.06699232379623168,96,0.36437204480171204,0.9999999403953552,0.49564120159149905,0.9763663220088626,60.064720153808594,0.9848596750369276,0.4970925450325012,0.9985228951255539,0.4970925450325012,0.9985228951255539,5.164433325433038e-09,3.049548169542504e-08,1.20523665714245e-07,0.9999999403953552,0.3643721044063568,0.3129332661628723,91,0.8427587747573853,0.8282333016395569,1.0,0.8282333016395569,0.6870667338371277,0.8282333016395569,0.0,0.9999999403953552
GCN,320,2122,4,0,10,-3.908621311187744,-0.2590615749359131,3.649559736251831,0.5669466257095337,0.015233488753437996,-0.053799115121364594,0.5147110819816589,0.2297104299068451,0.7559681697612732,1,0.0,0.12630844382414516,181,0.3003476858139038,0.9999999403953552,0.508256923164917,0.9844903988183161,61.59849166870117,0.9885524372230429,0.5116608738899231,0.9985228951255539,0.5116608738899231,0.9985228951255539,6.784127037917642e-09,3.03073584007052e-08,1.206227580041741e-07,0.9999998807907104,0.3003476560115814,0.2936485707759857,178,0.5070580244064331,0.8234121799468994,1.0,0.8234121799468994,0.7063513994216919,0.8234121799468994,1.9208528101444244e-08,0.9999999403953552
GCN,320,2130,4,0,12,-4.379178047180176,-1.3822808265686035,2.9968972206115723,0.5303300619125366,0.021718841046094894,0.0,0.4726506173610687,0.038071293383836746,0.10837438423645321,0,0.0,0.0928122819260293,133,0.25809675455093384,0.9999999403953552,0.46902206790508383,0.9675036927621861,56.51955795288086,0.9711964549483013,0.4691363275051117,0.9981536189069424,0.4691363275051117,0.9981536189069424,1.1392058851811271e-08,2.0168428704891994e-08,7.953624958645378e-08,0.9999998807907104,0.2580967843532562,0.3511039912700653,128,0.4393872022628784,0.8377760052680969,1.0,0.8377760052680969,0.6488959789276123,0.8377759456634521,0.0,0.9999999403953552
GCN,320,2131,0,1,3,1.7081952095031738,6.794773578643799,5.086578369140625,0.8017836213111877,0.034073006361722946,-0.0031951237469911575,0.5277372598648071,0.07312712073326111,0.21295945433876468,0,0.0,0.046057222609909285,66,0.43579551577568054,0.9999998807907104,0.5166302332286553,0.9859675036927622,63.161407470703125,0.9911373707533235,0.5238738059997559,0.9985228951255539,0.5238738059997559,0.9985228951255539,3.725290298461914e-09,3.0050490096300564e-08,6.025230447903596e-08,0.9999998807907104,0.43579548597335815,0.27528995275497437,63,0.8642656803131104,0.8188226222991943,1.0,0.8188226222991943,0.7247100472450256,0.8188225030899048,1.1641532182693481e-10,0.9999998807907104
GCN,320,2139,3,0,4,-5.520188808441162,-0.3255925178527832,5.194596290588379,0.7499998807907104,0.0377153716981411,0.0,0.5090214014053345,0.08135789632797241,0.22167487684729065,0,0.0,0.0418702023726448,60,0.3926449418067932,0.9999999403953552,0.5051047982639175,0.9844903988183161,61.0535888671875,0.9874446085672083,0.5056169033050537,0.9985228951255539,0.5056169033050537,0.9985228951255539,9.96558657817559e-09,3.156294070549848e-08,6.521785422819448e-08,0.9999998807907104,0.3926449716091156,0.30196434259414673,55,0.8235284090042114,0.8254910707473755,1.0,0.8254910707473755,0.6980356574058533,0.8254910707473755,0.0,0.9999999403953552
GCN,320,2141,3,0,4,-6.422839164733887,-0.8911831378936768,5.53165602684021,0.7499998807907104,0.04076367989182472,0.0,0.4825197756290436,0.0913306176662445,0.26032588101553616,0,0.0,0.046057222609909285,66,0.37165161967277527,0.9999999403953552,0.4794143023040005,0.9759970457902511,57.75478744506836,0.9785819793205317,0.47862398624420166,0.9981536189069424,0.47862398624420166,0.9981536189069424,9.801036426893006e-09,9.806566225734059e-09,6.518965989243952e-08,0.9999998807907104,0.37165161967277527,0.33928585052490234,61,0.8108103275299072,0.8348214626312256,1.0,0.8348214626312256,0.6607141494750977,0.8348214626312256,0.0,0.9999999403953552
GCN,320,2153,4,1,3,0.13797175884246826,5.875999927520752,5.738028168678284,0.8017836213111877,0.034706272184848785,0.0,0.5581335425376892,0.06674127280712128,0.20765441455096628,0,0.0,0.03698534542916958,53,0.461124062538147,0.9999999403953552,0.5465140922924719,0.9889217134416544,66.78204345703125,0.9951994091580503,0.5546043515205383,0.9988921713441654,0.5546043515205383,0.9988921713441654,4.165001232792065e-09,4.019280019917915e-09,8.761531944401213e-09,0.9999998807907104,0.46112409234046936,0.2331695407629013,48,0.8605613708496094,0.8082923889160156,1.0,0.8082923889160156,0.7668304443359375,0.8082923889160156,0.0,0.9999999403953552
GCN,320,2156,0,1,4,0.6022144556045532,4.947447776794434,4.34523332118988,0.7499998807907104,0.028042687103152275,0.0,0.5262726545333862,0.05773330479860306,0.19552860932171276,0,0.0,0.05931612002791347,85,0.4069167375564575,0.9999998807907104,0.5190060764813311,0.9863367799113737,62.955238342285156,0.9903988183161004,0.5229827761650085,0.9985228951255539,0.5229827761650085,0.9985228951255539,8.810724594354724e-09,3.056384301203252e-08,1.2037349961246946e-07,0.9999999403953552,0.4069167673587799,0.2765922248363495,80,0.8126035928726196,0.8191479444503784,1.0,0.8191479444503784,0.7234077453613281,0.819148063659668,0.0,0.9999998807907104
GCN,320,2157,6,1,5,-1.7835243940353394,1.8119813203811646,3.595505714416504,0.7071066498756409,0.02939080260694027,-0.00037817651173099875,0.4751683473587036,0.05918480455875397,0.1991284577491474,0,0.0,0.06838799720865317,98,0.34592553973197937,0.9999998807907104,0.47075541985339914,0.9693500738552437,57.143306732177734,0.975258493353028,0.4721289873123169,0.9981536189069424,0.4721289873123169,0.9981536189069424,7.957223324694951e-09,7.566100634903705e-09,2.1872047284432483e-08,0.9999998807907104,0.34592553973197937,0.34771642088890076,94,0.6765987873077393,0.8369290828704834,1.0,0.8369290828704834,0.6522835493087769,0.8369290828704834,2.3283064365386963e-10,0.9999998807907104
GCN,320,2158,6,1,1,-1.5815322399139404,3.1784090995788574,4.759941339492798,0.9486831426620483,0.07506507635116577,0.0,0.4224993884563446,0.17778348922729492,0.6000378931413414,1,0.0,0.02930914166085136,42,0.4069366157054901,1.0,0.4209579815090783,0.9494091580502215,52.2898063659668,0.9523633677991138,0.41857314109802246,0.9937223042836041,0.41857314109802246,0.9937223042836041,9.812092471861433e-09,9.814853818568281e-09,6.429869614521522e-08,0.9999998807907104,0.4069366753101349,0.42806798219680786,37,0.9492940902709961,0.857016921043396,1.0,0.857016921043396,0.5719320178031921,0.8570169806480408,0.0,1.0
GCN,320,2160,6,1,8,-1.777796745300293,1.4101166725158691,3.187913417816162,0.6123723983764648,0.02421741746366024,-0.09237615764141083,0.488557368516922,0.04385335370898247,0.11405835543766578,0,0.0,0.08304256803907886,119,0.30589908361434937,0.9999998211860657,0.4780431477912127,0.9756277695716395,58.54765319824219,0.9811669128508124,0.4850837290287018,0.9981536189069424,0.4850837290287018,0.9981536189069424,9.125060707049215e-09,1.2375665825459237e-08,4.0461149097836824e-08,0.9999998807907104,0.305899053812027,0.33395856618881226,115,0.5417590141296387,0.8334896564483643,1.0,0.8334896564483643,0.6660414338111877,0.8334896564483643,1.30385160446167e-08,0.9999998211860657
GCN,320,2164,6,1,3,-2.2728734016418457,1.8631618022918701,4.136035203933716,0.8017836213111877,0.03696797415614128,0.0,0.48880288004875183,0.07388190925121307,0.21314892004547176,0,0.0,0.04884856943475227,70,0.4032577872276306,0.9999999403953552,0.48371924341983596,0.9763663220088626,58.678016662597656,0.9819054652880355,0.48548179864883423,0.9981536189069424,0.48548179864883423,0.9981536189069424,5.7410578513383825e-09,3.03699003723068e-08,6.132020047289188e-08,0.9999998807907104,0.4032578468322754,0.3293987512588501,65,0.7832553386688232,0.8323496580123901,1.0,0.8323496580123901,0.6706012487411499,0.8323496580123901,0.0,0.9999999403953552
GCN,320,2165,6,1,3,-0.8525518178939819,4.366346836090088,5.21889865398407,0.8017836213111877,0.030789891257882118,0.0,0.5356823801994324,0.062031373381614685,0.20310723758999621,0,0.0,0.05024424284717376,72,0.4427700936794281,0.9999999403953552,0.526339754936169,0.9863367799113737,64.07782745361328,0.9918759231905465,0.5319573879241943,0.9988921713441654,0.5319573879241943,0.9988921713441654,2.592692283087672e-09,2.7647106826123036e-09,6.2393414879124975e-09,0.9999998807907104,0.4427701234817505,0.2636914551258087,67,0.8653022050857544,0.8159229755401611,1.0,0.8159229755401611,0.7363085746765137,0.8159228563308716,0.0,0.9999999403953552
GCN,320,2166,5,1,2,-2.4739112854003906,2.4906909465789795,4.96460223197937,0.8660253286361694,0.08365887403488159,0.0,0.4822846055030823,0.19228298962116241,0.6494884425918909,1,0.0,0.034193998604326585,49,0.42293643951416016,0.9999998807907104,0.4781885079984121,0.9756277695716395,57.85445785522461,0.9793205317577548,0.477896124124527,0.9981536189069424,0.477896124124527,0.9981536189069424,1.7423450460185563e-09,1.877140665129673e-09,5.976894357218043e-08,0.9999998807907104,0.42293643951416016,0.3488466739654541,44,0.959981381893158,0.8372116684913635,1.0,0.8372116684913635,0.6511533260345459,0.8372116684913635,0.0,0.9999998807907104
GCN,320,2172,0,1,5,3.0485219955444336,7.251993179321289,4.2034711837768555,0.7071066498756409,0.03074590116739273,-0.00021626640227623284,0.5400981903076172,0.059249792248010635,0.19950738916256158,0,0.0,0.05373342637822749,77,0.3934328854084015,0.9999999403953552,0.5256901564339913,0.9863367799113737,64.6070556640625,0.9929837518463811,0.5360527634620667,0.9988921713441654,0.5360527634620667,0.9988921713441654,9.856191418577964e-09,7.15741244050605e-09,1.8218321073959487e-08,0.9999998807907104,0.3934328854084015,0.25813573598861694,73,0.7359651327133179,0.8145339488983154,1.0,0.8145339488983154,0.7418642640113831,0.8145339488983154,1.1641532182693481e-10,0.9999999403953552
GCN,320,2177,3,1,4,0.40280449390411377,3.6474483013153076,3.244643807411194,0.7499998807907104,0.060897283256053925,0.0,0.5063996911048889,0.1512964367866516,0.5178097764304661,1,0.0,0.05443126308443824,78,0.38746413588523865,0.9999999403953552,0.495359673645355,0.9763663220088626,59.983421325683594,0.9833825701624815,0.4984988272190094,0.9985228951255539,0.4984988272190094,0.9985228951255539,8.33000246558413e-09,3.0936700312622634e-08,1.211201521300609e-07,0.9999998807907104,0.38746410608291626,0.3111747205257416,73,0.9435946941375732,0.8277937173843384,1.0,0.8277937173843384,0.688825249671936,0.8277937173843384,0.0,0.9999999403953552
GCN,320,2181,0,1,8,3.546696424484253,6.798837661743164,3.252141237258911,0.6123723983764648,0.027886128053069115,-0.00019525527022778988,0.5306974053382874,0.02823788858950138,0.10837438423645321,0,0.0,0.07606420097697139,109,0.33464398980140686,0.9999998807907104,0.518204939258332,0.9859675036927622,63.439308166503906,0.991506646971935,0.5263233184814453,0.9985228951255539,0.5263233184814453,0.9985228951255539,9.820375623803557e-09,1.0660110127957978e-08,3.1841622671890946e-08,0.9999998807907104,0.33464398980140686,0.271371454000473,105,0.32908380031585693,0.8178429007530212,1.0,0.8178429007530212,0.7286285161972046,0.8178428411483765,4.656612873077393e-10,0.9999998807907104
GCN,320,2189,0,1,6,0.976896345615387,5.041973114013672,4.065076768398285,0.6708203554153442,0.02135578729212284,-0.001065700314939022,0.5298475623130798,0.03916089981794357,0.10837438423645321,0,0.0,0.0732728541521284,105,0.36667096614837646,0.9999999403953552,0.5209028165881353,0.9863367799113737,63.419525146484375,0.991506646971935,0.5265280604362488,0.9985228951255539,0.5265280604362488,0.9985228951255539,7.902533738501916e-09,3.076361565490515e-08,6.312978229061628e-08,0.9999998807907104,0.36667099595069885,0.2711988687515259,102,0.6252294182777405,0.8177997469902039,1.0,0.8177997469902039,0.7288011312484741,0.8177996873855591,3.29272248356105e-10,0.9999999403953552
GCN,320,2195,0,1,4,-0.6551980376243591,3.433668613433838,4.088866651058197,0.7499998807907104,0.03672810643911362,-0.0002848218136932701,0.4734801650047302,0.07063566148281097,0.21049640015157256,0,0.0,0.052337752965806,75,0.3650457262992859,0.9999998807907104,0.4698995481848955,0.9693500738552437,56.66238784790039,0.9715657311669128,0.47001349925994873,0.9981536189069424,0.47001349925994873,0.9981536189069424,7.031331072937519e-09,7.2813106655189586e-09,1.9963943387324434e-08,0.9999998807907104,0.3650457262992859,0.3510296940803528,71,0.6829491853713989,0.837757408618927,1.0,0.837757408618927,0.6489703059196472,0.837757408618927,2.3283064365386963e-10,0.9999998807907104
GCN,320,2198,0,1,5,2.2029502391815186,6.992590427398682,4.789640188217163,0.7071066498756409,0.023195473477244377,-0.029339127242565155,0.5428839325904846,0.04673055559396744,0.13111026904130352,0,0.0,0.06908583391486392,99,0.3953291177749634,0.9999999403953552,0.5332621726852288,0.9881831610044313,64.96894836425781,0.9937223042836041,0.5397530794143677,0.9988921713441654,0.5397530794143677,0.9988921713441654,8.129091177977443e-09,6.016003339937015e-08,1.799964763904427e-07,0.9999999403953552,0.39532920718193054,0.2545599937438965,97,0.773374080657959,0.8136399984359741,1.0,0.8136399984359741,0.7454400062561035,0.8136399984359741,1.5156362831447723e-09,0.9999999403953552
GCN,320,2212,3,1,4,-2.614128589630127,3.2788970470428467,5.893025636672974,0.7499998807907104,0.032489582896232605,-0.0004605653812177479,0.4965987801551819,0.0679832398891449,0.2084122773777946,0,0.0,0.056524773203070484,81,0.3834627568721771,0.9999999403953552,0.4911341066737089,0.9763663220088626,59.38386917114258,0.982274741506647,0.49299243092536926,0.9981536189069424,0.49299243092536926,0.9981536189069424,6.969380184074225e-09,3.033060380630559e-08,6.138274244449349e-08,0.9999998807907104,0.38346272706985474,0.31828832626342773,77,0.7793357372283936,0.8295720815658569,1.0,0.8295720815658569,0.6817116737365723,0.8295720815658569,0.0,0.9999999403953552
GCN,320,2215,3,1,4,-2.9676437377929688,3.4210593700408936,6.388703107833862,0.7499998807907104,0.031249022111296654,-0.00036816761712543666,0.5109925270080566,0.06576760858297348,0.20670708601743085,0,0.0,0.055826936496859735,80,0.3947722613811493,0.9999999403953552,0.5046446956280537,0.9844903988183161,61.0969352722168,0.9874446085672083,0.5079350471496582,0.9985228951255539,0.5079350471496582,0.9985228951255539,6.089311277435172e-09,5.602468267085214e-09,1.420834916388003e-08,0.9999998807907104,0.3947722613811493,0.29818251729011536,76,0.8065873384475708,0.8245456218719482,1.0,0.8245456218719482,0.701817512512207,0.8245456218719482,2.3283064365386963e-10,0.9999999403953552
GCN,320,2218,1,1,2,-0.9359907507896423,4.739748954772949,5.6757397055625916,0.8660253286361694,0.10057755559682846,0.0,0.420364111661911,0.2549343705177307,0.8033345964380447,1,0.0,0.027913468248429867,40,0.3616158068180084,0.9999998807907104,0.4158574193019484,0.948301329394387,49.825313568115234,0.9342688330871491,0.41007673740386963,0.9926144756277696,0.41007673740386963,0.9926144756277696,1.1175870895385742e-08,1.1344372552457571e-08,3.139389903594747e-08,0.9999998807907104,0.3616158068180084,0.4432559609413147,35,0.922748863697052,0.8608140349388123,1.0,0.8608140349388123,0.5567440390586853,0.8608139753341675,0.0,0.9999998807907104
GCN,320,2224,4,1,8,-2.314833641052246,1.6568474769592285,3.9716811180114746,0.6123723983764648,0.01864817552268505,-0.12117806077003479,0.5179311037063599,0.26211297512054443,0.8173550587343691,1,0.0,0.08932309839497557,128,0.3249140679836273,0.9999998807907104,0.5097175663184812,0.9844903988183161,62.00223922729492,0.9892909896602659,0.5147161483764648,0.9985228951255539,0.5147161483764648,0.9985228951255539,8.446330745925934e-09,3.095246725592915e-08,6.490867576758319e-08,0.9999998807907104,0.3249140977859497,0.29255664348602295,125,0.4852263331413269,0.8231391906738281,1.0,0.8231391906738281,0.707443356513977,0.8231391906738281,2.3399189252870656e-09,0.9999998807907104
GCN,320,2228,6,1,6,-1.171592354774475,2.796633720397949,3.9682260751724243,0.6708203554153442,0.02134540118277073,0.0,0.5366806983947754,0.03723756968975067,0.10837438423645321,0,0.0,0.0718771807397069,103,0.37144118547439575,0.9999999403953552,0.5292102419065401,0.9870753323485968,64.26315307617188,0.992245199409158,0.5336653590202332,0.9988921713441654,0.5336653590202332,0.9988921713441654,6.485911363540708e-09,3.049103725061286e-08,6.208222913528516e-08,0.9999998807907104,0.37144121527671814,0.2617174983024597,98,0.6280573606491089,0.8154294490814209,1.0,0.8154294490814209,0.7382825016975403,0.8154293894767761,0.0,0.9999999403953552
GCN,320,2229,3,1,3,-2.597609758377075,3.0696797370910645,5.66728949546814,0.8017836213111877,0.04354128986597061,0.0,0.45932209491729736,0.09085710346698761,0.24838954149298978,0,0.0,0.04815073272854152,69,0.3779639005661011,0.9999999403953552,0.4570304674973269,0.9656573116691285,55.123008728027344,0.9645494830132939,0.4558402895927429,0.9974150664697193,0.4558402895927429,0.9974150664697193,5.101064015633483e-09,5.122274160385132e-09,1.3536274323655562e-08,0.9999998807907104,0.3779639005661011,0.37146151065826416,64,0.7684792280197144,0.8428653478622437,1.0,0.8428653478622437,0.6285384893417358,0.8428653478622437,0.0,0.9999999403953552
GCN,320,2231,0,1,2,-1.9049535989761353,3.924851179122925,5.82980477809906,0.8660253286361694,0.04434539005160332,-0.00033846046426333487,0.4752947688102722,0.09095539897680283,0.25142099280030317,0,0.0,0.04256803907885555,61,0.42293643951416016,0.9999998807907104,0.4731254928112613,0.9719350073855244,57.19341278076172,0.9759970457902511,0.4720863401889801,0.9981536189069424,0.4720863401889801,0.9981536189069424,6.922552753252376e-09,6.914717243233781e-09,6.180486167295385e-08,0.9999998807907104,0.42293643951416016,0.3488466739654541,57,0.8442549705505371,0.8372116684913635,1.0,0.8372116684913635,0.6511533260345459,0.8372116684913635,0.0,0.9999998807907104
GCN,320,2232,0,1,3,2.318882942199707,7.203059196472168,4.884176254272461,0.8017836213111877,0.03898737207055092,-0.0002778241760097444,0.506027340888977,0.08238044381141663,0.22300113679424025,0,0.0,0.04256803907885555,61,0.41738566756248474,0.9999999403953552,0.4957786069715989,0.9763663220088626,60.55239486694336,0.9859675036927622,0.5024224519729614,0.9985228951255539,0.5024224519729614,0.9985228951255539,7.153624359546029e-09,3.035383144833759e-08,6.119417861327747e-08,0.9999998807907104,0.41738566756248474,0.30590471625328064,57,0.8572970032691956,0.8264762163162231,1.0,0.8264762163162231,0.694095253944397,0.8264762163162231,1.1641532182693481e-10,0.9999999403953552
GCN,320,2235,5,1,3,-4.063052177429199,1.9023079872131348,5.965360164642334,0.8017836213111877,0.04306357726454735,-0.15628039836883545,0.46994227170944214,0.3257327973842621,0.9058355437665783,1,0.0,0.04675505931612003,67,0.37998926639556885,0.9999998807907104,0.4547614112898642,0.9627031019202363,56.24045181274414,0.9693500738552437,0.46576443314552307,0.9981536189069424,0.46576443314552307,0.9981536189069424,7.750148078855545e-09,7.725628137222884e-09,2.0338731587798975e-08,0.9999998807907104,0.37998926639556885,0.36809343099594116,64,0.7160329818725586,0.8420234322547913,1.0,0.8420234322547913,0.6319065690040588,0.8420233726501465,6.535867402845952e-09,0.9999998807907104
GCN,320,2249,4,1,6,-3.7225191593170166,1.181354284286499,4.903873443603516,0.6708203554153442,0.019440259784460068,0.0,0.5636090636253357,0.03830103576183319,0.10837438423645321,0,0.0,0.0718771807397069,103,0.39024901390075684,0.9999999403953552,0.5534812545065955,0.990029542097489,67.47029113769531,0.9966765140324964,0.5605812072753906,0.9988921713441654,0.5605812072753906,0.9988921713441654,4.609811643518924e-09,2.9950204094575383e-08,1.194595000697518e-07,0.9999999403953552,0.3902490735054016,0.2243346869945526,98,0.7448909282684326,0.8060836791992188,1.0,0.8060836791992188,0.775665283203125,0.8060836791992188,0.0,0.9999999403953552
GCN,320,2264,4,1,1,0.06668531894683838,4.74562931060791,4.678943991661072,0.9486831426620483,0.07057054340839386,0.0,0.40369701385498047,0.16705915331840515,0.5702917771883289,1,0.0,0.03210048848569435,46,0.3890523910522461,0.9999999403953552,0.4057679434068182,0.931314623338257,48.97819519042969,0.9261447562776958,0.3991028666496277,0.9881831610044313,0.3991028666496277,0.9881831610044313,0.0,5.206251540990081e-10,1.0412503081980162e-09,0.9999998807907104,0.3890524208545685,0.4532034993171692,41,0.9066163301467896,0.8633008003234863,0.9999999403953552,0.8633008599281311,0.546796441078186,0.8633008003234863,0.0,0.9999999403953552
GCN,320,2274,0,1,3,-1.052018165588379,3.723712205886841,4.77573037147522,0.8017836213111877,0.03593374043703079,0.0,0.5343886613845825,0.07567957043647766,0.21580143993937098,0,0.0,0.041172365666434056,59,0.4412800073623657,0.9999998807907104,0.524537936734193,0.9863367799113737,63.877628326416016,0.9918759231905465,0.5306493639945984,0.9988921713441654,0.5306493639945984,0.9988921713441654,4.368290174028289e-09,3.4924596548080444e-09,7.848003136246007e-09,0.9999998807907104,0.4412800073623657,0.2661694288253784,54,0.902382493019104,0.816542387008667,1.0,0.816542387008667,0.7338305711746216,0.816542387008667,0.0,0.9999998807907104
GCN,320,2279,2,1,3,-4.971457481384277,2.496192455291748,7.467649936676025,0.8017836213111877,0.0312647819519043,-0.0008594319224357605,0.5093981027603149,0.061291150748729706,0.2019704433497537,0,0.0,0.05722260990928123,82,0.420864462852478,0.9999998807907104,0.5042900575491691,0.9844903988183161,60.94761276245117,0.9870753323485968,0.5060889720916748,0.9985228951255539,0.5060889720916748,0.9985228951255539,5.14339681956244e-09,5.375312639444019e-09,1.2768583523836696e-08,0.9999998807907104,0.420864462852478,0.30011966824531555,78,0.7846745848655701,0.8250299096107483,1.0,0.8250299096107483,0.6998803615570068,0.8250299692153931,4.656612873077393e-10,0.9999998807907104
GCN,320,2288,5,1,3,-2.175424575805664,3.519031286239624,5.694455862045288,0.8017836213111877,0.040046680718660355,0.0,0.48178187012672424,0.07847211509943008,0.21750663129973474,0,0.0,0.04396371249127704,63,0.3970943093299866,0.9999999403953552,0.47698624329552985,0.9745199409158051,57.64143753051758,0.9782127031019202,0.4776281714439392,0.9981536189069424,0.4776281714439392,0.9981536189069424,5.015325488244571e-09,4.955519994354063e-09,1.245399605664943e-08,0.9999998807907104,0.39709433913230896,0.3396483361721039,58,0.7569312453269958,0.8349120616912842,1.0,0.8349120616912842,0.6603516340255737,0.8349120616912842,0.0,0.9999999403953552
GCN,320,2293,0,1,3,-0.22283339500427246,4.734030246734619,4.956863641738892,0.8017836213111877,0.03955579921603203,0.0,0.5080816745758057,0.07283517718315125,0.21295945433876468,0,0.0,0.03977669225401256,57,0.41905033588409424,0.9999999403953552,0.501603268068716,0.9844903988183161,60.78150177001953,0.9867060561299852,0.5044606328010559,0.9985228951255539,0.5044606328010559,0.9985228951255539,6.177695244247161e-09,3.043676244374183e-08,6.140951569477693e-08,0.9999998807907104,0.4190503656864166,0.30313640832901,52,0.7501043677330017,0.8257840871810913,1.0,0.8257840871810913,0.69686359167099,0.8257840871810913,0.0,0.9999999403953552
GCN,320,2297,4,1,3,-3.3957014083862305,1.6938159465789795,5.08951735496521,0.8017836213111877,0.05695796385407448,0.0,0.437400758266449,0.078117236495018,0.21750663129973474,0,0.0,0.03977669225401256,57,0.35765519738197327,0.9999999403953552,0.4372523833221338,0.9593796159527327,52.49861145019531,0.9534711964549483,0.43232062458992004,0.9959379615952733,0.43232062458992004,0.9959379615952733,6.177695244247161e-09,3.158354289212184e-08,6.639396588070667e-08,0.9999998807907104,0.35765522718429565,0.40523403882980347,52,0.48098236322402954,0.8513085246086121,1.0,0.8513085246086121,0.5947659611701965,0.8513085246086121,0.0,0.9999999403953552
GCN,320,2299,4,1,2,-2.403444766998291,3.2023377418518066,5.605782508850098,0.8660253286361694,0.04767318069934845,0.0,0.46487048268318176,0.10465028882026672,0.34444865479348236,1,0.0,0.04326587578506629,62,0.41316986083984375,0.9999998807907104,0.4648227366338025,0.9663958641063516,56.06752014160156,0.9686115214180206,0.4612964391708374,0.9977843426883308,0.4612964391708374,0.9977843426883308,6.107090388951519e-09,6.851711642497094e-09,1.6577207162526975e-08,0.9999998807907104,0.41316986083984375,0.3638833165168762,57,0.8837489485740662,0.8409708142280579,1.0,0.8409708142280579,0.6361166834831238,0.8409708142280579,0.0,0.9999998807907104
GCN,320,2302,3,1,2,-2.214459180831909,4.3117852210998535,6.526244401931763,0.8660253286361694,0.03836897388100624,0.0,0.5303018093109131,0.07993949949741364,0.22034861690034105,0,0.0,0.0418702023726448,60,0.47300446033477783,0.9999999403953552,0.5221519626142568,0.9863367799113737,63.453304290771484,0.991506646971935,0.5268204808235168,0.9985228951255539,0.5268204808235168,0.9985228951255539,3.9786116623474754e-09,3.00712308387574e-08,6.020507470338998e-08,0.9999998807907104,0.47300446033477783,0.2717618942260742,55,0.9568302631378174,0.8179404735565186,1.0,0.8179404735565186,0.7282381057739258,0.8179404735565186,0.0,0.9999999403953552
GCN,320,2310,3,1,2,-0.901671290397644,3.6663455963134766,4.568016886711121,0.8660253286361694,0.05637802183628082,-0.05397597327828407,0.4587821960449219,0.12494729459285736,0.4041303524062145,1,0.0,0.034891835310537335,50,0.4033598303794861,0.9999998211860657,0.44697913110371806,0.9612259970457903,55.06816101074219,0.9645494830132939,0.4541535973548889,0.9974150664697193,0.4541535973548889,0.9974150664697193,9.943804002432444e-09,8.835301379406246e-09,6.350204984073571e-08,0.9999998807907104,0.4033598303794861,0.3789868652820587,46,0.8805503249168396,0.8447467088699341,1.0,0.8447467088699341,0.6210131645202637,0.8447467088699341,8.847564458847046e-09,0.9999998211860657
GCN,320,2316,3,1,1,-2.4825544357299805,2.4876041412353516,4.970158576965332,0.9486831426620483,0.08433899283409119,0.0,0.4350765347480774,0.2012418508529663,0.6822660098522167,1,0.0,0.020237264480111653,29,0.4175977408885956,0.9999999403953552,0.43509541194121354,0.9556868537666174,52.025146484375,0.9516248153618907,0.4289158880710602,0.9951994091580503,0.4289158880710602,0.9951994091580503,1.2495003254286985e-08,1.4187393482245625e-08,3.397244441316616e-08,0.9999998807907104,0.41759777069091797,0.4130842685699463,24,0.9848650693893433,0.8532710075378418,1.0,0.8532710075378418,0.5869157314300537,0.8532710671424866,0.0,0.9999999403953552
GCN,320,2318,1,1,2,-0.7505704164505005,6.155231475830078,6.905801892280579,0.8660253286361694,0.04087688401341438,0.0,0.4899178743362427,0.08289140462875366,0.2233800682076544,0,0.0,0.04326587578506629,62,0.43647703528404236,0.9999998807907104,0.4863239119626829,0.9763663220088626,58.74470901489258,0.9819054652880355,0.48624053597450256,0.9981536189069424,0.48624053597450256,0.9981536189069424,7.213993846733047e-09,3.0479480273015724e-08,6.137693731034233e-08,0.9999998807907104,0.43647700548171997,0.3279995620250702,57,0.8603706955909729,0.8319998979568481,1.0,0.8319998979568481,0.6720004081726074,0.8319998979568481,0.0,0.9999998807907104
GCN,320,2320,3,1,2,-0.7860848903656006,6.216039657592773,7.002124547958374,0.8660253286361694,0.0470731146633625,0.0,0.5014265179634094,0.10087285935878754,0.3266388783630163,1,0.0,0.03698534542916958,53,0.4461733400821686,0.9999999403953552,0.49311041209662626,0.9763663220088626,60.18917465209961,0.9848596750369276,0.49726206064224243,0.9985228951255539,0.49726206064224243,0.9985228951255539,5.7410578513383825e-09,3.023572858751322e-08,6.069122804319704e-08,0.9999998807907104,0.4461733400821686,0.3130711317062378,48,0.9305490255355835,0.8282678127288818,1.0,0.8282678127288818,0.6869288682937622,0.8282678127288818,0.0,0.9999999403953552
GCN,320,2321,0,1,2,1.05208420753479,6.70647668838501,5.65439248085022,0.8660253286361694,0.04849979281425476,-0.000532094738446176,0.4831981062889099,0.10407818853855133,0.3421750663129973,1,0.0,0.03768318213538032,54,0.4295608401298523,0.9999999403953552,0.4796737513606594,0.9759970457902511,57.8626708984375,0.9793205317577548,0.47910618782043457,0.9981536189069424,0.47910618782043457,0.9981536189069424,6.585445078144403e-09,6.671319052742319e-09,1.5518168083872297e-08,0.9999998807907104,0.4295608401298523,0.3386476933956146,50,0.8979986310005188,0.8346619606018066,1.0,0.8346619606018066,0.661352276802063,0.8346619009971619,0.0,0.9999999403953552
GCN,320,2330,0,1,3,0.9724288582801819,6.467923641204834,5.495494782924652,0.8017836213111877,0.034849561750888824,-0.0009550659451633692,0.4944094121456146,0.07249089330434799,0.21163319439181508,0,0.0,0.051639916259595256,74,0.40808919072151184,0.9999998807907104,0.48874160427677693,0.9763663220088626,59.264747619628906,0.982274741506647,0.49060630798339844,0.9981536189069424,0.49060630798339844,0.9981536189069424,5.430496941016827e-09,5.9406044528032e-09,1.4516005286679956e-08,0.9999998807907104,0.40808919072151184,0.3213644027709961,70,0.8076953887939453,0.8303411602973938,1.0,0.8303411602973938,0.6786355972290039,0.830341100692749,4.656612873077393e-10,0.9999998807907104
GCN,320,2331,1,1,2,-1.717376708984375,4.801997661590576,6.519374370574951,0.8660253286361694,0.055538635700941086,0.0,0.4831660985946655,0.1243894100189209,0.4041303524062145,1,0.0,0.03279832519190509,47,0.4286471903324127,0.9999999403953552,0.4798993559218765,0.9759970457902511,57.86952590942383,0.9793205317577548,0.4787382483482361,0.9981536189069424,0.4787382483482361,0.9981536189069424,4.5625303535246076e-09,3.0153142205335826e-08,6.0556530456779e-08,0.9999998807907104,0.4286471903324127,0.34005439281463623,42,0.9371631741523743,0.8350136280059814,1.0,0.8350136280059814,0.6599456071853638,0.8350136280059814,0.0,0.9999999403953552
GCN,320,2337,4,1,1,-3.4202823638916016,2.7547361850738525,6.175018548965454,0.9486831426620483,0.08601745963096619,-0.002175829140469432,0.41744112968444824,0.1852201521396637,0.6218264494126563,1,0.0,0.0209351011863224,30,0.3993415832519531,0.9999999403953552,0.4143742880951763,0.9479320531757754,49.769893646240234,0.9335302806499262,0.40894556045532227,0.9926144756277696,0.40894556045532227,0.9926144756277696,7.450580596923828e-09,3.049903796181752e-08,6.177337041890496e-08,0.9999998807907104,0.3993415832519531,0.43874257802963257,26,0.8395986557006836,0.8596856594085693,1.0,0.8596856594085693,0.5612574219703674,0.8596856594085693,9.313225746154785e-10,0.9999999403953552
GCN,320,2341,4,1,1,-3.0482189655303955,2.1665971279144287,5.214816093444824,0.9486831426620483,0.14220845699310303,0.0,0.38591548800468445,0.3204815089702606,0.9012883668056082,1,0.0,0.015352407536636426,22,0.34868329763412476,0.9999999403953552,0.38439728199333306,0.9124815361890695,45.05318832397461,0.8788774002954209,0.37070104479789734,0.98301329394387,0.37070104479789734,0.98301329394387,0.0,2.3283064365386963e-10,4.656612873077393e-10,0.9999998807907104,0.34868329763412476,0.5099406242370605,17,0.8250702023506165,0.8774851560592651,1.0,0.8774851560592651,0.49005937576293945,0.8774851560592651,0.0,0.9999999403953552
GCN,320,2342,0,1,1,1.255053997039795,6.331641674041748,5.076587677001953,0.9486831426620483,0.07826709002256393,-0.0012618416221812367,0.3903300166130066,0.1909552812576294,0.6451307313376279,1,0.0,0.028611304954640614,41,0.37397536635398865,0.9999999403953552,0.3956453437455983,0.9268833087149188,47.1599006652832,0.9102658788774003,0.3850845396518707,0.9863367799113737,0.3850845396518707,0.9863367799113737,1.580506747700383e-08,1.5888879545400414e-08,4.247981877369966e-08,0.9999998807907104,0.37397539615631104,0.47439366579055786,38,0.9034531116485596,0.8685983419418335,1.0,0.8685983419418335,0.5256063342094421,0.8685984015464783,0.0,0.9999999403953552
GCN,320,2346,3,1,3,-2.6415343284606934,4.340879917144775,6.982414245605469,0.8017836213111877,0.03505385294556618,0.0,0.5277019143104553,0.07042913883924484,0.21049640015157256,0,0.0,0.04326587578506629,62,0.43579551577568054,0.9999998807907104,0.5192909832421179,0.9863367799113737,63.15468215942383,0.9911373707533235,0.5243935585021973,0.9985228951255539,0.5243935585021973,0.9985228951255539,8.290863107163204e-09,3.0537229633864627e-08,6.153630494054596e-08,0.9999998807907104,0.43579548597335815,0.27528995275497437,57,0.8500851988792419,0.8188225030899048,1.0,0.8188225030899048,0.7247100472450256,0.8188225030899048,0.0,0.9999998807907104
GCN,320,2347,0,1,3,0.6656444072723389,6.18975830078125,5.524113893508911,0.8017836213111877,0.033701181411743164,0.0,0.5355210304260254,0.05793078616261482,0.1962864721485411,0,0.0,0.0418702023726448,60,0.44240936636924744,0.9999999403953552,0.5260976975567337,0.9863367799113737,64.07449340820312,0.9918759231905465,0.5316921472549438,0.9988921713441654,0.5316921472549438,0.9988921713441654,5.548994597148749e-09,5.430496941016827e-09,1.2274822935864904e-08,0.9999998807907104,0.4424093961715698,0.26429131627082825,55,0.7380706071853638,0.8160728216171265,1.0,0.8160728216171265,0.7357087135314941,0.8160728216171265,0.0,0.9999999403953552
GCN,320,2353,4,1,3,-2.1421523094177246,3.2267980575561523,5.368950366973877,0.8017836213111877,0.03555407375097275,-0.0005625584162771702,0.4997323751449585,0.07380978763103485,0.21314892004547176,0,0.0,0.04954640614096301,71,0.41246670484542847,0.9999998807907104,0.4948573436983842,0.9763663220088626,60.131221771240234,0.9848596750369276,0.49659761786460876,0.9985228951255539,0.49659761786460876,0.9985228951255539,3.3900653395591007e-09,3.158268535585762e-09,7.702825932653923e-09,0.9999998807907104,0.41246670484542847,0.3140847682952881,67,0.8318006992340088,0.8285212516784668,1.0,0.8285212516784668,0.6859152317047119,0.828521192073822,0.0,0.9999998807907104
GCN,320,2359,2,0,11,-7.1992340087890625,-3.793713331222534,3.4055206775665283,0.5477225184440613,0.024233289062976837,-0.00013435710570774972,0.520253598690033,0.06153695657849312,0.20215990905646078,0,0.0,0.09979064898813678,143,0.29344525933265686,0.9999999403953552,0.5124567548603094,0.9844903988183161,62.10773468017578,0.9892909896602659,0.516261100769043,0.9985228951255539,0.516261100769043,0.9985228951255539,1.1071090710856879e-08,1.1156451762417419e-08,3.8018853842913813e-08,0.9999998807907104,0.29344525933265686,0.2856595516204834,139,0.7236013412475586,0.8214148879051208,1.0,0.8214148879051208,0.7143404483795166,0.8214148879051208,1.1641532182693481e-10,0.9999999403953552
GCN,320,2365,2,0,7,-6.908082485198975,-3.110504627227783,3.7975778579711914,0.6396021246910095,0.03492196649312973,-0.0004161584365647286,0.5084094405174255,0.06728089600801468,0.20803334596438045,0,0.0,0.06769016050244243,97,0.3341315984725952,0.9999998807907104,0.499249774643413,0.9763663220088626,60.668949127197266,0.9859675036927622,0.503395140171051,0.9985228951255539,0.503395140171051,0.9985228951255539,7.551757441603968e-09,8.424641428916857e-09,2.524019393490562e-08,0.9999998807907104,0.3341315984725952,0.3034594655036926,93,0.626493513584137,0.825864851474762,1.0,0.825864851474762,0.6965405344963074,0.825864851474762,2.3283064365386963e-10,0.9999998807907104
GCN,320,2368,3,1,2,-0.38638603687286377,5.9553303718566895,6.341716408729553,0.8660253286361694,0.05734952166676521,0.0,0.4862871766090393,0.13066065311431885,0.4213717317165593,1,0.0,0.03210048848569435,46,0.4312124252319336,0.9999998807907104,0.48052348623722524,0.9763663220088626,58.323448181152344,0.9807976366322009,0.48151707649230957,0.9981536189069424,0.48151707649230957,0.9981536189069424,1.236416213856728e-08,3.2276240347073326e-08,6.616625114475028e-08,0.9999998807907104,0.431212455034256,0.3361049294471741,41,0.9594854116439819,0.8340261578559875,1.0,0.8340261578559875,0.6638950705528259,0.8340262174606323,0.0,0.9999998807907104
GCN,320,2383,4,0,10,-4.781985282897949,-1.3737363815307617,3.4082489013671875,0.5669466257095337,0.02022654376924038,-0.00039032025961205363,0.509087324142456,0.028882764279842377,0.10837438423645321,0,0.0,0.09630146545708304,138,0.2975679039955139,0.9999998807907104,0.5045145193039008,0.9844903988183161,60.9200439453125,0.9870753323485968,0.5058215260505676,0.9985228951255539,0.5058215260505676,0.9985228951255539,1.597564391886408e-08,3.313074614652578e-08,7.694298176375014e-08,0.9999998807907104,0.2975679039955139,0.3001859784126282,135,0.4121464788913727,0.8250464200973511,1.0,0.8250464200973511,0.6998140215873718,0.8250464797019958,2.6031257704950406e-10,0.9999998807907104
GCN,320,2384,0,1,1,0.8514269590377808,6.8411455154418945,5.989718556404114,0.9486831426620483,0.0686800554394722,-0.0002984533493872732,0.4469691216945648,0.15838858485221863,0.5433876468359227,1,0.0,0.0314026517794836,45,0.4324513375759125,0.9999999403953552,0.4445994842667877,0.9612259970457903,53.163414001464844,0.956794682422452,0.4406593441963196,0.9970457902511078,0.4406593441963196,0.9970457902511078,0.0,2.980414137709886e-08,5.96155587118119e-08,0.9999998807907104,0.4324513375759125,0.3922082185745239,41,0.9778942465782166,0.8480520844459534,1.0,0.8480520844459534,0.6077917814254761,0.8480520248413086,0.0,0.9999999403953552
GCN,320,2389,2,1,2,-3.429004669189453,3.5017194747924805,6.930724143981934,0.8660253286361694,0.04658159986138344,-0.001597752794623375,0.5114349722862244,0.0971616730093956,0.2917771883289125,0,0.0,0.03210048848569435,46,0.45516088604927063,0.9999999403953552,0.5061966055510195,0.9844903988183161,61.364837646484375,0.9878138847858198,0.5072827935218811,0.9985228951255539,0.5072827935218811,0.9985228951255539,2.63417798684884e-09,5.973092953581727e-08,1.195128760400621e-07,0.9999998807907104,0.45516085624694824,0.29923391342163086,42,0.9069632887840271,0.8248084783554077,1.0,0.8248084783554077,0.7007660865783691,0.8248084783554077,9.313225746154785e-10,0.9999999403953552
GCN,320,2392,2,1,3,-3.4901952743530273,3.0094645023345947,6.499659776687622,0.8017836213111877,0.03611104562878609,-0.0012470087967813015,0.5065770745277405,0.07271671295166016,0.21182266009852216,0,0.0,0.04326587578506629,62,0.4180840849876404,0.9999999403953552,0.5020003240933835,0.9844903988183161,60.756221771240234,0.9867060561299852,0.5030227303504944,0.9985228951255539,0.5030227303504944,0.9985228951255539,4.4664663079174716e-09,3.008204529919567e-08,6.040831124209944e-08,0.9999998807907104,0.4180840849876404,0.30474328994750977,58,0.7984821796417236,0.8261858820915222,1.0,0.8261858820915222,0.6952567100524902,0.8261858224868774,9.313225746154785e-10,0.9999999403953552
GCN,320,2411,3,1,1,-2.178865432739258,4.078553676605225,6.257419109344482,0.9486831426620483,0.0862840935587883,0.0,0.3670593798160553,0.21830441057682037,0.7322849564228875,1,0.0,0.027913468248429867,40,0.3486832082271576,0.9999999403953552,0.37040463762021697,0.9073116691285081,44.41949462890625,0.8685376661742984,0.3595276176929474,0.9785819793205317,0.3595276176929474,0.9785819793205317,1.3170890156288806e-08,1.3179119129347328e-08,3.779044277507637e-08,0.9999998807907104,0.3486832082271576,0.5099407434463501,35,0.8810270428657532,0.8774851560592651,1.0,0.8774851560592651,0.4900592565536499,0.8774851560592651,0.0,0.9999999403953552
GCN,320,2425,3,1,5,0.5764089226722717,5.418359756469727,4.841950833797455,0.7071066498756409,0.03545233607292175,0.0,0.4825051724910736,0.05197685584425926,0.1724137931034483,0,0.0,0.055826936496859735,80,0.35072121024131775,1.0,0.4787274417343394,0.9759970457902511,57.81252670288086,0.9785819793205317,0.4787253439426422,0.9981536189069424,0.4787253439426422,0.9981536189069424,5.247736023505922e-09,7.19141457494743e-09,2.0509590470396688e-08,0.9999998807907104,0.35072124004364014,0.3386736214160919,75,0.5002095699310303,0.8346684575080872,1.0,0.8346684575080872,0.6613264083862305,0.8346683979034424,0.0,1.0
GCN,320,2427,3,1,3,-1.3776404857635498,4.1257429122924805,5.50338339805603,0.8017836213111877,0.05776606500148773,-0.00145750364754349,0.4460980296134949,0.08278016000986099,0.2233800682076544,0,0.0,0.04884856943475227,70,0.36473485827445984,0.9999999403953552,0.4416253044295807,0.9608567208271788,53.12847900390625,0.956794682422452,0.43942025303840637,0.9966765140324964,0.43942025303840637,0.9966765140324964,1.5103514883207936e-08,3.3411804878369367e-08,7.258627476858237e-08,0.9999998807907104,0.36473482847213745,0.3934609293937683,67,0.49467942118644714,0.8483651876449585,1.0,0.8483651876449585,0.6065390706062317,0.8483652472496033,5.206251540990081e-10,0.9999999403953552
GCN,320,2428,5,1,1,-1.2958593368530273,3.394714593887329,4.6905739307403564,0.9486831426620483,0.15541410446166992,-0.0005216324352659285,0.4293516278266907,0.37551265954971313,0.9439181508147025,1,0.0,0.020237264480111653,29,0.3890523910522461,0.9999999403953552,0.41609307584518157,0.948301329394387,48.56855392456055,0.9242983751846381,0.4039163589477539,0.9903988183161004,0.4039163589477539,0.9903988183161004,1.2904783908140871e-08,3.250802649290563e-08,6.831734111756305e-08,0.9999998807907104,0.38905245065689087,0.4532034993171692,25,0.984166145324707,0.8633009195327759,1.0,0.8633009195327759,0.5467965006828308,0.8633008599281311,4.656612873077393e-10,0.9999999403953552
GCN,320,2431,4,1,1,-2.618178367614746,2.037872076034546,4.656050443649292,0.9486831426620483,0.11249000579118729,0.0,0.374860554933548,0.29886817932128906,0.8751420992800303,1,0.0,0.021632937892533146,31,0.3486832082271576,0.9999999403953552,0.3810312714609174,0.9091580502215657,46.5505256652832,0.9017725258493353,0.36357995867729187,0.9804283604135894,0.36357995867729187,0.9804283604135894,0.0,4.656612873077393e-10,1.1406325883811519e-09,0.9999998807907104,0.3486832082271576,0.5099407434463501,26,0.9448363780975342,0.8774852156639099,1.0,0.8774852156639099,0.4900592565536499,0.8774851560592651,0.0,0.9999999403953552
GCN,320,2433,2,1,1,0.01465749740600586,4.96454381942749,4.949886322021484,0.9486831426620483,0.08693026006221771,0.0,0.3672288656234741,0.21678245067596436,0.7228116710875332,1,0.0,0.02721563154221912,39,0.34868329763412476,0.9999999403953552,0.37036875124528856,0.9073116691285081,44.2988166809082,0.8666912850812407,0.35992231965065,0.9796898079763663,0.35992231965065,0.9796898079763663,1.4901161193847656e-08,1.4902980183251202e-08,4.2738054872870634e-08,0.9999998807907104,0.34868329763412476,0.5099406242370605,34,0.868782639503479,0.8774851560592651,1.0,0.8774851560592651,0.49005937576293945,0.8774851560592651,0.0,0.9999999403953552
GCN,320,2435,4,1,2,-2.286501169204712,3.5500364303588867,5.836537599563599,0.8660253286361694,0.047886963933706284,0.0,0.4625838100910187,0.09728921949863434,0.2917771883289125,0,0.0,0.039078855547801813,56,0.4110819399356842,0.9999999403953552,0.4618076903629277,0.96602658788774,55.6159782409668,0.9663958641063516,0.4591686427593231,0.9974150664697193,0.4591686427593231,0.9974150664697193,5.963374238859842e-09,3.037971652020133e-08,6.131330820835501e-08,0.9999998807907104,0.4110819399356842,0.3670978844165802,51,0.8138951063156128,0.8417744636535645,1.0,0.8417744636535645,0.6329021453857422,0.8417744636535645,0.0,0.9999999403953552
GCN,320,2438,3,1,2,-2.6128480434417725,4.517400741577148,7.130248785018921,0.8660253286361694,0.06340334564447403,-0.001407913863658905,0.45040130615234375,0.13854876160621643,0.4509283819628647,1,0.0,0.02721563154221912,39,0.39769247174263,0.9999999403953552,0.4490481508812223,0.9615952732644018,54.22319793701172,0.9612259970457903,0.4453059136867523,0.9970457902511078,0.4453059136867523,0.9970457902511078,8.535712581192456e-09,7.355385189811159e-09,6.24185148012657e-08,0.9999998807907104,0.3976925015449524,0.3877122402191162,35,0.852355420589447,0.846928060054779,1.0,0.846928060054779,0.6122877597808838,0.846928060054779,4.656612873077393e-10,0.9999999403953552
GCN,320,2445,2,1,4,-4.288280487060547,2.4544973373413086,6.7427778244018555,0.7499998807907104,0.026136137545108795,0.0,0.5266027450561523,0.04615948349237442,0.12542629784009093,0,0.0,0.06071179344033496,87,0.40730875730514526,1.0,0.5217521351531592,0.9863367799113737,63.2131233215332,0.9911373707533235,0.5237326622009277,0.9985228951255539,0.5237326622009277,0.9985228951255539,6.7801306791182014e-09,3.030914896839931e-08,6.112392725299287e-08,0.9999998807907104,0.40730881690979004,0.27589529752731323,82,0.697531521320343,0.8189738392829895,1.0,0.8189738392829895,0.7241047024726868,0.8189738392829895,0.0,1.0
GCN,320,2446,2,0,8,-5.9287495613098145,-0.8416155576705933,5.087134003639221,0.6123723983764648,0.021225394681096077,-0.05233973637223244,0.5089007019996643,0.23163849115371704,0.7567260325881016,1,0.0,0.09141660851360782,131,0.32019883394241333,0.9999999403953552,0.5018242399643331,0.9844903988183161,60.866172790527344,0.9870753323485968,0.5053526163101196,0.9985228951255539,0.5053526163101196,0.9985228951255539,1.1282080158991903e-08,3.180354823939524e-08,6.89496957306801e-08,0.9999998807907104,0.3201988637447357,0.3028232157230377,127,0.4822635054588318,0.8257057666778564,1.0,0.8257057666778564,0.6971768140792847,0.8257057666778564,1.1292286217212677e-08,0.9999999403953552
GCN,320,2448,2,1,5,-5.583827495574951,0.27652430534362793,5.860351800918579,0.7071066498756409,0.027096306905150414,-0.036857616156339645,0.5195865035057068,0.05101165920495987,0.16331943918150815,0,0.0,0.06908583391486392,99,0.3776654899120331,0.9999998807907104,0.5124513754224078,0.9844903988183161,62.14693832397461,0.9892909896602659,0.5160418152809143,0.9985228951255539,0.5160418152809143,0.9985228951255539,6.367822269481849e-09,3.047325236593679e-08,6.194181167984425e-08,0.9999998807907104,0.3776654601097107,0.28786706924438477,95,0.6916750073432922,0.8219668865203857,1.0,0.8219668865203857,0.7121329307556152,0.8219667673110962,1.955777406692505e-08,0.9999998807907104
GCN,320,2456,5,1,2,-1.4333655834197998,4.51298713684082,5.94635272026062,0.8660253286361694,0.046375006437301636,-0.05789356306195259,0.46315935254096985,0.10031093657016754,0.3234179613489958,1,0.0,0.04326587578506629,62,0.40902021527290344,0.9999998807907104,0.45468518889059406,0.9627031019202363,55.411495208740234,0.9656573116691285,0.45869845151901245,0.9974150664697193,0.45869845151901245,0.9974150664697193,7.623203401863066e-09,3.084720390233997e-08,6.263279317408887e-08,0.9999998807907104,0.40902018547058105,0.37027212977409363,60,0.8437040448188782,0.842568039894104,1.0,0.842568039894104,0.629727840423584,0.842568039894104,1.1446651626556559e-08,0.9999998807907104
GCN,320,2459,3,0,2,-5.780965805053711,-0.66703200340271,5.113933801651001,0.8660253286361694,0.08521057665348053,0.0,0.4612562358379364,0.17014096677303314,0.5765441455096627,1,0.0,0.01465457083042568,21,0.4033597707748413,0.9999999403953552,0.4545902043227457,0.9627031019202363,55.416690826416016,0.96602658788774,0.4540104269981384,0.9974150664697193,0.4540104269981384,0.9974150664697193,0.0,5.206251540990081e-10,5.961373972240835e-08,0.9999998807907104,0.4033598005771637,0.3789868950843811,16,0.7976057529449463,0.8447467684745789,1.0,0.8447467684745789,0.6210131049156189,0.8447467088699341,0.0,0.9999999403953552
GCN,320,2461,6,1,1,-3.019519805908203,0.7478929162025452,3.7674127221107483,0.9486831426620483,0.08985865861177444,0.0,0.36801111698150635,0.23345822095870972,0.7614626752557787,1,0.0,0.026517794836008374,38,0.3486832082271576,0.9999999403953552,0.36974511278854655,0.9073116691285081,44.48582077026367,0.869645494830133,0.3586907982826233,0.9778434268833087,0.3586907982826233,0.9778434268833087,6.71586253275791e-09,6.731986967878356e-09,1.9294388309276655e-08,0.9999998807907104,0.3486832082271576,0.5099407434463501,33,0.9070502519607544,0.8774851560592651,1.0,0.8774851560592651,0.4900592565536499,0.8774851560592651,0.0,0.9999999403953552
GCN,320,2467,6,1,2,-0.7112274169921875,4.46505069732666,5.176278114318848,0.8660253286361694,0.05142149329185486,-0.0018535559065639973,0.4321715831756592,0.11272680759429932,0.38006820765441457,1,0.0,0.04256803907885555,61,0.3830624520778656,0.9999998807907104,0.4326487716959794,0.9516248153618907,52.110191345214844,0.9516248153618907,0.42862388491630554,0.9951994091580503,0.42862388491630554,0.9951994091580503,7.679882507716229e-09,7.39580974240539e-09,1.9303106668644432e-08,0.9999998807907104,0.3830624520778656,0.4102367162704468,57,0.8002895712852478,0.8525591492652893,1.0,0.8525591492652893,0.5897632837295532,0.8525592088699341,9.313225746154785e-10,0.9999998807907104
GCN,320,2474,4,1,2,-4.592799186706543,0.4799842834472656,5.072783470153809,0.8660253286361694,0.07218801975250244,0.0,0.46484336256980896,0.16842734813690186,0.5744600227358848,1,0.0,0.03210048848569435,46,0.40932902693748474,0.9999999403953552,0.4592646939974846,0.96602658788774,55.497222900390625,0.9663958641063516,0.4592069089412689,0.9974150664697193,0.4592069089412689,0.9974150664697193,9.359675701148262e-09,3.128519665551721e-08,6.397351626219461e-08,0.9999998807907104,0.40932902693748474,0.36979663372039795,41,0.9392575621604919,0.8424491882324219,1.0,0.8424491882324219,0.630203366279602,0.8424491882324219,0.0,0.9999999403953552
GCN,320,2479,6,1,1,-2.541088581085205,1.9131407737731934,4.454229354858398,0.9486831426620483,0.09083700180053711,0.0,0.36827796697616577,0.22951921820640564,0.7559681697612732,1,0.0,0.025819958129797628,37,0.34868329763412476,0.9999999403953552,0.3667240464584225,0.9002954209748892,45.35032653808594,0.8858936484490398,0.3628089725971222,0.9800590841949779,0.3628089725971222,0.9800590841949779,0.0,2.3283064365386963e-10,4.656612873077393e-10,0.9999998807907104,0.34868329763412476,0.5099406242370605,32,0.8827813267707825,0.8774852156639099,1.0,0.8774852156639099,0.49005937576293945,0.8774851560592651,0.0,0.9999999403953552
GCN,320,2483,4,1,2,-2.904944896697998,1.6785120964050293,4.583456993103027,0.8660253286361694,0.10451503098011017,0.0,0.460406631231308,0.24383544921875,0.7794619173929519,1,0.0,0.020237264480111653,29,0.39769247174263,0.9999999403953552,0.4562094219661755,0.9638109305760709,55.04126739501953,0.9645494830132939,0.4519794285297394,0.9974150664697193,0.4519794285297394,0.9974150664697193,1.2904783908140871e-08,1.2908984103887633e-08,6.786821415971644e-08,0.9999998807907104,0.3976925015449524,0.3877122700214386,24,0.9302297830581665,0.8469281196594238,1.0,0.8469281196594238,0.6122877597808838,0.8469281196594238,0.0,0.9999999403953552
GCN,320,2489,3,1,1,-3.4268054962158203,2.01278018951416,5.4395856857299805,0.9486831426620483,0.11761264503002167,0.0,0.4257287085056305,0.27819010615348816,0.8423645320197044,1,0.0,0.013258897418004187,19,0.39934152364730835,0.9999999403953552,0.4259247669211496,0.9508862629246676,50.77460861206055,0.9423929098966026,0.41547882556915283,0.9933530280649926,0.41547882556915283,0.9933530280649926,0.0,4.656612873077393e-10,5.961192073300481e-08,0.9999998807907104,0.39934152364730835,0.43874260783195496,14,0.9553043842315674,0.8596855401992798,1.0,0.8596855401992798,0.5612573623657227,0.8596856594085693,0.0,0.9999999403953552
GCN,320,2490,4,1,2,-2.2726337909698486,3.6622774600982666,5.934911251068115,0.8660253286361694,0.045974187552928925,0.0,0.47721317410469055,0.09764610975980759,0.3027661993179235,0,0.0,0.040474528960223306,58,0.42449402809143066,0.9999998807907104,0.4730189326985351,0.9719350073855244,57.43450927734375,0.9778434268833087,0.4728485643863678,0.9981536189069424,0.4728485643863678,0.9981536189069424,7.031331072937519e-09,3.063913212031366e-08,6.191104517938584e-08,0.9999998807907104,0.42449405789375305,0.34644851088523865,53,0.8777763843536377,0.8366121053695679,1.0,0.8366121053695679,0.653551459312439,0.8366121053695679,0.0,0.9999998807907104
GCN,320,2496,4,1,1,-0.738162636756897,4.714417457580566,5.452580094337463,0.9486831426620483,0.0761379599571228,-0.0008315779850818217,0.4227781593799591,0.18172140419483185,0.6087533156498673,1,0.0,0.030006978367062107,43,0.40693676471710205,0.9999998807907104,0.42396451803409196,0.9501477104874446,50.97626876831055,0.9442392909896603,0.4169178307056427,0.9933530280649926,0.4169178307056427,0.9933530280649926,1.5017125321037383e-08,3.306277207570929e-08,6.92091859377797e-08,0.9999998807907104,0.40693673491477966,0.4280679225921631,39,0.9572792053222656,0.857016921043396,1.0,0.857016921043396,0.5719320774078369,0.8570169806480408,4.656612873077393e-10,0.9999998807907104
GCN,320,2505,1,1,1,-3.095339298248291,2.915952205657959,6.01129150390625,0.9486831426620483,0.0778270959854126,0.0,0.41545796394348145,0.1850241869688034,0.6218264494126563,1,0.0,0.026517794836008374,38,0.3993415832519531,0.9999999403953552,0.41247249713880296,0.9449778434268833,49.518218994140625,0.9320531757754801,0.4074403941631317,0.9918759231905465,0.4074403941631317,0.9918759231905465,8.119082295365843e-09,3.150276839392063e-08,6.48589519869347e-08,0.9999998807907104,0.3993415832519531,0.43874257802963257,33,0.9370137453079224,0.8596856594085693,1.0,0.8596856594085693,0.5612574219703674,0.8596856594085693,0.0,0.9999999403953552
GCN,320,2508,3,1,3,-3.796628952026367,2.8055579662323,6.602186918258667,0.8017836213111877,0.05790315940976143,0.0,0.5282871127128601,0.12887929379940033,0.4160666919287609,1,0.0,0.0314026517794836,45,0.43367403745651245,0.9999999403953552,0.5192060958876954,0.9863367799113737,63.23275375366211,0.9911373707533235,0.5238667130470276,0.9985228951255539,0.5238667130470276,0.9985228951255539,3.725290298461914e-09,3.094633882483322e-08,6.262661855771512e-08,0.9999998807907104,0.43367403745651245,0.2788178324699402,40,0.9427751302719116,0.819704532623291,1.0,0.819704532623291,0.7211821675300598,0.8197044730186462,0.0,0.9999999403953552
GCN,320,2509,3,1,5,-5.7429046630859375,0.2741982936859131,6.017102956771851,0.7071066498756409,0.029114538803696632,0.0,0.5085970163345337,0.052850063890218735,0.17904509283819628,0,0.0,0.06489881367759945,93,0.3704788088798523,0.9999999403953552,0.49990487683968404,0.9763663220088626,60.84143829345703,0.9870753323485968,0.5048623085021973,0.9985228951255539,0.5048623085021973,0.9985228951255539,5.122274160385132e-09,3.5919363039482732e-09,9.710552362207636e-09,0.9999998807907104,0.3704788386821747,0.301418274641037,88,0.6528212428092957,0.8253545761108398,1.0,0.8253545761108398,0.6985816955566406,0.8253545761108398,0.0,0.9999999403953552
GCN,320,2514,2,1,2,-3.291593551635742,3.760962963104248,7.05255651473999,0.8660253286361694,0.05017181858420372,-0.0002788648125715554,0.4906998574733734,0.10969021171331406,0.367942402425161,1,0.0,0.03628750872295883,52,0.4361306130886078,0.9999999403953552,0.48576671874311456,0.9763663220088626,58.71118927001953,0.9819054652880355,0.4865209460258484,0.9981536189069424,0.4865209460258484,0.9981536189069424,6.4523919540704355e-09,5.19060927572923e-09,1.19077459004302e-08,0.9999998807907104,0.4361306428909302,0.328532874584198,48,0.9290830492973328,0.8321332335472107,1.0,0.8321332335472107,0.671467125415802,0.8321332335472107,0.0,0.9999999403953552
GCN,320,2523,2,1,2,-3.024858236312866,4.087896347045898,7.112754583358765,0.8660253286361694,0.05218149349093437,0.0,0.5054990649223328,0.08752099424600601,0.2370215990905646,0,0.0,0.030006978367062107,43,0.4492376446723938,0.9999999403953552,0.5001211317676009,0.9844903988183161,60.63063049316406,0.9859675036927622,0.5009240508079529,0.9985228951255539,0.5009240508079529,0.9985228951255539,2.464047854644491e-09,5.964373883671215e-08,1.1930484333788627e-07,0.9999998807907104,0.4492376148700714,0.30835336446762085,38,0.7342545986175537,0.8270883560180664,1.0,0.8270883560180664,0.6916466355323792,0.8270883560180664,0.0,0.9999999403953552
GCN,320,2533,0,1,1,-2.5391738414764404,4.901538372039795,7.440712213516235,0.9486831426620483,0.0822051614522934,-0.00272481981664896,0.4063664674758911,0.19908444583415985,0.6688139446760136,1,0.0,0.024424284717376135,35,0.38905248045921326,0.9999999403953552,0.40891665286925805,0.9435007385524372,48.335689544677734,0.922082717872969,0.4006403684616089,0.9885524372230429,0.4006403684616089,0.9885524372230429,1.3301947099364497e-08,3.303406614918458e-08,6.996158674610342e-08,0.9999998807907104,0.38905248045921326,0.4532034397125244,32,0.9259238243103027,0.8633008599281311,1.0,0.8633008599281311,0.5467965602874756,0.8633008599281311,0.0,0.9999999403953552
GCN,320,2540,3,0,1,-7.268118381500244,-3.357764720916748,3.910353660583496,0.9486831426620483,0.13973881304264069,0.0,0.4330957233905792,0.3294329047203064,0.9088669950738916,1,0.0,0.011165387299371946,16,0.3993416130542755,0.9999999403953552,0.425666706181666,0.9508862629246676,50.24534225463867,0.9379615952732644,0.41773879528045654,0.9937223042836041,0.41773879528045654,0.9937223042836041,1.4901161193847656e-08,3.332163700520141e-08,7.032429749642688e-08,0.9999998807907104,0.3993416130542755,0.4387425184249878,11,0.9686235785484314,0.8596857190132141,1.0,0.8596857190132141,0.5612574815750122,0.8596856594085693,0.0,0.9999999403953552
GCN,320,2543,3,1,3,-4.790116786956787,2.7955117225646973,7.585628509521484,0.8017836213111877,0.03918425366282463,0.0,0.4975557327270508,0.06715433299541473,0.20765441455096628,0,0.0,0.04675505931612003,67,0.4103233516216278,0.9999999403953552,0.4930663512470338,0.9763663220088626,59.511409759521484,0.982274741506647,0.4938867390155792,0.9981536189069424,0.4938867390155792,0.9981536189069424,7.902533738501916e-09,5.989769391590016e-08,1.200758958930237e-07,0.9999999403953552,0.41032344102859497,0.3176489472389221,62,0.6836932897567749,0.8294122219085693,1.0,0.8294122219085693,0.6823510527610779,0.8294122219085693,0.0,0.9999999403953552
GCN,320,2549,4,1,1,-3.1668264865875244,1.961482286453247,5.1283087730407715,0.9486831426620483,0.07610095292329788,0.0,0.4151025116443634,0.18234117329120636,0.6142478211443728,1,0.0,0.028611304954640614,41,0.3993415832519531,0.9999999403953552,0.4174656201672258,0.94903988183161,50.41556167602539,0.9379615952732644,0.41055357456207275,0.9929837518463811,0.41055357456207275,0.9929837518463811,5.587935447692871e-09,3.0267088391155994e-08,6.105783967313982e-08,0.9999998807907104,0.3993415832519531,0.43874257802963257,36,0.94356369972229,0.8596857190132141,1.0,0.8596857190132141,0.5612574219703674,0.8596856594085693,0.0,0.9999999403953552
GCN,320,2552,3,1,1,-2.973787784576416,4.380339622497559,7.354127407073975,0.9486831426620483,0.15586954355239868,-0.02835807576775551,0.45067399740219116,0.36117881536483765,0.9355816597195907,1,0.0,0.0209351011863224,30,0.4069366157054901,1.0,0.4332410219641325,0.9531019202363368,53.01819610595703,0.956794682422452,0.43079912662506104,0.9959379615952733,0.43079912662506104,0.9959379615952733,1.053671194739536e-08,1.0541855388623844e-08,6.499743676613434e-08,0.9999998807907104,0.4069366455078125,0.42806804180145264,26,0.9907057881355286,0.8570169806480408,1.0,0.8570169806480408,0.5719319581985474,0.8570170402526855,4.656612873077393e-10,1.0
GCN,320,2557,2,1,1,-4.437773704528809,1.8419973850250244,6.279771089553833,0.9486831426620483,0.08323174715042114,0.0,0.4348395764827728,0.19739899039268494,0.6667298219022357,1,0.0,0.02721563154221912,39,0.41759783029556274,0.9999999403953552,0.43078493943431506,0.9512555391432792,51.97789001464844,0.9508862629246676,0.42889443039894104,0.9951994091580503,0.42889443039894104,0.9951994091580503,7.679882507716229e-09,3.078035248904598e-08,1.2062402277024376e-07,0.9999998807907104,0.41759783029556274,0.4130842089653015,34,0.9783767461776733,0.8532711267471313,1.0,0.8532711267471313,0.5869157910346985,0.8532710671424866,0.0,0.9999999403953552
GCN,320,2561,2,1,1,-1.3049341440200806,5.931975364685059,7.236909508705139,0.9486831426620483,0.15477439761161804,-0.0004609338066074997,0.42908531427383423,0.3748750686645508,0.9435392194012884,1,0.0,0.022330774598743892,32,0.3890523910522461,0.9999999403953552,0.4293223303206558,0.9508862629246676,51.227867126464844,0.9457163958641064,0.40772882103919983,0.9918759231905465,0.40772882103919983,0.9918759231905465,1.3366993734109656e-08,1.3441811219649935e-08,3.453990515822625e-08,0.9999998807907104,0.3890524208545685,0.4532035291194916,28,0.9859440326690674,0.8633008003234863,1.0,0.8633008003234863,0.546796441078186,0.8633008599281311,0.0,0.9999999403953552
GCN,320,2562,0,1,2,-0.4474050998687744,4.314006328582764,4.761411428451538,0.8660253286361694,0.08063244819641113,0.0,0.39669814705848694,0.1656189262866974,0.563849943160288,1,0.0,0.02372644801116539,34,0.34515923261642456,1.0,0.39697560289328626,0.9268833087149188,47.24581527709961,0.9102658788774003,0.3879775106906891,0.9863367799113737,0.3879775106906891,0.9863367799113737,6.71586253275791e-09,3.055053809930541e-08,6.270526142770905e-08,0.9999998807907104,0.34515923261642456,0.46859249472618103,29,0.7056525945663452,0.8671480417251587,1.0,0.8671480417251587,0.5314074754714966,0.8671481013298035,0.0,1.0
GCN,320,2566,3,1,2,-1.8906649351119995,4.9066901206970215,6.797355055809021,0.8660253286361694,0.06715395301580429,0.0,0.45102396607398987,0.13423633575439453,0.43349753694581283,1,0.0,0.026517794836008374,38,0.39769247174263,0.9999999403953552,0.44931556653493787,0.9615952732644018,53.915016174316406,0.9597488921713442,0.445983350276947,0.9970457902511078,0.445983350276947,0.9970457902511078,5.26835597369768e-09,9.13099906796333e-09,6.387191575640827e-08,0.9999998807907104,0.3976925015449524,0.3877122402191162,33,0.7807800769805908,0.8469280004501343,1.0,0.8469280004501343,0.6122877597808838,0.846928060054779,0.0,0.9999999403953552
GCN,320,2568,3,1,1,-5.073709964752197,1.4251270294189453,6.498836994171143,0.9486831426620483,0.07965358346700668,0.0,0.40557053685188293,0.19215908646583557,0.6494884425918909,1,0.0,0.027913468248429867,40,0.38905248045921326,0.9999999403953552,0.4063813474036813,0.9316838995568686,49.09994888305664,0.9287296898079763,0.39963528513908386,0.9885524372230429,0.39963528513908386,0.9885524372230429,1.4307248719092058e-08,3.353246214032879e-08,7.150452319137912e-08,0.9999998807907104,0.38905248045921326,0.4532034397125244,35,0.9282035231590271,0.8633008599281311,1.0,0.8633008599281311,0.5467965602874756,0.8633008599281311,0.0,0.9999999403953552
GCN,320,2578,0,1,2,-1.417384147644043,5.264662742614746,6.682046890258789,0.8660253286361694,0.049117445945739746,-0.14750784635543823,0.4709855914115906,0.3074567914009094,0.8840469874952633,1,0.0,0.040474528960223306,58,0.411081999540329,0.9999998807907104,0.45267724243618196,0.9623338257016248,56.41971206665039,0.9711964549483013,0.46703416109085083,0.9981536189069424,0.46703416109085083,0.9981536189069424,4.165001232792065e-09,5.989542728457309e-08,1.2007274108327692e-07,0.9999998807907104,0.4110819399356842,0.3670978546142578,54,0.8650009632110596,0.8417744636535645,1.0,0.8417744636535645,0.6329021453857422,0.8417744636535645,6.51925802230835e-09,0.9999998807907104
GCN,320,2582,3,1,3,-6.471867084503174,0.47720909118652344,6.949076175689697,0.8017836213111877,0.044431619346141815,-0.0014250618405640125,0.4637002944946289,0.08220992982387543,0.22300113679424025,0,0.0,0.0418702023726448,60,0.3814423382282257,0.9999999403953552,0.4592497200661327,0.96602658788774,55.365447998046875,0.9656573116691285,0.45975807309150696,0.9977843426883308,0.45975807309150696,0.9977843426883308,4.368290174028289e-09,3.500212120144397e-09,6.031686439200712e-08,0.9999998807907104,0.3814423680305481,0.36567699909210205,56,0.6748967170715332,0.8414192795753479,1.0,0.8414192795753479,0.634323000907898,0.8414192199707031,0.0,0.9999999403953552
GCN,320,2586,5,1,1,-2.2783963680267334,3.799049139022827,6.0774455070495605,0.9486831426620483,0.12263746559619904,0.0,0.37838006019592285,0.23275500535964966,0.7589996210685865,1,0.0,0.020237264480111653,29,0.3486832082271576,0.9999999403953552,0.38628922315778,0.9161742983751846,45.1995849609375,0.8822008862629247,0.3674542009830475,0.9819054652880355,0.3674542009830475,0.9819054652880355,1.053671194739536e-08,1.0546997053495488e-08,3.0240101978051825e-08,0.9999998807907104,0.3486832082271576,0.5099407434463501,24,0.6812794208526611,0.8774851560592651,1.0,0.8774851560592651,0.4900592565536499,0.8774851560592651,0.0,0.9999999403953552
GCN,320,2592,5,1,2,-3.306169033050537,2.536928415298462,5.843097448348999,0.8660253286361694,0.05470056086778641,-0.0022682936396449804,0.4797227382659912,0.12075898051261902,0.3980674497915877,1,0.0,0.03210048848569435,46,0.425525039434433,0.9999999403953552,0.47572766332665145,0.973781388478582,58.02970886230469,0.9796898079763663,0.47587308287620544,0.9981536189069424,0.47587308287620544,0.9981536189069424,8.535712581192456e-09,7.73964892175627e-09,1.8267856560783002e-08,0.9999998807907104,0.42552506923675537,0.34486132860183716,42,0.9032821655273438,0.8362153768539429,1.0000001192092896,0.8362152576446533,0.6551387906074524,0.8362154364585876,0.0,0.9999999403953552
GCN,320,2598,1,1,1,-1.4336961507797241,5.050241947174072,6.483938097953796,0.9486831426620483,0.08357597142457962,0.0,0.40644654631614685,0.19977334141731262,0.6688139446760136,1,0.0,0.02512212142358688,36,0.3890523910522461,0.9999999403953552,0.40573795767757453,0.931314623338257,49.23500442504883,0.930576070901034,0.4001787006855011,0.9885524372230429,0.4001787006855011,0.9885524372230429,8.119082295365843e-09,3.089023081770392e-08,6.315581657645453e-08,0.9999998807907104,0.38905245065689087,0.4532034993171692,31,0.92168128490448,0.8633009195327759,1.0,0.8633009195327759,0.5467965006828308,0.8633008599281311,0.0,0.9999999403953552
GCN,320,2599,3,1,3,-4.0762038230896,2.703230381011963,6.7794342041015625,0.8017836213111877,0.04320725053548813,0.0,0.4920685887336731,0.08304619789123535,0.2233800682076544,0,0.0,0.03977669225401256,57,0.40531742572784424,0.9999999403953552,0.488434195406639,0.9763663220088626,59.07545852661133,0.982274741506647,0.4887264370918274,0.9981536189069424,0.4887264370918274,0.9981536189069424,6.51925802230835e-09,6.049117651230063e-09,1.4985545249146526e-08,0.9999998807907104,0.40531742572784424,0.3259737491607666,52,0.758308470249176,0.8314934968948364,1.0,0.8314934968948364,0.6740262508392334,0.8314934372901917,0.0,0.9999999403953552
GCN,320,2603,3,1,1,-2.303385019302368,3.6815590858459473,5.984944105148315,0.9486831426620483,0.07365676015615463,-0.0006825892487540841,0.3640415668487549,0.18113785982131958,0.6085638499431603,1,0.0,0.034891835310537335,50,0.3486832082271576,0.9999999403953552,0.3717390372860324,0.9080502215657311,44.50856018066406,0.8700147710487445,0.3592209815979004,0.9785819793205317,0.3592209815979004,0.9785819793205317,6.4523919540704355e-09,6.535867402845952e-09,1.867996957116702e-08,0.9999998807907104,0.3486832082271576,0.5099407434463501,46,0.8493149280548096,0.8774850964546204,1.0,0.8774850964546204,0.4900592565536499,0.8774851560592651,9.313225746154785e-10,0.9999999403953552
GCN,320,2604,6,1,3,-0.5517513751983643,3.5286707878112793,4.0804221630096436,0.8017836213111877,0.04394714534282684,0.0,0.46270325779914856,0.0922861248254776,0.26203107237589995,0,0.0,0.04256803907885555,61,0.3807356357574463,1.0,0.45945361885416586,0.96602658788774,55.8528938293457,0.9678729689807977,0.45929276943206787,0.9977843426883308,0.45929276943206787,0.9977843426883308,8.686798835810805e-09,3.099272305462364e-08,6.364636107036858e-08,0.9999998807907104,0.38073569536209106,0.36685216426849365,56,0.779050350189209,0.8417130708694458,1.0,0.8417130708694458,0.6331478357315063,0.8417130708694458,0.0,1.0
GCN,320,2614,2,1,5,-5.288449287414551,0.1657881736755371,5.454237461090088,0.7071066498756409,0.04686826467514038,0.0,0.4697601795196533,0.06628541648387909,0.2074649488442592,0,0.0,0.04675505931612003,67,0.3398810923099518,0.9999999403953552,0.4666237929211303,0.9667651403249631,55.97869873046875,0.9686115214180206,0.4645439684391022,0.9981536189069424,0.4645439684391022,0.9981536189069424,1.4959255167923402e-08,3.329234132820602e-08,7.388931777541075e-08,0.9999998807907104,0.33988112211227417,0.3591139316558838,62,0.469786137342453,0.8397784233093262,1.0,0.8397784233093262,0.6408860683441162,0.839778482913971,0.0,0.9999999403953552
GCN,320,2618,2,1,1,-2.288361072540283,3.3399498462677,5.628310918807983,0.9486831426620483,0.16227637231349945,0.0,0.39461377263069153,0.4160204529762268,0.9617279272451686,1,0.0,0.01674808094905792,24,0.34868323802948,0.9999999403953552,0.38788899693142603,0.9202363367799113,44.50363540649414,0.8700147710487445,0.3637499213218689,0.9804283604135894,0.3637499213218689,0.9804283604135894,1.4784287571956156e-08,1.4793451796890622e-08,4.242079398864007e-08,0.9999998807907104,0.34868323802948,0.5099406838417053,19,0.9597383737564087,0.8774851560592651,1.0,0.8774851560592651,0.4900593161582947,0.8774851560592651,0.0,0.9999999403953552
GCN,320,2631,4,1,1,-4.59503173828125,0.5916652679443359,5.186697006225586,0.9486831426620483,0.10608096420764923,0.0,0.3727787137031555,0.22671741247177124,0.7459264873057977,1,0.0,0.018143754361479414,26,0.34868323802948,0.9999999403953552,0.3782168536894732,0.9084194977843427,47.3052864074707,0.9102658788774003,0.3641500771045685,0.9804283604135894,0.3641500771045685,0.9804283604135894,0.0,5.206251540990081e-10,1.31708899342442e-09,0.9999998807907104,0.34868323802948,0.5099406838417053,21,0.7558224201202393,0.8774851560592651,1.0,0.8774851560592651,0.4900593161582947,0.8774851560592651,0.0,0.9999999403953552
GCN,320,2641,2,1,2,-2.9712088108062744,3.425914764404297,6.397123575210571,0.8660253286361694,0.05231768637895584,-0.00041800920735113323,0.4504433870315552,0.11518436670303345,0.3874573702159909,1,0.0,0.039078855547801813,56,0.3995189666748047,0.9999999403953552,0.4503955189024622,0.9619645494830132,54.2643928527832,0.9619645494830132,0.44654107093811035,0.9970457902511078,0.44654107093811035,0.9970457902511078,2.9451006078318187e-09,3.039487950218245e-08,6.145400988089023e-08,0.9999998807907104,0.3995189666748047,0.38490018248558044,52,0.8588470220565796,0.8462250232696533,1.0,0.8462250232696533,0.6150997877120972,0.8462250232696533,0.0,0.9999999403953552
GCN,320,2642,2,1,4,-5.787779331207275,0.890549898147583,6.678329229354858,0.7499998807907104,0.03427194803953171,0.0,0.49020692706108093,0.062115561217069626,0.20310723758999621,0,0.0,0.04954640614096301,71,0.3783363103866577,0.9999999403953552,0.4857865347441349,0.9763663220088626,59.0076789855957,0.982274741506647,0.4863937497138977,0.9981536189069424,0.4863937497138977,0.9981536189069424,8.011539875951712e-09,3.1294725033603754e-08,6.472728841799835e-08,0.9999998807907104,0.3783363103866577,0.3274019956588745,66,0.6663497686386108,0.8318505883216858,1.0,0.8318505883216858,0.6725980043411255,0.831850528717041,0.0,0.9999999403953552
GCN,320,2646,4,1,1,-3.889950752258301,1.4749414920806885,5.364892244338989,0.9486831426620483,0.0707089975476265,0.0,0.4216635525226593,0.16559353470802307,0.563849943160288,1,0.0,0.030006978367062107,43,0.4069366157054901,1.0,0.4188360680906911,0.9494091580502215,51.30690383911133,0.946824224519941,0.4171757996082306,0.9937223042836041,0.4171757996082306,0.9937223042836041,0.0,2.3283064365386963e-10,5.960646376479417e-08,0.9999998807907104,0.4069366753101349,0.42806798219680786,38,0.9368195533752441,0.8570169806480408,1.0,0.8570169806480408,0.5719320178031921,0.8570169806480408,0.0,1.0
GCN,320,2647,4,1,3,-3.464996337890625,1.424093246459961,4.889089584350586,0.8017836213111877,0.0396854393184185,0.0,0.45877838134765625,0.08260507881641388,0.2233800682076544,0,0.0,0.051639916259595256,74,0.3779639005661011,0.9999999403953552,0.45815617937930886,0.96602658788774,55.02037811279297,0.9645494830132939,0.45496174693107605,0.9974150664697193,0.45496174693107605,0.9974150664697193,4.6566128730773926e-09,5.036897121613038e-09,1.331011567629048e-08,0.9999998807907104,0.3779639005661011,0.37146154046058655,69,0.7656595706939697,0.8428654670715332,1.0,0.8428654670715332,0.6285384893417358,0.8428654074668884,0.0,0.9999999403953552
GCN,320,2653,0,1,2,-0.2577730417251587,5.031188011169434,5.288961052894592,0.8660253286361694,0.05294527858495712,-0.05747554078698158,0.4400215744972229,0.11236639320850372,0.3781735505873437,1,0.0,0.040474528960223306,58,0.38690319657325745,0.9999999403953552,0.4367100191011307,0.9586410635155096,52.894432067871094,0.9560561299852289,0.4360813498497009,0.9963072378138847,0.4360813498497009,0.9963072378138847,9.359675701148262e-09,3.093144229637801e-08,1.211157751868086e-07,0.9999999403953552,0.38690322637557983,0.40432342886924744,54,0.8087489604949951,0.8510807752609253,1.0,0.8510807752609253,0.5956765413284302,0.8510808348655701,8.847564458847046e-09,0.9999999403953552
GCN,320,2658,2,1,1,-4.35666561126709,2.6658706665039062,7.022536277770996,0.9486831426620483,0.07463280111551285,0.0,0.40450796484947205,0.18042296171188354,0.6083743842364532,1,0.0,0.030704815073272853,44,0.3890523910522461,0.9999999403953552,0.40435801610405453,0.931314623338257,48.937435150146484,0.9261447562776958,0.3987085819244385,0.9881831610044313,0.3987085819244385,0.9881831610044313,0.0,3.00360554206236e-08,6.037245725565299e-08,0.9999998807907104,0.38905245065689087,0.4532034993171692,39,0.9277058243751526,0.8633008599281311,1.0,0.8633008599281311,0.5467965006828308,0.8633008599281311,0.0,0.9999999403953552
GCN,320,2668,3,1,5,-3.4806618690490723,2.284238815307617,5.7649006843566895,0.7071066498756409,0.02500685304403305,-0.0003512635885272175,0.5203453898429871,0.05215518921613693,0.1733611216369837,0,0.0,0.06489881367759945,93,0.3793965280056,1.0,0.514277952779944,0.9844903988183161,62.27833557128906,0.9896602658788775,0.5169420838356018,0.9985228951255539,0.5169420838356018,0.9985228951255539,6.4523919540704355e-09,5.991579143937997e-08,1.2028769447169907e-07,0.9999999403953552,0.37939661741256714,0.2846027612686157,89,0.7673882246017456,0.8211506009101868,1.0,0.8211506009101868,0.7153972387313843,0.8211506605148315,2.3283064365386963e-10,1.0
GCN,320,2669,3,1,1,-3.6845226287841797,2.4581782817840576,6.142700910568237,0.9486831426620483,0.08908270299434662,0.0,0.3678014874458313,0.2199019491672516,0.7324744221295946,1,0.0,0.025819958129797628,37,0.34868323802948,0.9999999403953552,0.3754550834832334,0.9084194977843427,44.49977111816406,0.869645494830133,0.3637552261352539,0.9804283604135894,0.3637552261352539,0.9804283604135894,1.0030650976489142e-08,1.0044153064825423e-08,2.8797368045729854e-08,0.9999998807907104,0.34868323802948,0.5099406838417053,32,0.8613315224647522,0.8774850964546204,1.0,0.8774850964546204,0.4900593161582947,0.8774851560592651,0.0,0.9999999403953552
GCN,320,2681,4,1,5,-2.0878355503082275,1.764359951019287,3.8521955013275146,0.7071066498756409,0.04261180758476257,-0.05925225466489792,0.4147607088088989,0.3086051046848297,0.8870784388025768,1,0.0,0.056524773203070484,81,0.2973056137561798,0.9999998211860657,0.4036121559450424,0.931314623338257,49.8171272277832,0.9342688330871491,0.41040608286857605,0.9926144756277696,0.41040608286857605,0.9926144756277696,1.4322396602040044e-08,1.8910951027351075e-08,8.71779946010065e-08,0.9999998807907104,0.2973055839538574,0.43939512968063354,77,0.6850108504295349,0.8598487973213196,1.0,0.8598487973213196,0.5606048703193665,0.8598487973213196,5.3551048040390015e-09,0.9999998211860657
GCN,320,2685,2,0,4,-6.701496124267578,-1.4251961708068848,5.276299953460693,0.7499998807907104,0.05934588238596916,0.0,0.47752851247787476,0.11670075356960297,0.3904888215233043,1,0.0,0.027913468248429867,40,0.3650457262992859,1.0,0.4679365570509265,0.9675036927621861,56.829193115234375,0.9726735598227474,0.47073039412498474,0.9981536189069424,0.47073039412498474,0.9981536189069424,9.125060707049215e-09,1.23663541629071e-08,3.38621504170078e-08,0.9999998807907104,0.3650457561016083,0.351029634475708,35,0.7042770385742188,0.837757408618927,1.0,0.837757408618927,0.648970365524292,0.837757408618927,0.0,1.0
GCN,320,2686,3,1,2,-5.011789321899414,2.2409768104553223,7.252766132354736,0.8660253286361694,0.09780437499284744,0.0,0.465689092874527,0.20662938058376312,0.6996968548692687,1,0.0,0.015352407536636426,22,0.4043872356414795,0.9999999403953552,0.4671592901637341,0.9667651403249631,56.57967758178711,0.9715657311669128,0.4610901474952698,0.9977843426883308,0.4610901474952698,0.9977843426883308,1.2904783908140871e-08,3.161099471071793e-08,6.505263172584819e-08,0.9999998807907104,0.4043872356414795,0.3774050772190094,17,0.8520408868789673,0.8443512916564941,1.0,0.8443512916564941,0.622594952583313,0.8443512916564941,0.0,0.9999999403953552
GCN,320,2689,2,1,2,-4.423152923583984,2.548351764678955,6.9715046882629395,0.8660253286361694,0.08940719068050385,0.0,0.4348219037055969,0.20952937006950378,0.7044334975369458,1,0.0,0.024424284717376135,35,0.3780724108219147,0.9999998807907104,0.4305468029838257,0.9512555391432792,52.346824645996094,0.9527326440177253,0.42792731523513794,0.9948301329394387,0.42792731523513794,0.9948301329394387,0.0,2.980777935590595e-08,5.96155587118119e-08,0.9999998807907104,0.3780723810195923,0.417919397354126,30,0.8824994564056396,0.8544799089431763,1.0,0.8544799089431763,0.582080602645874,0.8544798493385315,0.0,0.9999998807907104
GCN,320,2690,6,1,1,0.16818904876708984,4.735496997833252,4.567307949066162,0.9486831426620483,0.15704141557216644,0.0,0.3922533094882965,0.4047067165374756,0.9566123531640773,1,0.0,0.015352407536636426,22,0.34868323802948,0.9999999403953552,0.3837367208960465,0.9117429837518464,44.991390228271484,0.8788774002954209,0.3640040457248688,0.9804283604135894,0.3640040457248688,0.9804283604135894,1.053671194739536e-08,1.054956655366368e-08,3.0247271354255645e-08,0.9999998807907104,0.34868323802948,0.5099406838417053,17,0.9589899778366089,0.8774852156639099,1.0,0.8774852156639099,0.4900593161582947,0.8774851560592651,0.0,0.9999999403953552
GCN,320,2699,3,1,1,-2.7973978519439697,3.991170644760132,6.788568496704102,0.9486831426620483,0.08612877875566483,0.0,0.3920639157295227,0.2142668068408966,0.7190223569533915,1,0.0,0.025819958129797628,37,0.37397533655166626,0.9999999403953552,0.39933175355782397,0.9268833087149188,49.70418167114258,0.9331610044313147,0.3881319761276245,0.9863367799113737,0.3881319761276245,0.9863367799113737,9.497663988611293e-09,3.1279999035405126e-08,6.479130121306298e-08,0.9999998807907104,0.37397533655166626,0.47439372539520264,32,0.9253044128417969,0.8685984015464783,1.0,0.8685984015464783,0.5256062746047974,0.868598461151123,0.0,0.9999999403953552
GCN,320,2700,3,1,1,-1.9747698307037354,4.003480434417725,5.97825026512146,0.9486831426620483,0.08699715882539749,-0.0011732541024684906,0.392381489276886,0.2158648669719696,0.7195907540735127,1,0.0,0.02372644801116539,34,0.37397533655166626,0.9999999403953552,0.3966409533779009,0.9268833087149188,47.62810516357422,0.9139586410635155,0.38760149478912354,0.9863367799113737,0.38760149478912354,0.9863367799113737,6.969380184074225e-09,3.056473119045222e-08,6.23155500534267e-08,0.9999998807907104,0.37397533655166626,0.47439372539520264,30,0.9171635508537292,0.868598461151123,1.0,0.868598461151123,0.5256062746047974,0.868598461151123,0.0,0.9999999403953552
GCN,320,2702,0,1,2,0.2380300760269165,5.634889602661133,5.396859526634216,0.8660253286361694,0.05912607163190842,-0.001170324394479394,0.47410058975219727,0.1177380383014679,0.3912466843501326,1,0.0,0.025819958129797628,37,0.41986462473869324,0.9999998807907104,0.46966393701632353,0.9675036927621861,56.89484405517578,0.9730428360413589,0.4691987931728363,0.9981536189069424,0.4691987931728363,0.9981536189069424,7.450580596923828e-09,3.075304277899704e-08,1.2055697595769743e-07,0.9999998807907104,0.41986456513404846,0.353576123714447,33,0.8175961971282959,0.838394045829773,1.0,0.838394045829773,0.646423876285553,0.838394045829773,0.0,0.9999998807907104
GCN,320,2707,3,1,4,-5.094231128692627,0.9152727127075195,6.0095038414001465,0.7499998807907104,0.03268706053495407,0.0,0.5178045034408569,0.06517660617828369,0.20651762031072377,0,0.0,0.05512909979064899,79,0.39995917677879333,0.9999999403953552,0.5113017880481423,0.9844903988183161,62.01274108886719,0.9892909896602659,0.5145878791809082,0.9985228951255539,0.5145878791809082,0.9985228951255539,4.2742023254049855e-09,3.009915872098645e-08,6.052820111790425e-08,0.9999998807907104,0.39995917677879333,0.2889613211154938,74,0.774359941482544,0.82224041223526,1.0,0.82224041223526,0.7110387086868286,0.8222403526306152,0.0,0.9999999403953552
