architecture,seed,node_id,label,success,degree,clean_margin,trigger_margin,delta_margin,c_v,b_norm,b_q_cos,trigger_norm,trigger_victim_cos,edge_clean_percentile,edge_survives_tau_0_1,negative_ratio,density,nnz,actual_residual_norm_ratio,actual_residual_q_cos,knn_score,knn_percentile,mahalanobis_score,mahalanobis_percentile,pca_residual_score,pca_residual_percentile,ood_score,ood_percentile,neutral_residual_l2,residual_formula_l2,token_recovery_l2,token_recovery_cos,alpha_v,prototype_l1,prototype_nnz,prototype_victim_cos,trigger_l1,victim_l1,trigger_l1_ratio,completion_capacity,expected_trigger_l1,carrier_preservation_l2,residual_token_cos
GCN,265,1370,6,1,8,-1.4357578754425049,2.3771791458129883,3.812937021255493,0.6123723983764648,0.021423550322651863,-0.0006642694934271276,0.7047551274299622,0.03212876617908478,0.10837438423645321,0,0.0,0.07815771109560363,112,0.45147520303726196,1.0000001192092896,0.6790066081892658,0.9992614475627769,84.30980682373047,1.0,0.7004876732826233,1.0,0.7004876732826233,1.0,7.946997726548943e-09,3.098747569652005e-08,1.2067792454217852e-07,1.0,0.45147526264190674,0.2627439796924591,108,0.647226870059967,1.0,1.0,1.0,0.7372560501098633,1.0,5.238689482212067e-10,1.0000001192092896
GCN,265,1376,0,1,3,2.4713282585144043,7.577048301696777,5.105720043182373,0.8017836213111877,0.0350797064602375,0.0,0.6657007336616516,0.05533863976597786,0.1896551724137931,0,0.0,0.04884856943475227,70,0.5578615069389343,1.0,0.6427476189805527,0.9948301329394387,79.7083969116211,1.0,0.6613341569900513,1.0,0.6613341569900513,1.0,5.350040854779081e-09,5.0583763844258556e-09,9.104991427477671e-09,1.0,0.5578615069389343,0.3042243421077728,65,0.841993510723114,1.0,1.0,1.0,0.6957756280899048,1.0,0.0,1.0
GCN,265,1378,2,1,3,-3.7218265533447266,3.2659988403320312,6.987825393676758,0.8017836213111877,0.052128564566373825,0.0,0.5715368390083313,0.07223392277956009,0.21163319439181508,0,0.0,0.0418702023726448,60,0.47687360644340515,1.0,0.560436224566621,0.9926144756277696,68.58715057373047,0.9970457902511078,0.566863477230072,0.9988921713441654,0.566863477230072,0.9988921713441654,1.0780838444190977e-08,3.126612924120309e-08,6.281548081688015e-08,1.0,0.47687360644340515,0.40523403882980347,55,0.6349899172782898,1.0,1.0,1.0,0.5947659611701965,1.0,0.0,1.0
GCN,265,1392,3,1,3,-1.901639461517334,6.088128089904785,7.989767551422119,0.8017836213111877,0.035835810005664825,-0.001054544816724956,0.6438359618186951,0.053953979164361954,0.18321333838575218,0,0.0,0.05024424284717376,72,0.5393638014793396,0.9999999403953552,0.6230852599562101,0.9944608567208272,77.03074645996094,0.9996307237813885,0.6396955251693726,1.0,0.6396955251693726,1.0,6.107090388951519e-09,4.544672638218117e-09,8.478305169035139e-09,1.0,0.5393637418746948,0.32729512453079224,69,0.777210533618927,0.9999998807907104,1.0,0.9999998807907104,0.6727048754692078,1.0,0.0,0.9999999403953552
GCN,265,1393,3,1,1,-2.3331336975097656,4.85970401763916,7.192837715148926,0.9486831426620483,0.08223089575767517,0.0,0.4758242964744568,0.1583510935306549,0.5433876468359227,1,0.0,0.030006978367062107,43,0.46491098403930664,1.0,0.473563403520028,0.9719350073855244,57.84616470336914,0.9789512555391433,0.4714147746562958,0.9981536189069424,0.4714147746562958,0.9981536189069424,7.902533738501916e-09,7.977635441136499e-09,1.7137702812419775e-08,1.0,0.46491095423698425,0.5099407434463501,38,0.8692684769630432,0.9999999403953552,1.0,0.9999999403953552,0.4900592565536499,1.0,0.0,1.0
GCN,265,1400,3,1,2,-6.4897236824035645,1.0493135452270508,7.539037227630615,0.8660253286361694,0.058645207434892654,-0.0006815698579885066,0.5598725080490112,0.09964780509471893,0.31110269041303523,0,0.0,0.03628750872295883,52,0.504096508026123,1.0,0.5485514965207684,0.990029542097489,66.99388122558594,0.9955686853766618,0.5546812415122986,0.9988921713441654,0.5546812415122986,0.9988921713441654,5.26835597369768e-09,5.986147755265847e-08,1.1971545177402731e-07,1.0,0.5040965676307678,0.417919397354126,48,0.8238628506660461,0.9999999403953552,1.0,0.9999999403953552,0.582080602645874,1.0,0.0,1.0
GCN,265,1416,0,1,18,3.6428122520446777,7.379617691040039,3.7368054389953613,0.4522669315338135,0.013079443946480751,-0.0022803600877523422,0.6600359678268433,0.018375840038061142,0.10837438423645321,0,0.0,0.14863921842288905,213,0.31234312057495117,1.0,0.6383311444768736,0.9948301329394387,78.96760559082031,1.0,0.656104564666748,1.0,0.656104564666748,1.0,1.3328410375379462e-08,1.400472005030906e-08,4.486087945565487e-08,1.0,0.31234312057495117,0.3093832731246948,211,0.4193922281265259,0.9999998807907104,1.0,0.9999998807907104,0.6906167268753052,1.0,4.355862615046391e-10,1.0
GCN,265,1422,4,1,1,-4.4952073097229,2.3057515621185303,6.800958871841431,0.9486831426620483,0.0850110873579979,0.0,0.5296652913093567,0.15786287188529968,0.5346722243273967,1,0.0,0.025819958129797628,37,0.5187366604804993,1.0,0.5188740179888411,0.9859675036927622,64.12238311767578,0.992245199409158,0.5236654281616211,0.9985228951255539,0.5236654281616211,0.9985228951255539,8.33000246558413e-09,7.46511830129748e-09,1.4393096492426594e-08,1.0,0.5187366604804993,0.4532035291194916,32,0.933097779750824,1.0,1.0000001192092896,0.9999998807907104,0.5467965602874756,1.0000001192092896,0.0,1.0
GCN,265,1423,3,1,2,-0.05463767051696777,7.212839603424072,7.26747727394104,0.8660253286361694,0.046310484409332275,0.0,0.6553691029548645,0.0742383524775505,0.21314892004547176,0,0.0,0.03628750872295883,52,0.5925107002258301,1.0,0.6346165173805015,0.9948301329394387,78.75757598876953,0.9996307237813885,0.6508514285087585,1.0,0.6508514285087585,1.0,3.725290298461914e-09,3.8680729730344865e-09,6.573916966345905e-09,1.0,0.5925107002258301,0.31582748889923096,47,0.9098411202430725,1.0,1.0,1.0,0.684172511100769,1.0,0.0,1.0
GCN,265,1425,4,1,2,-2.871670722961426,5.1508941650390625,8.022564888000488,0.8660253286361694,0.04911937192082405,-0.00044262755545787513,0.647559642791748,0.07559892535209656,0.21580143993937098,0,0.0,0.03210048848569435,46,0.585128664970398,1.0,0.6268176351297526,0.9948301329394387,77.52423858642578,0.9996307237813885,0.6423995494842529,1.0,0.6423995494842529,1.0,6.177695244247161e-09,6.251838602366888e-09,6.056471590909496e-08,1.0,0.585128664970398,0.32435154914855957,42,0.8631240129470825,0.9999998807907104,1.0,0.9999998807907104,0.6756484508514404,1.0,0.0,1.0
GCN,265,1429,4,1,3,-3.151212692260742,4.015825271606445,7.1670379638671875,0.8017836213111877,0.04172129929065704,0.0,0.6458739638328552,0.05534372851252556,0.1896551724137931,0,0.0,0.040474528960223306,58,0.5406560897827148,1.0000001192092896,0.6268081735151078,0.9948301329394387,77.25316619873047,0.9996307237813885,0.6413657069206238,1.0,0.6413657069206238,1.0,5.890201215663637e-09,5.967917715565818e-09,1.1062430083086383e-08,1.0,0.5406560897827148,0.3256832957267761,53,0.6869348883628845,1.0,1.0,1.0,0.6743167042732239,1.0,0.0,1.0000001192092896
GCN,265,1434,3,1,2,-4.573113441467285,3.698122978210449,8.271236419677734,0.8660253286361694,0.0720544308423996,0.0,0.6457802653312683,0.12166276574134827,0.4005305039787798,1,0.0,0.02512212142358688,36,0.5809125900268555,1.0,0.6264419373080418,0.9948301329394387,77.38568878173828,0.9996307237813885,0.6402372717857361,1.0,0.6402372717857361,1.0,9.125060707049215e-09,6.030808208379312e-08,1.2025870432808006e-07,1.0,0.5809126496315002,0.32921984791755676,31,0.9443051218986511,0.9999998807907104,1.0,0.9999998807907104,0.6707801818847656,1.0,0.0,1.0
GCN,265,1436,5,1,1,-3.8397107124328613,4.227685451507568,8.06739616394043,0.9486831426620483,0.08288966119289398,0.0,0.5429129004478455,0.13220052421092987,0.4236453201970443,1,0.0,0.022330774598743892,32,0.5324554443359375,1.0,0.5291992604237533,0.9870753323485968,64.77770233154297,0.9933530280649926,0.536361813545227,0.9988921713441654,0.536361813545227,0.9988921713441654,7.450580596923828e-09,7.4542176875525e-09,1.4000617554188466e-08,1.0,0.5324554443359375,0.43874257802963257,27,0.8214555978775024,1.0,1.0,1.0,0.5612574219703674,1.0,0.0,1.0
GCN,265,1437,4,1,1,-1.3377045392990112,6.601994037628174,7.939698576927185,0.9486831426620483,0.07450384646654129,0.0,0.5279043912887573,0.1392868608236313,0.45187571049640013,1,0.0,0.030006978367062107,43,0.5187366604804993,1.0,0.5169420184100659,0.9859675036927622,64.02686309814453,0.9918759231905465,0.5224608182907104,0.9985228951255539,0.5224608182907104,0.9985228951255539,7.679882507716229e-09,7.693986781021067e-09,1.4834236949923252e-08,1.0,0.5187366604804993,0.4532034695148468,38,0.9362846612930298,1.0000001192092896,1.0,1.0000001192092896,0.5467965602874756,1.0,0.0,1.0
GCN,265,1441,5,0,23,-2.8090755939483643,-0.15974068641662598,2.6493349075317383,0.40824824571609497,0.016554512083530426,-0.001607672544196248,0.5916953086853027,0.02383071556687355,0.10837438423645321,0,0.0,0.14724354501046755,211,0.25239595770835876,1.0,0.5752721712480945,0.9937223042836041,70.73444366455078,0.9974150664697193,0.5876595973968506,0.9996307237813885,0.5876595973968506,0.9996307237813885,1.8943888235867234e-08,2.1887627710270863e-08,8.710721743909744e-08,1.0,0.25239598751068115,0.38175857067108154,207,0.347730815410614,1.0,1.0,1.0,0.6182414293289185,1.0,6.984919309616089e-10,1.0
GCN,265,1442,3,1,2,-3.084434986114502,4.115520477294922,7.199955463409424,0.8660253286361694,0.056303102523088455,0.0,0.5354883074760437,0.09080289304256439,0.24838954149298978,0,0.0,0.03838101884159107,55,0.4821544289588928,1.0,0.5268629071803881,0.9863367799113737,64.32544708251953,0.992245199409158,0.5304298400878906,0.9988921713441654,0.5304298400878906,0.9988921713441654,7.902533738501916e-09,8.605289814056505e-09,1.7837500365658343e-08,1.0,0.4821544289588928,0.4432559609413147,50,0.7479075789451599,1.0,1.0,1.0,0.5567440390586853,1.0,0.0,1.0
GCN,265,1444,2,1,4,-2.959925651550293,3.243459463119507,6.2033851146698,0.7499998807907104,0.03330957144498825,-0.001568231382407248,0.7009689211845398,0.03811315447092056,0.10837438423645321,0,0.0,0.052337752965806,75,0.5495073199272156,1.0,0.6772301196887069,0.9992614475627769,83.87177276611328,1.0,0.6965742707252502,1.0,0.6965742707252502,1.0,2.592692283087672e-09,5.390419222095488e-09,6.042746036882818e-08,1.0,0.5495073199272156,0.2673235237598419,72,0.6015417575836182,0.9999999403953552,1.0,0.9999999403953552,0.7326765060424805,1.0,9.313225746154785e-10,1.0
GCN,265,1448,1,1,5,-1.8648498058319092,4.062099456787109,5.9269492626190186,0.7071066498756409,0.02160467952489853,-0.003759759711101651,0.7428295612335205,0.03977373614907265,0.10837438423645321,0,0.0,0.06629448709002093,95,0.549628734588623,1.0,0.7150981012815528,1.0,88.93177032470703,1.0,0.7386931777000427,1.0,0.7386931777000427,1.0,4.267856290596228e-09,5.987325124579002e-08,6.049102552196928e-08,1.0,0.5496286749839783,0.22270753979682922,91,0.8205729126930237,1.0,1.0,1.0,0.7772924900054932,1.0,4.656612873077393e-10,1.0
GCN,265,1450,3,1,3,-4.3226094245910645,2.9304428100585938,7.253052234649658,0.8017836213111877,0.04063565284013748,0.0,0.6077091693878174,0.0643632784485817,0.20500189465706706,0,0.0,0.05024424284717376,72,0.5085898041725159,1.0,0.5926821291136205,0.9944608567208272,72.85230255126953,0.9977843426883308,0.6032503843307495,0.9996307237813885,0.6032503843307495,0.9996307237813885,6.107090388951519e-09,3.042251250917616e-08,6.08049077754913e-08,1.0,0.5085898041725159,0.36567699909210205,67,0.7717628479003906,1.0,1.0,1.0,0.634323000907898,1.0,0.0,1.0
GCN,265,1452,4,1,3,-3.0435121059417725,4.129781723022461,7.173293828964233,0.8017836213111877,0.039163362234830856,0.0,0.6902104616165161,0.061987731605768204,0.20291777188328913,0,0.0,0.0418702023726448,60,0.5782008171081543,1.0,0.6666023824414571,0.9966765140324964,82.5965576171875,1.0,0.68559330701828,1.0,0.68559330701828,1.0,4.1388878990744615e-09,5.042275486033532e-09,6.025054943847863e-08,1.0,0.5782008171081543,0.2788568139076233,55,0.8759201765060425,1.0,1.0,1.0,0.7211431860923767,1.0,0.0,1.0
GCN,265,1457,3,1,3,-4.699079990386963,2.5734567642211914,7.272536754608154,0.8017836213111877,0.044011928141117096,-0.002118860138580203,0.5406420826911926,0.06494573503732681,0.20651762031072377,0,0.0,0.052337752965806,75,0.45159921050071716,1.0,0.5307144101842637,0.9870753323485968,64.82752227783203,0.9933530280649926,0.5362523198127747,0.9988921713441654,0.5362523198127747,0.9988921713441654,6.650973549682249e-09,6.527568263692274e-09,1.4446346341401295e-08,1.0,0.45159924030303955,0.4367567300796509,71,0.6396572589874268,1.0,1.0,1.0,0.5632432699203491,1.0,4.656612873077393e-10,1.0
GCN,265,1476,6,1,2,-2.5391993522644043,2.265475034713745,4.804674386978149,0.8660253286361694,0.0553131178021431,-0.005041860044002533,0.5596941709518433,0.08411826938390732,0.22735884804850323,0,0.0,0.03558967201674808,51,0.504096508026123,1.0,0.5463649278374334,0.9889217134416544,67.04640197753906,0.9966765140324964,0.5548273324966431,0.9988921713441654,0.5548273324966431,0.9988921713441654,7.2738619572021435e-09,6.012127329313444e-08,1.2022853468351968e-07,1.0,0.5040965676307678,0.417919397354126,48,0.7371292114257812,1.0,1.0,1.0,0.582080602645874,1.0,9.313225746154785e-10,1.0
GCN,265,1486,2,1,3,-3.5201220512390137,4.887401103973389,8.407523155212402,0.8017836213111877,0.03606593608856201,-0.06429029256105423,0.6773834228515625,0.05832953006029129,0.1964759378552482,0,0.0,0.04884856943475227,70,0.5652024149894714,1.0,0.6567590646397743,0.9955686853766618,81.2650375366211,1.0,0.6734215021133423,1.0,0.6734215021133423,1.0,0.0,1.1920928955078125e-07,1.7881393432617188e-07,1.0,0.565202534198761,0.29506850242614746,67,0.8783811330795288,1.0,1.0,1.0,0.7049314975738525,1.0,8.664929218582529e-09,1.0
GCN,265,1487,6,1,4,-0.901256799697876,3.287458896636963,4.188715696334839,0.7499998807907104,0.027274535968899727,-0.002733966102823615,0.6677370667457581,0.0460430383682251,0.12542629784009093,0,0.0,0.0628053035589672,90,0.5237053632736206,1.0,0.6461801418125697,0.9948301329394387,79.90961456298828,1.0,0.6639695763587952,1.0,0.6639695763587952,1.0,3.357931266378955e-09,3.0111763749118836e-08,6.016998099767079e-08,1.0,0.5237053632736206,0.3017260432243347,86,0.7542918920516968,1.0,1.0,1.0,0.6982739567756653,1.0,4.656612873077393e-10,1.0
GCN,265,1493,4,1,1,-1.1046357154846191,6.994968891143799,8.099604606628418,0.9486831426620483,0.07283671945333481,0.0,0.5943479537963867,0.12694764137268066,0.41114058355437666,1,0.0,0.028611304954640614,41,0.5856497883796692,1.0,0.5778656455109438,0.9940915805022157,71.2646255493164,0.9974150664697193,0.5896158218383789,0.9996307237813885,0.5896158218383789,0.9996307237813885,7.213993846733047e-09,7.288752268408416e-09,6.089442905476972e-08,1.0,0.585649847984314,0.38267073035240173,36,0.9827343821525574,0.9999999403953552,1.0,0.9999999403953552,0.6173292398452759,1.0,0.0,1.0
GCN,265,1499,2,1,4,-3.1462347507476807,3.7344772815704346,6.880712032318115,0.7499998807907104,0.032199643552303314,0.0,0.7198981642723083,0.044136688113212585,0.11405835543766578,0,0.0,0.051639916259595256,74,0.5645322203636169,1.0000001192092896,0.6947161871323289,0.9996307237813885,86.12630462646484,1.0,0.7154607772827148,1.0,0.7154607772827148,1.0,8.88425155665118e-09,8.896446246353662e-09,1.5859491497849376e-08,1.0,0.5645322799682617,0.24729019403457642,69,0.7400838732719421,1.0,1.0,1.0,0.7527098059654236,1.0,0.0,1.0000001192092896
GCN,265,1501,6,1,7,-1.231778860092163,2.515296697616577,3.7470755577087402,0.6396021246910095,0.021951094269752502,-0.0010541487718001008,0.6618177890777588,0.026565466076135635,0.10837438423645321,0,0.0,0.07885554780181438,113,0.44276168942451477,1.0,0.6414032372649013,0.9948301329394387,79.23236083984375,1.0,0.658187210559845,1.0,0.658187210559845,1.0,8.459156930484824e-09,8.535712581192456e-09,1.9278344254303192e-08,1.0,0.44276168942451477,0.3077545464038849,109,0.5122826099395752,1.0000001192092896,1.0,1.0000001192092896,0.6922454833984375,1.0,6.984919309616089e-10,1.0
GCN,265,1506,2,1,2,-1.9371955394744873,4.542449951171875,6.479645490646362,0.8660253286361694,0.05089077353477478,0.0,0.6436877250671387,0.0833655521273613,0.22565365668813944,0,0.0,0.034193998604326585,49,0.5814583897590637,1.0000001192092896,0.6215809045198571,0.9944608567208272,76.91192626953125,0.9996307237813885,0.6388565897941589,1.0,0.6388565897941589,1.0,8.225217840163168e-09,8.30719404376623e-09,1.4327967257088403e-08,1.0,0.5814584493637085,0.328589528799057,44,0.9131737351417542,0.9999998807907104,1.0,0.9999998807907104,0.6714104413986206,1.0,0.0,1.0000001192092896
GCN,265,1507,0,1,6,-1.5798336267471313,2.9131622314453125,4.492995858192444,0.6708203554153442,0.028268294408917427,0.0,0.6824910640716553,0.03884041681885719,0.10837438423645321,0,0.0,0.056524773203070484,81,0.47863444685935974,1.0000001192092896,0.659570422750051,0.9955686853766618,81.65015411376953,1.0,0.6783229112625122,1.0,0.6783229112625122,1.0,1.021274975698816e-08,6.037276278902937e-08,1.2088345613392448e-07,1.0,0.4786345064640045,0.28649380803108215,76,0.6290534138679504,1.0,1.0,1.0,0.7135062217712402,1.0,0.0,1.0000001192092896
GCN,265,1523,0,1,2,0.6842073202133179,5.487514972686768,4.80330765247345,0.8660253286361694,0.05808721482753754,-0.08946486562490463,0.5729592442512512,0.1014832854270935,0.3283440697233801,1,0.0,0.03768318213538032,54,0.510749876499176,1.0,0.550751435034255,0.990029542097489,68.67791748046875,0.9970457902511078,0.5678094029426575,0.9988921713441654,0.5678094029426575,0.9988921713441654,9.633675190912072e-09,3.161099471071793e-08,6.307553235274099e-08,1.0,0.5107499361038208,0.4102367162704468,50,0.8668985366821289,0.9999999403953552,1.0,0.9999999403953552,0.5897632837295532,1.0,1.3504177331924438e-08,1.0
GCN,265,1541,3,1,1,-5.059229850769043,2.2588417530059814,7.318071603775024,0.9486831426620483,0.09069238603115082,0.0,0.4775296151638031,0.1777738630771637,0.6000378931413414,1,0.0,0.025819958129797628,37,0.4649110436439514,1.0,0.4601709004063133,0.96602658788774,57.97876739501953,0.9796898079763663,0.46862637996673584,0.9981536189069424,0.46862637996673584,0.9981536189069424,6.969380184074225e-09,3.060904063545422e-08,6.146439091025968e-08,1.0,0.46491101384162903,0.5099406838417053,32,0.8880113363265991,1.0,1.0,1.0,0.4900593161582947,1.0,0.0,1.0
GCN,265,1546,2,1,5,-5.131592750549316,1.9873249530792236,7.11891770362854,0.7071066498756409,0.025761853903532028,-0.06592807918787003,0.7260634303092957,0.035122353583574295,0.10837438423645321,0,0.0,0.05303558967201675,76,0.5353079438209534,1.0000001192092896,0.700525820311388,0.9996307237813885,86.86505126953125,1.0,0.7216112017631531,1.0,0.7216112017631531,1.0,7.634750609497587e-09,7.810244895267715e-09,1.4293038752555276e-08,1.0,0.5353079438209534,0.24296008050441742,72,0.6999483108520508,1.0,1.0,1.0,0.7570399045944214,1.0,3.259629011154175e-09,1.0000001192092896
GCN,265,1554,3,0,4,-7.864269733428955,-2.385529041290283,5.478740692138672,0.7499998807907104,0.057508327066898346,0.0,0.6072046160697937,0.0950833410024643,0.27453580901856767,0,0.0,0.03210048848569435,46,0.47319021821022034,1.0,0.5930296392930008,0.9944608567208272,72.7558364868164,0.9977843426883308,0.6019370555877686,0.9996307237813885,0.6019370555877686,0.9996307237813885,7.902533738501916e-09,3.087530942025296e-08,6.199238811177565e-08,1.0,0.47319021821022034,0.3690796196460724,41,0.7529566287994385,1.0,1.0,1.0,0.63092041015625,1.0,0.0,1.0
GCN,265,1561,1,1,2,-1.508378267288208,5.258630752563477,6.767009019851685,0.8660253286361694,0.04245861992239952,0.0,0.6821692585945129,0.0674329549074173,0.2084122773777946,0,0.0,0.03698534542916958,53,0.6172034740447998,1.0,0.6597158102649717,0.9955686853766618,81.79242706298828,1.0,0.6779168844223022,1.0,0.6779168844223022,1.0,7.450580596923828e-09,6.006850128414953e-08,6.08147630032363e-08,1.0,0.6172035336494446,0.28731468319892883,48,0.9382726550102234,1.0000001192092896,1.0,1.0000001192092896,0.7126853466033936,1.0,0.0,1.0
GCN,265,1565,2,1,2,-4.044737815856934,2.522803783416748,6.567541599273682,0.8660253286361694,0.12177783250808716,0.0,0.7048924565315247,0.19305464625358582,0.6515725653656688,1,0.0,0.020237264480111653,29,0.6265642046928406,1.0,0.6817643892135682,0.9996307237813885,83.1197509765625,1.0,0.6895372867584229,1.0,0.6895372867584229,1.0,0.0,5.96155587118119e-08,5.964282934201037e-08,1.0,0.6265642642974854,0.27650582790374756,24,0.9677550196647644,1.0,1.0,1.0,0.7234941720962524,1.0,0.0,1.0
GCN,265,1567,3,1,4,-5.465549468994141,0.39722323417663574,5.862772703170776,0.7499998807907104,0.048893678933382034,0.0,0.6558179259300232,0.0809662789106369,0.22110647972716937,0,0.0,0.03349616189811584,48,0.5126468539237976,1.0,0.6356274432395107,0.9948301329394387,78.49346160888672,0.9996307237813885,0.6510654091835022,1.0,0.6510654091835022,1.0,9.313225746154785e-09,3.123750857980667e-08,6.233955929246804e-08,1.0,0.5126467943191528,0.31647080183029175,43,0.8145090341567993,1.0,1.0,1.0,0.6835291981697083,1.0,0.0,1.0
GCN,265,1568,2,1,4,-2.9881985187530518,5.088071346282959,8.07626986503601,0.7499998807907104,0.026322316378355026,-0.0015330933965742588,0.7348003387451172,0.0413314588367939,0.10913224706328155,0,0.0,0.05722260990928123,82,0.5765445828437805,1.0,0.7071067390396978,0.9996307237813885,87.95159912109375,1.0,0.730560302734375,1.0,0.730560302734375,1.0,4.086161187188964e-09,4.066212255793289e-09,6.00227068048298e-08,1.0,0.5765446424484253,0.23127372562885284,78,0.8653408288955688,1.0,1.0,1.0,0.7687262892723083,1.0,9.313225746154785e-10,1.0
GCN,265,1583,0,1,10,-0.904762864112854,3.4314796924591064,4.3362425565719604,0.5669466257095337,0.015888851135969162,-0.000398212083382532,0.7239914536476135,0.02283739298582077,0.10837438423645321,0,0.0,0.08932309839497557,128,0.429609090089798,1.0,0.6994377730887756,0.9996307237813885,86.69384002685547,1.0,0.7200524806976318,1.0,0.7200524806976318,1.0,7.130854129400177e-09,3.110446655796295e-08,6.310341404969222e-08,1.0,0.4296090602874756,0.24224072694778442,124,0.5899695158004761,1.0,1.0,1.0,0.7577592730522156,1.0,1.1641532182693481e-10,1.0
GCN,265,1589,2,1,3,-4.249728202819824,4.40715217590332,8.656880378723145,0.8017836213111877,0.03290301933884621,-0.0014815361937507987,0.6394912004470825,0.04812538996338844,0.14153088291019325,0,0.0,0.05792044661549198,83,0.5359010100364685,0.9999999403953552,0.6223115558040514,0.9944608567208272,76.65798950195312,0.9996307237813885,0.6355302333831787,1.0,0.6355302333831787,1.0,5.7410578513383825e-09,4.685626109335317e-09,6.024188792252971e-08,1.0,0.5359009504318237,0.3316139876842499,79,0.7499464154243469,1.0,1.0,1.0,0.6683859825134277,1.0,9.313225746154785e-10,0.9999999403953552
GCN,265,1591,3,1,1,-5.732741355895996,2.1422133445739746,7.874954700469971,0.9486831426620483,0.07737024128437042,-0.002167154336348176,0.5085581541061401,0.14782974123954773,0.5013262599469496,1,0.0,0.02930914166085136,42,0.4986336827278137,1.0,0.4995540776196003,0.9763663220088626,61.06471252441406,0.9874446085672083,0.5032961964607239,0.9985228951255539,0.5032961964607239,0.9985228951255539,0.0,2.995291836782599e-08,5.990583673565197e-08,1.0,0.4986337125301361,0.4743937849998474,38,0.9112474918365479,0.9999999403953552,0.9999999403953552,1.0,0.5256061553955078,0.9999999403953552,0.0,1.0
GCN,265,1597,3,1,2,-2.7591733932495117,5.216310501098633,7.9754838943481445,0.8660253286361694,0.07410874962806702,-0.0006774735520593822,0.562323272228241,0.08672423660755157,0.2315270935960591,0,0.0,0.027913468248429867,40,0.5040964484214783,1.0,0.5498704616847568,0.990029542097489,66.94247436523438,0.9955686853766618,0.5563256144523621,0.9988921713441654,0.5563256144523621,0.9988921713441654,7.213993846733047e-09,3.0344004642302025e-08,6.067181601565608e-08,1.0,0.504096508026123,0.41791945695877075,36,0.5605037212371826,1.0,1.0,1.0,0.5820805430412292,1.0,0.0,1.0
GCN,265,1600,3,1,1,-3.9637629985809326,3.9653773307800293,7.929140329360962,0.9486831426620483,0.08537032455205917,0.0,0.4764381945133209,0.1690777838230133,0.5759757483895415,1,0.0,0.02930914166085136,42,0.46491098403930664,1.0,0.4709734318624342,0.9693500738552437,57.60696792602539,0.9782127031019202,0.47141095995903015,0.9981536189069424,0.47141095995903015,0.9981536189069424,1.1019557710767458e-08,1.1073539418759992e-08,2.3802931181649e-08,1.0,0.46491095423698425,0.5099407434463501,37,0.8951737880706787,1.0,1.0,1.0,0.4900592565536499,1.0,0.0,1.0
GCN,265,1602,0,1,10,4.012479782104492,8.294906616210938,4.282426834106445,0.5669466257095337,0.018756752833724022,-0.0007914216257631779,0.6893041729927063,0.027825498953461647,0.10837438423645321,0,0.0,0.09979064898813678,143,0.40885186195373535,1.0,0.6638069109755479,0.9955686853766618,82.46153259277344,1.0,0.68511962890625,1.0,0.68511962890625,1.0,7.39580974240539e-09,6.784127037917642e-09,1.6589881468576095e-08,1.0,0.40885183215141296,0.27885302901268005,140,0.5424400568008423,1.0,1.0,1.0,0.7211469411849976,1.0,2.3999632836613216e-10,1.0
GCN,265,1605,3,1,3,-3.756865978240967,4.491578102111816,8.248444080352783,0.8017836213111877,0.034807637333869934,0.0,0.6534263491630554,0.052733082324266434,0.17904509283819628,0,0.0,0.055826936496859735,80,0.5475495457649231,1.0,0.6319100337970952,0.9948301329394387,78.19615936279297,0.9996307237813885,0.6486897468566895,1.0,0.6486897468566895,1.0,6.435567190266056e-09,5.294018112778076e-09,6.038999345037155e-08,1.0,0.5475494861602783,0.3170856833457947,75,0.7937110662460327,0.9999999403953552,1.0,0.9999999403953552,0.6829143166542053,1.0,0.0,1.0
GCN,265,1611,3,1,2,-3.5467185974121094,3.350719451904297,6.897438049316406,0.8660253286361694,0.08774266391992569,0.0,0.6298971176147461,0.14055517315864563,0.46513830996589617,1,0.0,0.01465457083042568,21,0.5639473795890808,1.0,0.6105402296294045,0.9944608567208272,75.28671264648438,0.9992614475627769,0.6226091384887695,1.0,0.6226091384887695,1.0,1.2071319943629533e-08,9.374144127605177e-09,6.188867729406411e-08,1.0,0.5639473795890808,0.3488095700740814,16,0.8738486766815186,0.9999998807907104,1.0,0.9999998807907104,0.6511904001235962,1.0,0.0,1.0
GCN,265,1628,0,1,17,4.408212661743164,8.03243350982666,3.624220848083496,0.462909996509552,0.013872207142412663,-0.012689149007201195,0.6918513774871826,0.0184647124260664,0.10837438423645321,0,0.0,0.13189113747383113,189,0.33495989441871643,1.0,0.6669404217807336,0.9977843426883308,82.78060150146484,1.0,0.6879215240478516,1.0,0.6879215240478516,1.0,1.043070874118257e-08,3.207659204917945e-08,6.932923923841372e-08,1.0,0.3349599242210388,0.2764038145542145,187,0.42629122734069824,1.0,1.0,1.0,0.7235962152481079,1.0,4.234482098297576e-09,1.0
GCN,265,1629,2,1,3,-3.407620429992676,4.275154113769531,7.682774543762207,0.8017836213111877,0.040660664439201355,-0.001340565038844943,0.6134220361709595,0.06196023151278496,0.20291777188328913,0,0.0,0.045359385903698535,65,0.5133448839187622,1.0,0.5957022494950661,0.9944608567208272,73.40887451171875,0.9985228951255539,0.608771026134491,0.9996307237813885,0.608771026134491,0.9996307237813885,5.587935447692871e-09,3.033686013509396e-08,6.062087720692944e-08,1.0,0.5133448839187622,0.3597463071346283,62,0.7314921617507935,1.0,0.9999999403953552,1.0000001192092896,0.6402536630630493,1.0,2.3283064365386963e-10,1.0
GCN,265,1632,2,1,3,-4.194918155670166,3.61879301071167,7.813711166381836,0.8017836213111877,0.0515323206782341,0.0,0.6683704257011414,0.08863174915313721,0.23796892762410005,0,0.0,0.03628750872295883,52,0.558711051940918,1.0000001192092896,0.6473695624359395,0.9948301329394387,80.30665588378906,1.0,0.6631851196289062,1.0,0.6631851196289062,1.0,7.957223324694951e-09,7.902533738501916e-09,1.4168624495880522e-08,1.0,0.558711051940918,0.3031647801399231,47,0.9216883182525635,1.0,1.0,1.0,0.6968352198600769,1.0,0.0,1.0000001192092896
GCN,265,1637,0,1,2,-1.208134412765503,4.50326681137085,5.7114012241363525,0.8660253286361694,0.07311322540044785,0.0,0.6707521677017212,0.11357595026493073,0.38044713906782873,1,0.0,0.02372644801116539,34,0.6036084294319153,1.0,0.6459545257642493,0.9948301329394387,80.0754623413086,1.0,0.6641470193862915,1.0,0.6641470193862915,1.0,0.0,1.1406325883811519e-09,2.2812651767623038e-09,1.0,0.6036084294319153,0.3030129671096802,29,0.9023668766021729,1.0,1.0,1.0,0.6969870328903198,1.0,0.0,1.0
GCN,265,1644,0,1,2,0.7192541360855103,6.642642974853516,5.923388838768005,0.8660253286361694,0.042852409183979034,0.0,0.7027318477630615,0.06734201312065125,0.20803334596438045,0,0.0,0.03279832519190509,47,0.6358740925788879,0.9999999403953552,0.677512756523165,0.9992614475627769,84.15056610107422,1.0,0.6984554529190063,1.0,0.6984554529190063,1.0,5.871765296205922e-09,6.8911578665620254e-09,1.0812528650205877e-08,1.0,0.6358740329742432,0.265755832195282,42,0.9563813805580139,1.0,1.0,1.0,0.734244167804718,1.0,0.0,0.9999999403953552
GCN,265,1645,3,1,4,-1.6172399520874023,3.0821726322174072,4.69941258430481,0.7499998807907104,0.03293371573090553,0.0,0.6605517864227295,0.05064834654331207,0.16331943918150815,0,0.0,0.050942079553384506,73,0.5177695751190186,1.0,0.6400544486875304,0.9948301329394387,79.05069732666016,1.0,0.6562528014183044,1.0,0.6562528014183044,1.0,5.8161075955354136e-09,6.12924200282805e-09,1.1850747050345944e-08,1.0,0.5177695751190186,0.30964046716690063,68,0.7618905901908875,1.0000001192092896,1.0,1.0000001192092896,0.6903595328330994,1.0,0.0,1.0
GCN,265,1653,4,1,5,-4.201449871063232,2.158907413482666,6.360357284545898,0.7071066498756409,0.027107516303658485,-0.00242576003074646,0.672779381275177,0.04743434116244316,0.1330049261083744,0,0.0,0.06489881367759945,93,0.49741798639297485,1.0,0.6519719737661216,0.9951994091580503,80.57007598876953,1.0,0.6689068078994751,1.0,0.6689068078994751,1.0,7.1080110686239095e-09,7.53738671477322e-09,1.5151831789239623e-08,1.0,0.49741798639297485,0.29654461145401,89,0.7374335527420044,1.0,1.0,1.0,0.70345538854599,1.0,4.656612873077393e-10,1.0
GCN,265,1661,5,1,4,0.05527293682098389,5.119856834411621,5.064583897590637,0.7499998807907104,0.024772167205810547,-0.0041807484813034534,0.7414189577102661,0.04216418415307999,0.10989010989010989,0,0.0,0.04745289602233078,68,0.5817586183547974,1.0,0.7141695856311425,1.0,88.7636947631836,1.0,0.7374572157859802,1.0,0.7374572157859802,1.0,9.313225746154785e-10,5.964101035260683e-08,5.965704019672557e-08,1.0,0.5817584991455078,0.22432181239128113,64,0.8151115775108337,1.0,1.0,1.0,0.7756781578063965,1.0,9.313225746154785e-10,1.0
GCN,265,1668,2,1,2,-1.6883440017700195,4.632145404815674,6.320489406585693,0.8660253286361694,0.052428293973207474,-0.00081000936916098,0.5802320837974548,0.08499285578727722,0.2277377794619174,0,0.0,0.039078855547801813,56,0.5234181880950928,1.0,0.5647732312092226,0.9937223042836041,69.28067016601562,0.9970457902511078,0.5748987793922424,0.9996307237813885,0.5748987793922424,0.9996307237813885,5.963374238859842e-09,5.992800566900769e-08,6.076444947211712e-08,1.0,0.5234181880950928,0.39560866355895996,52,0.814608633518219,1.0000001192092896,1.0,1.0000001192092896,0.60439133644104,1.0,0.0,1.0
GCN,265,1675,6,1,4,-0.9262839555740356,4.231379508972168,5.157663464546204,0.7499998807907104,0.028180701658129692,0.0,0.7115266919136047,0.041516393423080444,0.10913224706328155,0,0.0,0.044661549197487785,64,0.5581824779510498,1.0,0.686660427355274,0.9996307237813885,85.20127868652344,1.0,0.7078908681869507,1.0,0.7078908681869507,1.0,6.650973549682249e-09,5.998180085953209e-08,6.078396808106845e-08,1.0,0.5581825375556946,0.2557564973831177,59,0.7861766815185547,1.0,1.0,1.0,0.7442435026168823,1.0,0.0,1.0
GCN,265,1679,3,1,3,-5.361562728881836,2.2729666233062744,7.63452935218811,0.8017836213111877,0.04936723783612251,-0.0006861517322249711,0.6032623052597046,0.07063516974449158,0.21049640015157256,0,0.0,0.034891835310537335,50,0.503951907157898,1.0,0.5897849603116939,0.9944608567208272,72.55865478515625,0.9977843426883308,0.5993077754974365,0.9996307237813885,0.5993077754974365,0.9996307237813885,6.316537071171524e-09,6.485911363540708e-09,1.2875363886166724e-08,1.0,0.5039518475532532,0.37146151065826416,46,0.6920629739761353,1.0,1.0,1.0,0.6285384893417358,1.0,4.656612873077393e-10,1.0
GCN,265,1684,3,1,2,-5.337698936462402,1.7041923999786377,7.04189133644104,0.8660253286361694,0.07073012739419937,0.0,0.5520216822624207,0.12384713441133499,0.4037514209928003,1,0.0,0.027913468248429867,40,0.49523454904556274,1.0,0.5421298290439572,0.9889217134416544,66.21562957763672,0.9944608567208272,0.5463974475860596,0.9988921713441654,0.5463974475860596,0.9988921713441654,5.350040854779081e-09,3.0536341455444926e-08,6.110013828219962e-08,1.0,0.49523451924324036,0.4281523823738098,35,0.8370825052261353,1.0,1.0,1.0,0.5718476176261902,1.0,0.0,1.0
GCN,265,1688,4,1,3,-2.105394124984741,4.977695941925049,7.08309006690979,0.8017836213111877,0.042996279895305634,0.0,0.6165396571159363,0.07253102213144302,0.21163319439181508,0,0.0,0.04815073272854152,69,0.5158214569091797,1.0,0.5985378420298512,0.9944608567208272,74.08860778808594,0.9992614475627769,0.6119968295097351,0.9996307237813885,0.6119968295097351,0.9996307237813885,7.303611937459209e-09,7.366431908906179e-09,1.4281430260609795e-08,1.0,0.5158214569091797,0.35665756464004517,64,0.8338945508003235,1.0000001192092896,1.0,1.0000001192092896,0.6433424353599548,1.0,0.0,1.0
GCN,265,1695,0,1,3,1.9404115676879883,7.1615447998046875,5.221133232116699,0.8017836213111877,0.03938470408320427,0.0,0.6535707116127014,0.060899704694747925,0.2019704433497537,0,0.0,0.0418702023726448,60,0.5473308563232422,1.0,0.6303283535084665,0.9948301329394387,78.25035858154297,0.9996307237813885,0.6494185924530029,1.0,0.6494185924530029,1.0,6.71586253275791e-09,6.350773240626495e-09,1.1587496295817346e-08,1.0,0.5473308563232422,0.31735843420028687,55,0.8102842569351196,1.0,1.0,1.0,0.6826415657997131,1.0,0.0,1.0
GCN,265,1705,1,1,7,-1.5143917798995972,3.504673957824707,5.019065737724304,0.6396021246910095,0.022932209074497223,0.0,0.666715145111084,0.034857481718063354,0.10837438423645321,0,0.0,0.08443824145150035,121,0.4460170865058899,1.0,0.6439856329464476,0.9948301329394387,79.76410675048828,1.0,0.6625344753265381,1.0,0.6625344753265381,1.0,7.300827942202659e-09,3.0606603473870564e-08,6.160988874626128e-08,1.0,0.4460171163082123,0.30266472697257996,116,0.6481870412826538,1.0,1.0,1.0,0.6973352432250977,1.0,0.0,1.0
GCN,265,1707,5,1,1,-2.6515424251556396,3.8434319496154785,6.494974374771118,0.9486831426620483,0.06727758795022964,0.0,0.6035948991775513,0.11544911563396454,0.3874573702159909,1,0.0,0.030006978367062107,43,0.595632791519165,1.0,0.5858851345822437,0.9940915805022157,72.53002166748047,0.9977843426883308,0.5985632538795471,0.9996307237813885,0.5985632538795471,0.9996307237813885,7.679882507716229e-09,7.750148078855545e-09,1.290206075310607e-08,1.0,0.5956327319145203,0.3721478581428528,38,0.9826230406761169,1.0,1.0,1.0,0.6278521418571472,1.0,0.0,1.0
GCN,265,1726,2,1,3,-3.1291298866271973,4.928573131561279,8.057703018188477,0.8017836213111877,0.029439043253660202,0.0,0.7381277680397034,0.045515693724155426,0.12182644941265632,0,0.0,0.045359385903698535,65,0.6191286444664001,1.0000001192092896,0.7108652686010916,1.0,88.31722259521484,1.0,0.7339134216308594,1.0,0.7339134216308594,1.0,2.221062889162795e-09,3.538719317575101e-09,5.98751483948945e-08,1.0,0.6191287040710449,0.22781071066856384,60,0.9150107502937317,0.9999998807907104,1.0,0.9999998807907104,0.7721892595291138,1.0,0.0,1.0000001192092896
GCN,265,1727,2,1,3,-3.899728536605835,3.836430549621582,7.736159086227417,0.8017836213111877,0.041580550372600555,-0.0007284163148142397,0.6691206693649292,0.06264147907495499,0.20367563471011746,0,0.0,0.03977669225401256,57,0.5602203607559204,1.0,0.6469566947839446,0.9948301329394387,80.21200561523438,1.0,0.6643969416618347,1.0,0.6643969416618347,1.0,7.1080110686239095e-09,6.002019858897256e-08,6.091919857453831e-08,1.0,0.5602203011512756,0.30128252506256104,53,0.8082270622253418,1.0000001192092896,1.0000001192092896,1.0,0.6987175941467285,1.0000001192092896,0.0,1.0
GCN,265,1734,2,1,4,-4.556147575378418,3.179335355758667,7.735482931137085,0.7499998807907104,0.04960022494196892,0.0,0.7546529173851013,0.07911243289709091,0.22034861690034105,0,0.0,0.03210048848569435,46,0.5905607342720032,1.0,0.7283130599356692,1.0,90.2522964477539,1.0,0.7496545314788818,1.0,0.7496545314788818,1.0,5.908579403524072e-09,6.23012352818364e-09,1.0530296634669867e-08,1.0,0.5905607342720032,0.21258553862571716,41,0.9027542471885681,0.9999999403953552,1.0,0.9999999403953552,0.7874144315719604,1.0,0.0,1.0
GCN,265,1749,2,1,4,-4.336738109588623,3.9854960441589355,8.322234153747559,0.7499998807907104,0.02372104860842228,-0.05262439325451851,0.7530382871627808,0.03788752108812332,0.10837438423645321,0,0.0,0.061409630146545706,88,0.589745044708252,1.0,0.7247813141615176,1.0,90.1480941772461,1.0,0.748958945274353,1.0,0.748958945274353,1.0,2.7939677238464355e-09,2.8325071177448535e-09,5.97964842086185e-08,1.0,0.589745044708252,0.21367309987545013,84,0.9020707607269287,0.9999999403953552,1.0,0.9999999403953552,0.7863268852233887,1.0,1.4551915228366852e-08,1.0
GCN,265,1752,2,1,3,-4.592596054077148,4.286126136779785,8.878722190856934,0.8017836213111877,0.04047592729330063,-0.0012990536633878946,0.7125195264816284,0.05782404541969299,0.1962864721485411,0,0.0,0.03838101884159107,55,0.5968308448791504,1.0,0.6864612491489783,0.9996307237813885,85.24191284179688,1.0,0.708040714263916,1.0,0.708040714263916,1.0,4.197414082973694e-10,5.961578608548734e-08,5.964312066453203e-08,1.0,0.5968309044837952,0.2556210160255432,51,0.8161417245864868,0.9999998807907104,1.0,0.9999998807907104,0.7443789839744568,1.0,4.656612873077393e-10,1.0
GCN,265,1753,2,1,3,-3.954040050506592,4.737560272216797,8.691600322723389,0.8017836213111877,0.03781340271234512,-0.0013905229279771447,0.7046385407447815,0.06429138779640198,0.20500189465706706,0,0.0,0.040474528960223306,58,0.59038907289505,1.0,0.6790343906642976,0.9992614475627769,84.49244689941406,1.0,0.7002308368682861,1.0,0.7002308368682861,1.0,3.976908136138491e-09,5.974646910544834e-08,6.002085228828946e-08,1.0,0.5903891324996948,0.26365533471107483,54,0.9605735540390015,1.0,1.0,1.0,0.7363446950912476,1.0,4.656612873077393e-10,1.0
GCN,265,1760,2,1,2,-2.732841730117798,5.7058892250061035,8.438730955123901,0.8660253286361694,0.03895721957087517,0.0,0.7141122221946716,0.06115126982331276,0.2019704433497537,0,0.0,0.04326587578506629,62,0.6464930772781372,1.0,0.6905362749715763,0.9996307237813885,85.60765075683594,1.0,0.7099535465240479,1.0,0.7099535465240479,1.0,0.0,1.9199706269290573e-09,1.975633434625479e-09,1.0,0.6464930772781372,0.2534940242767334,57,0.9707659482955933,1.0000001192092896,1.0,1.0000001192092896,0.7465059757232666,1.0,0.0,1.0
GCN,265,1764,5,1,2,-2.784310817718506,4.645787715911865,7.430098533630371,0.8660253286361694,0.04298344999551773,0.0,0.6750914454460144,0.06715032458305359,0.20765441455096628,0,0.0,0.041172365666434056,59,0.6107260584831238,1.0,0.6535886433014527,0.9951994091580503,81.06620025634766,1.0,0.6708187460899353,1.0,0.6708187460899353,1.0,3.2261959770352178e-09,2.7939677238464355e-09,4.698197830776962e-09,1.0,0.6107260584831238,0.2947941720485687,54,0.913355827331543,1.0,1.0,1.0,0.7052057981491089,1.0,0.0,1.0
GCN,265,1768,1,1,3,-2.157618522644043,4.356435775756836,6.514054298400879,0.8017836213111877,0.0384545661509037,-0.0011977317044511437,0.6691064834594727,0.05093635618686676,0.16331943918150815,0,0.0,0.039078855547801813,56,0.5604368448257446,1.0,0.6463191579046593,0.9948301329394387,80.0895767211914,1.0,0.6648489832878113,1.0,0.6648489832878113,1.0,4.032745248849778e-09,5.972457728375957e-08,5.999531538236624e-08,1.0,0.5604367852210999,0.30101245641708374,52,0.6838627457618713,1.0,1.0,1.0,0.6989875435829163,1.0,4.656612873077393e-10,1.0
GCN,265,1771,1,1,3,-2.257660388946533,4.6149702072143555,6.872630596160889,0.8017836213111877,0.02847922407090664,0.0,0.7380997538566589,0.04449717700481415,0.11595301250473665,0,0.0,0.052337752965806,75,0.6191544532775879,1.0,0.7098966251927692,1.0,88.35305786132812,1.0,0.733742356300354,1.0,0.733742356300354,1.0,1.8034984616832617e-09,2.1841450870141443e-09,3.610857612912355e-09,1.0,0.6191543936729431,0.22777873277664185,70,0.9246481657028198,0.9999999403953552,1.0,0.9999999403953552,0.7722212672233582,1.0,0.0,1.0
GCN,265,1777,1,1,5,-2.7883057594299316,3.0366063117980957,5.824912071228027,0.7071066498756409,0.02049332670867443,0.0,0.7300719618797302,0.031010564416646957,0.10837438423645321,0,0.0,0.06838799720865317,98,0.5403041839599609,1.0,0.7027943151418855,0.9996307237813885,87.39986419677734,1.0,0.7259640693664551,1.0,0.7259640693664551,1.0,3.5156655364687595e-09,5.973910077727851e-08,6.00650054138896e-08,1.0,0.5403041839599609,0.2358943223953247,93,0.7811740636825562,0.9999999403953552,1.0,0.9999999403953552,0.7641056776046753,1.0,0.0,1.0
GCN,265,1779,1,1,6,-2.2544631958007812,3.248788833618164,5.503252029418945,0.6708203554153442,0.01649351976811886,0.0,0.7593809366226196,0.024726808071136475,0.10837438423645321,0,0.0,0.08094905792044661,116,0.5332961082458496,1.0,0.730649140467406,1.0,90.90116882324219,1.0,0.7551966309547424,1.0,0.7551966309547424,1.0,2.9080537977677068e-09,3.8469933905105336e-09,5.996879792746768e-08,1.0,0.5332960486412048,0.2050090730190277,111,0.7636961340904236,0.9999998807907104,1.0,0.9999998807907104,0.7949908971786499,1.0,0.0,1.0
GCN,265,1781,1,1,5,-2.142143726348877,3.745664119720459,5.887807846069336,0.7071066498756409,0.020358620211482048,0.0,0.740786612033844,0.02889079786837101,0.10837438423645321,0,0.0,0.06908583391486392,99,0.5482518076896667,1.0,0.7134549768139419,1.0,88.68299865722656,1.0,0.7366352081298828,1.0,0.7366352081298828,1.0,5.684120285565086e-09,5.984880147025251e-08,6.04149050786873e-08,1.0,0.548251748085022,0.22465477883815765,94,0.7433429956436157,1.0,1.0,1.0,0.7753452062606812,1.0,0.0,1.0
GCN,265,1783,1,1,2,-2.2866225242614746,4.154932022094727,6.441554546356201,0.8660253286361694,0.05284871533513069,0.0,0.6378418803215027,0.08776096999645233,0.23796892762410005,0,0.0,0.03349616189811584,48,0.5759397149085999,1.0,0.6169951899818623,0.9944608567208272,76.45621490478516,0.9992614475627769,0.6334872841835022,1.0,0.6334872841835022,1.0,0.0,3.7614942272057306e-09,6.567997257178604e-09,1.0,0.5759397149085999,0.33496198058128357,43,0.9172983765602112,1.0,1.0,1.0,0.665037989616394,1.0,0.0,1.0
GCN,265,1786,1,1,3,-2.2372453212738037,4.522704124450684,6.759949445724487,0.8017836213111877,0.04280943050980568,-0.1265411227941513,0.6585493683815002,0.2805107831954956,0.8486169003410383,1,0.0,0.040474528960223306,58,0.5455987453460693,1.0,0.6333035812374855,0.9948301329394387,78.8489990234375,0.9996307237813885,0.6541789770126343,1.0,0.6541789770126343,1.0,3.3900653395591007e-09,5.96923470652655e-08,5.990187901261379e-08,1.0,0.5455986857414246,0.3195188045501709,56,0.7213177680969238,1.0000001192092896,1.0,1.0000001192092896,0.6804811954498291,1.0,2.8878510249796818e-08,1.0
GCN,265,1794,4,1,4,-2.806525230407715,3.6016335487365723,6.408158779144287,0.7499998807907104,0.03236208111047745,-0.00277933431789279,0.6339986324310303,0.044644616544246674,0.11708980674497915,0,0.0,0.05792044661549198,83,0.4968087077140808,1.0,0.6161342518723801,0.9944608567208272,76.04564666748047,0.9992614475627769,0.629656195640564,1.0,0.629656195640564,1.0,4.839293854530524e-09,6.12924200282805e-09,1.2329409493361254e-08,1.0,0.4968086779117584,0.3375883102416992,80,0.6559672355651855,1.0,1.0,1.0,0.6624116897583008,1.0,4.656612873077393e-10,1.0
GCN,265,1803,0,1,4,0.07302546501159668,4.370856761932373,4.297831296920776,0.7499998807907104,0.03411750867962837,0.0,0.6523190140724182,0.056462064385414124,0.19306555513452064,0,0.0,0.04884856943475227,70,0.5112023949623108,1.0,0.6316296625454061,0.9948301329394387,78.2464370727539,0.9996307237813885,0.648162841796875,1.0,0.648162841796875,1.0,7.792003486883914e-09,3.067803433509653e-08,6.128125562554487e-08,1.0,0.511202335357666,0.31839674711227417,65,0.8096562623977661,1.0,1.0,1.0,0.6816032528877258,1.0,0.0,1.0
GCN,265,1807,3,1,5,-3.421074867248535,4.156491279602051,7.577566146850586,0.7071066498756409,0.027405831962823868,0.0,0.7421384453773499,0.04729137569665909,0.1330049261083744,0,0.0,0.06629448709002093,95,0.5489174127578735,1.0,0.715819771260347,1.0,88.80628967285156,1.0,0.738166093826294,1.0,0.738166093826294,1.0,3.017829985907383e-09,5.968871619188576e-08,5.989025453345675e-08,1.0,0.5489174127578735,0.22371336817741394,90,0.9055426120758057,0.9999999403953552,1.0,0.9999999403953552,0.7762866020202637,1.0,0.0,1.0
GCN,265,1809,3,1,3,-3.5445480346679688,5.469710350036621,9.01425838470459,0.8017836213111877,0.030296210199594498,-0.1414041519165039,0.6877967715263367,0.24425017833709717,0.7838196286472149,1,0.0,0.055826936496859735,80,0.5722848773002625,1.0,0.6645552433937607,0.9966765140324964,82.3913345336914,1.0,0.6837673187255859,1.0,0.6837673187255859,1.0,4.928095709288982e-09,5.981935657928261e-08,6.026306920148272e-08,1.0,0.5722849369049072,0.2862352132797241,76,0.8405635952949524,1.0,1.0,1.0,0.7137647867202759,1.0,4.656612873077393e-10,1.0
GCN,265,1810,3,0,44,-9.155613899230957,-6.615495681762695,2.5401182174682617,0.3061861991882324,0.007939253002405167,-0.012934966944158077,0.6398271322250366,0.011648686602711678,0.10837438423645321,0,0.0,0.2882065596650384,413,0.20492440462112427,1.0,0.6213775082531624,0.9944608567208272,76.53276824951172,0.9992614475627769,0.6360725164413452,1.0,0.6360725164413452,1.0,1.6611124920018483e-08,5.1225121922016115e-08,2.1649670145507116e-07,1.0,0.20492444932460785,0.330719530582428,412,0.28743892908096313,1.0,1.0,1.0,0.669280469417572,1.0,2.9600313311561877e-08,1.0
GCN,265,1817,3,1,2,-2.8753151893615723,5.9158244132995605,8.791139602661133,0.8660253286361694,0.040711306035518646,0.0,0.7107047438621521,0.06424586474895477,0.20500189465706706,0,0.0,0.039078855547801813,56,0.6432767510414124,1.0,0.6873336504042246,0.9996307237813885,85.18660736083984,1.0,0.706951916217804,1.0,0.706951916217804,1.0,6.177695244247161e-09,5.977901196274615e-08,1.1942100286432833e-07,1.0,0.6432768106460571,0.25720787048339844,51,0.9712923765182495,1.0,1.0,1.0,0.7427921295166016,1.0,0.0,1.0
GCN,265,1822,3,1,2,-5.116846561431885,3.0155248641967773,8.132371425628662,0.8660253286361694,0.04931676387786865,0.0,0.6381011009216309,0.08230814337730408,0.22300113679424025,0,0.0,0.039078855547801813,56,0.5765193104743958,1.0,0.6197143447686319,0.9944608567208272,76.6295394897461,0.9996307237813885,0.633963942527771,1.0,0.633963942527771,1.0,6.585445078144403e-09,6.655047624093413e-09,1.1582998560299984e-08,1.0,0.5765193104743958,0.3342927396297455,51,0.92229163646698,1.0,1.0,1.0,0.6657072305679321,1.0,0.0,1.0
GCN,265,1825,5,1,4,-3.7603726387023926,2.8855645656585693,6.645937204360962,0.7499998807907104,0.026812797412276268,-0.07802918553352356,0.6933344006538391,0.039308179169893265,0.10837438423645321,0,0.0,0.06071179344033496,87,0.5417593717575073,1.0,0.6683112264799597,0.9977843426883308,83.04299926757812,1.0,0.6894423961639404,1.0,0.6894423961639404,1.0,3.4218976541211532e-09,6.527568263692274e-09,6.082875358970341e-08,1.0,0.5417593121528625,0.27765417098999023,84,0.7623330950737,1.0,1.0,1.0,0.7223458290100098,1.0,1.4435969752923938e-08,1.0
GCN,265,1829,5,1,5,-2.4103305339813232,3.496816635131836,5.907147169113159,0.7071066498756409,0.027531038969755173,-0.0006594162550754845,0.6680701375007629,0.031216047704219818,0.10837438423645321,0,0.0,0.0628053035589672,90,0.49394848942756653,1.0,0.646495185139333,0.9948301329394387,79.96121978759766,1.0,0.6637474894523621,1.0,0.6637474894523621,1.0,9.417417068391387e-09,9.405896506109457e-09,1.904114022011072e-08,1.0,0.49394848942756653,0.3014512062072754,87,0.5356267690658569,1.0,1.0,1.0,0.6985487937927246,1.0,1.1641532182693481e-10,1.0
GCN,265,1836,6,1,2,-1.9995267391204834,2.985499858856201,4.985026597976685,0.8660253286361694,0.05269947648048401,-0.0017710782121866941,0.5832666158676147,0.09062108397483826,0.24820007578628267,0,0.0,0.0418702023726448,60,0.5261029601097107,1.0,0.5712057982190547,0.9937223042836041,69.99893188476562,0.9974150664697193,0.5786494612693787,0.9996307237813885,0.5786494612693787,0.9996307237813885,8.433485021441811e-09,8.436697562785866e-09,6.172706434881547e-08,1.0,0.5261029005050659,0.3925085961818695,56,0.86860191822052,0.9999999403953552,1.0,0.9999999403953552,0.6074913740158081,1.0,4.656612873077393e-10,1.0
GCN,265,1838,0,1,4,2.0384974479675293,7.288991451263428,5.250494003295898,0.7499998807907104,0.02996130846440792,-0.0028100283816456795,0.7001256346702576,0.04236944019794464,0.10989010989010989,0,0.0,0.05373342637822749,77,0.5490217804908752,1.0,0.6732778541406709,0.9988921713441654,83.80571746826172,1.0,0.6961503028869629,1.0,0.6961503028869629,1.0,5.430496941016827e-09,5.986238704736024e-08,6.045745237770461e-08,1.0,0.5490217208862305,0.2679709494113922,75,0.683283805847168,0.9999999403953552,1.0,0.9999999403953552,0.7320290803909302,1.0,8.394828165947388e-10,1.0
GCN,265,1841,0,1,5,2.9267923831939697,7.81683349609375,4.89004111289978,0.7071066498756409,0.02428826317191124,0.0,0.7335978746414185,0.03394090384244919,0.10837438423645321,0,0.0,0.051639916259595256,74,0.5427460670471191,1.0,0.7059543058126686,0.9996307237813885,87.87107849121094,1.0,0.7298381328582764,1.0,0.7298381328582764,1.0,5.963374238859842e-09,5.993206997345624e-08,6.072683333968598e-08,1.0,0.5427460074424744,0.23244106769561768,69,0.724886417388916,1.0,1.0,1.0,0.7675589323043823,1.0,0.0,1.0
GCN,265,1845,5,1,2,0.3178246021270752,5.8084869384765625,5.490662336349487,0.8660253286361694,0.04723455011844635,0.0,0.6498160362243652,0.07577767968177795,0.21580143993937098,0,0.0,0.034193998604326585,49,0.5873757004737854,1.0,0.6291305663212936,0.9948301329394387,77.8735580444336,0.9996307237813885,0.6458619236946106,1.0,0.6458619236946106,1.0,8.535712581192456e-09,7.697509296633598e-09,1.2862766851640117e-08,1.0,0.5873757004737854,0.32175689935684204,44,0.9028229117393494,1.0,1.0,1.0,0.678243100643158,1.0,0.0,1.0
GCN,265,1852,3,1,2,-2.3878705501556396,5.456544876098633,7.8444154262542725,0.8660253286361694,0.04241049662232399,0.0,0.7186665534973145,0.06696726381778717,0.20765441455096628,0,0.0,0.041172365666434056,59,0.6503956317901611,1.0,0.6935253535657605,0.9996307237813885,86.284423828125,1.0,0.7145718336105347,1.0,0.7145718336105347,1.0,1.0148852869207303e-09,5.962192517472431e-08,5.965672045249448e-08,1.0,0.6503955721855164,0.24898779392242432,54,0.9827594757080078,1.0,1.0,1.0,0.7510122060775757,1.0,0.0,1.0
GCN,265,1853,3,1,1,-3.0768022537231445,5.713598728179932,8.790400981903076,0.9486831426620483,0.07529958337545395,-0.006189248524606228,0.62812739610672,0.13202062249183655,0.4236453201970443,1,0.0,0.027913468248429867,40,0.6186732649803162,1.0,0.6092553877202908,0.9944608567208272,75.11599731445312,0.9992614475627769,0.6233106255531311,1.0,0.6233106255531311,1.0,7.450580596923828e-09,6.006850128414953e-08,1.1983703984697058e-07,1.0,0.6186733245849609,0.3478609323501587,36,0.9960211515426636,1.0,1.0,1.0,0.6521390676498413,1.0,0.0,1.0
GCN,265,1858,3,1,2,-3.6293790340423584,5.791826248168945,9.421205282211304,0.8660253286361694,0.04219500720500946,0.0,0.6678582429885864,0.0673636645078659,0.20803334596438045,0,0.0,0.04396371249127704,63,0.6042077541351318,1.0,0.6468550665175249,0.9948301329394387,80.37541961669922,1.0,0.6642968654632568,1.0,0.6642968654632568,1.0,4.550633203592724e-09,5.090425414522315e-09,8.502371251495333e-09,1.0,0.6042077541351318,0.3023208975791931,58,0.9233779311180115,1.0,1.0,1.0,0.6976791024208069,1.0,0.0,1.0
GCN,265,1862,3,1,4,-6.468523025512695,0.6109275817871094,7.079450607299805,0.7499998807907104,0.03824695572257042,-0.0016780003206804395,0.6440485715866089,0.058744482696056366,0.1964759378552482,0,0.0,0.050942079553384506,73,0.5042970180511475,1.0,0.6268092670758588,0.9948301329394387,77.0932846069336,0.9996307237813885,0.6396058201789856,1.0,0.6396058201789856,1.0,9.858941218965356e-09,6.043289602075674e-08,1.2083789613370755e-07,1.0,0.5042970776557922,0.32760393619537354,69,0.7139639854431152,1.0,1.0000001192092896,0.9999998807907104,0.672396183013916,1.0000001192092896,0.0,1.0
GCN,265,1866,3,1,2,-4.432652473449707,4.479693412780762,8.912345886230469,0.8660253286361694,0.050968583673238754,-0.004515469539910555,0.6591367125511169,0.0893513634800911,0.2451686244789693,0,0.0,0.03698534542916958,53,0.5952814817428589,1.0,0.638801841461057,0.9948301329394387,78.87305450439453,0.9996307237813885,0.6544514298439026,1.0,0.6544514298439026,1.0,1.2468944987631403e-08,6.093182491895277e-08,6.32108552167665e-08,1.0,0.5952814817428589,0.3126280903816223,49,0.9353762865066528,0.9999999403953552,1.0,0.9999999403953552,0.6873719096183777,1.0,9.313225746154785e-10,1.0
GCN,265,1870,3,1,4,-4.295106887817383,4.037146091461182,8.332252979278564,0.7499998807907104,0.035886626690626144,0.0,0.7585387229919434,0.05984712764620781,0.19969685486926866,0,0.0,0.04954640614096301,71,0.5947074294090271,1.0,0.7318632716828075,1.0,90.83221435546875,1.0,0.7541975975036621,1.0,0.7541975975036621,1.0,5.558755233892043e-09,5.688887139143617e-09,9.57953982805293e-09,1.0,0.5947074294090271,0.20705664157867432,66,0.9487452507019043,0.9999998807907104,1.0,0.9999998807907104,0.7929433584213257,1.0,0.0,1.0
GCN,265,1872,3,1,1,-2.771512031555176,6.401280403137207,9.172792434692383,0.9486831426620483,0.06322353333234787,0.0,0.6261578798294067,0.10583247989416122,0.35392194012883665,1,0.0,0.03279832519190509,47,0.6186732649803162,1.0,0.6068362635969815,0.9944608567208272,75.56656646728516,0.9992614475627769,0.6223284006118774,0.9996307237813885,0.6223284006118774,0.9996307237813885,0.0,5.961192073300481e-08,1.192247509607114e-07,1.0,0.6186733245849609,0.3478609621524811,42,0.9943636655807495,1.0,1.0,1.0,0.6521390676498413,1.0,0.0,1.0
GCN,265,1878,5,1,3,-1.6036322116851807,4.757505893707275,6.361138105392456,0.8017836213111877,0.03861081600189209,0.0,0.6613083481788635,0.06810423731803894,0.20954907161803712,0,0.0,0.04675505931612003,67,0.553907036781311,1.0,0.6395031014069729,0.9948301329394387,79.30502319335938,1.0,0.6573036313056946,1.0,0.6573036313056946,1.0,2.133928145298114e-09,2.419646927265262e-09,4.404023368209664e-09,1.0,0.553907036781311,0.30915647745132446,62,0.9352470636367798,1.0,1.0,1.0,0.6908435225486755,1.0,0.0,1.0
GCN,265,1879,5,1,4,-0.18162322044372559,5.003232955932617,5.184856176376343,0.7499998807907104,0.02803422138094902,-0.001485493965446949,0.6982038617134094,0.044420357793569565,0.11405835543766578,0,0.0,0.0628053035589672,90,0.5476659536361694,1.0,0.6734321425859873,0.9988921713441654,83.65294647216797,1.0,0.6942049860954285,1.0,0.6942049860954285,1.0,7.875047280947456e-09,7.93675880572664e-09,6.134639818355936e-08,1.0,0.5476660132408142,0.2697785496711731,86,0.829730212688446,1.0,1.0,1.0,0.7302214503288269,1.0,4.656612873077393e-10,1.0
GCN,265,1881,5,1,5,-4.807308197021484,1.2398602962493896,6.047168493270874,0.7071066498756409,0.03032173030078411,-0.00039581526652909815,0.7077412605285645,0.04604075849056244,0.12542629784009093,0,0.0,0.05512909979064899,79,0.5232154726982117,1.0,0.6831277403292265,0.9996307237813885,84.64009094238281,1.0,0.7030662298202515,1.0,0.7030662298202515,1.0,9.101266407185449e-09,9.104243581248284e-09,1.7403266383553273e-08,1.0,0.5232154726982117,0.26006144285202026,75,0.7598851323127747,1.0,1.0,1.0,0.7399385571479797,1.0,4.656612873077393e-10,1.0
GCN,265,1891,4,1,3,-1.828343152999878,6.541475772857666,8.369818925857544,0.8017836213111877,0.03477390855550766,0.0,0.7194893956184387,0.05558191239833832,0.1911708980674498,0,0.0,0.045359385903698535,65,0.6031444668769836,1.0000001192092896,0.6936785970491699,0.9996307237813885,86.12793731689453,1.0,0.7157391905784607,1.0,0.7157391905784607,1.0,2.63417798684884e-09,5.967372374016122e-08,1.1930266907711484e-07,1.0,0.6031444072723389,0.24774666130542755,60,0.9220651388168335,1.0,1.0,1.0,0.7522533535957336,1.0,0.0,1.0000001192092896
GCN,265,1899,5,1,5,-2.0813825130462646,3.4126596450805664,5.494042158126831,0.7071066498756409,0.03274163976311684,-0.0004882207722403109,0.6501519680023193,0.0387628935277462,0.10837438423645321,0,0.0,0.061409630146545706,88,0.48029786348342896,1.0,0.6297232728929827,0.9948301329394387,77.79190063476562,0.9996307237813885,0.6454893946647644,1.0,0.6454893946647644,1.0,8.212026614273782e-09,8.254823491427032e-09,1.7175786126699677e-08,1.0,0.48029786348342896,0.32075613737106323,85,0.5442715883255005,1.0,1.0,1.0,0.6792438626289368,1.0,1.1641532182693481e-10,1.0
GCN,265,1901,5,1,6,-4.52128791809082,0.5403779149055481,5.061665832996368,0.6708203554153442,0.02412213757634163,-0.0002647081855684519,0.6707327365875244,0.03622495383024216,0.10837438423645321,0,0.0,0.0732728541521284,105,0.47060301899909973,1.0,0.6494515085538647,0.9948301329394387,80.30988311767578,1.0,0.6668241620063782,1.0,0.6668241620063782,1.0,5.7974363087964775e-09,3.0333286105133084e-08,6.079910264134014e-08,1.0,0.47060301899909973,0.29846638441085815,101,0.6756904721260071,1.0,1.0,1.0,0.7015336155891418,1.0,1.1641532182693481e-10,1.0
GCN,265,1904,5,1,3,-3.5986361503601074,2.1925904750823975,5.791226625442505,0.8017836213111877,0.03409658744931221,-0.000393519556382671,0.6712583303451538,0.05387365072965622,0.18321333838575218,0,0.0,0.04884856943475227,70,0.5625911951065063,1.0,0.6496309305492503,0.9948301329394387,80.34053802490234,1.0,0.6668007373809814,1.0,0.6668007373809814,1.0,5.430496941016827e-09,3.5156655364687595e-09,5.993741325482915e-08,1.0,0.5625911951065063,0.29832541942596436,66,0.8503786325454712,1.0,1.0,1.0,0.7016745805740356,1.0,0.0,1.0
GCN,265,1906,4,1,5,-1.4466724395751953,5.126770496368408,6.5734429359436035,0.7071066498756409,0.022715983912348747,-0.0004659447877202183,0.7128602266311646,0.030283566564321518,0.10837438423645321,0,0.0,0.06769016050244243,97,0.5274350047111511,1.0,0.6890408631472118,0.9996307237813885,85.34408569335938,1.0,0.7087000608444214,1.0,0.7087000608444214,1.0,4.4664663079174716e-09,3.725290298461914e-09,7.069250518298986e-09,1.0,0.5274350047111511,0.2540941536426544,93,0.6719931364059448,1.0,1.0,1.0,0.745905876159668,1.0,4.656612873077393e-10,1.0
GCN,265,1909,0,1,6,0.31660574674606323,6.206520080566406,5.889914333820343,0.6708203554153442,0.02229304611682892,0.0,0.7267822623252869,0.0234858188778162,0.10837438423645321,0,0.0,0.06838799720865317,98,0.5101363658905029,1.0,0.7013084044928855,0.9996307237813885,86.96680450439453,1.0,0.7226003408432007,1.0,0.7226003408432007,1.0,7.494109333094912e-09,3.0812916662625867e-08,6.154881049269534e-08,1.0,0.5101363658905029,0.23953357338905334,93,0.5136258006095886,1.0,1.0,1.0,0.760466456413269,1.0,0.0,1.0
GCN,265,1911,5,1,4,0.0154036283493042,5.291926383972168,5.276522755622864,0.7499998807907104,0.03258530795574188,0.0,0.6593238115310669,0.046648893505334854,0.13092080333459644,0,0.0,0.05512909979064899,79,0.5168269276618958,1.0,0.6385603407783813,0.9948301329394387,78.97634887695312,1.0,0.6551227569580078,1.0,0.6551227569580078,1.0,4.165001232792065e-09,3.02796223650148e-08,6.050049705663696e-08,1.0,0.5168269872665405,0.31089723110198975,74,0.7079123258590698,0.9999999403953552,1.0,0.9999999403953552,0.6891027688980103,1.0,0.0,1.0
GCN,265,1913,0,1,4,2.07236385345459,7.205573081970215,5.133209228515625,0.7499998807907104,0.026215925812721252,0.0,0.6670634150505066,0.03668445721268654,0.10837438423645321,0,0.0,0.06769016050244243,97,0.5233129262924194,1.0,0.6459583551134179,0.9948301329394387,79.83663177490234,1.0,0.6623594164848328,1.0,0.6623594164848328,1.0,6.160119969678135e-09,3.0361864133965355e-08,6.062722235355977e-08,1.0,0.5233128666877747,0.30224937200546265,92,0.7000759840011597,1.0,1.0,1.0,0.6977506279945374,1.0,0.0,1.0
GCN,265,1916,6,1,3,-0.3173827528953552,5.187651634216309,5.505034387111664,0.8017836213111877,0.0381162203848362,0.0,0.6643258929252625,0.05533354729413986,0.1896551724137931,0,0.0,0.03838101884159107,55,0.5564852952957153,1.0,0.6421244216717327,0.9948301329394387,79.52098083496094,1.0,0.6606863737106323,1.0,0.6606863737106323,1.0,6.107090388951519e-09,5.8161075955354136e-09,6.05213372750768e-08,1.0,0.5564853549003601,0.30594074726104736,50,0.7732448577880859,1.0,1.0,1.0,0.6940592527389526,1.0,0.0,1.0
GCN,265,1918,6,1,2,-0.5266839265823364,5.073724746704102,5.600408673286438,0.8660253286361694,0.09712883830070496,0.0,0.6641876101493835,0.16156235337257385,0.5507768093974991,1,0.0,0.01465457083042568,21,0.5938405990600586,1.0,0.6392513294631328,0.9948301329394387,78.98181915283203,1.0,0.6558350324630737,1.0,0.6558350324630737,1.0,6.7801306791182014e-09,6.048759360055556e-08,1.2043845742937265e-07,1.0,0.5938406586647034,0.3142918050289154,16,0.9567828178405762,0.9999999403953552,1.0,0.9999999403953552,0.6857081651687622,1.0,0.0,1.0
GCN,265,1920,0,1,6,-0.15719127655029297,3.6973047256469727,3.8544960021972656,0.6708203554153442,0.023431699723005295,-0.0874621644616127,0.667830228805542,0.2485043853521347,0.7910193255020841,1,0.0,0.0718771807397069,103,0.466464102268219,1.0,0.6463932076794258,0.9948301329394387,79.93619537353516,1.0,0.6637527346611023,1.0,0.6637527346611023,1.0,5.41049516300518e-09,3.0266193107308936e-08,6.066993307740631e-08,1.0,0.4664640724658966,0.3046363592147827,100,0.6054542660713196,1.0000001192092896,1.0,1.0000001192092896,0.6953636407852173,1.0,1.1643860098331515e-08,1.0
GCN,265,1925,0,1,3,0.826586902141571,6.778221130371094,5.951634228229523,0.8017836213111877,0.033570628613233566,-0.033051230013370514,0.6640833020210266,0.048895448446273804,0.1466464569912846,0,0.0,0.055826936496859735,80,0.5554413199424744,1.0,0.6429926917623363,0.9948301329394387,79.66873931884766,1.0,0.6600977182388306,1.0,0.6600977182388306,1.0,3.2927225390722015e-09,2.7252127221544242e-09,5.980795947380102e-08,1.0,0.5554413199424744,0.30724287033081055,77,0.7755123376846313,1.0,1.0,1.0,0.6927571296691895,1.0,5.705538708156155e-09,1.0
GCN,265,1931,3,1,3,-3.1600842475891113,5.829174041748047,8.989258289337158,0.8017836213111877,0.02676834538578987,0.0,0.7359580397605896,0.04043320193886757,0.10837438423645321,0,0.0,0.05024424284717376,72,0.6174376606941223,1.0000001192092896,0.7090813856774709,1.0,88.17450714111328,1.0,0.7318040728569031,1.0,0.7318040728569031,1.0,5.0583763844258556e-09,4.971902001216222e-09,8.05247601931569e-09,1.0,0.6174377202987671,0.22991982102394104,67,0.8913059234619141,1.0,1.0,1.0,0.7700802087783813,1.0,0.0,1.0000001192092896
GCN,265,1932,3,1,3,-3.3377838134765625,5.127925872802734,8.465709686279297,0.8017836213111877,0.037597812712192535,0.0,0.6855431199073792,0.05951923877000809,0.19950738916256158,0,0.0,0.04256803907885555,61,0.5743858814239502,1.0,0.6633852253757091,0.9955686853766618,82.13263702392578,1.0,0.6814534068107605,1.0,0.6814534068107605,1.0,1.1917654418880375e-08,5.94516524898836e-09,6.0503438703563e-08,1.0,0.5743858814239502,0.2836148142814636,56,0.8701352477073669,0.9999999403953552,1.0,0.9999999403953552,0.7163851857185364,1.0,0.0,1.0
GCN,265,1936,3,1,5,-3.9813148975372314,3.1535658836364746,7.134880781173706,0.7071066498756409,0.024816513061523438,0.0,0.7302184700965881,0.037727441638708115,0.10837438423645321,0,0.0,0.05931612002791347,85,0.540213942527771,1.0,0.7045208110023266,0.9996307237813885,87.4463119506836,1.0,0.7261488437652588,1.0,0.7261488437652588,1.0,4.714461265820091e-09,4.685626109335317e-09,6.023088872098015e-08,1.0,0.5402138829231262,0.23602205514907837,80,0.7849721908569336,1.0,1.0,1.0,0.7639779448509216,1.0,0.0,1.0
GCN,265,1938,3,1,1,-3.540527820587158,3.9023749828338623,7.4429028034210205,0.9486831426620483,0.09287750720977783,0.0,0.5112608671188354,0.17967191338539124,0.6078059871163319,1,0.0,0.024424284717376135,35,0.49863389134407043,1.0,0.5047451104507814,0.9844903988183161,62.78717041015625,0.9903988183161004,0.5047948956489563,0.9985228951255539,0.5047948956489563,0.9985228951255539,0.0,2.9818689739613546e-08,5.963737947922709e-08,1.0,0.4986339211463928,0.474393755197525,30,0.9382820129394531,1.0000001192092896,1.0000001192092896,1.0,0.5256063938140869,1.0000001192092896,0.0,1.0
GCN,265,1942,3,1,3,-3.351097822189331,5.611135482788086,8.962233304977417,0.8017836213111877,0.03432358801364899,-0.0019282130524516106,0.6705015897750854,0.05401601642370224,0.18321333838575218,0,0.0,0.04954640614096301,71,0.5618840456008911,1.0,0.6482060260576752,0.9948301329394387,80.35064697265625,1.0,0.6662753820419312,1.0,0.6662753820419312,1.0,4.5625303535246076e-09,5.979352124541037e-08,6.020685816565674e-08,1.0,0.5618839859962463,0.299207478761673,68,0.8177613019943237,1.0,1.0,1.0,0.7007925510406494,1.0,0.0,1.0
GCN,265,1947,3,1,4,-5.398708820343018,1.9428887367248535,7.341597557067871,0.7499998807907104,0.028092721477150917,-0.0016484957886859775,0.7040062546730042,0.042085759341716766,0.10989010989010989,0,0.0,0.05373342637822749,77,0.5522225499153137,1.0,0.6805916177078756,0.9996307237813885,84.3227767944336,1.0,0.7002159357070923,1.0,0.7002159357070923,1.0,3.951266869250958e-09,5.974499828198532e-08,6.007049080380966e-08,1.0,0.5522226095199585,0.2637031376361847,73,0.7910047173500061,1.0000001192092896,1.0,1.0000001192092896,0.7362968921661377,1.0,2.3283064365386963e-10,1.0
GCN,265,1959,5,0,5,-5.528034687042236,-0.14573097229003906,5.382303714752197,0.7071066498756409,0.02964317612349987,-0.00038566882722079754,0.6560185551643372,0.04263479635119438,0.11045850701023115,0,0.0,0.0628053035589672,90,0.48487746715545654,1.0,0.636413875677444,0.9948301329394387,78.5051040649414,0.9996307237813885,0.6517449617385864,1.0,0.6517449617385864,1.0,8.132424511586578e-09,7.686938197082327e-09,1.584556308387164e-08,1.0,0.48487743735313416,0.31427961587905884,86,0.6671761274337769,1.0,1.0,1.0,0.6857203841209412,1.0,1.1641532182693481e-10,1.0
GCN,265,1961,5,1,3,-3.9725804328918457,3.1221957206726074,7.094776153564453,0.8017836213111877,0.03412124142050743,0.0,0.6424615979194641,0.04956274479627609,0.15289882531261842,0,0.0,0.05512909979064899,79,0.5383685231208801,1.0,0.623615734656209,0.9948301329394387,76.89739227294922,0.9996307237813885,0.6382337212562561,1.0,0.6382337212562561,1.0,6.51925802230835e-09,6.675380692655608e-09,1.2425692474948846e-08,1.0,0.5383685231208801,0.32853639125823975,74,0.7482297420501709,1.0,1.0,1.0,0.6714636087417603,1.0,0.0,1.0
GCN,265,1962,5,1,3,-3.2233755588531494,3.341055393218994,6.5644309520721436,0.8017836213111877,0.0409243181347847,0.0,0.6242304444313049,0.06777700781822205,0.2084122773777946,0,0.0,0.0418702023726448,60,0.522487223148346,1.0,0.6061521549510339,0.9944608567208272,74.8963851928711,0.9992614475627769,0.6197254657745361,0.9996307237813885,0.6197254657745361,0.9996307237813885,7.2738619572021435e-09,6.460788348761071e-09,1.2378733593720881e-08,1.0,0.522487223148346,0.3483438491821289,55,0.8289018869400024,1.0,1.0,1.0,0.6516561508178711,1.0,0.0,1.0
GCN,265,1969,4,1,3,-2.9373064041137695,4.749236583709717,7.686542987823486,0.8017836213111877,0.042418546974658966,0.0,0.6879824995994568,0.06331359595060349,0.2046229632436529,0,0.0,0.03838101884159107,55,0.576072096824646,1.0,0.6654024853645325,0.9966765140324964,82.46524047851562,1.0,0.6839699745178223,1.0,0.6839699745178223,1.0,9.148792834423602e-09,1.181945208372781e-08,6.297861432358332e-08,1.0,0.5760721564292908,0.28151172399520874,50,0.8233335018157959,1.0,1.0,1.0,0.7184882760047913,1.0,0.0,1.0
GCN,265,1972,6,1,3,-1.0825939178466797,3.8808298110961914,4.963423728942871,0.8017836213111877,0.03172735869884491,0.0,0.6658461689949036,0.04731215164065361,0.1330049261083744,0,0.0,0.05443126308443824,78,0.5582040548324585,1.0,0.6447541978351067,0.9948301329394387,79.76798248291016,1.0,0.6619117259979248,1.0,0.6619117259979248,1.0,2.0825006163960325e-09,5.964828631022101e-08,5.975032024707616e-08,1.0,0.5582040548324585,0.3037971258163452,73,0.7961041331291199,1.0,1.0,1.0,0.6962028741836548,1.0,0.0,1.0
GCN,265,1977,3,1,2,0.3163067102432251,5.692902565002441,5.376595854759216,0.8660253286361694,0.04147058352828026,0.0,0.6640259623527527,0.06661941856145859,0.2074649488442592,0,0.0,0.044661549197487785,64,0.6007774472236633,1.0,0.640102219688573,0.9948301329394387,79.47087860107422,1.0,0.6596598625183105,1.0,0.6596598625183105,1.0,3.3254867748411243e-09,3.811601700931533e-09,5.988187012917479e-08,1.0,0.6007774472236633,0.3062818944454193,59,0.9237966537475586,1.0,1.0,1.0,0.6937180757522583,1.0,0.0,1.0
GCN,265,1983,0,1,4,0.28722310066223145,6.599232196807861,6.31200909614563,0.7499998807907104,0.02255108952522278,-0.0013615968637168407,0.723411500453949,0.03577244281768799,0.10837438423645321,0,0.0,0.06559665038381018,94,0.5677756071090698,1.0,0.6980110692947291,0.9996307237813885,86.6281967163086,1.0,0.7194517850875854,1.0,0.7194517850875854,1.0,3.725290298461914e-09,3.725290298461914e-09,6.636645899504856e-09,1.0,0.5677756071090698,0.2429656684398651,90,0.8155556917190552,0.9999998807907104,1.0,0.9999998807907104,0.7570343017578125,1.0,0.0,1.0
GCN,265,1996,3,0,5,-8.268823623657227,-1.9310585260391235,6.337765097618103,0.7071066498756409,0.035515155643224716,-0.0013107628328725696,0.6776198744773865,0.05279500037431717,0.17904509283819628,0,0.0,0.04396371249127704,63,0.5004522800445557,1.0,0.6573043029062215,0.9955686853766618,80.98587799072266,1.0,0.6731738448143005,1.0,0.6731738448143005,1.0,1.1853801495931293e-08,9.867186179235432e-09,1.9717212751402258e-08,1.0,0.5004522800445557,0.2922535240650177,59,0.7122789621353149,1.0,1.0,1.0,0.7077465057373047,1.0,0.0,1.0
GCN,265,2004,3,1,4,-5.55851936340332,2.342949390411377,7.901468753814697,0.7499998807907104,0.029339483007788658,0.0,0.7204096913337708,0.04087122529745102,0.10894278135657447,0,0.0,0.04815073272854152,69,0.5651057362556458,1.0,0.6956073478727974,0.9996307237813885,86.21405029296875,1.0,0.7164672017097473,1.0,0.7164672017097473,1.0,8.212026614273782e-09,8.343008062183799e-09,1.4684180982271755e-08,1.0,0.5651057362556458,0.24652552604675293,64,0.7526723742485046,1.0,1.0,1.0,0.7534744739532471,1.0,0.0,1.0
GCN,265,2006,3,1,3,-6.274044036865234,1.7269518375396729,8.000995874404907,0.8017836213111877,0.043684832751750946,0.0,0.6361730694770813,0.06671363115310669,0.20765441455096628,0,0.0,0.03558967201674808,51,0.5323092937469482,0.9999999403953552,0.6170106948438797,0.9944608567208272,76.14653015136719,0.9992614475627769,0.6316325664520264,1.0,0.6316325664520264,1.0,8.381903171539307e-09,6.017174314365548e-08,6.158532528388605e-08,1.0,0.5323092937469482,0.33609360456466675,46,0.7789621353149414,1.0,1.0,1.0,0.6639063954353333,1.0,0.0,0.9999999403953552
GCN,265,2010,0,1,4,-0.0344771146774292,4.953294277191162,4.987771391868591,0.7499998807907104,0.028498560190200806,-0.0015158747555688024,0.69731205701828,0.044226955622434616,0.11405835543766578,0,0.0,0.0628053035589672,90,0.5469364523887634,1.0,0.6748826331074176,0.9992614475627769,83.48602294921875,1.0,0.6929814219474792,1.0,0.6929814219474792,1.0,2.0825006163960325e-09,5.966327876194555e-08,1.1930984555874602e-07,1.0,0.5469365119934082,0.2707512378692627,86,0.8116194605827332,1.0,1.0,1.0,0.7292487621307373,1.0,9.313225746154785e-10,1.0
GCN,265,2011,3,1,3,-1.673211693763733,6.0378217697143555,7.711033463478088,0.8017836213111877,0.028305912390351295,-0.0014741395134478807,0.7135633230209351,0.04220467060804367,0.10989010989010989,0,0.0,0.05512909979064899,79,0.5984888076782227,1.0,0.6875459699000382,0.9996307237813885,85.44771575927734,1.0,0.7097073197364807,1.0,0.7097073197364807,1.0,4.293184918680026e-09,5.974635541861062e-08,6.000162500185979e-08,1.0,0.5984887480735779,0.25355327129364014,76,0.8530471324920654,1.0,1.0,1.0,0.7464467287063599,1.0,3.29272248356105e-10,1.0
GCN,265,2014,3,1,2,0.5320038795471191,6.180338382720947,5.648334503173828,0.8660253286361694,0.04926475137472153,0.0,0.70405513048172,0.07884357869625092,0.21921182266009853,0,0.0,0.03558967201674808,51,0.6365686655044556,1.0,0.6809004122895993,0.9996307237813885,84.34690856933594,1.0,0.698944628238678,1.0,0.698944628238678,1.0,5.665014235489707e-09,5.684120285565086e-09,6.027433840927188e-08,1.0,0.6365686058998108,0.2649537920951843,46,0.9758145809173584,0.9999999403953552,1.0,0.9999999403953552,0.7350462079048157,1.0,0.0,1.0
GCN,265,2015,6,1,3,0.48403263092041016,5.35231876373291,4.8682861328125,0.8017836213111877,0.027811937034130096,0.0,0.7213069796562195,0.04218096286058426,0.10989010989010989,0,0.0,0.05373342637822749,77,0.6050688028335571,1.0,0.6955178204110725,0.9996307237813885,86.3691177368164,1.0,0.717306911945343,1.0,0.717306911945343,1.0,2.8515814154417285e-09,3.044655638717586e-09,5.124635382713905e-09,1.0,0.6050688028335571,0.24534659087657928,72,0.8771272897720337,1.0000001192092896,1.0000001192092896,1.0,0.7546535134315491,1.0000001192092896,0.0,1.0
GCN,265,2019,0,1,2,0.11433815956115723,5.046182155609131,4.931843996047974,0.8660253286361694,0.0535748191177845,-0.00037832200177945197,0.6640364527702332,0.088838592171669,0.23796892762410005,0,0.0,0.03628750872295883,52,0.5997143387794495,1.0,0.643485614039304,0.9948301329394387,79.5529556274414,1.0,0.6591655611991882,1.0,0.6591655611991882,1.0,7.997995155051285e-09,6.013524966874684e-08,1.1994994508768286e-07,1.0,0.5997143983840942,0.3075094223022461,48,0.9535938501358032,1.0,1.0,1.0,0.6924905776977539,1.0,2.3283064365386963e-10,1.0
GCN,265,2038,3,1,2,-2.036921739578247,5.61995267868042,7.656874418258667,0.8660253286361694,0.05329085513949394,-0.0023238013964146376,0.6132798194885254,0.09066134691238403,0.24820007578628267,0,0.0,0.03838101884159107,55,0.5533762574195862,1.0,0.5962185990164265,0.9944608567208272,73.5427474975586,0.9985228951255539,0.6085153818130493,0.9996307237813885,0.6085153818130493,0.9996307237813885,3.725290298461914e-09,3.875074039427773e-09,7.000370061405192e-09,1.0,0.5533761978149414,0.3610161542892456,51,0.9035636782646179,1.0,1.0,1.0,0.6389838457107544,1.0,4.656612873077393e-10,1.0
GCN,265,2043,4,1,2,-2.007782459259033,5.629185676574707,7.63696813583374,0.8660253286361694,0.05481059476733208,0.0,0.6213631629943848,0.09376835823059082,0.2737779461917393,0,0.0,0.03977669225401256,57,0.5607143044471741,1.0,0.6016094882993615,0.9944608567208272,74.28858184814453,0.9992614475627769,0.6163742542266846,0.9996307237813885,0.6163742542266846,0.9996307237813885,4.928095709288982e-09,5.981164719059961e-08,6.026058940733492e-08,1.0,0.5607143640518188,0.35254278779029846,52,0.9205934405326843,0.9999999403953552,1.0,0.9999999403953552,0.6474572420120239,1.0,0.0,1.0
GCN,265,2045,1,1,32,-2.2446320056915283,0.1955280303955078,2.440160036087036,0.35355332493782043,0.008514120243489742,-0.058172620832920074,0.6994787454605103,0.015352901071310043,0.10837438423645321,0,0.0,0.22609909281228194,324,0.25836387276649475,1.0,0.6744357037379369,0.9992614475627769,83.69190216064453,1.0,0.69538414478302,1.0,0.69538414478302,1.0,1.0743058886930612e-08,1.5050028778773594e-08,5.8259942647964635e-08,1.0,0.25836387276649475,0.2692364752292633,323,0.44594383239746094,0.9999999403953552,1.0,0.9999999403953552,0.7307635545730591,1.0,5.7528488639491115e-09,1.0
GCN,265,2051,0,1,3,1.241013526916504,5.917237281799316,4.6762237548828125,0.8017836213111877,0.03236551210284233,-0.0348549410700798,0.676047682762146,0.04762043058872223,0.13452065176203107,0,0.0,0.051639916259595256,74,0.5655664801597595,1.0,0.653666747975705,0.9951994091580503,80.9802017211914,1.0,0.6720601916313171,1.0,0.6720601916313171,1.0,4.928095709288982e-09,4.771608441700437e-09,6.020125908889895e-08,1.0,0.5655664801597595,0.2946145534515381,72,0.7975269556045532,0.9999998807907104,1.0,0.9999998807907104,0.7053854465484619,1.0,5.7102873540770815e-09,1.0
GCN,265,2054,0,1,9,3.4549615383148193,7.376580238342285,3.921618700027466,0.588348388671875,0.016404271125793457,-0.02381095662713051,0.7413758039474487,0.02292414754629135,0.10837438423645321,0,0.0,0.08234473133286811,118,0.4561488926410675,1.0,0.7127386897971633,1.0,88.72531127929688,1.0,0.7373092770576477,1.0,0.7373092770576477,1.0,7.583991212811725e-09,6.009511821503111e-08,1.203801787141856e-07,1.0,0.4561489522457123,0.2246958464384079,116,0.6095499396324158,0.9999998807907104,1.0,0.9999998807907104,0.7753041386604309,1.0,1.3981960034215035e-09,1.0
GCN,265,2055,0,1,4,1.469251036643982,7.369065284729004,5.899814248085022,0.7499998807907104,0.027869440615177155,-0.030555380508303642,0.7006334066390991,0.04208044707775116,0.10989010989010989,0,0.0,0.05931612002791347,85,0.5487388968467712,1.0,0.6766312385862041,0.9992614475627769,83.83707427978516,1.0,0.6965356469154358,1.0,0.6965356469154358,1.0,3.8399412538581146e-09,5.97685811953852e-08,1.1949009603995364e-07,1.0,0.548738956451416,0.26834797859191895,82,0.7934216856956482,1.0,1.0,1.0,0.731652021408081,1.0,1.945842953432475e-08,1.0
GCN,265,2058,5,1,3,-3.762230157852173,3.501626491546631,7.263856649398804,0.8017836213111877,0.05248594656586647,0.0,0.5715876221656799,0.07353469729423523,0.21295945433876468,0,0.0,0.039078855547801813,56,0.47687357664108276,1.0,0.5607730263069565,0.9926144756277696,68.42508697509766,0.9970457902511078,0.5665574669837952,0.9988921713441654,0.5665574669837952,0.9988921713441654,9.405896506109457e-09,6.03143703870046e-08,1.207686750603898e-07,1.0,0.4768735468387604,0.40523409843444824,51,0.6420801877975464,1.0,1.0,1.0,0.5947659015655518,1.0,0.0,1.0
GCN,265,2059,0,1,6,1.54410719871521,6.6411237716674805,5.0970165729522705,0.6708203554153442,0.024539891630411148,-0.04891100898385048,0.6663753390312195,0.03618767112493515,0.10837438423645321,0,0.0,0.07466852756454989,107,0.4662642180919647,1.0,0.6461391160898594,0.9948301329394387,79.78807067871094,1.0,0.6622931361198425,1.0,0.6622931361198425,1.0,8.945061580334368e-09,3.129992265371584e-08,6.30304839432938e-08,1.0,0.4662642478942871,0.3049342930316925,105,0.6266746520996094,1.0,1.0,1.0,0.6950657367706299,1.0,2.2819778067173502e-08,1.0
GCN,265,2071,2,1,8,0.7714363932609558,4.040464401245117,3.2690280079841614,0.6123723983764648,0.02076598070561886,-0.04088319092988968,0.6607142090797424,0.03274647891521454,0.10837438423645321,0,0.0,0.09909281228192603,142,0.4223516285419464,1.0,0.6395178508682994,0.9948301329394387,79.04027557373047,1.0,0.6566376090049744,1.0,0.6566376090049744,1.0,7.303611937459209e-09,8.982738108898047e-08,1.799859177253893e-07,1.0,0.4223517179489136,0.3103024959564209,139,0.6380304098129272,0.9999999403953552,1.0,0.9999999403953552,0.6896975040435791,1.0,1.5373876394164654e-08,1.0
GCN,265,2072,0,1,3,2.4725136756896973,7.825023651123047,5.35250997543335,0.8017836213111877,0.03359357640147209,-0.0007220983970910311,0.6971907019615173,0.05304943397641182,0.1816976127320955,0,0.0,0.045359385903698535,65,0.5844324827194214,1.0,0.6719468765846438,0.9988921713441654,83.49279022216797,1.0,0.6930855512619019,1.0,0.6930855512619019,1.0,2.9451006078318187e-09,3.0888476221235805e-09,5.3724731330362374e-09,1.0,0.5844325423240662,0.27108442783355713,62,0.88274085521698,1.0,1.0,1.0,0.7289155721664429,1.0,4.799926567322643e-10,1.0
GCN,265,2075,3,1,8,-3.4899990558624268,2.48476505279541,5.974764108657837,0.6123723983764648,0.019943196326494217,-0.0003307565348222852,0.6762470602989197,0.03295644000172615,0.10837438423645321,0,0.0,0.08583391486392185,123,0.43325144052505493,1.0,0.6544993983878685,0.9951994091580503,80.9333267211914,1.0,0.6722971796989441,1.0,0.6722971796989441,1.0,7.213993846733047e-09,6.003148911304379e-08,1.203455752829541e-07,1.0,0.4332515001296997,0.2925032377243042,119,0.6843314170837402,0.9999999403953552,1.0,0.9999999403953552,0.7074967622756958,1.0,1.1641532182693481e-10,1.0
GCN,265,2082,1,1,2,-2.028183937072754,4.949639320373535,6.977823257446289,0.8660253286361694,0.09021378308534622,0.0,0.6443931460380554,0.1493266075849533,0.5049261083743842,1,0.0,0.021632937892533146,31,0.5768483281135559,1.0,0.6236895651580049,0.9948301329394387,77.16185760498047,0.9996307237813885,0.637042224407196,1.0,0.637042224407196,1.0,8.119082295365843e-09,5.211455267328802e-09,6.022994369914159e-08,1.0,0.5768483281135559,0.33391284942626953,26,0.9237316250801086,1.0,1.0,1.0,0.6660871505737305,1.0,0.0,1.0
GCN,265,2087,1,1,2,-2.214679002761841,3.9060733318328857,6.120752334594727,0.8660253286361694,0.04726164788007736,0.0,0.6590536832809448,0.07373756170272827,0.21314892004547176,0,0.0,0.03838101884159107,55,0.5957821607589722,1.0000001192092896,0.6367067909287778,0.9948301329394387,78.94367218017578,0.9996307237813885,0.654829204082489,1.0,0.654829204082489,1.0,4.656612873077393e-10,4.355862337490635e-09,7.0992025591465335e-09,1.0,0.5957822203636169,0.31204989552497864,50,0.8904945254325867,1.0,1.0,1.0,0.6879501342773438,1.0,0.0,1.0000001192092896
GCN,265,2096,1,1,6,-1.7575771808624268,3.233663558959961,4.991240739822388,0.6708203554153442,0.022502277046442032,-0.0010634245118126273,0.6530470848083496,0.03530660644173622,0.10837438423645321,0,0.0,0.0851360781577111,122,0.45822998881340027,1.0,0.6319386134967383,0.9948301329394387,78.1397476196289,0.9996307237813885,0.6489487886428833,1.0,0.6489487886428833,1.0,5.83471937432023e-09,3.026440253961482e-08,1.1975690483723156e-07,1.0,0.45823001861572266,0.3169110119342804,119,0.6539239883422852,1.0,1.0,1.0,0.683089017868042,1.0,0.0,1.0
GCN,265,2105,5,1,2,0.18007469177246094,6.348526954650879,6.168452262878418,0.8660253286361694,0.04772282764315605,-0.004538922570645809,0.6071498990058899,0.08245046436786652,0.22300113679424025,0,0.0,0.041172365666434056,59,0.5482527613639832,1.0,0.5888722990456271,0.9944608567208272,72.70674896240234,0.9977843426883308,0.6027031540870667,0.9996307237813885,0.6027031540870667,0.9996307237813885,5.665014235489707e-09,6.003961772194089e-08,6.102798977281054e-08,1.0,0.5482528209686279,0.36693209409713745,56,0.8515893816947937,1.0000001192092896,1.0,1.0000001192092896,0.6330679059028625,1.0,9.313225746154785e-10,1.0
GCN,265,2107,1,1,4,-1.1675087213516235,4.769240856170654,5.936749577522278,0.7499998807907104,0.0266443882137537,-0.000587527989409864,0.6941627860069275,0.03987551108002663,0.10837438423645321,0,0.0,0.0642009769713887,92,0.5445905327796936,1.0000001192092896,0.6693415449813099,0.9985228951255539,83.0739974975586,1.0,0.6898626089096069,1.0,0.6898626089096069,1.0,4.5625303535246076e-09,5.968826144453487e-08,1.1936238308862812e-07,1.0,0.5445906519889832,0.2738790214061737,88,0.77915358543396,0.9999999403953552,1.0,0.9999999403953552,0.7261209487915039,1.0,4.656612873077393e-10,1.0000001192092896
GCN,265,2113,2,1,6,-2.438882350921631,4.163544654846191,6.602427005767822,0.6708203554153442,0.02168797142803669,-0.034608129411935806,0.728707492351532,0.031050126999616623,0.10837438423645321,0,0.0,0.06978367062107467,100,0.510733425617218,1.0,0.7021163699662354,0.9996307237813885,87.19844055175781,1.0,0.7244917154312134,1.0,0.7244917154312134,1.0,7.406796065367871e-09,5.992573903768061e-08,1.1982544378952298e-07,1.0,0.5107334852218628,0.23864345252513885,96,0.6998482942581177,0.9999999403953552,1.0,0.9999999403953552,0.7613565325737,1.0,2.852175384759903e-08,1.0
GCN,265,2120,4,1,5,-2.24041748046875,4.462442398071289,6.702859878540039,0.7071066498756409,0.03176763281226158,0.0,0.6574836373329163,0.0575861819088459,0.19552860932171276,0,0.0,0.06699232379623168,96,0.4858294725418091,1.0,0.6363147553877075,0.9948301329394387,78.80960083007812,0.9996307237813885,0.6534369587898254,1.0,0.6534369587898254,1.0,7.362751297534942e-09,6.071480207481272e-09,1.249303505090893e-08,1.0,0.4858294427394867,0.3129332661628723,91,0.8427587151527405,0.9999999403953552,1.0,0.9999999403953552,0.6870667338371277,1.0,0.0,1.0
GCN,265,2122,4,1,10,-3.9409008026123047,1.0065035820007324,4.947404384613037,0.5669466257095337,0.015233488753437996,-0.05392275005578995,0.6763394474983215,0.2235894352197647,0.7383478590375142,1,0.0,0.12630844382414516,181,0.4004635512828827,1.0,0.6546144312685955,0.9951994091580503,80.9486312866211,1.0,0.6725426316261292,1.0,0.6725426316261292,1.0,5.8993974150212125e-09,5.621787479981322e-09,1.4003162185360907e-08,1.0,0.4004635512828827,0.2936485707759857,178,0.5070579648017883,0.9999999403953552,1.0,0.9999999403953552,0.7063513994216919,1.0,1.921417158712302e-08,1.0
GCN,265,2130,4,0,12,-4.544017314910889,-0.49246835708618164,4.051548957824707,0.5303300619125366,0.021718842908740044,0.0,0.620857298374176,0.02898317761719227,0.10837438423645321,0,0.0,0.0928122819260293,133,0.3441290557384491,1.0,0.6038178856714812,0.9944608567208272,74.27024841308594,0.9992614475627769,0.6168307662010193,0.9996307237813885,0.6168307662010193,0.9996307237813885,1.1655493459272748e-08,1.1844651481851542e-08,6.888228654133854e-08,1.0,0.3441290557384491,0.3511040210723877,128,0.43938714265823364,1.0,1.0,1.0,0.6488959789276123,1.0,0.0,1.0
GCN,265,2131,0,1,3,1.9207866191864014,7.237617492675781,5.31683087348938,0.8017836213111877,0.034073006361722946,-0.005518906284123659,0.6934231519699097,0.05937013775110245,0.19950738916256158,0,0.0,0.046057222609909285,66,0.5810605883598328,1.0,0.6674946446507537,0.9977843426883308,82.99285125732422,1.0,0.6888708472251892,1.0,0.6888708472251892,1.0,4.165001232792065e-09,5.972140115773072e-08,1.1938337252104247e-07,1.0,0.5810606479644775,0.27528995275497437,63,0.8642656803131104,1.0,1.0,1.0,0.7247100472450256,1.0,1.1641532182693481e-10,1.0
GCN,265,2139,3,1,4,-6.091665744781494,0.37526679039001465,6.466932535171509,0.7499998807907104,0.0377153716981411,0.0,0.6683136224746704,0.06196627765893936,0.20291777188328913,0,0.0,0.0418702023726448,60,0.5235266089439392,1.0,0.6486349609486447,0.9948301329394387,80.09132385253906,1.0,0.6644287109375,1.0,0.6644287109375,1.0,9.656157651249941e-09,3.1669248556909224e-08,6.302913391209586e-08,1.0,0.523526668548584,0.30196434259414673,55,0.8235283493995667,0.9999999403953552,1.0,0.9999999403953552,0.6980356574058533,1.0,0.0,1.0
GCN,265,2141,3,0,4,-7.02017879486084,-0.24222421646118164,6.777954578399658,0.7499998807907104,0.04076368361711502,0.0,0.6331252455711365,0.06960523128509521,0.21030693444486548,0,0.0,0.046057222609909285,66,0.4955355226993561,1.0,0.6156327668295506,0.9944608567208272,75.78048706054688,0.9992614475627769,0.6289123892784119,1.0,0.6289123892784119,1.0,1.0760706103951634e-08,1.1399194477235142e-08,2.300336099381184e-08,1.0,0.4955355226993561,0.33928585052490234,61,0.810810387134552,1.0,1.0,1.0,0.6607141494750977,1.0,0.0,1.0
GCN,265,2153,4,1,3,0.34010088443756104,6.334216117858887,5.994115233421326,0.8017836213111877,0.034706272184848785,0.0,0.7333764433860779,0.05079320818185806,0.16331943918150815,0,0.0,0.03698534542916958,53,0.6148321032524109,1.0,0.7057683424733172,0.9996307237813885,87.76920318603516,1.0,0.7291587591171265,1.0,0.7291587591171265,1.0,3.8680729730344865e-09,4.005769937975856e-09,6.537729024813643e-09,1.0,0.6148321032524109,0.2331695407629013,48,0.8605613708496094,1.0,1.0,1.0,0.7668304443359375,1.0,0.0,1.0
GCN,265,2156,0,1,4,0.7973387241363525,5.33894681930542,4.541608095169067,0.7499998807907104,0.028042687103152275,0.0,0.6916533708572388,0.043928731232881546,0.11405835543766578,0,0.0,0.05931612002791347,85,0.5425556898117065,1.0,0.6673273944927105,0.9977843426883308,82.76228332519531,1.0,0.6876645088195801,1.0,0.6876645088195801,1.0,6.691602827402221e-09,5.985151574350311e-08,1.1963761892275215e-07,1.0,0.5425557494163513,0.2765922546386719,80,0.8126036524772644,0.9999998807907104,1.0,0.9999998807907104,0.7234077453613281,1.0,0.0,1.0
GCN,265,2157,6,1,5,-2.390146017074585,1.5049080848693848,3.8950541019439697,0.7071066498756409,0.02939080260694027,-0.0004764020268339664,0.6241446137428284,0.04505806416273117,0.11860553239863585,0,0.0,0.06838799720865317,98,0.46123403310775757,1.0,0.6080089075242232,0.9944608567208272,74.90924835205078,0.9992614475627769,0.6204145550727844,0.9996307237813885,0.6204145550727844,0.9996307237813885,7.508562660518692e-09,7.823247827332125e-09,1.6984689210630677e-08,1.0,0.46123403310775757,0.34771642088890076,94,0.6765987873077393,1.0,1.0,1.0,0.6522835493087769,1.0,0.0,1.0
GCN,265,2158,6,1,1,-1.9467321634292603,3.160583972930908,5.1073161363601685,0.9486831426620483,0.07506507635116577,0.0,0.5517304539680481,0.13614150881767273,0.43709738537324744,1,0.0,0.02930914166085136,42,0.5425822734832764,1.0,0.5398985419505046,0.9889217134416544,67.35791015625,0.9966765140324964,0.5474606156349182,0.9988921713441654,0.5474606156349182,0.9988921713441654,9.900094966042161e-09,9.913774690062382e-09,1.8284321612327403e-08,1.0,0.5425822734832764,0.42806798219680786,37,0.9492940902709961,0.9999999403953552,1.0,0.9999999403953552,0.5719320178031921,1.0,0.0,1.0
GCN,265,2160,6,1,8,-2.4658751487731934,0.9586707949638367,3.42454594373703,0.6123723983764648,0.02421741932630539,-0.09235429763793945,0.6407374143600464,0.03343784809112549,0.10837438423645321,0,0.0,0.08304256803907886,119,0.40786534547805786,1.0,0.620598937809853,0.9944608567208272,76.74584197998047,0.9996307237813885,0.636580765247345,1.0,0.636580765247345,1.0,1.1195256277574117e-08,6.051043754951024e-08,1.2191844689368736e-07,1.0,0.40786540508270264,0.33395856618881226,115,0.5417589545249939,1.0,1.0,1.0,0.6660414338111877,1.0,1.30385160446167e-08,1.0
GCN,265,2164,6,1,3,-2.6075439453125,1.882750391960144,4.490294337272644,0.8017836213111877,0.03696797415614128,0.0,0.6418853402137756,0.056261904537677765,0.19306555513452064,0,0.0,0.04884856943475227,70,0.5376770496368408,1.0000001192092896,0.6219093677474613,0.9944608567208272,76.96009826660156,0.9996307237813885,0.6379755139350891,1.0,0.6379755139350891,1.0,4.368290174028289e-09,5.9774478700092e-08,6.018822062969775e-08,1.0,0.5376771092414856,0.3293987512588501,65,0.783255398273468,0.9999999403953552,1.0,0.9999999403953552,0.6706012487411499,1.0,0.0,1.0000001192092896
GCN,265,2165,6,1,3,-0.8996700048446655,4.515717506408691,5.415387511253357,0.8017836213111877,0.030789893120527267,0.0,0.7040066123008728,0.04720000922679901,0.1330049261083744,0,0.0,0.05024424284717376,72,0.590360164642334,1.0,0.6780753253726286,0.9992614475627769,84.23890686035156,1.0,0.6995564699172974,1.0,0.6995564699172974,1.0,4.242376228091871e-09,4.6391175345661395e-09,7.848211858174636e-09,1.0,0.590360164642334,0.2636914551258087,67,0.8653022050857544,1.0000001192092896,1.0,1.0000001192092896,0.7363085746765137,1.0,0.0,1.0
GCN,265,2166,5,1,2,-2.991405963897705,2.734361171722412,5.725767135620117,0.8660253286361694,0.08365887403488159,0.0,0.6291208863258362,0.14740429818630219,0.4971580143993937,1,0.0,0.034193998604326585,49,0.5639152526855469,1.0,0.6109309993700494,0.9944608567208272,75.39860534667969,0.9992614475627769,0.6244133114814758,1.0,0.6244133114814758,1.0,1.4725503039159094e-09,1.4908435597149605e-09,2.652492003818452e-09,1.0,0.5639152526855469,0.3488466739654541,44,0.959981381893158,1.0,1.0,1.0,0.6511533260345459,1.0,0.0,1.0
GCN,265,2172,0,1,5,3.1983721256256104,8.335542678833008,5.1371705532073975,0.7071066498756409,0.03074590116739273,-0.00020971753110643476,0.7096049785614014,0.0450965091586113,0.11860553239863585,0,0.0,0.05373342637822749,77,0.5245771408081055,1.0,0.6811284324250078,0.9996307237813885,84.90989685058594,1.0,0.7049519419670105,1.0,0.7049519419670105,1.0,1.0328866650866075e-08,9.992747962428439e-09,6.257494078454329e-08,1.0,0.5245771408081055,0.25813573598861694,73,0.7359651327133179,0.9999999403953552,1.0,0.9999999403953552,0.7418642640113831,1.0,1.1641532182693481e-10,1.0
GCN,265,2177,3,1,4,0.5046675205230713,4.185854911804199,3.681187391281128,0.7499998807907104,0.060897283256053925,0.0,0.6626194715499878,0.11562666296958923,0.38992042440318303,1,0.0,0.05443126308443824,78,0.5166188478469849,1.0,0.6367572468546316,0.9948301329394387,78.83245086669922,0.9996307237813885,0.6553043723106384,1.0,0.6553043723106384,1.0,8.33000246558413e-09,8.188888678262174e-09,1.5860019075830678e-08,1.0,0.5166188478469849,0.3111747205257416,73,0.9435946941375732,1.0,1.0,1.0,0.688825249671936,1.0,0.0,1.0
GCN,265,2181,0,1,8,4.144837856292725,8.253572463989258,4.108734607696533,0.6123723983764648,0.027886126190423965,-0.0003536056901793927,0.697131335735321,0.02149634063243866,0.10837438423645321,0,0.0,0.07606420097697139,109,0.44619202613830566,1.0,0.6701297715466727,0.9985228951255539,83.3832778930664,1.0,0.6922907829284668,1.0,0.6922907829284668,1.0,1.2466770726859977e-08,1.2471118360224409e-08,2.7927379520065188e-08,1.0,0.44619202613830566,0.27137142419815063,105,0.3290838301181793,1.0000001192092896,1.0,1.0000001192092896,0.7286285758018494,1.0,4.656612873077393e-10,1.0
GCN,265,2189,0,1,6,1.229955792427063,5.472824573516846,4.242868781089783,0.6708203554153442,0.02135578542947769,-0.0011345803504809737,0.6965550184249878,0.0301230289041996,0.10837438423645321,0,0.0,0.0732728541521284,105,0.48889461159706116,1.0,0.6713370231962971,0.9988921713441654,83.37681579589844,1.0,0.6924794316291809,1.0,0.6924794316291809,1.0,7.092741505232425e-09,7.66575247723722e-09,1.5673407460781164e-08,1.0,0.48889464139938354,0.2711988687515259,102,0.6252293586730957,1.0,1.0,1.0,0.7288011312484741,1.0,2.3283064365386963e-10,1.0
GCN,265,2195,0,1,4,-0.39747172594070435,3.977738380432129,4.375210106372833,0.7499998807907104,0.03672810643911362,-0.0003529390669427812,0.6215255856513977,0.05381046608090401,0.18226600985221675,0,0.0,0.052337752965806,75,0.48672768473625183,1.0,0.603633140801353,0.9944608567208272,74.38343048095703,0.9992614475627769,0.6176040768623352,0.9996307237813885,0.6176040768623352,0.9996307237813885,6.585445078144403e-09,3.0475920453909566e-08,6.102416705289215e-08,1.0,0.48672765493392944,0.3510296940803528,71,0.6829491853713989,1.0,1.0,1.0,0.6489703059196472,1.0,0.0,1.0
GCN,265,2198,0,1,5,2.4497432708740234,7.304056644439697,4.854313373565674,0.7071066498756409,0.023195473477244377,-0.02964271605014801,0.713402509689331,0.03556094318628311,0.10837438423645321,0,0.0,0.06908583391486392,99,0.5271055698394775,1.0,0.6882782779070868,0.9996307237813885,85.38590240478516,1.0,0.7094895839691162,1.0,0.7094895839691162,1.0,6.397548713010792e-09,6.48173070771918e-09,1.2316257347322335e-08,1.0,0.5271055698394775,0.2545599937438965,97,0.773374080657959,1.0,1.0,1.0,0.7454400062561035,1.0,1.5156362831447723e-09,1.0
GCN,265,2212,3,1,4,-2.7511396408081055,4.4620041847229,7.213143825531006,0.7499998807907104,0.032489582896232605,-0.0004466187674552202,0.652293860912323,0.05175642669200897,0.1724137931034483,0,0.0,0.056524773203070484,81,0.5112836956977844,1.0,0.6307204007821404,0.9948301329394387,78.0335464477539,0.9996307237813885,0.6481156945228577,1.0,0.6481156945228577,1.0,6.142494068939186e-09,7.555345682419556e-09,1.4789052649177847e-08,1.0,0.5112836956977844,0.31828832626342773,77,0.7793357372283936,1.0,1.0,1.0,0.6817116737365723,1.0,2.3283064365386963e-10,1.0
GCN,265,2215,3,1,4,-3.141753673553467,4.738292694091797,7.880046367645264,0.7499998807907104,0.031249022111296654,-0.000463793461676687,0.6713430881500244,0.0500589944422245,0.15687760515346721,0,0.0,0.055826936496859735,80,0.526362955570221,1.0000001192092896,0.6493217230521907,0.9948301329394387,80.30718231201172,1.0,0.6676769256591797,1.0,0.6676769256591797,1.0,4.318365220967735e-09,5.975588379669716e-08,1.1948695544106158e-07,1.0,0.5263630747795105,0.29818251729011536,76,0.8065873384475708,1.0,1.0,1.0,0.701817512512207,1.0,0.0,1.0000001192092896
GCN,265,2218,1,1,2,-1.1489909887313843,4.561886310577393,5.710877299308777,0.8660253286361694,0.10057755559682846,0.0,0.5440669059753418,0.19697073101997375,0.6663508904888216,1,0.0,0.027913468248429867,40,0.4821544289588928,1.0,0.5257540725553902,0.9863367799113737,64.73636627197266,0.9933530280649926,0.5346575975418091,0.9988921713441654,0.5346575975418091,0.9988921713441654,1.1019557710767458e-08,9.740004358604892e-09,2.019210221249068e-08,1.0,0.4821544289588928,0.4432559609413147,35,0.922748863697052,1.0,1.0,1.0,0.5567440390586853,1.0,0.0,1.0
GCN,265,2224,4,1,8,-2.6695382595062256,2.8502769470214844,5.51981520652771,0.6123723983764648,0.01864817552268505,-0.12247271835803986,0.6798023581504822,0.25581905245780945,0.8056081849185297,1,0.0,0.08932309839497557,128,0.43321874737739563,1.0,0.6583711539844751,0.9955686853766618,81.37567138671875,1.0,0.6758143901824951,1.0,0.6758143901824951,1.0,8.598987299990313e-09,3.0988349664085035e-08,6.273940300616232e-08,1.0,0.433218777179718,0.29255664348602295,125,0.4852263331413269,0.9999999403953552,1.0,0.9999999403953552,0.707443356513977,1.0,2.4308233204095586e-09,1.0
GCN,265,2228,6,1,6,-1.2752153873443604,2.8692517280578613,4.144467115402222,0.6708203554153442,0.02134540118277073,0.0,0.7055608034133911,0.028324542567133904,0.10837438423645321,0,0.0,0.0718771807397069,103,0.49525484442710876,1.0,0.6810777192615053,0.9996307237813885,84.47515869140625,1.0,0.7017523050308228,1.0,0.7017523050308228,1.0,5.587935447692871e-09,5.98863749701195e-08,1.1978356440067728e-07,1.0,0.49525490403175354,0.2617175281047821,98,0.6280573010444641,1.0,1.0,1.0,0.7382824420928955,1.0,0.0,1.0
GCN,265,2229,3,1,3,-2.8125438690185547,4.1351094245910645,6.947653293609619,0.8017836213111877,0.04354128986597061,0.0,0.6025219559669495,0.06926332414150238,0.20954907161803712,0,0.0,0.04815073272854152,69,0.503951907157898,1.0,0.5872714308217901,0.9940915805022157,72.22584533691406,0.9977843426883308,0.5985392928123474,0.9996307237813885,0.5985392928123474,0.9996307237813885,5.7410578513383825e-09,5.529421365224607e-09,1.0972740049908225e-08,1.0,0.5039518475532532,0.37146151065826416,64,0.7684792280197144,1.0,1.0,1.0,0.6285384893417358,1.0,0.0,1.0
GCN,265,2231,0,1,2,-1.6681649684906006,6.23786735534668,7.90603232383728,0.8660253286361694,0.04434539005160332,-0.00032821137574501336,0.6237822771072388,0.06930402666330338,0.20954907161803712,0,0.0,0.04256803907885555,61,0.5639152526855469,1.0,0.606885937318155,0.9944608567208272,74.89303588867188,0.9992614475627769,0.6200214624404907,0.9996307237813885,0.6200214624404907,0.9996307237813885,5.853271645150926e-09,6.910796379600015e-09,1.225691814710217e-08,1.0,0.5639152526855469,0.3488466739654541,57,0.8442549705505371,0.9999999403953552,1.0,0.9999999403953552,0.6511533260345459,1.0,0.0,1.0
GCN,265,2232,0,1,3,2.6551105976104736,8.059440612792969,5.404330015182495,0.8017836213111877,0.03898737207055092,-0.0002694112481549382,0.6644518971443176,0.06273855268955231,0.20367563471011746,0,0.0,0.04256803907885555,61,0.5565142035484314,1.0,0.63917372465485,0.9948301329394387,79.5200424194336,1.0,0.6602847576141357,1.0,0.6602847576141357,1.0,6.177695244247161e-09,7.292469739184071e-09,1.3112506636048238e-08,1.0,0.5565142035484314,0.30590471625328064,57,0.8572969436645508,1.0,1.0,1.0,0.694095253944397,1.0,1.1641532182693481e-10,1.0
GCN,265,2235,5,1,3,-4.893877983093262,1.991827368736267,6.885705351829529,0.8017836213111877,0.04306357726454735,-0.15645255148410797,0.6139841675758362,0.30818259716033936,0.8870784388025768,1,0.0,0.04675505931612003,67,0.506652295589447,1.0000001192092896,0.5872537705652394,0.9940915805022157,73.48064422607422,0.9985228951255539,0.6093563437461853,0.9996307237813885,0.6093563437461853,0.9996307237813885,7.258941003840391e-09,3.0731882816326106e-08,6.141901565115404e-08,1.0,0.5066523551940918,0.36809343099594116,64,0.7160329818725586,0.9999999403953552,1.0,0.9999999403953552,0.6319065690040588,1.0,6.51925802230835e-09,1.0000001192092896
GCN,265,2249,4,1,6,-3.9048094749450684,2.7899765968322754,6.694786071777344,0.6708203554153442,0.019440261647105217,0.0,0.7410994172096252,0.029128093272447586,0.10837438423645321,0,0.0,0.0718771807397069,103,0.5203320384025574,1.0,0.7148822711508762,1.0,88.71916961669922,1.0,0.7372403740882874,1.0,0.7372403740882874,1.0,4.242376228091871e-09,3.018638139451468e-08,6.031439170328667e-08,1.0,0.5203320384025574,0.2243346869945526,98,0.7448909282684326,1.0,1.0,1.0,0.775665283203125,1.0,0.0,1.0
GCN,265,2264,4,1,1,-0.09435880184173584,6.486860275268555,6.5812190771102905,0.9486831426620483,0.07057054340839386,0.0,0.5273034572601318,0.1278984099626541,0.41398256915498294,1,0.0,0.03210048848569435,46,0.5187366008758545,1.0,0.5176035748828502,0.9859675036927622,63.61211395263672,0.9918759231905465,0.5225892663002014,0.9985228951255539,0.5225892663002014,0.9985228951255539,0.0,5.960509952274151e-08,1.1921019904548302e-07,1.0,0.5187365412712097,0.4532034993171692,41,0.9066163301467896,1.0,0.9999999403953552,1.0000001192092896,0.546796441078186,0.9999999403953552,0.0,1.0
GCN,265,2274,0,1,3,-0.6923782825469971,4.397350311279297,5.089728593826294,0.8017836213111877,0.03593374043703079,0.0,0.7020246982574463,0.057608094066381454,0.19552860932171276,0,0.0,0.041172365666434056,59,0.5883733630180359,1.0,0.6764912266003766,0.9992614475627769,83.96700286865234,1.0,0.6976535320281982,1.0,0.6976535320281982,1.0,3.357931266378955e-09,5.972866290449019e-08,5.99098370912543e-08,1.0,0.5883733034133911,0.2661694288253784,54,0.902382493019104,1.0,1.0,1.0,0.7338305711746216,1.0,0.0,1.0
GCN,265,2279,2,1,3,-4.9807448387146,4.038767337799072,9.019512176513672,0.8017836213111877,0.0312647819519043,-0.0010649715550243855,0.669358491897583,0.04723161458969116,0.1330049261083744,0,0.0,0.05722260990928123,82,0.5611526370048523,1.0,0.6467055204687625,0.9948301329394387,80.1015396118164,1.0,0.665375828742981,1.0,0.665375828742981,1.0,5.101064015633483e-09,5.894801091699264e-09,1.0518501625256249e-08,1.0,0.5611526370048523,0.30011966824531555,78,0.7846745848655701,1.0,1.0,1.0,0.6998803615570068,1.0,0.0,1.0
GCN,265,2288,5,1,3,-1.6564847230911255,3.8961000442504883,5.552584767341614,0.8017836213111877,0.040046680718660355,0.0,0.6324172616004944,0.059780851006507874,0.19969685486926866,0,0.0,0.04396371249127704,63,0.5294591188430786,1.0,0.614168193932562,0.9944608567208272,75.6766586303711,0.9992614475627769,0.6277860999107361,1.0,0.6277860999107361,1.0,7.031331072937519e-09,4.77728523406995e-09,9.050212135264246e-09,1.0,0.5294591188430786,0.3396483361721039,58,0.7569312453269958,1.0,1.0,1.0,0.6603516340255737,1.0,0.0,1.0
GCN,265,2293,0,1,3,-0.4386911988258362,4.75053596496582,5.1892271637916565,0.8017836213111877,0.03955579921603203,0.0,0.6671267151832581,0.05547104775905609,0.19060250094732853,0,0.0,0.03977669225401256,57,0.5587338209152222,1.0,0.6443350290949426,0.9948301329394387,79.82756805419922,1.0,0.6630043387413025,1.0,0.6630043387413025,1.0,6.177695244247161e-09,6.2475016271434924e-09,6.065007340794182e-08,1.0,0.5587338209152222,0.30313640832901,52,0.7501043677330017,1.0,1.0,1.0,0.69686359167099,1.0,0.0,1.0
GCN,265,2297,4,1,3,-3.624246835708618,3.1320478916168213,6.7562947273254395,0.8017836213111877,0.05695796385407448,0.0,0.5722532868385315,0.05970877408981323,0.19950738916256158,0,0.0,0.03977669225401256,57,0.47687360644340515,1.0,0.5582761328372204,0.9918759231905465,68.6005630493164,0.9970457902511078,0.5669757723808289,0.9988921713441654,0.5669757723808289,0.9988921713441654,7.092741505232425e-09,3.130771375481345e-08,6.290648713047631e-08,1.0,0.47687360644340515,0.40523403882980347,52,0.48098236322402954,1.0,1.0,1.0,0.5947659611701965,1.0,0.0,1.0
GCN,265,2299,4,1,2,-2.7659316062927246,4.85448694229126,7.620418548583984,0.8660253286361694,0.04767318069934845,0.0,0.6097943782806396,0.07977907359600067,0.22034861690034105,0,0.0,0.04326587578506629,62,0.5508931875228882,1.0,0.5925400351426403,0.9944608567208272,73.31103515625,0.9985228951255539,0.6056258678436279,0.9996307237813885,0.6056258678436279,0.9996307237813885,6.7801306791182014e-09,6.6182903601941234e-09,6.081474879238158e-08,1.0,0.5508931875228882,0.3638833165168762,57,0.8837489485740662,1.0,1.0,1.0,0.6361166834831238,1.0,0.0,1.0
GCN,265,2302,3,1,2,-2.207751750946045,6.654394626617432,8.862146377563477,0.8660253286361694,0.03836897388100624,0.0,0.6966637372970581,0.060850102454423904,0.20121258052292534,0,0.0,0.0418702023726448,60,0.6306725740432739,1.0,0.6730237721060828,0.9988921713441654,83.37431335449219,1.0,0.6925084590911865,1.0,0.6925084590911865,1.0,3.8399412538581146e-09,5.973728178787496e-08,5.993663165781982e-08,1.0,0.6306726336479187,0.2717618942260742,55,0.9568302631378174,1.0,1.0,1.0,0.7282381057739258,1.0,0.0,1.0
GCN,265,2310,3,1,2,-0.4729492664337158,4.243968963623047,4.716918230056763,0.8660253286361694,0.05637802183628082,-0.053963202983140945,0.5999303460121155,0.09555041790008545,0.2847669571807503,0,0.0,0.034891835310537335,50,0.5378130078315735,1.0000001192092896,0.5793910726151142,0.9940915805022157,71.9233169555664,0.9977843426883308,0.59490966796875,0.9996307237813885,0.59490966796875,0.9996307237813885,8.786079419564885e-09,6.016228581984251e-08,1.201738655254303e-07,1.0,0.537813127040863,0.3789868652820587,46,0.8805503249168396,1.0,1.0,1.0,0.6210131645202637,1.0,2.0954757928848267e-08,1.0000001192092896
GCN,265,2316,3,1,1,-3.068148136138916,3.8129777908325195,6.8811259269714355,0.9486831426620483,0.08433899283409119,0.0,0.5673407316207886,0.15432630479335785,0.5303145130731337,1,0.0,0.020237264480111653,29,0.5567970275878906,1.0,0.5543682899198028,0.990029542097489,67.86262512207031,0.9966765140324964,0.5613357424736023,0.9988921713441654,0.5613357424736023,0.9988921713441654,1.2633074142343048e-08,1.3220188499474261e-08,6.416746600734768e-08,1.0,0.5567970871925354,0.4130842685699463,24,0.9848650693893433,1.0,1.0,1.0,0.5869157314300537,1.0,0.0,1.0
GCN,265,2318,1,1,2,-0.892973780632019,6.422191619873047,7.315165400505066,0.8660253286361694,0.04087688401341438,0.0,0.643297016620636,0.06312789022922516,0.2046229632436529,0,0.0,0.04326587578506629,62,0.5819693803787231,1.0,0.6233094717327239,0.9944608567208272,77.0782699584961,0.9996307237813885,0.6389715671539307,1.0,0.6389715671539307,1.0,5.8161075955354136e-09,6.004683683613621e-08,6.090845516837362e-08,1.0,0.5819693803787231,0.3279995620250702,57,0.8603706955909729,0.9999999403953552,1.0,0.9999999403953552,0.6720004081726074,1.0,0.0,1.0
GCN,265,2320,3,1,2,-0.602666974067688,6.6711015701293945,7.2737685441970825,0.8660253286361694,0.0470731146633625,0.0,0.6580640077590942,0.07686232030391693,0.21674876847290642,0,0.0,0.03698534542916958,53,0.5948978066444397,1.0,0.6375697948545934,0.9948301329394387,78.89787292480469,0.9996307237813885,0.6533907651901245,1.0,0.6533907651901245,1.0,5.7410578513383825e-09,5.288895543742456e-09,8.925381322910653e-09,1.0,0.5948978066444397,0.3130711317062378,48,0.9305490255355835,1.0,1.0,1.0,0.6869288682937622,1.0,0.0,1.0
GCN,265,2321,0,1,2,1.395577073097229,7.136866092681885,5.741289019584656,0.8660253286361694,0.04849979281425476,-0.0006702980608679354,0.6339133977890015,0.07933320850133896,0.22034861690034105,0,0.0,0.03768318213538032,54,0.5727478265762329,1.0,0.6130632146566128,0.9944608567208272,75.89459991455078,0.9992614475627769,0.6293364763259888,1.0,0.6293364763259888,1.0,5.509778855383729e-09,4.906046235930717e-09,8.52343884361062e-09,1.0,0.5727478265762329,0.338647723197937,50,0.897998571395874,1.0000001192092896,1.0,1.0000001192092896,0.661352276802063,1.0,0.0,1.0
GCN,265,2330,0,1,3,0.656802237033844,6.397687911987305,5.740885674953461,0.8017836213111877,0.034849561750888824,-0.0009261451195925474,0.649394154548645,0.0555017814040184,0.19060250094732853,0,0.0,0.051639916259595256,74,0.5441189408302307,1.0,0.6272837399940859,0.9948301329394387,77.79513549804688,0.9996307237813885,0.6449722647666931,1.0,0.6449722647666931,1.0,4.839293854530524e-09,5.983249451446682e-08,6.036698607658764e-08,1.0,0.5441188812255859,0.3213644027709961,70,0.8076953887939453,1.0,1.0,1.0,0.6786355972290039,1.0,4.656612873077393e-10,1.0
GCN,265,2331,1,1,2,-1.7565836906433105,4.645637035369873,6.402220726013184,0.8660253286361694,0.055538635700941086,0.0,0.6333096027374268,0.09489947557449341,0.27453580901856767,0,0.0,0.03279832519190509,47,0.5715295672416687,1.0,0.6122004954198673,0.9944608567208272,75.83101654052734,0.9992614475627769,0.6284917593002319,1.0,0.6284917593002319,1.0,5.587935447692871e-09,6.195220336735474e-09,1.0968538965983043e-08,1.0,0.5715296268463135,0.34005439281463623,42,0.9371631741523743,1.0,1.0,1.0,0.6599456071853638,1.0,0.0,1.0
GCN,265,2337,4,1,1,-3.638416051864624,4.737877368927002,8.376293420791626,0.9486831426620483,0.08601745963096619,-0.003940408118069172,0.5438053011894226,0.14521056413650513,0.4838954149298977,1,0.0,0.0209351011863224,30,0.5324554443359375,1.0,0.5287336611646961,0.9870753323485968,64.92542266845703,0.9937223042836041,0.5359842777252197,0.9988921713441654,0.5359842777252197,0.9988921713441654,6.4523919540704355e-09,6.523414253223336e-09,1.2269336657766416e-08,1.0,0.5324554443359375,0.43874257802963257,26,0.8395986557006836,1.0,1.0,1.0,0.5612574219703674,1.0,9.313225746154785e-10,1.0
GCN,265,2341,4,1,1,-3.305501937866211,3.7207043170928955,7.0262062549591064,0.9486831426620483,0.14220845699310303,0.0,0.49128997325897217,0.2517429292201996,0.8003031451307313,1,0.0,0.015352407536636426,22,0.4649110734462738,1.0,0.48118369091531504,0.9763663220088626,57.902740478515625,0.9793205317577548,0.4789063632488251,0.9981536189069424,0.4789063632488251,0.9981536189069424,0.0,5.703162941905759e-10,1.1406325883811519e-09,1.0,0.4649110734462738,0.5099406242370605,17,0.8250702023506165,1.0,1.0,1.0,0.49005937576293945,1.0,0.0,1.0
GCN,265,2342,0,1,1,1.4167386293411255,6.754158973693848,5.337420344352722,0.9486831426620483,0.07826709002256393,-0.0013790845405310392,0.5086487531661987,0.14653648436069489,0.49374763167866614,1,0.0,0.028611304954640614,41,0.49863386154174805,1.0,0.5018076704474418,0.9844903988183161,61.21101379394531,0.9874446085672083,0.5034716725349426,0.9985228951255539,0.5034716725349426,0.9985228951255539,1.580506747700383e-08,1.5890584847966238e-08,3.186730879178867e-08,1.0,0.49863386154174805,0.47439366579055786,38,0.9034531116485596,1.0,1.0,1.0,0.5256063342094421,1.0,0.0,1.0
GCN,265,2346,3,1,3,-2.8384103775024414,5.8076605796813965,8.646070957183838,0.8017836213111877,0.035053856670856476,0.0,0.6932651996612549,0.053609490394592285,0.18226600985221675,0,0.0,0.04326587578506629,62,0.5810605883598328,1.0,0.6694204383408897,0.9985228951255539,82.97686004638672,1.0,0.689272940158844,1.0,0.689272940158844,1.0,6.634651938952629e-09,6.010143493995201e-08,1.1995066984127334e-07,1.0,0.5810606479644775,0.27528995275497437,57,0.8500851988792419,1.0,1.0,1.0,0.7247100472450256,1.0,0.0,1.0
GCN,265,2347,0,1,3,0.9718682765960693,8.073407173156738,7.101538896560669,0.8017836213111877,0.033701181411743164,0.0,0.7036423087120056,0.04408938065171242,0.11405835543766578,0,0.0,0.0418702023726448,60,0.5898791551589966,1.0,0.6790156496882196,0.9992614475627769,84.2074203491211,1.0,0.6991562843322754,1.0,0.6991562843322754,1.0,5.430496941016827e-09,5.568498995245363e-09,6.035228494738476e-08,1.0,0.5898792147636414,0.26429131627082825,55,0.7380706071853638,0.9999999403953552,1.0,0.9999999403953552,0.7357087135314941,1.0,0.0,1.0
GCN,265,2353,4,1,3,-2.352795124053955,5.074044227600098,7.426839351654053,0.8017836213111877,0.03555407375097275,-0.0007086742552928627,0.6563786864280701,0.05619491636753082,0.19306555513452064,0,0.0,0.04954640614096301,71,0.5499556064605713,1.0,0.6376149943362579,0.9948301329394387,78.805908203125,0.9996307237813885,0.6525061130523682,1.0,0.6525061130523682,1.0,3.4846900920371127e-09,3.4846900920371127e-09,6.412314679238307e-09,1.0,0.5499556064605713,0.3140847682952881,67,0.8318006992340088,1.0,1.0,1.0,0.6859152317047119,1.0,2.3283064365386963e-10,1.0
GCN,265,2359,2,0,11,-7.290130138397217,-3.0285804271698,4.261549711227417,0.5477225184440613,0.024233289062976837,-0.0001664896117290482,0.6834263205528259,0.04684458300471306,0.1328154604016673,0,0.0,0.09979064898813678,143,0.3912603557109833,1.0,0.6602906536093641,0.9955686853766618,81.68030548095703,1.0,0.6789515614509583,1.0,0.6789515614509583,1.0,7.798957923910166e-09,3.082347177496558e-08,6.28881551278937e-08,1.0,0.3912603557109833,0.2856595516204834,139,0.7236012816429138,1.0,1.0,1.0,0.7143404483795166,1.0,1.1641532182693481e-10,1.0
GCN,265,2365,2,0,7,-7.080184459686279,-2.210942268371582,4.869242191314697,0.6396021246910095,0.03492196649312973,-0.0005242491606622934,0.6672579050064087,0.051263898611068726,0.16331943918150815,0,0.0,0.06769016050244243,97,0.44550880789756775,1.0,0.6454083341508433,0.9948301329394387,79.72721099853516,1.0,0.6619114279747009,1.0,0.6619114279747009,1.0,8.835301379406246e-09,9.128029887506273e-09,2.044362013009504e-08,1.0,0.44550880789756775,0.3034594655036926,93,0.626493513584137,1.0,1.0,1.0,0.6965405344963074,1.0,2.3283064365386963e-10,1.0
GCN,265,2368,3,1,2,-0.42205965518951416,6.075062274932861,6.4971219301223755,0.8660253286361694,0.05734952166676521,0.0,0.6372748017311096,0.09970360994338989,0.31110269041303523,0,0.0,0.03210048848569435,46,0.5749499201774597,1.0,0.6189914367188222,0.9944608567208272,76.36724090576172,0.9992614475627769,0.6321536302566528,1.0,0.6321536302566528,1.0,1.236416213856728e-08,1.2410113825467306e-08,6.339615055139802e-08,1.0,0.5749499201774597,0.3361049294471741,41,0.9594854116439819,1.0,1.0,1.0,0.6638950705528259,1.0,0.0,1.0
GCN,265,2383,4,0,10,-5.084195137023926,-0.4460601806640625,4.638134956359863,0.5669466257095337,0.02022654190659523,-0.0004879483603872359,0.6690860390663147,0.02197602018713951,0.10837438423645321,0,0.0,0.09630146545708304,138,0.39675718545913696,1.0,0.6490682269060905,0.9948301329394387,80.07601165771484,1.0,0.6651590466499329,1.0,0.6651590466499329,1.0,1.2538313498566822e-08,3.229974510077227e-08,6.741801428233885e-08,1.0,0.39675718545913696,0.3001859784126282,135,0.4121464788913727,0.9999998807907104,1.0,0.9999998807907104,0.6998140215873718,1.0,1.1641532182693481e-10,1.0
GCN,265,2384,0,1,1,1.0244957208633423,7.192348003387451,6.167852282524109,0.9486831426620483,0.0686800554394722,-0.00037597198388539255,0.5847883820533752,0.12106055021286011,0.3984463812050019,1,0.0,0.0314026517794836,45,0.5766018629074097,1.0,0.5659790006152354,0.9937223042836041,69.73434448242188,0.9974150664697193,0.5785089731216431,0.9996307237813885,0.5785089731216431,0.9996307237813885,0.0,1.066964072649057e-09,5.963737947922709e-08,1.0,0.5766018033027649,0.3922082185745239,41,0.9778942465782166,1.0000001192092896,1.0,1.0000001192092896,0.6077917814254761,1.0,2.3283064365386963e-10,1.0
GCN,265,2389,2,1,2,-3.623518466949463,4.66251802444458,8.286036491394043,0.8660253286361694,0.04658159986138344,-0.001549370470456779,0.6712676286697388,0.07440014183521271,0.21314892004547176,0,0.0,0.03210048848569435,46,0.6068811416625977,1.0000001192092896,0.6502204878686629,0.9948301329394387,80.4622573852539,1.0,0.6665632128715515,1.0,0.6665632128715515,1.0,2.7939677238464355e-09,3.158268535585762e-09,5.983605433357297e-08,1.0,0.6068812012672424,0.29923391342163086,42,0.9069632887840271,1.0,1.0,1.0,0.7007660865783691,1.0,9.313225746154785e-10,1.0000001192092896
GCN,265,2392,2,1,3,-3.6309947967529297,4.031071662902832,7.662066459655762,0.8017836213111877,0.03611104562878609,-0.0012092475080862641,0.6653465628623962,0.05572698265314102,0.19268662372110648,0,0.0,0.04326587578506629,62,0.5574454665184021,1.0,0.6452306478466389,0.9948301329394387,79.73237609863281,1.0,0.6611539125442505,1.0,0.6611539125442505,1.0,4.3433994179054025e-09,5.980983530662343e-08,6.026693455396526e-08,1.0,0.5574454665184021,0.30474328994750977,58,0.7984821796417236,1.0,1.0,1.0,0.6952567100524902,1.0,9.313225746154785e-10,1.0
GCN,265,2411,3,1,1,-2.315819501876831,5.38421106338501,7.700030565261841,0.9486831426620483,0.0862840935587883,0.0,0.4766210913658142,0.16812241077423096,0.5744600227358848,1,0.0,0.027913468248429867,40,0.46491098403930664,1.0,0.4689189606379902,0.9675036927621861,57.411048889160156,0.9778434268833087,0.46978992223739624,0.9981536189069424,0.46978992223739624,0.9981536189069424,1.3170890156288806e-08,1.3216087779710506e-08,2.8413989383579974e-08,1.0,0.46491095423698425,0.5099407434463501,35,0.8810270428657532,1.0,1.0,1.0,0.4900592565536499,1.0,0.0,1.0
GCN,265,2425,3,1,5,0.6395692825317383,5.511545181274414,4.871975898742676,0.7071066498756409,0.03545233607292175,0.0,0.6333600282669067,0.039596911519765854,0.10837438423645321,0,0.0,0.055826936496859735,80,0.4676283001899719,1.0,0.6140728112439754,0.9944608567208272,75.85396575927734,0.9992614475627769,0.6291255950927734,1.0,0.6291255950927734,1.0,6.51925802230835e-09,5.0583763844258556e-09,1.0817087670034198e-08,1.0,0.4676283001899719,0.3386736214160919,75,0.5002095699310303,1.0,1.0,1.0,0.6613264083862305,1.0,0.0,1.0
GCN,265,2427,3,1,3,-0.865481436252594,5.44947624206543,6.314957678318024,0.8017836213111877,0.05776606500148773,-0.0024739415384829044,0.5837082266807556,0.06631530821323395,0.2074649488442592,0,0.0,0.04884856943475227,70,0.4863130748271942,1.0,0.5636335184075817,0.9937223042836041,69.65459442138672,0.9974150664697193,0.5772461891174316,0.9996307237813885,0.5772461891174316,0.9996307237813885,1.5103514883207936e-08,6.148933096028486e-08,1.231894515285603e-07,1.0,0.4863131046295166,0.3934609293937683,67,0.49467942118644714,1.0,1.0,1.0,0.6065390706062317,1.0,9.599853134645286e-10,1.0
GCN,265,2428,5,1,1,-0.9054109454154968,5.205552101135254,6.110963046550751,0.9486831426620483,0.15541410446166992,-0.000944672035984695,0.5472789406776428,0.29459744691848755,0.8711633194391815,1,0.0,0.020237264480111653,29,0.5187366604804993,1.0,0.5215651203178835,0.9863367799113737,63.30452346801758,0.9911373707533235,0.5264663696289062,0.9985228951255539,0.5264663696289062,0.9985228951255539,1.2904783908140871e-08,3.2494682500328054e-08,6.462312995836328e-08,1.0,0.5187366008758545,0.4532034993171692,25,0.984166145324707,1.0,1.0,1.0,0.5467965006828308,1.0,4.656612873077393e-10,1.0
GCN,265,2431,4,1,1,-3.4100747108459473,3.027832269668579,6.437906980514526,0.9486831426620483,0.11249000579118729,0.0,0.4826546311378479,0.23212018609046936,0.7567260325881016,1,0.0,0.021632937892533146,31,0.46491098403930664,1.0,0.4763839731234667,0.973781388478582,59.075279235839844,0.982274741506647,0.4725964069366455,0.9981536189069424,0.4725964069366455,0.9981536189069424,0.0,1.0920725435070722e-09,2.1841450870141443e-09,1.0,0.46491095423698425,0.5099407434463501,26,0.9448363780975342,1.0,1.0,1.0,0.4900592565536499,1.0,0.0,1.0
GCN,265,2433,2,1,1,0.11628949642181396,5.973491191864014,5.8572016954422,0.9486831426620483,0.08693026006221771,0.0,0.4767516255378723,0.16698163747787476,0.5702917771883289,1,0.0,0.02721563154221912,39,0.4649110734462738,1.0,0.46789944092500485,0.9675036927621861,57.3177375793457,0.9774741506646972,0.4699570834636688,0.9981536189069424,0.4699570834636688,0.9981536189069424,1.4901161193847656e-08,1.4912071577555253e-08,3.207192733611919e-08,1.0,0.4649110734462738,0.5099406242370605,34,0.868782639503479,0.9999999403953552,1.0,0.9999999403953552,0.49005937576293945,1.0,0.0,1.0
GCN,265,2435,4,1,2,-2.3168351650238037,5.440038204193115,7.756873369216919,0.8660253286361694,0.047886963933706284,0.0,0.6067605018615723,0.07417163252830505,0.21314892004547176,0,0.0,0.039078855547801813,56,0.548109233379364,1.0,0.5900027332404237,0.9944608567208272,72.81177520751953,0.9977843426883308,0.6027976870536804,0.9996307237813885,0.6027976870536804,0.9996307237813885,4.748831994305647e-09,5.978853323540534e-08,6.0192100193035e-08,1.0,0.5481092929840088,0.3670978844165802,51,0.8138951063156128,1.0,1.0,1.0,0.6329021453857422,1.0,0.0,1.0
GCN,265,2438,3,1,2,-3.0461554527282715,5.596114158630371,8.642269611358643,0.8660253286361694,0.06340334564447403,-0.0025497202295809984,0.5893069505691528,0.10589141398668289,0.3560060629026146,1,0.0,0.02721563154221912,39,0.5302566289901733,1.0,0.5740758757053097,0.9937223042836041,70.76789093017578,0.9974150664697193,0.5840027332305908,0.9996307237813885,0.5840027332305908,0.9996307237813885,8.119082295365843e-09,5.984608009157455e-08,6.048836098671018e-08,1.0,0.5302566885948181,0.3877122402191162,35,0.8523554801940918,1.0,1.0,1.0,0.6122877597808838,1.0,9.313225746154785e-10,1.0
GCN,265,2445,2,1,4,-4.485651016235352,4.044371604919434,8.530022621154785,0.7499998807907104,0.026136135682463646,0.0,0.69218510389328,0.03511735424399376,0.10837438423645321,0,0.0,0.06071179344033496,87,0.5430784225463867,1.0,0.6697369645613337,0.9985228951255539,82.9921875,1.0,0.6885137557983398,1.0,0.6885137557983398,1.0,7.792003486883914e-09,7.1080110686239095e-09,6.103015692815461e-08,1.0,0.5430784225463867,0.27589529752731323,82,0.697531521320343,1.0,1.0,1.0,0.7241047024726868,1.0,0.0,1.0
GCN,265,2446,2,1,8,-6.138466835021973,0.06839513778686523,6.206861972808838,0.6123723983764648,0.021225396543741226,-0.05232734978199005,0.6683096885681152,0.22412146627902985,0.7444107616521409,1,0.0,0.09141660851360782,131,0.426931768655777,1.0,0.6473631173601344,0.9948301329394387,79.95917510986328,1.0,0.6641222238540649,1.0,0.6641222238540649,1.0,1.2996872911230639e-08,3.251719959962429e-08,1.230402517649054e-07,1.0,0.42693179845809937,0.3028232455253601,127,0.4822635054588318,0.9999998807907104,1.0,0.9999998807907104,0.6971767544746399,1.0,1.1292286217212677e-08,1.0
GCN,265,2448,2,1,5,-5.602204322814941,1.7040143013000488,7.30621862411499,0.7071066498756409,0.027096305042505264,-0.036848898977041245,0.6823652386665344,0.038842782378196716,0.10837438423645321,0,0.0,0.06908583391486392,99,0.5035539865493774,1.0,0.6589682458917333,0.9955686853766618,81.64381408691406,1.0,0.6781857013702393,1.0,0.6781857013702393,1.0,6.585445078144403e-09,5.99962604042048e-08,1.1998164950455248e-07,1.0,0.5035539269447327,0.28786706924438477,95,0.691675066947937,1.0000001192092896,1.0,1.0000001192092896,0.7121329307556152,1.0,1.955777406692505e-08,1.0
GCN,265,2456,5,1,2,-1.5430940389633179,5.086508750915527,6.629602789878845,0.8660253286361694,0.046375006437301636,-0.059702783823013306,0.6067613363265991,0.07948766648769379,0.22034861690034105,0,0.0,0.04326587578506629,62,0.545360267162323,1.0,0.5893077056670325,0.9944608567208272,72.59834289550781,0.9977843426883308,0.6019104719161987,0.9996307237813885,0.6019104719161987,0.9996307237813885,7.623203401863066e-09,5.534321001476883e-09,1.0183716980805002e-08,1.0,0.545360267162323,0.37027212977409363,60,0.8437040448188782,1.0000001192092896,1.0,1.0000001192092896,0.629727840423584,1.0,1.839951480064883e-08,1.0
GCN,265,2459,3,1,2,-5.899784088134766,0.3760402202606201,6.275824308395386,0.8660253286361694,0.08521057665348053,0.0,0.6009941101074219,0.13058128952980042,0.4213717317165593,1,0.0,0.01465457083042568,21,0.5378130078315735,1.0000001192092896,0.585393373245433,0.9940915805022157,72.0910415649414,0.9977843426883308,0.5942957401275635,0.9996307237813885,0.5942957401275635,0.9996307237813885,0.0,2.3283064365386963e-10,5.960646376479417e-08,1.0,0.5378130674362183,0.3789868950843811,16,0.7976057529449463,1.0,1.0,1.0,0.6210131049156189,1.0,0.0,1.0000001192092896
GCN,265,2461,6,1,1,-3.7146685123443604,0.41979289054870605,4.134461402893066,0.9486831426620483,0.08985865861177444,0.0,0.4773544371128082,0.1799820214509964,0.6083743842364532,1,0.0,0.026517794836008374,38,0.46491098403930664,1.0,0.46883161152244246,0.9675036927621861,57.46238327026367,0.9782127031019202,0.46892300248146057,0.9981536189069424,0.46892300248146057,0.9981536189069424,6.71586253275791e-09,6.804074637045687e-09,1.4609669030107852e-08,1.0,0.46491095423698425,0.5099407434463501,33,0.9070502519607544,1.0,1.0,1.0,0.4900592565536499,1.0,0.0,1.0
GCN,265,2467,6,1,2,-1.001891851425171,4.699763774871826,5.701655626296997,0.8660253286361694,0.05142149329185486,-0.003356774104759097,0.5663710236549377,0.08894361555576324,0.24156877605153468,0,0.0,0.04256803907885555,61,0.510749876499176,1.0,0.5547303733912365,0.9911373707533235,68.07324981689453,0.9966765140324964,0.5623791813850403,0.9988921713441654,0.5623791813850403,0.9988921713441654,8.535712581192456e-09,3.111317781190337e-08,6.21205984430162e-08,1.0,0.5107499361038208,0.4102367162704468,57,0.8002895712852478,1.0,1.0,1.0,0.5897632837295532,1.0,0.0,1.0
GCN,265,2474,4,1,2,-4.838405609130859,2.1755664348602295,7.013972043991089,0.8660253286361694,0.07218801975250244,0.0,0.6074058413505554,0.12889625132083893,0.4160666919287609,1,0.0,0.03210048848569435,46,0.5457720756530762,0.9999999403953552,0.5905066800559278,0.9944608567208272,72.59158325195312,0.9977843426883308,0.6018744111061096,0.9996307237813885,0.6018744111061096,0.9996307237813885,9.588553062656047e-09,6.034267840959728e-08,6.205242186752002e-08,1.0,0.5457720756530762,0.36979663372039795,41,0.9392575621604919,1.0,1.0,1.0,0.630203366279602,1.0,0.0,0.9999999403953552
GCN,265,2479,6,1,1,-3.043564796447754,1.7493386268615723,4.792903423309326,0.9486831426620483,0.09083700180053711,0.0,0.4775601923465729,0.1769973188638687,0.5987116331943918,1,0.0,0.025819958129797628,37,0.4649110734462738,1.0,0.4660170997155031,0.9667651403249631,58.13424301147461,0.9800590841949779,0.4721941649913788,0.9981536189069424,0.4721941649913788,0.9981536189069424,0.0,5.703162941905759e-10,1.1406325883811519e-09,1.0,0.4649110734462738,0.5099406242370605,32,0.8827813267707825,1.0,1.0,1.0,0.49005937576293945,1.0,0.0,1.0
GCN,265,2483,4,1,2,-2.9551587104797363,3.7023634910583496,6.657522201538086,0.8660253286361694,0.10451503098011017,0.0,0.5968827605247498,0.18808293342590332,0.6347101174687382,1,0.0,0.020237264480111653,29,0.5302566289901733,1.0,0.5789301137600242,0.9940915805022157,71.38794708251953,0.9974150664697193,0.5892415046691895,0.9996307237813885,0.5892415046691895,0.9996307237813885,1.2904783908140871e-08,6.053775791770022e-08,6.286418852141651e-08,1.0,0.5302566885948181,0.3877122700214386,24,0.9302297830581665,1.0,1.0,1.0,0.6122877597808838,1.0,0.0,1.0
GCN,265,2489,3,1,1,-3.6470513343811035,3.82346248626709,7.470513820648193,0.9486831426620483,0.11761264503002167,0.0,0.5499907732009888,0.21533726155757904,0.7190223569533915,1,0.0,0.013258897418004187,19,0.5324553847312927,1.0,0.5380184456648258,0.9889217134416544,65.68217468261719,0.9940915805022157,0.5410381555557251,0.9988921713441654,0.5410381555557251,0.9988921713441654,0.0,1.066964072649057e-09,2.133928145298114e-09,1.0,0.5324553847312927,0.43874260783195496,14,0.9553043842315674,0.9999999403953552,1.0,0.9999999403953552,0.5612573623657227,1.0,0.0,1.0
GCN,265,2490,4,1,2,-2.356901168823242,5.781515598297119,8.138416767120361,0.8660253286361694,0.045974187552928925,0.0,0.6262039542198181,0.0744134709239006,0.21314892004547176,0,0.0,0.040474528960223306,58,0.5659921169281006,1.0,0.6060021050939098,0.9944608567208272,75.19183349609375,0.9992614475627769,0.6213483214378357,0.9996307237813885,0.6213483214378357,0.9996307237813885,6.8437953082423064e-09,5.999083896313095e-08,6.080363590399429e-08,1.0,0.5659921169281006,0.34644851088523865,53,0.8777763843536377,0.9999999403953552,1.0,0.9999999403953552,0.653551459312439,1.0,0.0,1.0
GCN,265,2496,4,1,1,-1.0699305534362793,5.588859558105469,6.658790111541748,0.9486831426620483,0.0761379599571228,-0.001505980733782053,0.5520133972167969,0.13917750120162964,0.45187571049640013,1,0.0,0.030006978367062107,43,0.5425822734832764,1.0,0.5403525354964966,0.9889217134416544,66.34904479980469,0.9944608567208272,0.5460986495018005,0.9988921713441654,0.5460986495018005,0.9988921713441654,1.5017125321037383e-08,6.141346631238775e-08,6.556341247687669e-08,1.0,0.5425823330879211,0.4280679225921631,39,0.9572792053222656,1.0,1.0,1.0,0.5719320774078369,1.0,4.656612873077393e-10,1.0
GCN,265,2505,1,1,1,-2.8504271507263184,3.112001419067383,5.962428569793701,0.9486831426620483,0.0778270959854126,0.0,0.5420796275138855,0.14180530607700348,0.46703296703296704,1,0.0,0.026517794836008374,38,0.5324554443359375,1.0,0.52369564011008,0.9863367799113737,64.71586608886719,0.9929837518463811,0.534428060054779,0.9988921713441654,0.534428060054779,0.9988921713441654,9.497663988611293e-09,9.681388135618363e-09,1.8183236250024493e-08,1.0,0.5324554443359375,0.43874257802963257,33,0.9370137453079224,1.0,1.0,1.0,0.5612574219703674,1.0,0.0,1.0
GCN,265,2508,3,1,3,-4.202014923095703,4.10036039352417,8.302375316619873,0.8017836213111877,0.057903166860342026,0.0,0.6922942399978638,0.09834732115268707,0.3090185676392573,0,0.0,0.0314026517794836,45,0.5782320499420166,1.0,0.6669736220092448,0.9977843426883308,82.86652374267578,1.0,0.6875483989715576,1.0,0.6875483989715576,1.0,1.053671194739536e-08,1.30385160446167e-08,6.372729188797166e-08,1.0,0.5782320499420166,0.2788178324699402,40,0.9427751302719116,1.0,1.0,1.0,0.7211821675300598,1.0,0.0,1.0
GCN,265,2509,3,1,5,-6.325318336486816,0.9359796643257141,7.2612980008125305,0.7071066498756409,0.02911454066634178,0.0,0.6682101488113403,0.04022594168782234,0.10837438423645321,0,0.0,0.06489881367759945,93,0.4939717650413513,1.0,0.6464047109148948,0.9948301329394387,79.9560546875,1.0,0.6638869047164917,1.0,0.6638869047164917,1.0,8.981349886028056e-09,6.342231628764239e-09,1.2838843765905494e-08,1.0,0.4939717650413513,0.301418274641037,88,0.6528213024139404,1.0,1.0,1.0,0.6985816955566406,1.0,0.0,1.0
GCN,265,2514,2,1,2,-3.8030245304107666,5.127289772033691,8.930314302444458,0.8660253286361694,0.05017181858420372,-0.0003455574333202094,0.6436863541603088,0.08361987769603729,0.22679045092838196,0,0.0,0.03628750872295883,52,0.5815075635910034,1.0,0.6244737078184441,0.9948301329394387,77.02803802490234,0.9996307237813885,0.6390578746795654,1.0,0.6390578746795654,1.0,5.509778855383729e-09,6.28642737865448e-09,6.052520262755934e-08,1.0,0.5815075635910034,0.328532874584198,48,0.9290831089019775,1.0000001192092896,1.0,1.0000001192092896,0.671467125415802,1.0,0.0,1.0
GCN,265,2523,2,1,2,-3.0674519538879395,5.259012222290039,8.326464176177979,0.8660253286361694,0.05218149349093437,0.0,0.6630628108978271,0.06672336161136627,0.20765441455096628,0,0.0,0.030006978367062107,43,0.5989834666252136,1.0,0.6431316090680732,0.9948301329394387,79.46145629882812,1.0,0.65810227394104,1.0,0.65810227394104,1.0,2.9451006078318187e-09,5.970097305407762e-08,1.1931686572097533e-07,1.0,0.5989835262298584,0.30835336446762085,38,0.7342545986175537,1.0,1.0,1.0,0.6916466355323792,1.0,0.0,1.0
GCN,265,2533,0,1,1,-2.797992706298828,6.262144088745117,9.060136795043945,0.9486831426620483,0.0822051614522934,-0.0037159682251513004,0.5294905304908752,0.15313878655433655,0.5200833649109511,1,0.0,0.024424284717376135,35,0.5187366604804993,1.0,0.520538443689311,0.9863367799113737,63.1314582824707,0.9911373707533235,0.5241381525993347,0.9985228951255539,0.5241381525993347,0.9985228951255539,1.3687590616484613e-08,1.4616499122155346e-08,2.8153792186458304e-08,1.0,0.5187366604804993,0.4532034397125244,32,0.9259238243103027,1.0,1.0,1.0,0.5467965602874756,1.0,0.0,1.0
GCN,265,2540,3,0,1,-7.870057106018066,-2.975114345550537,4.894942760467529,0.9486831426620483,0.13973881304264069,0.0,0.5557129383087158,0.25674402713775635,0.8090185676392573,1,0.0,0.011165387299371946,16,0.5324555039405823,1.0,0.539695313026584,0.9889217134416544,65.27391815185547,0.9940915805022157,0.5426059365272522,0.9988921713441654,0.5426059365272522,0.9988921713441654,1.4901161193847656e-08,1.4904799172654748e-08,6.584931355746448e-08,1.0,0.5324555039405823,0.4387425184249878,11,0.9686235785484314,1.0,1.0,1.0,0.5612574815750122,1.0,0.0,1.0
GCN,265,2543,3,1,3,-5.103294372558594,4.085318088531494,9.188612461090088,0.8017836213111877,0.03918425366282463,0.0,0.6532754898071289,0.05114690959453583,0.16331943918150815,0,0.0,0.04675505931612003,67,0.54709792137146,1.0000001192092896,0.6332800750759171,0.9948301329394387,78.16094207763672,0.9996307237813885,0.6490479707717896,1.0,0.6490479707717896,1.0,5.890201215663637e-09,5.7268767506002405e-09,6.051643453020006e-08,1.0,0.54709792137146,0.3176489472389221,62,0.6836932897567749,1.0,1.0,1.0,0.6823510527610779,1.0,0.0,1.0000001192092896
GCN,265,2549,4,1,1,-3.6204495429992676,3.419609785079956,7.040059328079224,0.9486831426620483,0.07610095292329788,0.0,0.541807234287262,0.13969966769218445,0.4571807502841986,1,0.0,0.028611304954640614,41,0.5324554443359375,1.0,0.5321144475878531,0.9870753323485968,65.405029296875,0.9940915805022157,0.5371533036231995,0.9988921713441654,0.5371533036231995,0.9988921713441654,6.177695244247161e-09,5.592784013686014e-09,1.0504979996994734e-08,1.0,0.5324554443359375,0.43874257802963257,36,0.94356369972229,1.0,1.0,1.0,0.5612574219703674,1.0,0.0,1.0
GCN,265,2552,3,1,1,-2.750676393508911,6.020242214202881,8.770918607711792,0.9486831426620483,0.15586954355239868,-0.02835136651992798,0.5746540427207947,0.2832554578781128,0.8529746115953013,1,0.0,0.0209351011863224,30,0.5425821542739868,1.0,0.5512836410568348,0.990029542097489,68.05379486083984,0.9966765140324964,0.5580906271934509,0.9988921713441654,0.5580906271934509,0.9988921713441654,1.053671194739536e-08,6.053775791770022e-08,1.2079863154212944e-07,1.0,0.5425822138786316,0.42806804180145264,26,0.9907057881355286,0.9999999403953552,1.0,0.9999999403953552,0.5719319581985474,1.0,4.656612873077393e-10,1.0
GCN,265,2557,2,1,1,-4.4660115242004395,3.5067403316497803,7.97275185585022,0.9486831426620483,0.08323174715042114,0.0,0.5671590566635132,0.151345357298851,0.5178097764304661,1,0.0,0.02721563154221912,39,0.5567970275878906,1.0,0.5529692996438155,0.990029542097489,67.82640838623047,0.9966765140324964,0.5614379048347473,0.9988921713441654,0.5614379048347473,0.9988921713441654,6.71586253275791e-09,5.999264374167979e-08,1.1983694037098758e-07,1.0,0.5567971467971802,0.4130842089653015,34,0.9783767461776733,0.9999998807907104,1.0,0.9999998807907104,0.5869157910346985,1.0,0.0,1.0
GCN,265,2561,2,1,1,-1.7849888801574707,6.731966972351074,8.516955852508545,0.9486831426620483,0.15477439761161804,-0.0008347472758032382,0.5470596551895142,0.29403266310691833,0.8704054566123531,1,0.0,0.022330774598743892,32,0.5187366008758545,1.0,0.5360419469101974,0.9889217134416544,65.3662109375,0.9940915805022157,0.5292856693267822,0.9988921713441654,0.5292856693267822,0.9988921713441654,1.3463973935756712e-08,6.108555083983447e-08,1.2196444743040047e-07,1.0,0.5187365412712097,0.4532035291194916,28,0.9859440326690674,0.9999999403953552,1.0,0.9999999403953552,0.546796441078186,1.0,4.656612873077393e-10,1.0
GCN,265,2562,0,1,2,-0.9981481432914734,4.380291938781738,5.378440082073212,0.8660253286361694,0.08063244819641113,0.0,0.5158107876777649,0.12737369537353516,0.41227737779461915,1,0.0,0.02372644801116539,34,0.4602123498916626,1.0,0.5042016398172068,0.9844903988183161,61.548492431640625,0.9881831610044313,0.5079606771469116,0.9985228951255539,0.5079606771469116,0.9985228951255539,6.71586253275791e-09,3.055053809930541e-08,6.136681207635775e-08,1.0,0.4602123200893402,0.46859249472618103,29,0.7056525945663452,0.9999998807907104,1.0,0.9999998807907104,0.5314074754714966,1.0,0.0,1.0
GCN,265,2566,3,1,2,-2.1506028175354004,6.1314167976379395,8.28201961517334,0.8660253286361694,0.06715395301580429,0.0,0.5896756649017334,0.10267305374145508,0.3378173550587344,1,0.0,0.026517794836008374,38,0.5302566289901733,1.0,0.5747024678557142,0.9937223042836041,70.52323150634766,0.9974150664697193,0.5843978524208069,0.9996307237813885,0.5843978524208069,0.9996307237813885,9.125060707049215e-09,6.007752517689369e-08,6.127379492681939e-08,1.0,0.5302566885948181,0.3877122402191162,33,0.7807800769805908,1.0,1.0,1.0,0.6122877597808838,1.0,0.0,1.0
GCN,265,2568,3,1,1,-5.394278049468994,2.740598440170288,8.134876489639282,0.9486831426620483,0.07965358346700668,0.0,0.5287392139434814,0.147396057844162,0.4971580143993937,1,0.0,0.027913468248429867,40,0.5187366604804993,1.0,0.5198224047769461,0.9863367799113737,63.70591735839844,0.9918759231905465,0.5229501724243164,0.9985228951255539,0.5229501724243164,0.9985228951255539,1.4307248719092058e-08,1.43148248810121e-08,2.7596666285489846e-08,1.0,0.5187366604804993,0.4532034397125244,35,0.9282035231590271,1.0,1.0,1.0,0.5467965602874756,1.0,0.0,1.0
GCN,265,2578,0,1,2,-1.5685374736785889,5.2684783935546875,6.837015867233276,0.8660253286361694,0.049117445945739746,-0.14747294783592224,0.6151627898216248,0.2844793200492859,0.8529746115953013,1,0.0,0.040474528960223306,58,0.548109233379364,1.0,0.5906970187082093,0.9944608567208272,73.6642837524414,0.9985228951255539,0.6107965707778931,0.9996307237813885,0.6107965707778931,0.9996307237813885,5.350040854779081e-09,5.986102280530758e-08,6.043144651357579e-08,1.0,0.5481092929840088,0.3670978546142578,54,0.8650009632110596,1.0000001192092896,1.0,1.0000001192092896,0.6329021453857422,1.0,2.3283064365386963e-08,1.0
GCN,265,2582,3,1,3,-6.848782062530518,1.448481559753418,8.297263622283936,0.8017836213111877,0.044431619346141815,-0.0017951995832845569,0.6082214117050171,0.06345474720001221,0.2046229632436529,0,0.0,0.0418702023726448,60,0.5085898041725159,1.0,0.594631093447668,0.9944608567208272,72.69209289550781,0.9977843426883308,0.6039556860923767,0.9996307237813885,0.6039556860923767,0.9996307237813885,4.368290174028289e-09,3.011086135984442e-08,6.020435705522686e-08,1.0,0.5085898041725159,0.36567699909210205,56,0.6748967170715332,0.9999999403953552,1.0,0.9999999403953552,0.634323000907898,1.0,0.0,1.0
GCN,265,2586,5,1,1,-2.3975439071655273,4.056135177612305,6.453679084777832,0.9486831426620483,0.12263746559619904,0.0,0.4853931665420532,0.18144026398658752,0.6085638499431603,1,0.0,0.020237264480111653,29,0.46491098403930664,1.0,0.48183785736975643,0.9763663220088626,58.016719818115234,0.9796898079763663,0.47595348954200745,0.9981536189069424,0.47595348954200745,0.9981536189069424,1.053671194739536e-08,1.0593154797788884e-08,2.2768936958073027e-08,1.0,0.46491095423698425,0.5099407434463501,24,0.6812794208526611,0.9999999403953552,1.0,0.9999999403953552,0.4900592565536499,1.0,0.0,1.0
GCN,265,2592,5,1,2,-3.6978464126586914,3.1509110927581787,6.84875750541687,0.8660253286361694,0.05470056086778641,-0.0021996062714606524,0.6287845373153687,0.09251613914966583,0.2624100037893141,0,0.0,0.03210048848569435,46,0.5673667788505554,1.0,0.6116166576484702,0.9944608567208272,75.7269515991211,0.9992614475627769,0.6244142055511475,1.0,0.6244142055511475,1.0,6.7801306791182014e-09,8.74898109515243e-09,1.547610217755846e-08,1.0,0.5673667788505554,0.34486132860183716,42,0.9032821655273438,1.0000001192092896,1.0000001192092896,1.0,0.6551387906074524,1.0000001192092896,0.0,1.0
GCN,265,2598,1,1,1,-1.4321935176849365,5.000579357147217,6.432772874832153,0.9486831426620483,0.08357597142457962,0.0,0.5294113755226135,0.15337257087230682,0.5200833649109511,1,0.0,0.02512212142358688,36,0.5187366604804993,1.0,0.5136594009335261,0.9844903988183161,63.810062408447266,0.9918759231905465,0.5233514904975891,0.9985228951255539,0.5233514904975891,0.9985228951255539,8.119082295365843e-09,3.090777411784984e-08,6.166231969473301e-08,1.0,0.5187366008758545,0.4532034993171692,31,0.92168128490448,1.0,1.0,1.0,0.5467965006828308,1.0,0.0,1.0
GCN,265,2599,3,1,3,-4.018860816955566,4.1615681648254395,8.180428981781006,0.8017836213111877,0.04320725053548813,0.0,0.6457496285438538,0.06328215450048447,0.2046229632436529,0,0.0,0.03977669225401256,57,0.5404232740402222,1.0,0.6261044756906213,0.9948301329394387,77.42794036865234,0.9996307237813885,0.6418517827987671,1.0,0.6418517827987671,1.0,5.26835597369768e-09,5.983249451446682e-08,6.038690969489835e-08,1.0,0.5404232144355774,0.325973778963089,52,0.7583084106445312,1.0,1.0,1.0,0.6740262508392334,1.0,0.0,1.0
GCN,265,2603,3,1,1,-2.3516626358032227,4.942262172698975,7.293924808502197,0.9486831426620483,0.07365676015615463,-0.0008458355441689491,0.47432592511177063,0.13902193307876587,0.45187571049640013,1,0.0,0.034891835310537335,50,0.46491098403930664,1.0,0.4690101537398371,0.9675036927621861,57.48313522338867,0.9782127031019202,0.46950918436050415,0.9981536189069424,0.46950918436050415,0.9981536189069424,6.4523919540704355e-09,6.642817851343352e-09,1.423358320096213e-08,1.0,0.46491095423698425,0.5099407434463501,46,0.8493149280548096,1.0,1.0,1.0,0.4900592565536499,1.0,9.313225746154785e-10,1.0
GCN,265,2604,6,1,3,-0.9239931106567383,3.4770877361297607,4.401080846786499,0.8017836213111877,0.04394714534282684,0.0,0.6069502234458923,0.07035353779792786,0.21049640015157256,0,0.0,0.04256803907885555,61,0.5076475739479065,1.0,0.5913218489656699,0.9944608567208272,73.0046615600586,0.9981536189069424,0.6029490828514099,0.9996307237813885,0.6029490828514099,0.9996307237813885,8.33000246558413e-09,9.313225746154785e-09,1.8348677244262035e-08,1.0,0.5076475739479065,0.36685216426849365,56,0.779050350189209,1.0,1.0,1.0,0.6331478357315063,1.0,0.0,1.0
GCN,265,2614,2,1,5,-4.700650215148926,1.940528392791748,6.641178607940674,0.7071066498756409,0.04686826467514038,0.0,0.6154376268386841,0.050595298409461975,0.16331943918150815,0,0.0,0.04675505931612003,67,0.45317479968070984,1.0,0.5998709539875958,0.9944608567208272,73.47232055664062,0.9985228951255539,0.6100993156433105,0.9996307237813885,0.6100993156433105,0.9996307237813885,1.4959255167923402e-08,1.4966500927471316e-08,3.302589135500966e-08,1.0,0.45317479968070984,0.3591139316558838,62,0.469786137342453,0.9999999403953552,1.0,0.9999999403953552,0.6408860683441162,1.0,0.0,1.0
GCN,265,2618,2,1,1,-1.4807770252227783,5.275582790374756,6.756359815597534,0.9486831426620483,0.16227637231349945,0.0,0.4981517195701599,0.3295530080795288,0.9088669950738916,1,0.0,0.01674808094905792,24,0.4649110436439514,1.0,0.4807189817028161,0.9763663220088626,57.47618103027344,0.9782127031019202,0.47282952070236206,0.9981536189069424,0.47282952070236206,0.9981536189069424,1.4784287571956156e-08,3.3270350030534246e-08,6.756037151944838e-08,1.0,0.46491101384162903,0.5099406838417053,19,0.9597383737564087,1.0,1.0,1.0,0.4900593161582947,1.0,0.0,1.0
GCN,265,2631,4,1,1,-4.587289810180664,2.2394285202026367,6.826718330383301,0.9486831426620483,0.10608096420764923,0.0,0.48103955388069153,0.1756933033466339,0.5962485790071997,1,0.0,0.018143754361479414,26,0.4649110436439514,1.0,0.47526061349803733,0.9726735598227474,59.67184066772461,0.982274741506647,0.473315566778183,0.9981536189069424,0.473315566778183,0.9981536189069424,0.0,2.980505087180063e-08,5.960828275419772e-08,1.0,0.46491101384162903,0.5099406838417053,21,0.7558224201202393,1.0,1.0,1.0,0.4900593161582947,1.0,0.0,1.0
GCN,265,2641,2,1,2,-3.1931605339050293,3.797391176223755,6.990551710128784,0.8660253286361694,0.05231768637895584,-0.0005179792060516775,0.5903699994087219,0.08788393437862396,0.23796892762410005,0,0.0,0.039078855547801813,56,0.532692015171051,1.0,0.5778063849811049,0.9940915805022157,70.92667388916016,0.9974150664697193,0.5861720442771912,0.9996307237813885,0.5861720442771912,0.9996307237813885,2.7939677238464355e-09,6.316537071171524e-09,6.07896737392366e-08,1.0,0.532692015171051,0.38490018248558044,52,0.8588470220565796,1.0,1.0,1.0,0.6150997877120972,1.0,4.656612873077393e-10,1.0
GCN,265,2642,2,1,4,-5.4358344078063965,2.793940544128418,8.229774951934814,0.7499998807907104,0.034271951764822006,0.0,0.6437574625015259,0.047299616038799286,0.1330049261083744,0,0.0,0.04954640614096301,71,0.504448413848877,1.0,0.6244633516457144,0.9948301329394387,77.30757141113281,0.9996307237813885,0.6393662691116333,1.0,0.6393662691116333,1.0,6.316537071171524e-09,3.05212459750237e-08,6.101754479459487e-08,1.0,0.504448413848877,0.3274019956588745,66,0.6663497686386108,1.0,1.0,1.0,0.6725980043411255,1.0,0.0,1.0
GCN,265,2646,4,1,1,-3.8626441955566406,3.685579299926758,7.548223495483398,0.9486831426620483,0.0707089975476265,0.0,0.551090657711029,0.12670285999774933,0.41114058355437666,1,0.0,0.030006978367062107,43,0.5425822734832764,1.0,0.538126644526327,0.9889217134416544,66.59776306152344,0.9948301329394387,0.5466263890266418,0.9988921713441654,0.5466263890266418,0.9988921713441654,0.0,1.066964072649057e-09,2.0825006163960325e-09,1.0,0.5425822734832764,0.42806798219680786,38,0.9368195533752441,1.0,1.0,1.0,0.5719320178031921,1.0,0.0,1.0
GCN,265,2647,4,1,3,-3.719341278076172,2.90632700920105,6.625668287277222,0.8017836213111877,0.0396854393184185,0.0,0.602107584476471,0.0629412829875946,0.20386510041682457,0,0.0,0.051639916259595256,74,0.503951907157898,1.0,0.5859591416494856,0.9940915805022157,72.14753723144531,0.9977843426883308,0.5978050231933594,0.9996307237813885,0.5978050231933594,0.9996307237813885,4.928095709288982e-09,4.586231838743515e-09,9.101279729861744e-09,1.0,0.5039518475532532,0.37146154046058655,69,0.7656595706939697,1.0000001192092896,1.0,1.0000001192092896,0.6285384893417358,1.0,0.0,1.0
GCN,265,2653,0,1,2,-0.378414511680603,5.172516822814941,5.550931334495544,0.8660253286361694,0.05294527858495712,-0.0574619397521019,0.5754550695419312,0.08592093735933304,0.23114816218264495,0,0.0,0.040474528960223306,58,0.5158709287643433,1.0,0.5612494820420354,0.9929837518463811,69.04712677001953,0.9970457902511078,0.5711127519607544,0.9992614475627769,0.5711127519607544,0.9992614475627769,9.17246367748703e-09,3.101457934917562e-08,6.188667356354927e-08,1.0,0.515870988368988,0.40432342886924744,54,0.8087489604949951,1.0,1.0,1.0,0.5956765413284302,1.0,2.0954757928848267e-08,1.0
GCN,265,2658,2,1,1,-4.897881507873535,3.895158052444458,8.793039560317993,0.9486831426620483,0.07463280111551285,0.0,0.5279245972633362,0.13824421167373657,0.45073891625615764,1,0.0,0.030704815073272853,44,0.5187366604804993,1.0,0.517233449502427,0.9859675036927622,63.58074188232422,0.991506646971935,0.5222361087799072,0.9985228951255539,0.5222361087799072,0.9985228951255539,0.0,3.0054099653398225e-08,6.007362429727436e-08,1.0,0.5187366008758545,0.4532034993171692,39,0.9277058243751526,1.0,1.0,1.0,0.5467965006828308,1.0,0.0,1.0
GCN,265,2668,3,1,5,-3.8259198665618896,3.312166929244995,7.138086795806885,0.7071066498756409,0.02500685304403305,-0.0004424988874234259,0.6839248538017273,0.0396808423101902,0.10837438423645321,0,0.0,0.06489881367759945,93,0.5058621168136597,1.0,0.6618861944748633,0.9955686853766618,81.8612060546875,1.0,0.6798028945922852,1.0,0.6798028945922852,1.0,6.124817986119524e-09,6.456591261638778e-09,1.2767650048317591e-08,1.0,0.5058621168136597,0.2846027612686157,89,0.7673882246017456,0.9999999403953552,1.0,0.9999999403953552,0.7153972387313843,1.0,2.3283064365386963e-10,1.0
GCN,265,2669,3,1,1,-4.265048980712891,3.361548900604248,7.626597881317139,0.9486831426620483,0.08908270299434662,0.0,0.47719284892082214,0.16949176788330078,0.5759757483895415,1,0.0,0.025819958129797628,37,0.4649110436439514,1.0,0.47229772163663797,0.9711964549483013,57.47319030761719,0.9782127031019202,0.4729544520378113,0.9981536189069424,0.4729544520378113,0.9981536189069424,1.0030650976489142e-08,3.14476551466214e-08,6.339278968425788e-08,1.0,0.46491101384162903,0.5099406838417053,32,0.8613315224647522,1.0,1.0,1.0,0.4900593161582947,1.0,0.0,1.0
GCN,265,2681,4,1,5,-1.8980191946029663,3.3451175689697266,5.243136763572693,0.7071066498756409,0.04261180758476257,-0.059238236397504807,0.5421307682991028,0.2865409851074219,0.8592269799166351,1,0.0,0.056524773203070484,81,0.39640745520591736,1.0,0.5226107373685327,0.9863367799113737,65.01507568359375,0.9937223042836041,0.5375245213508606,0.9988921713441654,0.5375245213508606,0.9988921713441654,9.700966252523813e-09,3.169405715652829e-08,6.550207132249852e-08,1.0,0.39640742540359497,0.43939512968063354,77,0.6850107908248901,1.0000001192092896,1.0,1.0000001192092896,0.5606048703193665,1.0,2.444721758365631e-08,1.0
GCN,265,2685,2,1,4,-6.3244428634643555,0.45682764053344727,6.781270503997803,0.7499998807907104,0.05934588238596916,0.0,0.6246085166931152,0.08922058343887329,0.2451686244789693,0,0.0,0.027913468248429867,40,0.4867277145385742,1.0,0.6049216475074337,0.9944608567208272,74.50973510742188,0.9992614475627769,0.6181036233901978,0.9996307237813885,0.6181036233901978,0.9996307237813885,1.0030650976489142e-08,3.2262800431226424e-08,6.478664005271639e-08,1.0,0.48672768473625183,0.351029634475708,35,0.7042770385742188,1.0000001192092896,1.0,1.0000001192092896,0.648970365524292,1.0,0.0,1.0
GCN,265,2686,3,1,2,-5.61729621887207,3.2457900047302246,8.863086223602295,0.8660253286361694,0.09780437499284744,0.0,0.6050289869308472,0.15904204547405243,0.5454717696097007,1,0.0,0.015352407536636426,22,0.5391829609870911,1.0,0.592936812233046,0.9944608567208272,73.06318664550781,0.9985228951255539,0.6002445220947266,0.9996307237813885,0.6002445220947266,0.9996307237813885,7.450580596923828e-09,6.053775791770022e-08,6.276097508362e-08,1.0,0.5391830205917358,0.3774050772190094,17,0.8520408868789673,1.0,1.0,1.0,0.622594952583313,1.0,0.0,1.0
GCN,265,2689,2,1,2,-4.526638031005859,3.960228681564331,8.48686671257019,0.8660253286361694,0.08940719068050385,0.0,0.5652242302894592,0.1611890345811844,0.5492610837438424,1,0.0,0.024424284717376135,35,0.504096508026123,1.0,0.5519792230676479,0.990029542097489,67.88008880615234,0.9966765140324964,0.5587173104286194,0.9988921713441654,0.5587173104286194,0.9988921713441654,0.0,5.961283022770658e-08,1.1922566045541316e-07,1.0,0.5040965676307678,0.417919397354126,30,0.8824994564056396,0.9999998807907104,1.0,0.9999998807907104,0.582080602645874,1.0,0.0,1.0
GCN,265,2690,6,1,1,0.05942988395690918,5.1523308753967285,5.092900991439819,0.9486831426620483,0.15704141557216644,0.0,0.49628394842147827,0.3198724687099457,0.9010989010989011,1,0.0,0.015352407536636426,22,0.4649110436439514,1.0,0.4789075997661842,0.9759970457902511,57.854671478271484,0.9793205317577548,0.47290346026420593,0.9981536189069424,0.47290346026420593,0.9981536189069424,1.053671194739536e-08,3.1612707118711114e-08,6.377147343528122e-08,1.0,0.46491101384162903,0.5099406838417053,17,0.9589899778366089,1.0,1.0,1.0,0.4900593161582947,1.0,0.0,1.0
GCN,265,2699,3,1,1,-2.898923397064209,5.0729899406433105,7.9719133377075195,0.9486831426620483,0.08612877875566483,0.0,0.509946346282959,0.16473552584648132,0.5625236832133383,1,0.0,0.025819958129797628,37,0.49863380193710327,1.0,0.5043255443977946,0.9844903988183161,63.187889099121094,0.9911373707533235,0.5057499408721924,0.9985228951255539,0.5057499408721924,0.9985228951255539,9.497663988611293e-09,3.12791321732675e-08,6.257408813326037e-08,1.0,0.49863380193710327,0.47439372539520264,32,0.9253044128417969,1.0,1.0,1.0,0.5256062746047974,1.0,0.0,1.0
GCN,265,2700,3,1,1,-2.093698263168335,5.319505214691162,7.413203477859497,0.9486831426620483,0.08699715882539749,-0.0011377261253073812,0.5102127194404602,0.16633334755897522,0.563849943160288,1,0.0,0.02372644801116539,34,0.49863380193710327,1.0,0.5032106670163276,0.9844903988183161,61.57094192504883,0.9881831610044313,0.505482017993927,0.9985228951255539,0.505482017993927,0.9985228951255539,6.969380184074225e-09,3.0557636421235657e-08,6.112337302965898e-08,1.0,0.49863380193710327,0.47439372539520264,30,0.9171635508537292,0.9999999403953552,1.0,0.9999999403953552,0.5256062746047974,1.0,9.313225746154785e-10,1.0
GCN,265,2702,0,1,2,0.23314738273620605,7.079535484313965,6.846388101577759,0.8660253286361694,0.05912607163190842,-0.0021194475702941418,0.6210536956787109,0.08987896889448166,0.2478211443728685,0,0.0,0.025819958129797628,37,0.5598194599151611,1.0,0.6049400974993939,0.9944608567208272,74.44439697265625,0.9992614475627769,0.6158044338226318,0.9996307237813885,0.6158044338226318,0.9996307237813885,7.450580596923828e-09,7.065940277328764e-09,6.093004145668601e-08,1.0,0.5598194599151611,0.353576123714447,33,0.8175961971282959,1.0,1.0,1.0,0.646423876285553,1.0,4.656612873077393e-10,1.0
GCN,265,2707,3,1,4,-5.429683208465576,1.8820595741271973,7.311742782592773,0.7499998807907104,0.03268706053495407,0.0,0.6802307367324829,0.04961366206407547,0.15289882531261842,0,0.0,0.05512909979064899,79,0.5332789421081543,1.0,0.6588992051925532,0.9955686853766618,81.44835662841797,1.0,0.6763799786567688,1.0,0.6763799786567688,1.0,2.2931159193717576e-09,5.976495742743282e-08,6.0169945470534e-08,1.0,0.5332789421081543,0.2889613211154938,74,0.774359941482544,1.0,1.0,1.0,0.7110387086868286,1.0,0.0,1.0
GCN,125,1370,6,1,8,-1.2543542385101318,2.275859832763672,3.5302140712738037,0.6123723983764648,0.021423552185297012,-0.0006642694352194667,0.7047551274299622,0.032128773629665375,0.10837438423645321,0,0.0,0.07815771109560363,112,0.45147520303726196,1.0000001192092896,0.6790066081892658,0.9992614475627769,84.30980682373047,1.0,0.7004876732826233,1.0,0.7004876732826233,1.0,1.1363471053016383e-08,3.120712577242557e-08,1.2095529200450983e-07,1.0,0.45147526264190674,0.2627439796924591,108,0.6472269296646118,1.0,1.0,1.0,0.7372560501098633,1.0,5.238689482212067e-10,1.0000001192092896
GCN,125,1376,0,1,3,2.3544793128967285,6.856725692749023,4.502246379852295,0.8017836213111877,0.0350797064602375,0.0,0.6657007336616516,0.05533863976597786,0.1896551724137931,0,0.0,0.04884856943475227,70,0.5578615069389343,1.0,0.6427476189805527,0.9948301329394387,79.7083969116211,1.0,0.6613341569900513,1.0,0.6613341569900513,1.0,6.23012352818364e-09,5.4702815610596645e-09,9.840539050287589e-09,1.0,0.5578615069389343,0.3042243421077728,65,0.841993510723114,1.0,1.0,1.0,0.6957756280899048,1.0,0.0,1.0
GCN,125,1378,2,1,3,-3.7234604358673096,2.8465921878814697,6.570052623748779,0.8017836213111877,0.052128564566373825,0.0,0.5715368390083313,0.07223392277956009,0.21163319439181508,0,0.0,0.0418702023726448,60,0.47687360644340515,1.0,0.560436224566621,0.9926144756277696,68.58715057373047,0.9970457902511078,0.566863477230072,0.9988921713441654,0.566863477230072,0.9988921713441654,8.981349886028056e-09,3.148727856228106e-08,6.329936752536014e-08,1.0,0.47687360644340515,0.40523403882980347,55,0.6349899172782898,1.0,1.0,1.0,0.5947659611701965,1.0,0.0,1.0
GCN,125,1392,3,1,3,-1.9140770435333252,5.733713150024414,7.647790193557739,0.8017836213111877,0.035835810005664825,-0.001054544816724956,0.6438359618186951,0.053953979164361954,0.18321333838575218,0,0.0,0.05024424284717376,72,0.5393638014793396,0.9999999403953552,0.6230852599562101,0.9944608567208272,77.03074645996094,0.9996307237813885,0.6396955251693726,1.0,0.6396955251693726,1.0,6.107090388951519e-09,4.7316777163075585e-09,8.822963692978192e-09,1.0,0.5393637418746948,0.32729512453079224,69,0.777210533618927,0.9999998807907104,1.0,0.9999998807907104,0.6727048754692078,1.0,0.0,0.9999999403953552
GCN,125,1393,3,1,1,-2.4552011489868164,4.448848724365234,6.904049873352051,0.9486831426620483,0.08223089575767517,0.0,0.4758242964744568,0.1583510935306549,0.5433876468359227,1,0.0,0.030006978367062107,43,0.46491098403930664,1.0,0.473563403520028,0.9719350073855244,57.84616470336914,0.9789512555391433,0.4714147746562958,0.9981536189069424,0.4714147746562958,0.9981536189069424,7.902533738501916e-09,7.977635441136499e-09,1.7137702812419775e-08,1.0,0.46491095423698425,0.5099407434463501,38,0.8692684769630432,0.9999999403953552,1.0,0.9999999403953552,0.4900592565536499,1.0,0.0,1.0
GCN,125,1400,3,1,2,-6.64438009262085,1.082729697227478,7.727109789848328,0.8660253286361694,0.058645207434892654,-0.0006815698579885066,0.5598725080490112,0.09964780509471893,0.31110269041303523,0,0.0,0.03628750872295883,52,0.504096508026123,1.0,0.5485514965207684,0.990029542097489,66.99388122558594,0.9955686853766618,0.5546812415122986,0.9988921713441654,0.5546812415122986,0.9988921713441654,3.725290298461914e-09,5.984698958627632e-08,1.196864616304083e-07,1.0,0.5040965676307678,0.417919397354126,48,0.8238628506660461,0.9999999403953552,1.0,0.9999999403953552,0.582080602645874,1.0,0.0,1.0
GCN,125,1416,0,1,18,3.8101868629455566,7.621172904968262,3.810986042022705,0.4522669315338135,0.013079443015158176,-0.002280360320582986,0.6600359678268433,0.018375838175415993,0.10837438423645321,0,0.0,0.14863921842288905,213,0.31234312057495117,1.0,0.6383311444768736,0.9948301329394387,78.96760559082031,1.0,0.656104564666748,1.0,0.656104564666748,1.0,1.1585518322476673e-08,1.4394132108463964e-08,4.610699377849414e-08,1.0,0.31234312057495117,0.30938324332237244,211,0.4193921685218811,0.9999998807907104,1.0,0.9999998807907104,0.6906167268753052,1.0,4.355862615046391e-10,1.0
GCN,125,1422,4,1,1,-4.007318019866943,2.239025115966797,6.24634313583374,0.9486831426620483,0.0850110873579979,0.0,0.5296652913093567,0.15786287188529968,0.5346722243273967,1,0.0,0.025819958129797628,37,0.5187366604804993,1.0,0.5188740179888411,0.9859675036927622,64.12238311767578,0.992245199409158,0.5236654281616211,0.9985228951255539,0.5236654281616211,0.9985228951255539,8.33000246558413e-09,9.136933876163766e-09,1.7615565894857355e-08,1.0,0.5187366604804993,0.4532035291194916,32,0.933097779750824,1.0,1.0000001192092896,0.9999998807907104,0.5467965602874756,1.0000001192092896,0.0,1.0
GCN,125,1423,3,1,2,0.0723644495010376,6.889371395111084,6.817006945610046,0.8660253286361694,0.046310484409332275,0.0,0.6553691029548645,0.0742383524775505,0.21314892004547176,0,0.0,0.03628750872295883,52,0.5925107002258301,1.0,0.6346165173805015,0.9948301329394387,78.75757598876953,0.9996307237813885,0.6508514285087585,1.0,0.6508514285087585,1.0,3.725290298461914e-09,3.8680729730344865e-09,6.573916966345905e-09,1.0,0.5925107002258301,0.31582748889923096,47,0.9098411202430725,1.0,1.0,1.0,0.684172511100769,1.0,0.0,1.0
GCN,125,1425,4,1,2,-2.899522066116333,5.005585670471191,7.905107736587524,0.8660253286361694,0.04911937192082405,-0.00044262755545787513,0.647559642791748,0.07559892535209656,0.21580143993937098,0,0.0,0.03210048848569435,46,0.585128664970398,1.0,0.6268176351297526,0.9948301329394387,77.52423858642578,0.9996307237813885,0.6423995494842529,1.0,0.6423995494842529,1.0,6.969380184074225e-09,7.035184879100598e-09,6.081516801259568e-08,1.0,0.585128664970398,0.32435154914855957,42,0.8631240129470825,0.9999998807907104,1.0,0.9999998807907104,0.6756484508514404,1.0,0.0,1.0
GCN,125,1429,4,1,3,-2.8376104831695557,4.317068576812744,7.1546790599823,0.8017836213111877,0.04172129929065704,0.0,0.6458739638328552,0.05534372851252556,0.1896551724137931,0,0.0,0.040474528960223306,58,0.5406560897827148,1.0000001192092896,0.6268081735151078,0.9948301329394387,77.25316619873047,0.9996307237813885,0.6413657069206238,1.0,0.6413657069206238,1.0,6.177695244247161e-09,5.020726945303977e-09,9.315043847379911e-09,1.0,0.5406560897827148,0.3256832957267761,53,0.6869348883628845,1.0,1.0,1.0,0.6743167042732239,1.0,0.0,1.0000001192092896
GCN,125,1434,3,1,2,-4.602680206298828,3.8659591674804688,8.468639373779297,0.8660253286361694,0.0720544308423996,0.0,0.6457802653312683,0.12166276574134827,0.4005305039787798,1,0.0,0.02512212142358688,36,0.5809125900268555,1.0,0.6264419373080418,0.9948301329394387,77.38568878173828,0.9996307237813885,0.6402372717857361,1.0,0.6402372717857361,1.0,9.125060707049215e-09,6.030808208379312e-08,1.2025870432808006e-07,1.0,0.5809126496315002,0.32921984791755676,31,0.9443051218986511,0.9999998807907104,1.0,0.9999998807907104,0.6707801818847656,1.0,0.0,1.0
GCN,125,1436,5,1,1,-3.7659382820129395,4.162306308746338,7.928244590759277,0.9486831426620483,0.08288966119289398,0.0,0.5429129004478455,0.13220052421092987,0.4236453201970443,1,0.0,0.022330774598743892,32,0.5324554443359375,1.0,0.5291992604237533,0.9870753323485968,64.77770233154297,0.9933530280649926,0.536361813545227,0.9988921713441654,0.536361813545227,0.9988921713441654,6.4523919540704355e-09,6.456591261638778e-09,1.2127125970096131e-08,1.0,0.5324554443359375,0.43874257802963257,27,0.8214555978775024,1.0,1.0,1.0,0.5612574219703674,1.0,0.0,1.0
GCN,125,1437,4,1,1,-1.1489315032958984,6.158703804016113,7.307635307312012,0.9486831426620483,0.07450384646654129,0.0,0.5279043912887573,0.1392868608236313,0.45187571049640013,1,0.0,0.030006978367062107,43,0.5187366604804993,1.0,0.5169420184100659,0.9859675036927622,64.02686309814453,0.9918759231905465,0.5224608182907104,0.9985228951255539,0.5224608182907104,0.9985228951255539,7.679882507716229e-09,7.693986781021067e-09,1.4834236949923252e-08,1.0,0.5187366604804993,0.4532034695148468,38,0.9362846612930298,1.0000001192092896,1.0,1.0000001192092896,0.5467965602874756,1.0,0.0,1.0
GCN,125,1441,5,1,23,-2.2453067302703857,0.42947888374328613,2.674785614013672,0.40824824571609497,0.016554513946175575,-0.0016076723113656044,0.591695249080658,0.023830726742744446,0.10837438423645321,0,0.0,0.14724354501046755,211,0.25239595770835876,1.0,0.5752721712480945,0.9937223042836041,70.73444366455078,0.9974150664697193,0.5876595973968506,0.9996307237813885,0.5876595973968506,0.9996307237813885,1.9216640723129785e-08,2.2932637122607957e-08,9.12299782385162e-08,1.0,0.25239598751068115,0.38175857067108154,207,0.34773093461990356,1.0,1.0,1.0,0.6182414293289185,1.0,6.984919309616089e-10,1.0
GCN,125,1442,3,1,2,-3.4389424324035645,3.6172616481781006,7.056204080581665,0.8660253286361694,0.056303102523088455,0.0,0.5354883074760437,0.09080289304256439,0.24838954149298978,0,0.0,0.03838101884159107,55,0.4821544289588928,1.0,0.5268629071803881,0.9863367799113737,64.32544708251953,0.992245199409158,0.5304298400878906,0.9988921713441654,0.5304298400878906,0.9988921713441654,8.736580348056577e-09,8.999439415902089e-09,1.865541854328967e-08,1.0,0.4821544289588928,0.4432559609413147,50,0.7479075789451599,1.0,1.0,1.0,0.5567440390586853,1.0,0.0,1.0
GCN,125,1444,2,1,4,-2.0236353874206543,4.042321681976318,6.065957069396973,0.7499998807907104,0.03330957144498825,-0.001568231382407248,0.7009689211845398,0.03811315447092056,0.10837438423645321,0,0.0,0.052337752965806,75,0.5495073199272156,1.0,0.6772301196887069,0.9992614475627769,83.87177276611328,1.0,0.6965742707252502,1.0,0.6965742707252502,1.0,3.453436425715495e-09,3.5463707526162125e-09,5.997416963055002e-08,1.0,0.5495073199272156,0.2673235237598419,72,0.6015417575836182,0.9999999403953552,1.0,0.9999999403953552,0.7326765060424805,1.0,9.313225746154785e-10,1.0
GCN,125,1448,1,1,5,-1.9930086135864258,4.142527103424072,6.135535717010498,0.7071066498756409,0.02160467952489853,-0.003759759711101651,0.7428295612335205,0.03977373614907265,0.10837438423645321,0,0.0,0.06629448709002093,95,0.549628734588623,1.0,0.7150981012815528,1.0,88.93177032470703,1.0,0.7386931777000427,1.0,0.7386931777000427,1.0,6.2475016271434924e-09,5.980077588674249e-08,6.02532352900198e-08,1.0,0.5496286749839783,0.22270753979682922,91,0.8205729126930237,1.0,1.0,1.0,0.7772924900054932,1.0,4.656612873077393e-10,1.0
GCN,125,1450,3,1,3,-4.4833455085754395,2.9332118034362793,7.416557312011719,0.8017836213111877,0.04063565284013748,0.0,0.6077091693878174,0.0643632784485817,0.20500189465706706,0,0.0,0.05024424284717376,72,0.5085898041725159,1.0,0.5926821291136205,0.9944608567208272,72.85230255126953,0.9977843426883308,0.6032503843307495,0.9996307237813885,0.6032503843307495,0.9996307237813885,5.8161075955354136e-09,3.0479480273015724e-08,6.091509874295298e-08,1.0,0.5085898041725159,0.36567699909210205,67,0.7717628479003906,1.0,1.0,1.0,0.634323000907898,1.0,0.0,1.0
GCN,125,1452,4,1,3,-3.0246500968933105,4.059459686279297,7.084109783172607,0.8017836213111877,0.039163362234830856,0.0,0.6902104616165161,0.061987731605768204,0.20291777188328913,0,0.0,0.0418702023726448,60,0.5782008171081543,1.0,0.6666023824414571,0.9966765140324964,82.5965576171875,1.0,0.68559330701828,1.0,0.68559330701828,1.0,4.771608441700437e-09,4.889443516731262e-09,6.021285514634656e-08,1.0,0.5782008171081543,0.2788568139076233,55,0.8759201765060425,1.0,1.0,1.0,0.7211431860923767,1.0,0.0,1.0
GCN,125,1457,3,1,3,-4.936450004577637,2.4817399978637695,7.418190002441406,0.8017836213111877,0.044011928141117096,-0.002118860138580203,0.5406420826911926,0.06494573503732681,0.20651762031072377,0,0.0,0.052337752965806,75,0.45159921050071716,1.0,0.5307144101842637,0.9870753323485968,64.82752227783203,0.9933530280649926,0.5362523198127747,0.9988921713441654,0.5362523198127747,0.9988921713441654,5.890201215663637e-09,6.7881216203602435e-09,1.5023610799858034e-08,1.0,0.45159924030303955,0.4367567300796509,71,0.6396572589874268,1.0,1.0,1.0,0.5632432699203491,1.0,4.656612873077393e-10,1.0
GCN,125,1476,6,1,2,-2.1861910820007324,2.0665671825408936,4.252758264541626,0.8660253286361694,0.0553131178021431,-0.005041860044002533,0.5596941709518433,0.08411826938390732,0.22735884804850323,0,0.0,0.03558967201674808,51,0.504096508026123,1.0,0.5463649278374334,0.9889217134416544,67.04640197753906,0.9966765140324964,0.5548273324966431,0.9988921713441654,0.5548273324966431,0.9988921713441654,8.119082295365843e-09,6.016453824031487e-08,1.2031367191411846e-07,1.0,0.5040965676307678,0.417919397354126,48,0.7371292114257812,1.0,1.0,1.0,0.582080602645874,1.0,9.313225746154785e-10,1.0
GCN,125,1486,2,1,3,-3.1293697357177734,4.486640453338623,7.6160101890563965,0.8017836213111877,0.03606593608856201,-0.06429029256105423,0.6773834228515625,0.05832953006029129,0.1964759378552482,0,0.0,0.04884856943475227,70,0.5652024149894714,1.0,0.6567590646397743,0.9955686853766618,81.2650375366211,1.0,0.6734215021133423,1.0,0.6734215021133423,1.0,1.862645149230957e-09,1.1920928955078125e-07,1.7881393432617188e-07,1.0,0.565202534198761,0.29506850242614746,67,0.8783811330795288,1.0,1.0,1.0,0.7049314975738525,1.0,8.664929218582529e-09,1.0
GCN,125,1487,6,1,4,-0.9174657464027405,2.8217952251434326,3.739260971546173,0.7499998807907104,0.027274535968899727,-0.002733966102823615,0.6677370667457581,0.0460430383682251,0.12542629784009093,0,0.0,0.0628053035589672,90,0.5237053632736206,1.0,0.6461801418125697,0.9948301329394387,79.90961456298828,1.0,0.6639695763587952,1.0,0.6639695763587952,1.0,2.7939677238464355e-09,2.996739212335342e-08,5.99066041218066e-08,1.0,0.5237053632736206,0.3017260432243347,86,0.7542918920516968,1.0,1.0,1.0,0.6982739567756653,1.0,4.656612873077393e-10,1.0
GCN,125,1493,4,1,1,-1.2990516424179077,6.269832611083984,7.568884253501892,0.9486831426620483,0.07283671945333481,0.0,0.5943479537963867,0.12694764137268066,0.41114058355437666,1,0.0,0.028611304954640614,41,0.5856497883796692,1.0,0.5778656455109438,0.9940915805022157,71.2646255493164,0.9974150664697193,0.5896158218383789,0.9996307237813885,0.5896158218383789,0.9996307237813885,7.213993846733047e-09,7.288752268408416e-09,6.089442905476972e-08,1.0,0.585649847984314,0.38267073035240173,36,0.9827343821525574,0.9999999403953552,1.0,0.9999999403953552,0.6173292398452759,1.0,0.0,1.0
GCN,125,1499,2,1,4,-2.9609193801879883,3.864483118057251,6.825402498245239,0.7499998807907104,0.032199643552303314,0.0,0.7198981642723083,0.044136688113212585,0.11405835543766578,0,0.0,0.051639916259595256,74,0.5645322203636169,1.0000001192092896,0.6947161871323289,0.9996307237813885,86.12630462646484,1.0,0.7154607772827148,1.0,0.7154607772827148,1.0,9.05349040181136e-09,9.089345276436234e-09,1.6199068753053325e-08,1.0,0.5645322799682617,0.24729019403457642,69,0.7400839328765869,1.0,1.0,1.0,0.7527098059654236,1.0,0.0,1.0000001192092896
GCN,125,1501,6,1,7,-1.2637090682983398,2.1226508617401123,3.386359930038452,0.6396021246910095,0.021951094269752502,-0.0010541487718001008,0.6618177890777588,0.026565462350845337,0.10837438423645321,0,0.0,0.07885554780181438,113,0.44276168942451477,1.0,0.6414032372649013,0.9948301329394387,79.23236083984375,1.0,0.658187210559845,1.0,0.658187210559845,1.0,8.981349886028056e-09,9.05349040181136e-09,2.044777325238556e-08,1.0,0.44276168942451477,0.3077545464038849,109,0.5122825503349304,1.0,1.0,1.0,0.6922454833984375,1.0,6.984919309616089e-10,1.0
GCN,125,1506,2,1,2,-1.8894596099853516,5.24249267578125,7.131952285766602,0.8660253286361694,0.05089077726006508,0.0,0.6436877250671387,0.0833655521273613,0.22565365668813944,0,0.0,0.034193998604326585,49,0.5814583897590637,1.0000001192092896,0.6215809045198571,0.9944608567208272,76.91192626953125,0.9996307237813885,0.6388565897941589,1.0,0.6388565897941589,1.0,7.377462196700435e-09,7.439658666896776e-09,1.2840749796794171e-08,1.0,0.5814584493637085,0.328589528799057,44,0.9131736755371094,0.9999998807907104,1.0,0.9999998807907104,0.6714104413986206,1.0,0.0,1.0000001192092896
GCN,125,1507,0,1,6,-1.1796207427978516,2.4919967651367188,3.6716175079345703,0.6708203554153442,0.028268294408917427,0.0,0.6824910640716553,0.03884041681885719,0.10837438423645321,0,0.0,0.056524773203070484,81,0.47863444685935974,1.0000001192092896,0.659570422750051,0.9955686853766618,81.65015411376953,1.0,0.6783229112625122,1.0,0.6783229112625122,1.0,1.1377774278287234e-08,6.068800928460405e-08,1.215705509594045e-07,1.0,0.4786345064640045,0.28649380803108215,76,0.6290534138679504,1.0,1.0,1.0,0.7135062217712402,1.0,0.0,1.0000001192092896
GCN,125,1523,0,1,2,0.5845413208007812,5.26831579208374,4.683774471282959,0.8660253286361694,0.05808721482753754,-0.08946486562490463,0.5729592442512512,0.1014832854270935,0.3283440697233801,1,0.0,0.03768318213538032,54,0.510749876499176,1.0,0.550751435034255,0.990029542097489,68.67791748046875,0.9970457902511078,0.5678094029426575,0.9988921713441654,0.5678094029426575,0.9988921713441654,9.029507808122617e-09,3.119669855777829e-08,6.227980975381797e-08,1.0,0.5107499361038208,0.4102367162704468,50,0.8668985366821289,0.9999999403953552,1.0,0.9999999403953552,0.5897632837295532,1.0,1.3504177331924438e-08,1.0
GCN,125,1541,3,1,1,-5.173990726470947,2.307142496109009,7.481133222579956,0.9486831426620483,0.09069238603115082,0.0,0.4775296151638031,0.1777738630771637,0.6000378931413414,1,0.0,0.025819958129797628,37,0.4649110436439514,1.0,0.4601709004063133,0.96602658788774,57.97876739501953,0.9796898079763663,0.46862637996673584,0.9981536189069424,0.46862637996673584,0.9981536189069424,6.969380184074225e-09,3.060904063545422e-08,6.146439091025968e-08,1.0,0.46491101384162903,0.5099406838417053,32,0.8880113363265991,1.0,1.0,1.0,0.4900593161582947,1.0,0.0,1.0
GCN,125,1546,2,1,5,-4.774174213409424,1.439530372619629,6.213704586029053,0.7071066498756409,0.025761853903532028,-0.06592807918787003,0.7260634303092957,0.035122353583574295,0.10837438423645321,0,0.0,0.05303558967201675,76,0.5353079438209534,1.0000001192092896,0.700525820311388,0.9996307237813885,86.86505126953125,1.0,0.7216112017631531,1.0,0.7216112017631531,1.0,6.664205187689731e-09,6.864556478802797e-09,1.2484435707449393e-08,1.0,0.5353079438209534,0.24296008050441742,72,0.6999483108520508,1.0,1.0,1.0,0.7570399045944214,1.0,3.259629011154175e-09,1.0000001192092896
GCN,125,1554,3,0,4,-8.19202995300293,-2.585660457611084,5.606369495391846,0.7499998807907104,0.057508327066898346,0.0,0.6072046160697937,0.0950833410024643,0.27453580901856767,0,0.0,0.03210048848569435,46,0.47319021821022034,1.0,0.5930296392930008,0.9944608567208272,72.7558364868164,0.9977843426883308,0.6019370555877686,0.9996307237813885,0.6019370555877686,0.9996307237813885,7.792003486883914e-09,3.084720390233997e-08,6.192986035102876e-08,1.0,0.47319021821022034,0.3690796196460724,41,0.7529566287994385,1.0,1.0,1.0,0.63092041015625,1.0,0.0,1.0
GCN,125,1561,1,1,2,-1.57999849319458,5.143654823303223,6.723653316497803,0.8660253286361694,0.04245861992239952,0.0,0.6821692585945129,0.0674329549074173,0.2084122773777946,0,0.0,0.03698534542916958,53,0.6172034740447998,1.0,0.6597158102649717,0.9955686853766618,81.79242706298828,1.0,0.6779168844223022,1.0,0.6779168844223022,1.0,7.450580596923828e-09,6.006850128414953e-08,6.08147630032363e-08,1.0,0.6172035336494446,0.28731468319892883,48,0.9382726550102234,1.0000001192092896,1.0,1.0000001192092896,0.7126853466033936,1.0,0.0,1.0
GCN,125,1565,2,1,2,-3.765526294708252,2.1073100566864014,5.872836351394653,0.8660253286361694,0.12177783250808716,0.0,0.7048924565315247,0.19305464625358582,0.6515725653656688,1,0.0,0.020237264480111653,29,0.6265642046928406,1.0,0.6817643892135682,0.9996307237813885,83.1197509765625,1.0,0.6895372867584229,1.0,0.6895372867584229,1.0,0.0,5.973183903051904e-08,5.9938443541796e-08,1.0,0.6265642642974854,0.27650582790374756,24,0.9677550196647644,1.0,1.0,1.0,0.7234941720962524,1.0,0.0,1.0
GCN,125,1567,3,1,4,-5.8051862716674805,0.2742166519165039,6.079402923583984,0.7499998807907104,0.048893678933382034,0.0,0.6558179259300232,0.0809662789106369,0.22110647972716937,0,0.0,0.03349616189811584,48,0.5126468539237976,1.0,0.6356274432395107,0.9948301329394387,78.49346160888672,0.9996307237813885,0.6510654091835022,1.0,0.6510654091835022,1.0,9.497663988611293e-09,3.145885685285066e-08,6.276167141550104e-08,1.0,0.5126467943191528,0.31647080183029175,43,0.8145090341567993,1.0,1.0,1.0,0.6835291981697083,1.0,0.0,1.0
GCN,125,1568,2,1,4,-2.7233426570892334,4.37484073638916,7.0981833934783936,0.7499998807907104,0.026322316378355026,-0.0015330933965742588,0.7348003387451172,0.0413314588367939,0.10913224706328155,0,0.0,0.05722260990928123,82,0.5765445828437805,1.0,0.7071067390396978,0.9996307237813885,87.95159912109375,1.0,0.730560302734375,1.0,0.730560302734375,1.0,3.6666205627255977e-09,3.8469933905105336e-09,5.997921448397392e-08,1.0,0.5765446424484253,0.23127372562885284,78,0.8653408288955688,1.0,1.0,1.0,0.7687262892723083,1.0,9.313225746154785e-10,1.0
GCN,125,1583,0,1,10,-0.9423093795776367,3.3232128620147705,4.265522241592407,0.5669466257095337,0.015888851135969162,-0.000398212083382532,0.7239914536476135,0.02283739298582077,0.10837438423645321,0,0.0,0.08932309839497557,128,0.429609090089798,1.0,0.6994377730887756,0.9996307237813885,86.69384002685547,1.0,0.7200524806976318,1.0,0.7200524806976318,1.0,8.349503310967066e-09,3.105911972056674e-08,6.298228072409984e-08,1.0,0.4296090602874756,0.24224072694778442,124,0.5899695158004761,1.0,1.0,1.0,0.7577592730522156,1.0,1.1641532182693481e-10,1.0
GCN,125,1589,2,1,3,-3.902980327606201,3.7716901302337646,7.674670457839966,0.8017836213111877,0.03290301933884621,-0.0014815361937507987,0.6394912004470825,0.04812538996338844,0.14153088291019325,0,0.0,0.05792044661549198,83,0.5359010100364685,0.9999999403953552,0.6223115558040514,0.9944608567208272,76.65798950195312,0.9996307237813885,0.6355302333831787,1.0,0.6355302333831787,1.0,4.368290174028289e-09,4.092789218645976e-09,6.009130260054008e-08,1.0,0.5359009504318237,0.3316139876842499,79,0.7499464154243469,1.0,1.0,1.0,0.6683859825134277,1.0,9.313225746154785e-10,0.9999999403953552
GCN,125,1591,3,1,1,-6.042843341827393,2.1110777854919434,8.153921127319336,0.9486831426620483,0.07737024128437042,-0.002167154336348176,0.5085581541061401,0.14782974123954773,0.5013262599469496,1,0.0,0.02930914166085136,42,0.4986336827278137,1.0,0.4995540776196003,0.9763663220088626,61.06471252441406,0.9874446085672083,0.5032961964607239,0.9985228951255539,0.5032961964607239,0.9985228951255539,0.0,2.995291836782599e-08,5.990583673565197e-08,1.0,0.4986337125301361,0.4743937849998474,38,0.9112474918365479,0.9999999403953552,0.9999999403953552,1.0,0.5256061553955078,0.9999999403953552,0.0,1.0
GCN,125,1597,3,1,2,-3.081127405166626,4.8149638175964355,7.8960912227630615,0.8660253286361694,0.07410874962806702,-0.0006774735520593822,0.562323272228241,0.08672423660755157,0.2315270935960591,0,0.0,0.027913468248429867,40,0.5040964484214783,1.0,0.5498704616847568,0.990029542097489,66.94247436523438,0.9955686853766618,0.5563256144523621,0.9988921713441654,0.5563256144523621,0.9988921713441654,7.2738619572021435e-09,3.015763638813951e-08,6.030502675002936e-08,1.0,0.504096508026123,0.41791945695877075,36,0.5605037212371826,1.0,1.0,1.0,0.5820805430412292,1.0,0.0,1.0
GCN,125,1600,3,1,1,-3.947193145751953,4.147487640380859,8.094680786132812,0.9486831426620483,0.08537032455205917,0.0,0.4764381945133209,0.1690777838230133,0.5759757483895415,1,0.0,0.02930914166085136,42,0.46491098403930664,1.0,0.4709734318624342,0.9693500738552437,57.60696792602539,0.9782127031019202,0.47141095995903015,0.9981536189069424,0.47141095995903015,0.9981536189069424,1.1019557710767458e-08,1.1073539418759992e-08,2.3802931181649e-08,1.0,0.46491095423698425,0.5099407434463501,37,0.8951737880706787,1.0,1.0,1.0,0.4900592565536499,1.0,0.0,1.0
GCN,125,1602,0,1,10,4.117247104644775,8.07022476196289,3.9529776573181152,0.5669466257095337,0.01875676028430462,-0.0007914213929325342,0.6893041729927063,0.027825508266687393,0.10837438423645321,0,0.0,0.09979064898813678,143,0.40885186195373535,1.0,0.6638069109755479,0.9955686853766618,82.46153259277344,1.0,0.68511962890625,1.0,0.68511962890625,1.0,1.0753146817421566e-08,1.1178295622471524e-08,2.733873571969525e-08,1.0,0.40885183215141296,0.27885305881500244,140,0.5424399971961975,1.0000001192092896,1.0,1.0000001192092896,0.7211469411849976,1.0,2.3999632836613216e-10,1.0
GCN,125,1605,3,1,3,-3.9517297744750977,4.3791961669921875,8.330925941467285,0.8017836213111877,0.034807637333869934,0.0,0.6534263491630554,0.052733082324266434,0.17904509283819628,0,0.0,0.055826936496859735,80,0.5475495457649231,1.0,0.6319100337970952,0.9948301329394387,78.19615936279297,0.9996307237813885,0.6486897468566895,1.0,0.6486897468566895,1.0,6.367822269481849e-09,5.314458206839845e-09,6.0395983325634e-08,1.0,0.5475494861602783,0.3170856833457947,75,0.7937110662460327,0.9999999403953552,1.0,0.9999999403953552,0.6829143166542053,1.0,0.0,1.0
GCN,125,1611,3,1,2,-3.882736921310425,2.8871803283691406,6.769917249679565,0.8660253286361694,0.08774266391992569,0.0,0.6298971176147461,0.14055517315864563,0.46513830996589617,1,0.0,0.01465457083042568,21,0.5639473795890808,1.0,0.6105402296294045,0.9944608567208272,75.28671264648438,0.9992614475627769,0.6226091384887695,1.0,0.6226091384887695,1.0,1.30385160446167e-08,1.3214036087560999e-08,6.405413444099395e-08,1.0,0.5639473795890808,0.3488095700740814,16,0.8738486766815186,0.9999998807907104,1.0,0.9999998807907104,0.6511904001235962,1.0,0.0,1.0
GCN,125,1628,0,1,17,4.837601661682129,8.48600959777832,3.6484079360961914,0.462909996509552,0.013872211799025536,-0.012689144350588322,0.6918513178825378,0.018464718014001846,0.10837438423645321,0,0.0,0.13189113747383113,189,0.33495986461639404,1.0,0.6669404217807336,0.9977843426883308,82.78060150146484,1.0,0.6879215240478516,1.0,0.6879215240478516,1.0,1.8572531956806415e-08,3.28035163477125e-08,7.226999088061348e-08,1.0,0.33495989441871643,0.27640384435653687,187,0.42629116773605347,1.0,1.0,1.0,0.7235961556434631,1.0,4.234482098297576e-09,1.0
GCN,125,1629,2,1,3,-3.216771125793457,3.529202461242676,6.745973587036133,0.8017836213111877,0.040660664439201355,-0.001340565038844943,0.6134220361709595,0.06196023151278496,0.20291777188328913,0,0.0,0.045359385903698535,65,0.5133448839187622,1.0,0.5957022494950661,0.9944608567208272,73.40887451171875,0.9985228951255539,0.608771026134491,0.9996307237813885,0.608771026134491,0.9996307237813885,5.587935447692871e-09,3.033686013509396e-08,6.062087720692944e-08,1.0,0.5133448839187622,0.3597463071346283,62,0.7314921617507935,1.0,0.9999999403953552,1.0000001192092896,0.6402536630630493,1.0,2.3283064365386963e-10,1.0
GCN,125,1632,2,1,3,-3.842651844024658,3.035287380218506,6.877939224243164,0.8017836213111877,0.0515323206782341,0.0,0.6683704257011414,0.08863174915313721,0.23796892762410005,0,0.0,0.03628750872295883,52,0.558711051940918,1.0000001192092896,0.6473695624359395,0.9948301329394387,80.30665588378906,1.0,0.6631851196289062,1.0,0.6631851196289062,1.0,5.890201215663637e-09,6.035659971814766e-09,1.0834757979694132e-08,1.0,0.558711051940918,0.3031647801399231,47,0.9216883182525635,1.0,1.0,1.0,0.6968352198600769,1.0,0.0,1.0000001192092896
GCN,125,1637,0,1,2,-1.2064956426620483,4.5928144454956055,5.799310088157654,0.8660253286361694,0.07311322540044785,0.0,0.6707521677017212,0.11357595026493073,0.38044713906782873,1,0.0,0.02372644801116539,34,0.6036084294319153,1.0,0.6459545257642493,0.9948301329394387,80.0754623413086,1.0,0.6641470193862915,1.0,0.6641470193862915,1.0,0.0,5.390419222095488e-09,9.021304592238266e-09,1.0,0.6036084294319153,0.3030129671096802,29,0.9023668766021729,1.0,1.0,1.0,0.6969870328903198,1.0,0.0,1.0
GCN,125,1644,0,1,2,0.6925948262214661,6.384969711303711,5.692374885082245,0.8660253286361694,0.042852409183979034,0.0,0.7027318477630615,0.06734201312065125,0.20803334596438045,0,0.0,0.03279832519190509,47,0.6358740925788879,0.9999999403953552,0.677512756523165,0.9992614475627769,84.15056610107422,1.0,0.6984554529190063,1.0,0.6984554529190063,1.0,7.198948992481746e-09,6.938197127936974e-09,1.0886672896504024e-08,1.0,0.6358740329742432,0.265755832195282,42,0.9563813805580139,1.0,1.0,1.0,0.734244167804718,1.0,0.0,0.9999999403953552
GCN,125,1645,3,1,4,-1.4910532236099243,2.6039271354675293,4.094980359077454,0.7499998807907104,0.03293371573090553,0.0,0.6605517864227295,0.05064834654331207,0.16331943918150815,0,0.0,0.050942079553384506,73,0.5177695751190186,1.0,0.6400544486875304,0.9948301329394387,79.05069732666016,1.0,0.6562528014183044,1.0,0.6562528014183044,1.0,6.650973549682249e-09,6.988798872953339e-09,1.350926837062616e-08,1.0,0.5177695751190186,0.30964046716690063,68,0.7618905901908875,1.0000001192092896,1.0,1.0000001192092896,0.6903595328330994,1.0,0.0,1.0
GCN,125,1653,4,1,5,-3.876875162124634,2.3939685821533203,6.270843744277954,0.7071066498756409,0.027107516303658485,-0.00242576003074646,0.672779381275177,0.04743434116244316,0.1330049261083744,0,0.0,0.06489881367759945,93,0.49741798639297485,1.0,0.6519719737661216,0.9951994091580503,80.57007598876953,1.0,0.6689068078994751,1.0,0.6689068078994751,1.0,1.2641653057698932e-08,9.656157651249941e-09,1.941163318974759e-08,1.0,0.49741798639297485,0.29654461145401,89,0.7374335527420044,1.0,1.0,1.0,0.70345538854599,1.0,4.656612873077393e-10,1.0
GCN,125,1661,5,1,4,0.23230504989624023,4.862558364868164,4.630253314971924,0.7499998807907104,0.024772167205810547,-0.0041807484813034534,0.7414189577102661,0.04216418415307999,0.10989010989010989,0,0.0,0.04745289602233078,68,0.5817586183547974,1.0,0.7141695856311425,1.0,88.7636947631836,1.0,0.7374572157859802,1.0,0.7374572157859802,1.0,0.0,5.967009286678149e-08,5.974289507548747e-08,1.0,0.5817584991455078,0.22432181239128113,64,0.8151115775108337,1.0,1.0,1.0,0.7756781578063965,1.0,9.313225746154785e-10,1.0
GCN,125,1668,2,1,2,-1.741908311843872,4.544835090637207,6.286743402481079,0.8660253286361694,0.052428293973207474,-0.00081000936916098,0.5802320837974548,0.08499285578727722,0.2277377794619174,0,0.0,0.039078855547801813,56,0.5234181880950928,1.0,0.5647732312092226,0.9937223042836041,69.28067016601562,0.9970457902511078,0.5748987793922424,0.9996307237813885,0.5748987793922424,0.9996307237813885,4.5625303535246076e-09,5.979034511938153e-08,6.0267446144735e-08,1.0,0.5234181880950928,0.39560866355895996,52,0.814608633518219,1.0000001192092896,1.0,1.0000001192092896,0.60439133644104,1.0,0.0,1.0
GCN,125,1675,6,1,4,-0.9828414916992188,3.744476318359375,4.727317810058594,0.7499998807907104,0.028180701658129692,0.0,0.7115266919136047,0.041516393423080444,0.10913224706328155,0,0.0,0.044661549197487785,64,0.5581824779510498,1.0,0.686660427355274,0.9996307237813885,85.20127868652344,1.0,0.7078908681869507,1.0,0.7078908681869507,1.0,6.107090388951519e-09,5.995287466475929e-08,6.069230096272804e-08,1.0,0.5581825375556946,0.2557564973831177,59,0.7861766815185547,1.0,1.0,1.0,0.7442435026168823,1.0,0.0,1.0
GCN,125,1679,3,1,3,-5.624276161193848,2.183619499206543,7.807895660400391,0.8017836213111877,0.04936723783612251,-0.0006861517322249711,0.6032623052597046,0.07063516974449158,0.21049640015157256,0,0.0,0.034891835310537335,50,0.503951907157898,1.0,0.5897849603116939,0.9944608567208272,72.55865478515625,0.9977843426883308,0.5993077754974365,0.9996307237813885,0.5993077754974365,0.9996307237813885,6.384826001237798e-09,6.748073211326755e-09,1.3403461451844123e-08,1.0,0.5039518475532532,0.37146151065826416,46,0.6920629739761353,1.0,1.0,1.0,0.6285384893417358,1.0,4.656612873077393e-10,1.0
GCN,125,1684,3,1,2,-5.402782440185547,1.5938735008239746,6.9966559410095215,0.8660253286361694,0.07073012739419937,0.0,0.5520216822624207,0.12384713441133499,0.4037514209928003,1,0.0,0.027913468248429867,40,0.49523454904556274,1.0,0.5421298290439572,0.9889217134416544,66.21562957763672,0.9944608567208272,0.5463974475860596,0.9988921713441654,0.5463974475860596,0.9988921713441654,6.8437953082423064e-09,3.035115270222377e-08,6.072274771895536e-08,1.0,0.49523451924324036,0.4281523823738098,35,0.8370825052261353,1.0,1.0,1.0,0.5718476176261902,1.0,0.0,1.0
GCN,125,1688,4,1,3,-1.8151698112487793,5.18268346786499,6.9978532791137695,0.8017836213111877,0.042996279895305634,0.0,0.6165396571159363,0.07253102213144302,0.21163319439181508,0,0.0,0.04815073272854152,69,0.5158214569091797,1.0,0.5985378420298512,0.9944608567208272,74.08860778808594,0.9992614475627769,0.6119968295097351,0.9996307237813885,0.6119968295097351,0.9996307237813885,7.318441408443732e-09,7.381135258555105e-09,1.4309933682454812e-08,1.0,0.5158214569091797,0.35665756464004517,64,0.8338945508003235,1.0000001192092896,1.0,1.0000001192092896,0.6433424353599548,1.0,0.0,1.0
GCN,125,1695,0,1,3,1.8224867582321167,6.650660514831543,4.828173756599426,0.8017836213111877,0.03938470408320427,0.0,0.6535707116127014,0.060899704694747925,0.2019704433497537,0,0.0,0.0418702023726448,60,0.5473308563232422,1.0,0.6303283535084665,0.9948301329394387,78.25035858154297,0.9996307237813885,0.6494185924530029,1.0,0.6494185924530029,1.0,5.8161075955354136e-09,5.778704625925002e-09,1.0540746053777639e-08,1.0,0.5473308563232422,0.31735843420028687,55,0.8102842569351196,1.0,1.0,1.0,0.6826415657997131,1.0,0.0,1.0
GCN,125,1705,1,1,7,-1.621319055557251,3.6113853454589844,5.232704401016235,0.6396021246910095,0.022932209074497223,0.0,0.666715145111084,0.034857481718063354,0.10837438423645321,0,0.0,0.08443824145150035,121,0.4460170865058899,1.0,0.6439856329464476,0.9948301329394387,79.76410675048828,1.0,0.6625344753265381,1.0,0.6625344753265381,1.0,6.841814670366375e-09,3.093451184099649e-08,6.24277163296938e-08,1.0,0.4460171163082123,0.30266472697257996,116,0.6481870412826538,1.0,1.0,1.0,0.6973352432250977,1.0,0.0,1.0
GCN,125,1707,5,1,1,-2.516733169555664,4.076964855194092,6.593698024749756,0.9486831426620483,0.06727758795022964,0.0,0.6035948991775513,0.11544911563396454,0.3874573702159909,1,0.0,0.030006978367062107,43,0.595632791519165,1.0,0.5858851345822437,0.9940915805022157,72.53002166748047,0.9977843426883308,0.5985632538795471,0.9996307237813885,0.5985632538795471,0.9996307237813885,7.679882507716229e-09,7.970837323512114e-09,1.3275630372788783e-08,1.0,0.5956327319145203,0.3721478581428528,38,0.9826230406761169,1.0,1.0,1.0,0.6278521418571472,1.0,0.0,1.0
GCN,125,1726,2,1,3,-2.9322915077209473,4.899897575378418,7.832189083099365,0.8017836213111877,0.029439043253660202,0.0,0.7381277680397034,0.045515693724155426,0.12182644941265632,0,0.0,0.045359385903698535,65,0.6191286444664001,1.0000001192092896,0.7108652686010916,1.0,88.31722259521484,1.0,0.7339134216308594,1.0,0.7339134216308594,1.0,1.209823463632631e-09,4.765924543903566e-09,6.009675956875071e-08,1.0,0.6191287040710449,0.22781071066856384,60,0.9150107502937317,0.9999998807907104,1.0,0.9999998807907104,0.7721892595291138,1.0,0.0,1.0000001192092896
GCN,125,1727,2,1,3,-3.575352668762207,3.2521042823791504,6.827456951141357,0.8017836213111877,0.041580550372600555,-0.0007284163148142397,0.6691206693649292,0.06264147907495499,0.20367563471011746,0,0.0,0.03977669225401256,57,0.5602203607559204,1.0,0.6469566947839446,0.9948301329394387,80.21200561523438,1.0,0.6643969416618347,1.0,0.6643969416618347,1.0,8.023372188858957e-09,6.010684217017115e-08,6.11907893244279e-08,1.0,0.5602203011512756,0.3012825548648834,53,0.8082270622253418,1.0000001192092896,1.0000001192092896,1.0,0.6987175941467285,1.0000001192092896,0.0,1.0
GCN,125,1734,2,1,4,-4.22815465927124,2.475975513458252,6.704130172729492,0.7499998807907104,0.04960022494196892,0.0,0.7546529173851013,0.07911243289709091,0.22034861690034105,0,0.0,0.03210048848569435,46,0.5905607342720032,1.0,0.7283130599356692,1.0,90.2522964477539,1.0,0.7496545314788818,1.0,0.7496545314788818,1.0,6.212696579410704e-09,6.195220336735474e-09,1.0471087108498978e-08,1.0,0.5905607342720032,0.21258553862571716,41,0.9027542471885681,0.9999999403953552,1.0,0.9999999403953552,0.7874144315719604,1.0,0.0,1.0
GCN,125,1749,2,1,4,-4.211699485778809,3.1598050594329834,7.371504545211792,0.7499998807907104,0.02372104860842228,-0.05262439325451851,0.7530382871627808,0.03788752108812332,0.10837438423645321,0,0.0,0.061409630146545706,88,0.5897449851036072,1.0,0.7247813141615176,1.0,90.1480941772461,1.0,0.748958945274353,1.0,0.748958945274353,1.0,3.2261959770352178e-09,3.2927225390722015e-09,5.986421314219115e-08,1.0,0.589745044708252,0.21367309987545013,84,0.9020707607269287,0.9999999403953552,1.0,0.9999999403953552,0.7863268852233887,1.0,1.4551915228366852e-08,1.0
GCN,125,1752,2,1,3,-4.244058609008789,3.5035085678100586,7.747567176818848,0.8017836213111877,0.04047592729330063,-0.0012990536633878946,0.7125195264816284,0.05782404541969299,0.1962864721485411,0,0.0,0.03838101884159107,55,0.5968308448791504,1.0,0.6864612491489783,0.9996307237813885,85.24191284179688,1.0,0.708040714263916,1.0,0.708040714263916,1.0,5.53187184948456e-09,5.987709528199048e-08,6.037351596432927e-08,1.0,0.5968309044837952,0.2556210160255432,51,0.8161417245864868,0.9999998807907104,1.0,0.9999998807907104,0.7443789839744568,1.0,4.656612873077393e-10,1.0
GCN,125,1753,2,1,3,-3.6103925704956055,4.006004810333252,7.616397380828857,0.8017836213111877,0.03781340271234512,-0.0013905229279771447,0.7046385407447815,0.06429138779640198,0.20500189465706706,0,0.0,0.040474528960223306,58,0.59038907289505,1.0,0.6790343906642976,0.9992614475627769,84.49244689941406,1.0,0.7002308368682861,1.0,0.7002308368682861,1.0,3.9803147444672504e-09,5.974635541861062e-08,6.002053254405837e-08,1.0,0.5903891324996948,0.26365533471107483,54,0.9605735540390015,1.0,1.0,1.0,0.7363446950912476,1.0,4.656612873077393e-10,1.0
GCN,125,1760,2,1,2,-2.503957509994507,5.4688849449157715,7.972842454910278,0.8660253286361694,0.03895721957087517,0.0,0.7141122221946716,0.06115126982331276,0.2019704433497537,0,0.0,0.04326587578506629,62,0.6464930772781372,1.0,0.6905362749715763,0.9996307237813885,85.60765075683594,1.0,0.7099535465240479,1.0,0.7099535465240479,1.0,0.0,1.9199706269290573e-09,1.975633434625479e-09,1.0,0.6464930772781372,0.2534940242767334,57,0.9707659482955933,1.0000001192092896,1.0,1.0000001192092896,0.7465059757232666,1.0,0.0,1.0
GCN,125,1764,5,1,2,-2.527578830718994,4.663984298706055,7.191563129425049,0.8660253286361694,0.04298344999551773,0.0,0.6750914454460144,0.06715032458305359,0.20765441455096628,0,0.0,0.041172365666434056,59,0.6107260584831238,1.0,0.6535886433014527,0.9951994091580503,81.06620025634766,1.0,0.6708187460899353,1.0,0.6708187460899353,1.0,3.2261959770352178e-09,2.7939677238464355e-09,4.698197830776962e-09,1.0,0.6107260584831238,0.2947941720485687,54,0.913355827331543,1.0,1.0,1.0,0.7052057981491089,1.0,0.0,1.0
GCN,125,1768,1,1,3,-2.0964832305908203,4.765781879425049,6.862265110015869,0.8017836213111877,0.0384545661509037,-0.0011977317044511437,0.6691064834594727,0.05093635618686676,0.16331943918150815,0,0.0,0.039078855547801813,56,0.5604368448257446,1.0,0.6463191579046593,0.9948301329394387,80.0895767211914,1.0,0.6648489832878113,1.0,0.6648489832878113,1.0,4.6566128730773926e-09,5.969734218069789e-08,5.99089489128346e-08,1.0,0.5604367852210999,0.30101245641708374,52,0.6838627457618713,1.0,1.0,1.0,0.6989875435829163,1.0,4.656612873077393e-10,1.0
GCN,125,1771,1,1,3,-2.351134777069092,4.928236961364746,7.279371738433838,0.8017836213111877,0.02847922407090664,0.0,0.7380997538566589,0.04449717700481415,0.11595301250473665,0,0.0,0.052337752965806,75,0.6191544532775879,1.0,0.7098966251927692,1.0,88.35305786132812,1.0,0.733742356300354,1.0,0.733742356300354,1.0,2.644447771871228e-09,3.3173259694763146e-09,5.412995829345846e-09,1.0,0.6191543936729431,0.22777873277664185,70,0.9246481657028198,0.9999999403953552,1.0,0.9999999403953552,0.7722212672233582,1.0,0.0,1.0
GCN,125,1777,1,1,5,-2.7037618160247803,3.4836745262145996,6.18743634223938,0.7071066498756409,0.02049332670867443,0.0,0.7300719618797302,0.031010566279292107,0.10837438423645321,0,0.0,0.06838799720865317,98,0.5403041839599609,1.0,0.7027943151418855,0.9996307237813885,87.39986419677734,1.0,0.7259640693664551,1.0,0.7259640693664551,1.0,4.771608441700437e-09,5.971005379024064e-08,5.996599128366142e-08,1.0,0.5403041839599609,0.2358943372964859,93,0.7811740636825562,0.9999999403953552,1.0,0.9999999403953552,0.7641056776046753,1.0,0.0,1.0
GCN,125,1779,1,1,6,-2.288017511367798,3.465847969055176,5.753865480422974,0.6708203554153442,0.01649351790547371,0.0,0.7593809366226196,0.024726804345846176,0.10837438423645321,0,0.0,0.08094905792044661,116,0.5332961082458496,1.0,0.730649140467406,1.0,90.90116882324219,1.0,0.7551966309547424,1.0,0.7551966309547424,1.0,3.3254867748411243e-09,3.875074039427773e-09,5.997515728495273e-08,1.0,0.5332960486412048,0.2050090730190277,111,0.7636961936950684,0.9999998807907104,1.0,0.9999998807907104,0.7949908971786499,1.0,0.0,1.0
GCN,125,1781,1,1,5,-2.263126850128174,3.943657398223877,6.206784248352051,0.7071066498756409,0.020358620211482048,0.0,0.740786612033844,0.02889079786837101,0.10837438423645321,0,0.0,0.06908583391486392,99,0.5482518076896667,1.0,0.7134549768139419,1.0,88.68299865722656,1.0,0.7366352081298828,1.0,0.7366352081298828,1.0,4.059541147682921e-09,5.9774478700092e-08,6.016961862087555e-08,1.0,0.548251748085022,0.22465477883815765,94,0.7433429956436157,1.0,1.0,1.0,0.7753452062606812,1.0,0.0,1.0
GCN,125,1783,1,1,2,-2.4198617935180664,4.323092460632324,6.742954254150391,0.8660253286361694,0.05284871533513069,0.0,0.6378418803215027,0.08776096999645233,0.23796892762410005,0,0.0,0.03349616189811584,48,0.5759397149085999,1.0,0.6169951899818623,0.9944608567208272,76.45621490478516,0.9992614475627769,0.6334872841835022,1.0,0.6334872841835022,1.0,3.725290298461914e-09,5.206251540990081e-10,1.1406325883811519e-09,1.0,0.5759397149085999,0.33496198058128357,43,0.9172983765602112,1.0,1.0,1.0,0.665037989616394,1.0,0.0,1.0
GCN,125,1786,1,1,3,-2.2051610946655273,4.8335466384887695,7.038707733154297,0.8017836213111877,0.04280943050980568,-0.1265411227941513,0.6585493683815002,0.2805107831954956,0.8486169003410383,1,0.0,0.040474528960223306,58,0.5455987453460693,1.0,0.6333035812374855,0.9948301329394387,78.8489990234375,0.9996307237813885,0.6541789770126343,1.0,0.6541789770126343,1.0,3.0888476221235805e-09,5.969597793864523e-08,5.991403639882265e-08,1.0,0.5455986857414246,0.3195188045501709,56,0.7213177680969238,1.0000001192092896,1.0,1.0000001192092896,0.6804811954498291,1.0,2.8878510249796818e-08,1.0
GCN,125,1794,4,1,4,-2.5484414100646973,3.81070876121521,6.359150171279907,0.7499998807907104,0.032362084835767746,-0.0027793338522315025,0.6339986324310303,0.044644616544246674,0.11708980674497915,0,0.0,0.05792044661549198,83,0.4968087077140808,1.0,0.6161342518723801,0.9944608567208272,76.04564666748047,0.9992614475627769,0.629656195640564,1.0,0.629656195640564,1.0,6.107090388951519e-09,6.199594171363287e-09,1.2471106813904953e-08,1.0,0.4968086779117584,0.3375883102416992,80,0.6559672355651855,1.0,1.0,1.0,0.6624116897583008,1.0,4.656612873077393e-10,1.0
GCN,125,1803,0,1,4,0.16079342365264893,4.132302284240723,3.9715088605880737,0.7499998807907104,0.03411750867962837,0.0,0.6523190140724182,0.056462064385414124,0.19306555513452064,0,0.0,0.04884856943475227,70,0.5112023949623108,1.0,0.6316296625454061,0.9948301329394387,78.2464370727539,0.9996307237813885,0.648162841796875,1.0,0.648162841796875,1.0,8.119082295365843e-09,3.121059677368976e-08,6.230182236777182e-08,1.0,0.511202335357666,0.31839674711227417,65,0.8096562623977661,1.0,1.0,1.0,0.6816032528877258,1.0,0.0,1.0
GCN,125,1807,3,1,5,-3.5513343811035156,4.035165786743164,7.58650016784668,0.7071066498756409,0.027405831962823868,0.0,0.7421384453773499,0.04729137569665909,0.1330049261083744,0,0.0,0.06629448709002093,95,0.5489174127578735,1.0,0.715819771260347,1.0,88.80628967285156,1.0,0.738166093826294,1.0,0.738166093826294,1.0,3.017829985907383e-09,5.968871619188576e-08,5.989025453345675e-08,1.0,0.5489174127578735,0.22371336817741394,90,0.9055426120758057,0.9999999403953552,1.0,0.9999999403953552,0.7762866020202637,1.0,0.0,1.0
GCN,125,1809,3,1,3,-3.6704752445220947,5.050434589385986,8.720909833908081,0.8017836213111877,0.030296210199594498,-0.1414041519165039,0.6877967715263367,0.24425017833709717,0.7838196286472149,1,0.0,0.055826936496859735,80,0.5722848773002625,1.0,0.6645552433937607,0.9966765140324964,82.3913345336914,1.0,0.6837673187255859,1.0,0.6837673187255859,1.0,4.5625303535246076e-09,5.981935657928261e-08,6.026306920148272e-08,1.0,0.5722849369049072,0.2862352132797241,76,0.8405635952949524,1.0,1.0,1.0,0.7137647867202759,1.0,4.656612873077393e-10,1.0
GCN,125,1810,3,0,44,-9.444876670837402,-6.850545883178711,2.5943307876586914,0.3061861991882324,0.007939254865050316,-0.012934963218867779,0.6398271322250366,0.011648704297840595,0.10837438423645321,0,0.0,0.2882065596650384,413,0.20492440462112427,1.0,0.6213775082531624,0.9944608567208272,76.53276824951172,0.9992614475627769,0.6360725164413452,1.0,0.6360725164413452,1.0,2.229710460710521e-08,4.984724100154381e-08,2.0869715910976083e-07,1.0,0.20492444932460785,0.330719530582428,412,0.2874392867088318,0.9999999403953552,1.0,0.9999999403953552,0.669280469417572,1.0,2.9600313311561877e-08,1.0
GCN,125,1817,3,1,2,-3.0167860984802246,5.300261497497559,8.317047595977783,0.8660253286361694,0.040711306035518646,0.0,0.7107047438621521,0.06424586474895477,0.20500189465706706,0,0.0,0.039078855547801813,56,0.6432767510414124,1.0,0.6873336504042246,0.9996307237813885,85.18660736083984,1.0,0.706951916217804,1.0,0.706951916217804,1.0,7.736145946068973e-09,6.009737063550347e-08,1.1980652914189704e-07,1.0,0.6432768106460571,0.25720787048339844,51,0.9712923765182495,1.0,1.0,1.0,0.7427921295166016,1.0,0.0,1.0
GCN,125,1822,3,1,2,-5.356244087219238,2.836353063583374,8.192597150802612,0.8660253286361694,0.04931676387786865,0.0,0.6381011009216309,0.08230814337730408,0.22300113679424025,0,0.0,0.039078855547801813,56,0.5765193104743958,1.0,0.6197143447686319,0.9944608567208272,76.6295394897461,0.9996307237813885,0.633963942527771,1.0,0.633963942527771,1.0,7.623203401863066e-09,7.683411240577698e-09,1.336147192887438e-08,1.0,0.5765193104743958,0.3342927396297455,51,0.92229163646698,1.0,1.0,1.0,0.6657072305679321,1.0,0.0,1.0
GCN,125,1825,5,1,4,-3.5318186283111572,3.129875659942627,6.661694288253784,0.7499998807907104,0.026812797412276268,-0.07802918553352356,0.6933344006538391,0.039308179169893265,0.10837438423645321,0,0.0,0.06071179344033496,87,0.5417593121528625,1.0,0.6683112264799597,0.9977843426883308,83.04299926757812,1.0,0.6894423961639404,1.0,0.6894423961639404,1.0,4.861646640819117e-09,5.982887074651444e-08,6.038381883399779e-08,1.0,0.5417593121528625,0.27765417098999023,84,0.7623330950737,1.0,1.0,1.0,0.7223458290100098,1.0,1.4435969752923938e-08,1.0
GCN,125,1829,5,1,5,-2.229781150817871,3.658412456512451,5.888193607330322,0.7071066498756409,0.027531038969755173,-0.0006594162550754845,0.6680701375007629,0.031216047704219818,0.10837438423645321,0,0.0,0.0628053035589672,90,0.49394848942756653,1.0,0.646495185139333,0.9948301329394387,79.96121978759766,1.0,0.6637474894523621,1.0,0.6637474894523621,1.0,9.405896506109457e-09,9.451891713752048e-09,1.913426039834576e-08,1.0,0.49394848942756653,0.3014512062072754,87,0.5356267690658569,1.0,1.0,1.0,0.6985487937927246,1.0,1.1641532182693481e-10,1.0
GCN,125,1836,6,1,2,-1.85879647731781,2.58830189704895,4.44709837436676,0.8660253286361694,0.05269947648048401,-0.0017710782121866941,0.5832666158676147,0.09062108397483826,0.24820007578628267,0,0.0,0.0418702023726448,60,0.5261029601097107,1.0,0.5712057982190547,0.9937223042836041,69.99893188476562,0.9974150664697193,0.5786494612693787,0.9996307237813885,0.5786494612693787,0.9996307237813885,9.723293281638234e-09,9.990035465534675e-09,6.255911699781791e-08,1.0,0.5261029005050659,0.3925085961818695,56,0.86860191822052,0.9999999403953552,1.0,0.9999999403953552,0.6074913740158081,1.0,4.656612873077393e-10,1.0
GCN,125,1838,0,1,4,2.1126627922058105,7.112472057342529,4.999809265136719,0.7499998807907104,0.02996130846440792,-0.0028100283816456795,0.7001256346702576,0.04236944019794464,0.10989010989010989,0,0.0,0.05373342637822749,77,0.5490217804908752,1.0,0.6732778541406709,0.9988921713441654,83.80571746826172,1.0,0.6961503028869629,1.0,0.6961503028869629,1.0,5.430496941016827e-09,5.985513951145549e-08,6.043365630148401e-08,1.0,0.5490217208862305,0.2679709494113922,75,0.683283805847168,0.9999999403953552,1.0,0.9999999403953552,0.7320290803909302,1.0,8.394828165947388e-10,1.0
GCN,125,1841,0,1,5,3.0625250339508057,7.490145683288574,4.4276206493377686,0.7071066498756409,0.02428826130926609,0.0,0.7335978746414185,0.03394090384244919,0.10837438423645321,0,0.0,0.051639916259595256,74,0.5427460670471191,1.0,0.7059543058126686,0.9996307237813885,87.87107849121094,1.0,0.7298381328582764,1.0,0.7298381328582764,1.0,4.368290174028289e-09,5.983793016639538e-08,6.041084077423875e-08,1.0,0.5427460074424744,0.23244106769561768,69,0.7248864769935608,1.0,1.0,1.0,0.7675589323043823,1.0,0.0,1.0
GCN,125,1845,5,1,2,0.3094775676727295,5.209595680236816,4.900118112564087,0.8660253286361694,0.04723455011844635,0.0,0.6498160362243652,0.07577767968177795,0.21580143993937098,0,0.0,0.034193998604326585,49,0.5873757004737854,1.0,0.6291305663212936,0.9948301329394387,77.8735580444336,0.9996307237813885,0.6458619236946106,1.0,0.6458619236946106,1.0,9.125060707049215e-09,8.752079061480345e-09,1.4687787874834157e-08,1.0,0.5873757004737854,0.32175689935684204,44,0.9028229117393494,1.0,1.0,1.0,0.678243100643158,1.0,0.0,1.0
GCN,125,1852,3,1,2,-2.4967527389526367,5.471258163452148,7.968010902404785,0.8660253286361694,0.04241049662232399,0.0,0.7186665534973145,0.06696726381778717,0.20765441455096628,0,0.0,0.041172365666434056,59,0.6503956317901611,1.0,0.6935253535657605,0.9996307237813885,86.284423828125,1.0,0.7145718336105347,1.0,0.7145718336105347,1.0,6.5854449671221e-10,5.961919669061899e-08,5.965027582988114e-08,1.0,0.6503955721855164,0.24898779392242432,54,0.9827594757080078,1.0,1.0,1.0,0.7510122060775757,1.0,0.0,1.0
GCN,125,1853,3,1,1,-3.1206650733947754,5.163460731506348,8.284125804901123,0.9486831426620483,0.07529958337545395,-0.006189248524606228,0.62812739610672,0.13202062249183655,0.4236453201970443,1,0.0,0.027913468248429867,40,0.6186732649803162,1.0,0.6092553877202908,0.9944608567208272,75.11599731445312,0.9992614475627769,0.6233106255531311,1.0,0.6233106255531311,1.0,7.450580596923828e-09,6.006850128414953e-08,1.197935972641062e-07,1.0,0.6186733245849609,0.3478609323501587,36,0.9960211515426636,1.0,1.0,1.0,0.6521390676498413,1.0,0.0,1.0
GCN,125,1858,3,1,2,-3.8335373401641846,5.339309215545654,9.172846555709839,0.8660253286361694,0.04219500720500946,0.0,0.6678582429885864,0.0673636645078659,0.20803334596438045,0,0.0,0.04396371249127704,63,0.6042077541351318,1.0,0.6468550665175249,0.9948301329394387,80.37541961669922,1.0,0.6642968654632568,1.0,0.6642968654632568,1.0,3.73255915064874e-09,3.8399412538581146e-09,6.457603340948026e-09,1.0,0.6042077541351318,0.3023208975791931,58,0.9233779311180115,1.0,1.0,1.0,0.6976791024208069,1.0,0.0,1.0
GCN,125,1862,3,1,4,-6.6097412109375,0.686448335647583,7.296189546585083,0.7499998807907104,0.03824695572257042,-0.0016780003206804395,0.6440485715866089,0.058744482696056366,0.1964759378552482,0,0.0,0.050942079553384506,73,0.5042970180511475,1.0,0.6268092670758588,0.9948301329394387,77.0932846069336,0.9996307237813885,0.6396058201789856,1.0,0.6396058201789856,1.0,1.0740535572040244e-08,6.035705268914171e-08,1.2068973376244685e-07,1.0,0.5042970776557922,0.32760393619537354,69,0.7139639854431152,1.0,1.0000001192092896,0.9999998807907104,0.672396183013916,1.0000001192092896,0.0,1.0
GCN,125,1866,3,1,2,-4.52789306640625,4.6331024169921875,9.160995483398438,0.8660253286361694,0.050968583673238754,-0.004515469539910555,0.6591367125511169,0.0893513634800911,0.2451686244789693,0,0.0,0.03698534542916958,53,0.5952814817428589,1.0,0.638801841461057,0.9948301329394387,78.87305450439453,0.9996307237813885,0.6544514298439026,1.0,0.6544514298439026,1.0,1.2488493794649003e-08,6.093272020279983e-08,6.321327816749545e-08,1.0,0.5952814817428589,0.3126280903816223,49,0.9353762865066528,0.9999999403953552,1.0,0.9999999403953552,0.6873719096183777,1.0,9.313225746154785e-10,1.0
GCN,125,1870,3,1,4,-4.361259937286377,4.16788911819458,8.529149055480957,0.7499998807907104,0.035886626690626144,0.0,0.7585387229919434,0.05984712764620781,0.19969685486926866,0,0.0,0.04954640614096301,71,0.5947074294090271,1.0,0.7318632716828075,1.0,90.83221435546875,1.0,0.7541975975036621,1.0,0.7541975975036621,1.0,5.51960877004376e-09,4.305793499526089e-09,7.258253997832753e-09,1.0,0.5947074294090271,0.20705664157867432,66,0.9487452507019043,0.9999998807907104,1.0,0.9999998807907104,0.7929433584213257,1.0,0.0,1.0
GCN,125,1872,3,1,1,-2.8996856212615967,5.691914081573486,8.591599702835083,0.9486831426620483,0.06322353333234787,0.0,0.6261578798294067,0.10583247989416122,0.35392194012883665,1,0.0,0.03279832519190509,47,0.6186732649803162,1.0,0.6068362635969815,0.9944608567208272,75.56656646728516,0.9992614475627769,0.6223284006118774,0.9996307237813885,0.6223284006118774,0.9996307237813885,0.0,5.961192073300481e-08,1.192247509607114e-07,1.0,0.6186733245849609,0.3478609621524811,42,0.9943636655807495,1.0,1.0,1.0,0.6521390676498413,1.0,0.0,1.0
GCN,125,1878,5,1,3,-1.6509418487548828,4.575603485107422,6.226545333862305,0.8017836213111877,0.03861081600189209,0.0,0.6613083481788635,0.06810423731803894,0.20954907161803712,0,0.0,0.04675505931612003,67,0.553907036781311,1.0,0.6395031014069729,0.9948301329394387,79.30502319335938,1.0,0.6573036313056946,1.0,0.6573036313056946,1.0,2.0825006163960325e-09,2.419646927265262e-09,4.404023368209664e-09,1.0,0.553907036781311,0.30915647745132446,62,0.9352470636367798,1.0,1.0,1.0,0.6908435225486755,1.0,0.0,1.0
GCN,125,1879,5,1,4,-0.15163564682006836,4.715236663818359,4.866872310638428,0.7499998807907104,0.02803421951830387,-0.0014854940818622708,0.6982038617134094,0.04442035034298897,0.11405835543766578,0,0.0,0.0628053035589672,90,0.5476659536361694,1.0,0.6734321425859873,0.9988921713441654,83.65294647216797,1.0,0.6942049860954285,1.0,0.6942049860954285,1.0,3.158268535585762e-09,4.621556470851829e-09,6.02044352149278e-08,1.0,0.5476660132408142,0.2697785496711731,86,0.8297302722930908,1.0,1.0,1.0,0.7302214503288269,1.0,4.656612873077393e-10,1.0
GCN,125,1881,5,1,5,-4.357480525970459,1.7319421768188477,6.089422702789307,0.7071066498756409,0.03032173030078411,-0.00039581526652909815,0.7077413201332092,0.04604075849056244,0.12542629784009093,0,0.0,0.05512909979064899,79,0.5232155323028564,1.0,0.6831277403292265,0.9996307237813885,84.64009094238281,1.0,0.7030662298202515,1.0,0.7030662298202515,1.0,8.510270710360146e-09,8.349503310967066e-09,1.5968664612842076e-08,1.0,0.5232155323028564,0.2600614130496979,75,0.7598851323127747,1.0,1.0,1.0,0.7399386167526245,1.0,0.0,1.0
GCN,125,1891,4,1,3,-1.8856106996536255,5.807430744171143,7.693041443824768,0.8017836213111877,0.03477390855550766,0.0,0.7194893956184387,0.05558191239833832,0.1911708980674498,0,0.0,0.045359385903698535,65,0.6031444668769836,1.0000001192092896,0.6936785970491699,0.9996307237813885,86.12793731689453,1.0,0.7157391905784607,1.0,0.7157391905784607,1.0,2.7939677238464355e-09,5.968462346572778e-08,1.1931766152883938e-07,1.0,0.6031444072723389,0.24774666130542755,60,0.9220651388168335,1.0,1.0,1.0,0.7522533535957336,1.0,0.0,1.0000001192092896
GCN,125,1899,5,1,5,-1.9203463792800903,3.628946304321289,5.549292683601379,0.7071066498756409,0.03274163976311684,-0.0004882207722403109,0.6501519680023193,0.0387628935277462,0.10837438423645321,0,0.0,0.061409630146545706,88,0.48029786348342896,1.0,0.6297232728929827,0.9948301329394387,77.79190063476562,0.9996307237813885,0.6454893946647644,1.0,0.6454893946647644,1.0,8.105716986506195e-09,7.711581595515327e-09,1.6043953721123216e-08,1.0,0.48029786348342896,0.32075613737106323,85,0.5442715883255005,1.0,1.0,1.0,0.6792438626289368,1.0,1.1641532182693481e-10,1.0
GCN,125,1901,5,1,6,-4.143712520599365,0.9442315101623535,5.087944030761719,0.6708203554153442,0.02412213571369648,-0.00026470821467228234,0.6707327365875244,0.03622495010495186,0.10837438423645321,0,0.0,0.0732728541521284,105,0.47060301899909973,1.0,0.6494515085538647,0.9948301329394387,80.30988311767578,1.0,0.6668241620063782,1.0,0.6668241620063782,1.0,6.502606009206602e-09,3.049014907219316e-08,6.115236317327799e-08,1.0,0.47060301899909973,0.29846638441085815,101,0.6756905317306519,1.0,1.0,1.0,0.7015336155891418,1.0,1.1641532182693481e-10,1.0
GCN,125,1904,5,1,3,-3.4503350257873535,2.470076560974121,5.920411586761475,0.8017836213111877,0.03409658744931221,-0.000393519556382671,0.6712583303451538,0.05387365072965622,0.18321333838575218,0,0.0,0.04884856943475227,70,0.5625911951065063,1.0,0.6496309305492503,0.9948301329394387,80.34053802490234,1.0,0.6668007373809814,1.0,0.6668007373809814,1.0,5.26835597369768e-09,5.41049516300518e-09,6.038154509724336e-08,1.0,0.5625911951065063,0.29832541942596436,66,0.8503786325454712,1.0,1.0,1.0,0.7016745805740356,1.0,0.0,1.0
GCN,125,1906,4,1,5,-1.563430905342102,4.978646755218506,6.542077660560608,0.7071066498756409,0.022715983912348747,-0.0004659447877202183,0.7128602266311646,0.030283566564321518,0.10837438423645321,0,0.0,0.06769016050244243,97,0.5274350047111511,1.0,0.6890408631472118,0.9996307237813885,85.34408569335938,1.0,0.7087000608444214,1.0,0.7087000608444214,1.0,4.4664663079174716e-09,4.112608920081584e-09,7.803009793860838e-09,1.0,0.5274350047111511,0.2540941536426544,93,0.6719931364059448,1.0,1.0,1.0,0.745905876159668,1.0,4.656612873077393e-10,1.0
GCN,125,1909,0,1,6,0.29408884048461914,5.846176624298096,5.552087783813477,0.6708203554153442,0.02229304611682892,0.0,0.7267822623252869,0.0234858188778162,0.10837438423645321,0,0.0,0.06838799720865317,98,0.5101363658905029,1.0,0.7013084044928855,0.9996307237813885,86.96680450439453,1.0,0.7226003408432007,1.0,0.7226003408432007,1.0,7.916241884231567e-09,3.0791799332519076e-08,6.150818876449193e-08,1.0,0.5101363658905029,0.23953357338905334,93,0.5136258006095886,1.0,1.0,1.0,0.760466456413269,1.0,0.0,1.0
GCN,125,1911,5,1,4,-0.17660605907440186,5.090490818023682,5.2670968770980835,0.7499998807907104,0.03258530795574188,0.0,0.6593238115310669,0.046648893505334854,0.13092080333459644,0,0.0,0.05512909979064899,79,0.5168269276618958,1.0,0.6385603407783813,0.9948301329394387,78.97634887695312,1.0,0.6551227569580078,1.0,0.6551227569580078,1.0,5.4702815610596645e-09,3.0290362218465816e-08,6.052061962691369e-08,1.0,0.5168269872665405,0.31089723110198975,74,0.7079123258590698,0.9999999403953552,1.0,0.9999999403953552,0.6891027688980103,1.0,0.0,1.0
GCN,125,1913,0,1,4,1.9675121307373047,6.697232723236084,4.729720592498779,0.7499998807907104,0.026215925812721252,0.0,0.6670634150505066,0.03668445721268654,0.10837438423645321,0,0.0,0.06769016050244243,97,0.5233129262924194,1.0,0.6459583551134179,0.9948301329394387,79.83663177490234,1.0,0.6623594164848328,1.0,0.6623594164848328,1.0,6.5689609307639785e-09,3.041894558464264e-08,6.073160818687029e-08,1.0,0.5233128666877747,0.30224937200546265,92,0.7000759840011597,1.0,1.0,1.0,0.6977506279945374,1.0,0.0,1.0
GCN,125,1916,6,1,3,-0.3654414415359497,4.66441535949707,5.02985680103302,0.8017836213111877,0.0381162203848362,0.0,0.6643258929252625,0.05533354729413986,0.1896551724137931,0,0.0,0.03838101884159107,55,0.5564852952957153,1.0,0.6421244216717327,0.9948301329394387,79.52098083496094,1.0,0.6606863737106323,1.0,0.6606863737106323,1.0,6.2475016271434924e-09,6.384826001237798e-09,6.070617075693008e-08,1.0,0.5564853549003601,0.30594074726104736,50,0.7732448577880859,1.0,1.0,1.0,0.6940592527389526,1.0,0.0,1.0
GCN,125,1918,6,1,2,-0.18413424491882324,5.552834987640381,5.736969232559204,0.8660253286361694,0.09712883830070496,0.0,0.6641876101493835,0.16156235337257385,0.5507768093974991,1,0.0,0.01465457083042568,21,0.5938405990600586,1.0,0.6392513294631328,0.9948301329394387,78.98181915283203,1.0,0.6558350324630737,1.0,0.6558350324630737,1.0,6.650973549682249e-09,6.095184090781913e-08,1.211003564094426e-07,1.0,0.5938406586647034,0.3142918050289154,16,0.9567828178405762,0.9999999403953552,1.0,0.9999999403953552,0.6857081651687622,1.0,0.0,1.0
GCN,125,1920,0,1,6,0.008936405181884766,3.5024194717407227,3.493483066558838,0.6708203554153442,0.023431697860360146,-0.0874621719121933,0.667830228805542,0.2485043853521347,0.7910193255020841,1,0.0,0.0718771807397069,103,0.466464102268219,1.0,0.6463932076794258,0.9948301329394387,79.93619537353516,1.0,0.6637527346611023,1.0,0.6637527346611023,1.0,8.773731074995794e-09,3.1273931000441735e-08,6.297505450447716e-08,1.0,0.4664640724658966,0.3046363592147827,100,0.6054542064666748,1.0000001192092896,1.0,1.0000001192092896,0.6953636407852173,1.0,1.1643860098331515e-08,1.0
GCN,125,1925,0,1,3,0.657249391078949,6.541692733764648,5.8844433426856995,0.8017836213111877,0.033570628613233566,-0.033051230013370514,0.6640833020210266,0.048895448446273804,0.1466464569912846,0,0.0,0.055826936496859735,80,0.5554413199424744,1.0,0.6429926917623363,0.9948301329394387,79.66873931884766,1.0,0.6600977182388306,1.0,0.6600977182388306,1.0,4.748831994305647e-09,3.461276376626188e-09,5.993123153302804e-08,1.0,0.5554413199424744,0.30724287033081055,77,0.7755123376846313,1.0,1.0,1.0,0.6927571296691895,1.0,5.705538708156155e-09,1.0
GCN,125,1931,3,1,3,-3.221404552459717,5.3881001472473145,8.609504699707031,0.8017836213111877,0.02676834538578987,0.0,0.7359580397605896,0.04043320193886757,0.10837438423645321,0,0.0,0.05024424284717376,72,0.6174376606941223,1.0000001192092896,0.7090813856774709,1.0,88.17450714111328,1.0,0.7318040728569031,1.0,0.7318040728569031,1.0,4.883896842500235e-09,4.794276531328023e-09,7.7647941409964e-09,1.0,0.6174377202987671,0.22991982102394104,67,0.8913059234619141,1.0,1.0,1.0,0.7700802087783813,1.0,0.0,1.0000001192092896
GCN,125,1932,3,1,3,-3.3341734409332275,4.934449195861816,8.268622636795044,0.8017836213111877,0.037597812712192535,0.0,0.6855431199073792,0.05951923877000809,0.19950738916256158,0,0.0,0.04256803907885555,61,0.5743858814239502,1.0,0.6633852253757091,0.9955686853766618,82.13263702392578,1.0,0.6814534068107605,1.0,0.6814534068107605,1.0,1.1789602183398529e-08,9.278235069132279e-09,6.176134093038854e-08,1.0,0.5743858814239502,0.2836148142814636,56,0.8701351881027222,0.9999999403953552,1.0,0.9999999403953552,0.7163851857185364,1.0,0.0,1.0
GCN,125,1936,3,1,5,-4.005597114562988,3.287242889404297,7.292840003967285,0.7071066498756409,0.024816514924168587,0.0,0.7302184700965881,0.03772744536399841,0.10837438423645321,0,0.0,0.05931612002791347,85,0.540213942527771,1.0,0.7045208110023266,0.9996307237813885,87.4463119506836,1.0,0.7261488437652588,1.0,0.7261488437652588,1.0,9.636488940145682e-09,6.573085631345066e-09,6.083237025222843e-08,1.0,0.5402138829231262,0.23602205514907837,80,0.7849721908569336,1.0,1.0,1.0,0.7639779448509216,1.0,0.0,1.0
GCN,125,1938,3,1,1,-3.691286087036133,3.8330626487731934,7.524348735809326,0.9486831426620483,0.09287750720977783,0.0,0.5112608671188354,0.17967191338539124,0.6078059871163319,1,0.0,0.024424284717376135,35,0.49863389134407043,1.0,0.5047451104507814,0.9844903988183161,62.78717041015625,0.9903988183161004,0.5047948956489563,0.9985228951255539,0.5047948956489563,0.9985228951255539,0.0,2.9818689739613546e-08,5.963737947922709e-08,1.0,0.4986339211463928,0.474393755197525,30,0.9382820129394531,1.0000001192092896,1.0000001192092896,1.0,0.5256063938140869,1.0000001192092896,0.0,1.0
GCN,125,1942,3,1,3,-3.470555305480957,5.289001941680908,8.759557247161865,0.8017836213111877,0.03432358801364899,-0.0019282130524516106,0.6705015897750854,0.05401601642370224,0.18321333838575218,0,0.0,0.04954640614096301,71,0.5618840456008911,1.0,0.6482060260576752,0.9948301329394387,80.35064697265625,1.0,0.6662753820419312,1.0,0.6662753820419312,1.0,4.267856290596228e-09,5.975724803874982e-08,6.009267394802009e-08,1.0,0.5618839859962463,0.299207478761673,68,0.8177613019943237,1.0,1.0,1.0,0.7007925510406494,1.0,0.0,1.0
GCN,125,1947,3,1,4,-5.628833293914795,1.8708198070526123,7.499653100967407,0.7499998807907104,0.028092721477150917,-0.0016484957886859775,0.7040062546730042,0.042085759341716766,0.10989010989010989,0,0.0,0.05373342637822749,77,0.5522225499153137,1.0,0.6805916177078756,0.9996307237813885,84.3227767944336,1.0,0.7002159357070923,1.0,0.7002159357070923,1.0,4.059541147682921e-09,5.978127859407323e-08,6.018874643132222e-08,1.0,0.5522226095199585,0.2637031376361847,73,0.7910047173500061,1.0000001192092896,1.0,1.0000001192092896,0.7362968921661377,1.0,2.3283064365386963e-10,1.0
GCN,125,1959,5,1,5,-5.029903411865234,0.32768678665161133,5.357590198516846,0.7071066498756409,0.02964317612349987,-0.00038566882722079754,0.6560185551643372,0.04263479262590408,0.11045850701023115,0,0.0,0.0628053035589672,90,0.48487746715545654,1.0,0.636413875677444,0.9948301329394387,78.5051040649414,0.9996307237813885,0.6517449617385864,1.0,0.6517449617385864,1.0,7.984428229690366e-09,8.516638061450976e-09,1.7557477249852127e-08,1.0,0.48487743735313416,0.31427961587905884,86,0.6671760678291321,1.0,1.0,1.0,0.6857203841209412,1.0,1.1641532182693481e-10,1.0
GCN,125,1961,5,1,3,-3.681107997894287,3.4374542236328125,7.1185622215271,0.8017836213111877,0.03412124142050743,0.0,0.6424615979194641,0.04956274479627609,0.15289882531261842,0,0.0,0.05512909979064899,79,0.5383685231208801,1.0,0.623615734656209,0.9948301329394387,76.89739227294922,0.9996307237813885,0.6382337212562561,1.0,0.6382337212562561,1.0,6.4523919540704355e-09,6.203964453277422e-09,1.1552056200514471e-08,1.0,0.5383685231208801,0.32853639125823975,74,0.7482297420501709,1.0,1.0,1.0,0.6714636087417603,1.0,0.0,1.0
GCN,125,1962,5,1,3,-2.943728446960449,3.6127238273620605,6.55645227432251,0.8017836213111877,0.0409243181347847,0.0,0.6242304444313049,0.06777700781822205,0.2084122773777946,0,0.0,0.0418702023726448,60,0.522487223148346,1.0,0.6061521549510339,0.9944608567208272,74.8963851928711,0.9992614475627769,0.6197254657745361,0.9996307237813885,0.6197254657745361,0.9996307237813885,7.153624359546029e-09,8.231806347680504e-09,1.576546893033992e-08,1.0,0.522487223148346,0.3483438491821289,55,0.8289018869400024,1.0,1.0,1.0,0.6516561508178711,1.0,0.0,1.0
GCN,125,1969,4,1,3,-3.15529465675354,4.25645112991333,7.41174578666687,0.8017836213111877,0.042418546974658966,0.0,0.6879824995994568,0.06331359595060349,0.2046229632436529,0,0.0,0.03838101884159107,55,0.576072096824646,1.0,0.6654024853645325,0.9966765140324964,82.46524047851562,1.0,0.6839699745178223,1.0,0.6839699745178223,1.0,1.1529231791485017e-08,8.960199693319737e-09,6.154080978149068e-08,1.0,0.5760721564292908,0.28151172399520874,50,0.8233335018157959,1.0,1.0,1.0,0.7184882760047913,1.0,0.0,1.0
GCN,125,1972,6,1,3,-1.0434894561767578,3.475717782974243,4.519207239151001,0.8017836213111877,0.03172735869884491,0.0,0.6658461689949036,0.04731215164065361,0.1330049261083744,0,0.0,0.05443126308443824,78,0.5582040548324585,1.0,0.6447541978351067,0.9948301329394387,79.76798248291016,1.0,0.6619117259979248,1.0,0.6619117259979248,1.0,3.725290298461914e-09,5.968462346572778e-08,5.986667872548423e-08,1.0,0.5582040548324585,0.3037971258163452,73,0.7961041331291199,1.0,1.0,1.0,0.6962028741836548,1.0,0.0,1.0
GCN,125,1977,3,1,2,0.3448333740234375,5.266847610473633,4.922014236450195,0.8660253286361694,0.04147058352828026,0.0,0.6640259623527527,0.06661941856145859,0.2074649488442592,0,0.0,0.044661549197487785,64,0.6007774472236633,1.0,0.640102219688573,0.9948301329394387,79.47087860107422,1.0,0.6596598625183105,1.0,0.6596598625183105,1.0,3.754281330259346e-09,3.8399412538581146e-09,5.988688656088925e-08,1.0,0.6007774472236633,0.3062818944454193,59,0.9237966537475586,1.0,1.0,1.0,0.6937180757522583,1.0,0.0,1.0
GCN,125,1983,0,1,4,0.09209418296813965,5.972713947296143,5.880619764328003,0.7499998807907104,0.02255108952522278,-0.0013615968637168407,0.723411500453949,0.03577244281768799,0.10837438423645321,0,0.0,0.06559665038381018,94,0.5677756071090698,1.0,0.6980110692947291,0.9996307237813885,86.6281967163086,1.0,0.7194517850875854,1.0,0.7194517850875854,1.0,3.725290298461914e-09,3.8399412538581146e-09,6.836348376282331e-09,1.0,0.5677756071090698,0.2429656684398651,90,0.8155556917190552,0.9999998807907104,1.0,0.9999998807907104,0.7570343017578125,1.0,0.0,1.0
GCN,125,1996,3,0,5,-8.541816711425781,-2.0065715312957764,6.535245180130005,0.7071066498756409,0.03551515191793442,-0.0013107629492878914,0.6776198744773865,0.05279499664902687,0.17904509283819628,0,0.0,0.04396371249127704,63,0.5004522800445557,1.0,0.6573043029062215,0.9955686853766618,80.98587799072266,1.0,0.6731738448143005,1.0,0.6731738448143005,1.0,5.963374238859842e-09,6.124817986119524e-09,1.2239653734980038e-08,1.0,0.5004522800445557,0.2922534942626953,59,0.7122790813446045,1.0,1.0,1.0,0.7077465057373047,1.0,0.0,1.0
GCN,125,2004,3,1,4,-5.747801780700684,2.3718035221099854,8.119605302810669,0.7499998807907104,0.029339484870433807,0.0,0.7204096913337708,0.04087122529745102,0.10894278135657447,0,0.0,0.04815073272854152,69,0.5651057362556458,1.0,0.6956073478727974,0.9996307237813885,86.21405029296875,1.0,0.7164672017097473,1.0,0.7164672017097473,1.0,5.227034804988762e-09,5.350040854779081e-09,9.342960183289506e-09,1.0,0.5651057362556458,0.24652552604675293,64,0.7526722550392151,1.0,1.0,1.0,0.7534744739532471,1.0,0.0,1.0
GCN,125,2006,3,1,3,-6.294289588928223,1.855829119682312,8.150118708610535,0.8017836213111877,0.043684832751750946,0.0,0.6361730694770813,0.06671363115310669,0.20765441455096628,0,0.0,0.03558967201674808,51,0.5323092937469482,0.9999999403953552,0.6170106948438797,0.9944608567208272,76.14653015136719,0.9992614475627769,0.6316325664520264,1.0,0.6316325664520264,1.0,8.172322374377927e-09,5.97595146700769e-08,6.015207532072964e-08,1.0,0.5323092937469482,0.33609360456466675,46,0.7789621353149414,1.0,1.0,1.0,0.6639063954353333,1.0,0.0,0.9999999403953552
GCN,125,2010,0,1,4,0.06416773796081543,4.427989959716797,4.3638222217559814,0.7499998807907104,0.028498560190200806,-0.0015158747555688024,0.69731205701828,0.044226955622434616,0.11405835543766578,0,0.0,0.0628053035589672,90,0.5469364523887634,1.0,0.6748826331074176,0.9992614475627769,83.48602294921875,1.0,0.6929814219474792,1.0,0.6929814219474792,1.0,2.9451006078318187e-09,5.966327876194555e-08,1.1930984555874602e-07,1.0,0.5469365119934082,0.2707512378692627,86,0.8116194605827332,1.0,1.0,1.0,0.7292487621307373,1.0,9.313225746154785e-10,1.0
GCN,125,2011,3,1,3,-1.8282802104949951,5.452797889709473,7.281078100204468,0.8017836213111877,0.028305912390351295,-0.0014741395134478807,0.7135633230209351,0.04220467060804367,0.10989010989010989,0,0.0,0.05512909979064899,79,0.5984888076782227,1.0,0.6875459699000382,0.9996307237813885,85.44771575927734,1.0,0.7097073197364807,1.0,0.7097073197364807,1.0,4.293184918680026e-09,5.974635541861062e-08,6.000162500185979e-08,1.0,0.5984887480735779,0.25355327129364014,76,0.8530471324920654,1.0,1.0,1.0,0.7464467287063599,1.0,3.29272248356105e-10,1.0
GCN,125,2014,3,1,2,0.4374227523803711,6.018642902374268,5.5812201499938965,0.8660253286361694,0.04926475137472153,0.0,0.70405513048172,0.07884357869625092,0.21921182266009853,0,0.0,0.03558967201674808,51,0.6365686655044556,1.0,0.6809004122895993,0.9996307237813885,84.34690856933594,1.0,0.698944628238678,1.0,0.698944628238678,1.0,7.1080110686239095e-09,7.092741505232425e-09,6.064165347652306e-08,1.0,0.6365686058998108,0.2649537920951843,46,0.9758145809173584,0.9999999403953552,1.0,0.9999999403953552,0.7350462079048157,1.0,0.0,1.0
GCN,125,2015,6,1,3,0.47966551780700684,5.251847267150879,4.772181749343872,0.8017836213111877,0.027811935171484947,0.0,0.7213070392608643,0.04218096286058426,0.10989010989010989,0,0.0,0.05373342637822749,77,0.6050688624382019,1.0,0.6955178204110725,0.9996307237813885,86.3691177368164,1.0,0.717306911945343,1.0,0.717306911945343,1.0,2.8610709357224096e-09,3.044655638717586e-09,5.124635382713905e-09,1.0,0.6050688624382019,0.2453465759754181,72,0.8771272897720337,1.0000001192092896,1.0000001192092896,1.0,0.7546535730361938,1.0000001192092896,0.0,1.0
GCN,125,2019,0,1,2,0.31226158142089844,4.719445705413818,4.40718412399292,0.8660253286361694,0.0535748191177845,-0.00037832200177945197,0.6640364527702332,0.088838592171669,0.23796892762410005,0,0.0,0.03628750872295883,52,0.5997143387794495,1.0,0.643485614039304,0.9948301329394387,79.5529556274414,1.0,0.6591655611991882,1.0,0.6591655611991882,1.0,8.03856003983583e-09,6.013885212041714e-08,1.1995496151939733e-07,1.0,0.5997143983840942,0.3075094223022461,48,0.9535938501358032,1.0,1.0,1.0,0.6924905776977539,1.0,2.3283064365386963e-10,1.0
GCN,125,2038,3,1,2,-2.1029105186462402,5.438318252563477,7.541228771209717,0.8660253286361694,0.05329085513949394,-0.0023238013964146376,0.6132798194885254,0.09066134691238403,0.24820007578628267,0,0.0,0.03838101884159107,55,0.5533762574195862,1.0,0.5962185990164265,0.9944608567208272,73.5427474975586,0.9985228951255539,0.6085153818130493,0.9996307237813885,0.6085153818130493,0.9996307237813885,0.0,1.066964072649057e-09,1.9199706269290573e-09,1.0,0.5533761978149414,0.3610161542892456,51,0.9035636782646179,1.0,1.0,1.0,0.6389838457107544,1.0,4.656612873077393e-10,1.0
GCN,125,2043,4,1,2,-2.0138280391693115,5.590988636016846,7.604816675186157,0.8660253286361694,0.05481059476733208,0.0,0.6213631629943848,0.09376835823059082,0.2737779461917393,0,0.0,0.03977669225401256,57,0.5607143044471741,1.0,0.6016094882993615,0.9944608567208272,74.28858184814453,0.9992614475627769,0.6163742542266846,0.9996307237813885,0.6163742542266846,0.9996307237813885,5.548994597148749e-09,5.974635541861062e-08,6.005421937516076e-08,1.0,0.5607143640518188,0.35254278779029846,52,0.9205934405326843,0.9999999403953552,1.0,0.9999999403953552,0.6474572420120239,1.0,0.0,1.0
GCN,125,2045,1,1,32,-2.3538265228271484,0.1690056324005127,2.522832155227661,0.35355332493782043,0.008514122106134892,-0.058172717690467834,0.6994786858558655,0.015352895483374596,0.10837438423645321,0,0.0,0.22609909281228194,324,0.25836387276649475,1.0,0.6744357037379369,0.9992614475627769,83.69190216064453,1.0,0.69538414478302,1.0,0.69538414478302,1.0,1.9459125866205795e-08,3.557759598038501e-08,1.4091830280449358e-07,1.0,0.25836387276649475,0.2692365050315857,323,0.44594353437423706,0.9999998807907104,1.0,0.9999998807907104,0.7307634949684143,1.0,3.1172362469078507e-09,1.0
GCN,125,2051,0,1,3,1.1688299179077148,5.68107795715332,4.5122480392456055,0.8017836213111877,0.03236551210284233,-0.0348549410700798,0.676047682762146,0.04762043058872223,0.13452065176203107,0,0.0,0.051639916259595256,74,0.5655664801597595,1.0,0.653666747975705,0.9951994091580503,80.9802017211914,1.0,0.6720601916313171,1.0,0.6720601916313171,1.0,5.350040854779081e-09,5.529421365224607e-09,6.040360744918871e-08,1.0,0.5655664801597595,0.2946145534515381,72,0.7975269556045532,0.9999998807907104,1.0,0.9999998807907104,0.7053854465484619,1.0,5.7102873540770815e-09,1.0
GCN,125,2054,0,1,9,3.555072069168091,6.96090030670166,3.4058282375335693,0.588348388671875,0.016404271125793457,-0.02381095662713051,0.7413758039474487,0.02292414754629135,0.10837438423645321,0,0.0,0.08234473133286811,118,0.4561488926410675,1.0,0.7127386897971633,1.0,88.72531127929688,1.0,0.7373092770576477,1.0,0.7373092770576477,1.0,8.028438358564927e-09,6.020146514629232e-08,1.206352919780329e-07,1.0,0.4561489522457123,0.2246958464384079,116,0.6095499396324158,0.9999998807907104,1.0,0.9999998807907104,0.7753041386604309,1.0,1.3981960034215035e-09,1.0
GCN,125,2055,0,1,4,1.4192430973052979,7.158115386962891,5.738872289657593,0.7499998807907104,0.027869440615177155,-0.030555380508303642,0.7006334066390991,0.04208044707775116,0.10989010989010989,0,0.0,0.05931612002791347,85,0.5487388968467712,1.0,0.6766312385862041,0.9992614475627769,83.83707427978516,1.0,0.6965356469154358,1.0,0.6965356469154358,1.0,5.015325488244571e-09,5.984834672290162e-08,1.196226122601729e-07,1.0,0.548738956451416,0.26834797859191895,82,0.7934216856956482,1.0,1.0,1.0,0.731652021408081,1.0,1.945842953432475e-08,1.0
GCN,125,2058,5,1,3,-3.7834243774414062,2.943160057067871,6.726584434509277,0.8017836213111877,0.05248594656586647,0.0,0.5715876221656799,0.07353469729423523,0.21295945433876468,0,0.0,0.039078855547801813,56,0.47687357664108276,1.0,0.5607730263069565,0.9926144756277696,68.42508697509766,0.9970457902511078,0.5665574669837952,0.9988921713441654,0.5665574669837952,0.9988921713441654,9.405896506109457e-09,6.023523013709564e-08,1.2059484788551345e-07,1.0,0.4768735468387604,0.40523409843444824,51,0.6420801877975464,1.0,1.0,1.0,0.5947659015655518,1.0,0.0,1.0
GCN,125,2059,0,1,6,1.5422054529190063,6.02276611328125,4.480560660362244,0.6708203554153442,0.024539893493056297,-0.04891100525856018,0.6663752794265747,0.03618767485022545,0.10837438423645321,0,0.0,0.07466852756454989,107,0.46626418828964233,1.0,0.6461391160898594,0.9948301329394387,79.78807067871094,1.0,0.6622931361198425,1.0,0.6622931361198425,1.0,9.148792834423602e-09,3.182719154892766e-08,6.424314591413349e-08,1.0,0.4662642180919647,0.3049343228340149,105,0.6266746520996094,1.0,1.0,1.0,0.6950656771659851,1.0,2.2819778067173502e-08,1.0
GCN,125,2071,2,1,8,0.9189292192459106,4.092145919799805,3.173216700553894,0.6123723983764648,0.02076597884297371,-0.040883198380470276,0.6607142090797424,0.03274647146463394,0.10837438423645321,0,0.0,0.09909281228192603,142,0.4223516285419464,1.0,0.6395178508682994,0.9948301329394387,79.04027557373047,1.0,0.6566376090049744,1.0,0.6566376090049744,1.0,7.902533738501916e-09,8.991062117047477e-08,1.8018785397089232e-07,1.0,0.4223517179489136,0.3103024959564209,139,0.6380304098129272,0.9999999403953552,1.0,0.9999999403953552,0.6896975040435791,1.0,1.5373876394164654e-08,1.0
GCN,125,2072,0,1,3,2.552487373352051,7.493231296539307,4.940743923187256,0.8017836213111877,0.03359357640147209,-0.0007220983970910311,0.6971907019615173,0.05304943397641182,0.1816976127320955,0,0.0,0.045359385903698535,65,0.5844324827194214,1.0,0.6719468765846438,0.9988921713441654,83.49279022216797,1.0,0.6930855512619019,1.0,0.6930855512619019,1.0,2.2812651767623038e-09,2.464047854644491e-09,4.3250270032046956e-09,1.0,0.5844325423240662,0.27108442783355713,62,0.88274085521698,1.0,1.0,1.0,0.7289155721664429,1.0,4.799926567322643e-10,1.0
GCN,125,2075,3,1,8,-3.707615852355957,2.3556883335113525,6.06330418586731,0.6123723983764648,0.019943196326494217,-0.0003307565348222852,0.6762470602989197,0.03295643627643585,0.10837438423645321,0,0.0,0.08583391486392185,123,0.43325144052505493,1.0,0.6544993983878685,0.9951994091580503,80.9333267211914,1.0,0.6722971796989441,1.0,0.6722971796989441,1.0,7.1687642488882375e-09,5.995197227548488e-08,1.2013420302992017e-07,1.0,0.4332515001296997,0.2925032377243042,119,0.6843313574790955,0.9999999403953552,1.0,0.9999999403953552,0.7074967622756958,1.0,1.1641532182693481e-10,1.0
GCN,125,2082,1,1,2,-2.055887460708618,5.3744797706604,7.4303672313690186,0.8660253286361694,0.09021378308534622,0.0,0.6443931460380554,0.1493266075849533,0.5049261083743842,1,0.0,0.021632937892533146,31,0.5768483281135559,1.0,0.6236895651580049,0.9948301329394387,77.16185760498047,0.9996307237813885,0.637042224407196,1.0,0.637042224407196,1.0,8.065490497699557e-09,8.346256130664642e-09,6.128107798986093e-08,1.0,0.5768483281135559,0.33391284942626953,26,0.9237316250801086,1.0,1.0,1.0,0.6660871505737305,1.0,0.0,1.0
GCN,125,2087,1,1,2,-2.3693184852600098,4.028968811035156,6.398287296295166,0.8660253286361694,0.04726164788007736,0.0,0.6590536832809448,0.07373756170272827,0.21314892004547176,0,0.0,0.03838101884159107,55,0.5957821607589722,1.0000001192092896,0.6367067909287778,0.9948301329394387,78.94367218017578,0.9996307237813885,0.654829204082489,1.0,0.654829204082489,1.0,2.0297705738414606e-09,2.245337471507014e-09,3.338981313660838e-09,1.0,0.5957822203636169,0.31204989552497864,50,0.8904945254325867,1.0,1.0,1.0,0.6879501342773438,1.0,0.0,1.0000001192092896
GCN,125,2096,1,1,6,-1.9149786233901978,3.2182302474975586,5.133208870887756,0.6708203554153442,0.022502277046442032,-0.0010634245118126273,0.6530470848083496,0.03530660644173622,0.10837438423645321,0,0.0,0.0851360781577111,122,0.45822998881340027,1.0,0.6319386134967383,0.9948301329394387,78.1397476196289,0.9996307237813885,0.6489487886428833,1.0,0.6489487886428833,1.0,7.436014470840746e-09,3.0797078665045774e-08,1.2040192132189986e-07,1.0,0.45823001861572266,0.3169110119342804,119,0.6539239883422852,1.0,1.0,1.0,0.683089017868042,1.0,0.0,1.0
GCN,125,2105,5,1,2,0.2632213830947876,6.0019025802612305,5.738681197166443,0.8660253286361694,0.04772282764315605,-0.004538922570645809,0.6071498990058899,0.08245046436786652,0.22300113679424025,0,0.0,0.041172365666434056,59,0.5482527613639832,1.0,0.5888722990456271,0.9944608567208272,72.70674896240234,0.9977843426883308,0.6027031540870667,0.9996307237813885,0.6027031540870667,0.9996307237813885,7.031331072937519e-09,6.001793906307284e-08,6.095702076436282e-08,1.0,0.5482528209686279,0.36693209409713745,56,0.8515893816947937,1.0000001192092896,1.0,1.0000001192092896,0.6330679059028625,1.0,9.313225746154785e-10,1.0
GCN,125,2107,1,1,4,-1.1671881675720215,5.09823751449585,6.265425682067871,0.7499998807907104,0.02664438635110855,-0.0005875280476175249,0.6941628456115723,0.03987550735473633,0.10837438423645321,0,0.0,0.0642009769713887,92,0.5445906519889832,1.0000001192092896,0.6693415449813099,0.9985228951255539,83.0739974975586,1.0,0.6898626089096069,1.0,0.6898626089096069,1.0,4.5625303535246076e-09,4.77728523406995e-09,8.80060824215434e-09,1.0,0.5445906519889832,0.2738789916038513,88,0.77915358543396,1.0,1.0,1.0,0.7261210083961487,1.0,0.0,1.0000001192092896
GCN,125,2113,2,1,6,-2.5715646743774414,3.792325973510742,6.363890647888184,0.6708203554153442,0.02168797329068184,-0.03460812568664551,0.728707492351532,0.031050128862261772,0.10837438423645321,0,0.0,0.06978367062107467,100,0.510733425617218,1.0,0.7021163699662354,0.9996307237813885,87.19844055175781,1.0,0.7244917154312134,1.0,0.7244917154312134,1.0,1.1185568027372028e-08,6.072730229789158e-08,1.213626461549211e-07,1.0,0.5107334852218628,0.23864345252513885,96,0.6998481750488281,0.9999999403953552,1.0,0.9999999403953552,0.7613565325737,1.0,2.852175384759903e-08,1.0
GCN,125,2120,4,1,5,-2.0830302238464355,4.7032470703125,6.7862772941589355,0.7071066498756409,0.03176762908697128,0.0,0.6574836373329163,0.0575861781835556,0.19552860932171276,0,0.0,0.06699232379623168,96,0.4858294725418091,1.0,0.6363147553877075,0.9948301329394387,78.80960083007812,0.9996307237813885,0.6534369587898254,1.0,0.6534369587898254,1.0,6.748073211326755e-09,7.494109333094912e-09,1.5422063626147064e-08,1.0,0.4858294427394867,0.3129332661628723,91,0.8427587747573853,0.9999999403953552,1.0,0.9999999403953552,0.6870667338371277,1.0,0.0,1.0
GCN,125,2122,4,1,10,-3.5914673805236816,1.2822258472442627,4.873693227767944,0.5669466257095337,0.01523348968476057,-0.05392274633049965,0.6763394474983215,0.2235894352197647,0.7383478590375142,1,0.0,0.12630844382414516,181,0.40046361088752747,1.0,0.6546144312685955,0.9951994091580503,80.9486312866211,1.0,0.6725426316261292,1.0,0.6725426316261292,1.0,6.727959522834226e-09,6.034851907088523e-08,1.2151653550063202e-07,1.0,0.4004635512828827,0.2936485707759857,178,0.5070579648017883,0.9999999403953552,1.0,0.9999999403953552,0.7063513994216919,1.0,1.921417158712302e-08,1.0
GCN,125,2130,4,1,12,-3.916588544845581,0.09747314453125,4.014061689376831,0.5303300619125366,0.021718841046094894,0.0,0.620857298374176,0.02898317761719227,0.10837438423645321,0,0.0,0.0928122819260293,133,0.3441290557384491,1.0,0.6038178856714812,0.9944608567208272,74.27024841308594,0.9992614475627769,0.6168307662010193,0.9996307237813885,0.6168307662010193,0.9996307237813885,1.3040594382118798e-08,1.1725052040389983e-08,6.870928359603568e-08,1.0,0.3441290557384491,0.3511039912700653,128,0.43938714265823364,1.0,1.0,1.0,0.6488959789276123,1.0,0.0,1.0
GCN,125,2131,0,1,3,1.8178091049194336,6.784999847412109,4.967190742492676,0.8017836213111877,0.034073006361722946,-0.005518906284123659,0.6934231519699097,0.05937013775110245,0.19950738916256158,0,0.0,0.046057222609909285,66,0.5810605883598328,1.0,0.6674946446507537,0.9977843426883308,82.99285125732422,1.0,0.6888708472251892,1.0,0.6888708472251892,1.0,3.725290298461914e-09,5.975044103934124e-08,1.194264029891201e-07,1.0,0.5810606479644775,0.27528995275497437,63,0.8642656803131104,1.0,1.0,1.0,0.7247100472450256,1.0,1.1641532182693481e-10,1.0
GCN,125,2139,3,1,4,-6.473150253295898,0.13107728958129883,6.604227542877197,0.7499998807907104,0.0377153716981411,0.0,0.6683136224746704,0.06196628510951996,0.20291777188328913,0,0.0,0.0418702023726448,60,0.5235266089439392,1.0,0.6486349609486447,0.9948301329394387,80.09132385253906,1.0,0.6644287109375,1.0,0.6644287109375,1.0,6.367822269481849e-09,3.170004347907707e-08,6.308559363787936e-08,1.0,0.523526668548584,0.30196434259414673,55,0.8235284090042114,0.9999999403953552,1.0,0.9999999403953552,0.6980356574058533,1.0,0.0,1.0
GCN,125,2141,3,0,4,-7.485047817230225,-0.5058255195617676,6.979222297668457,0.7499998807907104,0.04076368361711502,0.0,0.6331252455711365,0.06960523128509521,0.21030693444486548,0,0.0,0.046057222609909285,66,0.4955355226993561,1.0,0.6156327668295506,0.9944608567208272,75.78048706054688,0.9992614475627769,0.6289123892784119,1.0,0.6289123892784119,1.0,7.997995155051285e-09,8.826093633729215e-09,1.7810670271956042e-08,1.0,0.4955355226993561,0.33928588032722473,61,0.810810387134552,1.0,1.0,1.0,0.6607141494750977,1.0,0.0,1.0
GCN,125,2153,4,1,3,0.433582067489624,5.8922882080078125,5.4587061405181885,0.8017836213111877,0.034706272184848785,0.0,0.7333764433860779,0.05079320818185806,0.16331943918150815,0,0.0,0.03698534542916958,53,0.6148321032524109,1.0,0.7057683424733172,0.9996307237813885,87.76920318603516,1.0,0.7291587591171265,1.0,0.7291587591171265,1.0,3.8680729730344865e-09,4.059541147682921e-09,6.624888637674076e-09,1.0,0.6148321032524109,0.2331695407629013,48,0.8605613708496094,1.0,1.0,1.0,0.7668304443359375,1.0,0.0,1.0
GCN,125,2156,0,1,4,0.7940123677253723,5.019131660461426,4.2251192927360535,0.7499998807907104,0.028042687103152275,0.0,0.6916533708572388,0.043928731232881546,0.11405835543766578,0,0.0,0.05931612002791347,85,0.5425556898117065,1.0,0.6673273944927105,0.9977843426883308,82.76228332519531,1.0,0.6876645088195801,1.0,0.6876645088195801,1.0,5.871765296205922e-09,5.9851970490854e-08,1.196384005197615e-07,1.0,0.5425557494163513,0.2765922546386719,80,0.8126035928726196,0.9999998807907104,1.0,0.9999998807907104,0.7234077453613281,1.0,0.0,1.0
GCN,125,2157,6,1,5,-2.233978271484375,1.231116771697998,3.465095043182373,0.7071066498756409,0.02939080074429512,-0.00047640205593779683,0.6241446137428284,0.04505806416273117,0.11860553239863585,0,0.0,0.06838799720865317,98,0.46123403310775757,1.0,0.6080089075242232,0.9944608567208272,74.90924835205078,0.9992614475627769,0.6204145550727844,0.9996307237813885,0.6204145550727844,0.9996307237813885,7.213993846733047e-09,7.655136968764964e-09,1.6620715470594405e-08,1.0,0.46123403310775757,0.34771642088890076,94,0.6765987873077393,1.0,1.0,1.0,0.6522835493087769,1.0,0.0,1.0
GCN,125,2158,6,1,1,-1.8068633079528809,2.7482128143310547,4.5550761222839355,0.9486831426620483,0.07506507635116577,0.0,0.5517304539680481,0.13614150881767273,0.43709738537324744,1,0.0,0.02930914166085136,42,0.5425822734832764,1.0,0.5398985419505046,0.9889217134416544,67.35791015625,0.9966765140324964,0.5474606156349182,0.9988921713441654,0.5474606156349182,0.9988921713441654,9.76779368500047e-09,9.825894764503573e-09,1.812246885890545e-08,1.0,0.5425822734832764,0.42806798219680786,37,0.9492940902709961,0.9999999403953552,1.0,0.9999999403953552,0.5719320178031921,1.0,0.0,1.0
GCN,125,2160,6,1,8,-2.305448055267334,0.7607008814811707,3.0661489367485046,0.6123723983764648,0.02421742118895054,-0.09235429018735886,0.6407374143600464,0.03343784809112549,0.10837438423645321,0,0.0,0.08304256803907886,119,0.40786534547805786,1.0,0.620598937809853,0.9944608567208272,76.74584197998047,0.9996307237813885,0.636580765247345,1.0,0.636580765247345,1.0,1.5563122346407e-08,6.145979369875931e-08,1.2474039579046803e-07,1.0,0.40786540508270264,0.33395856618881226,115,0.5417589545249939,1.0,1.0,1.0,0.6660414338111877,1.0,1.30385160446167e-08,1.0
GCN,125,2164,6,1,3,-2.444042921066284,1.5514514446258545,3.9954943656921387,0.8017836213111877,0.03696797415614128,0.0,0.6418853402137756,0.056261900812387466,0.19306555513452064,0,0.0,0.04884856943475227,70,0.5376770496368408,1.0000001192092896,0.6219093677474613,0.9944608567208272,76.96009826660156,0.9996307237813885,0.6379755139350891,1.0,0.6379755139350891,1.0,6.035659971814766e-09,5.991940810190499e-08,6.06846484174639e-08,1.0,0.5376771092414856,0.3293987512588501,65,0.7832553386688232,0.9999999403953552,1.0,0.9999999403953552,0.6706012487411499,1.0,0.0,1.0000001192092896
GCN,125,2165,6,1,3,-0.8096901178359985,3.983123540878296,4.792813658714294,0.8017836213111877,0.030789891257882118,0.0,0.7040066123008728,0.04720000922679901,0.1330049261083744,0,0.0,0.05024424284717376,72,0.590360164642334,1.0,0.6780753253726286,0.9992614475627769,84.23890686035156,1.0,0.6995564699172974,1.0,0.6995564699172974,1.0,3.811601700931533e-09,3.461276376626188e-09,5.849711381955558e-09,1.0,0.590360164642334,0.2636914551258087,67,0.8653022050857544,1.0000001192092896,1.0,1.0000001192092896,0.7363085746765137,1.0,0.0,1.0
GCN,125,2166,5,1,2,-2.600522994995117,2.4829678535461426,5.08349084854126,0.8660253286361694,0.08365887403488159,0.0,0.6291208863258362,0.14740429818630219,0.4971580143993937,1,0.0,0.034193998604326585,49,0.5639152526855469,1.0,0.6109309993700494,0.9944608567208272,75.39860534667969,0.9992614475627769,0.6244133114814758,1.0,0.6244133114814758,1.0,1.6130979885176089e-09,1.9340364865172432e-09,3.436411599722078e-09,1.0,0.5639152526855469,0.3488466739654541,44,0.959981381893158,1.0,1.0,1.0,0.6511533260345459,1.0,0.0,1.0
GCN,125,2172,0,1,5,3.291313648223877,7.925493240356445,4.634179592132568,0.7071066498756409,0.030745897442102432,-0.00020971756021026522,0.7096049785614014,0.045096505433321,0.11860553239863585,0,0.0,0.05373342637822749,77,0.5245771408081055,1.0,0.6811284324250078,0.9996307237813885,84.90989685058594,1.0,0.7049519419670105,1.0,0.7049519419670105,1.0,1.0116752768851711e-08,1.0036053765816177e-08,6.260012241909862e-08,1.0,0.5245771408081055,0.25813573598861694,73,0.7359651923179626,1.0,1.0,1.0,0.7418642640113831,1.0,1.1641532182693481e-10,1.0
GCN,125,2177,3,1,4,0.8675918579101562,4.599819183349609,3.732227325439453,0.7499998807907104,0.060897283256053925,0.0,0.6626194715499878,0.11562666296958923,0.38992042440318303,1,0.0,0.05443126308443824,78,0.5166188478469849,1.0,0.6367572468546316,0.9948301329394387,78.83245086669922,0.9996307237813885,0.6553043723106384,1.0,0.6553043723106384,1.0,8.535712581192456e-09,8.652407679221596e-09,1.6756748877355676e-08,1.0,0.5166188478469849,0.3111747205257416,73,0.9435946941375732,1.0,1.0,1.0,0.688825249671936,1.0,0.0,1.0
GCN,125,2181,0,1,8,4.205695152282715,7.794571399688721,3.588876247406006,0.6123723983764648,0.027886126190423965,-0.0003536056901793927,0.697131335735321,0.02149634063243866,0.10837438423645321,0,0.0,0.07606420097697139,109,0.44619202613830566,1.0,0.6701297715466727,0.9985228951255539,83.3832778930664,1.0,0.6922907829284668,1.0,0.6922907829284668,1.0,9.414538482133139e-09,9.935622991008586e-09,2.2239049712879932e-08,1.0,0.44619202613830566,0.27137142419815063,105,0.3290838301181793,1.0000001192092896,1.0,1.0000001192092896,0.7286285758018494,1.0,4.656612873077393e-10,1.0
GCN,125,2189,0,1,6,1.2996125221252441,5.208410263061523,3.9087977409362793,0.6708203554153442,0.02135578542947769,-0.0011345803504809737,0.6965550184249878,0.0301230289041996,0.10837438423645321,0,0.0,0.0732728541521284,105,0.48889461159706116,1.0,0.6713370231962971,0.9988921713441654,83.37681579589844,1.0,0.6924794316291809,1.0,0.6924794316291809,1.0,6.7801306791182014e-09,7.65159580140562e-09,1.5639344042028824e-08,1.0,0.48889464139938354,0.2711988687515259,102,0.6252293586730957,1.0,1.0,1.0,0.7288011312484741,1.0,2.3283064365386963e-10,1.0
GCN,125,2195,0,1,4,-0.3394109010696411,3.650771379470825,3.9901822805404663,0.7499998807907104,0.03672810643911362,-0.0003529390669427812,0.6215255856513977,0.05381046608090401,0.18226600985221675,0,0.0,0.052337752965806,75,0.48672768473625183,1.0,0.603633140801353,0.9944608567208272,74.38343048095703,0.9992614475627769,0.6176040768623352,0.9996307237813885,0.6176040768623352,0.9996307237813885,7.792003486883914e-09,3.0815556328889215e-08,6.173993227776009e-08,1.0,0.48672765493392944,0.3510296940803528,71,0.6829491853713989,1.0,1.0,1.0,0.6489703059196472,1.0,0.0,1.0
GCN,125,2198,0,1,5,2.38157320022583,7.182669639587402,4.801096439361572,0.7071066498756409,0.023195473477244377,-0.02964271605014801,0.713402509689331,0.03556094318628311,0.10837438423645321,0,0.0,0.06908583391486392,99,0.5271055698394775,1.0,0.6882782779070868,0.9996307237813885,85.38590240478516,1.0,0.7094895839691162,1.0,0.7094895839691162,1.0,5.201042707625447e-09,6.48173070771918e-09,1.2316257347322335e-08,1.0,0.5271055698394775,0.2545599937438965,97,0.773374080657959,1.0,1.0,1.0,0.7454400062561035,1.0,1.5156362831447723e-09,1.0
GCN,125,2212,3,1,4,-2.7231526374816895,4.625771522521973,7.348924160003662,0.7499998807907104,0.032489582896232605,-0.0004466187674552202,0.652293860912323,0.05175642669200897,0.1724137931034483,0,0.0,0.056524773203070484,81,0.5112836956977844,1.0,0.6307204007821404,0.9948301329394387,78.0335464477539,0.9996307237813885,0.6481156945228577,1.0,0.6481156945228577,1.0,6.731986967878356e-09,5.7268767506002405e-09,1.1209846384474531e-08,1.0,0.5112836956977844,0.31828832626342773,77,0.7793357372283936,1.0,1.0,1.0,0.6817116737365723,1.0,2.3283064365386963e-10,1.0
GCN,125,2215,3,1,4,-3.0650062561035156,4.931608200073242,7.996614456176758,0.7499998807907104,0.031249022111296654,-0.000463793461676687,0.6713430881500244,0.0500589944422245,0.15687760515346721,0,0.0,0.055826936496859735,80,0.526362955570221,1.0000001192092896,0.6493217230521907,0.9948301329394387,80.30718231201172,1.0,0.6676769256591797,1.0,0.6676769256591797,1.0,6.124817986119524e-09,5.992800566900769e-08,1.197976899902642e-07,1.0,0.5263630747795105,0.29818251729011536,76,0.8065873384475708,1.0,1.0,1.0,0.701817512512207,1.0,0.0,1.0000001192092896
GCN,125,2218,1,1,2,-1.1819019317626953,4.625430107116699,5.8073320388793945,0.8660253286361694,0.10057755559682846,0.0,0.5440669059753418,0.19697073101997375,0.6663508904888216,1,0.0,0.027913468248429867,40,0.4821544289588928,1.0,0.5257540725553902,0.9863367799113737,64.73636627197266,0.9933530280649926,0.5346575975418091,0.9988921713441654,0.5346575975418091,0.9988921713441654,9.856191418577964e-09,9.91650850323822e-09,2.055833192571299e-08,1.0,0.4821544289588928,0.4432559609413147,35,0.922748863697052,1.0,1.0,1.0,0.5567440390586853,1.0,0.0,1.0
GCN,125,2224,4,1,8,-2.5657076835632324,2.6665892601013184,5.232296943664551,0.6123723983764648,0.01864817552268505,-0.12247271835803986,0.6798023581504822,0.25581905245780945,0.8056081849185297,1,0.0,0.08932309839497557,128,0.43321874737739563,1.0,0.6583711539844751,0.9955686853766618,81.37567138671875,1.0,0.6758143901824951,1.0,0.6758143901824951,1.0,7.679882507716229e-09,3.094984180052052e-08,6.263803697947878e-08,1.0,0.433218777179718,0.29255664348602295,125,0.4852263331413269,1.0,1.0,1.0,0.707443356513977,1.0,2.4308233204095586e-09,1.0
GCN,125,2228,6,1,6,-1.2765533924102783,2.432234764099121,3.7087881565093994,0.6708203554153442,0.02134540118277073,0.0,0.7055608034133911,0.028324542567133904,0.10837438423645321,0,0.0,0.0718771807397069,103,0.49525484442710876,1.0,0.6810777192615053,0.9996307237813885,84.47515869140625,1.0,0.7017523050308228,1.0,0.7017523050308228,1.0,5.908579403524072e-09,5.989723916854928e-08,1.1980569070146885e-07,1.0,0.49525490403175354,0.2617175281047821,98,0.6280573010444641,1.0,1.0,1.0,0.7382824420928955,1.0,0.0,1.0
GCN,125,2229,3,1,3,-2.8908276557922363,4.233193397521973,7.124021053314209,0.8017836213111877,0.04354128986597061,0.0,0.6025219559669495,0.06926332414150238,0.20954907161803712,0,0.0,0.04815073272854152,69,0.503951907157898,1.0,0.5872714308217901,0.9940915805022157,72.22584533691406,0.9977843426883308,0.5985392928123474,0.9996307237813885,0.5985392928123474,0.9996307237813885,4.5625303535246076e-09,4.190951585769653e-09,8.316988875378684e-09,1.0,0.5039518475532532,0.37146151065826416,64,0.7684792280197144,1.0,1.0,1.0,0.6285384893417358,1.0,0.0,1.0
GCN,125,2231,0,1,2,-1.7251968383789062,5.94419002532959,7.669386863708496,0.8660253286361694,0.04434539005160332,-0.00032821137574501336,0.6237822771072388,0.06930402666330338,0.20954907161803712,0,0.0,0.04256803907885555,61,0.5639152526855469,1.0,0.606885937318155,0.9944608567208272,74.89303588867188,0.9992614475627769,0.6200214624404907,0.9996307237813885,0.6200214624404907,0.9996307237813885,6.142494068939186e-09,5.839362771098422e-09,1.0357275037620184e-08,1.0,0.5639152526855469,0.3488466739654541,57,0.8442549705505371,0.9999999403953552,1.0,0.9999999403953552,0.6511533260345459,1.0,0.0,1.0
GCN,125,2232,0,1,3,2.660893678665161,7.481570720672607,4.820677042007446,0.8017836213111877,0.03898736834526062,-0.0002694112772587687,0.6644518971443176,0.06273855268955231,0.20367563471011746,0,0.0,0.04256803907885555,61,0.5565142035484314,1.0,0.63917372465485,0.9948301329394387,79.5200424194336,1.0,0.6602847576141357,1.0,0.6602847576141357,1.0,5.8161075955354136e-09,8.135756957017293e-09,1.4626910349591071e-08,1.0,0.5565142035484314,0.30590471625328064,57,0.8572970032691956,1.0,1.0,1.0,0.694095253944397,1.0,1.1641532182693481e-10,1.0
GCN,125,2235,5,1,3,-4.459931373596191,2.3880395889282227,6.847970962524414,0.8017836213111877,0.04306357726454735,-0.15645255148410797,0.6139841675758362,0.30818259716033936,0.8870784388025768,1,0.0,0.04675505931612003,67,0.506652295589447,1.0000001192092896,0.5872537705652394,0.9940915805022157,73.48064422607422,0.9985228951255539,0.6093563437461853,0.9996307237813885,0.6093563437461853,0.9996307237813885,7.303611937459209e-09,3.0777709270068954e-08,6.15083450838938e-08,1.0,0.5066523551940918,0.36809343099594116,64,0.7160329818725586,0.9999999403953552,1.0,0.9999999403953552,0.6319065690040588,1.0,6.51925802230835e-09,1.0000001192092896
GCN,125,2249,4,1,6,-3.71828556060791,2.873199939727783,6.591485500335693,0.6708203554153442,0.019440259784460068,0.0,0.7410994172096252,0.029128093272447586,0.10837438423645321,0,0.0,0.0718771807397069,103,0.5203320384025574,1.0,0.7148822711508762,1.0,88.71916961669922,1.0,0.7372403740882874,1.0,0.7372403740882874,1.0,8.092330361364475e-09,3.092092626388876e-08,6.167343968854766e-08,1.0,0.5203320384025574,0.2243346869945526,98,0.7448909282684326,1.0,1.0,1.0,0.775665283203125,1.0,0.0,1.0
GCN,125,2264,4,1,1,-0.23763084411621094,6.118590831756592,6.356221675872803,0.9486831426620483,0.07057054340839386,0.0,0.5273034572601318,0.1278984099626541,0.41398256915498294,1,0.0,0.03210048848569435,46,0.5187366008758545,1.0,0.5176035748828502,0.9859675036927622,63.61211395263672,0.9918759231905465,0.5225892663002014,0.9985228951255539,0.5225892663002014,0.9985228951255539,0.0,5.960509952274151e-08,1.1921019904548302e-07,1.0,0.5187365412712097,0.4532034993171692,41,0.9066163301467896,1.0,0.9999999403953552,1.0000001192092896,0.546796441078186,0.9999999403953552,0.0,1.0
GCN,125,2274,0,1,3,-0.6525251865386963,4.350739002227783,5.0032641887664795,0.8017836213111877,0.03593374043703079,0.0,0.7020246982574463,0.057608094066381454,0.19552860932171276,0,0.0,0.041172365666434056,59,0.5883733630180359,1.0,0.6764912266003766,0.9992614475627769,83.96700286865234,1.0,0.6976535320281982,1.0,0.6976535320281982,1.0,4.5625303535246076e-09,5.972866290449019e-08,5.99098370912543e-08,1.0,0.5883733034133911,0.2661694288253784,54,0.902382493019104,1.0,1.0,1.0,0.7338305711746216,1.0,0.0,1.0
GCN,125,2279,2,1,3,-4.851796627044678,3.146857738494873,7.998654365539551,0.8017836213111877,0.031264785677194595,-0.0010649714386090636,0.669358491897583,0.04723161458969116,0.1330049261083744,0,0.0,0.05722260990928123,82,0.5611526370048523,1.0,0.6467055204687625,0.9948301329394387,80.1015396118164,1.0,0.665375828742981,1.0,0.665375828742981,1.0,4.725945856876024e-09,4.685626109335317e-09,8.367224246796923e-09,1.0,0.5611526370048523,0.30011966824531555,78,0.7846745848655701,1.0,1.0,1.0,0.6998803615570068,1.0,0.0,1.0
GCN,125,2288,5,1,3,-1.780998706817627,4.268322467803955,6.049321174621582,0.8017836213111877,0.040046680718660355,0.0,0.6324172616004944,0.059780851006507874,0.19969685486926866,0,0.0,0.04396371249127704,63,0.5294591188430786,1.0,0.614168193932562,0.9944608567208272,75.6766586303711,0.9992614475627769,0.6277860999107361,1.0,0.6277860999107361,1.0,4.4664663079174716e-09,5.839362771098422e-09,1.1051231929570804e-08,1.0,0.5294591188430786,0.3396483361721039,58,0.7569312453269958,1.0,1.0,1.0,0.6603516340255737,1.0,0.0,1.0
GCN,125,2293,0,1,3,-0.48073089122772217,4.215982437133789,4.696713328361511,0.8017836213111877,0.03955579921603203,0.0,0.6671267151832581,0.05547104775905609,0.19060250094732853,0,0.0,0.03977669225401256,57,0.5587338209152222,1.0,0.6443350290949426,0.9948301329394387,79.82756805419922,1.0,0.6630043387413025,1.0,0.6630043387413025,1.0,4.928095709288982e-09,6.2475016271434924e-09,6.065007340794182e-08,1.0,0.5587338209152222,0.30313640832901,52,0.7501043677330017,1.0,1.0,1.0,0.69686359167099,1.0,0.0,1.0
GCN,125,2297,4,1,3,-3.144848585128784,3.4626145362854004,6.607463121414185,0.8017836213111877,0.05695796385407448,0.0,0.5722532868385315,0.05970877408981323,0.19950738916256158,0,0.0,0.03977669225401256,57,0.47687360644340515,1.0,0.5582761328372204,0.9918759231905465,68.6005630493164,0.9970457902511078,0.5669757723808289,0.9988921713441654,0.5669757723808289,0.9988921713441654,1.210719347000122e-08,3.150104888050009e-08,6.332948743192901e-08,1.0,0.47687360644340515,0.40523403882980347,52,0.48098236322402954,1.0,1.0,1.0,0.5947659611701965,1.0,0.0,1.0
GCN,125,2299,4,1,2,-2.5064969062805176,5.055751323699951,7.562248229980469,0.8660253286361694,0.04767318069934845,0.0,0.6097943782806396,0.07977907359600067,0.22034861690034105,0,0.0,0.04326587578506629,62,0.5508931875228882,1.0,0.5925400351426403,0.9944608567208272,73.31103515625,0.9985228951255539,0.6056258678436279,0.9996307237813885,0.6056258678436279,0.9996307237813885,7.450580596923828e-09,7.708066185330154e-09,6.123624274323447e-08,1.0,0.5508931875228882,0.3638833165168762,57,0.8837489485740662,1.0,1.0,1.0,0.6361166834831238,1.0,0.0,1.0
GCN,125,2302,3,1,2,-2.3036880493164062,6.047263145446777,8.350951194763184,0.8660253286361694,0.03836897388100624,0.0,0.6966637372970581,0.060850102454423904,0.20121258052292534,0,0.0,0.0418702023726448,60,0.6306725740432739,1.0,0.6730237721060828,0.9988921713441654,83.37431335449219,1.0,0.6925084590911865,1.0,0.6925084590911865,1.0,3.951266869250958e-09,5.973728178787496e-08,5.993663165781982e-08,1.0,0.6306726336479187,0.2717618942260742,55,0.9568302631378174,1.0,1.0,1.0,0.7282381057739258,1.0,0.0,1.0
GCN,125,2310,3,1,2,-0.4234137535095215,4.185235023498535,4.608648777008057,0.8660253286361694,0.05637802183628082,-0.053963202983140945,0.5999303460121155,0.09555041790008545,0.2847669571807503,0,0.0,0.034891835310537335,50,0.5378130078315735,1.0000001192092896,0.5793910726151142,0.9940915805022157,71.9233169555664,0.9977843426883308,0.59490966796875,0.9996307237813885,0.59490966796875,0.9996307237813885,1.1368240571130173e-08,6.066478164257205e-08,1.210440814247704e-07,1.0,0.537813127040863,0.3789868652820587,46,0.8805503249168396,1.0,1.0,1.0,0.6210131645202637,1.0,2.0954757928848267e-08,1.0000001192092896
GCN,125,2316,3,1,1,-2.788821220397949,3.500786304473877,6.289607524871826,0.9486831426620483,0.08433899283409119,0.0,0.5673407316207886,0.15432630479335785,0.5303145130731337,1,0.0,0.020237264480111653,29,0.5567970275878906,1.0,0.5543682899198028,0.990029542097489,67.86262512207031,0.9966765140324964,0.5613357424736023,0.9988921713441654,0.5613357424736023,0.9988921713441654,1.418548301046485e-08,1.4231266831643552e-08,6.486132519967214e-08,1.0,0.5567970871925354,0.4130842685699463,24,0.9848650693893433,1.0,1.0,1.0,0.5869157314300537,1.0,0.0,1.0
GCN,125,2318,1,1,2,-1.016753911972046,6.4510369300842285,7.467790842056274,0.8660253286361694,0.04087688401341438,0.0,0.643297016620636,0.06312789022922516,0.2046229632436529,0,0.0,0.04326587578506629,62,0.5819693803787231,1.0,0.6233094717327239,0.9944608567208272,77.0782699584961,0.9996307237813885,0.6389715671539307,1.0,0.6389715671539307,1.0,6.969380184074225e-09,5.998180085953209e-08,6.07189534207464e-08,1.0,0.5819693803787231,0.3279995620250702,57,0.8603706955909729,0.9999999403953552,1.0,0.9999999403953552,0.6720004081726074,1.0,0.0,1.0
GCN,125,2320,3,1,2,-0.7494338750839233,6.324030876159668,7.073464751243591,0.8660253286361694,0.0470731146633625,0.0,0.6580640077590942,0.07686232030391693,0.21674876847290642,0,0.0,0.03698534542916958,53,0.5948978066444397,1.0,0.6375697948545934,0.9948301329394387,78.89787292480469,0.9996307237813885,0.6533907651901245,1.0,0.6533907651901245,1.0,6.4523919540704355e-09,5.759912102831777e-09,9.714293369711413e-09,1.0,0.5948978066444397,0.3130711615085602,48,0.9305490255355835,1.0,1.0,1.0,0.6869288682937622,1.0,0.0,1.0
GCN,125,2321,0,1,2,1.4281361103057861,6.91843318939209,5.490297079086304,0.8660253286361694,0.04849979281425476,-0.0006702980608679354,0.6339133977890015,0.07933320105075836,0.22034861690034105,0,0.0,0.03768318213538032,54,0.5727478265762329,1.0,0.6130632146566128,0.9944608567208272,75.89459991455078,0.9992614475627769,0.6293364763259888,1.0,0.6293364763259888,1.0,6.90687285143099e-09,6.953805975484784e-09,1.2111278202553422e-08,1.0,0.5727478265762329,0.3386476933956146,50,0.8979986310005188,1.0000001192092896,1.0,1.0000001192092896,0.661352276802063,1.0,0.0,1.0
GCN,125,2330,0,1,3,0.9518951177597046,7.110055446624756,6.158160328865051,0.8017836213111877,0.034849561750888824,-0.0009261451195925474,0.649394154548645,0.0555017814040184,0.19060250094732853,0,0.0,0.051639916259595256,74,0.5441189408302307,1.0,0.6272837399940859,0.9948301329394387,77.79513549804688,0.9996307237813885,0.6449722647666931,1.0,0.6449722647666931,1.0,5.587935447692871e-09,5.986872508856322e-08,6.04981096330448e-08,1.0,0.5441188812255859,0.3213644027709961,70,0.8076953887939453,1.0,1.0,1.0,0.6786355972290039,1.0,4.656612873077393e-10,1.0
GCN,125,2331,1,1,2,-1.8998496532440186,4.782271385192871,6.68212103843689,0.8660253286361694,0.055538635700941086,0.0,0.6333096027374268,0.09489947557449341,0.27453580901856767,0,0.0,0.03279832519190509,47,0.5715295672416687,1.0,0.6122004954198673,0.9944608567208272,75.83101654052734,0.9992614475627769,0.6284917593002319,1.0,0.6284917593002319,1.0,3.725290298461914e-09,2.6750204273895406e-09,4.9715240812986394e-09,1.0,0.5715296268463135,0.34005439281463623,42,0.9371631741523743,1.0,1.0,1.0,0.6599456071853638,1.0,0.0,1.0
GCN,125,2337,4,1,1,-3.600903272628784,4.621078968048096,8.22198224067688,0.9486831426620483,0.08601745963096619,-0.003940408118069172,0.5438053011894226,0.14521056413650513,0.4838954149298977,1,0.0,0.0209351011863224,30,0.5324554443359375,1.0,0.5287336611646961,0.9870753323485968,64.92542266845703,0.9937223042836041,0.5359842777252197,0.9988921713441654,0.5359842777252197,0.9988921713441654,7.450580596923828e-09,7.512171329437933e-09,1.4123977543079036e-08,1.0,0.5324554443359375,0.43874257802963257,26,0.8395986557006836,1.0,1.0,1.0,0.5612574219703674,1.0,9.313225746154785e-10,1.0
GCN,125,2341,4,1,1,-3.5212819576263428,3.1316423416137695,6.652924299240112,0.9486831426620483,0.14220845699310303,0.0,0.49128997325897217,0.2517429292201996,0.8003031451307313,1,0.0,0.015352407536636426,22,0.4649110734462738,1.0,0.48118369091531504,0.9763663220088626,57.902740478515625,0.9793205317577548,0.4789063632488251,0.9981536189069424,0.4789063632488251,0.9981536189069424,0.0,5.703162941905759e-10,1.1406325883811519e-09,1.0,0.4649110734462738,0.5099406242370605,17,0.8250702023506165,1.0,1.0,1.0,0.49005937576293945,1.0,0.0,1.0
GCN,125,2342,0,1,1,1.342294454574585,6.198566913604736,4.856272459030151,0.9486831426620483,0.07826709002256393,-0.0013790845405310392,0.5086487531661987,0.14653648436069489,0.49374763167866614,1,0.0,0.028611304954640614,41,0.49863386154174805,1.0,0.5018076704474418,0.9844903988183161,61.21101379394531,0.9874446085672083,0.5034716725349426,0.9985228951255539,0.5034716725349426,0.9985228951255539,1.580506747700383e-08,1.5890584847966238e-08,3.186730879178867e-08,1.0,0.49863386154174805,0.47439366579055786,38,0.9034531116485596,1.0,1.0,1.0,0.5256063342094421,1.0,0.0,1.0
GCN,125,2346,3,1,3,-2.96767520904541,5.179675102233887,8.147350311279297,0.8017836213111877,0.03505385294556618,0.0,0.6932651996612549,0.05360948666930199,0.18226600985221675,0,0.0,0.04326587578506629,62,0.5810605883598328,1.0,0.6694204383408897,0.9985228951255539,82.97686004638672,1.0,0.689272940158844,1.0,0.689272940158844,1.0,6.8437953082423064e-09,6.003465102821792e-08,1.1985157755134423e-07,1.0,0.5810606479644775,0.27528995275497437,57,0.8500851988792419,1.0,1.0,1.0,0.7247100472450256,1.0,0.0,1.0
GCN,125,2347,0,1,3,0.78645259141922,7.357379913330078,6.570927321910858,0.8017836213111877,0.033701181411743164,0.0,0.7036423087120056,0.04408938065171242,0.11405835543766578,0,0.0,0.0418702023726448,60,0.5898791551589966,1.0,0.6790156496882196,0.9992614475627769,84.2074203491211,1.0,0.6991562843322754,1.0,0.6991562843322754,1.0,5.587935447692871e-09,1.1406325883811519e-09,5.964078297893138e-08,1.0,0.5898792147636414,0.26429131627082825,55,0.7380706071853638,0.9999999403953552,1.0,0.9999999403953552,0.7357087135314941,1.0,0.0,1.0
GCN,125,2353,4,1,3,-2.6032681465148926,4.508037090301514,7.111305236816406,0.8017836213111877,0.03555407375097275,-0.0007086742552928627,0.6563786864280701,0.05619491636753082,0.19306555513452064,0,0.0,0.04954640614096301,71,0.5499556064605713,1.0,0.6376149943362579,0.9948301329394387,78.805908203125,0.9996307237813885,0.6525061130523682,1.0,0.6525061130523682,1.0,3.783050317451853e-09,2.981687119429921e-09,5.5103193119521165e-09,1.0,0.5499556064605713,0.3140847682952881,67,0.8318006992340088,1.0,1.0,1.0,0.6859152317047119,1.0,2.3283064365386963e-10,1.0
GCN,125,2359,2,0,11,-7.121049880981445,-2.8065764904022217,4.314473390579224,0.5477225184440613,0.024233289062976837,-0.0001664896117290482,0.6834263205528259,0.04684458673000336,0.1328154604016673,0,0.0,0.09979064898813678,143,0.3912603557109833,1.0,0.6602906536093641,0.9955686853766618,81.68030548095703,1.0,0.6789515614509583,1.0,0.6789515614509583,1.0,8.47836112427558e-09,3.171457763073704e-08,6.571875132976857e-08,1.0,0.3912603557109833,0.2856595516204834,139,0.7236013412475586,1.0,1.0,1.0,0.7143404483795166,1.0,1.1641532182693481e-10,1.0
GCN,125,2365,2,0,7,-6.832031726837158,-2.581742763519287,4.250288963317871,0.6396021246910095,0.03492196276783943,-0.0005242491606622934,0.6672579050064087,0.05126389488577843,0.16331943918150815,0,0.0,0.06769016050244243,97,0.44550880789756775,1.0,0.6454083341508433,0.9948301329394387,79.72721099853516,1.0,0.6619114279747009,1.0,0.6619114279747009,1.0,9.207855811155241e-09,1.11685922732363e-08,2.5032221628862317e-08,1.0,0.44550880789756775,0.3034594655036926,93,0.6264934539794922,1.0,1.0,1.0,0.6965405344963074,1.0,2.3283064365386963e-10,1.0
GCN,125,2368,3,1,2,-0.2824777364730835,5.577500820159912,5.859978556632996,0.8660253286361694,0.05734952166676521,0.0,0.6372748017311096,0.09970360994338989,0.31110269041303523,0,0.0,0.03210048848569435,46,0.5749499201774597,1.0,0.6189914367188222,0.9944608567208272,76.36724090576172,0.9992614475627769,0.6321536302566528,1.0,0.6321536302566528,1.0,1.236416213856728e-08,1.242757452502019e-08,6.340649605363069e-08,1.0,0.5749499201774597,0.3361049294471741,41,0.9594854116439819,1.0,1.0,1.0,0.6638950705528259,1.0,0.0,1.0
GCN,125,2383,4,1,10,-4.207472801208496,0.3453390598297119,4.552811861038208,0.5669466257095337,0.02022653818130493,-0.0004879484768025577,0.6690860390663147,0.02197602018713951,0.10837438423645321,0,0.0,0.09630146545708304,138,0.39675718545913696,1.0,0.6490682269060905,0.9948301329394387,80.07601165771484,1.0,0.6651590466499329,1.0,0.6651590466499329,1.0,1.0505797121140859e-08,3.2553852946648476e-08,6.81900189647422e-08,1.0,0.39675718545913696,0.3001859784126282,135,0.41214650869369507,0.9999998807907104,1.0,0.9999998807907104,0.6998140215873718,1.0,1.1641532182693481e-10,1.0
GCN,125,2384,0,1,1,1.035534381866455,6.7039570808410645,5.668422698974609,0.9486831426620483,0.0686800554394722,-0.00037597198388539255,0.5847883820533752,0.12106055021286011,0.3984463812050019,1,0.0,0.0314026517794836,45,0.5766018629074097,1.0,0.5659790006152354,0.9937223042836041,69.73434448242188,0.9974150664697193,0.5785089731216431,0.9996307237813885,0.5785089731216431,0.9996307237813885,0.0,1.066964072649057e-09,5.963737947922709e-08,1.0,0.5766018033027649,0.3922082185745239,41,0.9778942465782166,1.0000001192092896,1.0,1.0000001192092896,0.6077917814254761,1.0,2.3283064365386963e-10,1.0
GCN,125,2389,2,1,2,-3.462526321411133,4.102054595947266,7.564580917358398,0.8660253286361694,0.04658159986138344,-0.001549370470456779,0.6712676286697388,0.07440014183521271,0.21314892004547176,0,0.0,0.03210048848569435,46,0.6068811416625977,1.0000001192092896,0.6502204878686629,0.9948301329394387,80.4622573852539,1.0,0.6665632128715515,1.0,0.6665632128715515,1.0,3.357931266378955e-09,3.2927225390722015e-09,5.985573636735353e-08,1.0,0.6068812012672424,0.29923391342163086,42,0.9069632887840271,1.0,1.0,1.0,0.7007660865783691,1.0,9.313225746154785e-10,1.0000001192092896
GCN,125,2392,2,1,3,-3.5929489135742188,3.5356945991516113,7.12864351272583,0.8017836213111877,0.03611104562878609,-0.0012092475080862641,0.6653465628623962,0.05572698265314102,0.19268662372110648,0,0.0,0.04326587578506629,62,0.5574454665184021,1.0,0.6452306478466389,0.9948301329394387,79.73237609863281,1.0,0.6611539125442505,1.0,0.6611539125442505,1.0,4.318365220967735e-09,5.97608718067022e-08,6.011041620013202e-08,1.0,0.5574454665184021,0.30474328994750977,58,0.7984821796417236,1.0,1.0,1.0,0.6952567100524902,1.0,9.313225746154785e-10,1.0
GCN,125,2411,3,1,1,-2.2878258228302,5.092789173126221,7.380614995956421,0.9486831426620483,0.0862840935587883,0.0,0.4766210913658142,0.16812241077423096,0.5744600227358848,1,0.0,0.027913468248429867,40,0.46491098403930664,1.0,0.4689189606379902,0.9675036927621861,57.411048889160156,0.9778434268833087,0.46978992223739624,0.9981536189069424,0.46978992223739624,0.9981536189069424,1.3170890156288806e-08,1.3216087779710506e-08,2.8413989383579974e-08,1.0,0.46491095423698425,0.5099407434463501,35,0.8810270428657532,1.0,1.0,1.0,0.4900592565536499,1.0,0.0,1.0
GCN,125,2425,3,1,5,0.6831507086753845,5.277036666870117,4.593885958194733,0.7071066498756409,0.03545233607292175,0.0,0.6333600282669067,0.039596911519765854,0.10837438423645321,0,0.0,0.055826936496859735,80,0.4676283001899719,1.0,0.6140728112439754,0.9944608567208272,75.85396575927734,0.9992614475627769,0.6291255950927734,1.0,0.6291255950927734,1.0,5.185384566175344e-09,6.8279346621125114e-09,1.4601201137054431e-08,1.0,0.4676283001899719,0.3386736214160919,75,0.5002095699310303,1.0,1.0,1.0,0.6613264083862305,1.0,0.0,1.0
GCN,125,2427,3,1,3,-0.8679666519165039,5.43358039855957,6.301547050476074,0.8017836213111877,0.05776606500148773,-0.0024739415384829044,0.5837082266807556,0.06631530821323395,0.2074649488442592,0,0.0,0.04884856943475227,70,0.4863130748271942,1.0,0.5636335184075817,0.9937223042836041,69.65459442138672,0.9974150664697193,0.5772461891174316,0.9996307237813885,0.5772461891174316,0.9996307237813885,1.513220126980741e-08,6.105048555582471e-08,1.22263060120531e-07,1.0,0.4863131046295166,0.3934609293937683,67,0.49467942118644714,1.0,1.0,1.0,0.6065390706062317,1.0,9.599853134645286e-10,1.0
GCN,125,2428,5,1,1,-0.9498313665390015,4.828566551208496,5.778397917747498,0.9486831426620483,0.15541410446166992,-0.000944672035984695,0.5472789406776428,0.29459744691848755,0.8711633194391815,1,0.0,0.020237264480111653,29,0.5187366604804993,1.0,0.5215651203178835,0.9863367799113737,63.30452346801758,0.9911373707533235,0.5264663696289062,0.9985228951255539,0.5264663696289062,0.9985228951255539,1.2904783908140871e-08,3.2494682500328054e-08,6.462312995836328e-08,1.0,0.5187366008758545,0.4532034993171692,25,0.984166145324707,1.0,1.0,1.0,0.5467965006828308,1.0,4.656612873077393e-10,1.0
GCN,125,2431,4,1,1,-3.503941535949707,2.908447027206421,6.412388563156128,0.9486831426620483,0.11249000579118729,0.0,0.4826546311378479,0.23212018609046936,0.7567260325881016,1,0.0,0.021632937892533146,31,0.46491098403930664,1.0,0.4763839731234667,0.973781388478582,59.075279235839844,0.982274741506647,0.4725964069366455,0.9981536189069424,0.4725964069366455,0.9981536189069424,0.0,1.0920725435070722e-09,2.1841450870141443e-09,1.0,0.46491095423698425,0.5099407434463501,26,0.9448363780975342,1.0,1.0,1.0,0.4900592565536499,1.0,0.0,1.0
GCN,125,2433,2,1,1,0.30112922191619873,5.960811138153076,5.659681916236877,0.9486831426620483,0.08693026006221771,0.0,0.4767516255378723,0.16698163747787476,0.5702917771883289,1,0.0,0.02721563154221912,39,0.4649110734462738,1.0,0.46789944092500485,0.9675036927621861,57.3177375793457,0.9774741506646972,0.4699570834636688,0.9981536189069424,0.4699570834636688,0.9981536189069424,1.4901161193847656e-08,1.4912071577555253e-08,3.207192733611919e-08,1.0,0.4649110734462738,0.5099406242370605,34,0.868782639503479,0.9999999403953552,1.0,0.9999999403953552,0.49005937576293945,1.0,0.0,1.0
GCN,125,2435,4,1,2,-2.499098539352417,4.639939308166504,7.139037847518921,0.8660253286361694,0.047886963933706284,0.0,0.6067605018615723,0.07417163252830505,0.21314892004547176,0,0.0,0.039078855547801813,56,0.548109233379364,1.0,0.5900027332404237,0.9944608567208272,72.81177520751953,0.9977843426883308,0.6027976870536804,0.9996307237813885,0.6027976870536804,0.9996307237813885,6.107090388951519e-09,5.991172002950407e-08,6.059843116190677e-08,1.0,0.5481092929840088,0.3670978844165802,51,0.8138951063156128,1.0,1.0,1.0,0.6329021453857422,1.0,0.0,1.0
GCN,125,2438,3,1,2,-3.1776063442230225,5.550686836242676,8.728293180465698,0.8660253286361694,0.06340334564447403,-0.0025497202295809984,0.5893069505691528,0.1058914065361023,0.3560060629026146,1,0.0,0.02721563154221912,39,0.5302566289901733,1.0,0.5740758757053097,0.9937223042836041,70.76789093017578,0.9974150664697193,0.5840027332305908,0.9996307237813885,0.5840027332305908,0.9996307237813885,7.450580596923828e-09,6.019291021175377e-08,6.170017741169431e-08,1.0,0.5302566885948181,0.3877122402191162,35,0.852355420589447,1.0,1.0,1.0,0.6122877597808838,1.0,9.313225746154785e-10,1.0
GCN,125,2445,2,1,4,-4.264158725738525,3.2327218055725098,7.496880531311035,0.7499998807907104,0.026136137545108795,0.0,0.69218510389328,0.03511735796928406,0.10837438423645321,0,0.0,0.06071179344033496,87,0.5430784225463867,1.0,0.6697369645613337,0.9985228951255539,82.9921875,1.0,0.6885137557983398,1.0,0.6885137557983398,1.0,7.092741505232425e-09,6.859619094967684e-09,6.093370785720253e-08,1.0,0.5430784225463867,0.27589529752731323,82,0.697531521320343,1.0,1.0,1.0,0.7241047024726868,1.0,0.0,1.0
GCN,125,2446,2,0,8,-6.01707649230957,-0.5310156345367432,5.486060857772827,0.6123723983764648,0.021225396543741226,-0.05232734978199005,0.6683096885681152,0.22412146627902985,0.7444107616521409,1,0.0,0.09141660851360782,131,0.426931768655777,1.0,0.6473631173601344,0.9948301329394387,79.95917510986328,1.0,0.6641222238540649,1.0,0.6641222238540649,1.0,1.1282080158991903e-08,3.185698460583808e-08,1.2208901978283393e-07,1.0,0.42693179845809937,0.3028232455253601,127,0.48226356506347656,0.9999998807907104,1.0,0.9999998807907104,0.6971767544746399,1.0,1.1292286217212677e-08,1.0
GCN,125,2448,2,1,5,-5.48411750793457,0.960927426815033,6.445044934749603,0.7071066498756409,0.027096310630440712,-0.03684889152646065,0.6823652386665344,0.03884278982877731,0.10837438423645321,0,0.0,0.06908583391486392,99,0.5035539865493774,1.0,0.6589682458917333,0.9955686853766618,81.64381408691406,1.0,0.6781857013702393,1.0,0.6781857013702393,1.0,7.138452495780712e-09,6.003600105941587e-08,1.2006002236830682e-07,1.0,0.5035539269447327,0.28786706924438477,95,0.6916749477386475,1.0000001192092896,1.0,1.0000001192092896,0.7121329307556152,1.0,1.955777406692505e-08,1.0
GCN,125,2456,5,1,2,-1.5450105667114258,5.059215068817139,6.6042256355285645,0.8660253286361694,0.046375006437301636,-0.059702783823013306,0.6067613363265991,0.07948766648769379,0.22034861690034105,0,0.0,0.04326587578506629,62,0.545360267162323,1.0,0.5893077056670325,0.9944608567208272,72.59834289550781,0.9977843426883308,0.6019104719161987,0.9996307237813885,0.6019104719161987,0.9996307237813885,5.509778855383729e-09,7.64096075300813e-09,1.4036735329625571e-08,1.0,0.545360267162323,0.37027212977409363,60,0.8437040448188782,1.0000001192092896,1.0,1.0000001192092896,0.629727840423584,1.0,1.839951480064883e-08,1.0
GCN,125,2459,3,1,2,-6.059731483459473,0.5741419792175293,6.633873462677002,0.8660253286361694,0.08521057665348053,0.0,0.6009941101074219,0.13058128952980042,0.4213717317165593,1,0.0,0.01465457083042568,21,0.5378130078315735,1.0000001192092896,0.585393373245433,0.9940915805022157,72.0910415649414,0.9977843426883308,0.5942957401275635,0.9996307237813885,0.5942957401275635,0.9996307237813885,0.0,2.3283064365386963e-10,5.960646376479417e-08,1.0,0.5378130674362183,0.3789868950843811,16,0.7976057529449463,1.0,1.0,1.0,0.6210131049156189,1.0,0.0,1.0000001192092896
GCN,125,2461,6,1,1,-3.4014487266540527,0.20246028900146484,3.6039090156555176,0.9486831426620483,0.08985865861177444,0.0,0.4773544371128082,0.1799820214509964,0.6083743842364532,1,0.0,0.026517794836008374,38,0.46491098403930664,1.0,0.46883161152244246,0.9675036927621861,57.46238327026367,0.9782127031019202,0.46892300248146057,0.9981536189069424,0.46892300248146057,0.9981536189069424,6.71586253275791e-09,6.804074637045687e-09,1.4609669030107852e-08,1.0,0.46491095423698425,0.5099407434463501,33,0.9070502519607544,1.0,1.0,1.0,0.4900592565536499,1.0,0.0,1.0
GCN,125,2467,6,1,2,-0.8459517955780029,4.366137981414795,5.212089776992798,0.8660253286361694,0.05142149329185486,-0.003356774104759097,0.5663710236549377,0.08894361555576324,0.24156877605153468,0,0.0,0.04256803907885555,61,0.510749876499176,1.0,0.5547303733912365,0.9911373707533235,68.07324981689453,0.9966765140324964,0.5623791813850403,0.9988921713441654,0.5623791813850403,0.9988921713441654,9.497663988611293e-09,3.111317781190337e-08,6.21205984430162e-08,1.0,0.5107499361038208,0.4102367162704468,57,0.8002895712852478,1.0,1.0,1.0,0.5897632837295532,1.0,0.0,1.0
GCN,125,2474,4,1,2,-4.859601020812988,1.8930829763412476,6.752683997154236,0.8660253286361694,0.07218801975250244,0.0,0.6074058413505554,0.12889625132083893,0.4160666919287609,1,0.0,0.03210048848569435,46,0.5457720756530762,0.9999999403953552,0.5905066800559278,0.9944608567208272,72.59158325195312,0.9977843426883308,0.6018744111061096,0.9996307237813885,0.6018744111061096,0.9996307237813885,9.266542200236927e-09,6.077949876726052e-08,6.34675458854872e-08,1.0,0.5457720756530762,0.36979663372039795,41,0.9392575621604919,1.0,1.0,1.0,0.630203366279602,1.0,0.0,0.9999999403953552
GCN,125,2479,6,1,1,-2.9234938621520996,1.373063325881958,4.296557188034058,0.9486831426620483,0.09083700180053711,0.0,0.4775601923465729,0.1769973188638687,0.5987116331943918,1,0.0,0.025819958129797628,37,0.4649110734462738,1.0,0.4660170997155031,0.9667651403249631,58.13424301147461,0.9800590841949779,0.4721941649913788,0.9981536189069424,0.4721941649913788,0.9981536189069424,0.0,5.703162941905759e-10,1.1406325883811519e-09,1.0,0.4649110734462738,0.5099406242370605,32,0.8827813267707825,1.0,1.0,1.0,0.49005937576293945,1.0,0.0,1.0
GCN,125,2483,4,1,2,-3.1778457164764404,3.4303059577941895,6.60815167427063,0.8660253286361694,0.10451503098011017,0.0,0.5968827605247498,0.18808293342590332,0.6347101174687382,1,0.0,0.020237264480111653,29,0.5302566289901733,1.0,0.5789301137600242,0.9940915805022157,71.38794708251953,0.9974150664697193,0.5892415046691895,0.9996307237813885,0.5892415046691895,0.9996307237813885,1.053671194739536e-08,6.234472493815701e-08,6.885939285439235e-08,1.0,0.5302566885948181,0.3877122700214386,24,0.9302297830581665,1.0,1.0,1.0,0.6122877597808838,1.0,0.0,1.0
GCN,125,2489,3,1,1,-4.010522842407227,3.293407440185547,7.303930282592773,0.9486831426620483,0.11761264503002167,0.0,0.5499907732009888,0.21533726155757904,0.7190223569533915,1,0.0,0.013258897418004187,19,0.5324553847312927,1.0,0.5380184456648258,0.9889217134416544,65.68217468261719,0.9940915805022157,0.5410381555557251,0.9988921713441654,0.5410381555557251,0.9988921713441654,0.0,1.066964072649057e-09,2.133928145298114e-09,1.0,0.5324553847312927,0.43874260783195496,14,0.9553043842315674,0.9999999403953552,1.0,0.9999999403953552,0.5612573623657227,1.0,0.0,1.0
GCN,125,2490,4,1,2,-2.3974194526672363,5.569192409515381,7.966611862182617,0.8660253286361694,0.045974187552928925,0.0,0.6262039542198181,0.0744134709239006,0.21314892004547176,0,0.0,0.040474528960223306,58,0.5659921169281006,1.0,0.6060021050939098,0.9944608567208272,75.19183349609375,0.9992614475627769,0.6213483214378357,0.9996307237813885,0.6213483214378357,0.9996307237813885,8.277775798148923e-09,5.984608009157455e-08,6.035669031234647e-08,1.0,0.5659921169281006,0.34644851088523865,53,0.8777763843536377,0.9999999403953552,1.0,0.9999999403953552,0.653551459312439,1.0,0.0,1.0
GCN,125,2496,4,1,1,-1.1823067665100098,4.895114898681641,6.07742166519165,0.9486831426620483,0.0761379599571228,-0.001505980733782053,0.5520133972167969,0.13917750120162964,0.45187571049640013,1,0.0,0.030006978367062107,43,0.5425822734832764,1.0,0.5403525354964966,0.9889217134416544,66.34904479980469,0.9944608567208272,0.5460986495018005,0.9988921713441654,0.5460986495018005,0.9988921713441654,1.4307248719092058e-08,6.10451564853065e-08,6.436819433019991e-08,1.0,0.5425823330879211,0.4280679225921631,39,0.9572792053222656,1.0,1.0,1.0,0.5719320774078369,1.0,4.656612873077393e-10,1.0
GCN,125,2505,1,1,1,-2.970614194869995,3.2940430641174316,6.264657258987427,0.9486831426620483,0.0778270959854126,0.0,0.5420796275138855,0.14180530607700348,0.46703296703296704,1,0.0,0.026517794836008374,38,0.5324554443359375,1.0,0.52369564011008,0.9863367799113737,64.71586608886719,0.9929837518463811,0.534428060054779,0.9988921713441654,0.534428060054779,0.9988921713441654,9.856191418577964e-09,1.0373382153261446e-08,1.9482818913729716e-08,1.0,0.5324554443359375,0.43874257802963257,33,0.9370137453079224,1.0,1.0,1.0,0.5612574219703674,1.0,0.0,1.0
GCN,125,2508,3,1,3,-4.391878604888916,3.947977304458618,8.339855909347534,0.8017836213111877,0.05790316313505173,0.0,0.6922942399978638,0.09834731370210648,0.3090185676392573,0,0.0,0.0314026517794836,45,0.5782320499420166,1.0,0.6669736220092448,0.9977843426883308,82.86652374267578,1.0,0.6875483989715576,1.0,0.6875483989715576,1.0,1.30385160446167e-08,1.1330028470979414e-08,6.274271413531096e-08,1.0,0.5782320499420166,0.2788178324699402,40,0.9427751302719116,1.0,1.0,1.0,0.7211821675300598,1.0,0.0,1.0
GCN,125,2509,3,1,5,-6.528769493103027,0.9301023483276367,7.458871841430664,0.7071066498756409,0.02911454066634178,0.0,0.6682101488113403,0.04022594168782234,0.10837438423645321,0,0.0,0.06489881367759945,93,0.4939717650413513,1.0,0.6464047109148948,0.9948301329394387,79.9560546875,1.0,0.6638869047164917,1.0,0.6638869047164917,1.0,8.381903171539307e-09,3.4060185782891494e-09,6.894396165080252e-09,1.0,0.4939717650413513,0.301418274641037,88,0.6528213024139404,1.0,1.0,1.0,0.6985816955566406,1.0,0.0,1.0
GCN,125,2514,2,1,2,-3.4043211936950684,4.422338008880615,7.826659202575684,0.8660253286361694,0.05017181858420372,-0.0003455574333202094,0.6436863541603088,0.08361987769603729,0.22679045092838196,0,0.0,0.03628750872295883,52,0.5815075635910034,1.0,0.6244737078184441,0.9948301329394387,77.02803802490234,0.9996307237813885,0.6390578746795654,1.0,0.6390578746795654,1.0,5.587935447692871e-09,6.490088910737768e-09,6.0588739358991e-08,1.0,0.5815075635910034,0.328532874584198,48,0.9290830492973328,1.0000001192092896,1.0,1.0000001192092896,0.671467125415802,1.0,0.0,1.0
GCN,125,2523,2,1,2,-2.8628649711608887,5.020547866821289,7.883412837982178,0.8660253286361694,0.05218149349093437,0.0,0.6630628108978271,0.06672336161136627,0.20765441455096628,0,0.0,0.030006978367062107,43,0.5989834666252136,1.0,0.6431316090680732,0.9948301329394387,79.46145629882812,1.0,0.65810227394104,1.0,0.65810227394104,1.0,2.2812651767623038e-09,5.967191185618503e-08,1.1927633636332757e-07,1.0,0.5989835262298584,0.30835336446762085,38,0.7342545986175537,1.0,1.0,1.0,0.6916466355323792,1.0,0.0,1.0
GCN,125,2533,0,1,1,-2.819490671157837,6.00886344909668,8.828354120254517,0.9486831426620483,0.0822051614522934,-0.0037159682251513004,0.5294905304908752,0.15313878655433655,0.5200833649109511,1,0.0,0.024424284717376135,35,0.5187366604804993,1.0,0.520538443689311,0.9863367799113737,63.1314582824707,0.9911373707533235,0.5241381525993347,0.9985228951255539,0.5241381525993347,0.9985228951255539,1.4427987693466093e-08,1.4968312811447504e-08,2.8832554122004694e-08,1.0,0.5187366604804993,0.4532034397125244,32,0.9259238243103027,1.0,1.0,1.0,0.5467965602874756,1.0,0.0,1.0
GCN,125,2540,3,0,1,-8.168357849121094,-3.012453556060791,5.155904293060303,0.9486831426620483,0.13973881304264069,0.0,0.5557129383087158,0.25674402713775635,0.8090185676392573,1,0.0,0.011165387299371946,16,0.5324555039405823,1.0,0.539695313026584,0.9889217134416544,65.27391815185547,0.9940915805022157,0.5426059365272522,0.9988921713441654,0.5426059365272522,0.9988921713441654,1.4901161193847656e-08,1.4904799172654748e-08,6.584931355746448e-08,1.0,0.5324555039405823,0.4387425184249878,11,0.9686235785484314,1.0,1.0,1.0,0.5612574815750122,1.0,0.0,1.0
GCN,125,2543,3,1,3,-5.354946136474609,3.952251672744751,9.30719780921936,0.8017836213111877,0.03918425366282463,0.0,0.6532754898071289,0.05114690959453583,0.16331943918150815,0,0.0,0.04675505931612003,67,0.54709792137146,1.0000001192092896,0.6332800750759171,0.9948301329394387,78.16094207763672,0.9996307237813885,0.6490479707717896,1.0,0.6490479707717896,1.0,5.890201215663637e-09,6.02217253842241e-09,6.061213042585223e-08,1.0,0.54709792137146,0.3176489472389221,62,0.6836933493614197,1.0,1.0,1.0,0.6823510527610779,1.0,0.0,1.0000001192092896
GCN,125,2549,4,1,1,-3.4189281463623047,3.3818819522857666,6.800810098648071,0.9486831426620483,0.07610095292329788,0.0,0.541807234287262,0.13969966769218445,0.4571807502841986,1,0.0,0.028611304954640614,41,0.5324554443359375,1.0,0.5321144475878531,0.9870753323485968,65.405029296875,0.9940915805022157,0.5371533036231995,0.9988921713441654,0.5371533036231995,0.9988921713441654,5.587935447692871e-09,5.894801091699264e-09,1.1072132544143187e-08,1.0,0.5324554443359375,0.43874257802963257,36,0.94356369972229,1.0,1.0,1.0,0.5612574219703674,1.0,0.0,1.0
GCN,125,2552,3,1,1,-3.294182777404785,5.491311073303223,8.785493850708008,0.9486831426620483,0.15586954355239868,-0.02835136651992798,0.5746540427207947,0.2832554578781128,0.8529746115953013,1,0.0,0.0209351011863224,30,0.5425821542739868,1.0,0.5512836410568348,0.990029542097489,68.05379486083984,0.9966765140324964,0.5580906271934509,0.9988921713441654,0.5580906271934509,0.9988921713441654,1.053671194739536e-08,6.053775791770022e-08,1.2079863154212944e-07,1.0,0.5425822138786316,0.42806804180145264,26,0.9907057881355286,0.9999999403953552,1.0,0.9999999403953552,0.5719319581985474,1.0,4.656612873077393e-10,1.0
GCN,125,2557,2,1,1,-4.151535511016846,2.8780736923217773,7.029609203338623,0.9486831426620483,0.08323174715042114,0.0,0.5671590566635132,0.151345357298851,0.5178097764304661,1,0.0,0.02721563154221912,39,0.5567970275878906,1.0,0.5529692996438155,0.990029542097489,67.82640838623047,0.9966765140324964,0.5614379048347473,0.9988921713441654,0.5614379048347473,0.9988921713441654,6.71586253275791e-09,5.999264374167979e-08,1.1983694037098758e-07,1.0,0.5567971467971802,0.4130842089653015,34,0.9783767461776733,0.9999998807907104,1.0,0.9999998807907104,0.5869157910346985,1.0,0.0,1.0
GCN,125,2561,2,1,1,-1.6492164134979248,6.5151872634887695,8.164403676986694,0.9486831426620483,0.15477439761161804,-0.0008347472758032382,0.5470596551895142,0.29403266310691833,0.8704054566123531,1,0.0,0.022330774598743892,32,0.5187366008758545,1.0,0.5360419469101974,0.9889217134416544,65.3662109375,0.9940915805022157,0.5292856693267822,0.9988921713441654,0.5292856693267822,0.9988921713441654,1.349614642265351e-08,6.108555083983447e-08,1.2196444743040047e-07,1.0,0.5187365412712097,0.4532035291194916,28,0.9859440326690674,0.9999999403953552,1.0,0.9999999403953552,0.546796441078186,1.0,4.656612873077393e-10,1.0
GCN,125,2562,0,1,2,-0.6557331085205078,3.95194673538208,4.607679843902588,0.8660253286361694,0.08063244819641113,0.0,0.5158107876777649,0.12737369537353516,0.41227737779461915,1,0.0,0.02372644801116539,34,0.4602123498916626,1.0,0.5042016398172068,0.9844903988183161,61.548492431640625,0.9881831610044313,0.5079606771469116,0.9985228951255539,0.5079606771469116,0.9985228951255539,6.71586253275791e-09,3.055053809930541e-08,6.136681207635775e-08,1.0,0.4602123200893402,0.46859249472618103,29,0.7056525945663452,0.9999998807907104,1.0,0.9999998807907104,0.5314074754714966,1.0,0.0,1.0
GCN,125,2566,3,1,2,-2.0209877490997314,6.005694389343262,8.026682138442993,0.8660253286361694,0.06715395301580429,0.0,0.5896756649017334,0.10267305374145508,0.3378173550587344,1,0.0,0.026517794836008374,38,0.5302566289901733,1.0,0.5747024678557142,0.9937223042836041,70.52323150634766,0.9974150664697193,0.5843978524208069,0.9996307237813885,0.5843978524208069,0.9996307237813885,8.33000246558413e-09,5.984608009157455e-08,6.046291645134261e-08,1.0,0.5302566885948181,0.3877122402191162,33,0.7807800769805908,1.0,1.0,1.0,0.6122877597808838,1.0,0.0,1.0
GCN,125,2568,3,1,1,-5.750177383422852,2.608670234680176,8.358847618103027,0.9486831426620483,0.07965358346700668,0.0,0.5287392139434814,0.147396057844162,0.4971580143993937,1,0.0,0.027913468248429867,40,0.5187366604804993,1.0,0.5198224047769461,0.9863367799113737,63.70591735839844,0.9918759231905465,0.5229501724243164,0.9985228951255539,0.5229501724243164,0.9985228951255539,1.5017125321037383e-08,1.5024342658875867e-08,2.896439532662498e-08,1.0,0.5187366604804993,0.4532034397125244,35,0.9282035231590271,1.0,1.0,1.0,0.5467965602874756,1.0,0.0,1.0
GCN,125,2578,0,1,2,-1.7557122707366943,4.884931564331055,6.640643835067749,0.8660253286361694,0.049117445945739746,-0.14747294783592224,0.6151627898216248,0.2844793200492859,0.8529746115953013,1,0.0,0.040474528960223306,58,0.548109233379364,1.0,0.5906970187082093,0.9944608567208272,73.6642837524414,0.9985228951255539,0.6107965707778931,0.9996307237813885,0.6107965707778931,0.9996307237813885,5.509778855383729e-09,5.987551077168973e-08,6.047920919627359e-08,1.0,0.5481092929840088,0.3670978546142578,54,0.8650009632110596,1.0000001192092896,1.0,1.0000001192092896,0.6329021453857422,1.0,2.3283064365386963e-08,1.0
GCN,125,2582,3,1,3,-7.164708614349365,1.4057376384735107,8.570446252822876,0.8017836213111877,0.044431619346141815,-0.0017951995832845569,0.6082214117050171,0.06345474720001221,0.2046229632436529,0,0.0,0.0418702023726448,60,0.5085898041725159,1.0,0.594631093447668,0.9944608567208272,72.69209289550781,0.9977843426883308,0.6039556860923767,0.9996307237813885,0.6039556860923767,0.9996307237813885,4.368290174028289e-09,3.0096455105876885e-08,6.017650377998507e-08,1.0,0.5085898041725159,0.36567699909210205,56,0.6748967170715332,0.9999999403953552,1.0,0.9999999403953552,0.634323000907898,1.0,0.0,1.0
GCN,125,2586,5,1,1,-2.4184958934783936,3.7982795238494873,6.216775417327881,0.9486831426620483,0.12263746559619904,0.0,0.4853931665420532,0.18144026398658752,0.6085638499431603,1,0.0,0.020237264480111653,29,0.46491098403930664,1.0,0.48183785736975643,0.9763663220088626,58.016719818115234,0.9796898079763663,0.47595348954200745,0.9981536189069424,0.47595348954200745,0.9981536189069424,1.053671194739536e-08,1.0593154797788884e-08,2.2768936958073027e-08,1.0,0.46491095423698425,0.5099407434463501,24,0.6812794208526611,0.9999999403953552,1.0,0.9999999403953552,0.4900592565536499,1.0,0.0,1.0
GCN,125,2592,5,1,2,-3.5239672660827637,3.394801616668701,6.918768882751465,0.8660253286361694,0.05470056086778641,-0.0021996062714606524,0.6287845373153687,0.09251613914966583,0.2624100037893141,0,0.0,0.03210048848569435,46,0.5673667788505554,1.0,0.6116166576484702,0.9944608567208272,75.7269515991211,0.9992614475627769,0.6244142055511475,1.0,0.6244142055511475,1.0,8.932932615834943e-09,9.278235069132279e-09,1.640575675310174e-08,1.0,0.5673667788505554,0.34486132860183716,42,0.9032821655273438,1.0000001192092896,1.0000001192092896,1.0,0.6551387906074524,1.0000001192092896,0.0,1.0
GCN,125,2598,1,1,1,-1.6168911457061768,5.145313739776611,6.762204885482788,0.9486831426620483,0.08357597142457962,0.0,0.5294113755226135,0.15337257087230682,0.5200833649109511,1,0.0,0.02512212142358688,36,0.5187366604804993,1.0,0.5136594009335261,0.9844903988183161,63.810062408447266,0.9918759231905465,0.5233514904975891,0.9985228951255539,0.5233514904975891,0.9985228951255539,8.119082295365843e-09,3.090777411784984e-08,6.166231969473301e-08,1.0,0.5187366008758545,0.4532034993171692,31,0.92168128490448,1.0,1.0,1.0,0.5467965006828308,1.0,0.0,1.0
GCN,125,2599,3,1,3,-4.234936714172363,4.112156867980957,8.34709358215332,0.8017836213111877,0.04320725426077843,0.0,0.6457496285438538,0.06328215450048447,0.2046229632436529,0,0.0,0.03977669225401256,57,0.5404232740402222,1.0,0.6261044756906213,0.9948301329394387,77.42794036865234,0.9996307237813885,0.6418517827987671,1.0,0.6418517827987671,1.0,6.2475016271434924e-09,5.994111518248246e-08,6.075463687693627e-08,1.0,0.5404232144355774,0.325973778963089,52,0.758308470249176,1.0,1.0,1.0,0.6740262508392334,1.0,0.0,1.0
GCN,125,2603,3,1,1,-2.515394687652588,4.950920104980469,7.466314792633057,0.9486831426620483,0.07365676015615463,-0.0008458355441689491,0.47432592511177063,0.13902193307876587,0.45187571049640013,1,0.0,0.034891835310537335,50,0.46491098403930664,1.0,0.4690101537398371,0.9675036927621861,57.48313522338867,0.9782127031019202,0.46950918436050415,0.9981536189069424,0.46950918436050415,0.9981536189069424,6.4523919540704355e-09,6.642817851343352e-09,1.423358320096213e-08,1.0,0.46491095423698425,0.5099407434463501,46,0.8493149280548096,1.0,1.0,1.0,0.4900592565536499,1.0,9.313225746154785e-10,1.0
GCN,125,2604,6,1,3,-0.8970153331756592,3.033390522003174,3.930405855178833,0.8017836213111877,0.04394714534282684,0.0,0.6069502234458923,0.07035353779792786,0.21049640015157256,0,0.0,0.04256803907885555,61,0.5076475739479065,1.0,0.5913218489656699,0.9944608567208272,73.0046615600586,0.9981536189069424,0.6029490828514099,0.9996307237813885,0.6029490828514099,0.9996307237813885,7.153624359546029e-09,7.2738619572021435e-09,1.4332186104581979e-08,1.0,0.5076475739479065,0.36685216426849365,56,0.779050350189209,1.0,1.0,1.0,0.6331478357315063,1.0,0.0,1.0
GCN,125,2614,2,1,5,-4.809020042419434,1.148370385169983,5.9573904275894165,0.7071066498756409,0.04686826467514038,0.0,0.6154376268386841,0.050595298409461975,0.16331943918150815,0,0.0,0.04675505931612003,67,0.45317479968070984,1.0,0.5998709539875958,0.9944608567208272,73.47232055664062,0.9985228951255539,0.6100993156433105,0.9996307237813885,0.6100993156433105,0.9996307237813885,1.4614644605615013e-08,1.4614644605615013e-08,3.224946354407621e-08,1.0,0.45317479968070984,0.3591139316558838,62,0.469786137342453,0.9999999403953552,1.0,0.9999999403953552,0.6408860683441162,1.0,0.0,1.0
GCN,125,2618,2,1,1,-1.3426098823547363,5.590524196624756,6.933134078979492,0.9486831426620483,0.16227637231349945,0.0,0.4981517195701599,0.3295530080795288,0.9088669950738916,1,0.0,0.01674808094905792,24,0.4649110436439514,1.0,0.4807189817028161,0.9763663220088626,57.47618103027344,0.9782127031019202,0.47282952070236206,0.9981536189069424,0.47282952070236206,0.9981536189069424,1.4784287571956156e-08,3.3270350030534246e-08,6.756037151944838e-08,1.0,0.46491101384162903,0.5099406838417053,19,0.9597383737564087,1.0,1.0,1.0,0.4900593161582947,1.0,0.0,1.0
GCN,125,2631,4,1,1,-4.00869607925415,2.710014820098877,6.718710899353027,0.9486831426620483,0.10608096420764923,0.0,0.48103955388069153,0.1756933033466339,0.5962485790071997,1,0.0,0.018143754361479414,26,0.4649110436439514,1.0,0.47526061349803733,0.9726735598227474,59.67184066772461,0.982274741506647,0.473315566778183,0.9981536189069424,0.473315566778183,0.9981536189069424,0.0,2.980505087180063e-08,5.960828275419772e-08,1.0,0.46491101384162903,0.5099406838417053,21,0.7558224201202393,1.0,1.0,1.0,0.4900593161582947,1.0,0.0,1.0
GCN,125,2641,2,1,2,-3.0788259506225586,3.4591939449310303,6.538019895553589,0.8660253286361694,0.05231768637895584,-0.0005179792060516775,0.5903699994087219,0.08788393437862396,0.23796892762410005,0,0.0,0.039078855547801813,56,0.532692015171051,1.0,0.5778063849811049,0.9940915805022157,70.92667388916016,0.9974150664697193,0.5861720442771912,0.9996307237813885,0.5861720442771912,0.9996307237813885,2.9451006078318187e-09,3.4846900920371127e-09,5.99797544964531e-08,1.0,0.532692015171051,0.38490018248558044,52,0.8588470220565796,1.0,1.0,1.0,0.6150997877120972,1.0,4.656612873077393e-10,1.0
GCN,125,2642,2,1,4,-5.157055854797363,2.0366604328155518,7.193716287612915,0.7499998807907104,0.034271951764822006,0.0,0.6437574625015259,0.047299616038799286,0.1330049261083744,0,0.0,0.04954640614096301,71,0.504448413848877,1.0,0.6244633516457144,0.9948301329394387,77.30757141113281,0.9996307237813885,0.6393662691116333,1.0,0.6393662691116333,1.0,6.316537071171524e-09,3.059221143075774e-08,6.115703854447929e-08,1.0,0.504448413848877,0.3274019956588745,66,0.6663497686386108,1.0,1.0,1.0,0.6725980043411255,1.0,0.0,1.0
GCN,125,2646,4,1,1,-3.848595142364502,3.619187355041504,7.467782497406006,0.9486831426620483,0.0707089975476265,0.0,0.551090657711029,0.12670285999774933,0.41114058355437666,1,0.0,0.030006978367062107,43,0.5425822734832764,1.0,0.538126644526327,0.9889217134416544,66.59776306152344,0.9948301329394387,0.5466263890266418,0.9988921713441654,0.5466263890266418,0.9988921713441654,0.0,1.066964072649057e-09,2.0825006163960325e-09,1.0,0.5425822734832764,0.42806798219680786,38,0.9368195533752441,1.0,1.0,1.0,0.5719320178031921,1.0,0.0,1.0
GCN,125,2647,4,1,3,-3.6933202743530273,2.8084726333618164,6.501792907714844,0.8017836213111877,0.0396854393184185,0.0,0.602107584476471,0.0629412829875946,0.20386510041682457,0,0.0,0.051639916259595256,74,0.503951907157898,1.0,0.5859591416494856,0.9940915805022157,72.14753723144531,0.9977843426883308,0.5978050231933594,0.9996307237813885,0.5978050231933594,0.9996307237813885,4.368290174028289e-09,4.3930397097824425e-09,8.717958799309145e-09,1.0,0.5039518475532532,0.37146154046058655,69,0.7656595706939697,1.0000001192092896,1.0,1.0000001192092896,0.6285384893417358,1.0,0.0,1.0
GCN,125,2653,0,1,2,-0.3423888683319092,4.7545013427734375,5.096890211105347,0.8660253286361694,0.05294527858495712,-0.0574619397521019,0.5754550695419312,0.08592093735933304,0.23114816218264495,0,0.0,0.040474528960223306,58,0.5158709287643433,1.0,0.5612494820420354,0.9929837518463811,69.04712677001953,0.9970457902511078,0.5711127519607544,0.9992614475627769,0.5711127519607544,0.9992614475627769,8.172322374377927e-09,3.0888475777146596e-08,6.164923149754031e-08,1.0,0.515870988368988,0.40432342886924744,54,0.8087489604949951,1.0,1.0,1.0,0.5956765413284302,1.0,2.0954757928848267e-08,1.0
GCN,125,2658,2,1,1,-4.405080795288086,3.2985966205596924,7.703677415847778,0.9486831426620483,0.07463280111551285,0.0,0.5279245972633362,0.13824421167373657,0.45073891625615764,1,0.0,0.030704815073272853,44,0.5187366604804993,1.0,0.517233449502427,0.9859675036927622,63.58074188232422,0.991506646971935,0.5222361087799072,0.9985228951255539,0.5222361087799072,0.9985228951255539,0.0,2.982232416570696e-08,5.964282934201037e-08,1.0,0.5187366008758545,0.4532034993171692,39,0.9277058243751526,1.0,1.0,1.0,0.5467965006828308,1.0,0.0,1.0
GCN,125,2668,3,1,5,-3.98406720161438,3.2501585483551025,7.234225749969482,0.7071066498756409,0.02500685304403305,-0.0004424988874234259,0.6839248538017273,0.0396808423101902,0.10837438423645321,0,0.0,0.06489881367759945,93,0.5058621168136597,1.0,0.6618861944748633,0.9955686853766618,81.8612060546875,1.0,0.6798028945922852,1.0,0.6798028945922852,1.0,5.390419222095488e-09,6.957702858301218e-09,1.3757962769034293e-08,1.0,0.5058621168136597,0.2846027612686157,89,0.7673882246017456,0.9999999403953552,1.0,0.9999999403953552,0.7153972387313843,1.0,2.3283064365386963e-10,1.0
GCN,125,2669,3,1,1,-4.093503952026367,3.6478559970855713,7.7413599491119385,0.9486831426620483,0.08908270299434662,0.0,0.47719284892082214,0.16949176788330078,0.5759757483895415,1,0.0,0.025819958129797628,37,0.4649110436439514,1.0,0.47229772163663797,0.9711964549483013,57.47319030761719,0.9782127031019202,0.4729544520378113,0.9981536189069424,0.4729544520378113,0.9981536189069424,1.0030650976489142e-08,3.14476551466214e-08,6.339278968425788e-08,1.0,0.46491101384162903,0.5099406838417053,32,0.8613315224647522,1.0,1.0,1.0,0.4900593161582947,1.0,0.0,1.0
GCN,125,2681,4,1,5,-1.5003437995910645,3.637483596801758,5.137827396392822,0.7071066498756409,0.04261180758476257,-0.059238236397504807,0.5421307682991028,0.2865409851074219,0.8592269799166351,1,0.0,0.056524773203070484,81,0.39640745520591736,1.0,0.5226107373685327,0.9863367799113737,65.01507568359375,0.9937223042836041,0.5375245213508606,0.9988921713441654,0.5375245213508606,0.9988921713441654,1.4703397610560387e-08,3.176922902525803e-08,6.573340272097994e-08,1.0,0.39640742540359497,0.43939512968063354,77,0.6850107908248901,1.0000001192092896,1.0,1.0000001192092896,0.5606048703193665,1.0,2.444721758365631e-08,1.0
GCN,125,2685,2,0,4,-6.394594669342041,-0.43507909774780273,5.959515571594238,0.7499998807907104,0.05934588238596916,0.0,0.6246085166931152,0.08922058343887329,0.2451686244789693,0,0.0,0.027913468248429867,40,0.4867277145385742,1.0,0.6049216475074337,0.9944608567208272,74.50973510742188,0.9992614475627769,0.6181036233901978,0.9996307237813885,0.6181036233901978,0.9996307237813885,1.1926748477719684e-08,3.144593208048718e-08,6.306849087422961e-08,1.0,0.48672768473625183,0.351029634475708,35,0.7042770385742188,1.0000001192092896,1.0,1.0000001192092896,0.648970365524292,1.0,0.0,1.0
GCN,125,2686,3,1,2,-5.843267440795898,3.2076776027679443,9.050945043563843,0.8660253286361694,0.09780437499284744,0.0,0.6050289869308472,0.15904204547405243,0.5454717696097007,1,0.0,0.015352407536636426,22,0.5391829609870911,1.0,0.592936812233046,0.9944608567208272,73.06318664550781,0.9985228951255539,0.6002445220947266,0.9996307237813885,0.6002445220947266,0.9996307237813885,1.053671194739536e-08,6.053775791770022e-08,6.276097508362e-08,1.0,0.5391830205917358,0.3774050772190094,17,0.8520408868789673,1.0,1.0,1.0,0.622594952583313,1.0,0.0,1.0
GCN,125,2689,2,1,2,-4.497803688049316,3.5230607986450195,8.020864486694336,0.8660253286361694,0.08940719068050385,0.0,0.5652242302894592,0.1611890345811844,0.5492610837438424,1,0.0,0.024424284717376135,35,0.504096508026123,1.0,0.5519792230676479,0.990029542097489,67.88008880615234,0.9966765140324964,0.5587173104286194,0.9988921713441654,0.5587173104286194,0.9988921713441654,0.0,5.961283022770658e-08,1.1922566045541316e-07,1.0,0.5040965676307678,0.417919397354126,30,0.8824994564056396,0.9999998807907104,1.0,0.9999998807907104,0.582080602645874,1.0,0.0,1.0
GCN,125,2690,6,1,1,-0.045171260833740234,4.589636325836182,4.634807586669922,0.9486831426620483,0.15704141557216644,0.0,0.49628394842147827,0.3198724687099457,0.9010989010989011,1,0.0,0.015352407536636426,22,0.4649110436439514,1.0,0.4789075997661842,0.9759970457902511,57.854671478271484,0.9793205317577548,0.47290346026420593,0.9981536189069424,0.47290346026420593,0.9981536189069424,1.053671194739536e-08,3.1612707118711114e-08,6.377147343528122e-08,1.0,0.46491101384162903,0.5099406838417053,17,0.9589899778366089,1.0,1.0,1.0,0.4900593161582947,1.0,0.0,1.0
GCN,125,2699,3,1,1,-2.9134163856506348,4.730799198150635,7.6442155838012695,0.9486831426620483,0.08612877875566483,0.0,0.509946346282959,0.16473552584648132,0.5625236832133383,1,0.0,0.025819958129797628,37,0.49863380193710327,1.0,0.5043255443977946,0.9844903988183161,63.187889099121094,0.9911373707533235,0.5057499408721924,0.9985228951255539,0.5057499408721924,0.9985228951255539,9.497663988611293e-09,3.12791321732675e-08,6.257408813326037e-08,1.0,0.49863380193710327,0.47439372539520264,32,0.9253044128417969,1.0,1.0,1.0,0.5256062746047974,1.0,0.0,1.0
GCN,125,2700,3,1,1,-2.0834763050079346,4.857944488525391,6.941420793533325,0.9486831426620483,0.08699715882539749,-0.0011377261253073812,0.5102127194404602,0.16633334755897522,0.563849943160288,1,0.0,0.02372644801116539,34,0.49863380193710327,1.0,0.5032106670163276,0.9844903988183161,61.57094192504883,0.9881831610044313,0.505482017993927,0.9985228951255539,0.505482017993927,0.9985228951255539,6.969380184074225e-09,3.0557636421235657e-08,6.112337302965898e-08,1.0,0.49863380193710327,0.47439372539520264,30,0.9171635508537292,0.9999999403953552,1.0,0.9999999403953552,0.5256062746047974,1.0,9.313225746154785e-10,1.0
GCN,125,2702,0,1,2,-0.15939295291900635,6.2072248458862305,6.366617798805237,0.8660253286361694,0.05912607163190842,-0.0021194475702941418,0.6210536956787109,0.08987896889448166,0.2478211443728685,0,0.0,0.025819958129797628,37,0.5598194599151611,1.0,0.6049400974993939,0.9944608567208272,74.44439697265625,0.9992614475627769,0.6158044338226318,0.9996307237813885,0.6158044338226318,0.9996307237813885,6.969380184074225e-09,7.065940277328764e-09,6.093004145668601e-08,1.0,0.5598194599151611,0.353576123714447,33,0.8175961971282959,1.0,1.0,1.0,0.646423876285553,1.0,4.656612873077393e-10,1.0
GCN,125,2707,3,1,4,-5.695835590362549,1.787458896636963,7.483294486999512,0.7499998807907104,0.03268706053495407,0.0,0.6802307367324829,0.04961366206407547,0.15289882531261842,0,0.0,0.05512909979064899,79,0.5332789421081543,1.0,0.6588992051925532,0.9955686853766618,81.44835662841797,1.0,0.6763799786567688,1.0,0.6763799786567688,1.0,2.0954757928848267e-09,5.965600990975872e-08,5.978857586796948e-08,1.0,0.5332789421081543,0.2889613211154938,74,0.7743598818778992,1.0,1.0,1.0,0.7110387086868286,1.0,0.0,1.0
GCN,996,1370,6,1,8,-1.5761773586273193,1.8525002002716064,3.428677558898926,0.6123723983764648,0.021423552185297012,-0.0006642694352194667,0.7047551274299622,0.032128773629665375,0.10837438423645321,0,0.0,0.07815771109560363,112,0.45147520303726196,1.0000001192092896,0.6790066081892658,0.9992614475627769,84.30980682373047,1.0,0.7004876732826233,1.0,0.7004876732826233,1.0,1.1766588592365679e-08,3.1290394275629296e-08,1.210607933899155e-07,1.0,0.45147526264190674,0.2627439796924591,108,0.6472269296646118,1.0,1.0,1.0,0.7372560501098633,1.0,5.238689482212067e-10,1.0000001192092896
GCN,996,1376,0,1,3,2.2792563438415527,6.722867488861084,4.443611145019531,0.8017836213111877,0.0350797064602375,0.0,0.6657007336616516,0.05533863976597786,0.1896551724137931,0,0.0,0.04884856943475227,70,0.5578615069389343,1.0,0.6427476189805527,0.9948301329394387,79.7083969116211,1.0,0.6613341569900513,1.0,0.6613341569900513,1.0,7.198948992481746e-09,7.153624359546029e-09,1.2849877606413429e-08,1.0,0.5578615069389343,0.3042243421077728,65,0.841993510723114,1.0,1.0,1.0,0.6957756280899048,1.0,0.0,1.0
GCN,996,1378,2,1,3,-3.468122959136963,2.5277915000915527,5.995914459228516,0.8017836213111877,0.052128564566373825,0.0,0.5715368390083313,0.07223392277956009,0.21163319439181508,0,0.0,0.0418702023726448,60,0.47687360644340515,1.0,0.560436224566621,0.9926144756277696,68.58715057373047,0.9970457902511078,0.566863477230072,0.9988921713441654,0.566863477230072,0.9988921713441654,9.405896506109457e-09,3.174789142690315e-08,6.386922279943974e-08,1.0,0.47687360644340515,0.40523403882980347,55,0.6349899172782898,1.0,1.0,1.0,0.5947659611701965,1.0,0.0,1.0
GCN,996,1392,3,1,3,-1.8100844621658325,5.372483253479004,7.182567715644836,0.8017836213111877,0.035835810005664825,-0.001054544816724956,0.6438359618186951,0.053953979164361954,0.18321333838575218,0,0.0,0.05024424284717376,72,0.5393638014793396,0.9999999403953552,0.6230852599562101,0.9944608567208272,77.03074645996094,0.9996307237813885,0.6396955251693726,1.0,0.6396955251693726,1.0,4.928095709288982e-09,5.1696793512689965e-09,9.630796604653824e-09,1.0,0.5393637418746948,0.32729512453079224,69,0.777210533618927,0.9999998807907104,1.0,0.9999998807907104,0.6727048754692078,1.0,0.0,0.9999999403953552
GCN,996,1393,3,1,1,-2.065634250640869,4.235035419464111,6.3006696701049805,0.9486831426620483,0.08223089575767517,0.0,0.4758242964744568,0.1583510935306549,0.5433876468359227,1,0.0,0.030006978367062107,43,0.46491098403930664,1.0,0.473563403520028,0.9719350073855244,57.84616470336914,0.9789512555391433,0.4714147746562958,0.9981536189069424,0.4714147746562958,0.9981536189069424,7.902533738501916e-09,7.977635441136499e-09,1.7137702812419775e-08,1.0,0.46491095423698425,0.5099407434463501,38,0.8692684769630432,0.9999999403953552,1.0,0.9999999403953552,0.4900592565536499,1.0,0.0,1.0
GCN,996,1400,3,1,2,-5.703520774841309,1.0966215133666992,6.800142288208008,0.8660253286361694,0.058645207434892654,-0.0006815698579885066,0.5598725080490112,0.09964780509471893,0.31110269041303523,0,0.0,0.03628750872295883,52,0.504096508026123,1.0,0.5485514965207684,0.990029542097489,66.99388122558594,0.9955686853766618,0.5546812415122986,0.9988921713441654,0.5546812415122986,0.9988921713441654,5.26835597369768e-09,5.986147755265847e-08,1.1971545177402731e-07,1.0,0.5040965676307678,0.417919397354126,48,0.8238628506660461,0.9999999403953552,1.0,0.9999999403953552,0.582080602645874,1.0,0.0,1.0
GCN,996,1416,0,1,18,3.4125967025756836,6.980714321136475,3.568117618560791,0.4522669315338135,0.013079434633255005,-0.002280361717566848,0.6600360870361328,0.01837581768631935,0.10837438423645321,0,0.0,0.14863921842288905,213,0.31234315037727356,1.0,0.6383311444768736,0.9948301329394387,78.96760559082031,1.0,0.656104564666748,1.0,0.656104564666748,1.0,1.3868578285780586e-08,1.0148852425118093e-08,3.251014746297187e-08,1.0,0.31234315037727356,0.30938318371772766,211,0.41939201951026917,1.0,1.0,1.0,0.6906168460845947,1.0,4.355862615046391e-10,1.0
GCN,996,1422,4,1,1,-4.883634567260742,1.273794412612915,6.157428979873657,0.9486831426620483,0.0850110873579979,0.0,0.5296652913093567,0.15786287188529968,0.5346722243273967,1,0.0,0.025819958129797628,37,0.5187366604804993,1.0,0.5188740179888411,0.9859675036927622,64.12238311767578,0.992245199409158,0.5236654281616211,0.9985228951255539,0.5236654281616211,0.9985228951255539,9.856191418577964e-09,9.136933876163766e-09,1.7615565894857355e-08,1.0,0.5187366604804993,0.4532035291194916,32,0.933097779750824,1.0,1.0000001192092896,0.9999998807907104,0.5467965602874756,1.0000001192092896,0.0,1.0
GCN,996,1423,3,1,2,-0.06226849555969238,6.77121639251709,6.833484888076782,0.8660253286361694,0.046310484409332275,0.0,0.6553691029548645,0.0742383524775505,0.21314892004547176,0,0.0,0.03628750872295883,52,0.5925107002258301,1.0,0.6346165173805015,0.9948301329394387,78.75757598876953,0.9996307237813885,0.6508514285087585,1.0,0.6508514285087585,1.0,3.725290298461914e-09,3.8680729730344865e-09,6.573916966345905e-09,1.0,0.5925107002258301,0.31582748889923096,47,0.9098411202430725,1.0,1.0,1.0,0.684172511100769,1.0,0.0,1.0
GCN,996,1425,4,1,2,-3.113936424255371,4.385500907897949,7.49943733215332,0.8660253286361694,0.04911937192082405,-0.00044262755545787513,0.647559642791748,0.07559892535209656,0.21580143993937098,0,0.0,0.03210048848569435,46,0.585128664970398,1.0,0.6268176351297526,0.9948301329394387,77.52423858642578,0.9996307237813885,0.6423995494842529,1.0,0.6423995494842529,1.0,6.177695244247161e-09,6.251838602366888e-09,6.056471590909496e-08,1.0,0.585128664970398,0.32435154914855957,42,0.8631240129470825,0.9999998807907104,1.0,0.9999998807907104,0.6756484508514404,1.0,0.0,1.0
GCN,996,1429,4,1,3,-3.255246877670288,3.5568480491638184,6.8120949268341064,0.8017836213111877,0.04172129929065704,0.0,0.6458739638328552,0.05534372851252556,0.1896551724137931,0,0.0,0.040474528960223306,58,0.5406560897827148,1.0000001192092896,0.6268081735151078,0.9948301329394387,77.25316619873047,0.9996307237813885,0.6413657069206238,1.0,0.6413657069206238,1.0,5.587935447692871e-09,5.669796632190582e-09,1.0512290593567286e-08,1.0,0.5406560897827148,0.3256832957267761,53,0.6869348883628845,1.0,1.0,1.0,0.6743167042732239,1.0,0.0,1.0000001192092896
GCN,996,1434,3,1,2,-4.187851905822754,3.6118431091308594,7.799695014953613,0.8660253286361694,0.0720544308423996,0.0,0.6457802653312683,0.12166276574134827,0.4005305039787798,1,0.0,0.02512212142358688,36,0.5809125900268555,1.0,0.6264419373080418,0.9948301329394387,77.38568878173828,0.9996307237813885,0.6402372717857361,1.0,0.6402372717857361,1.0,9.125060707049215e-09,6.030808208379312e-08,1.2025870432808006e-07,1.0,0.5809126496315002,0.32921984791755676,31,0.9443051218986511,0.9999998807907104,1.0,0.9999998807907104,0.6707801818847656,1.0,0.0,1.0
GCN,996,1436,5,1,1,-4.09708833694458,3.4719433784484863,7.569031715393066,0.9486831426620483,0.08288966119289398,0.0,0.5429129004478455,0.13220052421092987,0.4236453201970443,1,0.0,0.022330774598743892,32,0.5324554443359375,1.0,0.5291992604237533,0.9870753323485968,64.77770233154297,0.9933530280649926,0.536361813545227,0.9988921713441654,0.536361813545227,0.9988921713441654,7.450580596923828e-09,7.4542176875525e-09,1.4000617554188466e-08,1.0,0.5324554443359375,0.43874257802963257,27,0.8214555978775024,1.0,1.0,1.0,0.5612574219703674,1.0,0.0,1.0
GCN,996,1437,4,1,1,-1.308807611465454,5.870158672332764,7.178966283798218,0.9486831426620483,0.07450384646654129,0.0,0.5279043912887573,0.1392868608236313,0.45187571049640013,1,0.0,0.030006978367062107,43,0.5187366604804993,1.0,0.5169420184100659,0.9859675036927622,64.02686309814453,0.9918759231905465,0.5224608182907104,0.9985228951255539,0.5224608182907104,0.9985228951255539,7.679882507716229e-09,7.693986781021067e-09,1.4834236949923252e-08,1.0,0.5187366604804993,0.4532034695148468,38,0.9362846612930298,1.0000001192092896,1.0,1.0000001192092896,0.5467965602874756,1.0,0.0,1.0
GCN,996,1441,5,0,23,-4.1462321281433105,-1.5363266468048096,2.609905481338501,0.40824824571609497,0.016554519534111023,-0.0016076717292889953,0.5916951894760132,0.02383074350655079,0.10837438423645321,0,0.0,0.14724354501046755,211,0.2523959279060364,1.0,0.5752721712480945,0.9937223042836041,70.73444366455078,0.9974150664697193,0.5876595973968506,0.9996307237813885,0.5876595973968506,0.9996307237813885,2.843585811262983e-08,3.2202674304926404e-08,1.2785721992258914e-07,1.0,0.25239595770835876,0.3817586302757263,207,0.34773099422454834,1.0,1.0,1.0,0.6182413697242737,1.0,6.984919309616089e-10,1.0
GCN,996,1442,3,1,2,-3.0669283866882324,3.224701404571533,6.291629791259766,0.8660253286361694,0.056303102523088455,0.0,0.5354883074760437,0.09080289304256439,0.24838954149298978,0,0.0,0.03838101884159107,55,0.4821544289588928,1.0,0.5268629071803881,0.9863367799113737,64.32544708251953,0.992245199409158,0.5304298400878906,0.9988921713441654,0.5304298400878906,0.9988921713441654,7.902533738501916e-09,8.401283224657163e-09,1.741414124012408e-08,1.0,0.4821544289588928,0.4432559609413147,50,0.7479075789451599,1.0,1.0,1.0,0.5567440390586853,1.0,0.0,1.0
GCN,996,1444,2,1,4,-2.7543044090270996,2.948275089263916,5.702579498291016,0.7499998807907104,0.03330957144498825,-0.001568231382407248,0.7009689211845398,0.03811315447092056,0.10837438423645321,0,0.0,0.052337752965806,75,0.5495073199272156,1.0,0.6772301196887069,0.9992614475627769,83.87177276611328,1.0,0.6965742707252502,1.0,0.6965742707252502,1.0,3.0535451944757597e-09,3.4218976541211532e-09,5.995022434035491e-08,1.0,0.5495073199272156,0.2673235237598419,72,0.6015417575836182,0.9999999403953552,1.0,0.9999999403953552,0.7326765060424805,1.0,9.313225746154785e-10,1.0
GCN,996,1448,1,1,5,-1.6833986043930054,4.018831253051758,5.702229857444763,0.7071066498756409,0.02160467952489853,-0.003759759711101651,0.7428295612335205,0.03977373614907265,0.10837438423645321,0,0.0,0.06629448709002093,95,0.549628734588623,1.0,0.7150981012815528,1.0,88.93177032470703,1.0,0.7386931777000427,1.0,0.7386931777000427,1.0,5.665014235489707e-09,5.993116758418182e-08,6.068059121844271e-08,1.0,0.5496286749839783,0.22270753979682922,91,0.8205729126930237,1.0,1.0,1.0,0.7772924900054932,1.0,4.656612873077393e-10,1.0
GCN,996,1450,3,1,3,-4.0940704345703125,2.607760429382324,6.701830863952637,0.8017836213111877,0.04063565284013748,0.0,0.6077091693878174,0.0643632784485817,0.20500189465706706,0,0.0,0.05024424284717376,72,0.5085898041725159,1.0,0.5926821291136205,0.9944608567208272,72.85230255126953,0.9977843426883308,0.6032503843307495,0.9996307237813885,0.6032503843307495,0.9996307237813885,5.8161075955354136e-09,3.037971652020133e-08,6.072212244134789e-08,1.0,0.5085898041725159,0.36567699909210205,67,0.7717628479003906,1.0,1.0,1.0,0.634323000907898,1.0,0.0,1.0
GCN,996,1452,4,1,3,-3.2867212295532227,3.311079978942871,6.597801208496094,0.8017836213111877,0.039163362234830856,0.0,0.6902104616165161,0.061987731605768204,0.20291777188328913,0,0.0,0.0418702023726448,60,0.5782008171081543,1.0,0.6666023824414571,0.9966765140324964,82.5965576171875,1.0,0.68559330701828,1.0,0.68559330701828,1.0,4.44212577832559e-09,5.252898560570429e-09,6.030435173443038e-08,1.0,0.5782008171081543,0.2788568139076233,55,0.8759201765060425,1.0,1.0,1.0,0.7211431860923767,1.0,0.0,1.0
GCN,996,1457,3,1,3,-4.475025653839111,2.288198709487915,6.763224363327026,0.8017836213111877,0.044011928141117096,-0.002118860138580203,0.5406420826911926,0.06494573503732681,0.20651762031072377,0,0.0,0.052337752965806,75,0.45159921050071716,1.0,0.5307144101842637,0.9870753323485968,64.82752227783203,0.9933530280649926,0.5362523198127747,0.9988921713441654,0.5362523198127747,0.9988921713441654,7.333241125451195e-09,5.5976281387870586e-09,1.2385803493941694e-08,1.0,0.45159924030303955,0.4367567300796509,71,0.6396572589874268,1.0,1.0,1.0,0.5632432699203491,1.0,4.656612873077393e-10,1.0
GCN,996,1476,6,1,2,-2.7676377296447754,1.4851315021514893,4.252769231796265,0.8660253286361694,0.0553131178021431,-0.005041860044002533,0.5596941709518433,0.08411826938390732,0.22735884804850323,0,0.0,0.03558967201674808,51,0.504096508026123,1.0,0.5463649278374334,0.9889217134416544,67.04640197753906,0.9966765140324964,0.5548273324966431,0.9988921713441654,0.5548273324966431,0.9988921713441654,7.566100634903705e-09,5.999129371048184e-08,1.1997228455129516e-07,1.0,0.5040965676307678,0.417919397354126,48,0.7371292114257812,1.0,1.0,1.0,0.582080602645874,1.0,9.313225746154785e-10,1.0
GCN,996,1486,2,1,3,-3.3062806129455566,4.353148460388184,7.65942907333374,0.8017836213111877,0.03606593608856201,-0.06429029256105423,0.6773834228515625,0.05832953006029129,0.1964759378552482,0,0.0,0.04884856943475227,70,0.5652024149894714,1.0,0.6567590646397743,0.9955686853766618,81.2650375366211,1.0,0.6734215021133423,1.0,0.6734215021133423,1.0,1.862645149230957e-09,1.1922384146600962e-07,1.7884428871184355e-07,1.0,0.565202534198761,0.29506850242614746,67,0.8783811330795288,1.0,1.0,1.0,0.7049314975738525,1.0,8.664929218582529e-09,1.0
GCN,996,1487,6,1,4,-1.0842382907867432,2.4985158443450928,3.582754135131836,0.7499998807907104,0.027274535968899727,-0.002733966102823615,0.6677370667457581,0.0460430383682251,0.12542629784009093,0,0.0,0.0628053035589672,90,0.5237053632736206,1.0,0.6461801418125697,0.9948301329394387,79.90961456298828,1.0,0.6639695763587952,1.0,0.6639695763587952,1.0,3.357931266378955e-09,2.996739212335342e-08,5.99066041218066e-08,1.0,0.5237053632736206,0.3017260432243347,86,0.7542918920516968,1.0,1.0,1.0,0.6982739567756653,1.0,4.656612873077393e-10,1.0
GCN,996,1493,4,1,1,-1.2160685062408447,6.312289714813232,7.528358221054077,0.9486831426620483,0.07283671945333481,0.0,0.5943479537963867,0.12694764137268066,0.41114058355437666,1,0.0,0.028611304954640614,41,0.5856497883796692,1.0,0.5778656455109438,0.9940915805022157,71.2646255493164,0.9974150664697193,0.5896158218383789,0.9996307237813885,0.5896158218383789,0.9996307237813885,7.213993846733047e-09,7.288752268408416e-09,6.089442905476972e-08,1.0,0.585649847984314,0.38267073035240173,36,0.9827343821525574,0.9999999403953552,1.0,0.9999999403953552,0.6173292398452759,1.0,0.0,1.0
GCN,996,1499,2,1,4,-2.896461248397827,4.281520366668701,7.177981615066528,0.7499998807907104,0.032199643552303314,0.0,0.7198981642723083,0.044136688113212585,0.11405835543766578,0,0.0,0.051639916259595256,74,0.5645322203636169,1.0000001192092896,0.6947161871323289,0.9996307237813885,86.12630462646484,1.0,0.7154607772827148,1.0,0.7154607772827148,1.0,9.077409934832303e-09,9.041507098572765e-09,1.611484634622684e-08,1.0,0.5645322799682617,0.24729019403457642,69,0.7400838732719421,1.0,1.0,1.0,0.7527098059654236,1.0,0.0,1.0000001192092896
GCN,996,1501,6,1,7,-1.5602755546569824,1.72420334815979,3.2844789028167725,0.6396021246910095,0.021951094269752502,-0.0010541487718001008,0.661817729473114,0.026565466076135635,0.10837438423645321,0,0.0,0.07885554780181438,113,0.4427616596221924,1.0,0.6414032372649013,0.9948301329394387,79.23236083984375,1.0,0.658187210559845,1.0,0.658187210559845,1.0,8.355993230679815e-09,3.063205511466549e-08,6.170660782345294e-08,1.0,0.44276162981987,0.3077545762062073,109,0.5122825503349304,1.0,1.0,1.0,0.6922454237937927,1.0,6.984919309616089e-10,1.0
GCN,996,1506,2,1,2,-1.7897346019744873,4.789376258850098,6.579110860824585,0.8660253286361694,0.05089077726006508,0.0,0.6436877250671387,0.0833655521273613,0.22565365668813944,0,0.0,0.034193998604326585,49,0.5814583897590637,1.0000001192092896,0.6215809045198571,0.9944608567208272,76.91192626953125,0.9996307237813885,0.6388565897941589,1.0,0.6388565897941589,1.0,7.362751297534942e-09,7.410454916367826e-09,1.2790705383736167e-08,1.0,0.5814584493637085,0.328589528799057,44,0.9131736755371094,0.9999998807907104,1.0,0.9999998807907104,0.6714104413986206,1.0,0.0,1.0000001192092896
GCN,996,1507,0,1,6,-1.8855953216552734,1.8198500871658325,3.705445408821106,0.6708203554153442,0.028268294408917427,0.0,0.6824910640716553,0.03884041681885719,0.10837438423645321,0,0.0,0.056524773203070484,81,0.47863444685935974,1.0000001192092896,0.659570422750051,0.9955686853766618,81.65015411376953,1.0,0.6783229112625122,1.0,0.6783229112625122,1.0,8.238389526127321e-09,6.013524966874684e-08,1.2036556995553838e-07,1.0,0.4786345064640045,0.28649380803108215,76,0.6290534138679504,1.0,1.0,1.0,0.7135062217712402,1.0,0.0,1.0000001192092896
GCN,996,1523,0,1,2,0.45330238342285156,4.936958312988281,4.48365592956543,0.8660253286361694,0.05808721482753754,-0.08946486562490463,0.5729592442512512,0.1014832854270935,0.3283440697233801,1,0.0,0.03768318213538032,54,0.510749876499176,1.0,0.550751435034255,0.990029542097489,68.67791748046875,0.9970457902511078,0.5678094029426575,0.9988921713441654,0.5678094029426575,0.9988921713441654,1.0454069609977523e-08,3.15423243080204e-08,6.294361298841977e-08,1.0,0.5107499361038208,0.4102367162704468,50,0.8668985366821289,0.9999999403953552,1.0,0.9999999403953552,0.5897632837295532,1.0,1.3504177331924438e-08,1.0
GCN,996,1541,3,1,1,-4.647134304046631,1.9546914100646973,6.601825714111328,0.9486831426620483,0.09069238603115082,0.0,0.4775296151638031,0.1777738630771637,0.6000378931413414,1,0.0,0.025819958129797628,37,0.4649110436439514,1.0,0.4601709004063133,0.96602658788774,57.97876739501953,0.9796898079763663,0.46862637996673584,0.9981536189069424,0.46862637996673584,0.9981536189069424,6.969380184074225e-09,3.060904063545422e-08,6.146439091025968e-08,1.0,0.46491101384162903,0.5099406838417053,32,0.8880113363265991,1.0,1.0,1.0,0.4900593161582947,1.0,0.0,1.0
GCN,996,1546,2,1,5,-3.995229959487915,2.391767740249634,6.386997699737549,0.7071066498756409,0.025761853903532028,-0.06592807918787003,0.7260634303092957,0.035122353583574295,0.10837438423645321,0,0.0,0.05303558967201675,76,0.5353079438209534,1.0000001192092896,0.700525820311388,0.9996307237813885,86.86505126953125,1.0,0.7216112017631531,1.0,0.7216112017631531,1.0,8.495128156482679e-09,7.810244895267715e-09,1.4293038752555276e-08,1.0,0.5353079438209534,0.24296008050441742,72,0.6999483108520508,1.0,1.0,1.0,0.7570399045944214,1.0,3.259629011154175e-09,1.0000001192092896
GCN,996,1554,3,0,4,-7.147466659545898,-2.154515504837036,4.992951154708862,0.7499998807907104,0.057508327066898346,0.0,0.6072046160697937,0.0950833410024643,0.27453580901856767,0,0.0,0.03210048848569435,46,0.47319021821022034,1.0,0.5930296392930008,0.9944608567208272,72.7558364868164,0.9977843426883308,0.6019370555877686,0.9996307237813885,0.6019370555877686,0.9996307237813885,8.381903171539307e-09,3.0861261990366984e-08,6.196113133682957e-08,1.0,0.47319021821022034,0.3690796196460724,41,0.7529566287994385,1.0,1.0,1.0,0.63092041015625,1.0,0.0,1.0
GCN,996,1561,1,1,2,-1.501905918121338,4.730695724487305,6.232601642608643,0.8660253286361694,0.04245861992239952,0.0,0.6821692585945129,0.0674329549074173,0.2084122773777946,0,0.0,0.03698534542916958,53,0.6172034740447998,1.0,0.6597158102649717,0.9955686853766618,81.79242706298828,1.0,0.6779168844223022,1.0,0.6779168844223022,1.0,7.213993846733047e-09,6.003961772194089e-08,6.073983627175039e-08,1.0,0.6172035336494446,0.28731468319892883,48,0.9382726550102234,1.0000001192092896,1.0,1.0000001192092896,0.7126853466033936,1.0,0.0,1.0
GCN,996,1565,2,1,2,-3.895547389984131,1.7662220001220703,5.661769390106201,0.8660253286361694,0.12177783250808716,0.0,0.7048924565315247,0.19305464625358582,0.6515725653656688,1,0.0,0.020237264480111653,29,0.6265642046928406,1.0,0.6817643892135682,0.9996307237813885,83.1197509765625,1.0,0.6895372867584229,1.0,0.6895372867584229,1.0,0.0,5.96155587118119e-08,5.964282934201037e-08,1.0,0.6265642642974854,0.27650582790374756,24,0.9677550196647644,1.0,1.0,1.0,0.7234941720962524,1.0,0.0,1.0
GCN,996,1567,3,1,4,-5.281299591064453,0.30314087867736816,5.584440469741821,0.7499998807907104,0.048893678933382034,0.0,0.6558179259300232,0.0809662789106369,0.22110647972716937,0,0.0,0.03349616189811584,48,0.5126468539237976,1.0,0.6356274432395107,0.9948301329394387,78.49346160888672,0.9996307237813885,0.6510654091835022,1.0,0.6510654091835022,1.0,9.856191418577964e-09,3.2167726260468044e-08,6.411432451614019e-08,1.0,0.5126467943191528,0.31647080183029175,43,0.8145090341567993,1.0,1.0,1.0,0.6835291981697083,1.0,0.0,1.0
GCN,996,1568,2,1,4,-2.800617218017578,4.286089897155762,7.08670711517334,0.7499998807907104,0.026322316378355026,-0.0015330933965742588,0.7348003387451172,0.0413314588367939,0.10913224706328155,0,0.0,0.05722260990928123,82,0.5765445828437805,1.0,0.7071067390396978,0.9996307237813885,87.95159912109375,1.0,0.730560302734375,1.0,0.730560302734375,1.0,3.8399412538581146e-09,5.1696793512689965e-09,6.027757137871959e-08,1.0,0.5765446424484253,0.23127372562885284,78,0.8653408288955688,1.0,1.0,1.0,0.7687262892723083,1.0,9.313225746154785e-10,1.0
GCN,996,1583,0,1,10,-0.9812871813774109,3.0439577102661133,4.025244891643524,0.5669466257095337,0.01588885299861431,-0.00039821205427870154,0.7239914536476135,0.02283739484846592,0.10837438423645321,0,0.0,0.08932309839497557,128,0.429609090089798,1.0,0.6994377730887756,0.9996307237813885,86.69384002685547,1.0,0.7200524806976318,1.0,0.7200524806976318,1.0,6.527568263692274e-09,3.0834900854870284e-08,6.238249738999002e-08,1.0,0.4296090602874756,0.24224072694778442,124,0.5899695158004761,1.0,1.0,1.0,0.7577592730522156,1.0,1.1641532182693481e-10,1.0
GCN,996,1589,2,1,3,-3.690074920654297,4.166721343994141,7.8567962646484375,0.8017836213111877,0.03290301933884621,-0.0014815361937507987,0.6394912004470825,0.04812538996338844,0.14153088291019325,0,0.0,0.05792044661549198,83,0.5359010100364685,0.9999999403953552,0.6223115558040514,0.9944608567208272,76.65798950195312,0.9996307237813885,0.6355302333831787,1.0,0.6355302333831787,1.0,4.748831994305647e-09,4.592138225234521e-09,6.02168199748121e-08,1.0,0.5359009504318237,0.3316139876842499,79,0.7499464154243469,1.0,1.0,1.0,0.6683859825134277,1.0,9.313225746154785e-10,0.9999999403953552
GCN,996,1591,3,1,1,-5.635642051696777,1.7369120121002197,7.372554063796997,0.9486831426620483,0.07737024128437042,-0.002167154336348176,0.5085581541061401,0.14782974123954773,0.5013262599469496,1,0.0,0.02930914166085136,42,0.4986336827278137,1.0,0.4995540776196003,0.9763663220088626,61.06471252441406,0.9874446085672083,0.5032961964607239,0.9985228951255539,0.5032961964607239,0.9985228951255539,0.0,2.995291836782599e-08,5.990583673565197e-08,1.0,0.4986337125301361,0.4743937849998474,38,0.9112474918365479,0.9999999403953552,0.9999999403953552,1.0,0.5256061553955078,0.9999999403953552,0.0,1.0
GCN,996,1597,3,1,2,-2.889371395111084,4.571628570556641,7.460999965667725,0.8660253286361694,0.07410874962806702,-0.0006774735520593822,0.562323272228241,0.08672423660755157,0.2315270935960591,0,0.0,0.027913468248429867,40,0.5040964484214783,1.0,0.5498704616847568,0.990029542097489,66.94247436523438,0.9955686853766618,0.5563256144523621,0.9988921713441654,0.5563256144523621,0.9988921713441654,7.679882507716229e-09,3.075568599797407e-08,6.148214737322633e-08,1.0,0.504096508026123,0.41791945695877075,36,0.5605037212371826,1.0,1.0,1.0,0.5820805430412292,1.0,0.0,1.0
GCN,996,1600,3,1,1,-3.826307535171509,3.532273769378662,7.358581304550171,0.9486831426620483,0.08537032455205917,0.0,0.4764381945133209,0.1690777838230133,0.5759757483895415,1,0.0,0.02930914166085136,42,0.46491098403930664,1.0,0.4709734318624342,0.9693500738552437,57.60696792602539,0.9782127031019202,0.47141095995903015,0.9981536189069424,0.47141095995903015,0.9981536189069424,1.1019557710767458e-08,1.1073539418759992e-08,2.3802931181649e-08,1.0,0.46491095423698425,0.5099407434463501,37,0.8951737880706787,1.0,1.0,1.0,0.4900592565536499,1.0,0.0,1.0
GCN,996,1602,0,1,10,3.645747184753418,7.822400093078613,4.176652908325195,0.5669466257095337,0.01875675655901432,-0.000791421509347856,0.6893041729927063,0.027825502678751945,0.10837438423645321,0,0.0,0.09979064898813678,143,0.40885186195373535,1.0,0.6638069109755479,0.9955686853766618,82.46153259277344,1.0,0.68511962890625,1.0,0.68511962890625,1.0,7.7815611732035e-09,7.73964892175627e-09,1.8927366340903973e-08,1.0,0.40885183215141296,0.27885305881500244,140,0.5424400568008423,1.0,1.0,1.0,0.7211469411849976,1.0,2.3999632836613216e-10,1.0
GCN,996,1605,3,1,3,-3.602846622467041,4.00659704208374,7.609443664550781,0.8017836213111877,0.034807637333869934,0.0,0.6534263491630554,0.052733082324266434,0.17904509283819628,0,0.0,0.055826936496859735,80,0.5475495457649231,1.0,0.6319100337970952,0.9948301329394387,78.19615936279297,0.9996307237813885,0.6486897468566895,1.0,0.6486897468566895,1.0,6.23012352818364e-09,6.540013419709112e-09,6.079582703932829e-08,1.0,0.5475494861602783,0.3170856833457947,75,0.7937110662460327,0.9999999403953552,1.0,0.9999999403953552,0.6829143166542053,1.0,0.0,1.0
GCN,996,1611,3,1,2,-3.9282124042510986,2.342862844467163,6.271075248718262,0.8660253286361694,0.08774266391992569,0.0,0.6298971176147461,0.14055517315864563,0.46513830996589617,1,0.0,0.01465457083042568,21,0.5639473795890808,1.0,0.6105402296294045,0.9944608567208272,75.28671264648438,0.9992614475627769,0.6226091384887695,1.0,0.6226091384887695,1.0,1.2495003254286985e-08,1.2401374149817457e-08,6.354115100748459e-08,1.0,0.5639473795890808,0.3488095700740814,16,0.8738486766815186,0.9999998807907104,1.0,0.9999998807907104,0.6511904001235962,1.0,0.0,1.0
GCN,996,1628,0,1,17,4.261536121368408,7.622700214385986,3.361164093017578,0.462909996509552,0.013872208073735237,-0.012689147144556046,0.6918513774871826,0.0184647124260664,0.10837438423645321,0,0.0,0.13189113747383113,189,0.33495989441871643,1.0,0.6669404217807336,0.9977843426883308,82.78060150146484,1.0,0.6879215240478516,1.0,0.6879215240478516,1.0,1.0778324011084806e-08,3.1947894996164905e-08,6.87975472146718e-08,1.0,0.3349599242210388,0.2764038145542145,187,0.42629116773605347,1.0000001192092896,1.0,1.0000001192092896,0.7235962152481079,1.0,4.234482098297576e-09,1.0
GCN,996,1629,2,1,3,-2.84757661819458,4.161052703857422,7.008629322052002,0.8017836213111877,0.040660664439201355,-0.001340565038844943,0.6134220361709595,0.06196023151278496,0.20291777188328913,0,0.0,0.045359385903698535,65,0.5133448839187622,1.0,0.5957022494950661,0.9944608567208272,73.40887451171875,0.9985228951255539,0.608771026134491,0.9996307237813885,0.608771026134491,0.9996307237813885,6.71586253275791e-09,3.056473119045222e-08,6.105369010356299e-08,1.0,0.5133448839187622,0.3597463071346283,62,0.7314921617507935,1.0,0.9999999403953552,1.0000001192092896,0.6402536630630493,1.0,2.3283064365386963e-10,1.0
GCN,996,1632,2,1,3,-3.9071550369262695,3.177945375442505,7.085100412368774,0.8017836213111877,0.0515323206782341,0.0,0.6683704257011414,0.08863174915313721,0.23796892762410005,0,0.0,0.03628750872295883,52,0.558711051940918,1.0000001192092896,0.6473695624359395,0.9948301329394387,80.30665588378906,1.0,0.6631851196289062,1.0,0.6631851196289062,1.0,6.7801306791182014e-09,5.7410578513383825e-09,1.0309102016492488e-08,1.0,0.558711051940918,0.3031647801399231,47,0.9216883182525635,1.0,1.0,1.0,0.6968352198600769,1.0,0.0,1.0000001192092896
GCN,996,1637,0,1,2,-1.35123872756958,3.9540305137634277,5.305269241333008,0.8660253286361694,0.07311322540044785,0.0,0.6707521677017212,0.11357595026493073,0.38044713906782873,1,0.0,0.02372644801116539,34,0.6036084294319153,1.0,0.6459545257642493,0.9948301329394387,80.0754623413086,1.0,0.6641470193862915,1.0,0.6641470193862915,1.0,0.0,3.896001743441957e-09,6.579821576480072e-09,1.0,0.6036084294319153,0.3030129671096802,29,0.9023668766021729,1.0,1.0,1.0,0.6969870328903198,1.0,0.0,1.0
GCN,996,1644,0,1,2,0.6690844297409058,6.359148025512695,5.6900635957717896,0.8660253286361694,0.042852409183979034,0.0,0.7027318477630615,0.06734201312065125,0.20803334596438045,0,0.0,0.03279832519190509,47,0.6358740925788879,0.9999999403953552,0.677512756523165,0.9992614475627769,84.15056610107422,1.0,0.6984554529190063,1.0,0.6984554529190063,1.0,5.871765296205922e-09,5.890201215663637e-09,9.234164544125179e-09,1.0,0.6358740329742432,0.265755832195282,42,0.9563813805580139,1.0,1.0,1.0,0.734244167804718,1.0,0.0,0.9999999403953552
GCN,996,1645,3,1,4,-1.809144139289856,1.9972426891326904,3.8063868284225464,0.7499998807907104,0.03293371945619583,0.0,0.6605517864227295,0.05064835026860237,0.16331943918150815,0,0.0,0.050942079553384506,73,0.5177695751190186,1.0,0.6400544486875304,0.9948301329394387,79.05069732666016,1.0,0.6562528014183044,1.0,0.6562528014183044,1.0,6.51925802230835e-09,6.8635692684893e-09,1.326761278619415e-08,1.0,0.5177695751190186,0.30964046716690063,68,0.7618906497955322,1.0000001192092896,1.0,1.0000001192092896,0.6903595328330994,1.0,0.0,1.0
GCN,996,1653,4,1,5,-4.434049129486084,1.5897295475006104,6.023778676986694,0.7071066498756409,0.027107516303658485,-0.00242576003074646,0.672779381275177,0.04743434116244316,0.1330049261083744,0,0.0,0.06489881367759945,93,0.49741798639297485,1.0,0.6519719737661216,0.9951994091580503,80.57007598876953,1.0,0.6689068078994751,1.0,0.6689068078994751,1.0,5.722141871444819e-09,5.122274160385132e-09,1.0295972074914062e-08,1.0,0.49741798639297485,0.29654461145401,89,0.7374335527420044,1.0,1.0,1.0,0.70345538854599,1.0,4.656612873077393e-10,1.0
GCN,996,1661,5,1,4,-0.03835344314575195,4.509753227233887,4.548106670379639,0.7499998807907104,0.024772167205810547,-0.0041807484813034534,0.7414189577102661,0.04216418415307999,0.10989010989010989,0,0.0,0.04745289602233078,68,0.5817586183547974,1.0,0.7141695856311425,1.0,88.7636947631836,1.0,0.7374572157859802,1.0,0.7374572157859802,1.0,0.0,5.964101035260683e-08,5.965704019672557e-08,1.0,0.5817584991455078,0.22432181239128113,64,0.8151115775108337,1.0,1.0,1.0,0.7756781578063965,1.0,9.313225746154785e-10,1.0
GCN,996,1668,2,1,2,-1.686105489730835,4.097176551818848,5.783282041549683,0.8660253286361694,0.052428293973207474,-0.00081000936916098,0.5802320837974548,0.08499285578727722,0.2277377794619174,0,0.0,0.039078855547801813,56,0.5234181880950928,1.0,0.5647732312092226,0.9937223042836041,69.28067016601562,0.9970457902511078,0.5748987793922424,0.9996307237813885,0.5748987793922424,0.9996307237813885,4.4664663079174716e-09,5.979759976071364e-08,6.02937078042487e-08,1.0,0.5234181880950928,0.39560866355895996,52,0.814608633518219,1.0000001192092896,1.0,1.0000001192092896,0.60439133644104,1.0,0.0,1.0
GCN,996,1675,6,1,4,-1.13604736328125,3.5383589267730713,4.674406290054321,0.7499998807907104,0.028180701658129692,0.0,0.7115266919136047,0.041516393423080444,0.10913224706328155,0,0.0,0.044661549197487785,64,0.5581824779510498,1.0,0.686660427355274,0.9996307237813885,85.20127868652344,1.0,0.7078908681869507,1.0,0.7078908681869507,1.0,6.107090388951519e-09,5.983702067169361e-08,6.032423982560431e-08,1.0,0.5581825375556946,0.2557564973831177,59,0.7861766815185547,1.0,1.0,1.0,0.7442435026168823,1.0,0.0,1.0
GCN,996,1679,3,1,3,-5.22538948059082,1.9062559604644775,7.131645441055298,0.8017836213111877,0.04936723783612251,-0.0006861517322249711,0.6032623052597046,0.07063516974449158,0.21049640015157256,0,0.0,0.034891835310537335,50,0.503951907157898,1.0,0.5897849603116939,0.9944608567208272,72.55865478515625,0.9977843426883308,0.5993077754974365,0.9996307237813885,0.5993077754974365,0.9996307237813885,7.333241125451195e-09,7.708066185330154e-09,1.5306754974631076e-08,1.0,0.5039518475532532,0.37146151065826416,46,0.6920629739761353,1.0,1.0,1.0,0.6285384893417358,1.0,4.656612873077393e-10,1.0
GCN,996,1684,3,1,2,-4.714267730712891,1.4706041812896729,6.1848719120025635,0.8660253286361694,0.07073012739419937,0.0,0.5520216822624207,0.12384713441133499,0.4037514209928003,1,0.0,0.027913468248429867,40,0.49523454904556274,1.0,0.5421298290439572,0.9889217134416544,66.21562957763672,0.9944608567208272,0.5463974475860596,0.9988921713441654,0.5463974475860596,0.9988921713441654,5.430496941016827e-09,3.0308253684552255e-08,6.063532254074744e-08,1.0,0.49523451924324036,0.4281523823738098,35,0.8370825052261353,1.0,1.0,1.0,0.5718476176261902,1.0,0.0,1.0
GCN,996,1688,4,1,3,-2.1646833419799805,4.559596061706543,6.724279403686523,0.8017836213111877,0.042996279895305634,0.0,0.6165396571159363,0.07253102213144302,0.21163319439181508,0,0.0,0.04815073272854152,69,0.5158214569091797,1.0,0.5985378420298512,0.9944608567208272,74.08860778808594,0.9992614475627769,0.6119968295097351,0.9996307237813885,0.6119968295097351,0.9996307237813885,8.212026614273782e-09,8.122420069867076e-09,1.57469877137828e-08,1.0,0.5158214569091797,0.35665756464004517,64,0.8338945508003235,1.0,1.0,1.0,0.6433424353599548,1.0,0.0,1.0
GCN,996,1695,0,1,3,1.8725056648254395,6.801515579223633,4.929009914398193,0.8017836213111877,0.03938470408320427,0.0,0.6535707116127014,0.060899704694747925,0.2019704433497537,0,0.0,0.0418702023726448,60,0.5473308563232422,1.0,0.6303283535084665,0.9948301329394387,78.25035858154297,0.9996307237813885,0.6494185924530029,1.0,0.6494185924530029,1.0,6.035659971814766e-09,5.999626129238322e-09,1.0945014672358866e-08,1.0,0.5473308563232422,0.31735843420028687,55,0.8102842569351196,1.0,1.0,1.0,0.6826415657997131,1.0,0.0,1.0
GCN,996,1705,1,1,7,-1.19154691696167,3.6206283569335938,4.812175273895264,0.6396021246910095,0.022932209074497223,0.0,0.666715145111084,0.034857481718063354,0.10837438423645321,0,0.0,0.08443824145150035,121,0.4460170865058899,1.0,0.6439856329464476,0.9948301329394387,79.76410675048828,1.0,0.6625344753265381,1.0,0.6625344753265381,1.0,6.9810375258327895e-09,3.065615672426247e-08,6.173361555283918e-08,1.0,0.4460171163082123,0.30266472697257996,116,0.6481870412826538,1.0,1.0,1.0,0.6973352432250977,1.0,0.0,1.0
GCN,996,1707,5,1,1,-2.7716426849365234,3.652756690979004,6.424399375915527,0.9486831426620483,0.06727758795022964,0.0,0.6035948991775513,0.11544911563396454,0.3874573702159909,1,0.0,0.030006978367062107,43,0.595632791519165,1.0,0.5858851345822437,0.9940915805022157,72.53002166748047,0.9977843426883308,0.5985632538795471,0.9996307237813885,0.5985632538795471,0.9996307237813885,7.902533738501916e-09,7.970837323512114e-09,1.3275630372788783e-08,1.0,0.5956327319145203,0.3721478581428528,38,0.9826230406761169,1.0,1.0,1.0,0.6278521418571472,1.0,0.0,1.0
GCN,996,1726,2,1,3,-2.9848828315734863,4.6724348068237305,7.657317638397217,0.8017836213111877,0.029439043253660202,0.0,0.7381277680397034,0.045515693724155426,0.12182644941265632,0,0.0,0.045359385903698535,65,0.6191286444664001,1.0000001192092896,0.7108652686010916,1.0,88.31722259521484,1.0,0.7339134216308594,1.0,0.7339134216308594,1.0,2.0694439495372308e-09,3.3498497309381037e-09,5.984679773973767e-08,1.0,0.6191287040710449,0.22781071066856384,60,0.9150107502937317,0.9999998807907104,1.0,0.9999998807907104,0.7721892595291138,1.0,0.0,1.0000001192092896
GCN,996,1727,2,1,3,-3.7293014526367188,3.326245069503784,7.055546522140503,0.8017836213111877,0.041580550372600555,-0.0007284163148142397,0.6691206693649292,0.06264147907495499,0.20367563471011746,0,0.0,0.03977669225401256,57,0.5602203607559204,1.0,0.6469566947839446,0.9948301329394387,80.21200561523438,1.0,0.6643969416618347,1.0,0.6643969416618347,1.0,7.346166341903881e-09,6.010672848333343e-08,6.119044115848737e-08,1.0,0.5602203011512756,0.3012825548648834,53,0.8082270622253418,1.0000001192092896,1.0000001192092896,1.0,0.6987175941467285,1.0000001192092896,0.0,1.0
GCN,996,1734,2,1,4,-4.144229888916016,2.8080296516418457,6.952259540557861,0.7499998807907104,0.04960022494196892,0.0,0.7546529173851013,0.07911243289709091,0.22034861690034105,0,0.0,0.03210048848569435,46,0.5905607342720032,1.0,0.7283130599356692,1.0,90.2522964477539,1.0,0.7496545314788818,1.0,0.7496545314788818,1.0,6.195220336735474e-09,6.212696579410704e-09,1.0500733615970148e-08,1.0,0.5905607342720032,0.21258553862571716,41,0.9027542471885681,0.9999999403953552,1.0,0.9999999403953552,0.7874144315719604,1.0,0.0,1.0
GCN,996,1749,2,1,4,-4.045608043670654,3.640726089477539,7.686334133148193,0.7499998807907104,0.02372104860842228,-0.05262439325451851,0.7530382871627808,0.03788752108812332,0.10837438423645321,0,0.0,0.061409630146545706,88,0.5897449851036072,1.0,0.7247813141615176,1.0,90.1480941772461,1.0,0.748958945274353,1.0,0.748958945274353,1.0,2.63417798684884e-09,3.3900653395591007e-09,5.987983797695051e-08,1.0,0.589745044708252,0.21367309987545013,84,0.9020707607269287,0.9999999403953552,1.0,0.9999999403953552,0.7863268852233887,1.0,1.4551915228366852e-08,1.0
GCN,996,1752,2,1,3,-4.047786712646484,4.172260284423828,8.220046997070312,0.8017836213111877,0.04047592729330063,-0.0012990536633878946,0.7125195264816284,0.05782404541969299,0.1962864721485411,0,0.0,0.03838101884159107,55,0.5968308448791504,1.0,0.6864612491489783,0.9996307237813885,85.24191284179688,1.0,0.708040714263916,1.0,0.708040714263916,1.0,5.452911455705589e-09,5.986985485151308e-08,6.03533507614884e-08,1.0,0.5968309044837952,0.2556210160255432,51,0.8161417245864868,0.9999998807907104,1.0,0.9999998807907104,0.7443789839744568,1.0,4.656612873077393e-10,1.0
GCN,996,1753,2,1,3,-3.587660551071167,4.394475936889648,7.982136487960815,0.8017836213111877,0.03781340271234512,-0.0013905229279771447,0.7046385407447815,0.06429138779640198,0.20500189465706706,0,0.0,0.040474528960223306,58,0.59038907289505,1.0,0.6790343906642976,0.9992614475627769,84.49244689941406,1.0,0.7002308368682861,1.0,0.7002308368682861,1.0,3.9803147444672504e-09,5.974646910544834e-08,6.002085228828946e-08,1.0,0.5903891324996948,0.26365533471107483,54,0.9605735540390015,1.0,1.0,1.0,0.7363446950912476,1.0,4.656612873077393e-10,1.0
GCN,996,1760,2,1,2,-2.595270872116089,5.1207051277160645,7.715975999832153,0.8660253286361694,0.03895721957087517,0.0,0.7141122221946716,0.06115126982331276,0.2019704433497537,0,0.0,0.04326587578506629,62,0.6464930772781372,1.0,0.6905362749715763,0.9996307237813885,85.60765075683594,1.0,0.7099535465240479,1.0,0.7099535465240479,1.0,0.0,1.9199706269290573e-09,1.975633434625479e-09,1.0,0.6464930772781372,0.2534940242767334,57,0.9707659482955933,1.0000001192092896,1.0,1.0000001192092896,0.7465059757232666,1.0,0.0,1.0
GCN,996,1764,5,1,2,-2.6364173889160156,4.420428276062012,7.056845664978027,0.8660253286361694,0.04298344999551773,0.0,0.6750914454460144,0.06715032458305359,0.20765441455096628,0,0.0,0.041172365666434056,59,0.6107260584831238,1.0,0.6535886433014527,0.9951994091580503,81.06620025634766,1.0,0.6708187460899353,1.0,0.6708187460899353,1.0,3.2261959770352178e-09,2.7939677238464355e-09,4.698197830776962e-09,1.0,0.6107260584831238,0.2947941720485687,54,0.913355827331543,1.0,1.0,1.0,0.7052057981491089,1.0,0.0,1.0
GCN,996,1768,1,1,3,-1.9175899028778076,4.340172290802002,6.25776219367981,0.8017836213111877,0.0384545661509037,-0.0011977317044511437,0.6691064834594727,0.05093635618686676,0.16331943918150815,0,0.0,0.039078855547801813,56,0.5604368448257446,1.0,0.6463191579046593,0.9948301329394387,80.0895767211914,1.0,0.6648489832878113,1.0,0.6648489832878113,1.0,3.259629011154175e-09,5.966282401459466e-08,5.979936901212568e-08,1.0,0.5604367852210999,0.30101245641708374,52,0.6838627457618713,1.0,1.0,1.0,0.6989875435829163,1.0,4.656612873077393e-10,1.0
GCN,996,1771,1,1,3,-2.0797274112701416,4.659821510314941,6.739548921585083,0.8017836213111877,0.02847922407090664,0.0,0.7380997538566589,0.04449717700481415,0.11595301250473665,0,0.0,0.052337752965806,75,0.6191544532775879,1.0,0.7098966251927692,1.0,88.35305786132812,1.0,0.733742356300354,1.0,0.733742356300354,1.0,1.4725503039159094e-09,2.1716997089527013e-09,3.591222652588044e-09,1.0,0.6191543936729431,0.22777873277664185,70,0.9246481657028198,0.9999999403953552,1.0,0.9999999403953552,0.7722212672233582,1.0,0.0,1.0
GCN,996,1777,1,1,5,-2.767106294631958,2.973320245742798,5.740426540374756,0.7071066498756409,0.02049332670867443,0.0,0.7300719618797302,0.031010566279292107,0.10837438423645321,0,0.0,0.06838799720865317,98,0.5403041839599609,1.0,0.7027943151418855,0.9996307237813885,87.39986419677734,1.0,0.7259640693664551,1.0,0.7259640693664551,1.0,5.4504254443088485e-09,5.983339690374123e-08,6.038567335053813e-08,1.0,0.5403041839599609,0.2358943372964859,93,0.7811740636825562,0.9999999403953552,1.0,0.9999999403953552,0.7641056776046753,1.0,0.0,1.0
GCN,996,1779,1,1,6,-2.0868372917175293,3.2234809398651123,5.310318231582642,0.6708203554153442,0.01649351976811886,0.0,0.7593809366226196,0.024726808071136475,0.10837438423645321,0,0.0,0.08094905792044661,116,0.5332961082458496,1.0,0.730649140467406,1.0,90.90116882324219,1.0,0.7551966309547424,1.0,0.7551966309547424,1.0,3.3254867748411243e-09,3.875074039427773e-09,5.997515728495273e-08,1.0,0.5332960486412048,0.2050090730190277,111,0.7636961340904236,0.9999998807907104,1.0,0.9999998807907104,0.7949908971786499,1.0,0.0,1.0
GCN,996,1781,1,1,5,-1.972465991973877,3.7080628871917725,5.680528879165649,0.7071066498756409,0.020358620211482048,0.0,0.740786612033844,0.02889079786837101,0.10837438423645321,0,0.0,0.06908583391486392,99,0.5482518076896667,1.0,0.7134549768139419,1.0,88.68299865722656,1.0,0.7366352081298828,1.0,0.7366352081298828,1.0,3.9237315618834145e-09,5.973819128257674e-08,6.004960795280567e-08,1.0,0.548251748085022,0.22465477883815765,94,0.7433429956436157,1.0,1.0,1.0,0.7753452062606812,1.0,0.0,1.0
GCN,996,1783,1,1,2,-2.208646535873413,3.992121696472168,6.200768232345581,0.8660253286361694,0.05284871533513069,0.0,0.6378418803215027,0.08776096999645233,0.23796892762410005,0,0.0,0.03349616189811584,48,0.5759397149085999,1.0,0.6169951899818623,0.9944608567208272,76.45621490478516,0.9992614475627769,0.6334872841835022,1.0,0.6334872841835022,1.0,3.725290298461914e-09,3.7614942272057306e-09,6.567997257178604e-09,1.0,0.5759397149085999,0.33496198058128357,43,0.9172983765602112,1.0,1.0,1.0,0.665037989616394,1.0,0.0,1.0
GCN,996,1786,1,1,3,-2.1586015224456787,4.418903350830078,6.577504873275757,0.8017836213111877,0.04280943050980568,-0.1265411227941513,0.6585493683815002,0.2805107831954956,0.8486169003410383,1,0.0,0.040474528960223306,58,0.5455987453460693,1.0,0.6333035812374855,0.9948301329394387,78.8489990234375,0.9996307237813885,0.6541789770126343,1.0,0.6541789770126343,1.0,2.981687119429921e-09,5.970687766421179e-08,5.99504943465945e-08,1.0,0.5455986857414246,0.3195188045501709,56,0.7213177680969238,1.0000001192092896,1.0,1.0000001192092896,0.6804811954498291,1.0,2.8878510249796818e-08,1.0
GCN,996,1794,4,1,4,-2.8111538887023926,3.2123067378997803,6.023460626602173,0.7499998807907104,0.03236208111047745,-0.00277933431789279,0.6339986324310303,0.044644616544246674,0.11708980674497915,0,0.0,0.05792044661549198,83,0.4968087077140808,1.0,0.6161342518723801,0.9944608567208272,76.04564666748047,0.9992614475627769,0.629656195640564,1.0,0.629656195640564,1.0,5.7410578513383825e-09,6.199594171363287e-09,1.2471106813904953e-08,1.0,0.4968086779117584,0.3375883102416992,80,0.6559672355651855,1.0,1.0,1.0,0.6624116897583008,1.0,4.656612873077393e-10,1.0
GCN,996,1803,0,1,4,-0.1674957275390625,3.716407060623169,3.8839027881622314,0.7499998807907104,0.03411750867962837,0.0,0.6523190140724182,0.056462064385414124,0.19306555513452064,0,0.0,0.04884856943475227,70,0.5112023949623108,1.0,0.6316296625454061,0.9948301329394387,78.2464370727539,0.9996307237813885,0.648162841796875,1.0,0.648162841796875,1.0,8.433485021441811e-09,3.055053809930541e-08,6.103704919269148e-08,1.0,0.511202335357666,0.31839674711227417,65,0.8096562623977661,1.0,1.0,1.0,0.6816032528877258,1.0,0.0,1.0
GCN,996,1807,3,1,5,-3.405273914337158,3.6144814491271973,7.0197553634643555,0.7071066498756409,0.027405831962823868,0.0,0.7421384453773499,0.04729137569665909,0.1330049261083744,0,0.0,0.06629448709002093,95,0.5489174127578735,1.0,0.715819771260347,1.0,88.80628967285156,1.0,0.738166093826294,1.0,0.738166093826294,1.0,3.017829985907383e-09,5.968871619188576e-08,5.989025453345675e-08,1.0,0.5489174127578735,0.22371336817741394,90,0.9055426120758057,0.9999999403953552,1.0,0.9999999403953552,0.7762866020202637,1.0,0.0,1.0
GCN,996,1809,3,1,3,-3.363278865814209,4.969182014465332,8.332460880279541,0.8017836213111877,0.030296210199594498,-0.1414041519165039,0.6877967715263367,0.24425017833709717,0.7838196286472149,1,0.0,0.055826936496859735,80,0.5722848773002625,1.0,0.6645552433937607,0.9966765140324964,82.3913345336914,1.0,0.6837673187255859,1.0,0.6837673187255859,1.0,4.928095709288982e-09,5.981935657928261e-08,6.026306920148272e-08,1.0,0.5722849369049072,0.2862352132797241,76,0.8405635952949524,1.0,1.0,1.0,0.7137647867202759,1.0,4.656612873077393e-10,1.0
GCN,996,1810,3,0,44,-8.447365760803223,-6.109728813171387,2.337636947631836,0.3061861991882324,0.007939259521663189,-0.012934955768287182,0.6398270726203918,0.011648720130324364,0.10837438423645321,0,0.0,0.2882065596650384,413,0.20492437481880188,1.0,0.6213775082531624,0.9944608567208272,76.53276824951172,0.9992614475627769,0.6360725164413452,1.0,0.6360725164413452,1.0,2.0198646311087032e-08,4.851265344996136e-08,2.0109125387079985e-07,1.0,0.20492441952228546,0.33071956038475037,412,0.2874394655227661,0.9999998807907104,1.0,0.9999998807907104,0.6692804098129272,1.0,2.9600313311561877e-08,1.0
GCN,996,1817,3,1,2,-2.8071436882019043,5.1371564865112305,7.944300174713135,0.8660253286361694,0.040711306035518646,0.0,0.7107047438621521,0.06424586474895477,0.20500189465706706,0,0.0,0.039078855547801813,56,0.6432767510414124,1.0,0.6873336504042246,0.9996307237813885,85.18660736083984,1.0,0.706951916217804,1.0,0.706951916217804,1.0,6.177695244247161e-09,5.995287466475929e-08,1.1963143720095104e-07,1.0,0.6432768106460571,0.25720787048339844,51,0.9712923765182495,1.0,1.0,1.0,0.7427921295166016,1.0,0.0,1.0
GCN,996,1822,3,1,2,-4.5844926834106445,2.7087459564208984,7.293238639831543,0.8660253286361694,0.04931676387786865,0.0,0.6381011009216309,0.08230814337730408,0.22300113679424025,0,0.0,0.039078855547801813,56,0.5765193104743958,1.0,0.6197143447686319,0.9944608567208272,76.6295394897461,0.9996307237813885,0.633963942527771,1.0,0.633963942527771,1.0,7.679882507716229e-09,6.719897527318608e-09,1.1695103552256114e-08,1.0,0.5765193104743958,0.3342927396297455,51,0.92229163646698,1.0,1.0,1.0,0.6657072305679321,1.0,0.0,1.0
GCN,996,1825,5,1,4,-3.8213510513305664,2.7277445793151855,6.549095630645752,0.7499998807907104,0.026812797412276268,-0.07802918553352356,0.6933344006538391,0.039308179169893265,0.10837438423645321,0,0.0,0.06071179344033496,87,0.5417593121528625,1.0,0.6683112264799597,0.9977843426883308,83.04299926757812,1.0,0.6894423961639404,1.0,0.6894423961639404,1.0,5.247736023505922e-09,5.995016039150869e-08,6.079230985278627e-08,1.0,0.5417593121528625,0.27765417098999023,84,0.7623330950737,1.0,1.0,1.0,0.7223458290100098,1.0,1.4435969752923938e-08,1.0
GCN,996,1829,5,1,5,-2.6915395259857178,3.129580020904541,5.821119546890259,0.7071066498756409,0.027531038969755173,-0.0006594162550754845,0.6680701375007629,0.031216047704219818,0.10837438423645321,0,0.0,0.0628053035589672,90,0.49394848942756653,1.0,0.646495185139333,0.9948301329394387,79.96121978759766,1.0,0.6637474894523621,1.0,0.6637474894523621,1.0,9.405896506109457e-09,9.405896506109457e-09,1.904114022011072e-08,1.0,0.49394848942756653,0.3014512062072754,87,0.5356267690658569,1.0,1.0,1.0,0.6985487937927246,1.0,1.1641532182693481e-10,1.0
GCN,996,1836,6,1,2,-2.0038208961486816,2.2492287158966064,4.253049612045288,0.8660253286361694,0.05269947648048401,-0.0017710782121866941,0.5832666158676147,0.09062108397483826,0.24820007578628267,0,0.0,0.0418702023726448,60,0.5261029601097107,1.0,0.5712057982190547,0.9937223042836041,69.99893188476562,0.9974150664697193,0.5786494612693787,0.9996307237813885,0.5786494612693787,0.9996307237813885,8.172322374377927e-09,8.175638832597087e-09,6.160001220223421e-08,1.0,0.5261029005050659,0.3925085961818695,56,0.86860191822052,0.9999999403953552,1.0,0.9999999403953552,0.6074913740158081,1.0,4.656612873077393e-10,1.0
GCN,996,1838,0,1,4,1.9818485975265503,6.76284122467041,4.78099262714386,0.7499998807907104,0.02996130846440792,-0.0028100283816456795,0.7001256346702576,0.04236944019794464,0.10989010989010989,0,0.0,0.05373342637822749,77,0.5490217804908752,1.0,0.6732778541406709,0.9988921713441654,83.80571746826172,1.0,0.6961503028869629,1.0,0.6961503028869629,1.0,5.7410578513383825e-09,5.986238704736024e-08,6.045745237770461e-08,1.0,0.5490217208862305,0.2679709494113922,75,0.683283805847168,0.9999999403953552,1.0,0.9999999403953552,0.7320290803909302,1.0,8.394828165947388e-10,1.0
GCN,996,1841,0,1,5,2.8808817863464355,7.326257228851318,4.445375442504883,0.7071066498756409,0.02428826317191124,0.0,0.7335978746414185,0.03394090384244919,0.10837438423645321,0,0.0,0.051639916259595256,74,0.5427460670471191,1.0,0.7059543058126686,0.9996307237813885,87.87107849121094,1.0,0.7298381328582764,1.0,0.7298381328582764,1.0,4.368290174028289e-09,5.980893291734901e-08,6.031328325661889e-08,1.0,0.5427460074424744,0.23244106769561768,69,0.724886417388916,1.0,1.0,1.0,0.7675589323043823,1.0,0.0,1.0
GCN,996,1845,5,1,2,0.17625224590301514,5.086040496826172,4.909788250923157,0.8660253286361694,0.04723455011844635,0.0,0.6498160362243652,0.07577767968177795,0.21580143993937098,0,0.0,0.034193998604326585,49,0.5873757004737854,1.0,0.6291305663212936,0.9948301329394387,77.8735580444336,0.9996307237813885,0.6458619236946106,1.0,0.6458619236946106,1.0,8.736580348056577e-09,8.752079061480345e-09,1.4687786986655738e-08,1.0,0.5873757004737854,0.32175689935684204,44,0.9028229117393494,1.0,1.0,1.0,0.678243100643158,1.0,0.0,1.0
GCN,996,1852,3,1,2,-2.0287232398986816,5.158127784729004,7.1868510246276855,0.8660253286361694,0.04241049662232399,0.0,0.7186665534973145,0.06696726381778717,0.20765441455096628,0,0.0,0.041172365666434056,59,0.6503956317901611,1.0,0.6935253535657605,0.9996307237813885,86.284423828125,1.0,0.7145718336105347,1.0,0.7145718336105347,1.0,1.0148852869207303e-09,5.96223799220752e-08,5.965779337202548e-08,1.0,0.6503955721855164,0.24898779392242432,54,0.9827594757080078,1.0,1.0,1.0,0.7510122060775757,1.0,0.0,1.0
GCN,996,1853,3,1,1,-2.8003506660461426,4.743148326873779,7.543498992919922,0.9486831426620483,0.07529958337545395,-0.006189248524606228,0.62812739610672,0.13202062249183655,0.4236453201970443,1,0.0,0.027913468248429867,40,0.6186732649803162,1.0,0.6092553877202908,0.9944608567208272,75.11599731445312,0.9992614475627769,0.6233106255531311,1.0,0.6233106255531311,1.0,7.450580596923828e-09,6.006850128414953e-08,1.1983703984697058e-07,1.0,0.6186733245849609,0.3478609323501587,36,0.9960211515426636,1.0,1.0,1.0,0.6521390676498413,1.0,0.0,1.0
GCN,996,1858,3,1,2,-3.406149387359619,5.176100730895996,8.582250118255615,0.8660253286361694,0.04219500720500946,0.0,0.6678582429885864,0.0673636645078659,0.20803334596438045,0,0.0,0.04396371249127704,63,0.6042077541351318,1.0,0.6468550665175249,0.9948301329394387,80.37541961669922,1.0,0.6642968654632568,1.0,0.6642968654632568,1.0,5.19060927572923e-09,5.435486283289492e-09,9.06859387583836e-09,1.0,0.6042077541351318,0.3023208975791931,58,0.9233779311180115,1.0,1.0,1.0,0.6976791024208069,1.0,0.0,1.0
GCN,996,1862,3,1,4,-6.181288719177246,0.3783133029937744,6.5596020221710205,0.7499998807907104,0.03824695572257042,-0.0016780003206804395,0.6440485715866089,0.058744482696056366,0.1964759378552482,0,0.0,0.050942079553384506,73,0.5042970180511475,1.0,0.6268092670758588,0.9948301329394387,77.0932846069336,0.9996307237813885,0.6396058201789856,1.0,0.6396058201789856,1.0,1.0608496303632364e-08,6.043155309498616e-08,1.2083525291473052e-07,1.0,0.5042970776557922,0.32760393619537354,69,0.7139639854431152,1.0,1.0000001192092896,0.9999998807907104,0.672396183013916,1.0000001192092896,0.0,1.0
GCN,996,1866,3,1,2,-4.1056013107299805,4.233730792999268,8.339332103729248,0.8660253286361694,0.050968583673238754,-0.004515469539910555,0.6591367125511169,0.0893513634800911,0.2451686244789693,0,0.0,0.03698534542916958,53,0.5952814817428589,1.0,0.638801841461057,0.9948301329394387,78.87305450439453,0.9996307237813885,0.6544514298439026,1.0,0.6544514298439026,1.0,1.1929020438117277e-08,6.082407821850211e-08,6.291733711805136e-08,1.0,0.5952814817428589,0.3126280903816223,49,0.9353762865066528,0.9999999403953552,1.0,0.9999999403953552,0.6873719096183777,1.0,9.313225746154785e-10,1.0
GCN,996,1870,3,1,4,-3.7707619667053223,4.135415554046631,7.906177520751953,0.7499998807907104,0.035886626690626144,0.0,0.7585387229919434,0.05984712764620781,0.19969685486926866,0,0.0,0.04954640614096301,71,0.5947074294090271,1.0,0.7318632716828075,1.0,90.83221435546875,1.0,0.7541975975036621,1.0,0.7541975975036621,1.0,4.005769937975856e-09,4.280539478429546e-09,7.215895436729625e-09,1.0,0.5947074294090271,0.20705664157867432,66,0.9487452507019043,0.9999998807907104,1.0,0.9999998807907104,0.7929433584213257,1.0,0.0,1.0
GCN,996,1872,3,1,1,-2.699504852294922,5.490226745605469,8.18973159790039,0.9486831426620483,0.06322353333234787,0.0,0.6261578798294067,0.10583247989416122,0.35392194012883665,1,0.0,0.03279832519190509,47,0.6186732649803162,1.0,0.6068362635969815,0.9944608567208272,75.56656646728516,0.9992614475627769,0.6223284006118774,0.9996307237813885,0.6223284006118774,0.9996307237813885,0.0,5.961192073300481e-08,1.192247509607114e-07,1.0,0.6186733245849609,0.3478609621524811,42,0.9943636655807495,1.0,1.0,1.0,0.6521390676498413,1.0,0.0,1.0
GCN,996,1878,5,1,3,-1.9312357902526855,4.231680393218994,6.16291618347168,0.8017836213111877,0.03861081600189209,0.0,0.6613083481788635,0.06810423731803894,0.20954907161803712,0,0.0,0.04675505931612003,67,0.553907036781311,1.0,0.6395031014069729,0.9948301329394387,79.30502319335938,1.0,0.6573036313056946,1.0,0.6573036313056946,1.0,2.133928145298114e-09,2.3744159971528234e-09,4.323039259901407e-09,1.0,0.553907036781311,0.30915647745132446,62,0.935247004032135,1.0,1.0,1.0,0.6908435225486755,1.0,0.0,1.0
GCN,996,1879,5,1,4,-0.3191225528717041,4.532537937164307,4.851660490036011,0.7499998807907104,0.02803421951830387,-0.0014854940818622708,0.6982038617134094,0.04442035034298897,0.11405835543766578,0,0.0,0.0628053035589672,90,0.5476659536361694,1.0,0.6734321425859873,0.9988921713441654,83.65294647216797,1.0,0.6942049860954285,1.0,0.6942049860954285,1.0,4.514753904061308e-09,4.621556470851829e-09,6.02044352149278e-08,1.0,0.5476660132408142,0.2697785496711731,86,0.8297302722930908,1.0,1.0,1.0,0.7302214503288269,1.0,4.656612873077393e-10,1.0
GCN,996,1881,5,1,5,-4.996044158935547,0.974923312664032,5.970967471599579,0.7071066498756409,0.03032173216342926,-0.00039581526652909815,0.7077412605285645,0.04604075849056244,0.12542629784009093,0,0.0,0.05512909979064899,79,0.5232154726982117,1.0,0.6831277403292265,0.9996307237813885,84.64009094238281,1.0,0.7030662298202515,1.0,0.7030662298202515,1.0,9.101266407185449e-09,9.104243581248284e-09,1.7403266383553273e-08,1.0,0.5232154726982117,0.26006144285202026,75,0.7598850727081299,1.0,1.0,1.0,0.7399385571479797,1.0,4.656612873077393e-10,1.0
GCN,996,1891,4,1,3,-1.947479486465454,5.715456962585449,7.662936449050903,0.8017836213111877,0.03477390855550766,0.0,0.7194893956184387,0.05558191239833832,0.1911708980674498,0,0.0,0.045359385903698535,65,0.6031444668769836,1.0000001192092896,0.6936785970491699,0.9996307237813885,86.12793731689453,1.0,0.7157391905784607,1.0,0.7157391905784607,1.0,3.0888476221235805e-09,5.969371130731815e-08,1.1933015287013404e-07,1.0,0.6031444072723389,0.24774666130542755,60,0.9220651388168335,1.0,1.0,1.0,0.7522533535957336,1.0,0.0,1.0000001192092896
GCN,996,1899,5,1,5,-2.4061436653137207,2.972381591796875,5.378525257110596,0.7071066498756409,0.03274163976311684,-0.0004882207722403109,0.6501519680023193,0.0387628935277462,0.10837438423645321,0,0.0,0.061409630146545706,88,0.48029786348342896,1.0,0.6297232728929827,0.9948301329394387,77.79190063476562,0.9996307237813885,0.6454893946647644,1.0,0.6454893946647644,1.0,8.290863107163204e-09,7.526590017903345e-09,1.5658502050541756e-08,1.0,0.48029786348342896,0.32075613737106323,85,0.5442715883255005,1.0,1.0,1.0,0.6792438626289368,1.0,1.1641532182693481e-10,1.0
GCN,996,1901,5,1,6,-4.686738967895508,0.27903127670288086,4.965770244598389,0.6708203554153442,0.02412213571369648,-0.00026470821467228234,0.6707327365875244,0.03622495383024216,0.10837438423645321,0,0.0,0.0732728541521284,105,0.47060301899909973,1.0,0.6494515085538647,0.9948301329394387,80.30988311767578,1.0,0.6668241620063782,1.0,0.6668241620063782,1.0,5.94516524898836e-09,3.0361864133965355e-08,6.086348491862736e-08,1.0,0.47060301899909973,0.29846638441085815,101,0.6756904721260071,1.0,1.0,1.0,0.7015336155891418,1.0,1.1641532182693481e-10,1.0
GCN,996,1904,5,1,3,-3.8125264644622803,1.8677027225494385,5.680229187011719,0.8017836213111877,0.03409658744931221,-0.000393519556382671,0.6712583303451538,0.05387365072965622,0.18321333838575218,0,0.0,0.04884856943475227,70,0.5625911951065063,1.0,0.6496309305492503,0.9948301329394387,80.34053802490234,1.0,0.6668007373809814,1.0,0.6668007373809814,1.0,5.529421365224607e-09,5.14339681956244e-09,6.030775523413467e-08,1.0,0.5625911951065063,0.29832541942596436,66,0.8503786325454712,1.0,1.0,1.0,0.7016745805740356,1.0,0.0,1.0
GCN,996,1906,4,1,5,-1.6091828346252441,4.588846206665039,6.198029041290283,0.7071066498756409,0.022715983912348747,-0.0004659447877202183,0.7128602266311646,0.030283566564321518,0.10837438423645321,0,0.0,0.06769016050244243,97,0.5274350047111511,1.0,0.6890408631472118,0.9996307237813885,85.34408569335938,1.0,0.7087000608444214,1.0,0.7087000608444214,1.0,4.6566128730773926e-09,5.722141871444819e-09,1.0853049126069436e-08,1.0,0.5274350047111511,0.2540941536426544,93,0.6719930171966553,1.0,1.0,1.0,0.745905876159668,1.0,4.656612873077393e-10,1.0
GCN,996,1909,0,1,6,0.32556986808776855,5.662829875946045,5.337260007858276,0.6708203554153442,0.02229304611682892,0.0,0.7267822623252869,0.02348581701517105,0.10837438423645321,0,0.0,0.06838799720865317,98,0.5101363658905029,1.0,0.7013084044928855,0.9996307237813885,86.96680450439453,1.0,0.7226003408432007,1.0,0.7226003408432007,1.0,7.53738671477322e-09,3.0851598609160646e-08,6.16232256334115e-08,1.0,0.5101363658905029,0.23953357338905334,93,0.5136257410049438,1.0,1.0,1.0,0.760466456413269,1.0,0.0,1.0
GCN,996,1911,5,1,4,-0.509501576423645,4.76335334777832,5.272854924201965,0.7499998807907104,0.03258530795574188,0.0,0.6593238115310669,0.046648893505334854,0.13092080333459644,0,0.0,0.05512909979064899,79,0.5168269276618958,1.0,0.6385603407783813,0.9948301329394387,78.97634887695312,1.0,0.6551227569580078,1.0,0.6551227569580078,1.0,6.6672551923829815e-09,3.132156223273341e-08,6.245481642963568e-08,1.0,0.5168269872665405,0.31089720129966736,74,0.7079123258590698,0.9999999403953552,1.0,0.9999999403953552,0.6891027688980103,1.0,0.0,1.0
GCN,996,1913,0,1,4,1.8722649812698364,6.559273719787598,4.687008738517761,0.7499998807907104,0.026215925812721252,0.0,0.6670634150505066,0.03668445721268654,0.10837438423645321,0,0.0,0.06769016050244243,97,0.5233129262924194,1.0,0.6459583551134179,0.9948301329394387,79.83663177490234,1.0,0.6623594164848328,1.0,0.6623594164848328,1.0,6.299349042393487e-09,3.047236418751709e-08,6.082931491846466e-08,1.0,0.5233128666877747,0.30224937200546265,92,0.7000759840011597,1.0,1.0,1.0,0.6977506279945374,1.0,0.0,1.0
GCN,996,1916,6,1,3,-0.49660784006118774,4.43269157409668,4.929299414157867,0.8017836213111877,0.0381162203848362,0.0,0.6643258929252625,0.05533354729413986,0.1896551724137931,0,0.0,0.03838101884159107,55,0.5564852952957153,1.0,0.6421244216717327,0.9948301329394387,79.52098083496094,1.0,0.6606863737106323,1.0,0.6606863737106323,1.0,7.679882507716229e-09,7.847463123766829e-09,6.125732454620447e-08,1.0,0.5564853549003601,0.30594074726104736,50,0.7732448577880859,1.0,1.0,1.0,0.6940592527389526,1.0,0.0,1.0
GCN,996,1918,6,1,2,-0.504981279373169,4.951040267944336,5.456021547317505,0.8660253286361694,0.09712883830070496,0.0,0.6641876101493835,0.16156235337257385,0.5507768093974991,1,0.0,0.01465457083042568,21,0.5938405990600586,1.0,0.6392513294631328,0.9948301329394387,78.98181915283203,1.0,0.6558350324630737,1.0,0.6558350324630737,1.0,1.2529663528937363e-08,6.047324774272056e-08,1.204180364311469e-07,1.0,0.5938406586647034,0.3142918050289154,16,0.9567828178405762,0.9999999403953552,1.0,0.9999999403953552,0.6857081651687622,1.0,0.0,1.0
GCN,996,1920,0,1,6,-0.3219270706176758,3.0563294887542725,3.3782565593719482,0.6708203554153442,0.023431697860360146,-0.0874621719121933,0.667830228805542,0.2485043853521347,0.7910193255020841,1,0.0,0.0718771807397069,103,0.466464102268219,1.0,0.6463932076794258,0.9948301329394387,79.93619537353516,1.0,0.6637527346611023,1.0,0.6637527346611023,1.0,7.0621029024664495e-09,3.088321065547461e-08,6.208254887951625e-08,1.0,0.4664640724658966,0.3046363592147827,100,0.6054542064666748,1.0000001192092896,1.0,1.0000001192092896,0.6953636407852173,1.0,1.1643860098331515e-08,1.0
GCN,996,1925,0,1,3,0.6606559753417969,6.352361679077148,5.691705703735352,0.8017836213111877,0.033570628613233566,-0.033051230013370514,0.6640833020210266,0.048895448446273804,0.1466464569912846,0,0.0,0.055826936496859735,80,0.5554413199424744,1.0,0.6429926917623363,0.9948301329394387,79.66873931884766,1.0,0.6600977182388306,1.0,0.6600977182388306,1.0,2.8705289256691913e-09,2.842060142782543e-09,5.982558803907523e-08,1.0,0.5554413199424744,0.30724287033081055,77,0.7755123376846313,1.0,1.0,1.0,0.6927571296691895,1.0,5.705538708156155e-09,1.0
GCN,996,1931,3,1,3,-3.11250376701355,5.307651996612549,8.420155763626099,0.8017836213111877,0.02676834538578987,0.0,0.7359580397605896,0.04043320193886757,0.10837438423645321,0,0.0,0.05024424284717376,72,0.6174376606941223,1.0000001192092896,0.7090813856774709,1.0,88.17450714111328,1.0,0.7318040728569031,1.0,0.7318040728569031,1.0,5.227034804988762e-09,5.309355621818668e-09,8.599013945342904e-09,1.0,0.6174377202987671,0.22991982102394104,67,0.8913059234619141,1.0,1.0,1.0,0.7700802087783813,1.0,0.0,1.0000001192092896
GCN,996,1932,3,1,3,-3.2375853061676025,4.6477885246276855,7.885373830795288,0.8017836213111877,0.03759780898690224,0.0,0.6855431199073792,0.05951923504471779,0.19950738916256158,0,0.0,0.04256803907885555,61,0.5743858814239502,1.0,0.6633852253757091,0.9955686853766618,82.13263702392578,1.0,0.6814534068107605,1.0,0.6814534068107605,1.0,4.9500474830210806e-09,6.585445078144403e-09,6.070407465585959e-08,1.0,0.5743858814239502,0.2836148142814636,56,0.8701352477073669,0.9999999403953552,1.0,0.9999999403953552,0.7163851857185364,1.0,0.0,1.0
GCN,996,1936,3,1,5,-3.8490633964538574,2.854104518890381,6.703167915344238,0.7071066498756409,0.024816513061523438,0.0,0.7302184700965881,0.037727441638708115,0.10837438423645321,0,0.0,0.05931612002791347,85,0.540213942527771,1.0,0.7045208110023266,0.9996307237813885,87.4463119506836,1.0,0.7261488437652588,1.0,0.7261488437652588,1.0,5.015325488244571e-09,6.76011246980579e-09,6.090256476909417e-08,1.0,0.5402138829231262,0.23602205514907837,80,0.7849721908569336,1.0,1.0,1.0,0.7639779448509216,1.0,0.0,1.0
GCN,996,1938,3,1,1,-3.2947304248809814,3.667722463607788,6.9624528884887695,0.9486831426620483,0.09287750720977783,0.0,0.5112608671188354,0.17967191338539124,0.6078059871163319,1,0.0,0.024424284717376135,35,0.49863389134407043,1.0,0.5047451104507814,0.9844903988183161,62.78717041015625,0.9903988183161004,0.5047948956489563,0.9985228951255539,0.5047948956489563,0.9985228951255539,0.0,2.9818689739613546e-08,5.963737947922709e-08,1.0,0.4986339211463928,0.474393755197525,30,0.9382820129394531,1.0000001192092896,1.0000001192092896,1.0,0.5256063938140869,1.0000001192092896,0.0,1.0
GCN,996,1942,3,1,3,-3.2942070960998535,5.133168697357178,8.427375793457031,0.8017836213111877,0.03432358801364899,-0.0019282130524516106,0.6705015897750854,0.05401601642370224,0.18321333838575218,0,0.0,0.04954640614096301,71,0.5618840456008911,1.0,0.6482060260576752,0.9948301329394387,80.35064697265625,1.0,0.6662753820419312,1.0,0.6662753820419312,1.0,4.6566128730773926e-09,5.980077588674249e-08,6.0229673692902e-08,1.0,0.5618839859962463,0.299207478761673,68,0.8177613019943237,1.0,1.0,1.0,0.7007925510406494,1.0,0.0,1.0
GCN,996,1947,3,1,4,-5.302188396453857,1.5600619316101074,6.862250328063965,0.7499998807907104,0.028092721477150917,-0.0016484957886859775,0.7040062546730042,0.042085759341716766,0.10989010989010989,0,0.0,0.05373342637822749,77,0.5522225499153137,1.0,0.6805916177078756,0.9996307237813885,84.3227767944336,1.0,0.7002159357070923,1.0,0.7002159357070923,1.0,4.4664663079174716e-09,5.986102280530758e-08,6.044809452987465e-08,1.0,0.5522226095199585,0.2637031376361847,73,0.7910047173500061,1.0000001192092896,1.0,1.0000001192092896,0.7362968921661377,1.0,2.3283064365386963e-10,1.0
GCN,996,1959,5,0,5,-5.916582107543945,-0.6326296329498291,5.283952474594116,0.7071066498756409,0.02964317612349987,-0.00038566882722079754,0.6560186147689819,0.042634788900613785,0.11045850701023115,0,0.0,0.0628053035589672,90,0.48487749695777893,1.0,0.636413875677444,0.9948301329394387,78.5051040649414,0.9996307237813885,0.6517449617385864,1.0,0.6517449617385864,1.0,9.689784086219788e-09,1.0226011148972702e-08,2.1083044643432913e-08,1.0,0.48487749695777893,0.31427958607673645,86,0.6671760678291321,1.0,1.0,1.0,0.6857204437255859,1.0,1.1641532182693481e-10,1.0
GCN,996,1961,5,1,3,-4.192042350769043,2.7854180335998535,6.9774603843688965,0.8017836213111877,0.03412124142050743,0.0,0.6424615979194641,0.04956274479627609,0.15289882531261842,0,0.0,0.05512909979064899,79,0.5383685231208801,1.0,0.623615734656209,0.9948301329394387,76.89739227294922,0.9996307237813885,0.6382337212562561,1.0,0.6382337212562561,1.0,6.107090388951519e-09,6.342231628764239e-09,1.1808263700174848e-08,1.0,0.5383685231208801,0.32853639125823975,74,0.7482297420501709,1.0,1.0,1.0,0.6714636087417603,1.0,0.0,1.0
GCN,996,1962,5,1,3,-3.466970682144165,2.9867639541625977,6.453734636306763,0.8017836213111877,0.0409243181347847,0.0,0.6242304444313049,0.06777700781822205,0.2084122773777946,0,0.0,0.0418702023726448,60,0.522487223148346,1.0,0.6061521549510339,0.9944608567208272,74.8963851928711,0.9992614475627769,0.6197254657745361,0.9996307237813885,0.6197254657745361,0.9996307237813885,8.277775798148923e-09,8.284322561280533e-09,1.5865914804180647e-08,1.0,0.522487223148346,0.3483438491821289,55,0.8289018869400024,1.0,1.0,1.0,0.6516561508178711,1.0,0.0,1.0
GCN,996,1969,4,1,3,-3.108570098876953,4.096626281738281,7.205196380615234,0.8017836213111877,0.042418546974658966,0.0,0.6879824995994568,0.06331359595060349,0.2046229632436529,0,0.0,0.03838101884159107,55,0.576072096824646,1.0,0.6654024853645325,0.9966765140324964,82.46524047851562,1.0,0.6839699745178223,1.0,0.6839699745178223,1.0,9.61114032804744e-09,9.477665763313325e-09,6.177395306394828e-08,1.0,0.5760721564292908,0.28151172399520874,50,0.8233335018157959,1.0,1.0,1.0,0.7184882760047913,1.0,0.0,1.0
GCN,996,1972,6,1,3,-1.2412629127502441,3.089911460876465,4.331174373626709,0.8017836213111877,0.03172735869884491,0.0,0.6658461689949036,0.04731215164065361,0.1330049261083744,0,0.0,0.05443126308443824,78,0.5582040548324585,1.0,0.6447541978351067,0.9948301329394387,79.76798248291016,1.0,0.6619117259979248,1.0,0.6619117259979248,1.0,3.357931266378955e-09,5.97064229168609e-08,5.993639007328966e-08,1.0,0.5582040548324585,0.3037971258163452,73,0.7961041331291199,1.0,1.0,1.0,0.6962028741836548,1.0,0.0,1.0
GCN,996,1977,3,1,2,0.20580053329467773,4.972095966339111,4.766295433044434,0.8660253286361694,0.04147058352828026,0.0,0.6640259623527527,0.06661941856145859,0.2074649488442592,0,0.0,0.044661549197487785,64,0.6007774472236633,1.0,0.640102219688573,0.9948301329394387,79.47087860107422,1.0,0.6596598625183105,1.0,0.6596598625183105,1.0,3.192413000618899e-09,3.811601700931533e-09,5.988186302374743e-08,1.0,0.6007774472236633,0.3062818944454193,59,0.9237966537475586,1.0,1.0,1.0,0.6937180757522583,1.0,0.0,1.0
GCN,996,1983,0,1,4,0.1283566951751709,5.780912399291992,5.652555704116821,0.7499998807907104,0.02255108952522278,-0.0013615968637168407,0.723411500453949,0.03577244281768799,0.10837438423645321,0,0.0,0.06559665038381018,94,0.5677756071090698,1.0,0.6980110692947291,0.9996307237813885,86.6281967163086,1.0,0.7194517850875854,1.0,0.7194517850875854,1.0,3.725290298461914e-09,3.725290298461914e-09,6.636645899504856e-09,1.0,0.5677756071090698,0.2429656684398651,90,0.8155556917190552,0.9999998807907104,1.0,0.9999998807907104,0.7570343017578125,1.0,0.0,1.0
GCN,996,1996,3,0,5,-7.314661026000977,-1.4431347846984863,5.87152624130249,0.7071066498756409,0.035515155643224716,-0.0013107628328725696,0.6776198744773865,0.05279500037431717,0.17904509283819628,0,0.0,0.04396371249127704,63,0.5004522800445557,1.0,0.6573043029062215,0.9955686853766618,80.98587799072266,1.0,0.6731738448143005,1.0,0.6731738448143005,1.0,6.177695244247161e-09,5.206251429967779e-09,1.0404373362860042e-08,1.0,0.5004522800445557,0.2922535240650177,59,0.7122789621353149,1.0,1.0,1.0,0.7077465057373047,1.0,0.0,1.0
GCN,996,2004,3,1,4,-5.132713317871094,2.256514549255371,7.389227867126465,0.7499998807907104,0.029339486733078957,0.0,0.7204096913337708,0.040871232748031616,0.10894278135657447,0,0.0,0.04815073272854152,69,0.5651057362556458,1.0,0.6956073478727974,0.9996307237813885,86.21405029296875,1.0,0.7164672017097473,1.0,0.7164672017097473,1.0,5.14339681956244e-09,8.523000971649708e-09,1.5004379960714687e-08,1.0,0.5651057362556458,0.24652552604675293,64,0.7526723146438599,1.0,1.0,1.0,0.7534744739532471,1.0,0.0,1.0
GCN,996,2006,3,1,3,-5.496772766113281,1.8063764572143555,7.303149223327637,0.8017836213111877,0.043684832751750946,0.0,0.6361730694770813,0.06671363115310669,0.20765441455096628,0,0.0,0.03558967201674808,51,0.5323092937469482,0.9999999403953552,0.6170106948438797,0.9944608567208272,76.14653015136719,0.9992614475627769,0.6316325664520264,1.0,0.6316325664520264,1.0,6.107090388951519e-09,6.063126534172625e-08,6.315584499816396e-08,1.0,0.5323092937469482,0.33609360456466675,46,0.7789621353149414,1.0,1.0,1.0,0.6639063954353333,1.0,0.0,0.9999999403953552
GCN,996,2010,0,1,4,-0.059728264808654785,4.23989725112915,4.299625515937805,0.7499998807907104,0.028498560190200806,-0.0015158747555688024,0.69731205701828,0.044226955622434616,0.11405835543766578,0,0.0,0.0628053035589672,90,0.5469364523887634,1.0,0.6748826331074176,0.9992614475627769,83.48602294921875,1.0,0.6929814219474792,1.0,0.6929814219474792,1.0,3.4846900920371127e-09,5.968507821307867e-08,1.193462964010905e-07,1.0,0.5469365119934082,0.2707512378692627,86,0.8116194605827332,1.0,1.0,1.0,0.7292487621307373,1.0,9.313225746154785e-10,1.0
GCN,996,2011,3,1,3,-1.8228238821029663,5.22632360458374,7.0491474866867065,0.8017836213111877,0.028305912390351295,-0.0014741395134478807,0.7135633230209351,0.04220467060804367,0.10989010989010989,0,0.0,0.05512909979064899,79,0.5984888076782227,1.0,0.6875459699000382,0.9996307237813885,85.44771575927734,1.0,0.7097073197364807,1.0,0.7097073197364807,1.0,4.293184918680026e-09,5.974590067125973e-08,6.00003673412175e-08,1.0,0.5984887480735779,0.25355327129364014,76,0.8530471324920654,1.0,1.0,1.0,0.7464467287063599,1.0,3.29272248356105e-10,1.0
GCN,996,2014,3,1,2,0.5825024843215942,5.791571140289307,5.209068655967712,0.8660253286361694,0.04926475137472153,0.0,0.70405513048172,0.07884357869625092,0.21921182266009853,0,0.0,0.03558967201674808,51,0.6365686655044556,1.0,0.6809004122895993,0.9996307237813885,84.34690856933594,1.0,0.698944628238678,1.0,0.698944628238678,1.0,7.1080110686239095e-09,7.0467338630919585e-09,6.062841606535585e-08,1.0,0.6365686058998108,0.2649537920951843,46,0.9758145809173584,0.9999999403953552,1.0,0.9999999403953552,0.7350462079048157,1.0,0.0,1.0
GCN,996,2015,6,1,3,0.5326305627822876,5.044836521148682,4.512205958366394,0.8017836213111877,0.027811937034130096,0.0,0.7213069796562195,0.04218096286058426,0.10989010989010989,0,0.0,0.05373342637822749,77,0.6050688028335571,1.0,0.6955178204110725,0.9996307237813885,86.3691177368164,1.0,0.717306911945343,1.0,0.717306911945343,1.0,2.8610709357224096e-09,3.1839111347409244e-09,5.350796694614246e-09,1.0,0.6050688028335571,0.24534659087657928,72,0.8771272897720337,1.0000001192092896,1.0000001192092896,1.0,0.7546535134315491,1.0000001192092896,0.0,1.0
GCN,996,2019,0,1,2,0.13720154762268066,4.360119342803955,4.222917795181274,0.8660253286361694,0.0535748191177845,-0.00037832200177945197,0.6640364527702332,0.088838592171669,0.23796892762410005,0,0.0,0.03628750872295883,52,0.5997143387794495,1.0,0.643485614039304,0.9948301329394387,79.5529556274414,1.0,0.6591655611991882,1.0,0.6591655611991882,1.0,7.970837323512114e-09,6.013885212041714e-08,1.1995496151939733e-07,1.0,0.5997143983840942,0.3075094223022461,48,0.9535938501358032,1.0,1.0,1.0,0.6924905776977539,1.0,2.3283064365386963e-10,1.0
GCN,996,2038,3,1,2,-2.118614673614502,5.097506046295166,7.216120719909668,0.8660253286361694,0.05329085513949394,-0.0023238013964146376,0.6132798194885254,0.09066134691238403,0.24820007578628267,0,0.0,0.03838101884159107,55,0.5533762574195862,1.0,0.5962185990164265,0.9944608567208272,73.5427474975586,0.9985228951255539,0.6085153818130493,0.9996307237813885,0.6085153818130493,0.9996307237813885,0.0,3.875074039427773e-09,7.000370061405192e-09,1.0,0.5533761978149414,0.3610161542892456,51,0.9035636782646179,1.0,1.0,1.0,0.6389838457107544,1.0,4.656612873077393e-10,1.0
GCN,996,2043,4,1,2,-2.089789390563965,5.018656253814697,7.108445644378662,0.8660253286361694,0.05481059476733208,0.0,0.6213631629943848,0.09376835823059082,0.2737779461917393,0,0.0,0.03977669225401256,57,0.5607143044471741,1.0,0.6016094882993615,0.9944608567208272,74.28858184814453,0.9992614475627769,0.6163742542266846,0.9996307237813885,0.6163742542266846,0.9996307237813885,3.783050317451853e-09,5.981164719059961e-08,6.026058940733492e-08,1.0,0.5607143640518188,0.35254278779029846,52,0.9205934405326843,0.9999999403953552,1.0,0.9999999403953552,0.6474572420120239,1.0,0.0,1.0
GCN,996,2045,1,1,32,-1.5294148921966553,0.762626588344574,2.2920414805412292,0.35355332493782043,0.008514119312167168,-0.05817273631691933,0.6994787454605103,0.015352895483374596,0.10837438423645321,0,0.0,0.22609909281228194,324,0.25836387276649475,1.0,0.6744357037379369,0.9992614475627769,83.69190216064453,1.0,0.69538414478302,1.0,0.69538414478302,1.0,1.0743058886930612e-08,1.1936402977141825e-08,4.621087867917595e-08,1.0,0.25836387276649475,0.2692364454269409,323,0.445943683385849,0.9999998807907104,1.0,0.9999998807907104,0.7307635545730591,1.0,3.1172362469078507e-09,1.0
GCN,996,2051,0,1,3,1.2335400581359863,5.486154079437256,4.2526140213012695,0.8017836213111877,0.03236551210284233,-0.0348549410700798,0.676047682762146,0.04762043058872223,0.13452065176203107,0,0.0,0.051639916259595256,74,0.5655664801597595,1.0,0.653666747975705,0.9951994091580503,80.9802017211914,1.0,0.6720601916313171,1.0,0.6720601916313171,1.0,5.185384566175344e-09,5.529421365224607e-09,6.040360744918871e-08,1.0,0.5655664801597595,0.2946145534515381,72,0.7975269556045532,0.9999998807907104,1.0,0.9999998807907104,0.7053854465484619,1.0,5.7102873540770815e-09,1.0
GCN,996,2054,0,1,9,3.3356101512908936,6.781737327575684,3.44612717628479,0.588348388671875,0.016404271125793457,-0.02381095662713051,0.7413758039474487,0.02292414754629135,0.10837438423645321,0,0.0,0.08234473133286811,118,0.4561488926410675,1.0,0.7127386897971633,1.0,88.72531127929688,1.0,0.7373092770576477,1.0,0.7373092770576477,1.0,1.0425510232892066e-08,6.01005325506776e-08,1.203931674353953e-07,1.0,0.4561489522457123,0.2246958464384079,116,0.6095499396324158,0.9999999403953552,1.0,0.9999999403953552,0.7753041386604309,1.0,1.3981960034215035e-09,1.0
GCN,996,2055,0,1,4,1.3519444465637207,7.1183905601501465,5.766446113586426,0.7499998807907104,0.027869442477822304,-0.030555378645658493,0.7006334066390991,0.04208044707775116,0.10989010989010989,0,0.0,0.05931612002791347,85,0.5487388968467712,1.0,0.6766312385862041,0.9992614475627769,83.83707427978516,1.0,0.6965356469154358,1.0,0.6965356469154358,1.0,6.8437953082423064e-09,5.997140561930792e-08,1.1982710645952466e-07,1.0,0.548738956451416,0.26834797859191895,82,0.7934216856956482,1.0,1.0,1.0,0.731652021408081,1.0,1.945842953432475e-08,1.0
GCN,996,2058,5,1,3,-3.479954242706299,2.8065080642700195,6.286462306976318,0.8017836213111877,0.05248594656586647,0.0,0.5715876221656799,0.07353469729423523,0.21295945433876468,0,0.0,0.039078855547801813,56,0.47687357664108276,1.0,0.5607730263069565,0.9926144756277696,68.42508697509766,0.9970457902511078,0.5665574669837952,0.9988921713441654,0.5665574669837952,0.9988921713441654,1.0740535572040244e-08,6.057982915308457e-08,1.213515332665338e-07,1.0,0.4768735468387604,0.40523409843444824,51,0.6420801877975464,1.0,1.0,1.0,0.5947659015655518,1.0,0.0,1.0
GCN,996,2059,0,1,6,1.4226055145263672,5.779046535491943,4.356441020965576,0.6708203554153442,0.024539889767766,-0.04891101270914078,0.6663753390312195,0.03618767112493515,0.10837438423645321,0,0.0,0.07466852756454989,107,0.4662642180919647,1.0,0.6461391160898594,0.9948301329394387,79.78807067871094,1.0,0.6622931361198425,1.0,0.6622931361198425,1.0,9.266542200236927e-09,3.1112307397052064e-08,6.260177087824559e-08,1.0,0.4662642478942871,0.3049342632293701,105,0.6266746520996094,1.0,1.0,1.0,0.6950657367706299,1.0,2.2819778067173502e-08,1.0
GCN,996,2071,2,1,8,0.49066364765167236,3.5116348266601562,3.020971179008484,0.6123723983764648,0.02076598070561886,-0.04088319092988968,0.6607142090797424,0.03274647891521454,0.10837438423645321,0,0.0,0.09909281228192603,142,0.4223516285419464,1.0,0.6395178508682994,0.9948301329394387,79.04027557373047,1.0,0.6566376090049744,1.0,0.6566376090049744,1.0,8.394827943902783e-09,8.987805699689488e-08,1.8012768521202815e-07,1.0,0.4223517179489136,0.3103024959564209,139,0.6380304098129272,0.9999999403953552,1.0,0.9999999403953552,0.6896975040435791,1.0,1.5373876394164654e-08,1.0
GCN,996,2072,0,1,3,2.3628480434417725,7.347397804260254,4.9845497608184814,0.8017836213111877,0.03359357640147209,-0.0007220983970910311,0.6971907019615173,0.05304943397641182,0.1816976127320955,0,0.0,0.045359385903698535,65,0.5844324827194214,1.0,0.6719468765846438,0.9988921713441654,83.49279022216797,1.0,0.6930855512619019,1.0,0.6930855512619019,1.0,3.4846900920371127e-09,3.6069969233665233e-09,6.246685391175788e-09,1.0,0.5844325423240662,0.27108442783355713,62,0.8827409744262695,1.0,1.0,1.0,0.7289155721664429,1.0,4.799926567322643e-10,1.0
GCN,996,2075,3,1,8,-3.5243682861328125,2.015645980834961,5.540014266967773,0.6123723983764648,0.019943196326494217,-0.0003307565348222852,0.6762470602989197,0.03295643627643585,0.10837438423645321,0,0.0,0.08583391486392185,123,0.43325144052505493,1.0,0.6544993983878685,0.9951994091580503,80.9333267211914,1.0,0.6722971796989441,1.0,0.6722971796989441,1.0,7.258941003840391e-09,5.990131057842518e-08,1.199995125489295e-07,1.0,0.4332515001296997,0.2925032079219818,119,0.6843313574790955,0.9999999403953552,1.0,0.9999999403953552,0.7074967622756958,1.0,1.1641532182693481e-10,1.0
GCN,996,2082,1,1,2,-1.8938894271850586,4.958014965057373,6.851904392242432,0.8660253286361694,0.09021378308534622,0.0,0.6443931460380554,0.1493266075849533,0.5049261083743842,1,0.0,0.021632937892533146,31,0.5768483281135559,1.0,0.6236895651580049,0.9948301329394387,77.16185760498047,0.9996307237813885,0.637042224407196,1.0,0.637042224407196,1.0,8.172322374377927e-09,5.127562818785236e-09,6.020830056741033e-08,1.0,0.5768483281135559,0.33391284942626953,26,0.9237316250801086,1.0,1.0,1.0,0.6660871505737305,1.0,0.0,1.0
GCN,996,2087,1,1,2,-2.032277822494507,3.8547568321228027,5.88703465461731,0.8660253286361694,0.04726164788007736,0.0,0.6590536832809448,0.07373756170272827,0.21314892004547176,0,0.0,0.03838101884159107,55,0.5957821607589722,1.0000001192092896,0.6367067909287778,0.9948301329394387,78.94367218017578,0.9996307237813885,0.654829204082489,1.0,0.654829204082489,1.0,2.8036521992902408e-09,6.320826528849466e-09,1.0464347610650293e-08,1.0,0.5957822203636169,0.31204989552497864,50,0.8904945254325867,1.0,1.0,1.0,0.6879501342773438,1.0,0.0,1.0000001192092896
GCN,996,2096,1,1,6,-1.4670575857162476,3.25301194190979,4.720069527626038,0.6708203554153442,0.022502277046442032,-0.0010634245118126273,0.6530470848083496,0.03530660644173622,0.10837438423645321,0,0.0,0.0851360781577111,122,0.45822998881340027,1.0,0.6319386134967383,0.9948301329394387,78.1397476196289,0.9996307237813885,0.6489487886428833,1.0,0.6489487886428833,1.0,5.350040854779081e-09,3.041449048168943e-08,1.1993786586117494e-07,1.0,0.45823001861572266,0.3169110119342804,119,0.6539239883422852,1.0,1.0,1.0,0.683089017868042,1.0,0.0,1.0
GCN,996,2105,5,1,2,0.21400701999664307,5.792489528656006,5.578482508659363,0.8660253286361694,0.04772282764315605,-0.004538922570645809,0.6071498990058899,0.08245046436786652,0.22300113679424025,0,0.0,0.041172365666434056,59,0.5482527613639832,1.0,0.5888722990456271,0.9944608567208272,72.70674896240234,0.9977843426883308,0.6027031540870667,0.9996307237813885,0.6027031540870667,0.9996307237813885,5.8161075955354136e-09,5.98877321067448e-08,6.052947298940126e-08,1.0,0.5482528209686279,0.36693209409713745,56,0.8515893816947937,1.0000001192092896,1.0,1.0000001192092896,0.6330679059028625,1.0,9.313225746154785e-10,1.0
GCN,996,2107,1,1,4,-1.1936640739440918,4.412830352783203,5.606494426727295,0.7499998807907104,0.02664438635110855,-0.0005875280476175249,0.6941628456115723,0.03987550735473633,0.10837438423645321,0,0.0,0.0642009769713887,92,0.5445906519889832,1.0000001192092896,0.6693415449813099,0.9985228951255539,83.0739974975586,1.0,0.6898626089096069,1.0,0.6898626089096069,1.0,4.165001232792065e-09,4.685626109335317e-09,8.632852654955059e-09,1.0,0.5445906519889832,0.2738789916038513,88,0.77915358543396,1.0,1.0,1.0,0.7261210083961487,1.0,0.0,1.0000001192092896
GCN,996,2113,2,1,6,-2.6670432090759277,4.017637252807617,6.684680461883545,0.6708203554153442,0.02168797142803669,-0.034608129411935806,0.728707492351532,0.031050126999616623,0.10837438423645321,0,0.0,0.06978367062107467,100,0.510733425617218,1.0,0.7021163699662354,0.9996307237813885,87.19844055175781,1.0,0.7244917154312134,1.0,0.7244917154312134,1.0,6.401784435894342e-09,5.996552943088318e-08,1.1990172765763418e-07,1.0,0.5107334852218628,0.23864345252513885,96,0.6998482942581177,0.9999999403953552,1.0,0.9999999403953552,0.7613565325737,1.0,2.852175384759903e-08,1.0
GCN,996,2120,4,1,5,-2.402872085571289,3.9625420570373535,6.365414142608643,0.7071066498756409,0.03176762908697128,0.0,0.6574836373329163,0.057586174458265305,0.19552860932171276,0,0.0,0.06699232379623168,96,0.4858294725418091,1.0,0.6363147553877075,0.9948301329394387,78.80960083007812,0.9996307237813885,0.6534369587898254,1.0,0.6534369587898254,1.0,7.580416294672432e-09,7.406796065367871e-09,1.5242305195783956e-08,1.0,0.4858294427394867,0.3129332661628723,91,0.8427587747573853,0.9999999403953552,1.0,0.9999999403953552,0.6870667338371277,1.0,0.0,1.0
GCN,996,2122,4,1,10,-4.363761901855469,0.2917897701263428,4.6555516719818115,0.5669466257095337,0.01523348968476057,-0.05392274633049965,0.6763394474983215,0.2235894352197647,0.7383478590375142,1,0.0,0.12630844382414516,181,0.4004635512828827,1.0,0.6546144312685955,0.9951994091580503,80.9486312866211,1.0,0.6725426316261292,1.0,0.6725426316261292,1.0,7.065940277328764e-09,5.99175962179288e-08,1.2017950723475224e-07,1.0,0.4004635512828827,0.2936485707759857,178,0.5070580244064331,0.9999999403953552,1.0,0.9999999403953552,0.7063513994216919,1.0,1.921417158712302e-08,1.0
GCN,996,2130,4,0,12,-5.077147960662842,-1.2484245300292969,3.828723430633545,0.5303300619125366,0.021718844771385193,0.0,0.620857298374176,0.02898317389190197,0.10837438423645321,0,0.0,0.0928122819260293,133,0.3441290557384491,1.0,0.6038178856714812,0.9944608567208272,74.27024841308594,0.9992614475627769,0.6168307662010193,0.9996307237813885,0.6168307662010193,0.9996307237813885,2.4598643122430985e-08,2.492810580179139e-08,9.384768162590262e-08,1.0,0.3441290557384491,0.3511040210723877,128,0.4393870234489441,1.0,1.0,1.0,0.6488959789276123,1.0,0.0,1.0
GCN,996,2131,0,1,3,1.8968396186828613,6.741721153259277,4.844881534576416,0.8017836213111877,0.034073006361722946,-0.005518906284123659,0.6934231519699097,0.05937013775110245,0.19950738916256158,0,0.0,0.046057222609909285,66,0.5810605883598328,1.0,0.6674946446507537,0.9977843426883308,82.99285125732422,1.0,0.6888708472251892,1.0,0.6888708472251892,1.0,3.725290298461914e-09,5.972140115773072e-08,1.1938337252104247e-07,1.0,0.5810606479644775,0.27528995275497437,63,0.8642656803131104,1.0,1.0,1.0,0.7247100472450256,1.0,1.1641532182693481e-10,1.0
GCN,996,2139,3,1,4,-5.802873134613037,0.23405146598815918,6.036924600601196,0.7499998807907104,0.0377153716981411,0.0,0.6683136224746704,0.06196628138422966,0.20291777188328913,0,0.0,0.0418702023726448,60,0.5235266089439392,1.0,0.6486349609486447,0.9948301329394387,80.09132385253906,1.0,0.6644287109375,1.0,0.6644287109375,1.0,9.25483512048686e-09,3.1452827897737734e-08,6.263249474613986e-08,1.0,0.523526668548584,0.30196434259414673,55,0.8235284090042114,0.9999999403953552,1.0,0.9999999403953552,0.6980356574058533,1.0,0.0,1.0
GCN,996,2141,3,0,4,-6.660029411315918,-0.26552486419677734,6.394504547119141,0.7499998807907104,0.04076368361711502,0.0,0.6331252455711365,0.06960523128509521,0.21030693444486548,0,0.0,0.046057222609909285,66,0.4955355226993561,1.0,0.6156327668295506,0.9944608567208272,75.78048706054688,0.9992614475627769,0.6289123892784119,1.0,0.6289123892784119,1.0,1.0495472047011845e-08,9.080395102500916e-09,1.832387219735665e-08,1.0,0.4955355226993561,0.33928588032722473,61,0.8108103275299072,1.0,1.0,1.0,0.6607141494750977,1.0,0.0,1.0
GCN,996,2153,4,1,3,0.29518628120422363,5.696463108062744,5.4012768268585205,0.8017836213111877,0.034706272184848785,0.0,0.7333764433860779,0.05079320818185806,0.16331943918150815,0,0.0,0.03698534542916958,53,0.6148321032524109,1.0,0.7057683424733172,0.9996307237813885,87.76920318603516,1.0,0.7291587591171265,1.0,0.7291587591171265,1.0,4.032745248849778e-09,3.8680729730344865e-09,6.3145693118826784e-09,1.0,0.6148321032524109,0.2331695407629013,48,0.8605613708496094,1.0,1.0,1.0,0.7668304443359375,1.0,0.0,1.0
GCN,996,2156,0,1,4,0.7043172121047974,4.807732105255127,4.10341489315033,0.7499998807907104,0.028042687103152275,0.0,0.6916533708572388,0.043928731232881546,0.11405835543766578,0,0.0,0.05931612002791347,85,0.5425556898117065,1.0,0.6673273944927105,0.9977843426883308,82.76228332519531,1.0,0.6876645088195801,1.0,0.6876645088195801,1.0,5.825421034444389e-09,5.989723916854928e-08,1.1971532387633488e-07,1.0,0.5425557494163513,0.2765922546386719,80,0.8126035928726196,0.9999998807907104,1.0,0.9999998807907104,0.7234077453613281,1.0,0.0,1.0
GCN,996,2157,6,1,5,-2.3639585971832275,0.9280180931091309,3.2919766902923584,0.7071066498756409,0.02939080074429512,-0.00047640205593779683,0.6241446137428284,0.04505806416273117,0.11860553239863585,0,0.0,0.06838799720865317,98,0.46123403310775757,1.0,0.6080089075242232,0.9944608567208272,74.90924835205078,0.9992614475627769,0.6204145550727844,0.9996307237813885,0.6204145550727844,0.9996307237813885,7.031331072937519e-09,7.366431908906179e-09,1.599569898758091e-08,1.0,0.46123403310775757,0.34771642088890076,94,0.6765987873077393,1.0,1.0,1.0,0.6522835493087769,1.0,0.0,1.0
GCN,996,2158,6,1,1,-1.8567159175872803,2.6201090812683105,4.476824998855591,0.9486831426620483,0.07506507635116577,0.0,0.5517304539680481,0.13614150881767273,0.43709738537324744,1,0.0,0.02930914166085136,42,0.5425822734832764,1.0,0.5398985419505046,0.9889217134416544,67.35791015625,0.9966765140324964,0.5474606156349182,0.9988921713441654,0.5474606156349182,0.9988921713441654,9.856191418577964e-09,9.913774690062382e-09,1.8284321612327403e-08,1.0,0.5425822734832764,0.42806798219680786,37,0.9492940902709961,0.9999999403953552,1.0,0.9999999403953552,0.5719320178031921,1.0,0.0,1.0
GCN,996,2160,6,1,8,-2.54763126373291,0.3621861934661865,2.9098174571990967,0.6123723983764648,0.02421741746366024,-0.09235430508852005,0.6407374143600464,0.03343784809112549,0.10837438423645321,0,0.0,0.08304256803907886,119,0.40786534547805786,1.0,0.620598937809853,0.9944608567208272,76.74584197998047,0.9996307237813885,0.636580765247345,1.0,0.636580765247345,1.0,8.420618868854035e-09,6.068935221037464e-08,1.2245185132542247e-07,1.0,0.40786540508270264,0.33395856618881226,115,0.5417590141296387,1.0,1.0,1.0,0.6660414338111877,1.0,1.30385160446167e-08,1.0
GCN,996,2164,6,1,3,-2.7395718097686768,1.0383224487304688,3.7778942584991455,0.8017836213111877,0.03696797415614128,0.0,0.6418853402137756,0.056261900812387466,0.19306555513452064,0,0.0,0.04884856943475227,70,0.5376770496368408,1.0000001192092896,0.6219093677474613,0.9944608567208272,76.96009826660156,0.9996307237813885,0.6379755139350891,1.0,0.6379755139350891,1.0,5.7410578513383825e-09,5.990493434637756e-08,6.0635194643055e-08,1.0,0.5376771092414856,0.3293987512588501,65,0.7832553386688232,0.9999999403953552,1.0,0.9999999403953552,0.6706012487411499,1.0,0.0,1.0000001192092896
GCN,996,2165,6,1,3,-1.1078503131866455,3.682805299758911,4.790655612945557,0.8017836213111877,0.030789891257882118,0.0,0.7040066123008728,0.04720000922679901,0.1330049261083744,0,0.0,0.05024424284717376,72,0.590360164642334,1.0,0.6780753253726286,0.9992614475627769,84.23890686035156,1.0,0.6995564699172974,1.0,0.6995564699172974,1.0,3.811601700931533e-09,3.818706684199924e-09,6.456401191456962e-09,1.0,0.590360164642334,0.2636914551258087,67,0.8653022050857544,1.0000001192092896,1.0,1.0000001192092896,0.7363085746765137,1.0,0.0,1.0
GCN,996,2166,5,1,2,-3.057399272918701,1.9916937351226807,5.049093008041382,0.8660253286361694,0.08365887403488159,0.0,0.6291208863258362,0.14740429818630219,0.4971580143993937,1,0.0,0.034193998604326585,49,0.5639152526855469,1.0,0.6109309993700494,0.9944608567208272,75.39860534667969,0.9992614475627769,0.6244133114814758,1.0,0.6244133114814758,1.0,1.862645149230957e-09,2.043080593594482e-09,3.629421430062507e-09,1.0,0.5639152526855469,0.3488466739654541,44,0.959981381893158,1.0,1.0,1.0,0.6511533260345459,1.0,0.0,1.0
GCN,996,2172,0,1,5,2.9952683448791504,7.746633052825928,4.751364707946777,0.7071066498756409,0.03074590116739273,-0.00020971753110643476,0.7096049785614014,0.0450965091586113,0.11860553239863585,0,0.0,0.05373342637822749,77,0.5245771408081055,1.0,0.6811284324250078,0.9996307237813885,84.90989685058594,1.0,0.7049519419670105,1.0,0.7049519419670105,1.0,6.2475016271434924e-09,6.1159606268290645e-09,6.07345214120869e-08,1.0,0.5245771408081055,0.25813573598861694,73,0.7359651327133179,0.9999999403953552,1.0,0.9999999403953552,0.7418642640113831,1.0,1.1641532182693481e-10,1.0
GCN,996,2177,3,1,4,0.6257171034812927,4.071161270141602,3.445444166660309,0.7499998807907104,0.060897283256053925,0.0,0.6626194715499878,0.11562666296958923,0.38992042440318303,1,0.0,0.05443126308443824,78,0.5166188478469849,1.0,0.6367572468546316,0.9948301329394387,78.83245086669922,0.9996307237813885,0.6553043723106384,1.0,0.6553043723106384,1.0,8.33000246558413e-09,8.346256130664642e-09,1.616445821639445e-08,1.0,0.5166188478469849,0.3111747205257416,73,0.9435946941375732,1.0,1.0,1.0,0.688825249671936,1.0,0.0,1.0
GCN,996,2181,0,1,8,4.013051986694336,7.556270122528076,3.5432181358337402,0.6123723983764648,0.027886126190423965,-0.0003536056901793927,0.6971312761306763,0.02149634063243866,0.10837438423645321,0,0.0,0.07606420097697139,109,0.44619202613830566,1.0,0.6701297715466727,0.9985228951255539,83.3832778930664,1.0,0.6922907829284668,1.0,0.6922907829284668,1.0,1.1978904979059735e-08,3.215929922362193e-08,6.54961098689455e-08,1.0,0.4461919963359833,0.271371454000473,105,0.3290838301181793,1.0,1.0,1.0,0.7286285161972046,1.0,4.656612873077393e-10,1.0
GCN,996,2189,0,1,6,1.0210158824920654,4.836707592010498,3.8156917095184326,0.6708203554153442,0.02135578542947769,-0.0011345803504809737,0.6965550184249878,0.0301230289041996,0.10837438423645321,0,0.0,0.0732728541521284,105,0.48889461159706116,1.0,0.6713370231962971,0.9988921713441654,83.37681579589844,1.0,0.6924794316291809,1.0,0.6924794316291809,1.0,9.88913750887832e-09,7.819783043316875e-09,1.5983605550218272e-08,1.0,0.48889464139938354,0.2711988687515259,102,0.6252293586730957,1.0,1.0,1.0,0.7288011312484741,1.0,2.3283064365386963e-10,1.0
GCN,996,2195,0,1,4,-0.7268112897872925,3.1319196224212646,3.858730912208557,0.7499998807907104,0.03672810643911362,-0.0003529390669427812,0.6215255856513977,0.05381046608090401,0.18226600985221675,0,0.0,0.052337752965806,75,0.48672768473625183,1.0,0.603633140801353,0.9944608567208272,74.38343048095703,0.9992614475627769,0.6176040768623352,0.9996307237813885,0.6176040768623352,0.9996307237813885,7.2738619572021435e-09,3.0161231734382454e-08,6.036059829739315e-08,1.0,0.48672765493392944,0.3510296940803528,71,0.6829491853713989,1.0,1.0,1.0,0.6489703059196472,1.0,0.0,1.0
GCN,996,2198,0,1,5,2.388951301574707,7.055672645568848,4.666721343994141,0.7071066498756409,0.023195471614599228,-0.02964271791279316,0.713402509689331,0.03556094318628311,0.10837438423645321,0,0.0,0.06908583391486392,99,0.5271055698394775,1.0,0.6882782779070868,0.9996307237813885,85.38590240478516,1.0,0.7094895839691162,1.0,0.7094895839691162,1.0,7.225256837273264e-09,6.208332070656297e-09,1.1798431565068768e-08,1.0,0.5271055698394775,0.2545599937438965,97,0.7733739614486694,1.0,1.0,1.0,0.7454400062561035,1.0,1.5156362831447723e-09,1.0
GCN,996,2212,3,1,4,-2.5124828815460205,4.140716552734375,6.6531994342803955,0.7499998807907104,0.032489582896232605,-0.0004466187674552202,0.652293860912323,0.05175642669200897,0.1724137931034483,0,0.0,0.056524773203070484,81,0.5112836956977844,1.0,0.6307204007821404,0.9948301329394387,78.0335464477539,0.9996307237813885,0.6481156945228577,1.0,0.6481156945228577,1.0,6.035659971814766e-09,6.12924200282805e-09,1.1996234228206504e-08,1.0,0.5112836956977844,0.31828832626342773,77,0.7793357372283936,1.0,1.0,1.0,0.6817116737365723,1.0,2.3283064365386963e-10,1.0
GCN,996,2215,3,1,4,-2.6211485862731934,4.668027400970459,7.289175987243652,0.7499998807907104,0.031249022111296654,-0.000463793461676687,0.6713430881500244,0.0500589944422245,0.15687760515346721,0,0.0,0.055826936496859735,80,0.526362955570221,1.0000001192092896,0.6493217230521907,0.9948301329394387,80.30718231201172,1.0,0.6676769256591797,1.0,0.6676769256591797,1.0,6.035659971814766e-09,5.988456308614332e-08,1.19719260283091e-07,1.0,0.5263630747795105,0.29818251729011536,76,0.8065873384475708,1.0,1.0,1.0,0.701817512512207,1.0,0.0,1.0000001192092896
GCN,996,2218,1,1,2,-1.0904738903045654,4.487504959106445,5.577978849411011,0.8660253286361694,0.10057755559682846,0.0,0.5440669059753418,0.19697073101997375,0.6663508904888216,1,0.0,0.027913468248429867,40,0.4821544289588928,1.0,0.5257540725553902,0.9863367799113737,64.73636627197266,0.9933530280649926,0.5346575975418091,0.9988921713441654,0.5346575975418091,0.9988921713441654,1.0030650976489142e-08,9.91650850323822e-09,2.055833192571299e-08,1.0,0.4821544289588928,0.4432559609413147,35,0.922748863697052,1.0,1.0,1.0,0.5567440390586853,1.0,0.0,1.0
GCN,996,2224,4,1,8,-2.9839725494384766,2.125283718109131,5.109256267547607,0.6123723983764648,0.01864817552268505,-0.12247271835803986,0.6798023581504822,0.25581905245780945,0.8056081849185297,1,0.0,0.08932309839497557,128,0.43321874737739563,1.0,0.6583711539844751,0.9955686853766618,81.37567138671875,1.0,0.6758143901824951,1.0,0.6758143901824951,1.0,8.15904499518183e-09,3.096385015055603e-08,6.267492125289209e-08,1.0,0.433218777179718,0.29255664348602295,125,0.4852263331413269,1.0,1.0,1.0,0.707443356513977,1.0,2.4308233204095586e-09,1.0
GCN,996,2228,6,1,6,-1.533534049987793,2.138031244277954,3.671565294265747,0.6708203554153442,0.02134540118277073,0.0,0.7055608630180359,0.028324538841843605,0.10837438423645321,0,0.0,0.0718771807397069,103,0.49525490403175354,1.0,0.6810777192615053,0.9996307237813885,84.47515869140625,1.0,0.7017523050308228,1.0,0.7017523050308228,1.0,5.164433325433038e-09,3.0354723179470966e-08,6.07297963028941e-08,1.0,0.4952549338340759,0.2617174983024597,98,0.6280572414398193,1.0,1.0,1.0,0.7382825016975403,1.0,0.0,1.0
GCN,996,2229,3,1,3,-2.7659823894500732,3.7600650787353516,6.526047468185425,0.8017836213111877,0.04354128986597061,0.0,0.6025219559669495,0.06926332414150238,0.20954907161803712,0,0.0,0.04815073272854152,69,0.503951907157898,1.0,0.5872714308217901,0.9940915805022157,72.22584533691406,0.9977843426883308,0.5985392928123474,0.9996307237813885,0.5985392928123474,0.9996307237813885,3.2261959770352178e-09,4.490674943014028e-09,8.911681170786778e-09,1.0,0.5039518475532532,0.37146151065826416,64,0.7684792280197144,1.0,1.0,1.0,0.6285384893417358,1.0,0.0,1.0
GCN,996,2231,0,1,2,-1.9372667074203491,5.413848876953125,7.351115584373474,0.8660253286361694,0.04434539005160332,-0.00032821137574501336,0.6237822771072388,0.06930402666330338,0.20954907161803712,0,0.0,0.04256803907885555,61,0.5639152526855469,1.0,0.606885937318155,0.9944608567208272,74.89303588867188,0.9992614475627769,0.6200214624404907,0.9996307237813885,0.6200214624404907,0.9996307237813885,6.089311277435172e-09,6.12924200282805e-09,1.0871215927465983e-08,1.0,0.5639152526855469,0.3488466739654541,57,0.8442549705505371,0.9999999403953552,1.0,0.9999999403953552,0.6511533260345459,1.0,0.0,1.0
GCN,996,2232,0,1,3,2.2962043285369873,7.381694793701172,5.085490465164185,0.8017836213111877,0.03898737207055092,-0.0002694112481549382,0.6644518971443176,0.06273855268955231,0.20367563471011746,0,0.0,0.04256803907885555,61,0.5565142035484314,1.0,0.63917372465485,0.9948301329394387,79.5200424194336,1.0,0.6602847576141357,1.0,0.6602847576141357,1.0,5.963374238859842e-09,6.269156749283411e-09,1.1275131051036169e-08,1.0,0.5565142035484314,0.30590471625328064,57,0.8572970032691956,1.0,1.0,1.0,0.694095253944397,1.0,1.1641532182693481e-10,1.0
GCN,996,2235,5,1,3,-4.875666618347168,1.8653583526611328,6.741024971008301,0.8017836213111877,0.04306357726454735,-0.15645255148410797,0.6139841675758362,0.30818259716033936,0.8870784388025768,1,0.0,0.04675505931612003,67,0.506652295589447,1.0000001192092896,0.5872537705652394,0.9940915805022157,73.48064422607422,0.9985228951255539,0.6093563437461853,0.9996307237813885,0.6093563437461853,0.9996307237813885,8.011539875951712e-09,3.064709375166785e-08,6.125079465846284e-08,1.0,0.5066523551940918,0.36809343099594116,64,0.7160329818725586,0.9999999403953552,1.0,0.9999999403953552,0.6319065690040588,1.0,6.51925802230835e-09,1.0000001192092896
GCN,996,2249,4,1,6,-4.205648422241211,2.1170060634613037,6.322654485702515,0.6708203554153442,0.019440261647105217,0.0,0.7410994172096252,0.029128093272447586,0.10837438423645321,0,0.0,0.0718771807397069,103,0.5203320384025574,1.0,0.7148822711508762,1.0,88.71916961669922,1.0,0.7372403740882874,1.0,0.7372403740882874,1.0,5.015325488244571e-09,3.027604122962657e-08,6.048015421811215e-08,1.0,0.5203320384025574,0.2243346869945526,98,0.7448909282684326,1.0,1.0,1.0,0.775665283203125,1.0,0.0,1.0
GCN,996,2264,4,1,1,-0.07934880256652832,5.981610298156738,6.060959100723267,0.9486831426620483,0.07057054340839386,0.0,0.5273034572601318,0.1278984099626541,0.41398256915498294,1,0.0,0.03210048848569435,46,0.5187366008758545,1.0,0.5176035748828502,0.9859675036927622,63.61211395263672,0.9918759231905465,0.5225892663002014,0.9985228951255539,0.5225892663002014,0.9985228951255539,0.0,5.960509952274151e-08,1.1921019904548302e-07,1.0,0.5187365412712097,0.4532034993171692,41,0.9066163301467896,1.0,0.9999999403953552,1.0000001192092896,0.546796441078186,0.9999999403953552,0.0,1.0
GCN,996,2274,0,1,3,-0.7720897197723389,4.06381893157959,4.835908651351929,0.8017836213111877,0.03593374043703079,0.0,0.7020246982574463,0.057608094066381454,0.19552860932171276,0,0.0,0.041172365666434056,59,0.5883733630180359,1.0,0.6764912266003766,0.9992614475627769,83.96700286865234,1.0,0.6976535320281982,1.0,0.6976535320281982,1.0,2.7939677238464355e-09,5.96923470652655e-08,5.980519546255891e-08,1.0,0.5883733034133911,0.2661694288253784,54,0.902382493019104,1.0,1.0,1.0,0.7338305711746216,1.0,0.0,1.0
GCN,996,2279,2,1,3,-4.458579063415527,3.8195207118988037,8.278099775314331,0.8017836213111877,0.0312647819519043,-0.0010649715550243855,0.669358491897583,0.04723161458969116,0.1330049261083744,0,0.0,0.05722260990928123,82,0.5611526370048523,1.0,0.6467055204687625,0.9948301329394387,80.1015396118164,1.0,0.665375828742981,1.0,0.665375828742981,1.0,6.195220336735474e-09,6.217057979540641e-09,1.1092069485130196e-08,1.0,0.5611526370048523,0.30011966824531555,78,0.7846745848655701,1.0,1.0,1.0,0.6998803615570068,1.0,0.0,1.0
GCN,996,2288,5,1,3,-2.2207765579223633,3.7365102767944336,5.957286834716797,0.8017836213111877,0.040046680718660355,0.0,0.6324172616004944,0.059780851006507874,0.19969685486926866,0,0.0,0.04396371249127704,63,0.5294591188430786,1.0,0.614168193932562,0.9944608567208272,75.6766586303711,0.9992614475627769,0.6277860999107361,1.0,0.6277860999107361,1.0,4.6566128730773926e-09,6.12924200282805e-09,1.1597679261399207e-08,1.0,0.5294591188430786,0.3396483361721039,58,0.7569312453269958,1.0,1.0,1.0,0.6603516340255737,1.0,0.0,1.0
GCN,996,2293,0,1,3,-0.6433287858963013,3.9344704151153564,4.577799201011658,0.8017836213111877,0.03955579921603203,0.0,0.6671267151832581,0.05547104775905609,0.19060250094732853,0,0.0,0.03977669225401256,57,0.5587338209152222,1.0,0.6443350290949426,0.9948301329394387,79.82756805419922,1.0,0.6630043387413025,1.0,0.6630043387413025,1.0,6.177695244247161e-09,6.2475016271434924e-09,6.065007340794182e-08,1.0,0.5587338209152222,0.30313640832901,52,0.7501043677330017,1.0,1.0,1.0,0.69686359167099,1.0,0.0,1.0
GCN,996,2297,4,1,3,-3.670686960220337,2.7502646446228027,6.42095160484314,0.8017836213111877,0.05695796385407448,0.0,0.5722532868385315,0.05970877408981323,0.19950738916256158,0,0.0,0.03977669225401256,57,0.47687360644340515,1.0,0.5582761328372204,0.9918759231905465,68.6005630493164,0.9970457902511078,0.5669757723808289,0.9988921713441654,0.5669757723808289,0.9988921713441654,1.2904783908140871e-08,3.158354289212184e-08,6.350990844339321e-08,1.0,0.47687360644340515,0.40523403882980347,52,0.48098236322402954,1.0,1.0,1.0,0.5947659611701965,1.0,0.0,1.0
GCN,996,2299,4,1,2,-2.797102212905884,4.3635334968566895,7.160635709762573,0.8660253286361694,0.04767318069934845,0.0,0.6097943782806396,0.07977907359600067,0.22034861690034105,0,0.0,0.04326587578506629,62,0.5508931875228882,1.0,0.5925400351426403,0.9944608567208272,73.31103515625,0.9985228951255539,0.6056258678436279,0.9996307237813885,0.6056258678436279,0.9996307237813885,7.153624359546029e-09,7.65159580140562e-09,6.121290141436475e-08,1.0,0.5508931875228882,0.3638833165168762,57,0.8837489485740662,1.0,1.0,1.0,0.6361166834831238,1.0,0.0,1.0
GCN,996,2302,3,1,2,-2.360196113586426,5.859368324279785,8.219564437866211,0.8660253286361694,0.03836897388100624,0.0,0.6966637372970581,0.060850102454423904,0.20121258052292534,0,0.0,0.0418702023726448,60,0.6306725740432739,1.0,0.6730237721060828,0.9988921713441654,83.37431335449219,1.0,0.6925084590911865,1.0,0.6925084590911865,1.0,3.9786116623474754e-09,5.97300200411155e-08,5.9918434658357e-08,1.0,0.6306726336479187,0.2717618942260742,55,0.9568302631378174,1.0,1.0,1.0,0.7282381057739258,1.0,0.0,1.0
GCN,996,2310,3,1,2,-0.5373647212982178,3.7154293060302734,4.252794027328491,0.8660253286361694,0.05637802183628082,-0.053963202983140945,0.5999303460121155,0.09555041790008545,0.2847669571807503,0,0.0,0.034891835310537335,50,0.5378130078315735,1.0000001192092896,0.5793910726151142,0.9940915805022157,71.9233169555664,0.9977843426883308,0.59490966796875,0.9996307237813885,0.59490966796875,0.9996307237813885,9.405896506109457e-09,6.046428779882262e-08,1.2069673971382144e-07,1.0,0.537813127040863,0.3789868652820587,46,0.8805503249168396,1.0,1.0,1.0,0.6210131645202637,1.0,2.0954757928848267e-08,1.0000001192092896
GCN,996,2316,3,1,1,-3.240645408630371,2.991602659225464,6.232248067855835,0.9486831426620483,0.08433899283409119,0.0,0.5673407316207886,0.15432630479335785,0.5303145130731337,1,0.0,0.020237264480111653,29,0.5567970275878906,1.0,0.5543682899198028,0.990029542097489,67.86262512207031,0.9966765140324964,0.5613357424736023,0.9988921713441654,0.5613357424736023,0.9988921713441654,1.30385160446167e-08,1.3220188499474261e-08,6.416746600734768e-08,1.0,0.5567970871925354,0.4130842685699463,24,0.9848650693893433,1.0,1.0,1.0,0.5869157314300537,1.0,0.0,1.0
GCN,996,2318,1,1,2,-0.82438063621521,5.993925094604492,6.818305730819702,0.8660253286361694,0.04087688401341438,0.0,0.643297016620636,0.06312789022922516,0.2046229632436529,0,0.0,0.04326587578506629,62,0.5819693803787231,1.0,0.6233094717327239,0.9944608567208272,77.0782699584961,0.9996307237813885,0.6389715671539307,1.0,0.6389715671539307,1.0,6.107090388951519e-09,5.995287466475929e-08,6.06345409437381e-08,1.0,0.5819693803787231,0.3279995620250702,57,0.8603706955909729,0.9999999403953552,1.0,0.9999999403953552,0.6720004081726074,1.0,0.0,1.0
GCN,996,2320,3,1,2,-0.732628583908081,5.911132335662842,6.643760919570923,0.8660253286361694,0.0470731146633625,0.0,0.6580640077590942,0.07686232030391693,0.21674876847290642,0,0.0,0.03698534542916958,53,0.5948978066444397,1.0,0.6375697948545934,0.9948301329394387,78.89787292480469,0.9996307237813885,0.6533907651901245,1.0,0.6533907651901245,1.0,6.107090388951519e-09,5.981527717580093e-09,1.0085634549739098e-08,1.0,0.5948978066444397,0.3130711317062378,48,0.9305490255355835,1.0,1.0,1.0,0.6869288682937622,1.0,0.0,1.0
GCN,996,2321,0,1,2,1.2004234790802002,6.746740341186523,5.546316862106323,0.8660253286361694,0.04849979281425476,-0.0006702980608679354,0.6339133977890015,0.07933320105075836,0.22034861690034105,0,0.0,0.03768318213538032,54,0.5727478265762329,1.0,0.6130632146566128,0.9944608567208272,75.89459991455078,0.9992614475627769,0.6293364763259888,1.0,0.6293364763259888,1.0,7.508562660518692e-09,7.608968566330532e-09,1.3257746012129701e-08,1.0,0.5727478265762329,0.3386476933956146,50,0.8979986310005188,1.0000001192092896,1.0,1.0000001192092896,0.661352276802063,1.0,0.0,1.0
GCN,996,2330,0,1,3,0.8103837370872498,6.675840377807617,5.865456640720367,0.8017836213111877,0.034849558025598526,-0.0009261452360078692,0.649394154548645,0.0555017814040184,0.19060250094732853,0,0.0,0.051639916259595256,74,0.5441189408302307,1.0,0.6272837399940859,0.9948301329394387,77.79513549804688,0.9996307237813885,0.6449722647666931,1.0,0.6449722647666931,1.0,5.8161075955354136e-09,5.986147755265847e-08,6.046397516001889e-08,1.0,0.5441188812255859,0.3213644027709961,70,0.8076953887939453,1.0,1.0,1.0,0.6786355972290039,1.0,4.656612873077393e-10,1.0
GCN,996,2331,1,1,2,-1.6176214218139648,4.575960159301758,6.193581581115723,0.8660253286361694,0.055538635700941086,0.0,0.6333096027374268,0.09489947557449341,0.27453580901856767,0,0.0,0.03279832519190509,47,0.5715295672416687,1.0,0.6122004954198673,0.9944608567208272,75.83101654052734,0.9992614475627769,0.6284917593002319,1.0,0.6284917593002319,1.0,6.969380184074225e-09,7.229007170650448e-09,1.275909689013588e-08,1.0,0.5715296268463135,0.34005439281463623,42,0.9371631741523743,1.0,1.0,1.0,0.6599456071853638,1.0,0.0,1.0
GCN,996,2337,4,1,1,-3.963991165161133,3.8331480026245117,7.7971391677856445,0.9486831426620483,0.08601745963096619,-0.003940408118069172,0.5438053011894226,0.14521056413650513,0.4838954149298977,1,0.0,0.0209351011863224,30,0.5324554443359375,1.0,0.5287336611646961,0.9870753323485968,64.92542266845703,0.9937223042836041,0.5359842777252197,0.9988921713441654,0.5359842777252197,0.9988921713441654,6.4523919540704355e-09,7.512171329437933e-09,1.4123977543079036e-08,1.0,0.5324554443359375,0.43874257802963257,26,0.8395986557006836,1.0,1.0,1.0,0.5612574219703674,1.0,9.313225746154785e-10,1.0
GCN,996,2341,4,1,1,-3.5713582038879395,2.7620372772216797,6.333395481109619,0.9486831426620483,0.14220845699310303,0.0,0.49128997325897217,0.2517429292201996,0.8003031451307313,1,0.0,0.015352407536636426,22,0.4649110734462738,1.0,0.48118369091531504,0.9763663220088626,57.902740478515625,0.9793205317577548,0.4789063632488251,0.9981536189069424,0.4789063632488251,0.9981536189069424,0.0,5.703162941905759e-10,1.1406325883811519e-09,1.0,0.4649110734462738,0.5099406242370605,17,0.8250702023506165,1.0,1.0,1.0,0.49005937576293945,1.0,0.0,1.0
GCN,996,2342,0,1,1,1.0662529468536377,5.98653507232666,4.9202821254730225,0.9486831426620483,0.07826709002256393,-0.0013790845405310392,0.5086487531661987,0.14653648436069489,0.49374763167866614,1,0.0,0.028611304954640614,41,0.49863386154174805,1.0,0.5018076704474418,0.9844903988183161,61.21101379394531,0.9874446085672083,0.5034716725349426,0.9985228951255539,0.5034716725349426,0.9985228951255539,1.580506747700383e-08,1.5890584847966238e-08,3.186730879178867e-08,1.0,0.49863386154174805,0.47439366579055786,38,0.9034531116485596,1.0,1.0,1.0,0.5256063342094421,1.0,0.0,1.0
GCN,996,2346,3,1,3,-2.8901352882385254,5.052557468414307,7.942692756652832,0.8017836213111877,0.035053856670856476,0.0,0.6932651996612549,0.053609490394592285,0.18226600985221675,0,0.0,0.04326587578506629,62,0.5810605883598328,1.0,0.6694204383408897,0.9985228951255539,82.97686004638672,1.0,0.689272940158844,1.0,0.689272940158844,1.0,4.702948253054728e-09,5.98211684632588e-08,1.1953500234085368e-07,1.0,0.5810606479644775,0.27528995275497437,57,0.8500851392745972,1.0,1.0,1.0,0.7247100472450256,1.0,0.0,1.0
GCN,996,2347,0,1,3,0.953441321849823,7.214366436004639,6.260925114154816,0.8017836213111877,0.033701181411743164,0.0,0.7036423087120056,0.04408938065171242,0.11405835543766578,0,0.0,0.0418702023726448,60,0.5898791551589966,1.0,0.6790156496882196,0.9992614475627769,84.2074203491211,1.0,0.6991562843322754,1.0,0.6991562843322754,1.0,4.6566128730773926e-09,4.44212577832559e-09,6.008322372963448e-08,1.0,0.5898792147636414,0.26429131627082825,55,0.7380706071853638,0.9999999403953552,1.0,0.9999999403953552,0.7357087135314941,1.0,0.0,1.0
GCN,996,2353,4,1,3,-2.5721240043640137,4.226339340209961,6.798463344573975,0.8017836213111877,0.03555407375097275,-0.0007086742552928627,0.6563786864280701,0.05619491636753082,0.19306555513452064,0,0.0,0.04954640614096301,71,0.5499556064605713,1.0,0.6376149943362579,0.9948301329394387,78.805908203125,0.9996307237813885,0.6525061130523682,1.0,0.6525061130523682,1.0,3.5463707526162125e-09,3.5463707526162125e-09,6.523163786908981e-09,1.0,0.5499556064605713,0.3140847682952881,67,0.8318006992340088,1.0,1.0,1.0,0.6859152317047119,1.0,2.3283064365386963e-10,1.0
GCN,996,2359,2,0,11,-5.396026611328125,-1.601491928100586,3.794534683227539,0.5477225184440613,0.024233289062976837,-0.0001664896117290482,0.6834263205528259,0.04684458673000336,0.1328154604016673,0,0.0,0.09979064898813678,143,0.3912603557109833,1.0,0.6602906536093641,0.9955686853766618,81.68030548095703,1.0,0.6789515614509583,1.0,0.6789515614509583,1.0,1.1425320245450621e-08,3.203262366469062e-08,6.671876917607733e-08,1.0,0.3912603557109833,0.2856595516204834,139,0.7236013412475586,1.0,1.0,1.0,0.7143404483795166,1.0,1.1641532182693481e-10,1.0
GCN,996,2365,2,0,7,-6.140664577484131,-1.5757577419281006,4.56490683555603,0.6396021246910095,0.03492196276783943,-0.0005242491606622934,0.6672579050064087,0.05126389488577843,0.16331943918150815,0,0.0,0.06769016050244243,97,0.44550880789756775,1.0,0.6454083341508433,0.9948301329394387,79.72721099853516,1.0,0.6619114279747009,1.0,0.6619114279747009,1.0,1.1243574959962643e-08,1.1158880930395298e-08,2.5010390203306088e-08,1.0,0.44550880789756775,0.3034594655036926,93,0.6264934539794922,1.0,1.0,1.0,0.6965405344963074,1.0,2.3283064365386963e-10,1.0
GCN,996,2368,3,1,2,-0.5667123794555664,5.220407009124756,5.787119388580322,0.8660253286361694,0.05734952166676521,0.0,0.6372748017311096,0.09970360994338989,0.31110269041303523,0,0.0,0.03210048848569435,46,0.5749499201774597,1.0,0.6189914367188222,0.9944608567208272,76.36724090576172,0.9992614475627769,0.6321536302566528,1.0,0.6321536302566528,1.0,1.2372927571391301e-08,1.2418847283868217e-08,6.340132330251436e-08,1.0,0.5749499201774597,0.3361049294471741,41,0.9594854116439819,1.0,1.0,1.0,0.6638950705528259,1.0,0.0,1.0
GCN,996,2383,4,0,10,-5.575708866119385,-1.2159714698791504,4.359737396240234,0.5669466257095337,0.02022653818130493,-0.0004879484768025577,0.6690860390663147,0.02197602018713951,0.10837438423645321,0,0.0,0.09630146545708304,138,0.39675718545913696,1.0,0.6490682269060905,0.9948301329394387,80.07601165771484,1.0,0.6651590466499329,1.0,0.6651590466499329,1.0,1.4584939478368142e-08,3.31479199644491e-08,6.998448043304961e-08,1.0,0.39675718545913696,0.3001859784126282,135,0.41214650869369507,0.9999998807907104,1.0,0.9999998807907104,0.6998140215873718,1.0,1.1641532182693481e-10,1.0
GCN,996,2384,0,1,1,0.8450089693069458,6.639052867889404,5.7940438985824585,0.9486831426620483,0.0686800554394722,-0.00037597198388539255,0.5847883820533752,0.12106055021286011,0.3984463812050019,1,0.0,0.0314026517794836,45,0.5766018629074097,1.0,0.5659790006152354,0.9937223042836041,69.73434448242188,0.9974150664697193,0.5785089731216431,0.9996307237813885,0.5785089731216431,0.9996307237813885,0.0,1.066964072649057e-09,5.963737947922709e-08,1.0,0.5766018033027649,0.3922082185745239,41,0.9778942465782166,1.0000001192092896,1.0,1.0000001192092896,0.6077917814254761,1.0,2.3283064365386963e-10,1.0
GCN,996,2389,2,1,2,-3.474400043487549,3.547452211380005,7.021852254867554,0.8660253286361694,0.04658159986138344,-0.001549370470456779,0.6712676286697388,0.07440014183521271,0.21314892004547176,0,0.0,0.03210048848569435,46,0.6068811416625977,1.0000001192092896,0.6502204878686629,0.9948301329394387,80.4622573852539,1.0,0.6665632128715515,1.0,0.6665632128715515,1.0,2.2812651767623038e-09,2.8705289256691913e-09,5.979668316058451e-08,1.0,0.6068812012672424,0.29923391342163086,42,0.9069632887840271,1.0,1.0,1.0,0.7007660865783691,1.0,9.313225746154785e-10,1.0000001192092896
GCN,996,2392,2,1,3,-3.5643091201782227,2.9442670345306396,6.508576154708862,0.8017836213111877,0.03611104562878609,-0.0012092475080862641,0.6653465628623962,0.05572698265314102,0.19268662372110648,0,0.0,0.04326587578506629,62,0.5574454665184021,1.0,0.6452306478466389,0.9948301329394387,79.73237609863281,1.0,0.6611539125442505,1.0,0.6611539125442505,1.0,3.754281330259346e-09,5.97064229168609e-08,5.993602769649442e-08,1.0,0.5574454665184021,0.30474328994750977,58,0.7984821796417236,1.0,1.0,1.0,0.6952567100524902,1.0,9.313225746154785e-10,1.0
GCN,996,2411,3,1,1,-2.330648183822632,4.795312404632568,7.1259605884552,0.9486831426620483,0.0862840935587883,0.0,0.4766210913658142,0.16812241077423096,0.5744600227358848,1,0.0,0.027913468248429867,40,0.46491098403930664,1.0,0.4689189606379902,0.9675036927621861,57.411048889160156,0.9778434268833087,0.46978992223739624,0.9981536189069424,0.46978992223739624,0.9981536189069424,1.3170890156288806e-08,1.3216087779710506e-08,2.8413989383579974e-08,1.0,0.46491095423698425,0.5099407434463501,35,0.8810270428657532,1.0,1.0,1.0,0.4900592565536499,1.0,0.0,1.0
GCN,996,2425,3,1,5,0.5436559915542603,4.885833263397217,4.3421772718429565,0.7071066498756409,0.03545233607292175,0.0,0.6333600282669067,0.039596911519765854,0.10837438423645321,0,0.0,0.055826936496859735,80,0.4676283001899719,1.0,0.6140728112439754,0.9944608567208272,75.85396575927734,0.9992614475627769,0.6291255950927734,1.0,0.6291255950927734,1.0,6.124817986119524e-09,5.079765053039864e-09,1.0862826194113495e-08,1.0,0.4676283001899719,0.3386736214160919,75,0.5002095699310303,1.0,1.0,1.0,0.6613264083862305,1.0,0.0,1.0
GCN,996,2427,3,1,3,-1.444221019744873,4.785543441772461,6.229764461517334,0.8017836213111877,0.05776606500148773,-0.0024739415384829044,0.5837082266807556,0.06631530821323395,0.2074649488442592,0,0.0,0.04884856943475227,70,0.4863130748271942,1.0,0.5636335184075817,0.9937223042836041,69.65459442138672,0.9974150664697193,0.5772461891174316,0.9996307237813885,0.5772461891174316,0.9996307237813885,1.5103514883207936e-08,6.148933096028486e-08,1.231894515285603e-07,1.0,0.4863131046295166,0.3934609293937683,67,0.49467942118644714,1.0,1.0,1.0,0.6065390706062317,1.0,9.599853134645286e-10,1.0
GCN,996,2428,5,1,1,-1.349179983139038,4.301292419433594,5.650472402572632,0.9486831426620483,0.15541410446166992,-0.000944672035984695,0.5472789406776428,0.29459744691848755,0.8711633194391815,1,0.0,0.020237264480111653,29,0.5187366604804993,1.0,0.5215651203178835,0.9863367799113737,63.30452346801758,0.9911373707533235,0.5264663696289062,0.9985228951255539,0.5264663696289062,0.9985228951255539,1.2904783908140871e-08,3.2494682500328054e-08,6.462312995836328e-08,1.0,0.5187366008758545,0.4532034993171692,25,0.984166145324707,1.0,1.0,1.0,0.5467965006828308,1.0,4.656612873077393e-10,1.0
GCN,996,2431,4,1,1,-3.3397815227508545,2.7422266006469727,6.082008123397827,0.9486831426620483,0.11249000579118729,0.0,0.4826546311378479,0.23212018609046936,0.7567260325881016,1,0.0,0.021632937892533146,31,0.46491098403930664,1.0,0.4763839731234667,0.973781388478582,59.075279235839844,0.982274741506647,0.4725964069366455,0.9981536189069424,0.4725964069366455,0.9981536189069424,0.0,1.0920725435070722e-09,2.1841450870141443e-09,1.0,0.46491095423698425,0.5099407434463501,26,0.9448363780975342,1.0,1.0,1.0,0.4900592565536499,1.0,0.0,1.0
GCN,996,2433,2,1,1,-0.00735020637512207,5.274262428283691,5.2816126346588135,0.9486831426620483,0.08693026006221771,0.0,0.4767516255378723,0.16698163747787476,0.5702917771883289,1,0.0,0.02721563154221912,39,0.4649110734462738,1.0,0.46789944092500485,0.9675036927621861,57.3177375793457,0.9774741506646972,0.4699570834636688,0.9981536189069424,0.4699570834636688,0.9981536189069424,1.4901161193847656e-08,1.4912071577555253e-08,3.207192733611919e-08,1.0,0.4649110734462738,0.5099406242370605,34,0.868782639503479,0.9999999403953552,1.0,0.9999999403953552,0.49005937576293945,1.0,0.0,1.0
GCN,996,2435,4,1,2,-2.4509615898132324,4.47633171081543,6.927293300628662,0.8660253286361694,0.047886963933706284,0.0,0.6067605018615723,0.07417163252830505,0.21314892004547176,0,0.0,0.039078855547801813,56,0.548109233379364,1.0,0.5900027332404237,0.9944608567208272,72.81177520751953,0.9977843426883308,0.6027976870536804,0.9996307237813885,0.6027976870536804,0.9996307237813885,6.035659971814766e-09,5.981029005397431e-08,6.026400711789393e-08,1.0,0.5481092929840088,0.3670978844165802,51,0.8138951063156128,1.0,1.0,1.0,0.6329021453857422,1.0,0.0,1.0
GCN,996,2438,3,1,2,-2.882260322570801,5.217432022094727,8.099692344665527,0.8660253286361694,0.06340333819389343,-0.002549720462411642,0.5893069505691528,0.1058914065361023,0.3560060629026146,1,0.0,0.02721563154221912,39,0.5302566289901733,1.0,0.5740758757053097,0.9937223042836041,70.76789093017578,0.9974150664697193,0.5840027332305908,0.9996307237813885,0.5840027332305908,0.9996307237813885,6.177695244247161e-09,6.010639452824762e-08,6.139946151506592e-08,1.0,0.5302566885948181,0.3877122402191162,35,0.852355420589447,1.0,1.0,1.0,0.6122877597808838,1.0,9.313225746154785e-10,1.0
GCN,996,2445,2,1,4,-4.126164436340332,3.6622040271759033,7.788368463516235,0.7499998807907104,0.026136137545108795,0.0,0.69218510389328,0.03511735796928406,0.10837438423645321,0,0.0,0.06071179344033496,87,0.5430784225463867,1.0,0.6697369645613337,0.9985228951255539,82.9921875,1.0,0.6885137557983398,1.0,0.6885137557983398,1.0,6.316537071171524e-09,6.401784435894342e-09,6.076454894810013e-08,1.0,0.5430784225463867,0.27589529752731323,82,0.697531521320343,1.0,1.0,1.0,0.7241047024726868,1.0,0.0,1.0
GCN,996,2446,2,1,8,-5.394136428833008,0.3029916286468506,5.697128057479858,0.6123723983764648,0.021225396543741226,-0.05232734978199005,0.66830974817276,0.22412146627902985,0.7444107616521409,1,0.0,0.09141660851360782,131,0.42693179845809937,1.0,0.6473631173601344,0.9948301329394387,79.95917510986328,1.0,0.6641222238540649,1.0,0.6641222238540649,1.0,9.75668790204054e-09,3.136220882993257e-08,1.2138362137648073e-07,1.0,0.42693182826042175,0.3028232157230377,127,0.48226356506347656,0.9999999403953552,1.0,0.9999999403953552,0.6971768140792847,1.0,1.1292286217212677e-08,1.0
GCN,996,2448,2,1,5,-5.115626335144043,1.5647988319396973,6.68042516708374,0.7071066498756409,0.027096303179860115,-0.036848898977041245,0.6823652386665344,0.038842782378196716,0.10837438423645321,0,0.0,0.06908583391486392,99,0.5035539865493774,1.0,0.6589682458917333,0.9955686853766618,81.64381408691406,1.0,0.6781857013702393,1.0,0.6781857013702393,1.0,7.679882507716229e-09,6.012623288143004e-08,1.2023795648019586e-07,1.0,0.5035539269447327,0.2878670394420624,95,0.691675066947937,1.0000001192092896,1.0,1.0000001192092896,0.7121329307556152,1.0,1.955777406692505e-08,1.0
GCN,996,2456,5,1,2,-1.5071525573730469,4.713787078857422,6.220939636230469,0.8660253286361694,0.046375006437301636,-0.059702783823013306,0.6067613363265991,0.07948766648769379,0.22034861690034105,0,0.0,0.04326587578506629,62,0.545360267162323,1.0,0.5893077056670325,0.9944608567208272,72.59834289550781,0.9977843426883308,0.6019104719161987,0.9996307237813885,0.6019104719161987,0.9996307237813885,7.847463123766829e-09,8.29413249192612e-09,1.5376954820567335e-08,1.0,0.545360267162323,0.37027212977409363,60,0.8437040448188782,1.0000001192092896,1.0,1.0000001192092896,0.629727840423584,1.0,1.839951480064883e-08,1.0
GCN,996,2459,3,1,2,-5.144007682800293,0.8114817142486572,5.95548939704895,0.8660253286361694,0.08521057665348053,0.0,0.6009941101074219,0.13058128952980042,0.4213717317165593,1,0.0,0.01465457083042568,21,0.5378130078315735,1.0000001192092896,0.585393373245433,0.9940915805022157,72.0910415649414,0.9977843426883308,0.5942957401275635,0.9996307237813885,0.5942957401275635,0.9996307237813885,0.0,2.3283064365386963e-10,5.960646376479417e-08,1.0,0.5378130674362183,0.3789868950843811,16,0.7976057529449463,1.0,1.0,1.0,0.6210131049156189,1.0,0.0,1.0000001192092896
GCN,996,2461,6,0,1,-3.9139158725738525,-0.21428585052490234,3.69963002204895,0.9486831426620483,0.08985865861177444,0.0,0.4773544371128082,0.1799820214509964,0.6083743842364532,1,0.0,0.026517794836008374,38,0.46491098403930664,1.0,0.46883161152244246,0.9675036927621861,57.46238327026367,0.9782127031019202,0.46892300248146057,0.9981536189069424,0.46892300248146057,0.9981536189069424,6.71586253275791e-09,6.804074637045687e-09,1.4609669030107852e-08,1.0,0.46491095423698425,0.5099407434463501,33,0.9070502519607544,1.0,1.0,1.0,0.4900592565536499,1.0,0.0,1.0
GCN,996,2467,6,1,2,-1.265040636062622,4.062328338623047,5.327368974685669,0.8660253286361694,0.05142149329185486,-0.003356774104759097,0.5663710236549377,0.08894361555576324,0.24156877605153468,0,0.0,0.04256803907885555,61,0.510749876499176,1.0,0.5547303733912365,0.9911373707533235,68.07324981689453,0.9966765140324964,0.5623791813850403,0.9988921713441654,0.5623791813850403,0.9988921713441654,7.679882507716229e-09,3.072041465657094e-08,6.136669128409267e-08,1.0,0.5107499361038208,0.4102367162704468,57,0.8002895712852478,1.0,1.0,1.0,0.5897632837295532,1.0,0.0,1.0
GCN,996,2474,4,1,2,-5.310873508453369,1.118736982345581,6.42961049079895,0.8660253286361694,0.07218801975250244,0.0,0.6074058413505554,0.12889623641967773,0.4160666919287609,1,0.0,0.03210048848569435,46,0.5457720756530762,0.9999999403953552,0.5905066800559278,0.9944608567208272,72.59158325195312,0.9977843426883308,0.6018744111061096,0.9996307237813885,0.6018744111061096,0.9996307237813885,6.107090388951519e-09,5.990990814552788e-08,6.062828106223606e-08,1.0,0.5457720756530762,0.36979663372039795,41,0.9392575025558472,1.0,1.0,1.0,0.630203366279602,1.0,0.0,0.9999999403953552
GCN,996,2479,6,1,1,-3.1959125995635986,0.8666286468505859,4.062541246414185,0.9486831426620483,0.09083700180053711,0.0,0.4775601923465729,0.1769973188638687,0.5987116331943918,1,0.0,0.025819958129797628,37,0.4649110734462738,1.0,0.4660170997155031,0.9667651403249631,58.13424301147461,0.9800590841949779,0.4721941649913788,0.9981536189069424,0.4721941649913788,0.9981536189069424,0.0,5.703162941905759e-10,1.1406325883811519e-09,1.0,0.4649110734462738,0.5099406242370605,32,0.8827813267707825,1.0,1.0,1.0,0.49005937576293945,1.0,0.0,1.0
GCN,996,2483,4,1,2,-2.967033624649048,3.263939619064331,6.230973243713379,0.8660253286361694,0.10451503098011017,0.0,0.5968827605247498,0.18808293342590332,0.6347101174687382,1,0.0,0.020237264480111653,29,0.5302566289901733,1.0,0.5789301137600242,0.9940915805022157,71.38794708251953,0.9974150664697193,0.5892415046691895,0.9996307237813885,0.5892415046691895,0.9996307237813885,1.2904783908140871e-08,6.053775791770022e-08,6.286418852141651e-08,1.0,0.5302566885948181,0.3877122700214386,24,0.9302297830581665,1.0,1.0,1.0,0.6122877597808838,1.0,0.0,1.0
GCN,996,2489,3,1,1,-4.005496501922607,2.907334566116333,6.91283106803894,0.9486831426620483,0.11761264503002167,0.0,0.5499907732009888,0.21533726155757904,0.7190223569533915,1,0.0,0.013258897418004187,19,0.5324553847312927,1.0,0.5380184456648258,0.9889217134416544,65.68217468261719,0.9940915805022157,0.5410381555557251,0.9988921713441654,0.5410381555557251,0.9988921713441654,7.450580596923828e-09,1.066964072649057e-09,2.133928145298114e-09,1.0,0.5324553847312927,0.43874260783195496,14,0.9553043842315674,0.9999999403953552,1.0,0.9999999403953552,0.5612573623657227,1.0,0.0,1.0
GCN,996,2490,4,1,2,-2.617568016052246,5.039121627807617,7.656689643859863,0.8660253286361694,0.045974187552928925,0.0,0.6262039542198181,0.0744134709239006,0.21314892004547176,0,0.0,0.040474528960223306,58,0.5659921169281006,1.0,0.6060021050939098,0.9944608567208272,75.19183349609375,0.9992614475627769,0.6213483214378357,0.9996307237813885,0.6213483214378357,0.9996307237813885,5.350040854779081e-09,5.98388325556698e-08,6.033426558360588e-08,1.0,0.5659921169281006,0.34644851088523865,53,0.8777763843536377,0.9999999403953552,1.0,0.9999999403953552,0.653551459312439,1.0,0.0,1.0
GCN,996,2496,4,1,1,-1.0865743160247803,4.6985697746276855,5.785144090652466,0.9486831426620483,0.0761379599571228,-0.001505980733782053,0.5520133972167969,0.13917750120162964,0.45187571049640013,1,0.0,0.030006978367062107,43,0.5425822734832764,1.0,0.5403525354964966,0.9889217134416544,66.34904479980469,0.9944608567208272,0.5460986495018005,0.9988921713441654,0.5460986495018005,0.9988921713441654,1.5359765015432458e-08,6.149814879563564e-08,6.583248790548168e-08,1.0,0.5425823330879211,0.4280679225921631,39,0.9572792053222656,1.0,1.0,1.0,0.5719320774078369,1.0,4.656612873077393e-10,1.0
GCN,996,2505,1,1,1,-2.824726104736328,2.85308837890625,5.677814483642578,0.9486831426620483,0.0778270959854126,0.0,0.5420796275138855,0.14180530607700348,0.46703296703296704,1,0.0,0.026517794836008374,38,0.5324554443359375,1.0,0.52369564011008,0.9863367799113737,64.71586608886719,0.9929837518463811,0.534428060054779,0.9988921713441654,0.534428060054779,0.9988921713441654,9.497663988611293e-09,1.0539284112098812e-08,1.979438657429e-08,1.0,0.5324554443359375,0.43874257802963257,33,0.9370137453079224,1.0,1.0,1.0,0.5612574219703674,1.0,0.0,1.0
GCN,996,2508,3,1,3,-4.139470100402832,3.462502956390381,7.601973056793213,0.8017836213111877,0.057903166860342026,0.0,0.6922942399978638,0.09834732115268707,0.3090185676392573,0,0.0,0.0314026517794836,45,0.5782320499420166,1.0,0.6669736220092448,0.9977843426883308,82.86652374267578,1.0,0.6875483989715576,1.0,0.6875483989715576,1.0,7.450580596923828e-09,1.053671194739536e-08,6.23278850753195e-08,1.0,0.5782320499420166,0.2788178324699402,40,0.9427751302719116,1.0,1.0,1.0,0.7211821675300598,1.0,0.0,1.0
GCN,996,2509,3,1,5,-5.853560924530029,0.9036064743995667,6.757167398929596,0.7071066498756409,0.02911454066634178,0.0,0.6682101488113403,0.04022594541311264,0.10837438423645321,0,0.0,0.06489881367759945,93,0.4939717650413513,1.0,0.6464047109148948,0.9948301329394387,79.9560546875,1.0,0.6638869047164917,1.0,0.6638869047164917,1.0,5.4504254443088485e-09,6.62647625659929e-09,1.3414288346780268e-08,1.0,0.4939717650413513,0.3014183044433594,88,0.6528213024139404,1.0,1.0,1.0,0.6985816955566406,1.0,0.0,1.0
GCN,996,2514,2,1,2,-3.3728597164154053,4.864370346069336,8.237230062484741,0.8660253286361694,0.05017181858420372,-0.0003455574333202094,0.6436863541603088,0.08361987769603729,0.22679045092838196,0,0.0,0.03628750872295883,52,0.5815075635910034,1.0,0.6244737078184441,0.9948301329394387,77.02803802490234,0.9996307237813885,0.6390578746795654,1.0,0.6390578746795654,1.0,7.333241125451195e-09,6.879347758115273e-09,6.071560676446097e-08,1.0,0.5815075635910034,0.328532874584198,48,0.9290831089019775,1.0000001192092896,1.0,1.0000001192092896,0.671467125415802,1.0,0.0,1.0
GCN,996,2523,2,1,2,-3.213940143585205,4.289363384246826,7.503303527832031,0.8660253286361694,0.05218149349093437,0.0,0.6630628108978271,0.06672336161136627,0.20765441455096628,0,0.0,0.030006978367062107,43,0.5989834666252136,1.0,0.6431316090680732,0.9948301329394387,79.46145629882812,1.0,0.65810227394104,1.0,0.65810227394104,1.0,3.8399412538581146e-09,5.975905992272601e-08,1.193978818037067e-07,1.0,0.5989835262298584,0.30835336446762085,38,0.7342545986175537,1.0,1.0,1.0,0.6916466355323792,1.0,0.0,1.0
GCN,996,2533,0,1,1,-2.6768107414245605,5.670251369476318,8.347062110900879,0.9486831426620483,0.0822051614522934,-0.0037159682251513004,0.5294905304908752,0.15313878655433655,0.5200833649109511,1,0.0,0.024424284717376135,35,0.5187366604804993,1.0,0.520538443689311,0.9863367799113737,63.1314582824707,0.9911373707533235,0.5241381525993347,0.9985228951255539,0.5241381525993347,0.9985228951255539,1.4062662145875038e-08,1.4968312811447504e-08,2.8832554122004694e-08,1.0,0.5187366604804993,0.4532034397125244,32,0.9259238243103027,1.0,1.0,1.0,0.5467965602874756,1.0,0.0,1.0
GCN,996,2540,3,0,1,-7.096014022827148,-2.64091420173645,4.455099821090698,0.9486831426620483,0.13973881304264069,0.0,0.5557129383087158,0.25674402713775635,0.8090185676392573,1,0.0,0.011165387299371946,16,0.5324555039405823,1.0,0.539695313026584,0.9889217134416544,65.27391815185547,0.9940915805022157,0.5426059365272522,0.9988921713441654,0.5426059365272522,0.9988921713441654,1.4901161193847656e-08,1.4904799172654748e-08,6.584931355746448e-08,1.0,0.5324555039405823,0.4387425184249878,11,0.9686235785484314,1.0,1.0,1.0,0.5612574815750122,1.0,0.0,1.0
GCN,996,2543,3,1,3,-4.8458757400512695,3.6680479049682617,8.513923645019531,0.8017836213111877,0.03918425366282463,0.0,0.6532754898071289,0.05114690959453583,0.16331943918150815,0,0.0,0.04675505931612003,67,0.54709792137146,1.0000001192092896,0.6332800750759171,0.9948301329394387,78.16094207763672,0.9996307237813885,0.6490479707717896,1.0,0.6490479707717896,1.0,4.5625303535246076e-09,4.7316777163075585e-09,6.022844445396913e-08,1.0,0.54709792137146,0.3176489472389221,62,0.6836932897567749,1.0,1.0,1.0,0.6823510527610779,1.0,0.0,1.0000001192092896
GCN,996,2549,4,1,1,-3.808825969696045,2.7059717178344727,6.514797687530518,0.9486831426620483,0.07610095292329788,0.0,0.541807234287262,0.13969966769218445,0.4571807502841986,1,0.0,0.028611304954640614,41,0.5324554443359375,1.0,0.5321144475878531,0.9870753323485968,65.405029296875,0.9940915805022157,0.5371533036231995,0.9988921713441654,0.5371533036231995,0.9988921713441654,5.890201215663637e-09,6.18208106928364e-09,1.1611616557161142e-08,1.0,0.5324554443359375,0.43874257802963257,36,0.94356369972229,1.0,1.0,1.0,0.5612574219703674,1.0,0.0,1.0
GCN,996,2552,3,1,1,-2.9433016777038574,5.329191207885742,8.2724928855896,0.9486831426620483,0.15586954355239868,-0.02835136651992798,0.5746540427207947,0.2832554578781128,0.8529746115953013,1,0.0,0.0209351011863224,30,0.5425821542739868,1.0,0.5512836410568348,0.990029542097489,68.05379486083984,0.9966765140324964,0.5580906271934509,0.9988921713441654,0.5580906271934509,0.9988921713441654,1.053671194739536e-08,6.053775791770022e-08,1.2079863154212944e-07,1.0,0.5425822138786316,0.42806804180145264,26,0.9907057881355286,0.9999999403953552,1.0,0.9999999403953552,0.5719319581985474,1.0,4.656612873077393e-10,1.0
GCN,996,2557,2,1,1,-4.160378932952881,3.337400197982788,7.497779130935669,0.9486831426620483,0.08323174715042114,0.0,0.5671590566635132,0.151345357298851,0.5178097764304661,1,0.0,0.02721563154221912,39,0.5567970275878906,1.0,0.5529692996438155,0.990029542097489,67.82640838623047,0.9966765140324964,0.5614379048347473,0.9988921713441654,0.5614379048347473,0.9988921713441654,6.71586253275791e-09,6.022352749823767e-08,1.2020989004213334e-07,1.0,0.5567971467971802,0.4130842089653015,34,0.9783767461776733,0.9999998807907104,1.0,0.9999998807907104,0.5869157910346985,1.0,0.0,1.0
GCN,996,2561,2,1,1,-1.7524526119232178,6.321946144104004,8.074398756027222,0.9486831426620483,0.15477439761161804,-0.0008347472758032382,0.5470596551895142,0.29403266310691833,0.8704054566123531,1,0.0,0.022330774598743892,32,0.5187366008758545,1.0,0.5360419469101974,0.9889217134416544,65.3662109375,0.9940915805022157,0.5292856693267822,0.9988921713441654,0.5292856693267822,0.9988921713441654,1.3334510384765963e-08,6.113522488249146e-08,1.220569174620323e-07,1.0,0.5187365412712097,0.4532035291194916,28,0.9859440326690674,0.9999999403953552,1.0,0.9999999403953552,0.546796441078186,1.0,4.656612873077393e-10,1.0
GCN,996,2562,0,1,2,-0.752131462097168,3.4176740646362305,4.169805526733398,0.8660253286361694,0.08063244819641113,0.0,0.5158107876777649,0.12737369537353516,0.41227737779461915,1,0.0,0.02372644801116539,34,0.4602123498916626,1.0,0.5042016398172068,0.9844903988183161,61.548492431640625,0.9881831610044313,0.5079606771469116,0.9985228951255539,0.5079606771469116,0.9985228951255539,6.71586253275791e-09,3.055053809930541e-08,6.136681207635775e-08,1.0,0.4602123200893402,0.46859249472618103,29,0.7056525945663452,0.9999998807907104,1.0,0.9999998807907104,0.5314074754714966,1.0,0.0,1.0
GCN,996,2566,3,1,2,-2.0773441791534424,5.758864402770996,7.8362085819244385,0.8660253286361694,0.06715395301580429,0.0,0.5896756649017334,0.10267305374145508,0.3378173550587344,1,0.0,0.026517794836008374,38,0.5302566289901733,1.0,0.5747024678557142,0.9937223042836041,70.52323150634766,0.9974150664697193,0.5843978524208069,0.9996307237813885,0.5843978524208069,0.9996307237813885,8.33000246558413e-09,6.019291021175377e-08,6.167523736166913e-08,1.0,0.5302566885948181,0.3877122402191162,33,0.7807800769805908,1.0,1.0,1.0,0.6122877597808838,1.0,0.0,1.0
GCN,996,2568,3,1,1,-4.961479187011719,2.658186912536621,7.61966609954834,0.9486831426620483,0.07965358346700668,0.0,0.5287392139434814,0.147396057844162,0.4971580143993937,1,0.0,0.027913468248429867,40,0.5187366604804993,1.0,0.5198224047769461,0.9863367799113737,63.70591735839844,0.9918759231905465,0.5229501724243164,0.9985228951255539,0.5229501724243164,0.9985228951255539,1.466648225090239e-08,1.5366822481155396e-08,2.962459078048596e-08,1.0,0.5187366604804993,0.4532034397125244,35,0.9282035231590271,1.0,1.0,1.0,0.5467965602874756,1.0,0.0,1.0
GCN,996,2578,0,1,2,-1.7231340408325195,4.576962471008301,6.30009651184082,0.8660253286361694,0.049117445945739746,-0.14747294783592224,0.6151627898216248,0.2844793200492859,0.8529746115953013,1,0.0,0.040474528960223306,58,0.548109233379364,1.0,0.5906970187082093,0.9944608567208272,73.6642837524414,0.9985228951255539,0.6107965707778931,0.9996307237813885,0.6107965707778931,0.9996307237813885,5.665014235489707e-09,5.991172002950407e-08,6.059843116190677e-08,1.0,0.5481092929840088,0.3670978546142578,54,0.8650009632110596,1.0000001192092896,1.0,1.0000001192092896,0.6329021453857422,1.0,2.3283064365386963e-08,1.0
GCN,996,2582,3,1,3,-6.506080627441406,1.2315876483917236,7.73766827583313,0.8017836213111877,0.044431619346141815,-0.0017951995832845569,0.6082214117050171,0.06345474720001221,0.2046229632436529,0,0.0,0.0418702023726448,60,0.5085898041725159,1.0,0.594631093447668,0.9944608567208272,72.69209289550781,0.9977843426883308,0.6039556860923767,0.9996307237813885,0.6039556860923767,0.9996307237813885,4.267856290596228e-09,3.011086135984442e-08,6.020435705522686e-08,1.0,0.5085898041725159,0.36567699909210205,56,0.6748967170715332,0.9999999403953552,1.0,0.9999999403953552,0.634323000907898,1.0,0.0,1.0
GCN,996,2586,5,1,1,-2.376095771789551,3.384760856628418,5.760856628417969,0.9486831426620483,0.12263746559619904,0.0,0.4853931665420532,0.18144026398658752,0.6085638499431603,1,0.0,0.020237264480111653,29,0.46491098403930664,1.0,0.48183785736975643,0.9763663220088626,58.016719818115234,0.9796898079763663,0.47595348954200745,0.9981536189069424,0.47595348954200745,0.9981536189069424,1.053671194739536e-08,1.0593154797788884e-08,2.2768936958073027e-08,1.0,0.46491095423698425,0.5099407434463501,24,0.6812794208526611,0.9999999403953552,1.0,0.9999999403953552,0.4900592565536499,1.0,0.0,1.0
GCN,996,2592,5,1,2,-3.9084815979003906,2.855532169342041,6.764013767242432,0.8660253286361694,0.05470056086778641,-0.0021996062714606524,0.6287845373153687,0.09251613914966583,0.2624100037893141,0,0.0,0.03210048848569435,46,0.5673667788505554,1.0,0.6116166576484702,0.9944608567208272,75.7269515991211,0.9992614475627769,0.6244142055511475,1.0,0.6244142055511475,1.0,8.835301379406246e-09,9.5545704681399e-09,1.6891288368015012e-08,1.0,0.5673667788505554,0.34486132860183716,42,0.9032821655273438,1.0000001192092896,1.0000001192092896,1.0,0.6551387906074524,1.0000001192092896,0.0,1.0
GCN,996,2598,1,1,1,-1.261932134628296,4.910998344421387,6.172930479049683,0.9486831426620483,0.08357597142457962,0.0,0.5294113755226135,0.15337257087230682,0.5200833649109511,1,0.0,0.02512212142358688,36,0.5187366604804993,1.0,0.5136594009335261,0.9844903988183161,63.810062408447266,0.9918759231905465,0.5233514904975891,0.9985228951255539,0.5233514904975891,0.9985228951255539,8.119082295365843e-09,3.090777411784984e-08,6.166231969473301e-08,1.0,0.5187366008758545,0.4532034993171692,31,0.92168128490448,1.0,1.0,1.0,0.5467965006828308,1.0,0.0,1.0
GCN,996,2599,3,1,3,-3.6924667358398438,3.8631844520568848,7.5556511878967285,0.8017836213111877,0.04320725053548813,0.0,0.6457496285438538,0.06328215450048447,0.2046229632436529,0,0.0,0.03977669225401256,57,0.5404232740402222,1.0,0.6261044756906213,0.9948301329394387,77.42794036865234,0.9996307237813885,0.6418517827987671,1.0,0.6418517827987671,1.0,8.172322374377927e-09,6.025862120395686e-08,6.182069967053394e-08,1.0,0.5404232144355774,0.3259737491607666,52,0.7583085298538208,1.0,1.0,1.0,0.6740262508392334,1.0,0.0,1.0
GCN,996,2603,3,1,1,-2.187779664993286,4.632561683654785,6.820341348648071,0.9486831426620483,0.07365676015615463,-0.0008458355441689491,0.47432592511177063,0.13902193307876587,0.45187571049640013,1,0.0,0.034891835310537335,50,0.46491098403930664,1.0,0.4690101537398371,0.9675036927621861,57.48313522338867,0.9782127031019202,0.46950918436050415,0.9981536189069424,0.46950918436050415,0.9981536189069424,6.4523919540704355e-09,6.642817851343352e-09,1.423358320096213e-08,1.0,0.46491095423698425,0.5099407434463501,46,0.8493149280548096,1.0,1.0,1.0,0.4900592565536499,1.0,9.313225746154785e-10,1.0
GCN,996,2604,6,1,3,-0.8564352989196777,2.8810675144195557,3.7375028133392334,0.8017836213111877,0.04394714534282684,0.0,0.6069502234458923,0.07035353779792786,0.21049640015157256,0,0.0,0.04256803907885555,61,0.5076475739479065,1.0,0.5913218489656699,0.9944608567208272,73.0046615600586,0.9981536189069424,0.6029490828514099,0.9996307237813885,0.6029490828514099,0.9996307237813885,8.484752456183742e-09,8.381903171539307e-09,1.6514405842826818e-08,1.0,0.5076475739479065,0.36685216426849365,56,0.779050350189209,1.0,1.0,1.0,0.6331478357315063,1.0,0.0,1.0
GCN,996,2614,2,1,5,-4.4569830894470215,1.702147364616394,6.1591304540634155,0.7071066498756409,0.04686826467514038,0.0,0.6154376268386841,0.05059529468417168,0.16331943918150815,0,0.0,0.04675505931612003,67,0.45317479968070984,1.0,0.5998709539875958,0.9944608567208272,73.47232055664062,0.9985228951255539,0.6100993156433105,0.9996307237813885,0.6100993156433105,0.9996307237813885,1.4725502595069884e-08,1.4959255167923402e-08,3.300990414345506e-08,1.0,0.45317479968070984,0.3591139316558838,62,0.4697861075401306,0.9999999403953552,1.0,0.9999999403953552,0.6408860683441162,1.0,0.0,1.0
GCN,996,2618,2,1,1,-1.2369686365127563,5.642397880554199,6.879366517066956,0.9486831426620483,0.16227637231349945,0.0,0.4981517195701599,0.3295530080795288,0.9088669950738916,1,0.0,0.01674808094905792,24,0.4649110436439514,1.0,0.4807189817028161,0.9763663220088626,57.47618103027344,0.9782127031019202,0.47282952070236206,0.9981536189069424,0.47282952070236206,0.9981536189069424,1.4784287571956156e-08,3.3270350030534246e-08,6.756037151944838e-08,1.0,0.46491101384162903,0.5099406838417053,19,0.9597383737564087,1.0,1.0,1.0,0.4900593161582947,1.0,0.0,1.0
GCN,996,2631,4,1,1,-4.880571365356445,1.7459763288497925,6.626547694206238,0.9486831426620483,0.10608096420764923,0.0,0.48103955388069153,0.1756933033466339,0.5962485790071997,1,0.0,0.018143754361479414,26,0.4649110436439514,1.0,0.47526061349803733,0.9726735598227474,59.67184066772461,0.982274741506647,0.473315566778183,0.9981536189069424,0.473315566778183,0.9981536189069424,0.0,2.980505087180063e-08,5.960828275419772e-08,1.0,0.46491101384162903,0.5099406838417053,21,0.7558224201202393,1.0,1.0,1.0,0.4900593161582947,1.0,0.0,1.0
GCN,996,2641,2,1,2,-3.2396812438964844,2.9458377361297607,6.185518980026245,0.8660253286361694,0.05231768637895584,-0.0005179792060516775,0.5903699994087219,0.08788393437862396,0.23796892762410005,0,0.0,0.039078855547801813,56,0.532692015171051,1.0,0.5778063849811049,0.9940915805022157,70.92667388916016,0.9974150664697193,0.5861720442771912,0.9996307237813885,0.5861720442771912,0.9996307237813885,5.963374238859842e-09,5.26835597369768e-09,6.043666900268363e-08,1.0,0.532692015171051,0.38490018248558044,52,0.8588470220565796,1.0,1.0,1.0,0.6150997877120972,1.0,4.656612873077393e-10,1.0
GCN,996,2642,2,1,4,-4.966017723083496,2.485114574432373,7.451132297515869,0.7499998807907104,0.034271951764822006,0.0,0.6437574625015259,0.047299616038799286,0.1330049261083744,0,0.0,0.04954640614096301,71,0.504448413848877,1.0,0.6244633516457144,0.9948301329394387,77.30757141113281,0.9996307237813885,0.6393662691116333,1.0,0.6393662691116333,1.0,6.8437953082423064e-09,3.0634708991783555e-08,6.124057705392261e-08,1.0,0.504448413848877,0.3274019956588745,66,0.6663497686386108,1.0,1.0,1.0,0.6725980043411255,1.0,0.0,1.0
GCN,996,2646,4,1,1,-4.07127046585083,3.017184257507324,7.088454723358154,0.9486831426620483,0.0707089975476265,0.0,0.551090657711029,0.12670285999774933,0.41114058355437666,1,0.0,0.030006978367062107,43,0.5425822734832764,1.0,0.538126644526327,0.9889217134416544,66.59776306152344,0.9948301329394387,0.5466263890266418,0.9988921713441654,0.5466263890266418,0.9988921713441654,0.0,1.066964072649057e-09,2.0825006163960325e-09,1.0,0.5425822734832764,0.42806798219680786,38,0.9368195533752441,1.0,1.0,1.0,0.5719320178031921,1.0,0.0,1.0
GCN,996,2647,4,1,3,-3.88627552986145,2.338778257369995,6.225053787231445,0.8017836213111877,0.0396854393184185,0.0,0.602107584476471,0.0629412829875946,0.20386510041682457,0,0.0,0.051639916259595256,74,0.503951907157898,1.0,0.5859591416494856,0.9940915805022157,72.14753723144531,0.9977843426883308,0.5978050231933594,0.9996307237813885,0.5978050231933594,0.9996307237813885,5.015325488244571e-09,5.4504254443088485e-09,1.0815996986934806e-08,1.0,0.5039518475532532,0.37146154046058655,69,0.7656595706939697,1.0000001192092896,1.0,1.0000001192092896,0.6285384893417358,1.0,0.0,1.0
GCN,996,2653,0,1,2,-0.524474024772644,4.473001480102539,4.997475504875183,0.8660253286361694,0.05294527858495712,-0.0574619397521019,0.5754550695419312,0.08592093735933304,0.23114816218264495,0,0.0,0.040474528960223306,58,0.5158709287643433,1.0,0.5612494820420354,0.9929837518463811,69.04712677001953,0.9970457902511078,0.5711127519607544,0.9992614475627769,0.5711127519607544,0.9992614475627769,9.856191418577964e-09,3.0888475777146596e-08,6.164922439211296e-08,1.0,0.515870988368988,0.40432342886924744,54,0.8087489604949951,1.0,1.0,1.0,0.5956765413284302,1.0,2.0954757928848267e-08,1.0
GCN,996,2658,2,1,1,-4.233362197875977,3.785050868988037,8.018413066864014,0.9486831426620483,0.07463280111551285,0.0,0.5279245972633362,0.13824421167373657,0.45073891625615764,1,0.0,0.030704815073272853,44,0.5187366604804993,1.0,0.517233449502427,0.9859675036927622,63.58074188232422,0.991506646971935,0.5222361087799072,0.9985228951255539,0.5222361087799072,0.9985228951255539,3.725290298461914e-09,3.0054099653398225e-08,6.007362429727436e-08,1.0,0.5187366008758545,0.4532034993171692,39,0.9277058243751526,1.0,1.0,1.0,0.5467965006828308,1.0,0.0,1.0
GCN,996,2668,3,1,5,-3.8023760318756104,2.8729827404022217,6.675358772277832,0.7071066498756409,0.02500685304403305,-0.0004424988874234259,0.6839248538017273,0.0396808423101902,0.10837438423645321,0,0.0,0.06489881367759945,93,0.5058621168136597,1.0,0.6618861944748633,0.9955686853766618,81.8612060546875,1.0,0.6798028945922852,1.0,0.6798028945922852,1.0,6.071480207481272e-09,6.217057979540641e-09,1.229429269500315e-08,1.0,0.5058621168136597,0.2846027612686157,89,0.7673882246017456,0.9999999403953552,1.0,0.9999999403953552,0.7153972387313843,1.0,2.3283064365386963e-10,1.0
GCN,996,2669,3,1,1,-3.7619614601135254,3.255000591278076,7.016962051391602,0.9486831426620483,0.08908270299434662,0.0,0.47719284892082214,0.16949176788330078,0.5759757483895415,1,0.0,0.025819958129797628,37,0.4649110436439514,1.0,0.47229772163663797,0.9711964549483013,57.47319030761719,0.9782127031019202,0.4729544520378113,0.9981536189069424,0.4729544520378113,0.9981536189069424,1.0030650976489142e-08,3.14476551466214e-08,6.339278968425788e-08,1.0,0.46491101384162903,0.5099406838417053,32,0.8613315224647522,1.0,1.0,1.0,0.4900593161582947,1.0,0.0,1.0
GCN,996,2681,4,1,5,-2.1218631267547607,2.825695514678955,4.947558641433716,0.7071066498756409,0.04261180758476257,-0.059238236397504807,0.5421307682991028,0.2865409851074219,0.8592269799166351,1,0.0,0.056524773203070484,81,0.39640745520591736,1.0,0.5226107373685327,0.9863367799113737,65.01507568359375,0.9937223042836041,0.5375245213508606,0.9988921713441654,0.5375245213508606,0.9988921713441654,1.9474443391231944e-08,3.53059093072261e-08,7.635785692627906e-08,1.0,0.39640742540359497,0.43939512968063354,77,0.6850108504295349,1.0000001192092896,1.0,1.0000001192092896,0.5606048703193665,1.0,2.444721758365631e-08,1.0
GCN,996,2685,2,1,4,-5.702877998352051,0.4569125175476074,6.159790515899658,0.7499998807907104,0.05934588238596916,0.0,0.6246085166931152,0.08922058343887329,0.2451686244789693,0,0.0,0.027913468248429867,40,0.4867277145385742,1.0,0.6049216475074337,0.9944608567208272,74.50973510742188,0.9992614475627769,0.6181036233901978,0.9996307237813885,0.6181036233901978,0.9996307237813885,1.1926748477719684e-08,3.122449143688755e-08,6.260234641786155e-08,1.0,0.48672768473625183,0.351029634475708,35,0.7042770385742188,1.0000001192092896,1.0,1.0000001192092896,0.648970365524292,1.0,0.0,1.0
GCN,996,2686,3,1,2,-5.239767074584961,2.9476170539855957,8.187384128570557,0.8660253286361694,0.09780437499284744,0.0,0.6050289869308472,0.15904204547405243,0.5454717696097007,1,0.0,0.015352407536636426,22,0.5391829609870911,1.0,0.592936812233046,0.9944608567208272,73.06318664550781,0.9985228951255539,0.6002445220947266,0.9996307237813885,0.6002445220947266,0.9996307237813885,1.053671194739536e-08,6.053775791770022e-08,6.276097508362e-08,1.0,0.5391830205917358,0.3774050772190094,17,0.8520408868789673,1.0,1.0,1.0,0.622594952583313,1.0,0.0,1.0
GCN,996,2689,2,1,2,-3.856565237045288,4.240357398986816,8.096922636032104,0.8660253286361694,0.08940719068050385,0.0,0.5652242302894592,0.1611890345811844,0.5492610837438424,1,0.0,0.024424284717376135,35,0.504096508026123,1.0,0.5519792230676479,0.990029542097489,67.88008880615234,0.9966765140324964,0.5587173104286194,0.9988921713441654,0.5587173104286194,0.9988921713441654,0.0,5.961283022770658e-08,1.1922566045541316e-07,1.0,0.5040965676307678,0.417919397354126,30,0.8824994564056396,0.9999998807907104,1.0,0.9999998807907104,0.582080602645874,1.0,0.0,1.0
GCN,996,2690,6,1,1,-0.1894848346710205,4.392451763153076,4.581936597824097,0.9486831426620483,0.15704141557216644,0.0,0.49628394842147827,0.3198724687099457,0.9010989010989011,1,0.0,0.015352407536636426,22,0.4649110436439514,1.0,0.4789075997661842,0.9759970457902511,57.854671478271484,0.9793205317577548,0.47290346026420593,0.9981536189069424,0.47290346026420593,0.9981536189069424,1.053671194739536e-08,3.1612707118711114e-08,6.377147343528122e-08,1.0,0.46491101384162903,0.5099406838417053,17,0.9589899778366089,1.0,1.0,1.0,0.4900593161582947,1.0,0.0,1.0
GCN,996,2699,3,1,1,-2.8164069652557373,4.521561622619629,7.337968587875366,0.9486831426620483,0.08612877875566483,0.0,0.509946346282959,0.16473552584648132,0.5625236832133383,1,0.0,0.025819958129797628,37,0.49863380193710327,1.0,0.5043255443977946,0.9844903988183161,63.187889099121094,0.9911373707533235,0.5057499408721924,0.9985228951255539,0.5057499408721924,0.9985228951255539,9.497663988611293e-09,3.12791321732675e-08,6.257408813326037e-08,1.0,0.49863380193710327,0.47439372539520264,32,0.9253044128417969,1.0,1.0,1.0,0.5256062746047974,1.0,0.0,1.0
GCN,996,2700,3,1,1,-2.1702041625976562,4.579737186431885,6.749941349029541,0.9486831426620483,0.08699715882539749,-0.0011377261253073812,0.5102127194404602,0.16633334755897522,0.563849943160288,1,0.0,0.02372644801116539,34,0.49863380193710327,1.0,0.5032106670163276,0.9844903988183161,61.57094192504883,0.9881831610044313,0.505482017993927,0.9985228951255539,0.505482017993927,0.9985228951255539,6.969380184074225e-09,3.0557636421235657e-08,6.112337302965898e-08,1.0,0.49863380193710327,0.47439372539520264,30,0.9171635508537292,0.9999999403953552,1.0,0.9999999403953552,0.5256062746047974,1.0,9.313225746154785e-10,1.0
GCN,996,2702,0,1,2,0.05045342445373535,6.116032123565674,6.0655786991119385,0.8660253286361694,0.05912607163190842,-0.0021194475702941418,0.6210536956787109,0.08987896889448166,0.2478211443728685,0,0.0,0.025819958129797628,37,0.5598194599151611,1.0,0.6049400974993939,0.9944608567208272,74.44439697265625,0.9992614475627769,0.6158044338226318,0.9996307237813885,0.6158044338226318,0.9996307237813885,6.969380184074225e-09,4.7087085341956936e-09,6.019889298158887e-08,1.0,0.5598194599151611,0.353576123714447,33,0.8175961971282959,1.0,1.0,1.0,0.646423876285553,1.0,4.656612873077393e-10,1.0
GCN,996,2707,3,1,4,-5.097426891326904,1.6799020767211914,6.777328968048096,0.7499998807907104,0.03268706053495407,0.0,0.6802307367324829,0.04961366206407547,0.15289882531261842,0,0.0,0.05512909979064899,79,0.5332789421081543,1.0,0.6588992051925532,0.9955686853766618,81.44835662841797,1.0,0.6763799786567688,1.0,0.6763799786567688,1.0,4.374490547576215e-09,5.963419624777089e-08,5.971200067733662e-08,1.0,0.5332789421081543,0.2889613211154938,74,0.7743598818778992,1.0,1.0,1.0,0.7110387086868286,1.0,0.0,1.0
GCN,527,1370,6,1,8,-1.0299406051635742,2.4511375427246094,3.4810781478881836,0.6123723983764648,0.021423548460006714,-0.0006642695516347885,0.7047551274299622,0.03212876617908478,0.10837438423645321,0,0.0,0.07815771109560363,112,0.45147520303726196,1.0000001192092896,0.6790066081892658,0.9992614475627769,84.30980682373047,1.0,0.7004876732826233,1.0,0.7004876732826233,1.0,1.1794199394898897e-08,3.0895495939375905e-08,1.2056216291966848e-07,1.0,0.45147526264190674,0.2627439796924591,108,0.6472269296646118,1.0,1.0,1.0,0.7372560501098633,1.0,5.238689482212067e-10,1.0000001192092896
GCN,527,1376,0,1,3,2.3168134689331055,6.809186935424805,4.492373466491699,0.8017836213111877,0.0350797064602375,0.0,0.6657007336616516,0.05533863976597786,0.1896551724137931,0,0.0,0.04884856943475227,70,0.5578615069389343,1.0,0.6427476189805527,0.9948301329394387,79.7083969116211,1.0,0.6613341569900513,1.0,0.6613341569900513,1.0,6.8279346621125114e-09,7.392143785978078e-09,1.3276581611876281e-08,1.0,0.5578615069389343,0.3042243421077728,65,0.841993510723114,1.0,1.0,1.0,0.6957756280899048,1.0,0.0,1.0
GCN,527,1378,2,1,3,-3.6123270988464355,2.9731860160827637,6.585513114929199,0.8017836213111877,0.052128564566373825,0.0,0.5715368390083313,0.07223392277956009,0.21163319439181508,0,0.0,0.0418702023726448,60,0.47687360644340515,1.0,0.560436224566621,0.9926144756277696,68.58715057373047,0.9970457902511078,0.566863477230072,0.9988921713441654,0.566863477230072,0.9988921713441654,1.129168580860096e-08,3.144593208048718e-08,6.320892254052524e-08,1.0,0.47687360644340515,0.40523403882980347,55,0.6349899172782898,1.0,1.0,1.0,0.5947659611701965,1.0,0.0,1.0
GCN,527,1392,3,1,3,-1.7995479106903076,5.5366010665893555,7.336148977279663,0.8017836213111877,0.035835810005664825,-0.001054544816724956,0.6438359618186951,0.053953979164361954,0.18321333838575218,0,0.0,0.05024424284717376,72,0.5393638014793396,0.9999999403953552,0.6230852599562101,0.9944608567208272,77.03074645996094,0.9996307237813885,0.6396955251693726,1.0,0.6396955251693726,1.0,4.928095709288982e-09,6.4397776000646445e-09,1.1976560188031726e-08,1.0,0.5393637418746948,0.32729512453079224,69,0.777210533618927,0.9999998807907104,1.0,0.9999998807907104,0.6727048754692078,1.0,0.0,0.9999999403953552
GCN,527,1393,3,1,1,-2.243534564971924,4.40583610534668,6.6493706703186035,0.9486831426620483,0.08223089575767517,0.0,0.4758242964744568,0.1583510935306549,0.5433876468359227,1,0.0,0.030006978367062107,43,0.46491098403930664,1.0,0.473563403520028,0.9719350073855244,57.84616470336914,0.9789512555391433,0.4714147746562958,0.9981536189069424,0.4714147746562958,0.9981536189069424,7.902533738501916e-09,7.977635441136499e-09,1.7137702812419775e-08,1.0,0.46491095423698425,0.5099407434463501,38,0.8692684769630432,0.9999999403953552,1.0,0.9999999403953552,0.4900592565536499,1.0,0.0,1.0
GCN,527,1400,3,1,2,-5.684192657470703,0.6775021553039551,6.361694812774658,0.8660253286361694,0.058645207434892654,-0.0006815698579885066,0.5598725080490112,0.09964780509471893,0.31110269041303523,0,0.0,0.03628750872295883,52,0.504096508026123,1.0,0.5485514965207684,0.990029542097489,66.99388122558594,0.9955686853766618,0.5546812415122986,0.9988921713441654,0.5546812415122986,0.9988921713441654,3.725290298461914e-09,5.962919402691114e-08,1.1925838805382227e-07,1.0,0.5040965676307678,0.417919397354126,48,0.8238628506660461,0.9999999403953552,1.0,0.9999999403953552,0.582080602645874,1.0,0.0,1.0
GCN,527,1416,0,1,18,3.7923035621643066,7.121634006500244,3.3293304443359375,0.4522669315338135,0.013079439289867878,-0.002280360786244273,0.660036027431488,0.018375830724835396,0.10837438423645321,0,0.0,0.14863921842288905,213,0.31234312057495117,1.0,0.6383311444768736,0.9948301329394387,78.96760559082031,1.0,0.656104564666748,1.0,0.656104564666748,1.0,1.2284988137878372e-08,1.0918243198432265e-08,3.495941314213269e-08,1.0,0.31234312057495117,0.30938321352005005,211,0.4193921685218811,1.0,1.0,1.0,0.69061678647995,1.0,4.355862615046391e-10,1.0
GCN,527,1422,4,1,1,-4.8364458084106445,1.5072875022888184,6.343733310699463,0.9486831426620483,0.0850110873579979,0.0,0.5296652913093567,0.15786287188529968,0.5346722243273967,1,0.0,0.025819958129797628,37,0.5187366604804993,1.0,0.5188740179888411,0.9859675036927622,64.12238311767578,0.992245199409158,0.5236654281616211,0.9985228951255539,0.5236654281616211,0.9985228951255539,8.33000246558413e-09,9.136933876163766e-09,1.7615565894857355e-08,1.0,0.5187366604804993,0.4532035291194916,32,0.933097779750824,1.0,1.0000001192092896,0.9999998807907104,0.5467965602874756,1.0000001192092896,0.0,1.0
GCN,527,1423,3,1,2,-0.15723705291748047,7.07882833480835,7.23606538772583,0.8660253286361694,0.046310484409332275,0.0,0.6553691029548645,0.0742383524775505,0.21314892004547176,0,0.0,0.03628750872295883,52,0.5925107002258301,1.0,0.6346165173805015,0.9948301329394387,78.75757598876953,0.9996307237813885,0.6508514285087585,1.0,0.6508514285087585,1.0,3.725290298461914e-09,3.8680729730344865e-09,6.573916966345905e-09,1.0,0.5925107002258301,0.31582748889923096,47,0.9098411202430725,1.0,1.0,1.0,0.684172511100769,1.0,0.0,1.0
GCN,527,1425,4,1,2,-3.367133855819702,4.819568634033203,8.186702489852905,0.8660253286361694,0.04911937192082405,-0.00044262755545787513,0.647559642791748,0.07559892535209656,0.21580143993937098,0,0.0,0.03210048848569435,46,0.585128664970398,1.0,0.6268176351297526,0.9948301329394387,77.52423858642578,0.9996307237813885,0.6423995494842529,1.0,0.6423995494842529,1.0,6.4523919540704355e-09,7.277587421583576e-09,6.089842941037205e-08,1.0,0.585128664970398,0.32435154914855957,42,0.8631240129470825,0.9999998807907104,1.0,0.9999998807907104,0.6756484508514404,1.0,0.0,1.0
GCN,527,1429,4,1,3,-3.251143217086792,4.204559803009033,7.455703020095825,0.8017836213111877,0.04172129929065704,0.0,0.6458739638328552,0.05534372851252556,0.1896551724137931,0,0.0,0.040474528960223306,58,0.5406560897827148,1.0000001192092896,0.6268081735151078,0.9948301329394387,77.25316619873047,0.9996307237813885,0.6413657069206238,1.0,0.6413657069206238,1.0,4.5625303535246076e-09,4.6624299976372185e-09,8.65453220200152e-09,1.0,0.5406560897827148,0.3256832957267761,53,0.6869348883628845,1.0,1.0,1.0,0.6743167042732239,1.0,0.0,1.0000001192092896
GCN,527,1434,3,1,2,-4.176580429077148,2.9774856567382812,7.15406608581543,0.8660253286361694,0.0720544308423996,0.0,0.6457802653312683,0.12166276574134827,0.4005305039787798,1,0.0,0.02512212142358688,36,0.5809125900268555,1.0,0.6264419373080418,0.9948301329394387,77.38568878173828,0.9996307237813885,0.6402372717857361,1.0,0.6402372717857361,1.0,9.125060707049215e-09,6.030808208379312e-08,1.2025870432808006e-07,1.0,0.5809126496315002,0.32921984791755676,31,0.9443051218986511,0.9999998807907104,1.0,0.9999998807907104,0.6707801818847656,1.0,0.0,1.0
GCN,527,1436,5,1,1,-4.320700645446777,3.8588855266571045,8.179586172103882,0.9486831426620483,0.08288966119289398,0.0,0.5429129004478455,0.13220052421092987,0.4236453201970443,1,0.0,0.022330774598743892,32,0.5324554443359375,1.0,0.5291992604237533,0.9870753323485968,64.77770233154297,0.9933530280649926,0.536361813545227,0.9988921713441654,0.536361813545227,0.9988921713441654,6.4523919540704355e-09,6.456591261638778e-09,1.2127125970096131e-08,1.0,0.5324554443359375,0.43874257802963257,27,0.8214555978775024,1.0,1.0,1.0,0.5612574219703674,1.0,0.0,1.0
GCN,527,1437,4,1,1,-1.249589443206787,5.812777519226074,7.062366962432861,0.9486831426620483,0.07450384646654129,0.0,0.5279043912887573,0.1392868608236313,0.45187571049640013,1,0.0,0.030006978367062107,43,0.5187366604804993,1.0,0.5169420184100659,0.9859675036927622,64.02686309814453,0.9918759231905465,0.5224608182907104,0.9985228951255539,0.5224608182907104,0.9985228951255539,7.679882507716229e-09,7.693986781021067e-09,1.4834236949923252e-08,1.0,0.5187366604804993,0.4532034695148468,38,0.9362846612930298,1.0000001192092896,1.0,1.0000001192092896,0.5467965602874756,1.0,0.0,1.0
GCN,527,1441,5,0,23,-2.352783203125,-0.051827430725097656,2.3009557723999023,0.40824824571609497,0.016554515808820724,-0.0016076721949502826,0.5916953086853027,0.023830723017454147,0.10837438423645321,0,0.0,0.14724354501046755,211,0.25239595770835876,1.0,0.5752721712480945,0.9937223042836041,70.73444366455078,0.9974150664697193,0.5876595973968506,0.9996307237813885,0.5876595973968506,0.9996307237813885,2.4115680119507488e-08,2.8988349498604293e-08,1.1514575959381546e-07,1.0,0.25239598751068115,0.38175857067108154,207,0.347730815410614,1.0,1.0,1.0,0.6182414293289185,1.0,6.984919309616089e-10,1.0
GCN,527,1442,3,1,2,-2.655447006225586,3.930421829223633,6.585868835449219,0.8660253286361694,0.056303102523088455,0.0,0.5354883074760437,0.09080289304256439,0.24838954149298978,0,0.0,0.03838101884159107,55,0.4821544289588928,1.0,0.5268629071803881,0.9863367799113737,64.32544708251953,0.992245199409158,0.5304298400878906,0.9988921713441654,0.5304298400878906,0.9988921713441654,6.969380184074225e-09,8.192198031053977e-09,1.6980230554963782e-08,1.0,0.4821544289588928,0.4432559609413147,50,0.7479075789451599,1.0,1.0,1.0,0.5567440390586853,1.0,0.0,1.0
GCN,527,1444,2,1,4,-2.486938714981079,3.594724416732788,6.081663131713867,0.7499998807907104,0.03330957144498825,-0.001568231382407248,0.7009689211845398,0.03811315447092056,0.10837438423645321,0,0.0,0.052337752965806,75,0.5495073199272156,1.0,0.6772301196887069,0.9992614475627769,83.87177276611328,1.0,0.6965742707252502,1.0,0.6965742707252502,1.0,3.896001743441957e-09,4.242376228091871e-09,6.012366071672659e-08,1.0,0.5495073199272156,0.2673235237598419,72,0.6015417575836182,0.9999999403953552,1.0,0.9999999403953552,0.7326765060424805,1.0,9.313225746154785e-10,1.0
GCN,527,1448,1,1,5,-1.668969750404358,3.894385576248169,5.563355326652527,0.7071066498756409,0.02160467952489853,-0.003759759711101651,0.7428295612335205,0.03977373614907265,0.10837438423645321,0,0.0,0.06629448709002093,95,0.549628734588623,1.0,0.7150981012815528,1.0,88.93177032470703,1.0,0.7386931777000427,1.0,0.7386931777000427,1.0,5.8161075955354136e-09,5.984426820759836e-08,6.039602595819815e-08,1.0,0.5496286749839783,0.22270753979682922,91,0.8205729126930237,1.0,1.0,1.0,0.7772924900054932,1.0,4.656612873077393e-10,1.0
GCN,527,1450,3,1,3,-4.0770111083984375,2.162869453430176,6.239880561828613,0.8017836213111877,0.04063565284013748,0.0,0.6077091693878174,0.0643632784485817,0.20500189465706706,0,0.0,0.05024424284717376,72,0.5085898041725159,1.0,0.5926821291136205,0.9944608567208272,72.85230255126953,0.9977843426883308,0.6032503843307495,0.9996307237813885,0.6032503843307495,0.9996307237813885,5.8161075955354136e-09,3.043676244374183e-08,6.083247683363879e-08,1.0,0.5085898041725159,0.36567699909210205,67,0.7717628479003906,1.0,1.0,1.0,0.634323000907898,1.0,0.0,1.0
GCN,527,1452,4,1,3,-3.4928696155548096,3.5562095642089844,7.049079179763794,0.8017836213111877,0.039163362234830856,0.0,0.6902104616165161,0.061987731605768204,0.20291777188328913,0,0.0,0.0418702023726448,60,0.5782008171081543,1.0,0.6666023824414571,0.9966765140324964,82.5965576171875,1.0,0.68559330701828,1.0,0.68559330701828,1.0,4.906046235930717e-09,3.875074039427773e-09,5.999162766556765e-08,1.0,0.5782008171081543,0.2788568139076233,55,0.8759201765060425,1.0,1.0,1.0,0.7211431860923767,1.0,0.0,1.0
GCN,527,1457,3,1,3,-4.363199710845947,1.9667130708694458,6.329912781715393,0.8017836213111877,0.044011928141117096,-0.002118860138580203,0.5406420826911926,0.06494573503732681,0.20651762031072377,0,0.0,0.052337752965806,75,0.45159921050071716,1.0,0.5307144101842637,0.9870753323485968,64.82752227783203,0.9933530280649926,0.5362523198127747,0.9988921713441654,0.5362523198127747,0.9988921713441654,6.177695244247161e-09,5.972457639558115e-09,1.3216392424908463e-08,1.0,0.45159924030303955,0.4367567300796509,71,0.6396572589874268,1.0,1.0,1.0,0.5632432699203491,1.0,4.656612873077393e-10,1.0
GCN,527,1476,6,1,2,-2.380221366882324,1.8592578172683716,4.239479184150696,0.8660253286361694,0.0553131178021431,-0.005041860044002533,0.5596941709518433,0.08411826938390732,0.22735884804850323,0,0.0,0.03558967201674808,51,0.504096508026123,1.0,0.5463649278374334,0.9889217134416544,67.04640197753906,0.9966765140324964,0.5548273324966431,0.9988921713441654,0.5548273324966431,0.9988921713441654,7.392143785978078e-09,6.024377796620684e-08,1.2046960762290837e-07,1.0,0.5040965676307678,0.417919397354126,48,0.7371292114257812,1.0,1.0,1.0,0.582080602645874,1.0,9.313225746154785e-10,1.0
GCN,527,1486,2,1,3,-3.4803571701049805,4.59675931930542,8.0771164894104,0.8017836213111877,0.03606593608856201,-0.06429029256105423,0.6773834228515625,0.05832953006029129,0.1964759378552482,0,0.0,0.04884856943475227,70,0.5652024149894714,1.0,0.6567590646397743,0.9955686853766618,81.2650375366211,1.0,0.6734215021133423,1.0,0.6734215021133423,1.0,0.0,1.1920928955078125e-07,1.7881393432617188e-07,1.0,0.565202534198761,0.29506850242614746,67,0.8783811330795288,1.0,1.0,1.0,0.7049314975738525,1.0,8.664929218582529e-09,1.0
GCN,527,1487,6,1,4,-0.7924491167068481,2.855621337890625,3.648070454597473,0.7499998807907104,0.027274535968899727,-0.002733966102823615,0.6677370667457581,0.0460430383682251,0.12542629784009093,0,0.0,0.0628053035589672,90,0.5237053632736206,1.0,0.6461801418125697,0.9948301329394387,79.90961456298828,1.0,0.6639695763587952,1.0,0.6639695763587952,1.0,3.357931266378955e-09,2.9938437506871196e-08,5.98537965856849e-08,1.0,0.5237053632736206,0.3017260432243347,86,0.7542918920516968,1.0,1.0,1.0,0.6982739567756653,1.0,4.656612873077393e-10,1.0
GCN,527,1493,4,1,1,-1.2963142395019531,6.047183036804199,7.343497276306152,0.9486831426620483,0.07283671945333481,0.0,0.5943479537963867,0.12694764137268066,0.41114058355437666,1,0.0,0.028611304954640614,41,0.5856497883796692,1.0,0.5778656455109438,0.9940915805022157,71.2646255493164,0.9974150664697193,0.5896158218383789,0.9996307237813885,0.5896158218383789,0.9996307237813885,7.213993846733047e-09,7.288752268408416e-09,6.089442905476972e-08,1.0,0.585649847984314,0.38267073035240173,36,0.9827343821525574,0.9999999403953552,1.0,0.9999999403953552,0.6173292398452759,1.0,0.0,1.0
GCN,527,1499,2,1,4,-3.002884864807129,3.8404507637023926,6.8433356285095215,0.7499998807907104,0.032199643552303314,0.0,0.7198981642723083,0.044136688113212585,0.11405835543766578,0,0.0,0.051639916259595256,74,0.5645322203636169,1.0000001192092896,0.6947161871323289,0.9996307237813885,86.12630462646484,1.0,0.7154607772827148,1.0,0.7154607772827148,1.0,8.981349886028056e-09,9.089345276436234e-09,1.6199068753053325e-08,1.0,0.5645322799682617,0.24729019403457642,69,0.7400838732719421,1.0,1.0,1.0,0.7527098059654236,1.0,0.0,1.0000001192092896
GCN,527,1501,6,1,7,-1.1091351509094238,2.225828170776367,3.334963321685791,0.6396021246910095,0.021951092407107353,-0.0010541488882154226,0.6618177890777588,0.026565462350845337,0.10837438423645321,0,0.0,0.07885554780181438,113,0.44276168942451477,1.0,0.6414032372649013,0.9948301329394387,79.23236083984375,1.0,0.658187210559845,1.0,0.658187210559845,1.0,8.523000971649708e-09,8.847564458847046e-09,1.998267862290959e-08,1.0,0.44276168942451477,0.3077545464038849,109,0.5122825503349304,1.0,1.0,1.0,0.6922454833984375,1.0,6.984919309616089e-10,1.0
GCN,527,1506,2,1,2,-1.890981912612915,4.542792320251465,6.43377423286438,0.8660253286361694,0.05089077726006508,0.0,0.6436877250671387,0.0833655521273613,0.22565365668813944,0,0.0,0.034193998604326585,49,0.5814583897590637,1.0000001192092896,0.6215809045198571,0.9944608567208272,76.91192626953125,0.9996307237813885,0.6388565897941589,1.0,0.6388565897941589,1.0,7.362751297534942e-09,7.439658666896776e-09,1.2840749796794171e-08,1.0,0.5814584493637085,0.328589528799057,44,0.9131736755371094,0.9999998807907104,1.0,0.9999998807907104,0.6714104413986206,1.0,0.0,1.0000001192092896
GCN,527,1507,0,1,6,-1.9277656078338623,1.9116647243499756,3.839430332183838,0.6708203554153442,0.028268294408917427,0.0,0.6824910640716553,0.03884041681885719,0.10837438423645321,0,0.0,0.056524773203070484,81,0.47863444685935974,1.0000001192092896,0.659570422750051,0.9955686853766618,81.65015411376953,1.0,0.6783229112625122,1.0,0.6783229112625122,1.0,1.0127464200593295e-08,6.02361254209427e-08,1.205855539865297e-07,1.0,0.4786345064640045,0.28649380803108215,76,0.6290534138679504,1.0,1.0,1.0,0.7135062217712402,1.0,0.0,1.0000001192092896
GCN,527,1523,0,1,2,0.5311733484268188,5.170632839202881,4.639459490776062,0.8660253286361694,0.05808721482753754,-0.08946486562490463,0.5729592442512512,0.1014832854270935,0.3283440697233801,1,0.0,0.03768318213538032,54,0.510749876499176,1.0,0.550751435034255,0.990029542097489,68.67791748046875,0.9970457902511078,0.5678094029426575,0.9988921713441654,0.5678094029426575,0.9988921713441654,8.736580348056577e-09,3.132156223273341e-08,6.251958950542758e-08,1.0,0.5107499361038208,0.4102367162704468,50,0.8668985366821289,0.9999999403953552,1.0,0.9999999403953552,0.5897632837295532,1.0,1.3504177331924438e-08,1.0
GCN,527,1541,3,1,1,-4.483413219451904,1.7532538175582886,6.236667037010193,0.9486831426620483,0.09069238603115082,0.0,0.4775296151638031,0.1777738630771637,0.6000378931413414,1,0.0,0.025819958129797628,37,0.4649110436439514,1.0,0.4601709004063133,0.96602658788774,57.97876739501953,0.9796898079763663,0.46862637996673584,0.9981536189069424,0.46862637996673584,0.9981536189069424,6.969380184074225e-09,3.060904063545422e-08,6.146439091025968e-08,1.0,0.46491101384162903,0.5099406838417053,32,0.8880113363265991,1.0,1.0,1.0,0.4900593161582947,1.0,0.0,1.0
GCN,527,1546,2,1,5,-4.475553035736084,2.108884334564209,6.584437370300293,0.7071066498756409,0.025761853903532028,-0.06592807918787003,0.7260634303092957,0.035122353583574295,0.10837438423645321,0,0.0,0.05303558967201675,76,0.5353079438209534,1.0000001192092896,0.700525820311388,0.9996307237813885,86.86505126953125,1.0,0.7216112017631531,1.0,0.7216112017631531,1.0,8.495128156482679e-09,7.75451880485889e-09,1.418675843467554e-08,1.0,0.5353079438209534,0.24296008050441742,72,0.6999483108520508,1.0,1.0,1.0,0.7570399045944214,1.0,3.259629011154175e-09,1.0000001192092896
GCN,527,1554,3,0,4,-7.036231517791748,-2.5174264907836914,4.518805027008057,0.7499998807907104,0.057508327066898346,0.0,0.6072046160697937,0.0950833410024643,0.27453580901856767,0,0.0,0.03210048848569435,46,0.47319021821022034,1.0,0.5930296392930008,0.9944608567208272,72.7558364868164,0.9977843426883308,0.6019370555877686,0.9996307237813885,0.6019370555877686,0.9996307237813885,8.011539875951712e-09,3.0861261990366984e-08,6.196113133682957e-08,1.0,0.47319021821022034,0.3690796196460724,41,0.7529566287994385,1.0,1.0,1.0,0.63092041015625,1.0,0.0,1.0
GCN,527,1561,1,1,2,-1.4081807136535645,5.073068141937256,6.48124885559082,0.8660253286361694,0.04245861992239952,0.0,0.6821692585945129,0.0674329549074173,0.2084122773777946,0,0.0,0.03698534542916958,53,0.6172034740447998,1.0,0.6597158102649717,0.9955686853766618,81.79242706298828,1.0,0.6779168844223022,1.0,0.6779168844223022,1.0,7.213993846733047e-09,6.006850128414953e-08,6.08147630032363e-08,1.0,0.6172035336494446,0.28731468319892883,48,0.9382726550102234,1.0000001192092896,1.0,1.0000001192092896,0.7126853466033936,1.0,0.0,1.0
GCN,527,1565,2,1,2,-3.9545812606811523,2.068723678588867,6.0233049392700195,0.8660253286361694,0.12177783250808716,0.0,0.7048924565315247,0.19305464625358582,0.6515725653656688,1,0.0,0.020237264480111653,29,0.6265642046928406,1.0,0.6817643892135682,0.9996307237813885,83.1197509765625,1.0,0.6895372867584229,1.0,0.6895372867584229,1.0,0.0,5.96155587118119e-08,5.964282934201037e-08,1.0,0.6265642642974854,0.27650582790374756,24,0.9677550196647644,1.0,1.0,1.0,0.7234941720962524,1.0,0.0,1.0
GCN,527,1567,3,0,4,-5.205903053283691,-0.2134997844696045,4.992403268814087,0.7499998807907104,0.048893678933382034,0.0,0.6558179259300232,0.0809662789106369,0.22110647972716937,0,0.0,0.03349616189811584,48,0.5126468539237976,1.0,0.6356274432395107,0.9948301329394387,78.49346160888672,0.9996307237813885,0.6510654091835022,1.0,0.6510654091835022,1.0,1.0202128031266966e-08,3.12929913093285e-08,6.244535910582272e-08,1.0,0.5126467943191528,0.31647080183029175,43,0.8145090341567993,1.0,1.0,1.0,0.6835291981697083,1.0,0.0,1.0
GCN,527,1568,2,1,4,-2.845118761062622,4.666682720184326,7.511801481246948,0.7499998807907104,0.026322316378355026,-0.0015330933965742588,0.7348003387451172,0.0413314588367939,0.10913224706328155,0,0.0,0.05722260990928123,82,0.5765445828437805,1.0,0.7071067390396978,0.9996307237813885,87.95159912109375,1.0,0.730560302734375,1.0,0.730560302734375,1.0,5.509778855383729e-09,3.5843821244441187e-09,5.993025808948005e-08,1.0,0.5765446424484253,0.23127372562885284,78,0.8653408288955688,1.0,1.0,1.0,0.7687262892723083,1.0,9.313225746154785e-10,1.0
GCN,527,1583,0,1,10,-0.35630667209625244,3.9007177352905273,4.25702440738678,0.5669466257095337,0.015888851135969162,-0.000398212083382532,0.7239914536476135,0.02283739298582077,0.10837438423645321,0,0.0,0.08932309839497557,128,0.429609090089798,1.0,0.6994377730887756,0.9996307237813885,86.69384002685547,1.0,0.7200524806976318,1.0,0.7200524806976318,1.0,7.258941003840391e-09,3.032434747751722e-08,6.101141991621262e-08,1.0,0.4296090602874756,0.24224072694778442,124,0.5899695158004761,1.0,1.0,1.0,0.7577592730522156,1.0,1.1641532182693481e-10,1.0
GCN,527,1589,2,1,3,-3.8923895359039307,4.24617862701416,8.13856816291809,0.8017836213111877,0.03290301933884621,-0.0014815361937507987,0.6394912004470825,0.04812538996338844,0.14153088291019325,0,0.0,0.05792044661549198,83,0.5359010100364685,0.9999999403953552,0.6223115558040514,0.9944608567208272,76.65798950195312,0.9996307237813885,0.6355302333831787,1.0,0.6355302333831787,1.0,4.6566128730773926e-09,4.1974139719513914e-09,6.01164202862492e-08,1.0,0.5359009504318237,0.3316139876842499,79,0.7499464154243469,1.0,1.0,1.0,0.6683859825134277,1.0,9.313225746154785e-10,0.9999999403953552
GCN,527,1591,3,1,1,-5.459294319152832,1.3707659244537354,6.830060243606567,0.9486831426620483,0.07737024128437042,-0.002167154336348176,0.5085581541061401,0.14782974123954773,0.5013262599469496,1,0.0,0.02930914166085136,42,0.4986336827278137,1.0,0.4995540776196003,0.9763663220088626,61.06471252441406,0.9874446085672083,0.5032961964607239,0.9985228951255539,0.5032961964607239,0.9985228951255539,0.0,2.995291836782599e-08,5.990583673565197e-08,1.0,0.4986337125301361,0.4743937849998474,38,0.9112474918365479,0.9999999403953552,0.9999999403953552,1.0,0.5256061553955078,0.9999999403953552,0.0,1.0
GCN,527,1597,3,1,2,-2.7673087120056152,4.465023040771484,7.2323317527771,0.8660253286361694,0.07410874962806702,-0.0006774735520593822,0.562323272228241,0.08672423660755157,0.2315270935960591,0,0.0,0.027913468248429867,40,0.5040964484214783,1.0,0.5498704616847568,0.990029542097489,66.94247436523438,0.9955686853766618,0.5563256144523621,0.9988921713441654,0.5563256144523621,0.9988921713441654,7.031331072937519e-09,3.068510068260366e-08,6.134319363582108e-08,1.0,0.504096508026123,0.41791945695877075,36,0.5605037212371826,1.0,1.0,1.0,0.5820805430412292,1.0,0.0,1.0
GCN,527,1600,3,1,1,-3.655336856842041,3.174126148223877,6.829463005065918,0.9486831426620483,0.08537032455205917,0.0,0.4764381945133209,0.1690777838230133,0.5759757483895415,1,0.0,0.02930914166085136,42,0.46491098403930664,1.0,0.4709734318624342,0.9693500738552437,57.60696792602539,0.9782127031019202,0.47141095995903015,0.9981536189069424,0.47141095995903015,0.9981536189069424,1.1019557710767458e-08,1.1073539418759992e-08,2.3802931181649e-08,1.0,0.46491095423698425,0.5099407434463501,37,0.8951737880706787,1.0,1.0,1.0,0.4900592565536499,1.0,0.0,1.0
GCN,527,1602,0,1,10,3.892486810684204,8.345349311828613,4.452862501144409,0.5669466257095337,0.018756752833724022,-0.0007914216257631779,0.6893041729927063,0.027825498953461647,0.10837438423645321,0,0.0,0.09979064898813678,143,0.40885186195373535,1.0,0.6638069109755479,0.9955686853766618,82.46153259277344,1.0,0.68511962890625,1.0,0.68511962890625,1.0,7.598274009978923e-09,7.172544336242481e-09,1.752781741970466e-08,1.0,0.40885183215141296,0.27885302901268005,140,0.5424400568008423,1.0,1.0,1.0,0.7211469411849976,1.0,2.3999632836613216e-10,1.0
GCN,527,1605,3,1,3,-3.577260732650757,3.5528621673583984,7.130122900009155,0.8017836213111877,0.034807637333869934,0.0,0.6534263491630554,0.052733078598976135,0.17904509283819628,0,0.0,0.055826936496859735,80,0.5475495457649231,1.0,0.6319100337970952,0.9948301329394387,78.19615936279297,0.9996307237813885,0.6486897468566895,1.0,0.6486897468566895,1.0,5.14339681956244e-09,5.294018112778076e-09,6.038999345037155e-08,1.0,0.5475494861602783,0.3170856833457947,75,0.7937110662460327,0.9999999403953552,1.0,0.9999999403953552,0.6829143166542053,1.0,0.0,1.0
GCN,527,1611,3,1,2,-4.114439964294434,2.7371416091918945,6.851581573486328,0.8660253286361694,0.08774266391992569,0.0,0.6298971176147461,0.14055517315864563,0.46513830996589617,1,0.0,0.01465457083042568,21,0.5639473795890808,1.0,0.6105402296294045,0.9944608567208272,75.28671264648438,0.9992614475627769,0.6226091384887695,1.0,0.6226091384887695,1.0,1.3170890156288806e-08,1.818614592252743e-08,6.777783312372776e-08,1.0,0.5639473795890808,0.3488095700740814,16,0.8738486766815186,0.9999998807907104,1.0,0.9999998807907104,0.6511904001235962,1.0,0.0,1.0
GCN,527,1628,0,1,17,4.695778846740723,8.176763534545898,3.480984687805176,0.462909996509552,0.013872207142412663,-0.012689149007201195,0.6918513774871826,0.01846471056342125,0.10837438423645321,0,0.0,0.13189113747383113,189,0.33495989441871643,1.0,0.6669404217807336,0.9977843426883308,82.78060150146484,1.0,0.6879215240478516,1.0,0.6879215240478516,1.0,1.4122287339546347e-08,3.302585938058655e-08,7.319392381077705e-08,1.0,0.3349599242210388,0.2764037847518921,187,0.42629116773605347,1.0,1.0,1.0,0.7235962152481079,1.0,4.234482098297576e-09,1.0
GCN,527,1629,2,1,3,-2.8826591968536377,4.25466775894165,7.137326955795288,0.8017836213111877,0.040660664439201355,-0.001340565038844943,0.6134220361709595,0.06196023151278496,0.20291777188328913,0,0.0,0.045359385903698535,65,0.5133448839187622,1.0,0.5957022494950661,0.9944608567208272,73.40887451171875,0.9985228951255539,0.608771026134491,0.9996307237813885,0.608771026134491,0.9996307237813885,6.71586253275791e-09,3.056473119045222e-08,6.105369010356299e-08,1.0,0.5133448839187622,0.3597463071346283,62,0.7314921617507935,1.0,0.9999999403953552,1.0000001192092896,0.6402536630630493,1.0,2.3283064365386963e-10,1.0
GCN,527,1632,2,1,3,-4.08054780960083,3.1947379112243652,7.275285720825195,0.8017836213111877,0.0515323206782341,0.0,0.6683704257011414,0.08863174915313721,0.23796892762410005,0,0.0,0.03628750872295883,52,0.558711051940918,1.0000001192092896,0.6473695624359395,0.9948301329394387,80.30665588378906,1.0,0.6631851196289062,1.0,0.6631851196289062,1.0,6.8437953082423064e-09,6.177695244247161e-09,1.1088244988854967e-08,1.0,0.558711051940918,0.3031647801399231,47,0.9216883182525635,1.0,1.0,1.0,0.6968352198600769,1.0,0.0,1.0000001192092896
GCN,527,1637,0,1,2,-1.1772980690002441,4.276187896728516,5.45348596572876,0.8660253286361694,0.07311322540044785,0.0,0.6707521677017212,0.11357595026493073,0.38044713906782873,1,0.0,0.02372644801116539,34,0.6036084294319153,1.0,0.6459545257642493,0.9948301329394387,80.0754623413086,1.0,0.6641470193862915,1.0,0.6641470193862915,1.0,0.0,1.1406325883811519e-09,2.2812651767623038e-09,1.0,0.6036084294319153,0.3030129671096802,29,0.9023668766021729,1.0,1.0,1.0,0.6969870328903198,1.0,0.0,1.0
GCN,527,1644,0,1,2,0.7083550095558167,6.415347576141357,5.706992566585541,0.8660253286361694,0.042852409183979034,0.0,0.7027318477630615,0.06734201312065125,0.20803334596438045,0,0.0,0.03279832519190509,47,0.6358740925788879,0.9999999403953552,0.677512756523165,0.9992614475627769,84.15056610107422,1.0,0.6984554529190063,1.0,0.6984554529190063,1.0,6.4186980175406916e-09,6.177695244247161e-09,9.687641799871471e-09,1.0,0.6358740329742432,0.265755832195282,42,0.9563813805580139,1.0,1.0,1.0,0.734244167804718,1.0,0.0,0.9999999403953552
GCN,527,1645,3,1,4,-1.9081852436065674,2.2130045890808105,4.121189832687378,0.7499998807907104,0.03293371573090553,0.0,0.6605517864227295,0.05064834654331207,0.16331943918150815,0,0.0,0.050942079553384506,73,0.5177695751190186,1.0,0.6400544486875304,0.9948301329394387,79.05069732666016,1.0,0.6562528014183044,1.0,0.6562528014183044,1.0,7.679882507716229e-09,6.269156749283411e-09,1.2120684900196466e-08,1.0,0.5177695751190186,0.30964046716690063,68,0.7618905901908875,1.0000001192092896,1.0,1.0000001192092896,0.6903595328330994,1.0,0.0,1.0
GCN,527,1653,4,1,5,-4.682010173797607,1.9059481620788574,6.587958335876465,0.7071066498756409,0.027107516303658485,-0.00242576003074646,0.672779381275177,0.04743434116244316,0.1330049261083744,0,0.0,0.06489881367759945,93,0.49741798639297485,1.0,0.6519719737661216,0.9951994091580503,80.57007598876953,1.0,0.6689068078994751,1.0,0.6689068078994751,1.0,5.963374238859842e-09,6.071480207481272e-09,1.2204513843983023e-08,1.0,0.49741798639297485,0.29654461145401,89,0.7374335527420044,1.0,1.0,1.0,0.70345538854599,1.0,4.656612873077393e-10,1.0
GCN,527,1661,5,1,4,0.3090498447418213,4.943242073059082,4.634192228317261,0.7499998807907104,0.024772169068455696,-0.004180748015642166,0.7414189577102661,0.042164187878370285,0.10989010989010989,0,0.0,0.04745289602233078,68,0.5817586183547974,1.0,0.7141695856311425,1.0,88.7636947631836,1.0,0.7374572157859802,1.0,0.7374572157859802,1.0,3.725290298461914e-09,5.975724803874982e-08,5.999972785275531e-08,1.0,0.5817584991455078,0.22432181239128113,64,0.8151115775108337,1.0,1.0,1.0,0.7756781578063965,1.0,9.313225746154785e-10,1.0
GCN,527,1668,2,1,2,-1.5866565704345703,4.440624237060547,6.027280807495117,0.8660253286361694,0.052428293973207474,-0.00081000936916098,0.5802320837974548,0.08499285578727722,0.2277377794619174,0,0.0,0.039078855547801813,56,0.5234181880950928,1.0,0.5647732312092226,0.9937223042836041,69.28067016601562,0.9970457902511078,0.5748987793922424,0.9996307237813885,0.5748987793922424,0.9996307237813885,4.748831994305647e-09,5.992800566900769e-08,6.076444947211712e-08,1.0,0.5234181880950928,0.39560866355895996,52,0.814608633518219,1.0000001192092896,1.0,1.0000001192092896,0.60439133644104,1.0,0.0,1.0
GCN,527,1675,6,1,4,-0.8956506848335266,3.7720353603363037,4.66768604516983,0.7499998807907104,0.028180701658129692,0.0,0.7115266919136047,0.041516393423080444,0.10913224706328155,0,0.0,0.044661549197487785,64,0.5581824779510498,1.0,0.686660427355274,0.9996307237813885,85.20127868652344,1.0,0.7078908681869507,1.0,0.7078908681869507,1.0,5.8161075955354136e-09,5.995287466475929e-08,6.069230096272804e-08,1.0,0.5581825375556946,0.2557564973831177,59,0.7861766815185547,1.0,1.0,1.0,0.7442435026168823,1.0,0.0,1.0
GCN,527,1679,3,1,3,-5.061638832092285,1.5497565269470215,6.611395359039307,0.8017836213111877,0.04936723783612251,-0.0006861517322249711,0.6032623052597046,0.07063516974449158,0.21049640015157256,0,0.0,0.034891835310537335,50,0.503951907157898,1.0,0.5897849603116939,0.9944608567208272,72.55865478515625,0.9977843426883308,0.5993077754974365,0.9996307237813885,0.5993077754974365,0.9996307237813885,7.392143785978078e-09,6.812037156578299e-09,1.3530264020289451e-08,1.0,0.5039518475532532,0.37146151065826416,46,0.6920629739761353,1.0,1.0,1.0,0.6285384893417358,1.0,4.656612873077393e-10,1.0
GCN,527,1684,3,1,2,-4.862059593200684,1.0876133441925049,5.9496729373931885,0.8660253286361694,0.07073012739419937,0.0,0.5520216822624207,0.12384713441133499,0.4037514209928003,1,0.0,0.027913468248429867,40,0.49523454904556274,1.0,0.5421298290439572,0.9889217134416544,66.21562957763672,0.9944608567208272,0.5463974475860596,0.9988921713441654,0.5463974475860596,0.9988921713441654,5.7410578513383825e-09,3.0308253684552255e-08,6.063532254074744e-08,1.0,0.49523451924324036,0.4281523823738098,35,0.8370825052261353,1.0,1.0,1.0,0.5718476176261902,1.0,0.0,1.0
GCN,527,1688,4,1,3,-2.128541946411133,5.158633232116699,7.287175178527832,0.8017836213111877,0.042996279895305634,0.0,0.6165396571159363,0.07253102213144302,0.21163319439181508,0,0.0,0.04815073272854152,69,0.5158214569091797,1.0,0.5985378420298512,0.9944608567208272,74.08860778808594,0.9992614475627769,0.6119968295097351,0.9996307237813885,0.6119968295097351,0.9996307237813885,7.580416294672432e-09,7.468748286498794e-09,1.4479780929832486e-08,1.0,0.5158214569091797,0.35665756464004517,64,0.8338945508003235,1.0000001192092896,1.0,1.0000001192092896,0.6433424353599548,1.0,0.0,1.0
GCN,527,1695,0,1,3,1.6906957626342773,6.767836570739746,5.077140808105469,0.8017836213111877,0.03938470408320427,0.0,0.6535707116127014,0.060899704694747925,0.2019704433497537,0,0.0,0.0418702023726448,60,0.5473308563232422,1.0,0.6303283535084665,0.9948301329394387,78.25035858154297,0.9996307237813885,0.6494185924530029,1.0,0.6494185924530029,1.0,6.51925802230835e-09,7.0621029024664495e-09,1.2888711431457978e-08,1.0,0.5473308563232422,0.31735843420028687,55,0.8102842569351196,1.0,1.0,1.0,0.6826415657997131,1.0,0.0,1.0
GCN,527,1705,1,1,7,-0.9666979312896729,3.8534741401672363,4.820172071456909,0.6396021246910095,0.022932209074497223,0.0,0.666715145111084,0.034857481718063354,0.10837438423645321,0,0.0,0.08443824145150035,121,0.4460170865058899,1.0,0.6439856329464476,0.9948301329394387,79.76410675048828,1.0,0.6625344753265381,1.0,0.6625344753265381,1.0,6.431353671842999e-09,3.087113853439405e-08,6.226982662838054e-08,1.0,0.4460171163082123,0.30266472697257996,116,0.6481870412826538,1.0,1.0,1.0,0.6973352432250977,1.0,0.0,1.0
GCN,527,1707,5,1,1,-2.467662811279297,3.001404285430908,5.469067096710205,0.9486831426620483,0.06727758795022964,0.0,0.6035948991775513,0.11544911563396454,0.3874573702159909,1,0.0,0.030006978367062107,43,0.595632791519165,1.0,0.5858851345822437,0.9940915805022157,72.53002166748047,0.9977843426883308,0.5985632538795471,0.9996307237813885,0.5985632538795471,0.9996307237813885,7.902533738501916e-09,8.185578437291952e-09,1.3638972617968648e-08,1.0,0.5956327319145203,0.3721478581428528,38,0.9826230406761169,1.0,1.0,1.0,0.6278521418571472,1.0,0.0,1.0
GCN,527,1726,2,1,3,-3.0975985527038574,4.674505710601807,7.772104263305664,0.8017836213111877,0.029439043253660202,0.0,0.7381277680397034,0.045515693724155426,0.12182644941265632,0,0.0,0.045359385903698535,65,0.6191286444664001,1.0000001192092896,0.7108652686010916,1.0,88.31722259521484,1.0,0.7339134216308594,1.0,0.7339134216308594,1.0,2.221062889162795e-09,3.217783595133028e-09,5.982789019753909e-08,1.0,0.6191287040710449,0.22781071066856384,60,0.9150107502937317,0.9999998807907104,1.0,0.9999998807907104,0.7721892595291138,1.0,0.0,1.0000001192092896
GCN,527,1727,2,1,3,-3.83929443359375,3.407672166824341,7.246966600418091,0.8017836213111877,0.041580550372600555,-0.0007284163148142397,0.6691206693649292,0.06264147907495499,0.20367563471011746,0,0.0,0.03977669225401256,57,0.5602203607559204,1.0,0.6469566947839446,0.9948301329394387,80.21200561523438,1.0,0.6643969416618347,1.0,0.6643969416618347,1.0,8.024216846536092e-09,6.013546993699492e-08,6.12803461308431e-08,1.0,0.5602203011512756,0.3012825548648834,53,0.8082270622253418,1.0000001192092896,1.0000001192092896,1.0,0.6987175941467285,1.0000001192092896,0.0,1.0
GCN,527,1734,2,1,4,-4.416955947875977,2.6924049854278564,7.109360933303833,0.7499998807907104,0.049600232392549515,0.0,0.7546529173851013,0.07911244034767151,0.22034861690034105,0,0.0,0.03210048848569435,46,0.5905607342720032,1.0,0.7283130599356692,1.0,90.2522964477539,1.0,0.7496545314788818,1.0,0.7496545314788818,1.0,6.195220336735474e-09,9.712135984329962e-09,1.643330271861032e-08,1.0,0.5905607342720032,0.21258553862571716,41,0.9027543067932129,0.9999999403953552,1.0,0.9999999403953552,0.7874144315719604,1.0,0.0,1.0
GCN,527,1749,2,1,4,-4.301509380340576,3.578561544418335,7.880070924758911,0.7499998807907104,0.02372104860842228,-0.05262439325451851,0.7530382871627808,0.03788752108812332,0.10837438423645321,0,0.0,0.061409630146545706,88,0.5897449851036072,1.0,0.7247813141615176,1.0,90.1480941772461,1.0,0.748958945274353,1.0,0.748958945274353,1.0,3.3900653395591007e-09,2.9080537977677068e-09,5.98069078705521e-08,1.0,0.589745044708252,0.21367309987545013,84,0.9020707607269287,0.9999999403953552,1.0,0.9999999403953552,0.7863268852233887,1.0,1.4551915228366852e-08,1.0
GCN,527,1752,2,1,3,-4.315395355224609,4.061787128448486,8.377182483673096,0.8017836213111877,0.04047592729330063,-0.0012990536633878946,0.7125195264816284,0.05782404541969299,0.1962864721485411,0,0.0,0.03838101884159107,55,0.5968308448791504,1.0,0.6864612491489783,0.9996307237813885,85.24191284179688,1.0,0.708040714263916,1.0,0.708040714263916,1.0,1.4066516840216536e-09,5.985513951145549e-08,6.031235244563504e-08,1.0,0.5968309044837952,0.2556210160255432,51,0.8161417245864868,0.9999998807907104,1.0,0.9999998807907104,0.7443789839744568,1.0,4.656612873077393e-10,1.0
GCN,527,1753,2,1,3,-3.8283936977386475,4.290728569030762,8.11912226676941,0.8017836213111877,0.03781340271234512,-0.0013905229279771447,0.7046385407447815,0.06429138779640198,0.20500189465706706,0,0.0,0.040474528960223306,58,0.59038907289505,1.0,0.6790343906642976,0.9992614475627769,84.49244689941406,1.0,0.7002308368682861,1.0,0.7002308368682861,1.0,3.9803147444672504e-09,5.974646910544834e-08,6.002085228828946e-08,1.0,0.5903891324996948,0.26365533471107483,54,0.9605735540390015,1.0,1.0,1.0,0.7363446950912476,1.0,4.656612873077393e-10,1.0
GCN,527,1760,2,1,2,-2.6952359676361084,5.448282718658447,8.143518686294556,0.8660253286361694,0.03895721957087517,0.0,0.7141122221946716,0.06115126982331276,0.2019704433497537,0,0.0,0.04326587578506629,62,0.6464930772781372,1.0,0.6905362749715763,0.9996307237813885,85.60765075683594,1.0,0.7099535465240479,1.0,0.7099535465240479,1.0,0.0,1.9199706269290573e-09,1.975633434625479e-09,1.0,0.6464930772781372,0.2534940242767334,57,0.9707659482955933,1.0000001192092896,1.0,1.0000001192092896,0.7465059757232666,1.0,0.0,1.0
GCN,527,1764,5,1,2,-2.668383836746216,4.36754035949707,7.035924196243286,0.8660253286361694,0.04298344999551773,0.0,0.6750914454460144,0.06715032458305359,0.20765441455096628,0,0.0,0.041172365666434056,59,0.6107260584831238,1.0,0.6535886433014527,0.9951994091580503,81.06620025634766,1.0,0.6708187460899353,1.0,0.6708187460899353,1.0,3.2261959770352178e-09,3.357931266378955e-09,5.6013278459943194e-09,1.0,0.6107260584831238,0.2947941720485687,54,0.913355827331543,1.0,1.0,1.0,0.7052057981491089,1.0,0.0,1.0
GCN,527,1768,1,1,3,-1.7679522037506104,4.367432117462158,6.1353843212127686,0.8017836213111877,0.0384545661509037,-0.0011977317044511437,0.6691064834594727,0.05093635618686676,0.16331943918150815,0,0.0,0.039078855547801813,56,0.5604368448257446,1.0,0.6463191579046593,0.9948301329394387,80.0895767211914,1.0,0.6648489832878113,1.0,0.6648489832878113,1.0,2.7152484705084134e-09,5.981708994795554e-08,6.028803056778997e-08,1.0,0.5604367852210999,0.30101245641708374,52,0.6838627457618713,1.0,1.0,1.0,0.6989875435829163,1.0,4.656612873077393e-10,1.0
GCN,527,1771,1,1,3,-2.153186798095703,4.352004528045654,6.505191326141357,0.8017836213111877,0.02847922407090664,0.0,0.7380997538566589,0.04449717700481415,0.11595301250473665,0,0.0,0.052337752965806,75,0.6191544532775879,1.0,0.7098966251927692,1.0,88.35305786132812,1.0,0.733742356300354,1.0,0.733742356300354,1.0,2.57169840978122e-09,2.2332331539587358e-09,3.6883511800311908e-09,1.0,0.6191543936729431,0.22777873277664185,70,0.9246481657028198,0.9999999403953552,1.0,0.9999999403953552,0.7722212672233582,1.0,0.0,1.0
GCN,527,1777,1,1,5,-2.7512009143829346,2.7604243755340576,5.511625289916992,0.7071066498756409,0.02049332670867443,0.0,0.7300719618797302,0.031010564416646957,0.10837438423645321,0,0.0,0.06838799720865317,98,0.5403041839599609,1.0,0.7027943151418855,0.9996307237813885,87.39986419677734,1.0,0.7259640693664551,1.0,0.7259640693664551,1.0,4.490674943014028e-09,5.973910077727851e-08,6.00650054138896e-08,1.0,0.5403041839599609,0.2358943223953247,93,0.7811740636825562,0.9999999403953552,1.0,0.9999999403953552,0.7641056776046753,1.0,0.0,1.0
GCN,527,1779,1,1,6,-1.986397385597229,3.206188440322876,5.192585825920105,0.6708203554153442,0.01649351976811886,0.0,0.7593809366226196,0.024726808071136475,0.10837438423645321,0,0.0,0.08094905792044661,116,0.5332961082458496,1.0,0.730649140467406,1.0,90.90116882324219,1.0,0.7551966309547424,1.0,0.7551966309547424,1.0,3.3254867748411243e-09,3.875074039427773e-09,5.997515728495273e-08,1.0,0.5332960486412048,0.2050090730190277,111,0.7636961340904236,0.9999998807907104,1.0,0.9999998807907104,0.7949908971786499,1.0,0.0,1.0
GCN,527,1781,1,1,5,-1.7882944345474243,3.716285228729248,5.504579663276672,0.7071066498756409,0.020358620211482048,0.0,0.740786612033844,0.02889079786837101,0.10837438423645321,0,0.0,0.06908583391486392,99,0.5482518076896667,1.0,0.7134549768139419,1.0,88.68299865722656,1.0,0.7366352081298828,1.0,0.7366352081298828,1.0,5.703162830883457e-09,5.98850178334942e-08,6.053419809859406e-08,1.0,0.548251748085022,0.22465477883815765,94,0.7433429956436157,1.0,1.0,1.0,0.7753452062606812,1.0,0.0,1.0
GCN,527,1783,1,1,2,-2.269205093383789,3.8065810203552246,6.075786113739014,0.8660253286361694,0.05284871533513069,0.0,0.6378418803215027,0.08776096999645233,0.23796892762410005,0,0.0,0.03349616189811584,48,0.5759397149085999,1.0,0.6169951899818623,0.9944608567208272,76.45621490478516,0.9992614475627769,0.6334872841835022,1.0,0.6334872841835022,1.0,3.725290298461914e-09,3.7614942272057306e-09,6.567997257178604e-09,1.0,0.5759397149085999,0.33496198058128357,43,0.9172983765602112,1.0,1.0,1.0,0.665037989616394,1.0,0.0,1.0
GCN,527,1786,1,1,3,-2.1199090480804443,4.271978378295898,6.391887426376343,0.8017836213111877,0.04280943050980568,-0.1265411227941513,0.6585493683815002,0.2805107831954956,0.8486169003410383,1,0.0,0.040474528960223306,58,0.5455987453460693,1.0,0.6333035812374855,0.9948301329394387,78.8489990234375,0.9996307237813885,0.6541789770126343,1.0,0.6541789770126343,1.0,4.44212577832559e-09,5.981753758987907e-08,6.031995525290768e-08,1.0,0.5455986857414246,0.3195188045501709,56,0.7213177680969238,1.0000001192092896,1.0,1.0000001192092896,0.6804811954498291,1.0,2.8878510249796818e-08,1.0
GCN,527,1794,4,1,4,-2.9198126792907715,3.5892348289489746,6.509047508239746,0.7499998807907104,0.03236208111047745,-0.00277933431789279,0.6339986324310303,0.044644616544246674,0.11708980674497915,0,0.0,0.05792044661549198,83,0.4968087077140808,1.0,0.6161342518723801,0.9944608567208272,76.04564666748047,0.9992614475627769,0.629656195640564,1.0,0.629656195640564,1.0,5.7410578513383825e-09,5.913165068704984e-09,1.1894193185923996e-08,1.0,0.4968086779117584,0.3375883102416992,80,0.6559672355651855,1.0,1.0,1.0,0.6624116897583008,1.0,4.656612873077393e-10,1.0
GCN,527,1803,0,1,4,0.2812614440917969,4.144070625305176,3.862809181213379,0.7499998807907104,0.03411750867962837,0.0,0.6523190140724182,0.056462064385414124,0.19306555513452064,0,0.0,0.04884856943475227,70,0.5112023949623108,1.0,0.6316296625454061,0.9948301329394387,78.2464370727539,0.9996307237813885,0.648162841796875,1.0,0.648162841796875,1.0,8.786079419564885e-09,3.104340606796541e-08,6.198136048851666e-08,1.0,0.511202335357666,0.31839674711227417,65,0.8096562623977661,1.0,1.0,1.0,0.6816032528877258,1.0,0.0,1.0
GCN,527,1807,3,1,5,-3.2927944660186768,3.2299861907958984,6.522780656814575,0.7071066498756409,0.027405831962823868,0.0,0.7421384453773499,0.04729137569665909,0.1330049261083744,0,0.0,0.06629448709002093,95,0.5489174127578735,1.0,0.715819771260347,1.0,88.80628967285156,1.0,0.738166093826294,1.0,0.738166093826294,1.0,3.017829985907383e-09,5.968871619188576e-08,5.989025453345675e-08,1.0,0.5489174127578735,0.22371336817741394,90,0.9055426120758057,0.9999999403953552,1.0,0.9999999403953552,0.7762866020202637,1.0,0.0,1.0
GCN,527,1809,3,1,3,-3.3558168411254883,4.533580303192139,7.889397144317627,0.8017836213111877,0.030296210199594498,-0.1414041519165039,0.6877967715263367,0.24425017833709717,0.7838196286472149,1,0.0,0.055826936496859735,80,0.5722848773002625,1.0,0.6645552433937607,0.9966765140324964,82.3913345336914,1.0,0.6837673187255859,1.0,0.6837673187255859,1.0,4.928095709288982e-09,5.981935657928261e-08,6.026306920148272e-08,1.0,0.5722849369049072,0.2862352132797241,76,0.8405635952949524,1.0,1.0,1.0,0.7137647867202759,1.0,4.656612873077393e-10,1.0
GCN,527,1810,3,0,44,-7.5705461502075195,-5.37113094329834,2.1994152069091797,0.3061861991882324,0.007939260452985764,-0.012934954836964607,0.6398270726203918,0.011648713611066341,0.10837438423645321,0,0.0,0.2882065596650384,413,0.20492437481880188,1.0,0.6213775082531624,0.9944608567208272,76.53276824951172,0.9992614475627769,0.6360725164413452,1.0,0.6360725164413452,1.0,1.9742611101492002e-08,4.8346429082357645e-08,2.0013568757804023e-07,1.0,0.20492441952228546,0.33071959018707275,412,0.2874392867088318,1.0,1.0,1.0,0.6692804098129272,1.0,2.9600313311561877e-08,1.0
GCN,527,1817,3,1,2,-2.878622055053711,5.167724132537842,8.046346187591553,0.8660253286361694,0.040711306035518646,0.0,0.7107047438621521,0.06424586474895477,0.20500189465706706,0,0.0,0.039078855547801813,56,0.6432767510414124,1.0,0.6873336504042246,0.9996307237813885,85.18660736083984,1.0,0.706951916217804,1.0,0.706951916217804,1.0,7.450580596923828e-09,6.006850128414953e-08,1.197715278067335e-07,1.0,0.6432768106460571,0.25720787048339844,51,0.9712923765182495,1.0,1.0,1.0,0.7427921295166016,1.0,0.0,1.0
GCN,527,1822,3,1,2,-4.7085771560668945,2.1668241024017334,6.875401258468628,0.8660253286361694,0.04931676387786865,0.0,0.6381011009216309,0.08230814337730408,0.22300113679424025,0,0.0,0.039078855547801813,56,0.5765193104743958,1.0,0.6197143447686319,0.9944608567208272,76.6295394897461,0.9996307237813885,0.633963942527771,1.0,0.633963942527771,1.0,6.650973549682249e-09,6.719897527318608e-09,1.1695103552256114e-08,1.0,0.5765193104743958,0.3342927396297455,51,0.92229163646698,1.0,1.0,1.0,0.6657072305679321,1.0,0.0,1.0
GCN,527,1825,5,1,4,-3.388875961303711,2.3445675373077393,5.73344349861145,0.7499998807907104,0.026812797412276268,-0.07802918553352356,0.6933344006538391,0.039308179169893265,0.10837438423645321,0,0.0,0.06071179344033496,87,0.5417593121528625,1.0,0.6683112264799597,0.9977843426883308,83.04299926757812,1.0,0.6894423961639404,1.0,0.6894423961639404,1.0,6.367822269481849e-09,6.393310769681193e-09,6.078015957200478e-08,1.0,0.5417593121528625,0.27765417098999023,84,0.7623330950737,1.0,1.0,1.0,0.7223458290100098,1.0,1.4435969752923938e-08,1.0
GCN,527,1829,5,1,5,-2.2614388465881348,2.8551511764526367,5.1165900230407715,0.7071066498756409,0.027531038969755173,-0.0006594162550754845,0.6680701375007629,0.031216047704219818,0.10837438423645321,0,0.0,0.0628053035589672,90,0.49394848942756653,1.0,0.646495185139333,0.9948301329394387,79.96121978759766,1.0,0.6637474894523621,1.0,0.6637474894523621,1.0,9.313225746154785e-09,9.394362621151231e-09,1.9017788233099964e-08,1.0,0.49394848942756653,0.3014512062072754,87,0.5356267690658569,1.0,1.0,1.0,0.6985487937927246,1.0,1.1641532182693481e-10,1.0
GCN,527,1836,6,1,2,-1.6258434057235718,2.674023389816284,4.299866795539856,0.8660253286361694,0.05269947648048401,-0.0017710782121866941,0.5832666158676147,0.09062108397483826,0.24820007578628267,0,0.0,0.0418702023726448,60,0.5261029601097107,1.0,0.5712057982190547,0.9937223042836041,69.99893188476562,0.9974150664697193,0.5786494612693787,0.9996307237813885,0.5786494612693787,0.9996307237813885,8.736580348056577e-09,9.726080385519253e-09,6.240865957352071e-08,1.0,0.5261029005050659,0.3925085961818695,56,0.86860191822052,0.9999999403953552,1.0,0.9999999403953552,0.6074913740158081,1.0,4.656612873077393e-10,1.0
GCN,527,1838,0,1,4,2.293783187866211,7.168383598327637,4.874600410461426,0.7499998807907104,0.02996130846440792,-0.0028100283816456795,0.7001256346702576,0.04236944019794464,0.10989010989010989,0,0.0,0.05373342637822749,77,0.5490217804908752,1.0,0.6732778541406709,0.9988921713441654,83.80571746826172,1.0,0.6961503028869629,1.0,0.6961503028869629,1.0,5.350040854779081e-09,5.985513951145549e-08,6.043365630148401e-08,1.0,0.5490217208862305,0.2679709494113922,75,0.683283805847168,0.9999999403953552,1.0,0.9999999403953552,0.7320290803909302,1.0,8.394828165947388e-10,1.0
GCN,527,1841,0,1,5,3.15012788772583,7.570255279541016,4.4201273918151855,0.7071066498756409,0.02428826317191124,0.0,0.7335978746414185,0.03394090384244919,0.10837438423645321,0,0.0,0.051639916259595256,74,0.5427460670471191,1.0,0.7059543058126686,0.9996307237813885,87.87107849121094,1.0,0.7298381328582764,1.0,0.7298381328582764,1.0,4.490674943014028e-09,5.978898798275623e-08,6.024611565180749e-08,1.0,0.5427460074424744,0.23244106769561768,69,0.724886417388916,1.0,1.0,1.0,0.7675589323043823,1.0,0.0,1.0
GCN,527,1845,5,1,2,0.4009748697280884,5.194296836853027,4.793321967124939,0.8660253286361694,0.04723455011844635,0.0,0.6498160362243652,0.07577767968177795,0.21580143993937098,0,0.0,0.034193998604326585,49,0.5873757004737854,1.0,0.6291305663212936,0.9948301329394387,77.8735580444336,0.9996307237813885,0.6458619236946106,1.0,0.6458619236946106,1.0,7.213993846733047e-09,7.468748286498794e-09,1.2465740439893125e-08,1.0,0.5873757004737854,0.32175689935684204,44,0.9028229117393494,1.0,1.0,1.0,0.678243100643158,1.0,0.0,1.0
GCN,527,1852,3,1,2,-2.1299784183502197,5.375241279602051,7.5052196979522705,0.8660253286361694,0.04241049662232399,0.0,0.7186665534973145,0.06696726381778717,0.20765441455096628,0,0.0,0.041172365666434056,59,0.6503956317901611,1.0,0.6935253535657605,0.9996307237813885,86.284423828125,1.0,0.7145718336105347,1.0,0.7145718336105347,1.0,9.599853134645286e-10,5.96223799220752e-08,5.965779337202548e-08,1.0,0.6503955721855164,0.24898779392242432,54,0.9827594757080078,1.0,1.0,1.0,0.7510122060775757,1.0,0.0,1.0
GCN,527,1853,3,1,1,-2.8934967517852783,5.140766620635986,8.034263372421265,0.9486831426620483,0.07529958337545395,-0.006189248524606228,0.62812739610672,0.13202062249183655,0.4236453201970443,1,0.0,0.027913468248429867,40,0.6186732649803162,1.0,0.6092553877202908,0.9944608567208272,75.11599731445312,0.9992614475627769,0.6233106255531311,1.0,0.6233106255531311,1.0,7.450580596923828e-09,6.006850128414953e-08,1.1983703984697058e-07,1.0,0.6186733245849609,0.3478609323501587,36,0.9960211515426636,1.0,1.0,1.0,0.6521390676498413,1.0,0.0,1.0
GCN,527,1858,3,1,2,-3.46816086769104,5.2800397872924805,8.74820065498352,0.8660253286361694,0.04219500720500946,0.0,0.6678582429885864,0.0673636645078659,0.20803334596438045,0,0.0,0.04396371249127704,63,0.6042077541351318,1.0,0.6468550665175249,0.9948301329394387,80.37541961669922,1.0,0.6642968654632568,1.0,0.6642968654632568,1.0,4.822461541209577e-09,5.069082043007711e-09,8.46736991633179e-09,1.0,0.6042077541351318,0.3023208975791931,58,0.9233779311180115,1.0,1.0,1.0,0.6976791024208069,1.0,0.0,1.0
GCN,527,1862,3,0,4,-6.098652362823486,-0.019951820373535156,6.078700542449951,0.7499998807907104,0.03824695572257042,-0.0016780003206804395,0.6440485715866089,0.058744482696056366,0.1964759378552482,0,0.0,0.050942079553384506,73,0.5042970180511475,1.0,0.6268092670758588,0.9948301329394387,77.0932846069336,0.9996307237813885,0.6396058201789856,1.0,0.6396058201789856,1.0,9.949253865215724e-09,6.048669121128114e-08,1.2094467649603757e-07,1.0,0.5042970776557922,0.32760393619537354,69,0.7139639854431152,1.0,1.0000001192092896,0.9999998807907104,0.672396183013916,1.0000001192092896,0.0,1.0
GCN,527,1866,3,1,2,-4.1670684814453125,3.617743730545044,7.7848122119903564,0.8660253286361694,0.050968583673238754,-0.004515469539910555,0.6591367125511169,0.0893513634800911,0.2451686244789693,0,0.0,0.03698534542916958,53,0.5952814817428589,1.0,0.638801841461057,0.9948301329394387,78.87305450439453,0.9996307237813885,0.6544514298439026,1.0,0.6544514298439026,1.0,7.461486539739326e-09,6.093583237998246e-08,6.32217478369057e-08,1.0,0.5952814817428589,0.3126280903816223,49,0.9353762865066528,0.9999999403953552,1.0,0.9999999403953552,0.6873719096183777,1.0,9.313225746154785e-10,1.0
GCN,527,1870,3,1,4,-3.9284064769744873,3.3702006340026855,7.298607110977173,0.7499998807907104,0.035886626690626144,0.0,0.7585387229919434,0.05984712764620781,0.19969685486926866,0,0.0,0.04954640614096301,71,0.5947074294090271,1.0,0.7318632716828075,1.0,90.83221435546875,1.0,0.7541975975036621,1.0,0.7541975975036621,1.0,4.066212255793289e-09,4.255135355180073e-09,7.173286409312141e-09,1.0,0.5947074294090271,0.20705664157867432,66,0.9487452507019043,0.9999998807907104,1.0,0.9999998807907104,0.7929433584213257,1.0,0.0,1.0
GCN,527,1872,3,1,1,-2.7910895347595215,5.737875938415527,8.528965473175049,0.9486831426620483,0.06322353333234787,0.0,0.6261578798294067,0.10583247989416122,0.35392194012883665,1,0.0,0.03279832519190509,47,0.6186732649803162,1.0,0.6068362635969815,0.9944608567208272,75.56656646728516,0.9992614475627769,0.6223284006118774,0.9996307237813885,0.6223284006118774,0.9996307237813885,0.0,5.961192073300481e-08,1.192247509607114e-07,1.0,0.6186733245849609,0.3478609621524811,42,0.9943636655807495,1.0,1.0,1.0,0.6521390676498413,1.0,0.0,1.0
GCN,527,1878,5,1,3,-1.540452480316162,4.191805839538574,5.732258319854736,0.8017836213111877,0.03861081600189209,0.0,0.6613083481788635,0.06810423731803894,0.20954907161803712,0,0.0,0.04675505931612003,67,0.553907036781311,1.0,0.6395031014069729,0.9948301329394387,79.30502319335938,1.0,0.6573036313056946,1.0,0.6573036313056946,1.0,2.7939677238464355e-09,3.0535451944757597e-09,5.541068492931345e-09,1.0,0.553907036781311,0.30915647745132446,62,0.935247004032135,1.0,1.0,1.0,0.6908435225486755,1.0,0.0,1.0
GCN,527,1879,5,1,4,-0.15717828273773193,4.761910438537598,4.91908872127533,0.7499998807907104,0.02803421951830387,-0.0014854940818622708,0.6982038617134094,0.04442035034298897,0.11405835543766578,0,0.0,0.0628053035589672,90,0.5476659536361694,1.0,0.6734321425859873,0.9988921713441654,83.65294647216797,1.0,0.6942049860954285,1.0,0.6942049860954285,1.0,4.883896842500235e-09,2.7351407805298322e-09,5.981893735906851e-08,1.0,0.5476660132408142,0.2697785496711731,86,0.8297302722930908,1.0,1.0,1.0,0.7302214503288269,1.0,4.656612873077393e-10,1.0
GCN,527,1881,5,1,5,-4.225096702575684,0.9387609958648682,5.163857698440552,0.7071066498756409,0.03032173030078411,-0.00039581526652909815,0.7077412605285645,0.04604075849056244,0.12542629784009093,0,0.0,0.05512909979064899,79,0.5232154726982117,1.0,0.6831277403292265,0.9996307237813885,84.64009094238281,1.0,0.7030662298202515,1.0,0.7030662298202515,1.0,8.859810662897871e-09,8.714835963985479e-09,1.6659127410889596e-08,1.0,0.5232154726982117,0.26006144285202026,75,0.7598851323127747,1.0,1.0,1.0,0.7399385571479797,1.0,4.656612873077393e-10,1.0
GCN,527,1891,4,1,3,-1.9367351531982422,5.5951642990112305,7.531899452209473,0.8017836213111877,0.03477390855550766,0.0,0.7194893956184387,0.05558191239833832,0.1911708980674498,0,0.0,0.045359385903698535,65,0.6031444668769836,1.0000001192092896,0.6936785970491699,0.9996307237813885,86.12793731689453,1.0,0.7157391905784607,1.0,0.7157391905784607,1.0,3.017829985907383e-09,5.96828115817516e-08,1.193151604184095e-07,1.0,0.6031444072723389,0.24774666130542755,60,0.9220651388168335,1.0,1.0,1.0,0.7522533535957336,1.0,0.0,1.0000001192092896
GCN,527,1899,5,1,5,-1.9735097885131836,2.775628089904785,4.749137878417969,0.7071066498756409,0.03274163976311684,-0.0004882207722403109,0.6501519680023193,0.0387628935277462,0.10837438423645321,0,0.0,0.061409630146545706,88,0.48029786348342896,1.0,0.6297232728929827,0.9948301329394387,77.79190063476562,0.9996307237813885,0.6454893946647644,1.0,0.6454893946647644,1.0,8.132424511586578e-09,8.462360590044682e-09,1.7608162039550734e-08,1.0,0.48029786348342896,0.32075613737106323,85,0.5442715883255005,1.0,1.0,1.0,0.6792438626289368,1.0,1.1641532182693481e-10,1.0
GCN,527,1901,5,1,6,-4.0409040451049805,0.28683018684387207,4.3277342319488525,0.6708203554153442,0.02412213757634163,-0.0002647081855684519,0.6707327365875244,0.03622495383024216,0.10837438423645321,0,0.0,0.0732728541521284,105,0.47060301899909973,1.0,0.6494515085538647,0.9948301329394387,80.30988311767578,1.0,0.6668241620063782,1.0,0.6668241620063782,1.0,5.247736023505922e-09,3.026171313535997e-08,6.063784496745939e-08,1.0,0.47060301899909973,0.29846638441085815,101,0.6756904125213623,1.0,1.0,1.0,0.7015336155891418,1.0,1.1641532182693481e-10,1.0
GCN,527,1904,5,1,3,-3.2845370769500732,1.6679203510284424,4.952457427978516,0.8017836213111877,0.03409658744931221,-0.000393519556382671,0.6712583303451538,0.05387365072965622,0.18321333838575218,0,0.0,0.04884856943475227,70,0.5625911951065063,1.0,0.6496309305492503,0.9948301329394387,80.34053802490234,1.0,0.6668007373809814,1.0,0.6668007373809814,1.0,5.6266067360866145e-09,5.390419222095488e-09,6.0375874966212e-08,1.0,0.5625911951065063,0.29832541942596436,66,0.8503786325454712,1.0,1.0,1.0,0.7016745805740356,1.0,0.0,1.0
GCN,527,1906,4,1,5,-1.6561877727508545,5.089137077331543,6.7453248500823975,0.7071066498756409,0.022715983912348747,-0.0004659447877202183,0.7128602266311646,0.030283566564321518,0.10837438423645321,0,0.0,0.06769016050244243,97,0.5274350047111511,1.0,0.6890408631472118,0.9996307237813885,85.34408569335938,1.0,0.7087000608444214,1.0,0.7087000608444214,1.0,4.44212577832559e-09,3.6369309786010717e-09,6.901875071463337e-09,1.0,0.5274350047111511,0.2540941536426544,93,0.6719931364059448,1.0,1.0,1.0,0.745905876159668,1.0,4.656612873077393e-10,1.0
GCN,527,1909,0,1,6,0.40300774574279785,6.026131629943848,5.62312388420105,0.6708203554153442,0.02229304611682892,0.0,0.7267822623252869,0.02348581701517105,0.10837438423645321,0,0.0,0.06838799720865317,98,0.5101363658905029,1.0,0.7013084044928855,0.9996307237813885,86.96680450439453,1.0,0.7226003408432007,1.0,0.7226003408432007,1.0,7.750148078855545e-09,3.079532007177477e-08,6.151496023676373e-08,1.0,0.5101363658905029,0.23953357338905334,93,0.5136257410049438,1.0,1.0,1.0,0.760466456413269,1.0,0.0,1.0
GCN,527,1911,5,1,4,0.022138476371765137,5.234141826629639,5.2120033502578735,0.7499998807907104,0.03258530795574188,0.0,0.6593238115310669,0.046648893505334854,0.13092080333459644,0,0.0,0.05512909979064899,79,0.5168269276618958,1.0,0.6385603407783813,0.9948301329394387,78.97634887695312,1.0,0.6551227569580078,1.0,0.6551227569580078,1.0,6.05359673500061e-09,3.06072678313285e-08,6.111461914315441e-08,1.0,0.5168269872665405,0.31089723110198975,74,0.7079123258590698,0.9999999403953552,1.0,0.9999999403953552,0.6891027688980103,1.0,0.0,1.0
GCN,527,1913,0,1,4,1.7667512893676758,6.521052837371826,4.75430154800415,0.7499998807907104,0.026215925812721252,0.0,0.6670634150505066,0.03668445721268654,0.10837438423645321,0,0.0,0.06769016050244243,97,0.5233129262924194,1.0,0.6459583551134179,0.9948301329394387,79.83663177490234,1.0,0.6623594164848328,1.0,0.6623594164848328,1.0,6.160119969678135e-09,3.041181884100297e-08,6.071857683309645e-08,1.0,0.5233128666877747,0.30224937200546265,92,0.7000759840011597,1.0,1.0,1.0,0.6977506279945374,1.0,0.0,1.0
GCN,527,1916,6,1,3,-0.3246474862098694,4.6392669677734375,4.963914453983307,0.8017836213111877,0.0381162203848362,0.0,0.6643258929252625,0.05533354729413986,0.1896551724137931,0,0.0,0.03838101884159107,55,0.5564852952957153,1.0,0.6421244216717327,0.9948301329394387,79.52098083496094,1.0,0.6606863737106323,1.0,0.6606863737106323,1.0,4.928095709288982e-09,7.333241125451195e-09,6.10512245202699e-08,1.0,0.5564853549003601,0.30594074726104736,50,0.7732448577880859,1.0,1.0,1.0,0.6940592527389526,1.0,0.0,1.0
GCN,527,1918,6,1,2,0.06304371356964111,5.967822074890137,5.904778361320496,0.8660253286361694,0.09712883830070496,0.0,0.6641876101493835,0.16156235337257385,0.5507768093974991,1,0.0,0.01465457083042568,21,0.5938405990600586,1.0,0.6392513294631328,0.9948301329394387,78.98181915283203,1.0,0.6558350324630737,1.0,0.6558350324630737,1.0,6.71586253275791e-09,6.001252472742635e-08,1.197626460225365e-07,1.0,0.5938406586647034,0.3142918050289154,16,0.9567828178405762,0.9999999403953552,1.0,0.9999999403953552,0.6857081651687622,1.0,0.0,1.0
GCN,527,1920,0,1,6,0.11514031887054443,3.543027877807617,3.4278875589370728,0.6708203554153442,0.023431699723005295,-0.0874621644616127,0.667830228805542,0.2485043853521347,0.7910193255020841,1,0.0,0.0718771807397069,103,0.466464102268219,1.0,0.6463932076794258,0.9948301329394387,79.93619537353516,1.0,0.6637527346611023,1.0,0.6637527346611023,1.0,7.623203401863066e-09,3.028409878425009e-08,6.071098113125117e-08,1.0,0.4664640724658966,0.3046363592147827,100,0.6054542660713196,1.0000001192092896,1.0,1.0000001192092896,0.6953636407852173,1.0,1.1643860098331515e-08,1.0
GCN,527,1925,0,1,3,0.694829523563385,6.636958122253418,5.942128598690033,0.8017836213111877,0.033570628613233566,-0.033051230013370514,0.6640833020210266,0.048895448446273804,0.1466464569912846,0,0.0,0.055826936496859735,80,0.5554413199424744,1.0,0.6429926917623363,0.9948301329394387,79.66873931884766,1.0,0.6600977182388306,1.0,0.6600977182388306,1.0,2.2812651767623038e-09,2.8036521992902408e-09,5.981971185065049e-08,1.0,0.5554413199424744,0.30724287033081055,77,0.7755123376846313,1.0,1.0,1.0,0.6927571296691895,1.0,5.705538708156155e-09,1.0
GCN,527,1931,3,1,3,-3.115020275115967,4.867908477783203,7.98292875289917,0.8017836213111877,0.02676834538578987,0.0,0.7359580397605896,0.04043320193886757,0.10837438423645321,0,0.0,0.05024424284717376,72,0.6174376606941223,1.0000001192092896,0.7090813856774709,1.0,88.17450714111328,1.0,0.7318040728569031,1.0,0.7318040728569031,1.0,5.4702815610596645e-09,4.971902001216222e-09,8.052475131137271e-09,1.0,0.6174377202987671,0.22991982102394104,67,0.8913059234619141,1.0,1.0,1.0,0.7700802087783813,1.0,0.0,1.0000001192092896
GCN,527,1932,3,1,3,-3.2806386947631836,4.178732872009277,7.459371566772461,0.8017836213111877,0.037597812712192535,0.0,0.6855431199073792,0.05951923877000809,0.19950738916256158,0,0.0,0.04256803907885555,61,0.5743858814239502,1.0,0.6633852253757091,0.9955686853766618,82.13263702392578,1.0,0.6814534068107605,1.0,0.6814534068107605,1.0,7.362751297534942e-09,7.708066185330154e-09,6.110336414621997e-08,1.0,0.5743858814239502,0.2836148142814636,56,0.8701351881027222,0.9999999403953552,1.0,0.9999999403953552,0.7163851857185364,1.0,0.0,1.0
GCN,527,1936,3,1,5,-3.8145947456359863,2.3149614334106445,6.129556179046631,0.7071066498756409,0.024816513061523438,0.0,0.7302184700965881,0.037727441638708115,0.10837438423645321,0,0.0,0.05931612002791347,85,0.540213942527771,1.0,0.7045208110023266,0.9996307237813885,87.4463119506836,1.0,0.7261488437652588,1.0,0.7261488437652588,1.0,6.316537071171524e-09,5.995106633349678e-09,6.06274355163805e-08,1.0,0.5402138829231262,0.23602205514907837,80,0.7849721908569336,1.0,1.0,1.0,0.7639779448509216,1.0,0.0,1.0
GCN,527,1938,3,1,1,-3.2108395099639893,3.050809860229492,6.2616493701934814,0.9486831426620483,0.09287750720977783,0.0,0.5112608671188354,0.17967191338539124,0.6078059871163319,1,0.0,0.024424284717376135,35,0.49863389134407043,1.0,0.5047451104507814,0.9844903988183161,62.78717041015625,0.9903988183161004,0.5047948956489563,0.9985228951255539,0.5047948956489563,0.9985228951255539,0.0,2.9818689739613546e-08,5.963737947922709e-08,1.0,0.4986339211463928,0.474393755197525,30,0.9382820129394531,1.0000001192092896,1.0000001192092896,1.0,0.5256063938140869,1.0000001192092896,0.0,1.0
GCN,527,1942,3,1,3,-3.2503888607025146,4.733417510986328,7.983806371688843,0.8017836213111877,0.03432358801364899,-0.0019282130524516106,0.6705015897750854,0.05401601642370224,0.18321333838575218,0,0.0,0.04954640614096301,71,0.5618840456008911,1.0,0.6482060260576752,0.9948301329394387,80.35064697265625,1.0,0.6662753820419312,1.0,0.6662753820419312,1.0,4.5625303535246076e-09,5.976450268008193e-08,6.01155321078295e-08,1.0,0.5618839859962463,0.299207478761673,68,0.8177613019943237,1.0,1.0,1.0,0.7007925510406494,1.0,0.0,1.0
GCN,527,1947,3,1,4,-5.073973178863525,1.1920955181121826,6.266068696975708,0.7499998807907104,0.028092721477150917,-0.0016484957886859775,0.7040062546730042,0.042085759341716766,0.10989010989010989,0,0.0,0.05373342637822749,77,0.5522225499153137,1.0,0.6805916177078756,0.9996307237813885,84.3227767944336,1.0,0.7002159357070923,1.0,0.7002159357070923,1.0,4.368290174028289e-09,5.976676931140901e-08,6.01414740231121e-08,1.0,0.5522226095199585,0.2637031376361847,73,0.7910047173500061,1.0000001192092896,1.0,1.0000001192092896,0.7362968921661377,1.0,2.3283064365386963e-10,1.0
GCN,527,1959,5,0,5,-4.899196624755859,-0.28717517852783203,4.612021446228027,0.7071066498756409,0.02964317612349987,-0.00038566882722079754,0.6560185551643372,0.04263479262590408,0.11045850701023115,0,0.0,0.0628053035589672,90,0.48487746715545654,1.0,0.636413875677444,0.9948301329394387,78.5051040649414,0.9996307237813885,0.6517449617385864,1.0,0.6517449617385864,1.0,9.644923082419155e-09,1.0965309549249014e-08,2.2609132344086902e-08,1.0,0.48487743735313416,0.31427961587905884,86,0.6671760678291321,1.0,1.0,1.0,0.6857203841209412,1.0,1.1641532182693481e-10,1.0
GCN,527,1961,5,1,3,-3.6236205101013184,2.504511594772339,6.128132104873657,0.8017836213111877,0.03412124142050743,0.0,0.6424615979194641,0.04956274479627609,0.15289882531261842,0,0.0,0.05512909979064899,79,0.5383685231208801,1.0,0.623615734656209,0.9948301329394387,76.89739227294922,0.9996307237813885,0.6382337212562561,1.0,0.6382337212562561,1.0,6.316537071171524e-09,6.410246555788035e-09,1.1934305099714493e-08,1.0,0.5383685231208801,0.32853639125823975,74,0.7482297420501709,1.0,1.0,1.0,0.6714636087417603,1.0,0.0,1.0
GCN,527,1962,5,1,3,-2.890561580657959,2.7757883071899414,5.6663498878479,0.8017836213111877,0.0409243181347847,0.0,0.6242304444313049,0.06777700781822205,0.2084122773777946,0,0.0,0.0418702023726448,60,0.522487223148346,1.0,0.6061521549510339,0.9944608567208272,74.8963851928711,0.9992614475627769,0.6197254657745361,0.9996307237813885,0.6197254657745361,0.9996307237813885,8.119082295365843e-09,7.161198301020022e-09,1.3717965430259937e-08,1.0,0.522487223148346,0.3483438491821289,55,0.8289018869400024,1.0,1.0,1.0,0.6516561508178711,1.0,0.0,1.0
GCN,527,1969,4,1,3,-3.405700206756592,4.524746894836426,7.930447101593018,0.8017836213111877,0.042418550699949265,0.0,0.6879824995994568,0.06331359595060349,0.2046229632436529,0,0.0,0.03838101884159107,55,0.576072096824646,1.0,0.6654024853645325,0.9966765140324964,82.46524047851562,1.0,0.6839699745178223,1.0,0.6839699745178223,1.0,8.03856003983583e-09,1.0933128180568019e-08,6.249430839488923e-08,1.0,0.5760721564292908,0.28151172399520874,50,0.8233335018157959,1.0,1.0,1.0,0.7184882760047913,1.0,0.0,1.0
GCN,527,1972,6,1,3,-0.875784695148468,3.5124564170837402,4.388241112232208,0.8017836213111877,0.03172735869884491,0.0,0.6658461689949036,0.04731215164065361,0.1330049261083744,0,0.0,0.05443126308443824,78,0.5582040548324585,1.0,0.6447541978351067,0.9948301329394387,79.76798248291016,1.0,0.6619117259979248,1.0,0.6619117259979248,1.0,1.6130979885176089e-09,5.966282401459466e-08,5.979689632340524e-08,1.0,0.5582040548324585,0.3037971258163452,73,0.7961041331291199,1.0,1.0,1.0,0.6962028741836548,1.0,0.0,1.0
GCN,527,1977,3,1,2,0.2700914144515991,5.276157379150391,5.0060659646987915,0.8660253286361694,0.04147058352828026,0.0,0.6640259623527527,0.06661941856145859,0.2074649488442592,0,0.0,0.044661549197487785,64,0.6007774472236633,1.0,0.640102219688573,0.9948301329394387,79.47087860107422,1.0,0.6596598625183105,1.0,0.6596598625183105,1.0,3.754281330259346e-09,4.2167425107209056e-09,5.995706686690028e-08,1.0,0.6007774472236633,0.3062818944454193,59,0.9237966537475586,1.0,1.0,1.0,0.6937180757522583,1.0,0.0,1.0
GCN,527,1983,0,1,4,0.1530754566192627,5.821843147277832,5.668767690658569,0.7499998807907104,0.02255108952522278,-0.0013615968637168407,0.723411500453949,0.03577244281768799,0.10837438423645321,0,0.0,0.06559665038381018,94,0.5677756071090698,1.0,0.6980110692947291,0.9996307237813885,86.6281967163086,1.0,0.7194517850875854,1.0,0.7194517850875854,1.0,3.725290298461914e-09,3.854033092665077e-09,6.860902068694941e-09,1.0,0.5677756071090698,0.2429656684398651,90,0.8155556917190552,0.9999998807907104,1.0,0.9999998807907104,0.7570343017578125,1.0,0.0,1.0
GCN,527,1996,3,0,5,-7.296490669250488,-2.009453296661377,5.287037372589111,0.7071066498756409,0.035515155643224716,-0.0013107628328725696,0.6776198744773865,0.05279500037431717,0.17904509283819628,0,0.0,0.04396371249127704,63,0.5004522800445557,1.0,0.6573043029062215,0.9955686853766618,80.98587799072266,1.0,0.6731738448143005,1.0,0.6731738448143005,1.0,1.203533983584748e-08,9.734437256270212e-09,1.9451965371786173e-08,1.0,0.5004522800445557,0.2922535240650177,59,0.7122789621353149,1.0,1.0,1.0,0.7077465057373047,1.0,0.0,1.0
GCN,527,2004,3,1,4,-5.049798488616943,1.7636964321136475,6.813494920730591,0.7499998807907104,0.029339483007788658,0.0,0.7204096913337708,0.04087122529745102,0.10894278135657447,0,0.0,0.04815073272854152,69,0.5651057362556458,1.0,0.6956073478727974,0.9996307237813885,86.21405029296875,1.0,0.7164672017097473,1.0,0.7164672017097473,1.0,5.101064015633483e-09,8.355993230679815e-09,1.4707283391146575e-08,1.0,0.5651057362556458,0.24652552604675293,64,0.7526723742485046,1.0,1.0,1.0,0.7534744739532471,1.0,0.0,1.0
GCN,527,2006,3,1,3,-5.507020473480225,1.3716399669647217,6.878660440444946,0.8017836213111877,0.043684832751750946,0.0,0.6361730694770813,0.06671363115310669,0.20765441455096628,0,0.0,0.03558967201674808,51,0.5323092937469482,0.9999999403953552,0.6170106948438797,0.9944608567208272,76.14653015136719,0.9992614475627769,0.6316325664520264,1.0,0.6316325664520264,1.0,8.065490497699557e-09,5.986827034121234e-08,6.053253542859238e-08,1.0,0.5323092937469482,0.33609360456466675,46,0.7789621353149414,1.0,1.0,1.0,0.6639063954353333,1.0,0.0,0.9999999403953552
GCN,527,2010,0,1,4,-0.05544602870941162,4.281529426574707,4.336975455284119,0.7499998807907104,0.028498560190200806,-0.0015158747555688024,0.69731205701828,0.044226955622434616,0.11405835543766578,0,0.0,0.0628053035589672,90,0.5469364523887634,1.0,0.6748826331074176,0.9992614475627769,83.48602294921875,1.0,0.6929814219474792,1.0,0.6929814219474792,1.0,3.0888476221235805e-09,5.963419624777089e-08,1.1926123022476531e-07,1.0,0.5469365119934082,0.2707512378692627,86,0.8116194605827332,1.0,1.0,1.0,0.7292487621307373,1.0,9.313225746154785e-10,1.0
GCN,527,2011,3,1,3,-1.729878306388855,5.465332984924316,7.195211291313171,0.8017836213111877,0.028305912390351295,-0.0014741395134478807,0.7135633230209351,0.04220467060804367,0.10989010989010989,0,0.0,0.05512909979064899,79,0.5984888076782227,1.0,0.6875459699000382,0.9996307237813885,85.44771575927734,1.0,0.7097073197364807,1.0,0.7097073197364807,1.0,4.293184918680026e-09,5.974635541861062e-08,6.000162500185979e-08,1.0,0.5984887480735779,0.25355327129364014,76,0.8530471324920654,1.0,1.0,1.0,0.7464467287063599,1.0,3.29272248356105e-10,1.0
GCN,527,2014,3,1,2,0.45301759243011475,6.07127046585083,5.618252873420715,0.8660253286361694,0.04926475137472153,0.0,0.70405513048172,0.07884357869625092,0.21921182266009853,0,0.0,0.03558967201674808,51,0.6365686655044556,1.0,0.6809004122895993,0.9996307237813885,84.34690856933594,1.0,0.698944628238678,1.0,0.698944628238678,1.0,7.198948992481746e-09,6.938197127936974e-09,6.059751456177764e-08,1.0,0.6365686058998108,0.2649537920951843,46,0.9758145809173584,0.9999999403953552,1.0,0.9999999403953552,0.7350462079048157,1.0,0.0,1.0
GCN,527,2015,6,1,3,0.3944147825241089,5.367660045623779,4.97324526309967,0.8017836213111877,0.027811937034130096,0.0,0.7213069796562195,0.04218096286058426,0.10989010989010989,0,0.0,0.05373342637822749,77,0.6050688028335571,1.0,0.6955178204110725,0.9996307237813885,86.3691177368164,1.0,0.717306911945343,1.0,0.717306911945343,1.0,3.2844804653819892e-09,3.1839111347409244e-09,5.350796694614246e-09,1.0,0.6050688028335571,0.24534659087657928,72,0.8771272897720337,1.0000001192092896,1.0000001192092896,1.0,0.7546535134315491,1.0000001192092896,0.0,1.0
GCN,527,2019,0,1,2,0.40381765365600586,4.623276710510254,4.219459056854248,0.8660253286361694,0.0535748191177845,-0.00037832200177945197,0.6640364527702332,0.088838592171669,0.23796892762410005,0,0.0,0.03628750872295883,52,0.5997143387794495,1.0,0.643485614039304,0.9948301329394387,79.5529556274414,1.0,0.6591655611991882,1.0,0.6591655611991882,1.0,7.997995155051285e-09,6.014425935063628e-08,1.199625074832511e-07,1.0,0.5997143983840942,0.3075094223022461,48,0.9535938501358032,1.0,1.0,1.0,0.6924905776977539,1.0,2.3283064365386963e-10,1.0
GCN,527,2038,3,1,2,-2.0911402702331543,5.734658718109131,7.825798988342285,0.8660253286361694,0.05329085513949394,-0.0023238013964146376,0.6132798194885254,0.09066134691238403,0.24820007578628267,0,0.0,0.03838101884159107,55,0.5533762574195862,1.0,0.5962185990164265,0.9944608567208272,73.5427474975586,0.9985228951255539,0.6085153818130493,0.9996307237813885,0.6085153818130493,0.9996307237813885,3.725290298461914e-09,1.066964072649057e-09,1.9199706269290573e-09,1.0,0.5533761978149414,0.3610161542892456,51,0.9035636782646179,1.0,1.0,1.0,0.6389838457107544,1.0,4.656612873077393e-10,1.0
GCN,527,2043,4,1,2,-2.0999014377593994,5.429813861846924,7.529715299606323,0.8660253286361694,0.05481059476733208,0.0,0.6213631629943848,0.09376835823059082,0.2737779461917393,0,0.0,0.03977669225401256,57,0.5607143044471741,1.0,0.6016094882993615,0.9944608567208272,74.28858184814453,0.9992614475627769,0.6163742542266846,0.9996307237813885,0.6163742542266846,0.9996307237813885,5.587935447692871e-09,5.977901196274615e-08,6.015749676180349e-08,1.0,0.5607143640518188,0.35254278779029846,52,0.9205934405326843,0.9999999403953552,1.0,0.9999999403953552,0.6474572420120239,1.0,0.0,1.0
GCN,527,2045,1,1,32,-1.1544711589813232,1.145798683166504,2.300269842147827,0.35355332493782043,0.008514119312167168,-0.05817273631691933,0.6994787454605103,0.015352897346019745,0.10837438423645321,0,0.0,0.22609909281228194,324,0.25836387276649475,1.0,0.6744357037379369,0.9992614475627769,83.69190216064453,1.0,0.69538414478302,1.0,0.69538414478302,1.0,1.327338861045746e-08,1.0948611794958651e-08,4.238860640271014e-08,1.0,0.25836387276649475,0.2692364752292633,323,0.4459437131881714,0.9999999403953552,1.0,0.9999999403953552,0.7307635545730591,1.0,3.1172362469078507e-09,1.0
GCN,527,2051,0,1,3,1.1333184242248535,5.927770614624023,4.79445219039917,0.8017836213111877,0.03236551210284233,-0.0348549410700798,0.676047682762146,0.04762043058872223,0.13452065176203107,0,0.0,0.051639916259595256,74,0.5655664801597595,1.0,0.653666747975705,0.9951994091580503,80.9802017211914,1.0,0.6720601916313171,1.0,0.6720601916313171,1.0,5.430496941016827e-09,5.206251429967779e-09,6.031375932025185e-08,1.0,0.5655664801597595,0.2946145534515381,72,0.7975269556045532,0.9999998807907104,1.0,0.9999998807907104,0.7053854465484619,1.0,5.7102873540770815e-09,1.0
GCN,527,2054,0,1,9,3.5258359909057617,7.127464294433594,3.601628303527832,0.588348388671875,0.016404271125793457,-0.02381095662713051,0.7413758039474487,0.0229241494089365,0.10837438423645321,0,0.0,0.08234473133286811,118,0.4561488926410675,1.0,0.7127386897971633,1.0,88.72531127929688,1.0,0.7373092770576477,1.0,0.7373092770576477,1.0,8.410956375826117e-09,6.022307275088679e-08,1.2068711896517925e-07,1.0,0.4561489522457123,0.2246958613395691,116,0.6095499992370605,0.9999998807907104,1.0,0.9999998807907104,0.7753041386604309,1.0,1.3981960034215035e-09,1.0
GCN,527,2055,0,1,4,1.3109077215194702,7.519774913787842,6.208867192268372,0.7499998807907104,0.027869440615177155,-0.030555380508303642,0.7006334066390991,0.04208044707775116,0.10989010989010989,0,0.0,0.05931612002791347,85,0.5487388968467712,1.0,0.6766312385862041,0.9992614475627769,83.83707427978516,1.0,0.6965356469154358,1.0,0.6965356469154358,1.0,4.059541147682921e-09,5.990629148300286e-08,1.197188908008684e-07,1.0,0.548738956451416,0.26834797859191895,82,0.7934216856956482,1.0,1.0,1.0,0.731652021408081,1.0,1.945842953432475e-08,1.0
GCN,527,2058,5,1,3,-3.559199810028076,3.3365278244018555,6.895727634429932,0.8017836213111877,0.05248594656586647,0.0,0.5715876221656799,0.07353469729423523,0.21295945433876468,0,0.0,0.039078855547801813,56,0.47687357664108276,1.0,0.5607730263069565,0.9926144756277696,68.42508697509766,0.9970457902511078,0.5665574669837952,0.9988921713441654,0.5665574669837952,0.9988921713441654,8.535712581192456e-09,6.067282498634086e-08,1.2155565798366297e-07,1.0,0.4768735468387604,0.40523409843444824,51,0.6420801877975464,1.0,1.0,1.0,0.5947659015655518,1.0,0.0,1.0
GCN,527,2059,0,1,6,1.8563828468322754,5.99240255355835,4.136019706726074,0.6708203554153442,0.024539889767766,-0.04891101270914078,0.6663753390312195,0.03618767112493515,0.10837438423645321,0,0.0,0.07466852756454989,107,0.4662642180919647,1.0,0.6461391160898594,0.9948301329394387,79.78807067871094,1.0,0.6622931361198425,1.0,0.6622931361198425,1.0,8.661801054188345e-09,3.0853353649717974e-08,6.200945534828861e-08,1.0,0.4662642478942871,0.3049342930316925,105,0.6266746520996094,1.0,1.0,1.0,0.6950657367706299,1.0,2.2819778067173502e-08,1.0
GCN,527,2071,2,1,8,1.040666103363037,4.148688793182373,3.108022689819336,0.6123723983764648,0.02076597884297371,-0.040883198380470276,0.6607142090797424,0.03274647518992424,0.10837438423645321,0,0.0,0.09909281228192603,142,0.4223516285419464,1.0,0.6395178508682994,0.9948301329394387,79.04027557373047,1.0,0.6566376090049744,1.0,0.6566376090049744,1.0,8.624168046367231e-09,8.993473699092647e-08,1.8028622150723095e-07,1.0,0.4223517179489136,0.3103024959564209,139,0.6380304098129272,0.9999999403953552,1.0,0.9999999403953552,0.6896975040435791,1.0,1.5373876394164654e-08,1.0
GCN,527,2072,0,1,3,2.476520538330078,7.599473476409912,5.122952938079834,0.8017836213111877,0.03359357640147209,-0.0007220983970910311,0.6971907019615173,0.05304943397641182,0.1816976127320955,0,0.0,0.045359385903698535,65,0.5844324827194214,1.0,0.6719468765846438,0.9988921713441654,83.49279022216797,1.0,0.6930855512619019,1.0,0.6930855512619019,1.0,3.4846900920371127e-09,2.464047854644491e-09,4.3250270032046956e-09,1.0,0.5844325423240662,0.27108442783355713,62,0.88274085521698,1.0,1.0,1.0,0.7289155721664429,1.0,4.799926567322643e-10,1.0
GCN,527,2075,3,1,8,-3.2774882316589355,1.9327818155288696,5.210270047187805,0.6123723983764648,0.019943196326494217,-0.0003307565348222852,0.6762470602989197,0.03295644000172615,0.10837438423645321,0,0.0,0.08583391486392185,123,0.43325144052505493,1.0,0.6544993983878685,0.9951994091580503,80.9333267211914,1.0,0.6722971796989441,1.0,0.6722971796989441,1.0,6.585445078144403e-09,5.986510132061085e-08,1.1990320558652456e-07,1.0,0.4332515001296997,0.2925032377243042,119,0.6843314170837402,0.9999999403953552,1.0,0.9999999403953552,0.7074967622756958,1.0,1.1641532182693481e-10,1.0
GCN,527,2082,1,1,2,-1.9375067949295044,4.573286533355713,6.510793328285217,0.8660253286361694,0.09021378308534622,0.0,0.6443931460380554,0.1493266075849533,0.5049261083743842,1,0.0,0.021632937892533146,31,0.5768483281135559,1.0,0.6236895651580049,0.9948301329394387,77.16185760498047,0.9996307237813885,0.637042224407196,1.0,0.637042224407196,1.0,8.172322374377927e-09,8.135756957017293e-09,6.119594075926216e-08,1.0,0.5768483281135559,0.33391284942626953,26,0.9237316250801086,1.0,1.0,1.0,0.6660871505737305,1.0,0.0,1.0
GCN,527,2087,1,1,2,-2.1317341327667236,3.6053948402404785,5.737128973007202,0.8660253286361694,0.04726164788007736,0.0,0.6590536832809448,0.07373756170272827,0.21314892004547176,0,0.0,0.03838101884159107,55,0.5957821607589722,1.0000001192092896,0.6367067909287778,0.9948301329394387,78.94367218017578,0.9996307237813885,0.654829204082489,1.0,0.654829204082489,1.0,2.7647106826123036e-09,4.368290174028289e-09,7.120682710137771e-09,1.0,0.5957822203636169,0.31204989552497864,50,0.8904945254325867,1.0,1.0,1.0,0.6879501342773438,1.0,0.0,1.0000001192092896
GCN,527,2096,1,1,6,-1.289153814315796,3.4809930324554443,4.77014684677124,0.6708203554153442,0.022502277046442032,-0.0010634245118126273,0.6530470848083496,0.03530660644173622,0.10837438423645321,0,0.0,0.0851360781577111,122,0.45822998881340027,1.0,0.6319386134967383,0.9948301329394387,78.1397476196289,0.9996307237813885,0.6489487886428833,1.0,0.6489487886428833,1.0,5.890201215663637e-09,3.048570462738098e-08,1.2002394100818492e-07,1.0,0.45823001861572266,0.3169110119342804,119,0.6539239883422852,1.0,1.0,1.0,0.683089017868042,1.0,0.0,1.0
GCN,527,2105,5,1,2,0.2573665380477905,6.281136989593506,6.023770451545715,0.8660253286361694,0.04772282764315605,-0.004538922570645809,0.6071498990058899,0.08245046436786652,0.22300113679424025,0,0.0,0.041172365666434056,59,0.5482527613639832,1.0,0.5888722990456271,0.9944608567208272,72.70674896240234,0.9977843426883308,0.6027031540870667,0.9996307237813885,0.6027031540870667,0.9996307237813885,5.8161075955354136e-09,5.985151574350311e-08,6.041017996949449e-08,1.0,0.5482528209686279,0.36693209409713745,56,0.8515893816947937,1.0000001192092896,1.0,1.0000001192092896,0.6330679059028625,1.0,9.313225746154785e-10,1.0
GCN,527,2107,1,1,4,-0.998030424118042,4.649919033050537,5.647949457168579,0.7499998807907104,0.02664438635110855,-0.0005875280476175249,0.6941627860069275,0.03987551108002663,0.10837438423645321,0,0.0,0.0642009769713887,92,0.5445905327796936,1.0000001192092896,0.6693415449813099,0.9985228951255539,83.0739974975586,1.0,0.6898626089096069,1.0,0.6898626089096069,1.0,4.165001232792065e-09,5.965918603578757e-08,1.193133698507154e-07,1.0,0.5445906519889832,0.2738790214061737,88,0.77915358543396,0.9999999403953552,1.0,0.9999999403953552,0.7261209487915039,1.0,4.656612873077393e-10,1.0000001192092896
GCN,527,2113,2,1,6,-2.4253790378570557,4.277381896972656,6.702760934829712,0.6708203554153442,0.02168796956539154,-0.034608133137226105,0.7287076115608215,0.031050119549036026,0.10837438423645321,0,0.0,0.06978367062107467,100,0.5107334852218628,1.0,0.7021163699662354,0.9996307237813885,87.19844055175781,1.0,0.7244917154312134,1.0,0.7244917154312134,1.0,1.0009009621114728e-08,1.0019836516050873e-08,1.9619442070961668e-08,1.0,0.5107334852218628,0.23864343762397766,96,0.6998482346534729,1.0,1.0,1.0,0.7613565921783447,1.0,2.852175384759903e-08,1.0
GCN,527,2120,4,1,5,-2.0057764053344727,4.25909423828125,6.264870643615723,0.7071066498756409,0.03176762908697128,0.0,0.6574836373329163,0.057586174458265305,0.19552860932171276,0,0.0,0.06699232379623168,96,0.4858294725418091,1.0,0.6363147553877075,0.9948301329394387,78.80960083007812,0.9996307237813885,0.6534369587898254,1.0,0.6534369587898254,1.0,6.107090388951519e-09,7.708066185330154e-09,1.5862550384326823e-08,1.0,0.4858294427394867,0.3129332661628723,91,0.8427587747573853,0.9999999403953552,1.0,0.9999999403953552,0.6870667338371277,1.0,0.0,1.0
GCN,527,2122,4,1,10,-3.859744071960449,1.2219293117523193,5.0816733837127686,0.5669466257095337,0.01523348968476057,-0.05392274633049965,0.6763394474983215,0.2235894352197647,0.7383478590375142,1,0.0,0.12630844382414516,181,0.4004635512828827,1.0,0.6546144312685955,0.9951994091580503,80.9486312866211,1.0,0.6725426316261292,1.0,0.6725426316261292,1.0,7.225256837273264e-09,8.677432994375067e-09,2.1645787384727555e-08,1.0,0.4004635512828827,0.2936485707759857,178,0.5070579648017883,0.9999999403953552,1.0,0.9999999403953552,0.7063513994216919,1.0,1.921417158712302e-08,1.0
GCN,527,2130,4,0,12,-4.269972324371338,-0.08764004707336426,4.182332277297974,0.5303300619125366,0.021718839183449745,0.0,0.620857298374176,0.028983181342482567,0.10837438423645321,0,0.0,0.0928122819260293,133,0.3441290557384491,1.0,0.6038178856714812,0.9944608567208272,74.27024841308594,0.9992614475627769,0.6168307662010193,0.9996307237813885,0.6168307662010193,0.9996307237813885,1.5931469476981874e-08,1.3993102676579383e-08,7.220467068691505e-08,1.0,0.3441290557384491,0.3511039912700653,128,0.43938717246055603,1.0,1.0,1.0,0.6488959789276123,1.0,0.0,1.0
GCN,527,2131,0,1,3,1.735525131225586,6.866612911224365,5.131087779998779,0.8017836213111877,0.034073006361722946,-0.005518906284123659,0.6934231519699097,0.05937013775110245,0.19950738916256158,0,0.0,0.046057222609909285,66,0.5810605883598328,1.0,0.6674946446507537,0.9977843426883308,82.99285125732422,1.0,0.6888708472251892,1.0,0.6888708472251892,1.0,4.165001232792065e-09,5.975044103934124e-08,1.194264029891201e-07,1.0,0.5810606479644775,0.27528995275497437,63,0.8642656803131104,1.0,1.0,1.0,0.7247100472450256,1.0,1.1641532182693481e-10,1.0
GCN,527,2139,3,0,4,-5.749631881713867,-0.2967846393585205,5.452847242355347,0.7499998807907104,0.0377153716981411,0.0,0.6683136224746704,0.06196627765893936,0.20291777188328913,0,0.0,0.0418702023726448,60,0.5235266089439392,1.0,0.6486349609486447,0.9948301329394387,80.09132385253906,1.0,0.6644287109375,1.0,0.6644287109375,1.0,1.0608496303632364e-08,3.0797959738038116e-08,6.143363151522863e-08,1.0,0.523526668548584,0.30196434259414673,55,0.8235284090042114,0.9999999403953552,1.0,0.9999999403953552,0.6980356574058533,1.0,0.0,1.0
GCN,527,2141,3,0,4,-6.552250862121582,-0.7748270034790039,5.777423858642578,0.7499998807907104,0.04076368361711502,0.0,0.6331252455711365,0.06960523128509521,0.21030693444486548,0,0.0,0.046057222609909285,66,0.4955355226993561,1.0,0.6156327668295506,0.9944608567208272,75.78048706054688,0.9992614475627769,0.6289123892784119,1.0,0.6289123892784119,1.0,9.041507098572765e-09,7.39580974240539e-09,1.492422363469359e-08,1.0,0.4955355226993561,0.33928588032722473,61,0.8108103275299072,1.0,1.0,1.0,0.6607141494750977,1.0,0.0,1.0
GCN,527,2153,4,1,3,0.47990167140960693,5.774649143218994,5.294747471809387,0.8017836213111877,0.034706272184848785,0.0,0.7333764433860779,0.05079320818185806,0.16331943918150815,0,0.0,0.03698534542916958,53,0.6148321032524109,1.0,0.7057683424733172,0.9996307237813885,87.76920318603516,1.0,0.7291587591171265,1.0,0.7291587591171265,1.0,4.032745248849778e-09,4.032745248849778e-09,6.581453160237061e-09,1.0,0.6148321032524109,0.2331695407629013,48,0.8605613708496094,1.0,1.0,1.0,0.7668304443359375,1.0,0.0,1.0
GCN,527,2156,0,1,4,0.7263251543045044,4.913025379180908,4.186700224876404,0.7499998807907104,0.028042683377861977,0.0,0.6916533708572388,0.04392872750759125,0.11405835543766578,0,0.0,0.05931612002791347,85,0.5425556898117065,1.0,0.6673273944927105,0.9977843426883308,82.76228332519531,1.0,0.6876645088195801,1.0,0.6876645088195801,1.0,7.457853001824333e-09,6.008564668036342e-08,1.2003563654161553e-07,1.0,0.5425557494163513,0.2765922546386719,80,0.8126035928726196,0.9999998807907104,1.0,0.9999998807907104,0.7234077453613281,1.0,0.0,1.0
GCN,527,2157,6,1,5,-1.9864956140518188,1.364630937576294,3.351126551628113,0.7071066498756409,0.02939080260694027,-0.0004764020268339664,0.6241446137428284,0.04505806416273117,0.11860553239863585,0,0.0,0.06838799720865317,98,0.46123403310775757,1.0,0.6080089075242232,0.9944608567208272,74.90924835205078,0.9992614475627769,0.6204145550727844,0.9996307237813885,0.6204145550727844,0.9996307237813885,7.508562660518692e-09,7.655136968764964e-09,1.6620715470594405e-08,1.0,0.46123403310775757,0.34771642088890076,94,0.6765987873077393,1.0,1.0,1.0,0.6522835493087769,1.0,0.0,1.0
GCN,527,2158,6,1,1,-1.7608795166015625,2.687408208847046,4.448287725448608,0.9486831426620483,0.07506507635116577,0.0,0.5517304539680481,0.13614150881767273,0.43709738537324744,1,0.0,0.02930914166085136,42,0.5425822734832764,1.0,0.5398985419505046,0.9889217134416544,67.35791015625,0.9966765140324964,0.5474606156349182,0.9988921713441654,0.5474606156349182,0.9988921713441654,9.856191418577964e-09,9.957424218498545e-09,1.83647124174513e-08,1.0,0.5425822734832764,0.42806798219680786,37,0.9492940902709961,0.9999999403953552,1.0,0.9999999403953552,0.5719320178031921,1.0,0.0,1.0
GCN,527,2160,6,1,8,-1.9274163246154785,1.0336835384368896,2.961099863052368,0.6123723983764648,0.02421741932630539,-0.09235429763793945,0.6407374143600464,0.03343784809112549,0.10837438423645321,0,0.0,0.08304256803907886,119,0.40786534547805786,1.0,0.620598937809853,0.9944608567208272,76.74584197998047,0.9996307237813885,0.636580765247345,1.0,0.636580765247345,1.0,7.833635073950518e-09,6.025906884588039e-08,1.2116773007164738e-07,1.0,0.40786540508270264,0.33395856618881226,115,0.5417589545249939,1.0,1.0,1.0,0.6660414338111877,1.0,1.30385160446167e-08,1.0
GCN,527,2164,6,1,3,-2.285832643508911,1.5709683895111084,3.8568010330200195,0.8017836213111877,0.03696797415614128,0.0,0.6418853402137756,0.056261904537677765,0.19306555513452064,0,0.0,0.04884856943475227,70,0.5376770496368408,1.0000001192092896,0.6219093677474613,0.9944608567208272,76.96009826660156,0.9996307237813885,0.6379755139350891,1.0,0.6379755139350891,1.0,3.951266869250958e-09,5.9774478700092e-08,6.018822062969775e-08,1.0,0.5376771092414856,0.3293987512588501,65,0.783255398273468,0.9999999403953552,1.0,0.9999999403953552,0.6706012487411499,1.0,0.0,1.0000001192092896
GCN,527,2165,6,1,3,-1.0894241333007812,3.616908550262451,4.706332683563232,0.8017836213111877,0.030789891257882118,0.0,0.7040066123008728,0.04720000922679901,0.1330049261083744,0,0.0,0.05024424284717376,72,0.590360164642334,1.0,0.6780753253726286,0.9992614475627769,84.23890686035156,1.0,0.6995564699172974,1.0,0.6995564699172974,1.0,4.538704967416152e-09,3.930633596382904e-09,6.6463359260637844e-09,1.0,0.590360164642334,0.2636914551258087,67,0.8653022050857544,1.0000001192092896,1.0,1.0000001192092896,0.7363085746765137,1.0,0.0,1.0
GCN,527,2166,5,1,2,-2.635434627532959,1.943232536315918,4.578667163848877,0.8660253286361694,0.08365887403488159,0.0,0.6291208863258362,0.14740429818630219,0.4971580143993937,1,0.0,0.034193998604326585,49,0.5639152526855469,1.0,0.6109309993700494,0.9944608567208272,75.39860534667969,0.9992614475627769,0.6244133114814758,1.0,0.6244133114814758,1.0,1.975633434625479e-09,1.9340364865172432e-09,3.436411599722078e-09,1.0,0.5639152526855469,0.3488466739654541,44,0.959981381893158,1.0,1.0,1.0,0.6511533260345459,1.0,0.0,1.0
GCN,527,2172,0,1,5,3.330747365951538,7.9553446769714355,4.6245973110198975,0.7071066498756409,0.03074590116739273,-0.00020971753110643476,0.7096049785614014,0.0450965091586113,0.11860553239863585,0,0.0,0.05373342637822749,77,0.5245771408081055,1.0,0.6811284324250078,0.9996307237813885,84.90989685058594,1.0,0.7049519419670105,1.0,0.7049519419670105,1.0,9.359675701148262e-09,9.594204541940599e-09,6.234785843162172e-08,1.0,0.5245771408081055,0.25813573598861694,73,0.7359651327133179,0.9999999403953552,1.0,0.9999999403953552,0.7418642640113831,1.0,1.1641532182693481e-10,1.0
GCN,527,2177,3,1,4,1.4452075958251953,5.197287559509277,3.752079963684082,0.7499998807907104,0.060897283256053925,0.0,0.6626194715499878,0.11562666296958923,0.38992042440318303,1,0.0,0.05443126308443824,78,0.5166188478469849,1.0,0.6367572468546316,0.9948301329394387,78.83245086669922,0.9996307237813885,0.6553043723106384,1.0,0.6553043723106384,1.0,8.535712581192456e-09,8.449538846377891e-09,1.636426993911755e-08,1.0,0.5166188478469849,0.3111747205257416,73,0.9435946941375732,1.0,1.0,1.0,0.688825249671936,1.0,0.0,1.0
GCN,527,2181,0,1,8,4.3087053298950195,7.845489978790283,3.5367846488952637,0.6123723983764648,0.027886131778359413,-0.0003536056319717318,0.6971312761306763,0.02149634063243866,0.10837438423645321,0,0.0,0.07606420097697139,109,0.44619202613830566,1.0,0.6701297715466727,0.9985228951255539,83.3832778930664,1.0,0.6922907829284668,1.0,0.6922907829284668,1.0,1.4290188588006458e-08,3.300779738424353e-08,6.758313020327478e-08,1.0,0.4461919963359833,0.271371454000473,105,0.32908374071121216,1.0,1.0,1.0,0.7286285161972046,1.0,4.656612873077393e-10,1.0
GCN,527,2189,0,1,6,1.412235975265503,5.213962554931641,3.8017265796661377,0.6708203554153442,0.02135578542947769,-0.0011345803504809737,0.6965550184249878,0.0301230289041996,0.10837438423645321,0,0.0,0.0732728541521284,105,0.48889461159706116,1.0,0.6713370231962971,0.9988921713441654,83.37681579589844,1.0,0.6924794316291809,1.0,0.6924794316291809,1.0,7.943586233238875e-09,7.015894532003131e-09,1.4338022324977828e-08,1.0,0.48889464139938354,0.2711988687515259,102,0.6252293586730957,1.0,1.0,1.0,0.7288011312484741,1.0,2.3283064365386963e-10,1.0
GCN,527,2195,0,1,4,-0.5902251601219177,3.312772512435913,3.902997672557831,0.7499998807907104,0.03672810643911362,-0.0003529390669427812,0.6215255856513977,0.05381046608090401,0.18226600985221675,0,0.0,0.052337752965806,75,0.48672768473625183,1.0,0.603633140801353,0.9944608567208272,74.38343048095703,0.9992614475627769,0.6176040768623352,0.9996307237813885,0.6176040768623352,0.9996307237813885,5.350040854779081e-09,3.017560601392688e-08,6.03909242613554e-08,1.0,0.48672765493392944,0.3510296940803528,71,0.6829491853713989,1.0,1.0,1.0,0.6489703059196472,1.0,0.0,1.0
GCN,527,2198,0,1,5,2.7288105487823486,7.4616851806640625,4.732874631881714,0.7071066498756409,0.023195473477244377,-0.02964271605014801,0.713402509689331,0.03556094318628311,0.10837438423645321,0,0.0,0.06908583391486392,99,0.5271055698394775,1.0,0.6882782779070868,0.9996307237813885,85.38590240478516,1.0,0.7094895839691162,1.0,0.7094895839691162,1.0,6.397548713010792e-09,5.053014895395336e-09,9.611243356744126e-09,1.0,0.5271055698394775,0.2545599937438965,97,0.773374080657959,1.0,1.0,1.0,0.7454400062561035,1.0,1.5156362831447723e-09,1.0
GCN,527,2212,3,1,4,-2.5147526264190674,3.749070644378662,6.2638232707977295,0.7499998807907104,0.032489582896232605,-0.0004466187674552202,0.652293860912323,0.05175642669200897,0.1724137931034483,0,0.0,0.056524773203070484,81,0.5112836956977844,1.0,0.6307204007821404,0.9948301329394387,78.0335464477539,0.9996307237813885,0.6481156945228577,1.0,0.6481156945228577,1.0,7.693986781021067e-09,7.065940277328764e-09,1.3832663015023172e-08,1.0,0.5112836956977844,0.31828832626342773,77,0.7793357372283936,1.0,1.0,1.0,0.6817116737365723,1.0,2.3283064365386963e-10,1.0
GCN,527,2215,3,1,4,-2.731485366821289,4.197561740875244,6.929047107696533,0.7499998807907104,0.031249022111296654,-0.000463793461676687,0.6713430881500244,0.0500589944422245,0.15687760515346721,0,0.0,0.055826936496859735,80,0.526362955570221,1.0000001192092896,0.6493217230521907,0.9948301329394387,80.30718231201172,1.0,0.6676769256591797,1.0,0.6676769256591797,1.0,6.089311277435172e-09,5.983022788313974e-08,1.1962116275299195e-07,1.0,0.5263630747795105,0.29818251729011536,76,0.8065873384475708,1.0,1.0,1.0,0.701817512512207,1.0,0.0,1.0000001192092896
GCN,527,2218,1,1,2,-0.5588903427124023,4.8580522537231445,5.416942596435547,0.8660253286361694,0.10057755559682846,0.0,0.5440669059753418,0.19697073101997375,0.6663508904888216,1,0.0,0.027913468248429867,40,0.4821544289588928,1.0,0.5257540725553902,0.9863367799113737,64.73636627197266,0.9933530280649926,0.5346575975418091,0.9988921713441654,0.5346575975418091,0.9988921713441654,9.856191418577964e-09,9.560243263706525e-09,1.9819104579710256e-08,1.0,0.4821544289588928,0.4432559609413147,35,0.922748863697052,1.0,1.0,1.0,0.5567440390586853,1.0,0.0,1.0
GCN,527,2224,4,1,8,-2.985592842102051,2.212665319442749,5.1982581615448,0.6123723983764648,0.01864817552268505,-0.12247271835803986,0.6798023581504822,0.25581905245780945,0.8056081849185297,1,0.0,0.08932309839497557,128,0.43321874737739563,1.0,0.6583711539844751,0.9955686853766618,81.37567138671875,1.0,0.6758143901824951,1.0,0.6758143901824951,1.0,9.599853356689891e-09,3.1280865897542753e-08,6.362667903658803e-08,1.0,0.433218777179718,0.29255661368370056,125,0.4852263331413269,0.9999999403953552,1.0,0.9999999403953552,0.707443356513977,1.0,2.5076627441222854e-09,1.0
GCN,527,2228,6,1,6,-1.2279677391052246,2.438239336013794,3.6662070751190186,0.6708203554153442,0.02134540118277073,0.0,0.7055608034133911,0.028324542567133904,0.10837438423645321,0,0.0,0.0718771807397069,103,0.49525484442710876,1.0,0.6810777192615053,0.9996307237813885,84.47515869140625,1.0,0.7017523050308228,1.0,0.7017523050308228,1.0,4.293184918680026e-09,5.986102280530758e-08,1.197318795220781e-07,1.0,0.49525490403175354,0.2617175281047821,98,0.6280573010444641,1.0,1.0,1.0,0.7382824420928955,1.0,0.0,1.0
GCN,527,2229,3,1,3,-2.656881809234619,3.366316318511963,6.023198127746582,0.8017836213111877,0.04354128986597061,0.0,0.6025219559669495,0.06926332414150238,0.20954907161803712,0,0.0,0.04815073272854152,69,0.503951907157898,1.0,0.5872714308217901,0.9940915805022157,72.22584533691406,0.9977843426883308,0.5985392928123474,0.9996307237813885,0.5985392928123474,0.9996307237813885,4.368290174028289e-09,4.771608441700437e-09,9.469096617920059e-09,1.0,0.5039518475532532,0.37146151065826416,64,0.7684792280197144,1.0,1.0,1.0,0.6285384893417358,1.0,0.0,1.0
GCN,527,2231,0,1,2,-1.9758416414260864,5.410226821899414,7.3860684633255005,0.8660253286361694,0.04434539005160332,-0.00032821137574501336,0.6237822771072388,0.06930402666330338,0.20954907161803712,0,0.0,0.04256803907885555,61,0.5639152526855469,1.0,0.606885937318155,0.9944608567208272,74.89303588867188,0.9992614475627769,0.6200214624404907,0.9996307237813885,0.6200214624404907,0.9996307237813885,4.839293854530524e-09,6.09376105131787e-09,1.0808310690890721e-08,1.0,0.5639152526855469,0.3488466739654541,57,0.8442549705505371,0.9999999403953552,1.0,0.9999999403953552,0.6511533260345459,1.0,0.0,1.0
GCN,527,2232,0,1,3,2.422145366668701,7.528572082519531,5.10642671585083,0.8017836213111877,0.03898737207055092,-0.0002694112481549382,0.6644518971443176,0.06273855268955231,0.20367563471011746,0,0.0,0.04256803907885555,61,0.5565142035484314,1.0,0.63917372465485,0.9948301329394387,79.5200424194336,1.0,0.6602847576141357,1.0,0.6602847576141357,1.0,8.011539875951712e-09,5.688887139143617e-09,1.0233472735876603e-08,1.0,0.5565142035484314,0.30590471625328064,57,0.8572969436645508,1.0,1.0,1.0,0.694095253944397,1.0,1.1641532182693481e-10,1.0
GCN,527,2235,5,1,3,-4.316646575927734,1.6553120613098145,5.971958637237549,0.8017836213111877,0.04306357726454735,-0.15645255148410797,0.6139841675758362,0.30818259716033936,0.8870784388025768,1,0.0,0.04675505931612003,67,0.506652295589447,1.0000001192092896,0.5872537705652394,0.9940915805022157,73.48064422607422,0.9985228951255539,0.6093563437461853,0.9996307237813885,0.6093563437461853,0.9996307237813885,8.4719644632969e-09,3.0777709270068954e-08,6.150835218932116e-08,1.0,0.5066523551940918,0.36809343099594116,64,0.7160329818725586,0.9999999403953552,1.0,0.9999999403953552,0.6319065690040588,1.0,6.51925802230835e-09,1.0000001192092896
GCN,527,2249,4,1,6,-4.379452228546143,2.494556427001953,6.874008655548096,0.6708203554153442,0.019440259784460068,0.0,0.7410994172096252,0.029128093272447586,0.10837438423645321,0,0.0,0.0718771807397069,103,0.5203320384025574,1.0,0.7148822711508762,1.0,88.71916961669922,1.0,0.7372403740882874,1.0,0.7372403740882874,1.0,4.702948253054728e-09,3.024021211217587e-08,6.041390321342988e-08,1.0,0.5203320384025574,0.2243346869945526,98,0.7448909282684326,1.0,1.0,1.0,0.775665283203125,1.0,0.0,1.0
GCN,527,2264,4,1,1,-0.17575335502624512,5.8136491775512695,5.989402532577515,0.9486831426620483,0.07057054340839386,0.0,0.5273034572601318,0.1278984099626541,0.41398256915498294,1,0.0,0.03210048848569435,46,0.5187366008758545,1.0,0.5176035748828502,0.9859675036927622,63.61211395263672,0.9918759231905465,0.5225892663002014,0.9985228951255539,0.5225892663002014,0.9985228951255539,0.0,5.960509952274151e-08,1.1921019904548302e-07,1.0,0.5187365412712097,0.4532034993171692,41,0.9066163301467896,1.0,0.9999999403953552,1.0000001192092896,0.546796441078186,0.9999999403953552,0.0,1.0
GCN,527,2274,0,1,3,-0.6050703525543213,4.313732147216797,4.918802499771118,0.8017836213111877,0.03593374043703079,0.0,0.7020246982574463,0.057608094066381454,0.19552860932171276,0,0.0,0.041172365666434056,59,0.5883733630180359,1.0,0.6764912266003766,0.9992614475627769,83.96700286865234,1.0,0.6976535320281982,1.0,0.6976535320281982,1.0,2.63417798684884e-09,5.980847816999812e-08,6.013941344917839e-08,1.0,0.5883733034133911,0.2661694288253784,54,0.902382493019104,1.0,1.0,1.0,0.7338305711746216,1.0,0.0,1.0
GCN,527,2279,2,1,3,-4.757365703582764,3.8584072589874268,8.61577296257019,0.8017836213111877,0.0312647819519043,-0.0010649715550243855,0.669358491897583,0.04723161458969116,0.1330049261083744,0,0.0,0.05722260990928123,82,0.5611526370048523,1.0,0.6467055204687625,0.9948301329394387,80.1015396118164,1.0,0.665375828742981,1.0,0.665375828742981,1.0,4.267856290596228e-09,4.955519994354063e-09,8.847250931864892e-09,1.0,0.5611526370048523,0.30011966824531555,78,0.7846745848655701,1.0,1.0,1.0,0.6998803615570068,1.0,0.0,1.0
GCN,527,2288,5,1,3,-1.691419005393982,3.793790578842163,5.485209584236145,0.8017836213111877,0.040046680718660355,0.0,0.6324172616004944,0.059780851006507874,0.19969685486926866,0,0.0,0.04396371249127704,63,0.5294591188430786,1.0,0.614168193932562,0.9944608567208272,75.6766586303711,0.9992614475627769,0.6277860999107361,1.0,0.6277860999107361,1.0,4.928095709288982e-09,6.12924200282805e-09,1.1597679261399207e-08,1.0,0.5294591188430786,0.3396483361721039,58,0.7569312453269958,1.0,1.0,1.0,0.6603516340255737,1.0,0.0,1.0
GCN,527,2293,0,1,3,-0.39966917037963867,4.226827621459961,4.6264967918396,0.8017836213111877,0.03955579921603203,0.0,0.6671267151832581,0.05547104775905609,0.19060250094732853,0,0.0,0.03977669225401256,57,0.5587338209152222,1.0,0.6443350290949426,0.9948301329394387,79.82756805419922,1.0,0.6630043387413025,1.0,0.6630043387413025,1.0,4.5625303535246076e-09,7.031331072937519e-09,6.092431448223579e-08,1.0,0.5587338209152222,0.30313640832901,52,0.7501043677330017,1.0,1.0,1.0,0.69686359167099,1.0,0.0,1.0
GCN,527,2297,4,1,3,-3.7754502296447754,3.2253217697143555,7.000771999359131,0.8017836213111877,0.05695796385407448,0.0,0.5722532868385315,0.05970877408981323,0.19950738916256158,0,0.0,0.03977669225401256,57,0.47687360644340515,1.0,0.5582761328372204,0.9918759231905465,68.6005630493164,0.9970457902511078,0.5669757723808289,0.9988921713441654,0.5669757723808289,0.9988921713441654,1.0202128031266966e-08,3.158354289212184e-08,6.350991554882057e-08,1.0,0.47687360644340515,0.40523403882980347,52,0.48098236322402954,1.0,1.0,1.0,0.5947659611701965,1.0,0.0,1.0
GCN,527,2299,4,1,2,-3.007996082305908,4.67287540435791,7.680871486663818,0.8660253286361694,0.04767318069934845,0.0,0.6097943782806396,0.07977907359600067,0.22034861690034105,0,0.0,0.04326587578506629,62,0.5508931875228882,1.0,0.5925400351426403,0.9944608567208272,73.31103515625,0.9985228951255539,0.6056258678436279,0.9996307237813885,0.6056258678436279,0.9996307237813885,7.623203401863066e-09,7.0621029024664495e-09,6.097900495660724e-08,1.0,0.5508931875228882,0.3638833165168762,57,0.8837489485740662,1.0,1.0,1.0,0.6361166834831238,1.0,0.0,1.0
GCN,527,2302,3,1,2,-2.3660054206848145,5.307997226715088,7.674002647399902,0.8660253286361694,0.03836897388100624,0.0,0.6966637372970581,0.060850102454423904,0.20121258052292534,0,0.0,0.0418702023726448,60,0.6306725740432739,1.0,0.6730237721060828,0.9988921713441654,83.37431335449219,1.0,0.6925084590911865,1.0,0.6925084590911865,1.0,3.357931266378955e-09,5.972276539978338e-08,5.990023765889418e-08,1.0,0.6306726336479187,0.2717618942260742,55,0.9568302631378174,1.0,1.0,1.0,0.7282381057739258,1.0,0.0,1.0
GCN,527,2310,3,1,2,-0.20897924900054932,4.1287689208984375,4.337748169898987,0.8660253286361694,0.05637802183628082,-0.053963202983140945,0.5999303460121155,0.09555041790008545,0.2847669571807503,0,0.0,0.034891835310537335,50,0.5378130078315735,1.0000001192092896,0.5793910726151142,0.9940915805022157,71.9233169555664,0.9977843426883308,0.59490966796875,0.9996307237813885,0.59490966796875,0.9996307237813885,1.0244548320770264e-08,6.045711131719145e-08,1.2068431942680036e-07,1.0,0.537813127040863,0.3789868652820587,46,0.8805503249168396,1.0,1.0,1.0,0.6210131645202637,1.0,2.0954757928848267e-08,1.0000001192092896
GCN,527,2316,3,1,1,-3.4534759521484375,2.7459797859191895,6.199455738067627,0.9486831426620483,0.08433899283409119,0.0,0.5673407316207886,0.15432630479335785,0.5303145130731337,1,0.0,0.020237264480111653,29,0.5567970275878906,1.0,0.5543682899198028,0.990029542097489,67.86262512207031,0.9966765140324964,0.5613357424736023,0.9988921713441654,0.5613357424736023,0.9988921713441654,1.3301947099364497e-08,1.3480069505078518e-08,6.43416342427372e-08,1.0,0.5567970871925354,0.4130842685699463,24,0.9848650693893433,1.0,1.0,1.0,0.5869157314300537,1.0,0.0,1.0
GCN,527,2318,1,1,2,-0.709966778755188,6.220462799072266,6.930429577827454,0.8660253286361694,0.04087688401341438,0.0,0.643297016620636,0.06312789022922516,0.2046229632436529,0,0.0,0.04326587578506629,62,0.5819693803787231,1.0,0.6233094717327239,0.9944608567208272,77.0782699584961,0.9996307237813885,0.6389715671539307,1.0,0.6389715671539307,1.0,8.119082295365843e-09,5.985876327940787e-08,6.0359383269315e-08,1.0,0.5819693803787231,0.3279995620250702,57,0.8603706955909729,0.9999999403953552,1.0,0.9999999403953552,0.6720004081726074,1.0,0.0,1.0
GCN,527,2320,3,1,2,-0.7841824293136597,6.338341236114502,7.122523665428162,0.8660253286361694,0.0470731146633625,0.0,0.6580640077590942,0.07686232030391693,0.21674876847290642,0,0.0,0.03698534542916958,53,0.5948978066444397,1.0,0.6375697948545934,0.9948301329394387,78.89787292480469,0.9996307237813885,0.6533907651901245,1.0,0.6533907651901245,1.0,6.51925802230835e-09,6.46917319713225e-09,1.0903023373032283e-08,1.0,0.5948978066444397,0.3130711317062378,48,0.9305490255355835,1.0,1.0,1.0,0.6869288682937622,1.0,0.0,1.0
GCN,527,2321,0,1,2,1.1400597095489502,7.071671485900879,5.931611776351929,0.8660253286361694,0.04849979281425476,-0.0006702980608679354,0.6339133977890015,0.07933320105075836,0.22034861690034105,0,0.0,0.03768318213538032,54,0.5727478265762329,1.0,0.6130632146566128,0.9944608567208272,75.89459991455078,0.9992614475627769,0.6293364763259888,1.0,0.6293364763259888,1.0,7.679882507716229e-09,7.778076849263016e-09,1.3553599131910232e-08,1.0,0.5727478265762329,0.3386476933956146,50,0.8979986310005188,1.0000001192092896,1.0,1.0000001192092896,0.661352276802063,1.0,0.0,1.0
GCN,527,2330,0,1,3,0.9287676811218262,6.499232769012451,5.570465087890625,0.8017836213111877,0.034849558025598526,-0.0009261452360078692,0.649394154548645,0.0555017814040184,0.19060250094732853,0,0.0,0.051639916259595256,74,0.5441189408302307,1.0,0.6272837399940859,0.9948301329394387,77.79513549804688,0.9996307237813885,0.6449722647666931,1.0,0.6449722647666931,1.0,6.2475016271434924e-09,5.996282226305993e-08,6.08021935022407e-08,1.0,0.5441188812255859,0.3213644027709961,70,0.8076953887939453,1.0,1.0,1.0,0.6786355972290039,1.0,4.656612873077393e-10,1.0
GCN,527,2331,1,1,2,-1.6138473749160767,4.469013690948486,6.082861065864563,0.8660253286361694,0.055538635700941086,0.0,0.6333096027374268,0.09489947557449341,0.27453580901856767,0,0.0,0.03279832519190509,47,0.5715295672416687,1.0,0.6122004954198673,0.9944608567208272,75.83101654052734,0.9992614475627769,0.6284917593002319,1.0,0.6284917593002319,1.0,6.71586253275791e-09,6.984919309616089e-09,1.233584789872566e-08,1.0,0.5715296268463135,0.34005439281463623,42,0.9371631741523743,1.0,1.0,1.0,0.6599456071853638,1.0,0.0,1.0
GCN,527,2337,4,1,1,-4.17926025390625,4.243363857269287,8.422624111175537,0.9486831426620483,0.08601745963096619,-0.003940408118069172,0.5438053011894226,0.14521056413650513,0.4838954149298977,1,0.0,0.0209351011863224,30,0.5324554443359375,1.0,0.5287336611646961,0.9870753323485968,64.92542266845703,0.9937223042836041,0.5359842777252197,0.9988921713441654,0.5359842777252197,0.9988921713441654,6.4523919540704355e-09,9.902832331931677e-09,1.861013387838284e-08,1.0,0.5324554443359375,0.43874257802963257,26,0.8395986557006836,1.0,1.0,1.0,0.5612574219703674,1.0,9.313225746154785e-10,1.0
GCN,527,2341,4,1,1,-3.532031536102295,2.816046953201294,6.348078489303589,0.9486831426620483,0.14220845699310303,0.0,0.49128997325897217,0.2517429292201996,0.8003031451307313,1,0.0,0.015352407536636426,22,0.4649110734462738,1.0,0.48118369091531504,0.9763663220088626,57.902740478515625,0.9793205317577548,0.4789063632488251,0.9981536189069424,0.4789063632488251,0.9981536189069424,0.0,5.703162941905759e-10,1.1406325883811519e-09,1.0,0.4649110734462738,0.5099406242370605,17,0.8250702023506165,1.0,1.0,1.0,0.49005937576293945,1.0,0.0,1.0
GCN,527,2342,0,1,1,1.249314546585083,6.194169521331787,4.944854974746704,0.9486831426620483,0.07826709002256393,-0.0013790845405310392,0.5086487531661987,0.14653648436069489,0.49374763167866614,1,0.0,0.028611304954640614,41,0.49863386154174805,1.0,0.5018076704474418,0.9844903988183161,61.21101379394531,0.9874446085672083,0.5034716725349426,0.9985228951255539,0.5034716725349426,0.9985228951255539,1.580506747700383e-08,1.5890584847966238e-08,3.186730879178867e-08,1.0,0.49863386154174805,0.47439366579055786,38,0.9034531116485596,1.0,1.0,1.0,0.5256063342094421,1.0,0.0,1.0
GCN,527,2346,3,1,3,-2.74727201461792,4.871959209442139,7.619231224060059,0.8017836213111877,0.035053856670856476,0.0,0.6932651996612549,0.05360948666930199,0.18226600985221675,0,0.0,0.04326587578506629,62,0.5810605883598328,1.0,0.6694204383408897,0.9985228951255539,82.97686004638672,1.0,0.689272940158844,1.0,0.689272940158844,1.0,7.623203401863066e-09,6.001116759080105e-08,1.1981673253558256e-07,1.0,0.5810606479644775,0.27528995275497437,57,0.8500852584838867,1.0,1.0,1.0,0.7247100472450256,1.0,0.0,1.0
GCN,527,2347,0,1,3,0.9347885847091675,7.320194244384766,6.385405659675598,0.8017836213111877,0.03370118513703346,0.0,0.7036423087120056,0.04408938065171242,0.11405835543766578,0,0.0,0.0418702023726448,60,0.5898791551589966,1.0,0.6790156496882196,0.9992614475627769,84.2074203491211,1.0,0.6991562843322754,1.0,0.6991562843322754,1.0,5.6073043985804816e-09,4.609811643518924e-09,6.011951114714975e-08,1.0,0.5898792147636414,0.26429131627082825,55,0.7380706071853638,0.9999999403953552,1.0,0.9999999403953552,0.7357087135314941,1.0,0.0,1.0
GCN,527,2353,4,1,3,-2.7827186584472656,4.059525012969971,6.842243671417236,0.8017836213111877,0.03555407375097275,-0.0007086742552928627,0.6563786864280701,0.05619491636753082,0.19306555513452064,0,0.0,0.04954640614096301,71,0.5499556064605713,1.0,0.6376149943362579,0.9948301329394387,78.805908203125,0.9996307237813885,0.6525061130523682,1.0,0.6525061130523682,1.0,2.63417798684884e-09,3.5768121797730146e-09,6.5778875679711746e-09,1.0,0.5499556064605713,0.3140847682952881,67,0.8318006992340088,1.0,1.0,1.0,0.6859152317047119,1.0,2.3283064365386963e-10,1.0
GCN,527,2359,2,0,11,-5.803840160369873,-2.226713180541992,3.577126979827881,0.5477225184440613,0.024233289062976837,-0.0001664896117290482,0.6834263205528259,0.04684458673000336,0.1328154604016673,0,0.0,0.09979064898813678,143,0.3912603557109833,1.0,0.6602906536093641,0.9955686853766618,81.68030548095703,1.0,0.6789515614509583,1.0,0.6789515614509583,1.0,8.055401679030183e-09,3.0967349573529646e-08,6.334821023301629e-08,1.0,0.3912603557109833,0.2856595516204834,139,0.7236013412475586,1.0,1.0,1.0,0.7143404483795166,1.0,1.1641532182693481e-10,1.0
GCN,527,2365,2,0,7,-6.270751476287842,-1.7739298343658447,4.496821641921997,0.6396021246910095,0.03492196276783943,-0.0005242491606622934,0.6672579050064087,0.05126389488577843,0.16331943918150815,0,0.0,0.06769016050244243,97,0.44550880789756775,1.0,0.6454083341508433,0.9948301329394387,79.72721099853516,1.0,0.6619114279747009,1.0,0.6619114279747009,1.0,9.1960732362395e-09,8.513454829994771e-09,1.9060847122887026e-08,1.0,0.44550880789756775,0.3034594655036926,93,0.6264934539794922,1.0,1.0,1.0,0.6965405344963074,1.0,2.3283064365386963e-10,1.0
GCN,527,2368,3,1,2,-0.5012408494949341,5.645411968231201,6.146652817726135,0.8660253286361694,0.05734952166676521,0.0,0.6372748017311096,0.09970360994338989,0.31110269041303523,0,0.0,0.03210048848569435,46,0.5749499201774597,1.0,0.6189914367188222,0.9944608567208272,76.36724090576172,0.9992614475627769,0.6321536302566528,1.0,0.6321536302566528,1.0,1.2372927571391301e-08,1.2410113825467306e-08,6.339615055139802e-08,1.0,0.5749499201774597,0.3361049294471741,41,0.9594854116439819,1.0,1.0,1.0,0.6638950705528259,1.0,0.0,1.0
GCN,527,2383,4,0,10,-5.210207462310791,-0.47868895530700684,4.731518507003784,0.5669466257095337,0.02022654376924038,-0.0004879483312834054,0.6690860390663147,0.02197602391242981,0.10837438423645321,0,0.0,0.09630146545708304,138,0.39675718545913696,1.0,0.6490682269060905,0.9948301329394387,80.07601165771484,1.0,0.6651590466499329,1.0,0.6651590466499329,1.0,1.3080026839418224e-08,3.382541180485532e-08,7.194818607558773e-08,1.0,0.3967571556568146,0.30018603801727295,135,0.4121464788913727,0.9999998807907104,1.0,0.9999998807907104,0.699813961982727,1.0,1.1641532182693481e-10,1.0
GCN,527,2384,0,1,1,0.9625887274742126,6.732460021972656,5.769871294498444,0.9486831426620483,0.0686800554394722,-0.00037597198388539255,0.5847883820533752,0.12106055021286011,0.3984463812050019,1,0.0,0.0314026517794836,45,0.5766018629074097,1.0,0.5659790006152354,0.9937223042836041,69.73434448242188,0.9974150664697193,0.5785089731216431,0.9996307237813885,0.5785089731216431,0.9996307237813885,0.0,1.066964072649057e-09,5.963737947922709e-08,1.0,0.5766018033027649,0.3922082185745239,41,0.9778942465782166,1.0000001192092896,1.0,1.0000001192092896,0.6077917814254761,1.0,2.3283064365386963e-10,1.0
GCN,527,2389,2,1,2,-3.6874027252197266,3.993985652923584,7.6813883781433105,0.8660253286361694,0.04658159986138344,-0.001549370470456779,0.6712676286697388,0.07440014183521271,0.21314892004547176,0,0.0,0.03210048848569435,46,0.6068811416625977,1.0000001192092896,0.6502204878686629,0.9948301329394387,80.4622573852539,1.0,0.6665632128715515,1.0,0.6665632128715515,1.0,3.357931266378955e-09,3.896001743441957e-09,5.995401153313651e-08,1.0,0.6068812012672424,0.29923391342163086,42,0.9069632887840271,1.0,1.0,1.0,0.7007660865783691,1.0,9.313225746154785e-10,1.0000001192092896
GCN,527,2392,2,1,3,-3.6043336391448975,3.4579648971557617,7.062298536300659,0.8017836213111877,0.03611104562878609,-0.0012092475080862641,0.6653465628623962,0.05572698265314102,0.19268662372110648,0,0.0,0.04326587578506629,62,0.5574454665184021,1.0,0.6452306478466389,0.9948301329394387,79.73237609863281,1.0,0.6611539125442505,1.0,0.6611539125442505,1.0,4.293184918680026e-09,5.978445472010208e-08,6.018582610067824e-08,1.0,0.5574454665184021,0.30474328994750977,58,0.7984821796417236,1.0,1.0,1.0,0.6952567100524902,1.0,9.313225746154785e-10,1.0
GCN,527,2411,3,1,1,-2.235167980194092,4.431495189666748,6.66666316986084,0.9486831426620483,0.0862840935587883,0.0,0.4766210913658142,0.16812241077423096,0.5744600227358848,1,0.0,0.027913468248429867,40,0.46491098403930664,1.0,0.4689189606379902,0.9675036927621861,57.411048889160156,0.9778434268833087,0.46978992223739624,0.9981536189069424,0.46978992223739624,0.9981536189069424,1.3170890156288806e-08,1.3216087779710506e-08,2.8413989383579974e-08,1.0,0.46491095423698425,0.5099407434463501,35,0.8810270428657532,1.0,1.0,1.0,0.4900592565536499,1.0,0.0,1.0
GCN,527,2425,3,1,5,0.7597888112068176,5.45281457901001,4.693025767803192,0.7071066498756409,0.03545233607292175,0.0,0.6333600282669067,0.039596911519765854,0.10837438423645321,0,0.0,0.055826936496859735,80,0.4676283001899719,1.0,0.6140728112439754,0.9944608567208272,75.85396575927734,0.9992614475627769,0.6291255950927734,1.0,0.6291255950927734,1.0,4.771608441700437e-09,6.035659971814766e-09,1.2906960833447556e-08,1.0,0.4676283001899719,0.3386736214160919,75,0.5002095699310303,1.0,1.0,1.0,0.6613264083862305,1.0,0.0,1.0
GCN,527,2427,3,1,3,-0.8650474548339844,4.629213333129883,5.494260787963867,0.8017836213111877,0.05776606500148773,-0.0024739415384829044,0.5837082266807556,0.06631530821323395,0.2074649488442592,0,0.0,0.04884856943475227,70,0.4863130748271942,1.0,0.5636335184075817,0.9937223042836041,69.65459442138672,0.9974150664697193,0.5772461891174316,0.9996307237813885,0.5772461891174316,0.9996307237813885,1.513220126980741e-08,6.10291692737519e-08,1.2221805434364796e-07,1.0,0.4863131046295166,0.3934609293937683,67,0.49467942118644714,1.0,1.0,1.0,0.6065390706062317,1.0,9.599853134645286e-10,1.0
GCN,527,2428,5,1,1,-0.8828234076499939,4.301729679107666,5.18455308675766,0.9486831426620483,0.15541410446166992,-0.000944672035984695,0.5472789406776428,0.29459744691848755,0.8711633194391815,1,0.0,0.020237264480111653,29,0.5187366604804993,1.0,0.5215651203178835,0.9863367799113737,63.30452346801758,0.9911373707533235,0.5264663696289062,0.9985228951255539,0.5264663696289062,0.9985228951255539,1.2904783908140871e-08,3.2494682500328054e-08,6.462312995836328e-08,1.0,0.5187366008758545,0.4532034993171692,25,0.984166145324707,1.0,1.0,1.0,0.5467965006828308,1.0,4.656612873077393e-10,1.0
GCN,527,2431,4,1,1,-3.0334579944610596,3.5303335189819336,6.563791513442993,0.9486831426620483,0.11249000579118729,0.0,0.4826546311378479,0.23212018609046936,0.7567260325881016,1,0.0,0.021632937892533146,31,0.46491098403930664,1.0,0.4763839731234667,0.973781388478582,59.075279235839844,0.982274741506647,0.4725964069366455,0.9981536189069424,0.4725964069366455,0.9981536189069424,0.0,1.0920725435070722e-09,2.1841450870141443e-09,1.0,0.46491095423698425,0.5099407434463501,26,0.9448363780975342,1.0,1.0,1.0,0.4900592565536499,1.0,0.0,1.0
GCN,527,2433,2,1,1,0.016489505767822266,5.557371616363525,5.540882110595703,0.9486831426620483,0.08693026006221771,0.0,0.4767516255378723,0.16698163747787476,0.5702917771883289,1,0.0,0.02721563154221912,39,0.4649110734462738,1.0,0.46789944092500485,0.9675036927621861,57.3177375793457,0.9774741506646972,0.4699570834636688,0.9981536189069424,0.4699570834636688,0.9981536189069424,1.4901161193847656e-08,1.4912071577555253e-08,3.207192733611919e-08,1.0,0.4649110734462738,0.5099406242370605,34,0.868782639503479,0.9999999403953552,1.0,0.9999999403953552,0.49005937576293945,1.0,0.0,1.0
GCN,527,2435,4,1,2,-2.7943148612976074,4.134562969207764,6.928877830505371,0.8660253286361694,0.047886960208415985,0.0,0.6067605018615723,0.07417163252830505,0.21314892004547176,0,0.0,0.039078855547801813,56,0.548109233379364,1.0,0.5900027332404237,0.9944608567208272,72.81177520751953,0.9977843426883308,0.6027976870536804,0.9996307237813885,0.6027976870536804,0.9996307237813885,6.107090388951519e-09,5.99261937850315e-08,6.064605884148477e-08,1.0,0.5481092929840088,0.3670978844165802,51,0.8138949871063232,1.0,1.0,1.0,0.6329021453857422,1.0,0.0,1.0
GCN,527,2438,3,1,2,-2.914719820022583,4.616919040679932,7.531638860702515,0.8660253286361694,0.06340334564447403,-0.0025497202295809984,0.5893069505691528,0.1058914065361023,0.3560060629026146,1,0.0,0.02721563154221912,39,0.5302566289901733,1.0,0.5740758757053097,0.9937223042836041,70.76789093017578,0.9974150664697193,0.5840027332305908,0.9996307237813885,0.5840027332305908,0.9996307237813885,6.4523919540704355e-09,5.996191276835816e-08,6.089497617267625e-08,1.0,0.5302566885948181,0.3877122402191162,35,0.852355420589447,1.0,1.0,1.0,0.6122877597808838,1.0,9.313225746154785e-10,1.0
GCN,527,2445,2,1,4,-4.342118263244629,3.675196647644043,8.017314910888672,0.7499998807907104,0.026136137545108795,0.0,0.69218510389328,0.03511735796928406,0.10837438423645321,0,0.0,0.06071179344033496,87,0.5430784225463867,1.0,0.6697369645613337,0.9985228951255539,82.9921875,1.0,0.6885137557983398,1.0,0.6885137557983398,1.0,6.2475016271434924e-09,6.195220336735474e-09,6.069191016422337e-08,1.0,0.5430784225463867,0.27589529752731323,82,0.697531521320343,1.0,1.0,1.0,0.7241047024726868,1.0,0.0,1.0
GCN,527,2446,2,1,8,-5.535581588745117,0.3443892002105713,5.8799707889556885,0.6123723983764648,0.021225396543741226,-0.05232734978199005,0.6683096885681152,0.22412146627902985,0.7444107616521409,1,0.0,0.09141660851360782,131,0.426931768655777,1.0,0.6473631173601344,0.9948301329394387,79.95917510986328,1.0,0.6641222238540649,1.0,0.6641222238540649,1.0,1.18812089056064e-08,3.222244870926261e-08,1.226140682319965e-07,1.0,0.42693179845809937,0.3028232455253601,127,0.4822635054588318,0.9999998807907104,1.0,0.9999998807907104,0.6971767544746399,1.0,1.1292286217212677e-08,1.0
GCN,527,2448,2,1,5,-5.384857177734375,1.4951541423797607,6.880011320114136,0.7071066498756409,0.027096306905150414,-0.036848895251750946,0.6823652386665344,0.03884278982877731,0.10837438423645321,0,0.0,0.06908583391486392,99,0.5035539865493774,1.0,0.6589682458917333,0.9955686853766618,81.64381408691406,1.0,0.6781857013702393,1.0,0.6781857013702393,1.0,7.436014470840746e-09,6.002155572559786e-08,1.2003152960460284e-07,1.0,0.5035539269447327,0.28786706924438477,95,0.6916750073432922,1.0000001192092896,1.0,1.0000001192092896,0.7121329307556152,1.0,1.955777406692505e-08,1.0
GCN,527,2456,5,1,2,-1.395748257637024,4.6959075927734375,6.091655850410461,0.8660253286361694,0.046375006437301636,-0.059702783823013306,0.6067613363265991,0.07948766648769379,0.22034861690034105,0,0.0,0.04326587578506629,62,0.545360267162323,1.0,0.5893077056670325,0.9944608567208272,72.59834289550781,0.9977843426883308,0.6019104719161987,0.9996307237813885,0.6019104719161987,0.9996307237813885,4.4664663079174716e-09,5.839362771098422e-09,1.074119726496292e-08,1.0,0.545360267162323,0.37027212977409363,60,0.8437040448188782,1.0000001192092896,1.0,1.0000001192092896,0.629727840423584,1.0,1.839951480064883e-08,1.0
GCN,527,2459,3,1,2,-5.161346435546875,0.19028687477111816,5.351633310317993,0.8660253286361694,0.08521057665348053,0.0,0.6009941101074219,0.13058128952980042,0.4213717317165593,1,0.0,0.01465457083042568,21,0.5378130078315735,1.0000001192092896,0.585393373245433,0.9940915805022157,72.0910415649414,0.9977843426883308,0.5942957401275635,0.9996307237813885,0.5942957401275635,0.9996307237813885,0.0,2.3283064365386963e-10,5.960646376479417e-08,1.0,0.5378130674362183,0.3789868950843811,16,0.7976057529449463,1.0,1.0,1.0,0.6210131049156189,1.0,0.0,1.0000001192092896
GCN,527,2461,6,1,1,-3.3485329151153564,0.25218963623046875,3.600722551345825,0.9486831426620483,0.08985865861177444,0.0,0.4773544371128082,0.1799820214509964,0.6083743842364532,1,0.0,0.026517794836008374,38,0.46491098403930664,1.0,0.46883161152244246,0.9675036927621861,57.46238327026367,0.9782127031019202,0.46892300248146057,0.9981536189069424,0.46892300248146057,0.9981536189069424,6.71586253275791e-09,6.804074637045687e-09,1.4609669030107852e-08,1.0,0.46491095423698425,0.5099407434463501,33,0.9070502519607544,1.0,1.0,1.0,0.4900592565536499,1.0,0.0,1.0
GCN,527,2467,6,1,2,-0.9077877998352051,4.2830963134765625,5.190884113311768,0.8660253286361694,0.05142149329185486,-0.003356774104759097,0.5663710236549377,0.08894361555576324,0.24156877605153468,0,0.0,0.04256803907885555,61,0.510749876499176,1.0,0.5547303733912365,0.9911373707533235,68.07324981689453,0.9966765140324964,0.5623791813850403,0.9988921713441654,0.5623791813850403,0.9988921713441654,7.902533738501916e-09,3.111317781190337e-08,6.21205984430162e-08,1.0,0.5107499361038208,0.4102367162704468,57,0.8002895712852478,1.0,1.0,1.0,0.5897632837295532,1.0,0.0,1.0
GCN,527,2474,4,1,2,-5.383090972900391,1.5999765396118164,6.983067512512207,0.8660253286361694,0.07218801975250244,0.0,0.6074058413505554,0.12889625132083893,0.4160666919287609,1,0.0,0.03210048848569435,46,0.5457720756530762,0.9999999403953552,0.5905066800559278,0.9944608567208272,72.59158325195312,0.9977843426883308,0.6018744111061096,0.9996307237813885,0.6018744111061096,0.9996307237813885,9.497663988611293e-09,6.070810343317135e-08,6.323772794303295e-08,1.0,0.5457720756530762,0.36979663372039795,41,0.9392575621604919,1.0,1.0,1.0,0.630203366279602,1.0,0.0,0.9999999403953552
GCN,527,2479,6,1,1,-2.77719783782959,1.3185646533966064,4.095762491226196,0.9486831426620483,0.09083700180053711,0.0,0.4775601923465729,0.1769973188638687,0.5987116331943918,1,0.0,0.025819958129797628,37,0.4649110734462738,1.0,0.4660170997155031,0.9667651403249631,58.13424301147461,0.9800590841949779,0.4721941649913788,0.9981536189069424,0.4721941649913788,0.9981536189069424,0.0,5.703162941905759e-10,1.1406325883811519e-09,1.0,0.4649110734462738,0.5099406242370605,32,0.8827813267707825,1.0,1.0,1.0,0.49005937576293945,1.0,0.0,1.0
GCN,527,2483,4,1,2,-2.930596351623535,3.8995776176452637,6.830173969268799,0.8660253286361694,0.10451503098011017,0.0,0.5968827605247498,0.18808293342590332,0.6347101174687382,1,0.0,0.020237264480111653,29,0.5302566289901733,1.0,0.5789301137600242,0.9940915805022157,71.38794708251953,0.9974150664697193,0.5892415046691895,0.9996307237813885,0.5892415046691895,0.9996307237813885,1.2904783908140871e-08,6.053775791770022e-08,6.286418852141651e-08,1.0,0.5302566885948181,0.3877122700214386,24,0.9302297830581665,1.0,1.0,1.0,0.6122877597808838,1.0,0.0,1.0
GCN,527,2489,3,1,1,-4.123502254486084,3.418775796890259,7.542278051376343,0.9486831426620483,0.11761264503002167,0.0,0.5499907732009888,0.21533726155757904,0.7190223569533915,1,0.0,0.013258897418004187,19,0.5324553847312927,1.0,0.5380184456648258,0.9889217134416544,65.68217468261719,0.9940915805022157,0.5410381555557251,0.9988921713441654,0.5410381555557251,0.9988921713441654,0.0,1.066964072649057e-09,2.133928145298114e-09,1.0,0.5324553847312927,0.43874260783195496,14,0.9553043842315674,0.9999999403953552,1.0,0.9999999403953552,0.5612573623657227,1.0,0.0,1.0
GCN,527,2490,4,1,2,-2.8226144313812256,5.55714750289917,8.379761934280396,0.8660253286361694,0.045974187552928925,0.0,0.6262039542198181,0.0744134709239006,0.21314892004547176,0,0.0,0.040474528960223306,58,0.5659921169281006,1.0,0.6060021050939098,0.9944608567208272,75.19183349609375,0.9992614475627769,0.6213483214378357,0.9996307237813885,0.6213483214378357,0.9996307237813885,5.26835597369768e-09,5.986781559386145e-08,6.042395028771352e-08,1.0,0.5659921169281006,0.34644851088523865,53,0.8777763843536377,0.9999999403953552,1.0,0.9999999403953552,0.653551459312439,1.0,0.0,1.0
GCN,527,2496,4,1,1,-1.3100649118423462,4.323732376098633,5.633797287940979,0.9486831426620483,0.0761379599571228,-0.001505980733782053,0.5520133972167969,0.13917750120162964,0.45187571049640013,1,0.0,0.030006978367062107,43,0.5425822734832764,1.0,0.5403525354964966,0.9889217134416544,66.34904479980469,0.9944608567208272,0.5460986495018005,0.9988921713441654,0.5460986495018005,0.9988921713441654,1.4307248719092058e-08,6.124375317995145e-08,6.502193627966335e-08,1.0,0.5425823330879211,0.4280679225921631,39,0.9572792053222656,1.0,1.0,1.0,0.5719320774078369,1.0,4.656612873077393e-10,1.0
GCN,527,2505,1,1,1,-2.8582146167755127,2.805464029312134,5.6636786460876465,0.9486831426620483,0.0778270959854126,0.0,0.5420796275138855,0.14180530607700348,0.46703296703296704,1,0.0,0.026517794836008374,38,0.5324554443359375,1.0,0.52369564011008,0.9863367799113737,64.71586608886719,0.9929837518463811,0.534428060054779,0.9988921713441654,0.534428060054779,0.9988921713441654,1.0370769132350688e-08,8.935965745138219e-09,1.6783324952029943e-08,1.0,0.5324554443359375,0.43874257802963257,33,0.9370137453079224,1.0,1.0,1.0,0.5612574219703674,1.0,0.0,1.0
GCN,527,2508,3,1,3,-4.028812408447266,3.148405075073242,7.177217483520508,0.8017836213111877,0.05790316313505173,0.0,0.6922942399978638,0.09834731370210648,0.3090185676392573,0,0.0,0.0314026517794836,45,0.5782320499420166,1.0,0.6669736220092448,0.9977843426883308,82.86652374267578,1.0,0.6875483989715576,1.0,0.6875483989715576,1.0,8.33000246558413e-09,8.33000246558413e-09,6.132084706678143e-08,1.0,0.5782320499420166,0.2788178324699402,40,0.9427751302719116,1.0,1.0,1.0,0.7211821675300598,1.0,0.0,1.0
GCN,527,2509,3,1,5,-5.770271301269531,0.5308210849761963,6.3010923862457275,0.7071066498756409,0.02911454066634178,0.0,0.6682101488113403,0.04022594168782234,0.10837438423645321,0,0.0,0.06489881367759945,93,0.4939717650413513,1.0,0.6464047109148948,0.9948301329394387,79.9560546875,1.0,0.6638869047164917,1.0,0.6638869047164917,1.0,6.212696579410704e-09,3.992214114845183e-09,8.08120681483615e-09,1.0,0.4939717650413513,0.301418274641037,88,0.6528213024139404,1.0,1.0,1.0,0.6985816955566406,1.0,0.0,1.0
GCN,527,2514,2,1,2,-3.557309150695801,4.866579055786133,8.423888206481934,0.8660253286361694,0.05017181858420372,-0.0003455574333202094,0.6436863541603088,0.08361987769603729,0.22679045092838196,0,0.0,0.03628750872295883,52,0.5815075635910034,1.0,0.6244737078184441,0.9948301329394387,77.02803802490234,0.9996307237813885,0.6390578746795654,1.0,0.6390578746795654,1.0,4.928095709288982e-09,5.783393319802599e-09,6.037669209035812e-08,1.0,0.5815075635910034,0.328532874584198,48,0.9290831089019775,1.0000001192092896,1.0,1.0000001192092896,0.671467125415802,1.0,0.0,1.0
GCN,527,2523,2,1,2,-3.273404121398926,4.631102561950684,7.904506683349609,0.8660253286361694,0.05218149349093437,0.0,0.6630628108978271,0.06672336161136627,0.20765441455096628,0,0.0,0.030006978367062107,43,0.5989834666252136,1.0,0.6431316090680732,0.9948301329394387,79.46145629882812,1.0,0.65810227394104,1.0,0.65810227394104,1.0,2.2812651767623038e-09,5.96791736029445e-08,1.192864687027395e-07,1.0,0.5989835262298584,0.30835336446762085,38,0.7342545986175537,1.0,1.0,1.0,0.6916466355323792,1.0,0.0,1.0
GCN,527,2533,0,1,1,-2.6785504817962646,5.110281467437744,7.788831949234009,0.9486831426620483,0.0822051614522934,-0.0037159682251513004,0.5294905304908752,0.15313878655433655,0.5200833649109511,1,0.0,0.024424284717376135,35,0.5187366604804993,1.0,0.520538443689311,0.9863367799113737,63.1314582824707,0.9911373707533235,0.5241381525993347,0.9985228951255539,0.5241381525993347,0.9985228951255539,1.4062662145875038e-08,1.4616499122155346e-08,2.8153792186458304e-08,1.0,0.5187366604804993,0.4532034397125244,32,0.9259238243103027,1.0,1.0,1.0,0.5467965602874756,1.0,0.0,1.0
GCN,527,2540,3,0,1,-6.950781345367432,-3.273430585861206,3.6773507595062256,0.9486831426620483,0.13973881304264069,0.0,0.5557129383087158,0.25674402713775635,0.8090185676392573,1,0.0,0.011165387299371946,16,0.5324555039405823,1.0,0.539695313026584,0.9889217134416544,65.27391815185547,0.9940915805022157,0.5426059365272522,0.9988921713441654,0.5426059365272522,0.9988921713441654,1.4901161193847656e-08,1.4904799172654748e-08,6.584931355746448e-08,1.0,0.5324555039405823,0.4387425184249878,11,0.9686235785484314,1.0,1.0,1.0,0.5612574815750122,1.0,0.0,1.0
GCN,527,2543,3,1,3,-4.78890323638916,3.1936750411987305,7.982578277587891,0.8017836213111877,0.03918425366282463,0.0,0.6532754898071289,0.05114690959453583,0.16331943918150815,0,0.0,0.04675505931612003,67,0.54709792137146,1.0000001192092896,0.6332800750759171,0.9948301329394387,78.16094207763672,0.9996307237813885,0.6490479707717896,1.0,0.6490479707717896,1.0,4.928095709288982e-09,7.081267572317529e-09,6.099340055243374e-08,1.0,0.54709792137146,0.3176489472389221,62,0.6836933493614197,1.0,1.0,1.0,0.6823510527610779,1.0,0.0,1.0000001192092896
GCN,527,2549,4,1,1,-3.9574196338653564,2.88299822807312,6.840417861938477,0.9486831426620483,0.07610095292329788,0.0,0.541807234287262,0.13969966769218445,0.4571807502841986,1,0.0,0.028611304954640614,41,0.5324554443359375,1.0,0.5321144475878531,0.9870753323485968,65.405029296875,0.9940915805022157,0.5371533036231995,0.9988921713441654,0.5371533036231995,0.9988921713441654,4.928095709288982e-09,4.568466938081883e-09,8.58149196147906e-09,1.0,0.5324554443359375,0.43874257802963257,36,0.94356369972229,1.0,1.0,1.0,0.5612574219703674,1.0,0.0,1.0
GCN,527,2552,3,1,1,-2.9041805267333984,5.103975772857666,8.008156299591064,0.9486831426620483,0.15586954355239868,-0.02835136651992798,0.5746540427207947,0.2832554578781128,0.8529746115953013,1,0.0,0.0209351011863224,30,0.5425821542739868,1.0,0.5512836410568348,0.990029542097489,68.05379486083984,0.9966765140324964,0.5580906271934509,0.9988921713441654,0.5580906271934509,0.9988921713441654,1.053671194739536e-08,6.053775791770022e-08,1.2079863154212944e-07,1.0,0.5425822138786316,0.42806804180145264,26,0.9907057881355286,0.9999999403953552,1.0,0.9999999403953552,0.5719319581985474,1.0,4.656612873077393e-10,1.0
GCN,527,2557,2,1,1,-4.41464900970459,3.155559778213501,7.570208787918091,0.9486831426620483,0.08323174715042114,0.0,0.5671590566635132,0.151345357298851,0.5178097764304661,1,0.0,0.02721563154221912,39,0.5567970275878906,1.0,0.5529692996438155,0.990029542097489,67.82640838623047,0.9966765140324964,0.5614379048347473,0.9988921713441654,0.5614379048347473,0.9988921713441654,6.71586253275791e-09,6.010819930679645e-08,1.200235573151076e-07,1.0,0.5567971467971802,0.4130842089653015,34,0.9783767461776733,0.9999998807907104,1.0,0.9999998807907104,0.5869157910346985,1.0,0.0,1.0
GCN,527,2561,2,1,1,-1.7856061458587646,6.750673770904541,8.536279916763306,0.9486831426620483,0.15477439761161804,-0.0008347472758032382,0.5470596551895142,0.29403266310691833,0.8704054566123531,1,0.0,0.022330774598743892,32,0.5187366008758545,1.0,0.5360419469101974,0.9889217134416544,65.3662109375,0.9940915805022157,0.5292856693267822,0.9988921713441654,0.5292856693267822,0.9988921713441654,1.343172506551582e-08,6.107845251790422e-08,1.2195123133551533e-07,1.0,0.5187365412712097,0.4532035291194916,28,0.9859440326690674,0.9999999403953552,1.0,0.9999999403953552,0.546796441078186,1.0,4.656612873077393e-10,1.0
GCN,527,2562,0,1,2,-0.5010985136032104,4.010657787322998,4.5117563009262085,0.8660253286361694,0.08063244819641113,0.0,0.5158107876777649,0.12737369537353516,0.41227737779461915,1,0.0,0.02372644801116539,34,0.4602123498916626,1.0,0.5042016398172068,0.9844903988183161,61.548492431640625,0.9881831610044313,0.5079606771469116,0.9985228951255539,0.5079606771469116,0.9985228951255539,6.71586253275791e-09,3.055053809930541e-08,6.136681207635775e-08,1.0,0.4602123200893402,0.46859249472618103,29,0.7056525945663452,0.9999998807907104,1.0,0.9999998807907104,0.5314074754714966,1.0,0.0,1.0
GCN,527,2566,3,1,2,-2.233642578125,5.018449306488037,7.252091884613037,0.8660253286361694,0.06715395301580429,0.0,0.5896756649017334,0.10267305374145508,0.3378173550587344,1,0.0,0.026517794836008374,38,0.5302566289901733,1.0,0.5747024678557142,0.9937223042836041,70.52323150634766,0.9974150664697193,0.5843978524208069,0.9996307237813885,0.5843978524208069,0.9996307237813885,5.26835597369768e-09,6.030808208379312e-08,6.207408631553335e-08,1.0,0.5302566885948181,0.3877122402191162,33,0.7807800769805908,1.0,1.0,1.0,0.6122877597808838,1.0,0.0,1.0
GCN,527,2568,3,1,1,-4.965536594390869,2.0929665565490723,7.058503150939941,0.9486831426620483,0.07965358346700668,0.0,0.5287392139434814,0.147396057844162,0.4971580143993937,1,0.0,0.027913468248429867,40,0.5187366604804993,1.0,0.5198224047769461,0.9863367799113737,63.70591735839844,0.9918759231905465,0.5229501724243164,0.9985228951255539,0.5229501724243164,0.9985228951255539,1.5017125321037383e-08,1.4673872783532715e-08,2.8288797082609562e-08,1.0,0.5187366604804993,0.4532034397125244,35,0.9282035231590271,1.0,1.0,1.0,0.5467965602874756,1.0,0.0,1.0
GCN,527,2578,0,1,2,-1.4639776945114136,5.145562648773193,6.609540343284607,0.8660253286361694,0.049117445945739746,-0.14747294783592224,0.6151627898216248,0.2844793200492859,0.8529746115953013,1,0.0,0.040474528960223306,58,0.548109233379364,1.0,0.5906970187082093,0.9944608567208272,73.6642837524414,0.9985228951255539,0.6107965707778931,0.9996307237813885,0.6107965707778931,0.9996307237813885,4.267856290596228e-09,5.978127859407323e-08,6.016811227027574e-08,1.0,0.5481092929840088,0.3670978546142578,54,0.8650009632110596,1.0000001192092896,1.0,1.0000001192092896,0.6329021453857422,1.0,2.3283064365386963e-08,1.0
GCN,527,2582,3,1,3,-6.3929643630981445,0.8138246536254883,7.206789016723633,0.8017836213111877,0.044431619346141815,-0.0017951995832845569,0.6082214117050171,0.06345474720001221,0.2046229632436529,0,0.0,0.0418702023726448,60,0.5085898041725159,1.0,0.594631093447668,0.9944608567208272,72.69209289550781,0.9977843426883308,0.6039556860923767,0.9996307237813885,0.6039556860923767,0.9996307237813885,4.368290174028289e-09,3.006762483437342e-08,6.012075459693733e-08,1.0,0.5085898041725159,0.36567699909210205,56,0.6748967170715332,0.9999999403953552,1.0,0.9999999403953552,0.634323000907898,1.0,0.0,1.0
GCN,527,2586,5,1,1,-1.8974425792694092,4.024627685546875,5.922070264816284,0.9486831426620483,0.12263746559619904,0.0,0.4853931665420532,0.18144026398658752,0.6085638499431603,1,0.0,0.020237264480111653,29,0.46491098403930664,1.0,0.48183785736975643,0.9763663220088626,58.016719818115234,0.9796898079763663,0.47595348954200745,0.9981536189069424,0.47595348954200745,0.9981536189069424,1.053671194739536e-08,1.0593154797788884e-08,2.2768936958073027e-08,1.0,0.46491095423698425,0.5099407434463501,24,0.6812794208526611,0.9999999403953552,1.0,0.9999999403953552,0.4900592565536499,1.0,0.0,1.0
GCN,527,2592,5,1,2,-3.431528091430664,2.4738454818725586,5.905373573303223,0.8660253286361694,0.05470056086778641,-0.0021996062714606524,0.6287845373153687,0.09251613914966583,0.2624100037893141,0,0.0,0.03210048848569435,46,0.5673667788505554,1.0,0.6116166576484702,0.9944608567208272,75.7269515991211,0.9992614475627769,0.6244142055511475,1.0,0.6244142055511475,1.0,8.011539875951712e-09,9.089345276436234e-09,1.6073922637360738e-08,1.0,0.5673667788505554,0.34486132860183716,42,0.9032821655273438,1.0000001192092896,1.0000001192092896,1.0,0.6551387906074524,1.0000001192092896,0.0,1.0
GCN,527,2598,1,1,1,-1.0845859050750732,5.055495262145996,6.140081167221069,0.9486831426620483,0.08357597142457962,0.0,0.5294113755226135,0.15337257087230682,0.5200833649109511,1,0.0,0.02512212142358688,36,0.5187366604804993,1.0,0.5136594009335261,0.9844903988183161,63.810062408447266,0.9918759231905465,0.5233514904975891,0.9985228951255539,0.5233514904975891,0.9985228951255539,8.119082295365843e-09,3.090777411784984e-08,6.166231969473301e-08,1.0,0.5187366008758545,0.4532034993171692,31,0.92168128490448,1.0,1.0,1.0,0.5467965006828308,1.0,0.0,1.0
GCN,527,2599,3,1,3,-3.752779960632324,3.315608263015747,7.068388223648071,0.8017836213111877,0.04320725426077843,0.0,0.6457496285438538,0.06328215450048447,0.2046229632436529,0,0.0,0.03977669225401256,57,0.5404232740402222,1.0,0.6261044756906213,0.9948301329394387,77.42794036865234,0.9996307237813885,0.6418517827987671,1.0,0.6418517827987671,1.0,6.384826001237798e-09,5.983974205037157e-08,6.041149447355565e-08,1.0,0.5404232144355774,0.325973778963089,52,0.758308470249176,1.0,1.0,1.0,0.6740262508392334,1.0,0.0,1.0
GCN,527,2603,3,1,1,-2.2163710594177246,4.113107204437256,6.3294782638549805,0.9486831426620483,0.07365676015615463,-0.0008458355441689491,0.47432592511177063,0.13902193307876587,0.45187571049640013,1,0.0,0.034891835310537335,50,0.46491098403930664,1.0,0.4690101537398371,0.9675036927621861,57.48313522338867,0.9782127031019202,0.46950918436050415,0.9981536189069424,0.46950918436050415,0.9981536189069424,6.4523919540704355e-09,6.642817851343352e-09,1.423358320096213e-08,1.0,0.46491095423698425,0.5099407434463501,46,0.8493149280548096,1.0,1.0,1.0,0.4900592565536499,1.0,9.313225746154785e-10,1.0
GCN,527,2604,6,1,3,-0.6343536376953125,3.131615161895752,3.7659687995910645,0.8017836213111877,0.04394714534282684,0.0,0.6069502234458923,0.07035353779792786,0.21049640015157256,0,0.0,0.04256803907885555,61,0.5076475739479065,1.0,0.5913218489656699,0.9944608567208272,73.0046615600586,0.9981536189069424,0.6029490828514099,0.9996307237813885,0.6029490828514099,0.9996307237813885,7.623203401863066e-09,8.736580348056577e-09,1.721294573542309e-08,1.0,0.5076475739479065,0.36685216426849365,56,0.779050350189209,1.0,1.0,1.0,0.6331478357315063,1.0,0.0,1.0
GCN,527,2614,2,1,5,-4.583951950073242,1.7825837135314941,6.366535663604736,0.7071066498756409,0.04686826467514038,0.0,0.6154376268386841,0.050595298409461975,0.16331943918150815,0,0.0,0.04675505931612003,67,0.45317479968070984,1.0,0.5998709539875958,0.9944608567208272,73.47232055664062,0.9985228951255539,0.6100993156433105,0.9996307237813885,0.6100993156433105,0.9996307237813885,1.4614644605615013e-08,1.4495460831653872e-08,3.198646680857564e-08,1.0,0.45317479968070984,0.3591139316558838,62,0.469786137342453,0.9999999403953552,1.0,0.9999999403953552,0.6408860683441162,1.0,0.0,1.0
GCN,527,2618,2,1,1,-1.4073156118392944,4.974249839782715,6.381565451622009,0.9486831426620483,0.16227637231349945,0.0,0.4981517195701599,0.3295530080795288,0.9088669950738916,1,0.0,0.01674808094905792,24,0.4649110436439514,1.0,0.4807189817028161,0.9763663220088626,57.47618103027344,0.9782127031019202,0.47282952070236206,0.9981536189069424,0.47282952070236206,0.9981536189069424,1.4784287571956156e-08,3.3270350030534246e-08,6.756037151944838e-08,1.0,0.46491101384162903,0.5099406838417053,19,0.9597383737564087,1.0,1.0,1.0,0.4900593161582947,1.0,0.0,1.0
GCN,527,2631,4,1,1,-4.940683364868164,2.2692854404449463,7.20996880531311,0.9486831426620483,0.10608096420764923,0.0,0.48103955388069153,0.1756933033466339,0.5962485790071997,1,0.0,0.018143754361479414,26,0.4649110436439514,1.0,0.47526061349803733,0.9726735598227474,59.67184066772461,0.982274741506647,0.473315566778183,0.9981536189069424,0.473315566778183,0.9981536189069424,0.0,2.980505087180063e-08,5.960828275419772e-08,1.0,0.46491101384162903,0.5099406838417053,21,0.7558224201202393,1.0,1.0,1.0,0.4900593161582947,1.0,0.0,1.0
GCN,527,2641,2,1,2,-3.0943055152893066,3.4028608798980713,6.497166395187378,0.8660253286361694,0.05231768637895584,-0.0005179792060516775,0.5903699994087219,0.08788393437862396,0.23796892762410005,0,0.0,0.039078855547801813,56,0.532692015171051,1.0,0.5778063849811049,0.9940915805022157,70.92667388916016,0.9974150664697193,0.5861720442771912,0.9996307237813885,0.5861720442771912,0.9996307237813885,2.7939677238464355e-09,3.4846900920371127e-09,5.99797544964531e-08,1.0,0.532692015171051,0.38490018248558044,52,0.8588470220565796,1.0,1.0,1.0,0.6150997877120972,1.0,4.656612873077393e-10,1.0
GCN,527,2642,2,1,4,-5.258382320404053,2.487398862838745,7.745781183242798,0.7499998807907104,0.03427194803953171,0.0,0.6437574625015259,0.047299616038799286,0.1330049261083744,0,0.0,0.04954640614096301,71,0.504448413848877,1.0,0.6244633516457144,0.9948301329394387,77.30757141113281,0.9996307237813885,0.6393662691116333,1.0,0.6393662691116333,1.0,7.792003486883914e-09,3.076185350892047e-08,6.14905317775083e-08,1.0,0.504448413848877,0.3274019956588745,66,0.6663498282432556,1.0,1.0,1.0,0.6725980043411255,1.0,0.0,1.0
GCN,527,2646,4,1,1,-4.346319198608398,3.2883830070495605,7.634702205657959,0.9486831426620483,0.0707089975476265,0.0,0.551090657711029,0.12670285999774933,0.41114058355437666,1,0.0,0.030006978367062107,43,0.5425822734832764,1.0,0.538126644526327,0.9889217134416544,66.59776306152344,0.9948301329394387,0.5466263890266418,0.9988921713441654,0.5466263890266418,0.9988921713441654,0.0,1.066964072649057e-09,2.0825006163960325e-09,1.0,0.5425822734832764,0.42806798219680786,38,0.9368195533752441,1.0,1.0,1.0,0.5719320178031921,1.0,0.0,1.0
GCN,527,2647,4,1,3,-3.74397611618042,2.9788601398468018,6.722836256027222,0.8017836213111877,0.0396854393184185,0.0,0.602107584476471,0.0629412829875946,0.20386510041682457,0,0.0,0.051639916259595256,74,0.503951907157898,1.0,0.5859591416494856,0.9940915805022157,72.14753723144531,0.9977843426883308,0.5978050231933594,0.9996307237813885,0.5978050231933594,0.9996307237813885,4.368290174028289e-09,4.293184918680026e-09,8.519833727405057e-09,1.0,0.5039518475532532,0.37146154046058655,69,0.7656595706939697,1.0000001192092896,1.0,1.0000001192092896,0.6285384893417358,1.0,0.0,1.0
GCN,527,2653,0,1,2,-0.3372166156768799,4.741305351257324,5.078521966934204,0.8660253286361694,0.05294527858495712,-0.0574619397521019,0.5754550695419312,0.08592093735933304,0.23114816218264495,0,0.0,0.040474528960223306,58,0.5158709287643433,1.0,0.5612494820420354,0.9929837518463811,69.04712677001953,0.9970457902511078,0.5711127519607544,0.9992614475627769,0.5711127519607544,0.9992614475627769,8.277775798148923e-09,3.100059231542218e-08,6.186033374433464e-08,1.0,0.515870988368988,0.40432342886924744,54,0.8087489604949951,1.0,1.0,1.0,0.5956765413284302,1.0,2.0954757928848267e-08,1.0
GCN,527,2658,2,1,1,-4.420078754425049,3.680391550064087,8.100470304489136,0.9486831426620483,0.07463280111551285,0.0,0.5279245972633362,0.13824421167373657,0.45073891625615764,1,0.0,0.030704815073272853,44,0.5187366604804993,1.0,0.517233449502427,0.9859675036927622,63.58074188232422,0.991506646971935,0.5222361087799072,0.9985228951255539,0.5222361087799072,0.9985228951255539,0.0,3.0054099653398225e-08,6.007362429727436e-08,1.0,0.5187366008758545,0.4532034993171692,39,0.9277058243751526,1.0,1.0,1.0,0.5467965006828308,1.0,0.0,1.0
GCN,527,2668,3,1,5,-3.615377902984619,2.596795082092285,6.212172985076904,0.7071066498756409,0.02500685304403305,-0.0004424988874234259,0.6839248538017273,0.0396808423101902,0.10837438423645321,0,0.0,0.06489881367759945,93,0.5058621168136597,1.0,0.6618861944748633,0.9955686853766618,81.8612060546875,1.0,0.6798028945922852,1.0,0.6798028945922852,1.0,6.264831764468681e-09,6.004142072413288e-09,1.1873546590379647e-08,1.0,0.5058621168136597,0.2846027612686157,89,0.7673882246017456,0.9999999403953552,1.0,0.9999999403953552,0.7153972387313843,1.0,2.3283064365386963e-10,1.0
GCN,527,2669,3,1,1,-3.9170970916748047,2.6894712448120117,6.606568336486816,0.9486831426620483,0.08908270299434662,0.0,0.47719284892082214,0.16949176788330078,0.5759757483895415,1,0.0,0.025819958129797628,37,0.4649110436439514,1.0,0.47229772163663797,0.9711964549483013,57.47319030761719,0.9782127031019202,0.4729544520378113,0.9981536189069424,0.4729544520378113,0.9981536189069424,1.0030650976489142e-08,3.14476551466214e-08,6.339278968425788e-08,1.0,0.46491101384162903,0.5099406838417053,32,0.8613315224647522,1.0,1.0,1.0,0.4900593161582947,1.0,0.0,1.0
GCN,527,2681,4,1,5,-1.46297025680542,3.9186553955078125,5.381625652313232,0.7071066498756409,0.04261180758476257,-0.059238236397504807,0.5421307682991028,0.2865409851074219,0.8592269799166351,1,0.0,0.056524773203070484,81,0.39640745520591736,1.0,0.5226107373685327,0.9863367799113737,65.01507568359375,0.9937223042836041,0.5375245213508606,0.9988921713441654,0.5375245213508606,0.9988921713441654,1.43148248810121e-08,3.18850510439006e-08,6.608931357732217e-08,1.0,0.39640742540359497,0.43939512968063354,77,0.6850107908248901,1.0000001192092896,1.0,1.0000001192092896,0.5606048703193665,1.0,2.444721758365631e-08,1.0
GCN,527,2685,2,1,4,-6.030153274536133,0.40451478958129883,6.434668064117432,0.7499998807907104,0.05934588238596916,0.0,0.6246085166931152,0.08922058343887329,0.2451686244789693,0,0.0,0.027913468248429867,40,0.4867277145385742,1.0,0.6049216475074337,0.9944608567208272,74.50973510742188,0.9992614475627769,0.6181036233901978,0.9996307237813885,0.6181036233901978,0.9996307237813885,9.313225746154785e-09,3.1390715804491265e-08,6.295228160979605e-08,1.0,0.48672768473625183,0.351029634475708,35,0.7042770385742188,1.0000001192092896,1.0,1.0000001192092896,0.648970365524292,1.0,0.0,1.0
GCN,527,2686,3,1,2,-5.185487747192383,2.3277790546417236,7.5132668018341064,0.8660253286361694,0.09780437499284744,0.0,0.6050289869308472,0.15904204547405243,0.5454717696097007,1,0.0,0.015352407536636426,22,0.5391829609870911,1.0,0.592936812233046,0.9944608567208272,73.06318664550781,0.9985228951255539,0.6002445220947266,0.9996307237813885,0.6002445220947266,0.9996307237813885,1.053671194739536e-08,6.053775791770022e-08,6.276097508362e-08,1.0,0.5391830205917358,0.3774050772190094,17,0.8520408868789673,1.0,1.0,1.0,0.622594952583313,1.0,0.0,1.0
GCN,527,2689,2,1,2,-3.8228232860565186,3.7380409240722656,7.560864210128784,0.8660253286361694,0.08940719068050385,0.0,0.5652242302894592,0.1611890345811844,0.5492610837438424,1,0.0,0.024424284717376135,35,0.504096508026123,1.0,0.5519792230676479,0.990029542097489,67.88008880615234,0.9966765140324964,0.5587173104286194,0.9988921713441654,0.5587173104286194,0.9988921713441654,0.0,5.961283022770658e-08,1.1922566045541316e-07,1.0,0.5040965676307678,0.417919397354126,30,0.8824994564056396,0.9999998807907104,1.0,0.9999998807907104,0.582080602645874,1.0,0.0,1.0
GCN,527,2690,6,1,1,-0.30308830738067627,4.028372764587402,4.331461071968079,0.9486831426620483,0.15704141557216644,0.0,0.49628394842147827,0.3198724687099457,0.9010989010989011,1,0.0,0.015352407536636426,22,0.4649110436439514,1.0,0.4789075997661842,0.9759970457902511,57.854671478271484,0.9793205317577548,0.47290346026420593,0.9981536189069424,0.47290346026420593,0.9981536189069424,1.053671194739536e-08,3.1612707118711114e-08,6.377147343528122e-08,1.0,0.46491101384162903,0.5099406838417053,17,0.9589899778366089,1.0,1.0,1.0,0.4900593161582947,1.0,0.0,1.0
GCN,527,2699,3,1,1,-2.8058462142944336,4.478899002075195,7.284745216369629,0.9486831426620483,0.08612877875566483,0.0,0.509946346282959,0.16473552584648132,0.5625236832133383,1,0.0,0.025819958129797628,37,0.49863380193710327,1.0,0.5043255443977946,0.9844903988183161,63.187889099121094,0.9911373707533235,0.5057499408721924,0.9985228951255539,0.5057499408721924,0.9985228951255539,9.497663988611293e-09,3.12791321732675e-08,6.257408813326037e-08,1.0,0.49863380193710327,0.47439372539520264,32,0.9253044128417969,1.0,1.0,1.0,0.5256062746047974,1.0,0.0,1.0
GCN,527,2700,3,1,1,-2.267488956451416,4.730840682983398,6.9983296394348145,0.9486831426620483,0.08699715882539749,-0.0011377261253073812,0.5102127194404602,0.16633334755897522,0.563849943160288,1,0.0,0.02372644801116539,34,0.49863380193710327,1.0,0.5032106670163276,0.9844903988183161,61.57094192504883,0.9881831610044313,0.505482017993927,0.9985228951255539,0.505482017993927,0.9985228951255539,6.969380184074225e-09,3.0557636421235657e-08,6.112337302965898e-08,1.0,0.49863380193710327,0.47439372539520264,30,0.9171635508537292,0.9999999403953552,1.0,0.9999999403953552,0.5256062746047974,1.0,9.313225746154785e-10,1.0
GCN,527,2702,0,1,2,0.11559367179870605,5.988543510437012,5.872949838638306,0.8660253286361694,0.05912607163190842,-0.0021194475702941418,0.6210536956787109,0.08987896889448166,0.2478211443728685,0,0.0,0.025819958129797628,37,0.5598194599151611,1.0,0.6049400974993939,0.9944608567208272,74.44439697265625,0.9992614475627769,0.6158044338226318,0.9996307237813885,0.6158044338226318,0.9996307237813885,6.71586253275791e-09,6.816015307720136e-09,6.083912751364551e-08,1.0,0.5598194599151611,0.353576123714447,33,0.8175961971282959,1.0,1.0,1.0,0.646423876285553,1.0,4.656612873077393e-10,1.0
GCN,527,2707,3,1,4,-5.095162391662598,1.171588659286499,6.266751050949097,0.7499998807907104,0.03268706053495407,0.0,0.6802307367324829,0.04961366206407547,0.15289882531261842,0,0.0,0.05512909979064899,79,0.5332789421081543,1.0,0.6588992051925532,0.9955686853766618,81.44835662841797,1.0,0.6763799786567688,1.0,0.6763799786567688,1.0,1.877140665129673e-09,5.979397599276126e-08,6.027124044294396e-08,1.0,0.5332789421081543,0.2889613211154938,74,0.774359941482544,1.0,1.0,1.0,0.7110387086868286,1.0,0.0,1.0
GCN,320,1370,6,1,8,-1.6114355325698853,2.37438702583313,3.985822558403015,0.6123723983764648,0.021423546597361565,-0.0006642696098424494,0.7047551274299622,0.03212876617908478,0.10837438423645321,0,0.0,0.07815771109560363,112,0.45147520303726196,1.0000001192092896,0.6790066081892658,0.9992614475627769,84.30980682373047,1.0,0.7004876732826233,1.0,0.7004876732826233,1.0,9.477665763313325e-09,3.108877777435737e-08,1.2080568012606818e-07,1.0,0.45147526264190674,0.2627439796924591,108,0.6472269892692566,1.0,1.0,1.0,0.7372560501098633,1.0,5.238689482212067e-10,1.0000001192092896
GCN,320,1376,0,1,3,2.4016432762145996,7.761126518249512,5.359483242034912,0.8017836213111877,0.0350797064602375,0.0,0.6657007336616516,0.05533863976597786,0.1896551724137931,0,0.0,0.04884856943475227,70,0.5578615069389343,1.0,0.6427476189805527,0.9948301329394387,79.7083969116211,1.0,0.6613341569900513,1.0,0.6613341569900513,1.0,4.993661040231245e-09,5.703162830883457e-09,1.0256578697465102e-08,1.0,0.5578615069389343,0.3042243421077728,65,0.841993510723114,1.0,1.0,1.0,0.6957756280899048,1.0,0.0,1.0
GCN,320,1378,2,1,3,-4.106802940368652,3.2867138385772705,7.393516778945923,0.8017836213111877,0.052128564566373825,0.0,0.5715368390083313,0.07223392277956009,0.21163319439181508,0,0.0,0.0418702023726448,60,0.47687360644340515,1.0,0.560436224566621,0.9926144756277696,68.58715057373047,0.9970457902511078,0.566863477230072,0.9988921713441654,0.566863477230072,0.9988921713441654,9.219623287037848e-09,3.144593208048718e-08,6.320892254052524e-08,1.0,0.47687360644340515,0.40523403882980347,55,0.6349899172782898,1.0,1.0,1.0,0.5947659611701965,1.0,0.0,1.0
GCN,320,1392,3,1,3,-1.9460827112197876,6.296484470367432,8.24256718158722,0.8017836213111877,0.035835810005664825,-0.001054544816724956,0.6438359618186951,0.053953979164361954,0.18321333838575218,0,0.0,0.05024424284717376,72,0.5393638014793396,0.9999999403953552,0.6230852599562101,0.9944608567208272,77.03074645996094,0.9996307237813885,0.6396955251693726,1.0,0.6396955251693726,1.0,4.839293854530524e-09,4.6391175345661395e-09,8.652350835802736e-09,1.0,0.5393637418746948,0.32729512453079224,69,0.777210533618927,0.9999998807907104,1.0,0.9999998807907104,0.6727048754692078,1.0,0.0,0.9999999403953552
GCN,320,1393,3,1,1,-2.0095572471618652,4.775291919708252,6.784849166870117,0.9486831426620483,0.08223089575767517,0.0,0.4758242964744568,0.1583510935306549,0.5433876468359227,1,0.0,0.030006978367062107,43,0.46491098403930664,1.0,0.473563403520028,0.9719350073855244,57.84616470336914,0.9789512555391433,0.4714147746562958,0.9981536189069424,0.4714147746562958,0.9981536189069424,7.902533738501916e-09,7.977635441136499e-09,1.7137702812419775e-08,1.0,0.46491095423698425,0.5099407434463501,38,0.8692684769630432,0.9999999403953552,1.0,0.9999999403953552,0.4900592565536499,1.0,0.0,1.0
GCN,320,1400,3,1,2,-6.042721748352051,1.6148698329925537,7.6575915813446045,0.8660253286361694,0.058645207434892654,-0.0006815698579885066,0.5598725080490112,0.09964780509471893,0.31110269041303523,0,0.0,0.03628750872295883,52,0.504096508026123,1.0,0.5485514965207684,0.990029542097489,66.99388122558594,0.9955686853766618,0.5546812415122986,0.9988921713441654,0.5546812415122986,0.9988921713441654,0.0,5.97454530293362e-08,1.1948714018217288e-07,1.0,0.5040965676307678,0.417919397354126,48,0.8238628506660461,0.9999999403953552,1.0,0.9999999403953552,0.582080602645874,1.0,0.0,1.0
GCN,320,1416,0,1,18,3.531308650970459,7.152500152587891,3.6211915016174316,0.4522669315338135,0.013079438358545303,-0.002280361019074917,0.660036027431488,0.018375830724835396,0.10837438423645321,0,0.0,0.14863921842288905,213,0.31234312057495117,1.0,0.6383311444768736,0.9948301329394387,78.96760559082031,1.0,0.656104564666748,1.0,0.656104564666748,1.0,1.601631183234531e-08,1.2481980782297342e-08,3.9965449616374826e-08,1.0,0.31234312057495117,0.30938321352005005,211,0.4193922281265259,1.0,1.0,1.0,0.69061678647995,1.0,4.355862615046391e-10,1.0
GCN,320,1422,4,1,1,-4.169470310211182,2.450721025466919,6.620191335678101,0.9486831426620483,0.0850110873579979,0.0,0.5296652913093567,0.15786287188529968,0.5346722243273967,1,0.0,0.025819958129797628,37,0.5187366604804993,1.0,0.5188740179888411,0.9859675036927622,64.12238311767578,0.992245199409158,0.5236654281616211,0.9985228951255539,0.5236654281616211,0.9985228951255539,8.33000246558413e-09,1.0546997053495488e-08,2.033359614017627e-08,1.0,0.5187366604804993,0.4532035291194916,32,0.933097779750824,1.0,1.0000001192092896,0.9999998807907104,0.5467965602874756,1.0000001192092896,0.0,1.0
GCN,320,1423,3,1,2,-0.00819098949432373,7.622081756591797,7.630272746086121,0.8660253286361694,0.046310484409332275,0.0,0.6553691029548645,0.0742383524775505,0.21314892004547176,0,0.0,0.03628750872295883,52,0.5925107002258301,1.0,0.6346165173805015,0.9948301329394387,78.75757598876953,0.9996307237813885,0.6508514285087585,1.0,0.6508514285087585,1.0,3.725290298461914e-09,3.8680729730344865e-09,6.573916966345905e-09,1.0,0.5925107002258301,0.31582748889923096,47,0.9098411202430725,1.0,1.0,1.0,0.684172511100769,1.0,0.0,1.0
GCN,320,1425,4,1,2,-2.941636562347412,4.742993354797363,7.684629917144775,0.8660253286361694,0.04911937192082405,-0.00044262755545787513,0.647559642791748,0.07559892535209656,0.21580143993937098,0,0.0,0.03210048848569435,46,0.585128664970398,1.0,0.6268176351297526,0.9948301329394387,77.52423858642578,0.9996307237813885,0.6423995494842529,1.0,0.6423995494842529,1.0,6.177695244247161e-09,5.020726945303977e-09,6.022915499670489e-08,1.0,0.585128664970398,0.32435154914855957,42,0.8631240129470825,0.9999998807907104,1.0,0.9999998807907104,0.6756484508514404,1.0,0.0,1.0
GCN,320,1429,4,1,3,-2.9579918384552,3.939410448074341,6.897402286529541,0.8017836213111877,0.04172129929065704,0.0,0.6458739638328552,0.05534372851252556,0.1896551724137931,0,0.0,0.040474528960223306,58,0.5406560897827148,1.0000001192092896,0.6268081735151078,0.9948301329394387,77.25316619873047,0.9996307237813885,0.6413657069206238,1.0,0.6413657069206238,1.0,4.5625303535246076e-09,6.251838602366888e-09,1.158647755516995e-08,1.0,0.5406560897827148,0.3256832957267761,53,0.6869348883628845,1.0,1.0,1.0,0.6743167042732239,1.0,0.0,1.0000001192092896
GCN,320,1434,3,1,2,-4.244209289550781,4.277224540710449,8.52143383026123,0.8660253286361694,0.0720544308423996,0.0,0.6457802653312683,0.12166276574134827,0.4005305039787798,1,0.0,0.02512212142358688,36,0.5809125900268555,1.0,0.6264419373080418,0.9948301329394387,77.38568878173828,0.9996307237813885,0.6402372717857361,1.0,0.6402372717857361,1.0,9.125060707049215e-09,6.030808208379312e-08,1.2025870432808006e-07,1.0,0.5809126496315002,0.32921984791755676,31,0.9443051218986511,0.9999998807907104,1.0,0.9999998807907104,0.6707801818847656,1.0,0.0,1.0
GCN,320,1436,5,1,1,-3.6758203506469727,4.243095397949219,7.918915748596191,0.9486831426620483,0.08288966119289398,0.0,0.5429129004478455,0.13220052421092987,0.4236453201970443,1,0.0,0.022330774598743892,32,0.5324554443359375,1.0,0.5291992604237533,0.9870753323485968,64.77770233154297,0.9933530280649926,0.536361813545227,0.9988921713441654,0.536361813545227,0.9988921713441654,6.4523919540704355e-09,6.456591261638778e-09,1.2127125970096131e-08,1.0,0.5324554443359375,0.43874257802963257,27,0.8214555978775024,1.0,1.0,1.0,0.5612574219703674,1.0,0.0,1.0
GCN,320,1437,4,1,1,-1.262606143951416,6.066526412963867,7.329132556915283,0.9486831426620483,0.07450384646654129,0.0,0.5279043912887573,0.1392868608236313,0.45187571049640013,1,0.0,0.030006978367062107,43,0.5187366604804993,1.0,0.5169420184100659,0.9859675036927622,64.02686309814453,0.9918759231905465,0.5224608182907104,0.9985228951255539,0.5224608182907104,0.9985228951255539,7.679882507716229e-09,7.693986781021067e-09,1.4834236949923252e-08,1.0,0.5187366604804993,0.4532034695148468,38,0.9362846612930298,1.0000001192092896,1.0,1.0000001192092896,0.5467965602874756,1.0,0.0,1.0
GCN,320,1441,5,0,23,-3.4424169063568115,-0.6859602928161621,2.7564566135406494,0.40824824571609497,0.016554510220885277,-0.0016076726606115699,0.591695249080658,0.02383071929216385,0.10837438423645321,0,0.0,0.14724354501046755,211,0.25239595770835876,1.0,0.5752721712480945,0.9937223042836041,70.73444366455078,0.9974150664697193,0.5876595973968506,0.9996307237813885,0.5876595973968506,0.9996307237813885,2.2496790208492712e-08,2.620275907361247e-08,1.041402413193282e-07,1.0,0.25239598751068115,0.38175857067108154,207,0.3477308750152588,1.0,1.0,1.0,0.6182414293289185,1.0,6.984919309616089e-10,1.0
GCN,320,1442,3,1,2,-3.122941493988037,4.348664283752441,7.4716057777404785,0.8660253286361694,0.056303102523088455,0.0,0.5354883074760437,0.09080289304256439,0.24838954149298978,0,0.0,0.03838101884159107,55,0.4821544289588928,1.0,0.5268629071803881,0.9863367799113737,64.32544708251953,0.992245199409158,0.5304298400878906,0.9988921713441654,0.5304298400878906,0.9988921713441654,8.119082295365843e-09,9.377035148361301e-09,1.9438950005223887e-08,1.0,0.4821544289588928,0.4432559609413147,50,0.7479075789451599,1.0,1.0,1.0,0.5567440390586853,1.0,0.0,1.0
GCN,320,1444,2,1,4,-2.796898365020752,3.254530668258667,6.051429033279419,0.7499998807907104,0.03330957144498825,-0.001568231382407248,0.7009689211845398,0.03811315447092056,0.10837438423645321,0,0.0,0.052337752965806,75,0.5495073199272156,1.0,0.6772301196887069,0.9992614475627769,83.87177276611328,1.0,0.6965742707252502,1.0,0.6965742707252502,1.0,3.4218976541211532e-09,3.259629011154175e-09,5.992026785861526e-08,1.0,0.5495073199272156,0.2673235237598419,72,0.6015417575836182,0.9999999403953552,1.0,0.9999999403953552,0.7326765060424805,1.0,9.313225746154785e-10,1.0
GCN,320,1448,1,1,5,-2.2627835273742676,4.70198917388916,6.964772701263428,0.7071066498756409,0.02160467952489853,-0.003759759711101651,0.7428295612335205,0.03977373614907265,0.10837438423645321,0,0.0,0.06629448709002093,95,0.549628734588623,1.0,0.7150981012815528,1.0,88.93177032470703,1.0,0.7386931777000427,1.0,0.7386931777000427,1.0,3.8399412538581146e-09,5.980077588674249e-08,6.02532352900198e-08,1.0,0.5496286749839783,0.22270753979682922,91,0.8205729126930237,1.0,1.0,1.0,0.7772924900054932,1.0,4.656612873077393e-10,1.0
GCN,320,1450,3,1,3,-3.8647873401641846,3.3979220390319824,7.262709379196167,0.8017836213111877,0.04063565656542778,0.0,0.6077091693878174,0.0643632784485817,0.20500189465706706,0,0.0,0.05024424284717376,72,0.5085898041725159,1.0,0.5926821291136205,0.9944608567208272,72.85230255126953,0.9977843426883308,0.6032503843307495,0.9996307237813885,0.6032503843307495,0.9996307237813885,6.71586253275791e-09,3.056473119045222e-08,6.108002281735025e-08,1.0,0.5085898041725159,0.36567699909210205,67,0.7717628479003906,1.0,1.0,1.0,0.634323000907898,1.0,0.0,1.0
GCN,320,1452,4,1,3,-3.046234607696533,3.8308801651000977,6.877114772796631,0.8017836213111877,0.039163362234830856,0.0,0.6902104616165161,0.061987731605768204,0.20291777188328913,0,0.0,0.0418702023726448,60,0.5782008171081543,1.0,0.6666023824414571,0.9966765140324964,82.5965576171875,1.0,0.68559330701828,1.0,0.68559330701828,1.0,4.059541147682921e-09,4.223165372962967e-09,6.006185770957018e-08,1.0,0.5782008171081543,0.2788568139076233,55,0.8759201765060425,1.0,1.0,1.0,0.7211431860923767,1.0,0.0,1.0
GCN,320,1457,3,1,3,-4.456634521484375,2.9079360961914062,7.364570617675781,0.8017836213111877,0.044011928141117096,-0.002118860138580203,0.5406420826911926,0.06494573503732681,0.20651762031072377,0,0.0,0.052337752965806,75,0.45159921050071716,1.0,0.5307144101842637,0.9870753323485968,64.82752227783203,0.9933530280649926,0.5362523198127747,0.9988921713441654,0.5362523198127747,0.9988921713441654,6.4523919540704355e-09,5.674575476177779e-09,1.2556316875134144e-08,1.0,0.45159924030303955,0.4367567300796509,71,0.6396572589874268,1.0,1.0,1.0,0.5632432699203491,1.0,4.656612873077393e-10,1.0
GCN,320,1476,6,1,2,-2.367872476577759,2.6140034198760986,4.981875896453857,0.8660253286361694,0.0553131178021431,-0.005041860044002533,0.5596941709518433,0.08411826938390732,0.22735884804850323,0,0.0,0.03558967201674808,51,0.504096508026123,1.0,0.5463649278374334,0.9889217134416544,67.04640197753906,0.9966765140324964,0.5548273324966431,0.9988921713441654,0.5548273324966431,0.9988921713441654,5.015325488244571e-09,5.979578787673745e-08,1.1958758250329993e-07,1.0,0.5040965676307678,0.417919397354126,48,0.7371292114257812,1.0,1.0,1.0,0.582080602645874,1.0,9.313225746154785e-10,1.0
GCN,320,1486,2,1,3,-3.646631956100464,4.780796527862549,8.427428483963013,0.8017836213111877,0.03606593608856201,-0.06429029256105423,0.6773834228515625,0.05832953006029129,0.1964759378552482,0,0.0,0.04884856943475227,70,0.5652024149894714,1.0,0.6567590646397743,0.9955686853766618,81.2650375366211,1.0,0.6734215021133423,1.0,0.6734215021133423,1.0,1.862645149230957e-09,1.1922384146600962e-07,1.7884428871184355e-07,1.0,0.565202534198761,0.29506850242614746,67,0.8783811330795288,1.0,1.0,1.0,0.7049314975738525,1.0,8.664929218582529e-09,1.0
GCN,320,1487,6,1,4,-0.9106068015098572,3.418954372406006,4.329561173915863,0.7499998807907104,0.027274535968899727,-0.002733966102823615,0.6677370667457581,0.0460430383682251,0.12542629784009093,0,0.0,0.0628053035589672,90,0.5237053632736206,1.0,0.6461801418125697,0.9948301329394387,79.90961456298828,1.0,0.6639695763587952,1.0,0.6639695763587952,1.0,3.6069969233665233e-09,2.9981862326167175e-08,5.993300078444008e-08,1.0,0.5237053632736206,0.3017260432243347,86,0.7542918920516968,1.0,1.0,1.0,0.6982739567756653,1.0,4.656612873077393e-10,1.0
GCN,320,1493,4,1,1,-1.019860029220581,6.890981197357178,7.910841226577759,0.9486831426620483,0.07283671945333481,0.0,0.5943479537963867,0.12694764137268066,0.41114058355437666,1,0.0,0.028611304954640614,41,0.5856497883796692,1.0,0.5778656455109438,0.9940915805022157,71.2646255493164,0.9974150664697193,0.5896158218383789,0.9996307237813885,0.5896158218383789,0.9996307237813885,7.213993846733047e-09,7.288752268408416e-09,6.089442905476972e-08,1.0,0.585649847984314,0.38267073035240173,36,0.9827343821525574,0.9999999403953552,1.0,0.9999999403953552,0.6173292398452759,1.0,0.0,1.0
GCN,320,1499,2,1,4,-3.4337799549102783,3.924874782562256,7.358654737472534,0.7499998807907104,0.032199643552303314,0.0,0.7198981642723083,0.044136688113212585,0.11405835543766578,0,0.0,0.051639916259595256,74,0.5645322203636169,1.0000001192092896,0.6947161871323289,0.9996307237813885,86.12630462646484,1.0,0.7154607772827148,1.0,0.7154607772827148,1.0,9.065457717838399e-09,9.266542200236927e-09,1.651108050282346e-08,1.0,0.5645322799682617,0.24729019403457642,69,0.7400838732719421,1.0,1.0,1.0,0.7527098059654236,1.0,0.0,1.0000001192092896
GCN,320,1501,6,1,7,-1.2523010969161987,2.731776237487793,3.9840773344039917,0.6396021246910095,0.021951092407107353,-0.0010541488882154226,0.6618177890777588,0.02656545862555504,0.10837438423645321,0,0.0,0.07885554780181438,113,0.44276168942451477,1.0,0.6414032372649013,0.9948301329394387,79.23236083984375,1.0,0.658187210559845,1.0,0.658187210559845,1.0,7.693986781021067e-09,7.750148078855545e-09,1.7504108384969186e-08,1.0,0.44276168942451477,0.3077545464038849,109,0.5122824907302856,1.0,1.0,1.0,0.6922454833984375,1.0,6.984919309616089e-10,1.0
GCN,320,1506,2,1,2,-2.3523614406585693,5.2702317237854,7.62259316444397,0.8660253286361694,0.05089077726006508,0.0,0.6436877250671387,0.0833655521273613,0.22565365668813944,0,0.0,0.034193998604326585,49,0.5814583897590637,1.0000001192092896,0.6215809045198571,0.9944608567208272,76.91192626953125,0.9996307237813885,0.6388565897941589,1.0,0.6388565897941589,1.0,7.362751297534942e-09,7.410454916367826e-09,1.2790705383736167e-08,1.0,0.5814584493637085,0.328589528799057,44,0.9131736755371094,0.9999998807907104,1.0,0.9999998807907104,0.6714104413986206,1.0,0.0,1.0000001192092896
GCN,320,1507,0,1,6,-1.3558895587921143,3.0445051193237305,4.400394678115845,0.6708203554153442,0.028268294408917427,0.0,0.6824910640716553,0.03884041681885719,0.10837438423645321,0,0.0,0.056524773203070484,81,0.47863444685935974,1.0000001192092896,0.659570422750051,0.9955686853766618,81.65015411376953,1.0,0.6783229112625122,1.0,0.6783229112625122,1.0,8.238389526127321e-09,6.048759360055556e-08,1.2113376612887805e-07,1.0,0.4786345064640045,0.28649380803108215,76,0.6290534138679504,1.0,1.0,1.0,0.7135062217712402,1.0,0.0,1.0000001192092896
GCN,320,1523,0,1,2,0.3451497554779053,5.451146125793457,5.105996370315552,0.8660253286361694,0.05808721482753754,-0.08946486562490463,0.5729592442512512,0.1014832854270935,0.3283440697233801,1,0.0,0.03768318213538032,54,0.510749876499176,1.0,0.550751435034255,0.990029542097489,68.67791748046875,0.9970457902511078,0.5678094029426575,0.9988921713441654,0.5678094029426575,0.9988921713441654,9.812092471861433e-09,3.150104888050009e-08,6.28643235245363e-08,1.0,0.5107499361038208,0.4102367162704468,50,0.8668985366821289,0.9999999403953552,1.0,0.9999999403953552,0.5897632837295532,1.0,1.3504177331924438e-08,1.0
GCN,320,1541,3,1,1,-4.708477020263672,2.636075735092163,7.344552755355835,0.9486831426620483,0.09069238603115082,0.0,0.4775296151638031,0.1777738630771637,0.6000378931413414,1,0.0,0.025819958129797628,37,0.4649110436439514,1.0,0.4601709004063133,0.96602658788774,57.97876739501953,0.9796898079763663,0.46862637996673584,0.9981536189069424,0.46862637996673584,0.9981536189069424,6.969380184074225e-09,3.060904063545422e-08,6.146439091025968e-08,1.0,0.46491101384162903,0.5099406838417053,32,0.8880113363265991,1.0,1.0,1.0,0.4900593161582947,1.0,0.0,1.0
GCN,320,1546,2,1,5,-5.621438503265381,1.2892415523529053,6.910680055618286,0.7071066498756409,0.025761853903532028,-0.06592807918787003,0.7260634303092957,0.035122353583574295,0.10837438423645321,0,0.0,0.05303558967201675,76,0.5353079438209534,1.0000001192092896,0.700525820311388,0.9996307237813885,86.86505126953125,1.0,0.7216112017631531,1.0,0.7216112017631531,1.0,6.398607865776285e-09,6.607018043780499e-09,1.1989732762174299e-08,1.0,0.5353079438209534,0.24296008050441742,72,0.6999483108520508,1.0,1.0,1.0,0.7570399045944214,1.0,3.259629011154175e-09,1.0000001192092896
GCN,320,1554,3,0,4,-7.322205543518066,-1.6640944480895996,5.658111095428467,0.7499998807907104,0.057508327066898346,0.0,0.6072046160697937,0.0950833410024643,0.27453580901856767,0,0.0,0.03210048848569435,46,0.47319021821022034,1.0,0.5930296392930008,0.9944608567208272,72.7558364868164,0.9977843426883308,0.6019370555877686,0.9996307237813885,0.6019370555877686,0.9996307237813885,8.535712581192456e-09,3.0861261990366984e-08,6.196113133682957e-08,1.0,0.47319021821022034,0.3690796196460724,41,0.7529566287994385,1.0,1.0,1.0,0.63092041015625,1.0,0.0,1.0
GCN,320,1561,1,1,2,-1.673445224761963,5.325925350189209,6.999370574951172,0.8660253286361694,0.04245861992239952,0.0,0.6821692585945129,0.0674329549074173,0.2084122773777946,0,0.0,0.03698534542916958,53,0.6172034740447998,1.0,0.6597158102649717,0.9955686853766618,81.79242706298828,1.0,0.6779168844223022,1.0,0.6779168844223022,1.0,7.450580596923828e-09,6.003961772194089e-08,6.073983627175039e-08,1.0,0.6172035336494446,0.28731468319892883,48,0.9382726550102234,1.0000001192092896,1.0,1.0000001192092896,0.7126853466033936,1.0,0.0,1.0
GCN,320,1565,2,1,2,-4.050670146942139,2.601356029510498,6.652026176452637,0.8660253286361694,0.12177783250808716,0.0,0.7048924565315247,0.19305464625358582,0.6515725653656688,1,0.0,0.020237264480111653,29,0.6265642046928406,1.0,0.6817643892135682,0.9996307237813885,83.1197509765625,1.0,0.6895372867584229,1.0,0.6895372867584229,1.0,0.0,5.96155587118119e-08,5.964282934201037e-08,1.0,0.6265642642974854,0.27650582790374756,24,0.9677550196647644,1.0,1.0,1.0,0.7234941720962524,1.0,0.0,1.0
GCN,320,1567,3,1,4,-5.568945407867432,0.5322041511535645,6.101149559020996,0.7499998807907104,0.048893678933382034,0.0,0.6558179259300232,0.0809662789106369,0.22110647972716937,0,0.0,0.03349616189811584,48,0.5126468539237976,1.0,0.6356274432395107,0.9948301329394387,78.49346160888672,0.9996307237813885,0.6510654091835022,1.0,0.6510654091835022,1.0,9.313225746154785e-09,3.079003718653439e-08,6.14866593195984e-08,1.0,0.5126467943191528,0.31647080183029175,43,0.8145090341567993,1.0,1.0,1.0,0.6835291981697083,1.0,0.0,1.0
GCN,320,1568,2,1,4,-3.0410237312316895,4.704560279846191,7.745584011077881,0.7499998807907104,0.026322316378355026,-0.0015330933965742588,0.7348003387451172,0.0413314588367939,0.10913224706328155,0,0.0,0.05722260990928123,82,0.5765445828437805,1.0,0.7071067390396978,0.9996307237813885,87.95159912109375,1.0,0.730560302734375,1.0,0.730560302734375,1.0,3.0888476221235805e-09,6.63873622741562e-09,6.070891345189011e-08,1.0,0.5765446424484253,0.23127372562885284,78,0.8653408288955688,1.0,1.0,1.0,0.7687262892723083,1.0,9.313225746154785e-10,1.0
GCN,320,1583,0,1,10,-0.8183768391609192,3.917820930480957,4.736197769641876,0.5669466257095337,0.015888851135969162,-0.000398212083382532,0.7239914536476135,0.02283739298582077,0.10837438423645321,0,0.0,0.08932309839497557,128,0.429609090089798,1.0,0.6994377730887756,0.9996307237813885,86.69384002685547,1.0,0.7200524806976318,1.0,0.7200524806976318,1.0,8.085629055187837e-09,3.1177577852758986e-08,6.329860724463288e-08,1.0,0.4296090602874756,0.24224072694778442,124,0.5899695158004761,1.0,1.0,1.0,0.7577592730522156,1.0,1.1641532182693481e-10,1.0
GCN,320,1589,2,1,3,-4.289668560028076,3.9872312545776367,8.276899814605713,0.8017836213111877,0.03290301933884621,-0.0014815361937507987,0.6394912004470825,0.04812538996338844,0.14153088291019325,0,0.0,0.05792044661549198,83,0.5359010100364685,0.9999999403953552,0.6223115558040514,0.9944608567208272,76.65798950195312,0.9996307237813885,0.6355302333831787,1.0,0.6355302333831787,1.0,4.059541147682921e-09,4.867218628135106e-09,6.029200250168287e-08,1.0,0.5359009504318237,0.3316139876842499,79,0.7499464154243469,1.0,1.0,1.0,0.6683859825134277,1.0,9.313225746154785e-10,0.9999999403953552
GCN,320,1591,3,1,1,-5.601368427276611,2.4110331535339355,8.012401580810547,0.9486831426620483,0.07737024128437042,-0.002167154336348176,0.5085581541061401,0.14782974123954773,0.5013262599469496,1,0.0,0.02930914166085136,42,0.4986336827278137,1.0,0.4995540776196003,0.9763663220088626,61.06471252441406,0.9874446085672083,0.5032961964607239,0.9985228951255539,0.5032961964607239,0.9985228951255539,0.0,2.995291836782599e-08,5.990583673565197e-08,1.0,0.4986337125301361,0.4743937849998474,38,0.9112474918365479,0.9999999403953552,0.9999999403953552,1.0,0.5256061553955078,0.9999999403953552,0.0,1.0
GCN,320,1597,3,1,2,-2.8221025466918945,4.9182915687561035,7.740394115447998,0.8660253286361694,0.07410874962806702,-0.0006774735520593822,0.562323272228241,0.08672423660755157,0.2315270935960591,0,0.0,0.027913468248429867,40,0.5040964484214783,1.0,0.5498704616847568,0.990029542097489,66.94247436523438,0.9955686853766618,0.5563256144523621,0.9988921713441654,0.5563256144523621,0.9988921713441654,5.015325488244571e-09,3.074158172466923e-08,6.145437936311282e-08,1.0,0.504096508026123,0.41791945695877075,36,0.5605037212371826,1.0,1.0,1.0,0.5820805430412292,1.0,0.0,1.0
GCN,320,1600,3,1,1,-3.7934963703155518,4.2566447257995605,8.050141096115112,0.9486831426620483,0.08537032455205917,0.0,0.4764381945133209,0.1690777838230133,0.5759757483895415,1,0.0,0.02930914166085136,42,0.46491098403930664,1.0,0.4709734318624342,0.9693500738552437,57.60696792602539,0.9782127031019202,0.47141095995903015,0.9981536189069424,0.47141095995903015,0.9981536189069424,1.1019557710767458e-08,1.1073539418759992e-08,2.3802931181649e-08,1.0,0.46491095423698425,0.5099407434463501,37,0.8951737880706787,1.0,1.0,1.0,0.4900592565536499,1.0,0.0,1.0
GCN,320,1602,0,1,10,3.669637441635132,8.352066993713379,4.682429552078247,0.5669466257095337,0.018756752833724022,-0.0007914216257631779,0.6893041729927063,0.027825497090816498,0.10837438423645321,0,0.0,0.09979064898813678,143,0.40885186195373535,1.0,0.6638069109755479,0.9955686853766618,82.46153259277344,1.0,0.68511962890625,1.0,0.68511962890625,1.0,1.0923207227619969e-08,1.0425510232892066e-08,2.5488946064911033e-08,1.0,0.40885183215141296,0.27885302901268005,140,0.5424399971961975,1.0,1.0,1.0,0.7211469411849976,1.0,2.3999632836613216e-10,1.0
GCN,320,1605,3,1,3,-3.609628438949585,4.60048770904541,8.210116147994995,0.8017836213111877,0.034807637333869934,0.0,0.6534263491630554,0.052733078598976135,0.17904509283819628,0,0.0,0.055826936496859735,80,0.5475495457649231,1.0,0.6319100337970952,0.9948301329394387,78.19615936279297,0.9996307237813885,0.6486897468566895,1.0,0.6486897468566895,1.0,6.350773240626495e-09,6.09376105131787e-09,6.064097846092409e-08,1.0,0.5475494861602783,0.3170856833457947,75,0.7937110662460327,0.9999999403953552,1.0,0.9999999403953552,0.6829143166542053,1.0,0.0,1.0
GCN,320,1611,3,1,2,-3.489480495452881,3.2146270275115967,6.7041075229644775,0.8660253286361694,0.08774266391992569,0.0,0.6298971176147461,0.14055517315864563,0.46513830996589617,1,0.0,0.01465457083042568,21,0.5639473795890808,1.0,0.6105402296294045,0.9944608567208272,75.28671264648438,0.9992614475627769,0.6226091384887695,1.0,0.6226091384887695,1.0,1.953558737000094e-08,1.920676417910272e-08,6.865736423833368e-08,1.0,0.5639473795890808,0.3488095700740814,16,0.8738486766815186,0.9999998807907104,1.0,0.9999998807907104,0.6511904001235962,1.0,0.0,1.0
GCN,320,1628,0,1,17,4.125624656677246,7.386710166931152,3.2610855102539062,0.462909996509552,0.013872211799025536,-0.012689144350588322,0.6918513178825378,0.018464718014001846,0.10837438423645321,0,0.0,0.13189113747383113,189,0.33495986461639404,1.0,0.6669404217807336,0.9977843426883308,82.78060150146484,1.0,0.6879215240478516,1.0,0.6879215240478516,1.0,1.3825514066923006e-08,3.2813428418876356e-08,7.231009391261978e-08,1.0,0.33495989441871643,0.27640384435653687,187,0.42629116773605347,1.0,1.0,1.0,0.7235961556434631,1.0,4.234482098297576e-09,1.0
GCN,320,1629,2,1,3,-3.380115032196045,4.065633773803711,7.445748805999756,0.8017836213111877,0.040660664439201355,-0.001340565038844943,0.6134220361709595,0.06196023151278496,0.20291777188328913,0,0.0,0.045359385903698535,65,0.5133448839187622,1.0,0.5957022494950661,0.9944608567208272,73.40887451171875,0.9985228951255539,0.608771026134491,0.9996307237813885,0.608771026134491,0.9996307237813885,6.969380184074225e-09,3.056473119045222e-08,6.105369010356299e-08,1.0,0.5133448839187622,0.3597463071346283,62,0.7314921617507935,1.0,0.9999999403953552,1.0000001192092896,0.6402536630630493,1.0,2.3283064365386963e-10,1.0
GCN,320,1632,2,1,3,-4.357074737548828,3.0764389038085938,7.433513641357422,0.8017836213111877,0.0515323206782341,0.0,0.6683704257011414,0.08863174915313721,0.23796892762410005,0,0.0,0.03628750872295883,52,0.558711051940918,1.0000001192092896,0.6473695624359395,0.9948301329394387,80.30665588378906,1.0,0.6631851196289062,1.0,0.6631851196289062,1.0,7.031331072937519e-09,8.011539875951712e-09,1.4363394917893402e-08,1.0,0.558711051940918,0.3031647801399231,47,0.9216883182525635,1.0,1.0,1.0,0.6968352198600769,1.0,0.0,1.0000001192092896
GCN,320,1637,0,1,2,-1.4142780303955078,4.302227973937988,5.716506004333496,0.8660253286361694,0.07311322540044785,0.0,0.6707521677017212,0.11357595026493073,0.38044713906782873,1,0.0,0.02372644801116539,34,0.6036084294319153,1.0,0.6459545257642493,0.9948301329394387,80.0754623413086,1.0,0.6641470193862915,1.0,0.6641470193862915,1.0,0.0,3.896001743441957e-09,6.579821576480072e-09,1.0,0.6036084294319153,0.3030129671096802,29,0.9023668766021729,1.0,1.0,1.0,0.6969870328903198,1.0,0.0,1.0
GCN,320,1644,0,1,2,0.5342505574226379,6.9383344650268555,6.4040839076042175,0.8660253286361694,0.042852409183979034,0.0,0.7027318477630615,0.06734201312065125,0.20803334596438045,0,0.0,0.03279832519190509,47,0.6358740925788879,0.9999999403953552,0.677512756523165,0.9992614475627769,84.15056610107422,1.0,0.6984554529190063,1.0,0.6984554529190063,1.0,6.699699461876207e-09,6.71586253275791e-09,1.0536204797517712e-08,1.0,0.6358740329742432,0.265755832195282,42,0.9563813805580139,1.0,1.0,1.0,0.734244167804718,1.0,0.0,0.9999999403953552
GCN,320,1645,3,1,4,-1.5387308597564697,3.250385284423828,4.789116144180298,0.7499998807907104,0.03293371573090553,0.0,0.6605517864227295,0.05064834654331207,0.16331943918150815,0,0.0,0.050942079553384506,73,0.5177695751190186,1.0,0.6400544486875304,0.9948301329394387,79.05069732666016,1.0,0.6562528014183044,1.0,0.6562528014183044,1.0,6.2475016271434924e-09,6.540013419709112e-09,1.2643281976920662e-08,1.0,0.5177695751190186,0.30964046716690063,68,0.7618905901908875,1.0000001192092896,1.0,1.0000001192092896,0.6903595328330994,1.0,0.0,1.0
GCN,320,1653,4,1,5,-4.231738090515137,1.9578912258148193,6.189629316329956,0.7071066498756409,0.027107518166303635,-0.0024257597979158163,0.672779381275177,0.04743434116244316,0.1330049261083744,0,0.0,0.06489881367759945,93,0.49741798639297485,1.0,0.6519719737661216,0.9951994091580503,80.57007598876953,1.0,0.6689068078994751,1.0,0.6689068078994751,1.0,5.7974363087964775e-09,5.703162830883457e-09,1.1463958671242835e-08,1.0,0.49741798639297485,0.29654461145401,89,0.7374334335327148,1.0,1.0,1.0,0.70345538854599,1.0,4.656612873077393e-10,1.0
GCN,320,1661,5,1,4,-0.29882824420928955,5.097665786743164,5.396494030952454,0.7499998807907104,0.024772167205810547,-0.0041807484813034534,0.7414189577102661,0.04216418415307999,0.10989010989010989,0,0.0,0.04745289602233078,68,0.5817586183547974,1.0,0.7141695856311425,1.0,88.7636947631836,1.0,0.7374572157859802,1.0,0.7374572157859802,1.0,9.313225746154785e-10,5.963374150042e-08,5.963556048982355e-08,1.0,0.5817584991455078,0.22432181239128113,64,0.8151115775108337,1.0,1.0,1.0,0.7756781578063965,1.0,9.313225746154785e-10,1.0
GCN,320,1668,2,1,2,-1.7857598066329956,4.722139358520508,6.507899165153503,0.8660253286361694,0.052428293973207474,-0.00081000936916098,0.5802320837974548,0.08499285578727722,0.2277377794619174,0,0.0,0.039078855547801813,56,0.5234181880950928,1.0,0.5647732312092226,0.9937223042836041,69.28067016601562,0.9970457902511078,0.5748987793922424,0.9996307237813885,0.5748987793922424,0.9996307237813885,4.5625303535246076e-09,5.980485440204575e-08,6.031995525290768e-08,1.0,0.5234181880950928,0.39560866355895996,52,0.814608633518219,1.0000001192092896,1.0,1.0000001192092896,0.60439133644104,1.0,0.0,1.0
GCN,320,1675,6,1,4,-0.9413037896156311,4.561081886291504,5.502385675907135,0.7499998807907104,0.028180701658129692,0.0,0.7115266919136047,0.041516393423080444,0.10913224706328155,0,0.0,0.044661549197487785,64,0.5581824779510498,1.0,0.686660427355274,0.9996307237813885,85.20127868652344,1.0,0.7078908681869507,1.0,0.7078908681869507,1.0,6.650973549682249e-09,5.98949725372222e-08,6.050854750583312e-08,1.0,0.5581825375556946,0.2557564973831177,59,0.7861766815185547,1.0,1.0,1.0,0.7442435026168823,1.0,0.0,1.0
GCN,320,1679,3,1,3,-4.896261215209961,2.902204990386963,7.798466205596924,0.8017836213111877,0.04936723783612251,-0.0006861517322249711,0.6032623052597046,0.07063516974449158,0.21049640015157256,0,0.0,0.034891835310537335,50,0.503951907157898,1.0,0.5897849603116939,0.9944608567208272,72.55865478515625,0.9977843426883308,0.5993077754974365,0.9996307237813885,0.5993077754974365,0.9996307237813885,1.053671194739536e-08,6.6182903601941234e-09,1.313794140145319e-08,1.0,0.5039518475532532,0.37146151065826416,46,0.6920629739761353,1.0,1.0,1.0,0.6285384893417358,1.0,4.656612873077393e-10,1.0
GCN,320,1684,3,1,2,-5.282388687133789,1.8165388107299805,7.0989274978637695,0.8660253286361694,0.07073012739419937,0.0,0.5520216822624207,0.12384713441133499,0.4037514209928003,1,0.0,0.027913468248429867,40,0.49523454904556274,1.0,0.5421298290439572,0.9889217134416544,66.21562957763672,0.9944608567208272,0.5463974475860596,0.9988921713441654,0.5463974475860596,0.9988921713441654,5.7410578513383825e-09,3.036543816392623e-08,6.075185865483945e-08,1.0,0.49523451924324036,0.4281523823738098,35,0.8370825052261353,1.0,1.0,1.0,0.5718476176261902,1.0,0.0,1.0
GCN,320,1688,4,1,3,-2.0743050575256348,4.509860038757324,6.584165096282959,0.8017836213111877,0.042996279895305634,0.0,0.6165396571159363,0.07253102213144302,0.21163319439181508,0,0.0,0.04815073272854152,69,0.5158214569091797,1.0,0.5985378420298512,0.9944608567208272,74.08860778808594,0.9992614475627769,0.6119968295097351,0.9996307237813885,0.6119968295097351,0.9996307237813885,7.153624359546029e-09,7.202713092624435e-09,1.3964046807757313e-08,1.0,0.5158214569091797,0.35665756464004517,64,0.8338944911956787,1.0000001192092896,1.0,1.0000001192092896,0.6433424353599548,1.0,0.0,1.0
GCN,320,1695,0,1,3,1.866783857345581,7.507589817047119,5.640805959701538,0.8017836213111877,0.03938470408320427,0.0,0.6535707116127014,0.060899704694747925,0.2019704433497537,0,0.0,0.0418702023726448,60,0.5473308563232422,1.0,0.6303283535084665,0.9948301329394387,78.25035858154297,0.9996307237813885,0.6494185924530029,1.0,0.6494185924530029,1.0,7.153624359546029e-09,6.212696579410704e-09,1.1334875260615718e-08,1.0,0.5473308563232422,0.31735843420028687,55,0.8102842569351196,1.0,1.0,1.0,0.6826415657997131,1.0,0.0,1.0
GCN,320,1705,1,1,7,-2.0250306129455566,3.8471240997314453,5.872154712677002,0.6396021246910095,0.022932209074497223,0.0,0.666715145111084,0.034857481718063354,0.10837438423645321,0,0.0,0.08443824145150035,121,0.4460170865058899,1.0,0.6439856329464476,0.9948301329394387,79.76410675048828,1.0,0.6625344753265381,1.0,0.6625344753265381,1.0,8.117412519936806e-09,3.089242284204374e-08,6.232286153817768e-08,1.0,0.4460171163082123,0.30266472697257996,116,0.6481870412826538,1.0,1.0,1.0,0.6973352432250977,1.0,0.0,1.0
GCN,320,1707,5,1,1,-2.4309515953063965,4.51954460144043,6.950496196746826,0.9486831426620483,0.06727758795022964,0.0,0.6035948991775513,0.11544911563396454,0.3874573702159909,1,0.0,0.030006978367062107,43,0.595632791519165,1.0,0.5858851345822437,0.9940915805022157,72.53002166748047,0.9977843426883308,0.5985632538795471,0.9996307237813885,0.5985632538795471,0.9996307237813885,7.679882507716229e-09,7.970837323512114e-09,1.3275630372788783e-08,1.0,0.5956327319145203,0.3721478581428528,38,0.9826230406761169,1.0,1.0,1.0,0.6278521418571472,1.0,0.0,1.0
GCN,320,1726,2,1,3,-3.3484909534454346,5.175622940063477,8.524113893508911,0.8017836213111877,0.029439043253660202,0.0,0.7381277680397034,0.045515693724155426,0.12182644941265632,0,0.0,0.045359385903698535,65,0.6191286444664001,1.0000001192092896,0.7108652686010916,1.0,88.31722259521484,1.0,0.7339134216308594,1.0,0.7339134216308594,1.0,3.916817536975259e-09,3.9989975775256426e-09,5.99506790877058e-08,1.0,0.6191287040710449,0.22781071066856384,60,0.9150107502937317,0.9999998807907104,1.0,0.9999998807907104,0.7721892595291138,1.0,0.0,1.0000001192092896
GCN,320,1727,2,1,3,-4.145063400268555,3.326049327850342,7.4711127281188965,0.8017836213111877,0.041580550372600555,-0.0007284163148142397,0.6691206693649292,0.06264147907495499,0.20367563471011746,0,0.0,0.03977669225401256,57,0.5602203607559204,1.0,0.6469566947839446,0.9948301329394387,80.21200561523438,1.0,0.6643969416618347,1.0,0.6643969416618347,1.0,7.1080110686239095e-09,6.002019858897256e-08,6.091919857453831e-08,1.0,0.5602203011512756,0.30128252506256104,53,0.8082270622253418,1.0000001192092896,1.0000001192092896,1.0,0.6987175941467285,1.0000001192092896,0.0,1.0
GCN,320,1734,2,1,4,-4.512819290161133,2.8904995918273926,7.403318881988525,0.7499998807907104,0.049600232392549515,0.0,0.7546529173851013,0.07911244034767151,0.22034861690034105,0,0.0,0.03210048848569435,46,0.5905607342720032,1.0,0.7283130599356692,1.0,90.2522964477539,1.0,0.7496545314788818,1.0,0.7496545314788818,1.0,9.497663988611293e-09,9.531849087807132e-09,1.612778888215871e-08,1.0,0.5905607342720032,0.21258553862571716,41,0.9027543067932129,0.9999999403953552,1.0,0.9999999403953552,0.7874144315719604,1.0,0.0,1.0
GCN,320,1749,2,1,4,-4.544379234313965,3.4489574432373047,7.9933366775512695,0.7499998807907104,0.02372104860842228,-0.05262439325451851,0.7530382871627808,0.03788752108812332,0.10837438423645321,0,0.0,0.061409630146545706,88,0.5897449851036072,1.0,0.7247813141615176,1.0,90.1480941772461,1.0,0.748958945274353,1.0,0.748958945274353,1.0,2.9451006078318187e-09,2.9080537977677068e-09,5.98069078705521e-08,1.0,0.589745044708252,0.21367309987545013,84,0.9020707607269287,0.9999999403953552,1.0,0.9999999403953552,0.7863268852233887,1.0,1.4551915228366852e-08,1.0
GCN,320,1752,2,1,3,-4.430449485778809,4.191591739654541,8.62204122543335,0.8017836213111877,0.04047592729330063,-0.0012990536633878946,0.7125195264816284,0.05782404541969299,0.1962864721485411,0,0.0,0.03838101884159107,55,0.5968308448791504,1.0,0.6864612491489783,0.9996307237813885,85.24191284179688,1.0,0.708040714263916,1.0,0.708040714263916,1.0,4.939083586563697e-10,5.96155587118119e-08,5.964248117606985e-08,1.0,0.5968309044837952,0.2556210160255432,51,0.8161417245864868,0.9999998807907104,1.0,0.9999998807907104,0.7443789839744568,1.0,4.656612873077393e-10,1.0
GCN,320,1753,2,1,3,-3.9425768852233887,4.4079484939575195,8.350525379180908,0.8017836213111877,0.03781340271234512,-0.0013905229279771447,0.7046385407447815,0.06429138779640198,0.20500189465706706,0,0.0,0.040474528960223306,58,0.59038907289505,1.0,0.6790343906642976,0.9992614475627769,84.49244689941406,1.0,0.7002308368682861,1.0,0.7002308368682861,1.0,3.9803147444672504e-09,5.974646910544834e-08,6.002085228828946e-08,1.0,0.5903891324996948,0.26365533471107483,54,0.9605735540390015,1.0,1.0,1.0,0.7363446950912476,1.0,4.656612873077393e-10,1.0
GCN,320,1760,2,1,2,-2.530261993408203,6.041589736938477,8.57185173034668,0.8660253286361694,0.03895721957087517,0.0,0.7141122221946716,0.06115126982331276,0.2019704433497537,0,0.0,0.04326587578506629,62,0.6464930772781372,1.0,0.6905362749715763,0.9996307237813885,85.60765075683594,1.0,0.7099535465240479,1.0,0.7099535465240479,1.0,0.0,1.9199706269290573e-09,1.975633434625479e-09,1.0,0.6464930772781372,0.2534940242767334,57,0.9707659482955933,1.0000001192092896,1.0,1.0000001192092896,0.7465059757232666,1.0,0.0,1.0
GCN,320,1764,5,1,2,-2.4910998344421387,4.891218662261963,7.382318496704102,0.8660253286361694,0.04298344999551773,0.0,0.6750914454460144,0.06715032458305359,0.20765441455096628,0,0.0,0.041172365666434056,59,0.6107260584831238,1.0,0.6535886433014527,0.9951994091580503,81.06620025634766,1.0,0.6708187460899353,1.0,0.6708187460899353,1.0,3.2261959770352178e-09,3.357931266378955e-09,5.6013278459943194e-09,1.0,0.6107260584831238,0.2947941720485687,54,0.913355827331543,1.0,1.0,1.0,0.7052057981491089,1.0,0.0,1.0
GCN,320,1768,1,1,3,-2.4674878120422363,5.300052642822266,7.767540454864502,0.8017836213111877,0.0384545661509037,-0.0011977317044511437,0.6691064834594727,0.05093635618686676,0.16331943918150815,0,0.0,0.039078855547801813,56,0.5604368448257446,1.0,0.6463191579046593,0.9948301329394387,80.0895767211914,1.0,0.6648489832878113,1.0,0.6648489832878113,1.0,4.3930397097824425e-09,5.965918603578757e-08,5.978782269266958e-08,1.0,0.5604367852210999,0.30101245641708374,52,0.6838627457618713,1.0,1.0,1.0,0.6989875435829163,1.0,4.656612873077393e-10,1.0
GCN,320,1771,1,1,3,-2.5112695693969727,5.517879486083984,8.029149055480957,0.8017836213111877,0.02847922407090664,0.0,0.7380997538566589,0.04449717700481415,0.11595301250473665,0,0.0,0.052337752965806,75,0.6191544532775879,1.0,0.7098966251927692,1.0,88.35305786132812,1.0,0.733742356300354,1.0,0.733742356300354,1.0,2.57169840978122e-09,2.2332331539587358e-09,3.6883511800311908e-09,1.0,0.6191543936729431,0.22777873277664185,70,0.9246481657028198,0.9999999403953552,1.0,0.9999999403953552,0.7722212672233582,1.0,0.0,1.0
GCN,320,1777,1,1,5,-3.33487868309021,3.620093822479248,6.954972505569458,0.7071066498756409,0.02049332670867443,0.0,0.7300719618797302,0.031010564416646957,0.10837438423645321,0,0.0,0.06838799720865317,98,0.5403041839599609,1.0,0.7027943151418855,0.9996307237813885,87.39986419677734,1.0,0.7259640693664551,1.0,0.7259640693664551,1.0,3.6369309786010717e-09,5.977538819479378e-08,6.018854037392884e-08,1.0,0.5403041839599609,0.2358943223953247,93,0.7811740636825562,0.9999999403953552,1.0,0.9999999403953552,0.7641056776046753,1.0,0.0,1.0
GCN,320,1779,1,1,6,-2.681248664855957,3.7370223999023438,6.418271064758301,0.6708203554153442,0.01649351790547371,0.0,0.7593809366226196,0.024726804345846176,0.10837438423645321,0,0.0,0.08094905792044661,116,0.5332961082458496,1.0,0.730649140467406,1.0,90.90116882324219,1.0,0.7551966309547424,1.0,0.7551966309547424,1.0,4.816837595456036e-09,5.127562818785236e-09,6.030477806007184e-08,1.0,0.5332960486412048,0.2050090730190277,111,0.7636961936950684,0.9999998807907104,1.0,0.9999998807907104,0.7949908971786499,1.0,0.0,1.0
GCN,320,1781,1,1,5,-2.506457805633545,4.348219394683838,6.854677200317383,0.7071066498756409,0.020358620211482048,0.0,0.740786612033844,0.02889079786837101,0.10837438423645321,0,0.0,0.06908583391486392,99,0.5482518076896667,1.0,0.7134549768139419,1.0,88.68299865722656,1.0,0.7366352081298828,1.0,0.7366352081298828,1.0,5.587935447692871e-09,5.98850178334942e-08,6.053419809859406e-08,1.0,0.548251748085022,0.22465477883815765,94,0.7433429956436157,1.0,1.0,1.0,0.7753452062606812,1.0,0.0,1.0
GCN,320,1783,1,1,2,-2.6854801177978516,4.933696269989014,7.619176387786865,0.8660253286361694,0.05284871533513069,0.0,0.6378418803215027,0.08776096999645233,0.23796892762410005,0,0.0,0.03349616189811584,48,0.5759397149085999,1.0,0.6169951899818623,0.9944608567208272,76.45621490478516,0.9992614475627769,0.6334872841835022,1.0,0.6334872841835022,1.0,0.0,5.206251540990081e-10,1.1406325883811519e-09,1.0,0.5759397149085999,0.33496198058128357,43,0.9172983765602112,1.0,1.0,1.0,0.665037989616394,1.0,0.0,1.0
GCN,320,1786,1,1,3,-2.8026227951049805,5.235316276550293,8.037939071655273,0.8017836213111877,0.04280943050980568,-0.1265411227941513,0.6585493683815002,0.2805107831954956,0.8486169003410383,1,0.0,0.040474528960223306,58,0.5455987453460693,1.0,0.6333035812374855,0.9948301329394387,78.8489990234375,0.9996307237813885,0.6541789770126343,1.0,0.6541789770126343,1.0,3.4846900920371127e-09,5.971595129494744e-08,5.998086294312088e-08,1.0,0.5455986857414246,0.3195188045501709,56,0.7213177680969238,1.0000001192092896,1.0,1.0000001192092896,0.6804811954498291,1.0,2.8878510249796818e-08,1.0
GCN,320,1794,4,1,4,-2.326577663421631,3.707944393157959,6.03452205657959,0.7499998807907104,0.032362084835767746,-0.0027793338522315025,0.6339986324310303,0.044644616544246674,0.11708980674497915,0,0.0,0.05792044661549198,83,0.4968087077140808,1.0,0.6161342518723801,0.9944608567208272,76.04564666748047,0.9992614475627769,0.629656195640564,1.0,0.629656195640564,1.0,5.101064015633483e-09,6.406017050153423e-09,1.2886853362203965e-08,1.0,0.4968086779117584,0.3375883102416992,80,0.6559672355651855,1.0,1.0,1.0,0.6624116897583008,1.0,4.656612873077393e-10,1.0
GCN,320,1803,0,1,4,0.0032597780227661133,4.499467849731445,4.496208071708679,0.7499998807907104,0.03411750867962837,0.0,0.6523190140724182,0.056462064385414124,0.19306555513452064,0,0.0,0.04884856943475227,70,0.5112023949623108,1.0,0.6316296625454061,0.9948301329394387,78.2464370727539,0.9996307237813885,0.648162841796875,1.0,0.648162841796875,1.0,8.835301379406246e-09,3.1085289009524786e-08,6.206163050137548e-08,1.0,0.511202335357666,0.31839674711227417,65,0.8096562623977661,1.0,1.0,1.0,0.6816032528877258,1.0,0.0,1.0
GCN,320,1807,3,1,5,-3.395792007446289,4.145236492156982,7.5410284996032715,0.7071066498756409,0.027405831962823868,0.0,0.7421384453773499,0.04729137569665909,0.1330049261083744,0,0.0,0.06629448709002093,95,0.5489174127578735,1.0,0.715819771260347,1.0,88.80628967285156,1.0,0.738166093826294,1.0,0.738166093826294,1.0,3.017829985907383e-09,5.968871619188576e-08,5.989025453345675e-08,1.0,0.5489174127578735,0.22371336817741394,90,0.9055426120758057,0.9999999403953552,1.0,0.9999999403953552,0.7762866020202637,1.0,0.0,1.0
GCN,320,1809,3,1,3,-3.5274033546447754,5.309591293334961,8.836994647979736,0.8017836213111877,0.030296210199594498,-0.1414041519165039,0.6877967715263367,0.24425017833709717,0.7838196286472149,1,0.0,0.055826936496859735,80,0.5722848773002625,1.0,0.6645552433937607,0.9966765140324964,82.3913345336914,1.0,0.6837673187255859,1.0,0.6837673187255859,1.0,4.928095709288982e-09,5.981935657928261e-08,6.026306920148272e-08,1.0,0.5722849369049072,0.2862352132797241,76,0.8405635952949524,1.0,1.0,1.0,0.7137647867202759,1.0,4.656612873077393e-10,1.0
GCN,320,1810,3,0,44,-9.210370063781738,-6.629446029663086,2.5809240341186523,0.3061861991882324,0.007939258590340614,-0.012934957630932331,0.6398270726203918,0.01164871547371149,0.10837438423645321,0,0.0,0.2882065596650384,413,0.20492437481880188,1.0,0.6213775082531624,0.9944608567208272,76.53276824951172,0.9992614475627769,0.6360725164413452,1.0,0.6360725164413452,1.0,1.723418741050864e-08,4.9746816443985153e-08,2.0814762535792397e-07,1.0,0.20492441952228546,0.33071959018707275,412,0.28743940591812134,0.9999998807907104,1.0,0.9999998807907104,0.6692804098129272,1.0,2.9600313311561877e-08,1.0
GCN,320,1817,3,1,2,-2.948795795440674,6.402631759643555,9.351427555084229,0.8660253286361694,0.040711306035518646,0.0,0.7107047438621521,0.06424586474895477,0.20500189465706706,0,0.0,0.039078855547801813,56,0.6432767510414124,1.0,0.6873336504042246,0.9996307237813885,85.18660736083984,1.0,0.706951916217804,1.0,0.706951916217804,1.0,7.679882507716229e-09,6.001071284345016e-08,1.197015109255517e-07,1.0,0.6432768106460571,0.25720787048339844,51,0.9712923765182495,1.0,1.0,1.0,0.7427921295166016,1.0,0.0,1.0
GCN,320,1822,3,1,2,-5.278423309326172,3.017296314239502,8.295719623565674,0.8660253286361694,0.04931676387786865,0.0,0.6381011009216309,0.08230814337730408,0.22300113679424025,0,0.0,0.039078855547801813,56,0.5765193104743958,1.0,0.6197143447686319,0.9944608567208272,76.6295394897461,0.9996307237813885,0.633963942527771,1.0,0.633963942527771,1.0,6.650973549682249e-09,6.719897527318608e-09,1.1695103552256114e-08,1.0,0.5765193104743958,0.3342927396297455,51,0.92229163646698,1.0,1.0,1.0,0.6657072305679321,1.0,0.0,1.0
GCN,320,1825,5,1,4,-3.5220460891723633,3.3885231018066406,6.910569190979004,0.7499998807907104,0.026812797412276268,-0.07802918553352356,0.6933344006538391,0.039308179169893265,0.10837438423645321,0,0.0,0.06071179344033496,87,0.5417593121528625,1.0,0.6683112264799597,0.9977843426883308,83.04299926757812,1.0,0.6894423961639404,1.0,0.6894423961639404,1.0,6.089311277435172e-09,5.174919603945227e-09,6.038381883399779e-08,1.0,0.5417593121528625,0.27765417098999023,84,0.7623330950737,1.0,1.0,1.0,0.7223458290100098,1.0,1.4435969752923938e-08,1.0
GCN,320,1829,5,1,5,-2.355741024017334,3.756317615509033,6.112058639526367,0.7071066498756409,0.027531038969755173,-0.0006594162550754845,0.6680701375007629,0.031216047704219818,0.10837438423645321,0,0.0,0.0628053035589672,90,0.49394848942756653,1.0,0.646495185139333,0.9948301329394387,79.96121978759766,1.0,0.6637474894523621,1.0,0.6637474894523621,1.0,9.371252218670634e-09,9.440413784034263e-09,1.9111022098172725e-08,1.0,0.49394848942756653,0.3014512062072754,87,0.5356267690658569,1.0,1.0,1.0,0.6985487937927246,1.0,1.1641532182693481e-10,1.0
GCN,320,1836,6,1,2,-1.7814593315124512,3.378645420074463,5.160104751586914,0.8660253286361694,0.05269947648048401,-0.0017710782121866941,0.5832666158676147,0.09062108397483826,0.24820007578628267,0,0.0,0.0418702023726448,60,0.5261029601097107,1.0,0.5712057982190547,0.9937223042836041,69.99893188476562,0.9974150664697193,0.5786494612693787,0.9996307237813885,0.5786494612693787,0.9996307237813885,9.588553062656047e-09,9.269466971773e-09,6.215708481249749e-08,1.0,0.5261029005050659,0.3925085961818695,56,0.86860191822052,0.9999999403953552,1.0,0.9999999403953552,0.6074913740158081,1.0,4.656612873077393e-10,1.0
GCN,320,1838,0,1,4,2.3671882152557373,7.330541610717773,4.963353395462036,0.7499998807907104,0.02996130846440792,-0.0028100283816456795,0.7001256346702576,0.04236944019794464,0.10989010989010989,0,0.0,0.05373342637822749,77,0.5490217804908752,1.0,0.6732778541406709,0.9988921713441654,83.80571746826172,1.0,0.6961503028869629,1.0,0.6961503028869629,1.0,5.430496941016827e-09,5.986962747783764e-08,6.048124845392522e-08,1.0,0.5490217208862305,0.2679709494113922,75,0.683283805847168,0.9999999403953552,1.0,0.9999999403953552,0.7320290803909302,1.0,8.394828165947388e-10,1.0
GCN,320,1841,0,1,5,2.9829015731811523,7.898413181304932,4.915511608123779,0.7071066498756409,0.02428826317191124,0.0,0.7335978746414185,0.03394090384244919,0.10837438423645321,0,0.0,0.051639916259595256,74,0.5427460670471191,1.0,0.7059543058126686,0.9996307237813885,87.87107849121094,1.0,0.7298381328582764,1.0,0.7298381328582764,1.0,4.5625303535246076e-09,5.979442363468479e-08,6.02644476543901e-08,1.0,0.5427460074424744,0.23244106769561768,69,0.724886417388916,1.0,1.0,1.0,0.7675589323043823,1.0,0.0,1.0
GCN,320,1845,5,1,2,0.3756653070449829,6.22475528717041,5.849089980125427,0.8660253286361694,0.04723455011844635,0.0,0.6498160362243652,0.07577767968177795,0.21580143993937098,0,0.0,0.034193998604326585,49,0.5873757004737854,1.0,0.6291305663212936,0.9948301329394387,77.8735580444336,0.9996307237813885,0.6458619236946106,1.0,0.6458619236946106,1.0,6.969380184074225e-09,6.988798872953339e-09,1.1631103191689363e-08,1.0,0.5873757004737854,0.32175689935684204,44,0.9028229117393494,1.0,1.0,1.0,0.678243100643158,1.0,0.0,1.0
GCN,320,1852,3,1,2,-2.5401201248168945,6.094849586486816,8.634969711303711,0.8660253286361694,0.04241049662232399,0.0,0.7186665534973145,0.06696726381778717,0.20765441455096628,0,0.0,0.041172365666434056,59,0.6503956317901611,1.0,0.6935253535657605,0.9996307237813885,86.284423828125,1.0,0.7145718336105347,1.0,0.7145718336105347,1.0,6.984919309616089e-10,5.961919669061899e-08,5.965027582988114e-08,1.0,0.6503955721855164,0.24898779392242432,54,0.9827594757080078,1.0,1.0,1.0,0.7510122060775757,1.0,0.0,1.0
GCN,320,1853,3,1,1,-2.8930559158325195,6.162338733673096,9.055394649505615,0.9486831426620483,0.07529958337545395,-0.006189248524606228,0.62812739610672,0.13202062249183655,0.4236453201970443,1,0.0,0.027913468248429867,40,0.6186732649803162,1.0,0.6092553877202908,0.9944608567208272,75.11599731445312,0.9992614475627769,0.6233106255531311,1.0,0.6233106255531311,1.0,7.450580596923828e-09,6.006850128414953e-08,1.1983703984697058e-07,1.0,0.6186733245849609,0.3478609323501587,36,0.9960211515426636,1.0,1.0,1.0,0.6521390676498413,1.0,0.0,1.0
GCN,320,1858,3,1,2,-3.499478816986084,6.291983604431152,9.791462421417236,0.8660253286361694,0.04219500720500946,0.0,0.6678582429885864,0.0673636645078659,0.20803334596438045,0,0.0,0.04396371249127704,63,0.6042077541351318,1.0,0.6468550665175249,0.9948301329394387,80.37541961669922,1.0,0.6642968654632568,1.0,0.6642968654632568,1.0,4.92259255580052e-09,4.514753904061308e-09,7.55936291341186e-09,1.0,0.6042077541351318,0.3023208975791931,58,0.9233779311180115,1.0,1.0,1.0,0.6976791024208069,1.0,0.0,1.0
GCN,320,1862,3,1,4,-6.432307243347168,0.9296207427978516,7.3619279861450195,0.7499998807907104,0.03824695572257042,-0.0016780003206804395,0.6440485715866089,0.058744482696056366,0.1964759378552482,0,0.0,0.050942079553384506,73,0.5042970180511475,1.0,0.6268092670758588,0.9948301329394387,77.0932846069336,0.9996307237813885,0.6396058201789856,1.0,0.6396058201789856,1.0,9.869932426909145e-09,6.05435772627061e-08,1.210555637953803e-07,1.0,0.5042970776557922,0.32760393619537354,69,0.7139639854431152,1.0,1.0000001192092896,0.9999998807907104,0.672396183013916,1.0000001192092896,0.0,1.0
GCN,320,1866,3,1,2,-4.285229682922363,4.872002601623535,9.157232284545898,0.8660253286361694,0.050968583673238754,-0.004515469539910555,0.6591367125511169,0.0893513634800911,0.2451686244789693,0,0.0,0.03698534542916958,53,0.5952814817428589,1.0,0.638801841461057,0.9948301329394387,78.87305450439453,0.9996307237813885,0.6544514298439026,1.0,0.6544514298439026,1.0,1.2198636767379867e-08,6.087530834975041e-08,6.305699429276501e-08,1.0,0.5952814817428589,0.3126280903816223,49,0.9353762865066528,0.9999999403953552,1.0,0.9999999403953552,0.6873719096183777,1.0,9.313225746154785e-10,1.0
GCN,320,1870,3,1,4,-4.115190505981445,4.278579235076904,8.39376974105835,0.7499998807907104,0.035886626690626144,0.0,0.7585387229919434,0.05984712764620781,0.19969685486926866,0,0.0,0.04954640614096301,71,0.5947074294090271,1.0,0.7318632716828075,1.0,90.83221435546875,1.0,0.7541975975036621,1.0,0.7541975975036621,1.0,3.964963024571944e-09,4.2742023254049855e-09,7.205267049670283e-09,1.0,0.5947074294090271,0.20705664157867432,66,0.9487452507019043,0.9999998807907104,1.0,0.9999998807907104,0.7929433584213257,1.0,0.0,1.0
GCN,320,1872,3,1,1,-2.620418071746826,6.98270845413208,9.603126525878906,0.9486831426620483,0.06322353333234787,0.0,0.6261578798294067,0.10583247989416122,0.35392194012883665,1,0.0,0.03279832519190509,47,0.6186732649803162,1.0,0.6068362635969815,0.9944608567208272,75.56656646728516,0.9992614475627769,0.6223284006118774,0.9996307237813885,0.6223284006118774,0.9996307237813885,0.0,5.961192073300481e-08,1.192247509607114e-07,1.0,0.6186733245849609,0.3478609621524811,42,0.9943636655807495,1.0,1.0,1.0,0.6521390676498413,1.0,0.0,1.0
GCN,320,1878,5,1,3,-1.725045919418335,4.760570526123047,6.485616445541382,0.8017836213111877,0.03861081600189209,0.0,0.6613083481788635,0.06810423731803894,0.20954907161803712,0,0.0,0.04675505931612003,67,0.553907036781311,1.0,0.6395031014069729,0.9948301329394387,79.30502319335938,1.0,0.6573036313056946,1.0,0.6573036313056946,1.0,3.3254867748411243e-09,3.3900653395591007e-09,6.145807862623087e-09,1.0,0.553907036781311,0.30915647745132446,62,0.935247004032135,1.0,1.0,1.0,0.6908435225486755,1.0,0.0,1.0
GCN,320,1879,5,1,4,-0.3152339458465576,5.182387828826904,5.497621774673462,0.7499998807907104,0.02803421951830387,-0.0014854940818622708,0.6982038617134094,0.04442035034298897,0.11405835543766578,0,0.0,0.0628053035589672,90,0.5476659536361694,1.0,0.6734321425859873,0.9988921713441654,83.65294647216797,1.0,0.6942049860954285,1.0,0.6942049860954285,1.0,4.514753904061308e-09,4.621556470851829e-09,6.02044352149278e-08,1.0,0.5476660132408142,0.2697785496711731,86,0.8297302722930908,1.0,1.0,1.0,0.7302214503288269,1.0,4.656612873077393e-10,1.0
GCN,320,1881,5,1,5,-4.36309289932251,1.9835875034332275,6.346680402755737,0.7071066498756409,0.03032173030078411,-0.00039581526652909815,0.7077412605285645,0.04604075849056244,0.12542629784009093,0,0.0,0.05512909979064899,79,0.5232154726982117,1.0,0.6831277403292265,0.9996307237813885,84.64009094238281,1.0,0.7030662298202515,1.0,0.7030662298202515,1.0,9.656157651249941e-09,9.83692238776257e-09,1.8803401502509587e-08,1.0,0.5232154726982117,0.26006144285202026,75,0.7598851323127747,1.0,1.0,1.0,0.7399385571479797,1.0,4.656612873077393e-10,1.0
GCN,320,1891,4,1,3,-1.7514152526855469,5.859946250915527,7.611361503601074,0.8017836213111877,0.03477390855550766,0.0,0.7194893956184387,0.05558191239833832,0.1911708980674498,0,0.0,0.045359385903698535,65,0.6031444668769836,1.0000001192092896,0.6936785970491699,0.9996307237813885,86.12793731689453,1.0,0.7157391905784607,1.0,0.7157391905784607,1.0,2.7152484705084134e-09,5.966827387737794e-08,1.1929517995667993e-07,1.0,0.6031444072723389,0.24774666130542755,60,0.9220651388168335,1.0,1.0,1.0,0.7522533535957336,1.0,0.0,1.0000001192092896
GCN,320,1899,5,1,5,-2.0016732215881348,3.774282217025757,5.775955438613892,0.7071066498756409,0.03274163976311684,-0.0004882207722403109,0.6501519680023193,0.0387628935277462,0.10837438423645321,0,0.0,0.061409630146545706,88,0.48029786348342896,1.0,0.6297232728929827,0.9948301329394387,77.79190063476562,0.9996307237813885,0.6454893946647644,1.0,0.6454893946647644,1.0,8.025061504213227e-09,1.0863489663393011e-08,2.2609803806972195e-08,1.0,0.48029786348342896,0.32075613737106323,85,0.5442715883255005,1.0,1.0,1.0,0.6792438626289368,1.0,1.1641532182693481e-10,1.0
GCN,320,1901,5,1,6,-4.185445308685303,1.1416893005371094,5.327134609222412,0.6708203554153442,0.02412213571369648,-0.00026470821467228234,0.6707327365875244,0.03622495383024216,0.10837438423645321,0,0.0,0.0732728541521284,105,0.47060301899909973,1.0,0.6494515085538647,0.9948301329394387,80.30988311767578,1.0,0.6668241620063782,1.0,0.6668241620063782,1.0,7.198948992481746e-09,3.054698893834029e-08,6.128031770913367e-08,1.0,0.47060301899909973,0.29846638441085815,101,0.6756904125213623,1.0,1.0,1.0,0.7015336155891418,1.0,1.1641532182693481e-10,1.0
GCN,320,1904,5,1,3,-3.393286943435669,2.713878631591797,6.107165575027466,0.8017836213111877,0.03409658744931221,-0.000393519556382671,0.6712583303451538,0.05387365072965622,0.18321333838575218,0,0.0,0.04884856943475227,70,0.5625911951065063,1.0,0.6496309305492503,0.9948301329394387,80.34053802490234,1.0,0.6668007373809814,1.0,0.6668007373809814,1.0,5.309355621818668e-09,5.684120285565086e-09,6.046091272082776e-08,1.0,0.5625911951065063,0.29832541942596436,66,0.8503786325454712,1.0,1.0,1.0,0.7016745805740356,1.0,0.0,1.0
GCN,320,1906,4,1,5,-1.2834948301315308,4.840946197509766,6.124441027641296,0.7071066498756409,0.022715983912348747,-0.0004659447877202183,0.7128602266311646,0.030283566564321518,0.10837438423645321,0,0.0,0.06769016050244243,97,0.5274350047111511,1.0,0.6890408631472118,0.9996307237813885,85.34408569335938,1.0,0.7087000608444214,1.0,0.7087000608444214,1.0,4.2167425107209056e-09,4.6566128730773926e-09,8.833766607097004e-09,1.0,0.5274350047111511,0.2540941536426544,93,0.6719931364059448,1.0,1.0,1.0,0.745905876159668,1.0,4.656612873077393e-10,1.0
GCN,320,1909,0,1,6,0.18125879764556885,6.527396202087402,6.3461374044418335,0.6708203554153442,0.02229304611682892,0.0,0.7267822623252869,0.0234858188778162,0.10837438423645321,0,0.0,0.06838799720865317,98,0.5101363658905029,1.0,0.7013084044928855,0.9996307237813885,86.96680450439453,1.0,0.7226003408432007,1.0,0.7226003408432007,1.0,7.522988454411461e-09,3.072835141892938e-08,6.138614594419778e-08,1.0,0.5101363658905029,0.23953357338905334,93,0.5136258006095886,1.0,1.0,1.0,0.760466456413269,1.0,0.0,1.0
GCN,320,1911,5,1,4,-0.4294619560241699,5.006925106048584,5.436387062072754,0.7499998807907104,0.03258530795574188,0.0,0.6593238115310669,0.046648893505334854,0.13092080333459644,0,0.0,0.05512909979064899,79,0.5168269276618958,1.0,0.6385603407783813,0.9948301329394387,78.97634887695312,1.0,0.6551227569580078,1.0,0.6551227569580078,1.0,6.8754064663778536e-09,3.027246009423834e-08,6.048708200978581e-08,1.0,0.5168269872665405,0.31089723110198975,74,0.7079123258590698,0.9999999403953552,1.0,0.9999999403953552,0.6891027688980103,1.0,0.0,1.0
GCN,320,1913,0,1,4,1.9774121046066284,7.448880195617676,5.471468091011047,0.7499998807907104,0.026215925812721252,0.0,0.6670634150505066,0.03668445721268654,0.10837438423645321,0,0.0,0.06769016050244243,97,0.5233129262924194,1.0,0.6459583551134179,0.9948301329394387,79.83663177490234,1.0,0.6623594164848328,1.0,0.6623594164848328,1.0,5.999626129238322e-09,3.0483036539408204e-08,6.084883352741599e-08,1.0,0.5233128666877747,0.30224937200546265,92,0.7000759840011597,1.0,1.0,1.0,0.6977506279945374,1.0,0.0,1.0
GCN,320,1916,6,1,3,-0.21870219707489014,5.586528778076172,5.805230975151062,0.8017836213111877,0.0381162203848362,0.0,0.6643258929252625,0.05533354729413986,0.1896551724137931,0,0.0,0.03838101884159107,55,0.5564852952957153,1.0,0.6421244216717327,0.9948301329394387,79.52098083496094,1.0,0.6606863737106323,1.0,0.6606863737106323,1.0,6.7801306791182014e-09,8.011539875951712e-09,6.132587060392325e-08,1.0,0.5564853549003601,0.30594074726104736,50,0.7732448577880859,1.0,1.0,1.0,0.6940592527389526,1.0,0.0,1.0
GCN,320,1918,6,1,2,-0.6241267919540405,5.235678195953369,5.85980498790741,0.8660253286361694,0.09712883830070496,0.0,0.6641876101493835,0.16156235337257385,0.5507768093974991,1,0.0,0.01465457083042568,21,0.5938405990600586,1.0,0.6392513294631328,0.9948301329394387,78.98181915283203,1.0,0.6558350324630737,1.0,0.6558350324630737,1.0,1.0073794243226075e-08,6.048042422435174e-08,1.2042823982483242e-07,1.0,0.5938406586647034,0.3142918050289154,16,0.9567828178405762,0.9999999403953552,1.0,0.9999999403953552,0.6857081651687622,1.0,0.0,1.0
GCN,320,1920,0,1,6,-0.2734140157699585,3.744894027709961,4.018308043479919,0.6708203554153442,0.023431699723005295,-0.0874621644616127,0.667830228805542,0.2485043853521347,0.7910193255020841,1,0.0,0.0718771807397069,103,0.466464102268219,1.0,0.6463932076794258,0.9948301329394387,79.93619537353516,1.0,0.6637527346611023,1.0,0.6637527346611023,1.0,5.665014235489707e-09,3.0312726551073865e-08,6.077660685832598e-08,1.0,0.4664640724658966,0.3046363592147827,100,0.6054542660713196,1.0000001192092896,1.0,1.0000001192092896,0.6953636407852173,1.0,1.1643860098331515e-08,1.0
GCN,320,1925,0,1,3,0.4349961280822754,7.018253326416016,6.58325719833374,0.8017836213111877,0.033570628613233566,-0.033051230013370514,0.6640833020210266,0.048895448446273804,0.1466464569912846,0,0.0,0.055826936496859735,80,0.5554413199424744,1.0,0.6429926917623363,0.9948301329394387,79.66873931884766,1.0,0.6600977182388306,1.0,0.6600977182388306,1.0,2.7152484705084134e-09,3.3980513958198344e-09,5.991950047246064e-08,1.0,0.5554413199424744,0.30724287033081055,77,0.7755123376846313,1.0,1.0,1.0,0.6927571296691895,1.0,5.705538708156155e-09,1.0
GCN,320,1931,3,1,3,-2.901191234588623,6.13787841796875,9.039069652557373,0.8017836213111877,0.02676834538578987,0.0,0.7359580397605896,0.04043320193886757,0.10837438423645321,0,0.0,0.05024424284717376,72,0.6174376606941223,1.0000001192092896,0.7090813856774709,1.0,88.17450714111328,1.0,0.7318040728569031,1.0,0.7318040728569031,1.0,4.971902001216222e-09,4.971902001216222e-09,8.05247601931569e-09,1.0,0.6174377202987671,0.22991982102394104,67,0.8913059234619141,1.0,1.0,1.0,0.7700802087783813,1.0,0.0,1.0000001192092896
GCN,320,1932,3,1,3,-2.9913902282714844,5.526994705200195,8.51838493347168,0.8017836213111877,0.037597812712192535,0.0,0.6855431199073792,0.05951923877000809,0.19950738916256158,0,0.0,0.04256803907885555,61,0.5743858814239502,1.0,0.6633852253757091,0.9955686853766618,82.13263702392578,1.0,0.6814534068107605,1.0,0.6814534068107605,1.0,5.370267786020122e-09,8.993413125324423e-09,6.163350718679794e-08,1.0,0.5743858814239502,0.2836148142814636,56,0.8701351881027222,0.9999999403953552,1.0,0.9999999403953552,0.7163851857185364,1.0,0.0,1.0
GCN,320,1936,3,1,5,-3.6120638847351074,3.6670126914978027,7.27907657623291,0.7071066498756409,0.024816513061523438,0.0,0.7302184700965881,0.037727441638708115,0.10837438423645321,0,0.0,0.05931612002791347,85,0.540213942527771,1.0,0.7045208110023266,0.9996307237813885,87.4463119506836,1.0,0.7261488437652588,1.0,0.7261488437652588,1.0,4.7316777163075585e-09,6.3251133219921485e-09,6.074222369534255e-08,1.0,0.5402138829231262,0.23602205514907837,80,0.7849721908569336,1.0,1.0,1.0,0.7639779448509216,1.0,0.0,1.0
GCN,320,1938,3,1,1,-3.1578383445739746,4.362401008605957,7.520239353179932,0.9486831426620483,0.09287750720977783,0.0,0.5112608671188354,0.17967191338539124,0.6078059871163319,1,0.0,0.024424284717376135,35,0.49863389134407043,1.0,0.5047451104507814,0.9844903988183161,62.78717041015625,0.9903988183161004,0.5047948956489563,0.9985228951255539,0.5047948956489563,0.9985228951255539,0.0,2.9818689739613546e-08,5.963737947922709e-08,1.0,0.4986339211463928,0.474393755197525,30,0.9382820129394531,1.0000001192092896,1.0000001192092896,1.0,0.5256063938140869,1.0000001192092896,0.0,1.0
GCN,320,1942,3,1,3,-3.126044511795044,5.672530651092529,8.798575162887573,0.8017836213111877,0.03432358801364899,-0.0019282130524516106,0.6705015897750854,0.05401601642370224,0.18321333838575218,0,0.0,0.04954640614096301,71,0.5618840456008911,1.0,0.6482060260576752,0.9948301329394387,80.35064697265625,1.0,0.6662753820419312,1.0,0.6662753820419312,1.0,4.6566128730773926e-09,5.979352124541037e-08,6.020685816565674e-08,1.0,0.5618839859962463,0.299207478761673,68,0.8177613019943237,1.0,1.0,1.0,0.7007925510406494,1.0,0.0,1.0
GCN,320,1947,3,1,4,-5.054429531097412,2.4245800971984863,7.479009628295898,0.7499998807907104,0.028092721477150917,-0.0016484957886859775,0.7040062546730042,0.042085759341716766,0.10989010989010989,0,0.0,0.05373342637822749,77,0.5522225499153137,1.0,0.6805916177078756,0.9996307237813885,84.3227767944336,1.0,0.7002159357070923,1.0,0.7002159357070923,1.0,3.951266869250958e-09,5.986827034121234e-08,6.047162059985567e-08,1.0,0.5522226095199585,0.2637031376361847,73,0.7910047173500061,1.0000001192092896,1.0,1.0000001192092896,0.7362968921661377,1.0,2.3283064365386963e-10,1.0
GCN,320,1959,5,1,5,-5.164441108703613,0.48409342765808105,5.648534536361694,0.7071066498756409,0.02964317798614502,-0.0003856687981169671,0.6560185551643372,0.04263479262590408,0.11045850701023115,0,0.0,0.0628053035589672,90,0.48487746715545654,1.0,0.636413875677444,0.9948301329394387,78.5051040649414,0.9996307237813885,0.6517449617385864,1.0,0.6517449617385864,1.0,6.384826001237798e-09,5.2166537756193065e-09,1.0747207568329031e-08,1.0,0.48487743735313416,0.31427961587905884,86,0.6671761274337769,1.0,1.0,1.0,0.6857203841209412,1.0,1.1641532182693481e-10,1.0
GCN,320,1961,5,1,3,-3.6851837635040283,3.6932120323181152,7.3783957958221436,0.8017836213111877,0.03412124142050743,0.0,0.6424615979194641,0.04956274479627609,0.15289882531261842,0,0.0,0.05512909979064899,79,0.5383685231208801,1.0,0.623615734656209,0.9948301329394387,76.89739227294922,0.9996307237813885,0.6382337212562561,1.0,0.6382337212562561,1.0,6.4523919540704355e-09,6.133662466822898e-09,1.142179684165967e-08,1.0,0.5383685231208801,0.32853639125823975,74,0.7482297420501709,1.0,1.0,1.0,0.6714636087417603,1.0,0.0,1.0
GCN,320,1962,5,1,3,-2.9408302307128906,3.8867719173431396,6.82760214805603,0.8017836213111877,0.0409243181347847,0.0,0.6242304444313049,0.06777700781822205,0.2084122773777946,0,0.0,0.0418702023726448,60,0.522487223148346,1.0,0.6061521549510339,0.9944608567208272,74.8963851928711,0.9992614475627769,0.6197254657745361,0.9996307237813885,0.6197254657745361,0.9996307237813885,9.077409934832303e-09,8.938998874441495e-09,1.7118155781759015e-08,1.0,0.522487223148346,0.3483438491821289,55,0.8289018869400024,1.0,1.0,1.0,0.6516561508178711,1.0,0.0,1.0
GCN,320,1969,4,1,3,-3.0163989067077637,4.4121222496032715,7.428521156311035,0.8017836213111877,0.042418546974658966,0.0,0.6879824995994568,0.06331359595060349,0.2046229632436529,0,0.0,0.03838101884159107,55,0.576072096824646,1.0,0.6654024853645325,0.9966765140324964,82.46524047851562,1.0,0.6839699745178223,1.0,0.6839699745178223,1.0,9.497663988611293e-09,9.339382600614954e-09,6.17104518596534e-08,1.0,0.5760721564292908,0.28151172399520874,50,0.8233335018157959,1.0,1.0,1.0,0.7184882760047913,1.0,0.0,1.0
GCN,320,1972,6,1,3,-0.9381253719329834,4.2452802658081055,5.183405637741089,0.8017836213111877,0.03172735869884491,0.0,0.6658461689949036,0.04731215164065361,0.1330049261083744,0,0.0,0.05443126308443824,78,0.5582040548324585,1.0,0.6447541978351067,0.9948301329394387,79.76798248291016,1.0,0.6619117259979248,1.0,0.6619117259979248,1.0,4.5625303535246076e-09,5.982977313578886e-08,6.032986732407153e-08,1.0,0.5582040548324585,0.3037971258163452,73,0.7961041331291199,1.0,1.0,1.0,0.6962028741836548,1.0,0.0,1.0
GCN,320,1977,3,1,2,0.21954047679901123,5.992440223693848,5.772899746894836,0.8660253286361694,0.04147058352828026,0.0,0.6640259623527527,0.06661941856145859,0.2074649488442592,0,0.0,0.044661549197487785,64,0.6007774472236633,1.0,0.640102219688573,0.9948301329394387,79.47087860107422,1.0,0.6596598625183105,1.0,0.6596598625183105,1.0,3.6666205627255977e-09,4.165001232792065e-09,5.994704821432606e-08,1.0,0.6007774472236633,0.3062818944454193,59,0.9237966537475586,1.0,1.0,1.0,0.6937180757522583,1.0,0.0,1.0
GCN,320,1983,0,1,4,0.23795568943023682,6.710153102874756,6.472197413444519,0.7499998807907104,0.02255108952522278,-0.0013615968637168407,0.723411500453949,0.03577244281768799,0.10837438423645321,0,0.0,0.06559665038381018,94,0.5677756071090698,1.0,0.6980110692947291,0.9996307237813885,86.6281967163086,1.0,0.7194517850875854,1.0,0.7194517850875854,1.0,3.725290298461914e-09,3.8399412538581146e-09,6.836348376282331e-09,1.0,0.5677756071090698,0.2429656684398651,90,0.8155556917190552,0.9999998807907104,1.0,0.9999998807907104,0.7570343017578125,1.0,0.0,1.0
GCN,320,1996,3,0,5,-8.268132209777832,-1.6514897346496582,6.616642475128174,0.7071066498756409,0.035515155643224716,-0.0013107628328725696,0.6776198744773865,0.05279499664902687,0.17904509283819628,0,0.0,0.04396371249127704,63,0.5004522800445557,1.0,0.6573043029062215,0.9955686853766618,80.98587799072266,1.0,0.6731738448143005,1.0,0.6731738448143005,1.0,8.381903171539307e-09,1.1339593264381165e-08,2.265927889766317e-08,1.0,0.5004522800445557,0.2922535240650177,59,0.7122789025306702,1.0,1.0,1.0,0.7077465057373047,1.0,0.0,1.0
GCN,320,2004,3,1,4,-5.450717449188232,2.6368486881256104,8.087566137313843,0.7499998807907104,0.029339484870433807,0.0,0.7204096913337708,0.04087122529745102,0.10894278135657447,0,0.0,0.04815073272854152,69,0.5651057362556458,1.0,0.6956073478727974,0.9996307237813885,86.21405029296875,1.0,0.7164672017097473,1.0,0.7164672017097473,1.0,5.14339681956244e-09,5.350040854779081e-09,9.342960183289506e-09,1.0,0.5651057362556458,0.24652552604675293,64,0.7526722550392151,1.0,1.0,1.0,0.7534744739532471,1.0,0.0,1.0
GCN,320,2006,3,1,3,-6.171385288238525,1.884663462638855,8.05604875087738,0.8017836213111877,0.043684832751750946,0.0,0.6361730694770813,0.06671363115310669,0.20765441455096628,0,0.0,0.03558967201674808,51,0.5323092937469482,0.9999999403953552,0.6170106948438797,0.9944608567208272,76.14653015136719,0.9992614475627769,0.6316325664520264,1.0,0.6316325664520264,1.0,8.433485021441811e-09,6.020777476578587e-08,6.17094642052507e-08,1.0,0.5323092937469482,0.33609360456466675,46,0.7789621353149414,1.0,1.0,1.0,0.6639063954353333,1.0,0.0,0.9999999403953552
GCN,320,2010,0,1,4,0.1057504415512085,5.279754638671875,5.1740041971206665,0.7499998807907104,0.028498560190200806,-0.0015158747555688024,0.69731205701828,0.044226955622434616,0.11405835543766578,0,0.0,0.0628053035589672,90,0.5469364523887634,1.0,0.6748826331074176,0.9992614475627769,83.48602294921875,1.0,0.6929814219474792,1.0,0.6929814219474792,1.0,2.464047854644491e-09,5.972140115773072e-08,1.1940701938328857e-07,1.0,0.5469365119934082,0.2707512378692627,86,0.8116194605827332,1.0,1.0,1.0,0.7292487621307373,1.0,9.313225746154785e-10,1.0
GCN,320,2011,3,1,3,-1.8539888858795166,6.375861644744873,8.22985053062439,0.8017836213111877,0.028305912390351295,-0.0014741395134478807,0.7135633230209351,0.04220467060804367,0.10989010989010989,0,0.0,0.05512909979064899,79,0.5984888076782227,1.0,0.6875459699000382,0.9996307237813885,85.44771575927734,1.0,0.7097073197364807,1.0,0.7097073197364807,1.0,4.2868668614914895e-09,5.974635541861062e-08,6.000162500185979e-08,1.0,0.5984887480735779,0.25355327129364014,76,0.8530471324920654,1.0,1.0,1.0,0.7464467287063599,1.0,3.29272248356105e-10,1.0
GCN,320,2014,3,1,2,0.44133460521698,6.481367111206055,6.040032505989075,0.8660253286361694,0.04926475137472153,0.0,0.70405513048172,0.07884357869625092,0.21921182266009853,0,0.0,0.03558967201674808,51,0.6365686655044556,1.0,0.6809004122895993,0.9996307237813885,84.34690856933594,1.0,0.698944628238678,1.0,0.698944628238678,1.0,7.015894532003131e-09,7.213993846733047e-09,6.067693902878091e-08,1.0,0.6365686058998108,0.2649537920951843,46,0.9758145809173584,0.9999999403953552,1.0,0.9999999403953552,0.7350462079048157,1.0,0.0,1.0
GCN,320,2015,6,1,3,0.3729356527328491,5.631087779998779,5.25815212726593,0.8017836213111877,0.027811937034130096,0.0,0.7213069796562195,0.04218096286058426,0.10989010989010989,0,0.0,0.05373342637822749,77,0.6050688028335571,1.0,0.6955178204110725,0.9996307237813885,86.3691177368164,1.0,0.717306911945343,1.0,0.717306911945343,1.0,3.00883495896187e-09,3.1753866203132475e-09,5.336941999445344e-09,1.0,0.6050688028335571,0.24534659087657928,72,0.8771272897720337,1.0000001192092896,1.0000001192092896,1.0,0.7546535134315491,1.0000001192092896,0.0,1.0
GCN,320,2019,0,1,2,-0.08390605449676514,5.117907524108887,5.201813578605652,0.8660253286361694,0.0535748191177845,-0.00037832200177945197,0.6640364527702332,0.088838592171669,0.23796892762410005,0,0.0,0.03628750872295883,52,0.5997143387794495,1.0,0.643485614039304,0.9948301329394387,79.5529556274414,1.0,0.6591655611991882,1.0,0.6591655611991882,1.0,7.997995155051285e-09,6.025592114156098e-08,1.2011820160751085e-07,1.0,0.5997143983840942,0.3075094223022461,48,0.9535938501358032,1.0,1.0,1.0,0.6924905776977539,1.0,2.3283064365386963e-10,1.0
GCN,320,2038,3,1,2,-1.9804725646972656,5.310549259185791,7.291021823883057,0.8660253286361694,0.05329085513949394,-0.0023238013964146376,0.6132798194885254,0.09066134691238403,0.24820007578628267,0,0.0,0.03838101884159107,55,0.5533762574195862,1.0,0.5962185990164265,0.9944608567208272,73.5427474975586,0.9985228951255539,0.6085153818130493,0.9996307237813885,0.6085153818130493,0.9996307237813885,3.725290298461914e-09,1.066964072649057e-09,1.9199706269290573e-09,1.0,0.5533761978149414,0.3610161542892456,51,0.9035636782646179,1.0,1.0,1.0,0.6389838457107544,1.0,4.656612873077393e-10,1.0
GCN,320,2043,4,1,2,-1.9680495262145996,5.349453449249268,7.317502975463867,0.8660253286361694,0.05481059476733208,0.0,0.6213631629943848,0.09376835823059082,0.2737779461917393,0,0.0,0.03977669225401256,57,0.5607143044471741,1.0,0.6016094882993615,0.9944608567208272,74.28858184814453,0.9992614475627769,0.6163742542266846,0.9996307237813885,0.6163742542266846,0.9996307237813885,5.587935447692871e-09,5.978264283612589e-08,6.01689578161313e-08,1.0,0.5607143640518188,0.35254278779029846,52,0.9205934405326843,0.9999999403953552,1.0,0.9999999403953552,0.6474572420120239,1.0,0.0,1.0
GCN,320,2045,1,0,32,-3.5583879947662354,-0.6871700286865234,2.871217966079712,0.35355332493782043,0.00851412583142519,-0.058172691613435745,0.6994786858558655,0.01535291038453579,0.10837438423645321,0,0.0,0.22609909281228194,324,0.25836384296417236,1.0,0.6744357037379369,0.9992614475627769,83.69190216064453,1.0,0.69538414478302,1.0,0.69538414478302,1.0,2.4683343369247268e-08,1.9157662123348018e-08,7.408613100778894e-08,1.0,0.25836387276649475,0.2692365050315857,323,0.44594377279281616,0.9999998807907104,1.0,0.9999998807907104,0.7307634949684143,1.0,3.1172362469078507e-09,1.0
GCN,320,2051,0,1,3,1.0672255754470825,6.2247538566589355,5.157528281211853,0.8017836213111877,0.03236551210284233,-0.0348549410700798,0.676047682762146,0.04762043058872223,0.13452065176203107,0,0.0,0.051639916259595256,74,0.5655664801597595,1.0,0.653666747975705,0.9951994091580503,80.9802017211914,1.0,0.6720601916313171,1.0,0.6720601916313171,1.0,5.26835597369768e-09,5.759912102831777e-09,6.047091716254727e-08,1.0,0.5655664801597595,0.2946145534515381,72,0.7975269556045532,0.9999998807907104,1.0,0.9999998807907104,0.7053854465484619,1.0,5.7102873540770815e-09,1.0
GCN,320,2054,0,1,9,3.3958659172058105,7.354923725128174,3.9590578079223633,0.588348388671875,0.016404271125793457,-0.02381095662713051,0.7413758039474487,0.0229241494089365,0.10837438423645321,0,0.0,0.08234473133286811,118,0.4561488926410675,1.0,0.7127386897971633,1.0,88.72531127929688,1.0,0.7373092770576477,1.0,0.7373092770576477,1.0,6.6059926417949555e-09,6.010233732922643e-08,1.2039750174608344e-07,1.0,0.4561489522457123,0.2246958613395691,116,0.6095499992370605,0.9999998807907104,1.0,0.9999998807907104,0.7753041386604309,1.0,1.3981960034215035e-09,1.0
GCN,320,2055,0,1,4,1.3236801624298096,7.868560314178467,6.544880151748657,0.7499998807907104,0.027869440615177155,-0.030555380508303642,0.7006334066390991,0.04208044707775116,0.10989010989010989,0,0.0,0.05931612002791347,85,0.5487388968467712,1.0,0.6766312385862041,0.9992614475627769,83.83707427978516,1.0,0.6965356469154358,1.0,0.6965356469154358,1.0,4.748831994305647e-09,5.981935657928261e-08,1.1957443746268837e-07,1.0,0.548738956451416,0.26834797859191895,82,0.7934216856956482,1.0,1.0,1.0,0.731652021408081,1.0,1.945842953432475e-08,1.0
GCN,320,2058,5,1,3,-4.0405073165893555,3.4122331142425537,7.452740430831909,0.8017836213111877,0.05248594656586647,0.0,0.5715876221656799,0.07353469729423523,0.21295945433876468,0,0.0,0.039078855547801813,56,0.47687357664108276,1.0,0.5607730263069565,0.9926144756277696,68.42508697509766,0.9970457902511078,0.5665574669837952,0.9988921713441654,0.5665574669837952,0.9988921713441654,9.943804002432444e-09,6.044366074320351e-08,1.210525795158901e-07,1.0,0.4768735468387604,0.40523409843444824,51,0.6420801877975464,1.0,1.0,1.0,0.5947659015655518,1.0,0.0,1.0
GCN,320,2059,0,1,6,1.364123821258545,6.464540004730225,5.10041618347168,0.6708203554153442,0.024539893493056297,-0.04891100525856018,0.6663753390312195,0.03618767112493515,0.10837438423645321,0,0.0,0.07466852756454989,107,0.4662642180919647,1.0,0.6461391160898594,0.9948301329394387,79.78807067871094,1.0,0.6622931361198425,1.0,0.6622931361198425,1.0,8.932932615834943e-09,3.110533697281426e-08,6.258584051010985e-08,1.0,0.4662642478942871,0.3049342930316925,105,0.6266746520996094,1.0,1.0,1.0,0.6950657367706299,1.0,2.2819778067173502e-08,1.0
GCN,320,2071,2,1,8,0.39463943243026733,3.9442336559295654,3.549594223499298,0.6123723983764648,0.02076598070561886,-0.04088319092988968,0.6607142090797424,0.03274647891521454,0.10837438423645321,0,0.0,0.09909281228192603,142,0.4223516285419464,1.0,0.6395178508682994,0.9948301329394387,79.04027557373047,1.0,0.6566376090049744,1.0,0.6566376090049744,1.0,7.861267192765808e-09,8.969814047077307e-08,1.7962422305117798e-07,1.0,0.4223517179489136,0.3103024959564209,139,0.6380304098129272,0.9999999403953552,1.0,0.9999999403953552,0.6896975040435791,1.0,1.5373876394164654e-08,1.0
GCN,320,2072,0,1,3,2.4387035369873047,8.2045316696167,5.7658281326293945,0.8017836213111877,0.03359357640147209,-0.0007220983970910311,0.6971907019615173,0.05304943397641182,0.1816976127320955,0,0.0,0.045359385903698535,65,0.5844324827194214,1.0,0.6719468765846438,0.9988921713441654,83.49279022216797,1.0,0.6930855512619019,1.0,0.6930855512619019,1.0,1.862645149230957e-09,2.2812651767623038e-09,4.020753507916197e-09,1.0,0.5844325423240662,0.27108442783355713,62,0.88274085521698,1.0,1.0,1.0,0.7289155721664429,1.0,4.799926567322643e-10,1.0
GCN,320,2075,3,1,8,-3.4511892795562744,2.5323805809020996,5.983569860458374,0.6123723983764648,0.019943196326494217,-0.0003307565348222852,0.6762470602989197,0.03295643627643585,0.10837438423645321,0,0.0,0.08583391486392185,123,0.43325144052505493,1.0,0.6544993983878685,0.9951994091580503,80.9333267211914,1.0,0.6722971796989441,1.0,0.6722971796989441,1.0,7.3480110884815986e-09,6.00603797806798e-08,1.204223423201256e-07,1.0,0.4332515001296997,0.2925032377243042,119,0.6843313574790955,0.9999999403953552,1.0,0.9999999403953552,0.7074967622756958,1.0,1.1641532182693481e-10,1.0
GCN,320,2082,1,1,2,-2.4272429943084717,5.732011795043945,8.159254789352417,0.8660253286361694,0.09021378308534622,0.0,0.6443931460380554,0.1493266075849533,0.5049261083743842,1,0.0,0.021632937892533146,31,0.5768483281135559,1.0,0.6236895651580049,0.9948301329394387,77.16185760498047,0.9996307237813885,0.637042224407196,1.0,0.637042224407196,1.0,8.277775798148923e-09,8.346256130664642e-09,6.128107798986093e-08,1.0,0.5768483281135559,0.33391284942626953,26,0.9237316250801086,1.0,1.0,1.0,0.6660871505737305,1.0,0.0,1.0
GCN,320,2087,1,1,2,-2.494352340698242,4.740621089935303,7.234973430633545,0.8660253286361694,0.04726164788007736,0.0,0.6590536832809448,0.07373756170272827,0.21314892004547176,0,0.0,0.03838101884159107,55,0.5957821607589722,1.0000001192092896,0.6367067909287778,0.9948301329394387,78.94367218017578,0.9996307237813885,0.654829204082489,1.0,0.654829204082489,1.0,1.9480008717209785e-09,4.355862337490635e-09,7.099202115057324e-09,1.0,0.5957822203636169,0.31204989552497864,50,0.8904945254325867,1.0,1.0,1.0,0.6879501342773438,1.0,0.0,1.0000001192092896
GCN,320,2096,1,1,6,-2.289865732192993,3.6304895877838135,5.920355319976807,0.6708203554153442,0.02250227890908718,-0.0010634243953973055,0.6530470848083496,0.03530661016702652,0.10837438423645321,0,0.0,0.0851360781577111,122,0.45822998881340027,1.0,0.6319386134967383,0.9948301329394387,78.1397476196289,0.9996307237813885,0.6489487886428833,1.0,0.6489487886428833,1.0,7.736145946068973e-09,3.0524798688702504e-08,1.2007124894353183e-07,1.0,0.45823001861572266,0.3169110119342804,119,0.6539240479469299,1.0,1.0,1.0,0.683089017868042,1.0,0.0,1.0
GCN,320,2105,5,1,2,0.20942997932434082,6.808016300201416,6.598586320877075,0.8660253286361694,0.04772282764315605,-0.004538922570645809,0.6071498990058899,0.08245046436786652,0.22300113679424025,0,0.0,0.041172365666434056,59,0.5482527613639832,1.0,0.5888722990456271,0.9944608567208272,72.70674896240234,0.9977843426883308,0.6027031540870667,0.9996307237813885,0.6027031540870667,0.9996307237813885,5.26835597369768e-09,5.988049167626741e-08,6.050564138604386e-08,1.0,0.5482528209686279,0.36693209409713745,56,0.8515893816947937,1.0000001192092896,1.0,1.0000001192092896,0.6330679059028625,1.0,9.313225746154785e-10,1.0
GCN,320,2107,1,1,4,-1.358992576599121,5.0141191482543945,6.373111724853516,0.7499998807907104,0.02664438635110855,-0.0005875280476175249,0.6941627860069275,0.03987551108002663,0.10837438423645321,0,0.0,0.0642009769713887,92,0.5445905327796936,1.0000001192092896,0.6693415449813099,0.9985228951255539,83.0739974975586,1.0,0.6898626089096069,1.0,0.6898626089096069,1.0,5.890201215663637e-09,5.994925800223427e-08,1.1980260694599565e-07,1.0,0.5445906519889832,0.2738790214061737,88,0.77915358543396,0.9999999403953552,1.0,0.9999999403953552,0.7261209487915039,1.0,4.656612873077393e-10,1.0000001192092896
GCN,320,2113,2,1,6,-2.9387595653533936,4.005470275878906,6.9442298412323,0.6708203554153442,0.02168797142803669,-0.034608129411935806,0.728707492351532,0.031050128862261772,0.10837438423645321,0,0.0,0.06978367062107467,100,0.510733425617218,1.0,0.7021163699662354,0.9996307237813885,87.19844055175781,1.0,0.7244917154312134,1.0,0.7244917154312134,1.0,1.1175870895385742e-08,5.985695139543168e-08,1.196935670577659e-07,1.0,0.5107334852218628,0.23864345252513885,96,0.6998481750488281,0.9999999403953552,1.0,0.9999999403953552,0.7613565325737,1.0,2.852175384759903e-08,1.0
GCN,320,2120,4,1,5,-2.373054027557373,4.002701759338379,6.375755786895752,0.7071066498756409,0.03176762908697128,0.0,0.6574836373329163,0.057586174458265305,0.19552860932171276,0,0.0,0.06699232379623168,96,0.4858294725418091,1.0,0.6363147553877075,0.9948301329394387,78.80960083007812,0.9996307237813885,0.6534369587898254,1.0,0.6534369587898254,1.0,5.206251429967779e-09,5.26835597369768e-09,1.0839309894095095e-08,1.0,0.4858294427394867,0.3129332661628723,91,0.8427587747573853,0.9999999403953552,1.0,0.9999999403953552,0.6870667338371277,1.0,0.0,1.0
GCN,320,2122,4,1,10,-4.011208534240723,0.7600851058959961,4.771293640136719,0.5669466257095337,0.01523348968476057,-0.05392274633049965,0.6763394474983215,0.2235894352197647,0.7383478590375142,1,0.0,0.12630844382414516,181,0.4004635512828827,1.0,0.6546144312685955,0.9951994091580503,80.9486312866211,1.0,0.6725426316261292,1.0,0.6725426316261292,1.0,5.1696793512689965e-09,7.508562660518692e-09,1.8723458339309218e-08,1.0,0.4004635512828827,0.2936485707759857,178,0.5070580244064331,0.9999999403953552,1.0,0.9999999403953552,0.7063513994216919,1.0,1.921417158712302e-08,1.0
GCN,320,2130,4,0,12,-4.454038619995117,-0.5209594368934631,3.933079183101654,0.5303300619125366,0.021718837320804596,0.0,0.620857298374176,0.02898317761719227,0.10837438423645321,0,0.0,0.0928122819260293,133,0.3441290557384491,1.0,0.6038178856714812,0.9944608567208272,74.27024841308594,0.9992614475627769,0.6168307662010193,0.9996307237813885,0.6168307662010193,0.9996307237813885,1.937117311001657e-08,3.546065130421994e-08,1.3166562951028027e-07,1.0,0.3441290855407715,0.3511039614677429,128,0.4393872320652008,1.0,1.0,1.0,0.6488960385322571,1.0,0.0,1.0
GCN,320,2131,0,1,3,1.8044055700302124,7.4534502029418945,5.649044632911682,0.8017836213111877,0.034073006361722946,-0.005518906284123659,0.6934231519699097,0.05937013775110245,0.19950738916256158,0,0.0,0.046057222609909285,66,0.5810605883598328,1.0,0.6674946446507537,0.9977843426883308,82.99285125732422,1.0,0.6888708472251892,1.0,0.6888708472251892,1.0,3.725290298461914e-09,5.972140115773072e-08,1.1938337252104247e-07,1.0,0.5810606479644775,0.27528995275497437,63,0.8642656803131104,1.0,1.0,1.0,0.7247100472450256,1.0,1.1641532182693481e-10,1.0
GCN,320,2139,3,1,4,-5.742303371429443,0.9016594886779785,6.643962860107422,0.7499998807907104,0.0377153716981411,0.0,0.6683136224746704,0.06196627765893936,0.20291777188328913,0,0.0,0.0418702023726448,60,0.5235266089439392,1.0,0.6486349609486447,0.9948301329394387,80.09132385253906,1.0,0.6644287109375,1.0,0.6644287109375,1.0,1.0041453890607954e-08,3.0642670623137747e-08,6.114965600545474e-08,1.0,0.523526668548584,0.30196434259414673,55,0.8235284090042114,0.9999999403953552,1.0,0.9999999403953552,0.6980356574058533,1.0,0.0,1.0
GCN,320,2141,3,1,4,-6.673581123352051,0.27019453048706055,6.943775653839111,0.7499998807907104,0.04076367989182472,0.0,0.6331252455711365,0.06960523128509521,0.21030693444486548,0,0.0,0.046057222609909285,66,0.4955355226993561,1.0,0.6156327668295506,0.9944608567208272,75.78048706054688,0.9992614475627769,0.6289123892784119,1.0,0.6289123892784119,1.0,1.1734294425025382e-08,1.1531582799761964e-08,2.3270528615171315e-08,1.0,0.4955355226993561,0.33928585052490234,61,0.8108103275299072,1.0,1.0,1.0,0.6607141494750977,1.0,0.0,1.0
GCN,320,2153,4,1,3,0.18697643280029297,6.560538291931152,6.373561859130859,0.8017836213111877,0.034706272184848785,0.0,0.7333764433860779,0.05079320818185806,0.16331943918150815,0,0.0,0.03698534542916958,53,0.6148321032524109,1.0,0.7057683424733172,0.9996307237813885,87.76920318603516,1.0,0.7291587591171265,1.0,0.7291587591171265,1.0,3.9786116623474754e-09,4.032745248849778e-09,6.581453160237061e-09,1.0,0.6148321032524109,0.2331695407629013,48,0.8605613708496094,1.0,1.0,1.0,0.7668304443359375,1.0,0.0,1.0
GCN,320,2156,0,1,4,0.6137869954109192,5.442368984222412,4.828581988811493,0.7499998807907104,0.028042687103152275,0.0,0.6916533708572388,0.043928731232881546,0.11405835543766578,0,0.0,0.05931612002791347,85,0.5425556898117065,1.0,0.6673273944927105,0.9977843426883308,82.76228332519531,1.0,0.6876645088195801,1.0,0.6876645088195801,1.0,9.557407310012422e-09,6.03561502998673e-08,1.2049578401729377e-07,1.0,0.5425557494163513,0.2765922546386719,80,0.8126036524772644,0.9999998807907104,1.0,0.9999998807907104,0.7234077453613281,1.0,0.0,1.0
GCN,320,2157,6,1,5,-2.050539970397949,1.9483933448791504,3.9989333152770996,0.7071066498756409,0.02939080260694027,-0.0004764020268339664,0.6241446137428284,0.04505806416273117,0.11860553239863585,0,0.0,0.06838799720865317,98,0.46123403310775757,1.0,0.6080089075242232,0.9944608567208272,74.90924835205078,0.9992614475627769,0.6204145550727844,0.9996307237813885,0.6204145550727844,0.9996307237813885,6.969380184074225e-09,6.816015307720136e-09,1.4804323100747752e-08,1.0,0.46123403310775757,0.34771642088890076,94,0.6765987873077393,1.0,1.0,1.0,0.6522835493087769,1.0,0.0,1.0
GCN,320,2158,6,1,1,-1.759986162185669,3.5986342430114746,5.3586204051971436,0.9486831426620483,0.07506507635116577,0.0,0.5517304539680481,0.13614150881767273,0.43709738537324744,1,0.0,0.02930914166085136,42,0.5425822734832764,1.0,0.5398985419505046,0.9889217134416544,67.35791015625,0.9966765140324964,0.5474606156349182,0.9988921713441654,0.5474606156349182,0.9988921713441654,9.812092471861433e-09,9.869932426909145e-09,1.8203575535835625e-08,1.0,0.5425822734832764,0.42806798219680786,37,0.9492940902709961,0.9999999403953552,1.0,0.9999999403953552,0.5719320178031921,1.0,0.0,1.0
GCN,320,2160,6,1,8,-2.111513614654541,1.4184751510620117,3.5299887657165527,0.6123723983764648,0.02421742118895054,-0.09235429018735886,0.6407373547554016,0.033437855541706085,0.10837438423645321,0,0.0,0.08304256803907886,119,0.4078653156757355,1.0,0.620598937809853,0.9944608567208272,76.74584197998047,0.9996307237813885,0.636580765247345,1.0,0.636580765247345,1.0,8.368957971072177e-09,3.21356914412263e-08,6.649099759670207e-08,1.0,0.40786534547805786,0.33395859599113464,115,0.5417590141296387,1.0,1.0,1.0,0.666041374206543,1.0,1.30385160446167e-08,1.0
GCN,320,2164,6,1,3,-2.517615556716919,2.066054105758667,4.583669662475586,0.8017836213111877,0.03696797415614128,0.0,0.6418853402137756,0.056261904537677765,0.19306555513452064,0,0.0,0.04884856943475227,70,0.5376770496368408,1.0000001192092896,0.6219093677474613,0.9944608567208272,76.96009826660156,0.9996307237813885,0.6379755139350891,1.0,0.6379755139350891,1.0,4.059541147682921e-09,5.9774478700092e-08,6.018822062969775e-08,1.0,0.5376771092414856,0.3293987512588501,65,0.7832553386688232,0.9999999403953552,1.0,0.9999999403953552,0.6706012487411499,1.0,0.0,1.0000001192092896
GCN,320,2165,6,1,3,-0.9657808542251587,4.830840110778809,5.796620965003967,0.8017836213111877,0.030789891257882118,0.0,0.7040066123008728,0.04720000922679901,0.1330049261083744,0,0.0,0.05024424284717376,72,0.590360164642334,1.0,0.6780753253726286,0.9992614475627769,84.23890686035156,1.0,0.6995564699172974,1.0,0.6995564699172974,1.0,3.811601700931533e-09,4.145431553581602e-09,7.010784841554596e-09,1.0,0.590360164642334,0.2636914551258087,67,0.8653022050857544,1.0000001192092896,1.0,1.0000001192092896,0.7363085746765137,1.0,0.0,1.0
GCN,320,2166,5,1,2,-2.678117275238037,3.0736398696899414,5.7517571449279785,0.8660253286361694,0.08365887403488159,0.0,0.6291208863258362,0.14740429818630219,0.4971580143993937,1,0.0,0.034193998604326585,49,0.5639152526855469,1.0,0.6109309993700494,0.9944608567208272,75.39860534667969,0.9992614475627769,0.6244133114814758,1.0,0.6244133114814758,1.0,1.4725503039159094e-09,1.5618754067858731e-09,2.7780571176805324e-09,1.0,0.5639152526855469,0.3488466739654541,44,0.959981381893158,1.0,1.0,1.0,0.6511533260345459,1.0,0.0,1.0
GCN,320,2172,0,1,5,3.3222556114196777,8.428445816040039,5.106190204620361,0.7071066498756409,0.030745897442102432,-0.00020971756021026522,0.7096049785614014,0.045096505433321,0.11860553239863585,0,0.0,0.05373342637822749,77,0.5245771408081055,1.0,0.6811284324250078,0.9996307237813885,84.90989685058594,1.0,0.7049519419670105,1.0,0.7049519419670105,1.0,1.6424053228547564e-08,1.1967586033279076e-08,6.382179407182775e-08,1.0,0.5245771408081055,0.25813573598861694,73,0.7359651923179626,1.0,1.0,1.0,0.7418642640113831,1.0,1.1641532182693481e-10,1.0
GCN,320,2177,3,1,4,0.5137318968772888,4.152505397796631,3.638773500919342,0.7499998807907104,0.060897283256053925,0.0,0.6626194715499878,0.11562666296958923,0.38992042440318303,1,0.0,0.05443126308443824,78,0.5166188478469849,1.0,0.6367572468546316,0.9948301329394387,78.83245086669922,0.9996307237813885,0.6553043723106384,1.0,0.6553043723106384,1.0,8.277775798148923e-09,8.346256130664642e-09,1.616445821639445e-08,1.0,0.5166188478469849,0.3111747205257416,73,0.9435946941375732,1.0,1.0,1.0,0.688825249671936,1.0,0.0,1.0
GCN,320,2181,0,1,8,3.832075595855713,8.171124458312988,4.339048862457275,0.6123723983764648,0.027886128053069115,-0.00035360566107556224,0.697131335735321,0.02149634063243866,0.10837438423645321,0,0.0,0.07606420097697139,109,0.44619202613830566,1.0,0.6701297715466727,0.9985228951255539,83.3832778930664,1.0,0.6922907829284668,1.0,0.6922907829284668,1.0,1.2978089714010821e-08,1.0394265004265435e-08,2.3268214022209577e-08,1.0,0.44619202613830566,0.27137142419815063,105,0.32908380031585693,1.0000001192092896,1.0,1.0000001192092896,0.7286285758018494,1.0,4.656612873077393e-10,1.0
GCN,320,2189,0,1,6,1.0182693004608154,5.520071029663086,4.5018017292022705,0.6708203554153442,0.02135578729212284,-0.001134580234065652,0.6965550184249878,0.0301230326294899,0.10837438423645321,0,0.0,0.0732728541521284,105,0.48889461159706116,1.0,0.6713370231962971,0.9988921713441654,83.37681579589844,1.0,0.6924794316291809,1.0,0.6924794316291809,1.0,7.623203401863066e-09,7.421419478959024e-09,1.517343228840673e-08,1.0,0.48889464139938354,0.2711988687515259,102,0.6252294182777405,1.0,1.0,1.0,0.7288011312484741,1.0,2.3283064365386963e-10,1.0
GCN,320,2195,0,1,4,-0.7294920086860657,3.8287928104400635,4.558284819126129,0.7499998807907104,0.03672810643911362,-0.0003529390669427812,0.6215255856513977,0.05381046608090401,0.18226600985221675,0,0.0,0.052337752965806,75,0.48672768473625183,1.0,0.603633140801353,0.9944608567208272,74.38343048095703,0.9992614475627769,0.6176040768623352,0.9996307237813885,0.6176040768623352,0.9996307237813885,4.6566128730773926e-09,3.063205511466549e-08,6.13532620263868e-08,1.0,0.48672765493392944,0.3510296940803528,71,0.6829491853713989,1.0,1.0,1.0,0.6489703059196472,1.0,0.0,1.0
GCN,320,2198,0,1,5,2.4379701614379883,7.618012428283691,5.180042266845703,0.7071066498756409,0.023195473477244377,-0.02964271605014801,0.713402509689331,0.03556094318628311,0.10837438423645321,0,0.0,0.06908583391486392,99,0.5271055698394775,1.0,0.6882782779070868,0.9996307237813885,85.38590240478516,1.0,0.7094895839691162,1.0,0.7094895839691162,1.0,8.893398906195671e-09,6.208332070656297e-09,1.1798431565068768e-08,1.0,0.5271055698394775,0.2545599937438965,97,0.773374080657959,1.0,1.0,1.0,0.7454400062561035,1.0,1.5156362831447723e-09,1.0
GCN,320,2212,3,1,4,-2.7069272994995117,4.60150146484375,7.308428764343262,0.7499998807907104,0.032489582896232605,-0.0004466187674552202,0.652293860912323,0.05175642669200897,0.1724137931034483,0,0.0,0.056524773203070484,81,0.5112836956977844,1.0,0.6307204007821404,0.9948301329394387,78.0335464477539,0.9996307237813885,0.6481156945228577,1.0,0.6481156945228577,1.0,6.485911363540708e-09,7.711581595515327e-09,1.5094389738123937e-08,1.0,0.5112836956977844,0.31828832626342773,77,0.7793357372283936,1.0,1.0,1.0,0.6817116737365723,1.0,2.3283064365386963e-10,1.0
GCN,320,2215,3,1,4,-3.0528430938720703,4.774492263793945,7.827335357666016,0.7499998807907104,0.031249022111296654,-0.000463793461676687,0.6713430881500244,0.0500589944422245,0.15687760515346721,0,0.0,0.055826936496859735,80,0.526362955570221,1.0000001192092896,0.6493217230521907,0.9948301329394387,80.30718231201172,1.0,0.6676769256591797,1.0,0.6676769256591797,1.0,5.490065735358485e-09,5.986464657325996e-08,1.196804646497185e-07,1.0,0.5263630747795105,0.29818251729011536,76,0.8065873384475708,1.0,1.0,1.0,0.701817512512207,1.0,0.0,1.0000001192092896
GCN,320,2218,1,1,2,-1.3502174615859985,5.318304061889648,6.668521523475647,0.8660253286361694,0.10057755559682846,0.0,0.5440669059753418,0.19697073101997375,0.6663508904888216,1,0.0,0.027913468248429867,40,0.4821544289588928,1.0,0.5257540725553902,0.9863367799113737,64.73636627197266,0.9933530280649926,0.5346575975418091,0.9988921713441654,0.5346575975418091,0.9988921713441654,1.0030650976489142e-08,1.0755666579598255e-08,2.229945117449006e-08,1.0,0.4821544289588928,0.4432559609413147,35,0.922748863697052,1.0,1.0,1.0,0.5567440390586853,1.0,0.0,1.0
GCN,320,2224,4,1,8,-2.4664769172668457,2.6082170009613037,5.074693918228149,0.6123723983764648,0.01864817552268505,-0.12247271835803986,0.6798023581504822,0.25581905245780945,0.8056081849185297,1,0.0,0.08932309839497557,128,0.43321874737739563,1.0,0.6583711539844751,0.9955686853766618,81.37567138671875,1.0,0.6758143901824951,1.0,0.6758143901824951,1.0,8.025061504213227e-09,3.080235799757247e-08,6.224947668442837e-08,1.0,0.433218777179718,0.29255664348602295,125,0.4852263331413269,1.0,1.0,1.0,0.707443356513977,1.0,2.5076627441222854e-09,1.0
GCN,320,2228,6,1,6,-1.3611924648284912,3.0322036743164062,4.3933961391448975,0.6708203554153442,0.02134540118277073,0.0,0.7055608630180359,0.028324538841843605,0.10837438423645321,0,0.0,0.0718771807397069,103,0.49525490403175354,1.0,0.6810777192615053,0.9996307237813885,84.47515869140625,1.0,0.7017523050308228,1.0,0.7017523050308228,1.0,4.861646640819117e-09,3.026171313535997e-08,6.05402590281301e-08,1.0,0.4952549338340759,0.2617174983024597,98,0.6280572414398193,1.0,1.0,1.0,0.7382825016975403,1.0,0.0,1.0
GCN,320,2229,3,1,3,-2.74851131439209,4.3619818687438965,7.110493183135986,0.8017836213111877,0.04354128986597061,0.0,0.6025219559669495,0.06926332414150238,0.20954907161803712,0,0.0,0.04815073272854152,69,0.503951907157898,1.0,0.5872714308217901,0.9940915805022157,72.22584533691406,0.9977843426883308,0.5985392928123474,0.9996307237813885,0.5985392928123474,0.9996307237813885,4.4664663079174716e-09,5.122274160385132e-09,1.0164879604701582e-08,1.0,0.5039518475532532,0.37146151065826416,64,0.7684792280197144,1.0,1.0,1.0,0.6285384893417358,1.0,0.0,1.0
GCN,320,2231,0,1,2,-1.965053915977478,5.616800308227539,7.581854224205017,0.8660253286361694,0.04434539005160332,-0.00032821137574501336,0.6237822771072388,0.06930402666330338,0.20954907161803712,0,0.0,0.04256803907885555,61,0.5639152526855469,1.0,0.606885937318155,0.9944608567208272,74.89303588867188,0.9992614475627769,0.6200214624404907,0.9996307237813885,0.6200214624404907,0.9996307237813885,6.160119969678135e-09,6.146905207060627e-09,1.0902533098544609e-08,1.0,0.5639152526855469,0.3488466739654541,57,0.8442549705505371,0.9999999403953552,1.0,0.9999999403953552,0.6511533260345459,1.0,0.0,1.0
GCN,320,2232,0,1,3,2.612638235092163,8.35805892944336,5.745420694351196,0.8017836213111877,0.03898737207055092,-0.0002694112481549382,0.6644518971443176,0.06273855268955231,0.20367563471011746,0,0.0,0.04256803907885555,61,0.5565142035484314,1.0,0.63917372465485,0.9948301329394387,79.5200424194336,1.0,0.6602847576141357,1.0,0.6602847576141357,1.0,6.969380184074225e-09,7.05057923156005e-09,1.2678150973499669e-08,1.0,0.5565142035484314,0.30590471625328064,57,0.8572969436645508,1.0,1.0,1.0,0.694095253944397,1.0,1.1641532182693481e-10,1.0
GCN,320,2235,5,1,3,-4.365396976470947,2.7448582649230957,7.110255241394043,0.8017836213111877,0.04306357726454735,-0.15645255148410797,0.6139841675758362,0.30818259716033936,0.8870784388025768,1,0.0,0.04675505931612003,67,0.506652295589447,1.0000001192092896,0.5872537705652394,0.9940915805022157,73.48064422607422,0.9985228951255539,0.6093563437461853,0.9996307237813885,0.6093563437461853,0.9996307237813885,8.446330745925934e-09,3.097435197219056e-08,6.189169710069109e-08,1.0,0.5066523551940918,0.36809343099594116,64,0.7160329818725586,0.9999999403953552,1.0,0.9999999403953552,0.6319065690040588,1.0,6.51925802230835e-09,1.0000001192092896
GCN,320,2249,4,1,6,-3.821963310241699,2.4741873741149902,6.2961506843566895,0.6708203554153442,0.019440261647105217,0.0,0.7410994172096252,0.029128093272447586,0.10837438423645321,0,0.0,0.0718771807397069,103,0.5203320384025574,1.0,0.7148822711508762,1.0,88.71916961669922,1.0,0.7372403740882874,1.0,0.7372403740882874,1.0,4.586231838743515e-09,3.015404104189656e-08,6.025460663749982e-08,1.0,0.5203320384025574,0.2243346869945526,98,0.7448909282684326,1.0,1.0,1.0,0.775665283203125,1.0,0.0,1.0
GCN,320,2264,4,1,1,0.20402753353118896,6.523438930511475,6.319411396980286,0.9486831426620483,0.07057054340839386,0.0,0.5273034572601318,0.1278984099626541,0.41398256915498294,1,0.0,0.03210048848569435,46,0.5187366008758545,1.0,0.5176035748828502,0.9859675036927622,63.61211395263672,0.9918759231905465,0.5225892663002014,0.9985228951255539,0.5225892663002014,0.9985228951255539,0.0,5.960509952274151e-08,1.1921019904548302e-07,1.0,0.5187365412712097,0.4532034993171692,41,0.9066163301467896,1.0,0.9999999403953552,1.0000001192092896,0.546796441078186,0.9999999403953552,0.0,1.0
GCN,320,2274,0,1,3,-1.0957152843475342,4.246121406555176,5.34183669090271,0.8017836213111877,0.03593374043703079,0.0,0.7020246982574463,0.057608094066381454,0.19552860932171276,0,0.0,0.041172365666434056,59,0.5883733630180359,1.0,0.6764912266003766,0.9992614475627769,83.96700286865234,1.0,0.6976535320281982,1.0,0.6976535320281982,1.0,2.63417798684884e-09,5.96923470652655e-08,5.980519546255891e-08,1.0,0.5883733034133911,0.2661694288253784,54,0.902382493019104,1.0,1.0,1.0,0.7338305711746216,1.0,0.0,1.0
GCN,320,2279,2,1,3,-5.319821834564209,3.617051362991333,8.936873197555542,0.8017836213111877,0.0312647819519043,-0.0010649715550243855,0.669358491897583,0.04723161458969116,0.1330049261083744,0,0.0,0.05722260990928123,82,0.5611526370048523,1.0,0.6467055204687625,0.9948301329394387,80.1015396118164,1.0,0.665375828742981,1.0,0.665375828742981,1.0,5.309355621818668e-09,4.889443516731262e-09,8.729719169764394e-09,1.0,0.5611526370048523,0.30011966824531555,78,0.7846745848655701,1.0,1.0,1.0,0.6998803615570068,1.0,0.0,1.0
GCN,320,2288,5,1,3,-2.2073702812194824,4.272294998168945,6.479665279388428,0.8017836213111877,0.040046680718660355,0.0,0.6324172616004944,0.059780851006507874,0.19969685486926866,0,0.0,0.04396371249127704,63,0.5294591188430786,1.0,0.614168193932562,0.9944608567208272,75.6766586303711,0.9992614475627769,0.6277860999107361,1.0,0.6277860999107361,1.0,4.839293854530524e-09,4.867218628135106e-09,9.219568219975827e-09,1.0,0.5294591188430786,0.3396483361721039,58,0.7569312453269958,1.0,1.0,1.0,0.6603516340255737,1.0,0.0,1.0
GCN,320,2293,0,1,3,-0.2971060276031494,5.219643592834473,5.516749620437622,0.8017836213111877,0.03955579921603203,0.0,0.6671267151832581,0.05547104775905609,0.19060250094732853,0,0.0,0.03977669225401256,57,0.5587338209152222,1.0,0.6443350290949426,0.9948301329394387,79.82756805419922,1.0,0.6630043387413025,1.0,0.6630043387413025,1.0,6.177695244247161e-09,6.2475016271434924e-09,6.065007340794182e-08,1.0,0.5587338209152222,0.30313640832901,52,0.7501043677330017,1.0,1.0,1.0,0.69686359167099,1.0,0.0,1.0
GCN,320,2297,4,1,3,-3.4420108795166016,3.117055654525757,6.559066534042358,0.8017836213111877,0.05695796385407448,0.0,0.5722532868385315,0.05970877408981323,0.19950738916256158,0,0.0,0.03977669225401256,57,0.47687360644340515,1.0,0.5582761328372204,0.9918759231905465,68.6005630493164,0.9970457902511078,0.5669757723808289,0.9988921713441654,0.5669757723808289,0.9988921713441654,1.0454069609977523e-08,3.1514812093291766e-08,6.335959312764317e-08,1.0,0.47687360644340515,0.40523403882980347,52,0.48098236322402954,1.0,1.0,1.0,0.5947659611701965,1.0,0.0,1.0
GCN,320,2299,4,1,2,-2.500105142593384,4.733850479125977,7.23395562171936,0.8660253286361694,0.04767318069934845,0.0,0.6097943782806396,0.07977907359600067,0.22034861690034105,0,0.0,0.04326587578506629,62,0.5508931875228882,1.0,0.5925400351426403,0.9944608567208272,73.31103515625,0.9985228951255539,0.6056258678436279,0.9996307237813885,0.6056258678436279,0.9996307237813885,8.011539875951712e-09,7.53738671477322e-09,6.11662045457706e-08,1.0,0.5508931875228882,0.3638833165168762,57,0.8837489485740662,1.0,1.0,1.0,0.6361166834831238,1.0,0.0,1.0
GCN,320,2302,3,1,2,-2.2890448570251465,6.304441928863525,8.593486785888672,0.8660253286361694,0.03836897388100624,0.0,0.6966637372970581,0.060850102454423904,0.20121258052292534,0,0.0,0.0418702023726448,60,0.6306725740432739,1.0,0.6730237721060828,0.9988921713441654,83.37431335449219,1.0,0.6925084590911865,1.0,0.6925084590911865,1.0,3.725290298461914e-09,5.972276539978338e-08,5.990023765889418e-08,1.0,0.6306726336479187,0.2717618942260742,55,0.9568302631378174,1.0,1.0,1.0,0.7282381057739258,1.0,0.0,1.0
GCN,320,2310,3,1,2,-0.8967241048812866,4.0845232009887695,4.981247305870056,0.8660253286361694,0.05637802183628082,-0.053963202983140945,0.5999303460121155,0.09555041790008545,0.2847669571807503,0,0.0,0.034891835310537335,50,0.5378130078315735,1.0000001192092896,0.5793910726151142,0.9940915805022157,71.9233169555664,0.9977843426883308,0.59490966796875,0.9996307237813885,0.59490966796875,0.9996307237813885,1.0159530106079728e-08,6.035659794179082e-08,1.2051025066739385e-07,1.0,0.537813127040863,0.3789868652820587,46,0.8805503249168396,1.0,1.0,1.0,0.6210131645202637,1.0,2.0954757928848267e-08,1.0000001192092896
GCN,320,2316,3,1,1,-2.866795539855957,3.847870349884033,6.71466588973999,0.9486831426620483,0.08433899283409119,0.0,0.5673407316207886,0.15432630479335785,0.5303145130731337,1,0.0,0.020237264480111653,29,0.5567970275878906,1.0,0.5543682899198028,0.990029542097489,67.86262512207031,0.9966765140324964,0.5613357424736023,0.9988921713441654,0.5613357424736023,0.9988921713441654,1.343172506551582e-08,1.4352644406301351e-08,6.494753534980191e-08,1.0,0.5567970871925354,0.4130842685699463,24,0.9848650693893433,1.0,1.0,1.0,0.5869157314300537,1.0,0.0,1.0
GCN,320,2318,1,1,2,-0.9406396150588989,6.75226354598999,7.692903161048889,0.8660253286361694,0.04087688401341438,0.0,0.643297016620636,0.06312789022922516,0.2046229632436529,0,0.0,0.04326587578506629,62,0.5819693803787231,1.0,0.6233094717327239,0.9944608567208272,77.0782699584961,0.9996307237813885,0.6389715671539307,1.0,0.6389715671539307,1.0,5.665014235489707e-09,5.980802342264724e-08,6.021069509642984e-08,1.0,0.5819693803787231,0.3279995620250702,57,0.8603706955909729,0.9999999403953552,1.0,0.9999999403953552,0.6720004081726074,1.0,0.0,1.0
GCN,320,2320,3,1,2,-0.6936054229736328,6.899906158447266,7.593511581420898,0.8660253286361694,0.0470731146633625,0.0,0.6580640077590942,0.07686232030391693,0.21674876847290642,0,0.0,0.03698534542916958,53,0.5948978066444397,1.0,0.6375697948545934,0.9948301329394387,78.89787292480469,0.9996307237813885,0.6533907651901245,1.0,0.6533907651901245,1.0,4.5625303535246076e-09,5.288895543742456e-09,8.925381322910653e-09,1.0,0.5948978066444397,0.3130711317062378,48,0.9305490255355835,1.0,1.0,1.0,0.6869288682937622,1.0,0.0,1.0
GCN,320,2321,0,1,2,1.2676715850830078,7.3770036697387695,6.109332084655762,0.8660253286361694,0.04849979281425476,-0.0006702980608679354,0.6339133977890015,0.07933320105075836,0.22034861690034105,0,0.0,0.03768318213538032,54,0.5727478265762329,1.0,0.6130632146566128,0.9944608567208272,75.89459991455078,0.9992614475627769,0.6293364763259888,1.0,0.6293364763259888,1.0,3.951266869250958e-09,4.1388878990744615e-09,7.17610149081338e-09,1.0,0.5727478265762329,0.3386476933956146,50,0.8979986310005188,1.0000001192092896,1.0,1.0000001192092896,0.661352276802063,1.0,0.0,1.0
GCN,320,2330,0,1,3,0.9567514061927795,7.076086044311523,6.119334638118744,0.8017836213111877,0.034849561750888824,-0.0009261451195925474,0.649394154548645,0.0555017814040184,0.19060250094732853,0,0.0,0.051639916259595256,74,0.5441189408302307,1.0,0.6272837399940859,0.9948301329394387,77.79513549804688,0.9996307237813885,0.6449722647666931,1.0,0.6449722647666931,1.0,5.26835597369768e-09,5.986147755265847e-08,6.046397516001889e-08,1.0,0.5441188812255859,0.3213644027709961,70,0.8076953887939453,1.0,1.0,1.0,0.6786355972290039,1.0,4.656612873077393e-10,1.0
GCN,320,2331,1,1,2,-1.9980013370513916,5.699085235595703,7.697086572647095,0.8660253286361694,0.055538635700941086,0.0,0.6333096027374268,0.09489947557449341,0.27453580901856767,0,0.0,0.03279832519190509,47,0.5715295672416687,1.0,0.6122004954198673,0.9944608567208272,75.83101654052734,0.9992614475627769,0.6284917593002319,1.0,0.6284917593002319,1.0,4.165001232792065e-09,6.195220336735474e-09,1.0968538965983043e-08,1.0,0.5715296268463135,0.34005439281463623,42,0.9371631741523743,1.0,1.0,1.0,0.6599456071853638,1.0,0.0,1.0
GCN,320,2337,4,1,1,-3.565110683441162,4.532654762268066,8.097765445709229,0.9486831426620483,0.08601745963096619,-0.003940408118069172,0.5438053011894226,0.14521056413650513,0.4838954149298977,1,0.0,0.0209351011863224,30,0.5324554443359375,1.0,0.5287336611646961,0.9870753323485968,64.92542266845703,0.9937223042836041,0.5359842777252197,0.9988921713441654,0.5359842777252197,0.9988921713441654,5.26835597369768e-09,6.523414253223336e-09,1.2269336657766416e-08,1.0,0.5324554443359375,0.43874257802963257,26,0.8395986557006836,1.0,1.0,1.0,0.5612574219703674,1.0,9.313225746154785e-10,1.0
GCN,320,2341,4,1,1,-3.3345837593078613,3.420696258544922,6.755280017852783,0.9486831426620483,0.14220845699310303,0.0,0.49128997325897217,0.2517429292201996,0.8003031451307313,1,0.0,0.015352407536636426,22,0.4649110734462738,1.0,0.48118369091531504,0.9763663220088626,57.902740478515625,0.9793205317577548,0.4789063632488251,0.9981536189069424,0.4789063632488251,0.9981536189069424,0.0,5.703162941905759e-10,1.1406325883811519e-09,1.0,0.4649110734462738,0.5099406242370605,17,0.8250702023506165,1.0,1.0,1.0,0.49005937576293945,1.0,0.0,1.0
GCN,320,2342,0,1,1,1.45346999168396,6.874161243438721,5.420691251754761,0.9486831426620483,0.07826709002256393,-0.0013790845405310392,0.5086487531661987,0.14653648436069489,0.49374763167866614,1,0.0,0.028611304954640614,41,0.49863386154174805,1.0,0.5018076704474418,0.9844903988183161,61.21101379394531,0.9874446085672083,0.5034716725349426,0.9985228951255539,0.5034716725349426,0.9985228951255539,1.580506747700383e-08,1.5890584847966238e-08,3.186730879178867e-08,1.0,0.49863386154174805,0.47439366579055786,38,0.9034531116485596,1.0,1.0,1.0,0.5256063342094421,1.0,0.0,1.0
GCN,320,2346,3,1,3,-2.83705472946167,5.861464977264404,8.698519706726074,0.8017836213111877,0.035053856670856476,0.0,0.6932651996612549,0.053609490394592285,0.18226600985221675,0,0.0,0.04326587578506629,62,0.5810605883598328,1.0,0.6694204383408897,0.9985228951255539,82.97686004638672,1.0,0.689272940158844,1.0,0.689272940158844,1.0,6.035659971814766e-09,6.03821916911329e-08,1.203675594751985e-07,1.0,0.5810606479644775,0.27528995275497437,57,0.8500852584838867,0.9999999403953552,1.0,0.9999999403953552,0.7247100472450256,1.0,0.0,1.0
GCN,320,2347,0,1,3,0.8874948024749756,8.053651809692383,7.166157007217407,0.8017836213111877,0.033701181411743164,0.0,0.7036423087120056,0.04408938065171242,0.11405835543766578,0,0.0,0.0418702023726448,60,0.5898791551589966,1.0,0.6790156496882196,0.9992614475627769,84.2074203491211,1.0,0.6991562843322754,1.0,0.6991562843322754,1.0,6.195220336735474e-09,4.267856290596228e-09,6.004690789040978e-08,1.0,0.5898792147636414,0.26429131627082825,55,0.7380706071853638,0.9999999403953552,1.0,0.9999999403953552,0.7357087135314941,1.0,0.0,1.0
GCN,320,2353,4,1,3,-2.3357086181640625,4.677140712738037,7.0128493309021,0.8017836213111877,0.03555407375097275,-0.0007086742552928627,0.6563786864280701,0.05619491636753082,0.19306555513452064,0,0.0,0.04954640614096301,71,0.5499556064605713,1.0,0.6376149943362579,0.9948301329394387,78.805908203125,0.9996307237813885,0.6525061130523682,1.0,0.6525061130523682,1.0,3.453436425715495e-09,3.453436425715495e-09,6.3561649277232846e-09,1.0,0.5499556064605713,0.3140847682952881,67,0.8318006992340088,1.0,1.0,1.0,0.6859152317047119,1.0,2.3283064365386963e-10,1.0
GCN,320,2359,2,0,11,-7.631377220153809,-3.289729595184326,4.341647624969482,0.5477225184440613,0.024233289062976837,-0.0001664896117290482,0.6834263205528259,0.04684458673000336,0.1328154604016673,0,0.0,0.09979064898813678,143,0.3912603557109833,1.0,0.6602906536093641,0.9955686853766618,81.68030548095703,1.0,0.6789515614509583,1.0,0.6789515614509583,1.0,1.085600143113652e-08,3.421818561832879e-08,7.346594799173545e-08,1.0,0.3912603557109833,0.2856595516204834,139,0.7236013412475586,1.0,1.0,1.0,0.7143404483795166,1.0,1.1641532182693481e-10,1.0
GCN,320,2365,2,0,7,-7.468862533569336,-2.6618902683258057,4.80697226524353,0.6396021246910095,0.03492196649312973,-0.0005242491606622934,0.6672579050064087,0.051263898611068726,0.16331943918150815,0,0.0,0.06769016050244243,97,0.44550880789756775,1.0,0.6454083341508433,0.9948301329394387,79.72721099853516,1.0,0.6619114279747009,1.0,0.6619114279747009,1.0,9.932894506903267e-09,1.003335281524187e-08,2.2479833106103797e-08,1.0,0.44550880789756775,0.3034594655036926,93,0.626493513584137,1.0,1.0,1.0,0.6965405344963074,1.0,2.3283064365386963e-10,1.0
GCN,320,2368,3,1,2,-0.23495948314666748,6.556877136230469,6.791836619377136,0.8660253286361694,0.05734952166676521,0.0,0.6372748017311096,0.09970360994338989,0.31110269041303523,0,0.0,0.03210048848569435,46,0.5749499201774597,1.0,0.6189914367188222,0.9944608567208272,76.36724090576172,0.9992614475627769,0.6321536302566528,1.0,0.6321536302566528,1.0,1.236416213856728e-08,1.242757452502019e-08,6.340649605363069e-08,1.0,0.5749499201774597,0.3361049294471741,41,0.9594854116439819,1.0,1.0,1.0,0.6638950705528259,1.0,0.0,1.0
GCN,320,2383,4,0,10,-5.036724090576172,-0.5310128331184387,4.505711257457733,0.5669466257095337,0.02022654004395008,-0.0004879484185948968,0.6690860390663147,0.02197602018713951,0.10837438423645321,0,0.0,0.09630146545708304,138,0.39675718545913696,1.0,0.6490682269060905,0.9948301329394387,80.07601165771484,1.0,0.6651590466499329,1.0,0.6651590466499329,1.0,1.4555174843167151e-08,3.31479199644491e-08,6.998448753847697e-08,1.0,0.39675718545913696,0.3001859784126282,135,0.4121464788913727,0.9999998807907104,1.0,0.9999998807907104,0.6998140215873718,1.0,1.1641532182693481e-10,1.0
GCN,320,2384,0,1,1,1.0279743671417236,7.593008518218994,6.5650341510772705,0.9486831426620483,0.0686800554394722,-0.00037597198388539255,0.5847883820533752,0.12106055021286011,0.3984463812050019,1,0.0,0.0314026517794836,45,0.5766018629074097,1.0,0.5659790006152354,0.9937223042836041,69.73434448242188,0.9974150664697193,0.5785089731216431,0.9996307237813885,0.5785089731216431,0.9996307237813885,0.0,1.066964072649057e-09,5.963737947922709e-08,1.0,0.5766018033027649,0.3922082185745239,41,0.9778942465782166,1.0000001192092896,1.0,1.0000001192092896,0.6077917814254761,1.0,2.3283064365386963e-10,1.0
GCN,320,2389,2,1,2,-3.6788668632507324,4.751333713531494,8.430200576782227,0.8660253286361694,0.04658159986138344,-0.001549370470456779,0.6712676286697388,0.07440014183521271,0.21314892004547176,0,0.0,0.03210048848569435,46,0.6068811416625977,1.0000001192092896,0.6502204878686629,0.9948301329394387,80.4622573852539,1.0,0.6665632128715515,1.0,0.6665632128715515,1.0,3.4846900920371127e-09,3.5463707526162125e-09,5.989505780235049e-08,1.0,0.6068812012672424,0.29923391342163086,42,0.9069632887840271,1.0,1.0,1.0,0.7007660865783691,1.0,9.313225746154785e-10,1.0000001192092896
GCN,320,2392,2,1,3,-3.863344430923462,4.075589179992676,7.938933610916138,0.8017836213111877,0.03611104562878609,-0.0012092475080862641,0.6653465628623962,0.05572698265314102,0.19268662372110648,0,0.0,0.04326587578506629,62,0.5574454665184021,1.0,0.6452306478466389,0.9948301329394387,79.73237609863281,1.0,0.6611539125442505,1.0,0.6611539125442505,1.0,3.4218976541211532e-09,5.969552319129434e-08,5.99010903101771e-08,1.0,0.5574454665184021,0.30474328994750977,58,0.7984821796417236,1.0,1.0,1.0,0.6952567100524902,1.0,9.313225746154785e-10,1.0
GCN,320,2411,3,1,1,-2.293004035949707,5.452000617980957,7.745004653930664,0.9486831426620483,0.0862840935587883,0.0,0.4766210913658142,0.16812241077423096,0.5744600227358848,1,0.0,0.027913468248429867,40,0.46491098403930664,1.0,0.4689189606379902,0.9675036927621861,57.411048889160156,0.9778434268833087,0.46978992223739624,0.9981536189069424,0.46978992223739624,0.9981536189069424,1.3170890156288806e-08,1.3216087779710506e-08,2.8413989383579974e-08,1.0,0.46491095423698425,0.5099407434463501,35,0.8810270428657532,1.0,1.0,1.0,0.4900592565536499,1.0,0.0,1.0
GCN,320,2425,3,1,5,0.7597045302391052,5.873366832733154,5.113662302494049,0.7071066498756409,0.03545233607292175,0.0,0.6333600282669067,0.039596911519765854,0.10837438423645321,0,0.0,0.055826936496859735,80,0.4676283001899719,1.0,0.6140728112439754,0.9944608567208272,75.85396575927734,0.9992614475627769,0.6291255950927734,1.0,0.6291255950927734,1.0,8.548404650809971e-09,7.943586233238875e-09,1.6986966500098788e-08,1.0,0.4676283001899719,0.3386736214160919,75,0.5002095699310303,1.0,1.0,1.0,0.6613264083862305,1.0,0.0,1.0
GCN,320,2427,3,1,3,-1.4477972984313965,5.148249626159668,6.5960469245910645,0.8017836213111877,0.05776606500148773,-0.0024739415384829044,0.5837082266807556,0.06631530821323395,0.2074649488442592,0,0.0,0.04884856943475227,70,0.4863130748271942,1.0,0.5636335184075817,0.9937223042836041,69.65459442138672,0.9974150664697193,0.5772461891174316,0.9996307237813885,0.5772461891174316,0.9996307237813885,1.8392146472479e-08,6.282891007458602e-08,1.260150668258575e-07,1.0,0.4863131046295166,0.3934609293937683,67,0.49467942118644714,1.0,1.0,1.0,0.6065390706062317,1.0,9.599853134645286e-10,1.0
GCN,320,2428,5,1,1,-1.378342866897583,4.664645671844482,6.042988538742065,0.9486831426620483,0.15541410446166992,-0.000944672035984695,0.5472789406776428,0.29459744691848755,0.8711633194391815,1,0.0,0.020237264480111653,29,0.5187366604804993,1.0,0.5215651203178835,0.9863367799113737,63.30452346801758,0.9911373707533235,0.5264663696289062,0.9985228951255539,0.5264663696289062,0.9985228951255539,1.2904783908140871e-08,3.2494682500328054e-08,6.462312995836328e-08,1.0,0.5187366008758545,0.4532034993171692,25,0.984166145324707,1.0,1.0,1.0,0.5467965006828308,1.0,4.656612873077393e-10,1.0
GCN,320,2431,4,1,1,-2.6950905323028564,3.5200819969177246,6.215172529220581,0.9486831426620483,0.11249000579118729,0.0,0.4826546311378479,0.23212018609046936,0.7567260325881016,1,0.0,0.021632937892533146,31,0.46491098403930664,1.0,0.4763839731234667,0.973781388478582,59.075279235839844,0.982274741506647,0.4725964069366455,0.9981536189069424,0.4725964069366455,0.9981536189069424,0.0,1.0920725435070722e-09,2.1841450870141443e-09,1.0,0.46491095423698425,0.5099407434463501,26,0.9448363780975342,1.0,1.0,1.0,0.4900592565536499,1.0,0.0,1.0
GCN,320,2433,2,1,1,0.04967796802520752,6.018348217010498,5.9686702489852905,0.9486831426620483,0.08693026006221771,0.0,0.4767516255378723,0.16698163747787476,0.5702917771883289,1,0.0,0.02721563154221912,39,0.4649110734462738,1.0,0.46789944092500485,0.9675036927621861,57.3177375793457,0.9774741506646972,0.4699570834636688,0.9981536189069424,0.4699570834636688,0.9981536189069424,1.4901161193847656e-08,1.4912071577555253e-08,3.207192733611919e-08,1.0,0.4649110734462738,0.5099406242370605,34,0.868782639503479,0.9999999403953552,1.0,0.9999999403953552,0.49005937576293945,1.0,0.0,1.0
GCN,320,2435,4,1,2,-2.1922099590301514,5.361907005310059,7.55411696434021,0.8660253286361694,0.047886963933706284,0.0,0.6067605018615723,0.07417163252830505,0.21314892004547176,0,0.0,0.039078855547801813,56,0.548109233379364,1.0,0.5900027332404237,0.9944608567208272,72.81177520751953,0.9977843426883308,0.6027976870536804,0.9996307237813885,0.6027976870536804,0.9996307237813885,4.748831994305647e-09,5.994790086560897e-08,6.071742575386452e-08,1.0,0.5481092929840088,0.3670978844165802,51,0.8138951063156128,1.0,1.0,1.0,0.6329021453857422,1.0,0.0,1.0
GCN,320,2438,3,1,2,-2.803518772125244,5.888843536376953,8.692362308502197,0.8660253286361694,0.06340334564447403,-0.0025497202295809984,0.5893069505691528,0.10589141398668289,0.3560060629026146,1,0.0,0.02721563154221912,39,0.5302566289901733,1.0,0.5740758757053097,0.9937223042836041,70.76789093017578,0.9974150664697193,0.5840027332305908,0.9996307237813885,0.5840027332305908,0.9996307237813885,7.450580596923828e-09,6.013524966874684e-08,6.149986830905618e-08,1.0,0.5302566885948181,0.3877122402191162,35,0.8523554801940918,1.0,1.0,1.0,0.6122877597808838,1.0,9.313225746154785e-10,1.0
GCN,320,2445,2,1,4,-4.601947784423828,3.6001789569854736,8.202126741409302,0.7499998807907104,0.026136137545108795,0.0,0.69218510389328,0.03511735796928406,0.10837438423645321,0,0.0,0.06071179344033496,87,0.5430784225463867,1.0,0.6697369645613337,0.9985228951255539,82.9921875,1.0,0.6885137557983398,1.0,0.6885137557983398,1.0,5.8161075955354136e-09,5.908579403524072e-09,6.059492108079212e-08,1.0,0.5430784225463867,0.27589529752731323,82,0.697531521320343,1.0,1.0,1.0,0.7241047024726868,1.0,0.0,1.0
GCN,320,2446,2,0,8,-6.506480693817139,-0.44092702865600586,6.065553665161133,0.6123723983764648,0.021225394681096077,-0.05232735350728035,0.6683096885681152,0.22412146627902985,0.7444107616521409,1,0.0,0.09141660851360782,131,0.426931768655777,1.0,0.6473631173601344,0.9948301329394387,79.95917510986328,1.0,0.6641222238540649,1.0,0.6641222238540649,1.0,9.577238557767487e-09,3.174789142690315e-08,1.2193301301977044e-07,1.0,0.42693179845809937,0.3028232455253601,127,0.4822635054588318,0.9999998807907104,1.0,0.9999998807907104,0.6971767544746399,1.0,1.1292286217212677e-08,1.0
GCN,320,2448,2,1,5,-6.017510414123535,1.105098009109497,7.122608423233032,0.7071066498756409,0.027096306905150414,-0.036848895251750946,0.6823652386665344,0.038842786103487015,0.10837438423645321,0,0.0,0.06908583391486392,99,0.5035539865493774,1.0,0.6589682458917333,0.9955686853766618,81.64381408691406,1.0,0.6781857013702393,1.0,0.6781857013702393,1.0,7.288752268408416e-09,6.004683683613621e-08,1.2008139549379848e-07,1.0,0.5035539269447327,0.28786706924438477,95,0.691675066947937,1.0000001192092896,1.0,1.0000001192092896,0.7121329307556152,1.0,1.955777406692505e-08,1.0
GCN,320,2456,5,1,2,-1.4944533109664917,5.149254322052002,6.643707633018494,0.8660253286361694,0.046375006437301636,-0.059702783823013306,0.6067613363265991,0.07948766648769379,0.22034861690034105,0,0.0,0.04326587578506629,62,0.545360267162323,1.0,0.5893077056670325,0.9944608567208272,72.59834289550781,0.9977843426883308,0.6019104719161987,0.9996307237813885,0.6019104719161987,0.9996307237813885,5.509778855383729e-09,7.864714213212665e-09,1.4446285945268755e-08,1.0,0.545360267162323,0.37027212977409363,60,0.8437040448188782,1.0000001192092896,1.0,1.0000001192092896,0.629727840423584,1.0,1.839951480064883e-08,1.0
GCN,320,2459,3,1,2,-5.997047424316406,0.6564462184906006,6.653493642807007,0.8660253286361694,0.08521057665348053,0.0,0.6009941101074219,0.13058128952980042,0.4213717317165593,1,0.0,0.01465457083042568,21,0.5378130078315735,1.0000001192092896,0.585393373245433,0.9940915805022157,72.0910415649414,0.9977843426883308,0.5942957401275635,0.9996307237813885,0.5942957401275635,0.9996307237813885,0.0,2.3283064365386963e-10,5.960646376479417e-08,1.0,0.5378130674362183,0.3789868950843811,16,0.7976057529449463,1.0,1.0,1.0,0.6210131049156189,1.0,0.0,1.0000001192092896
GCN,320,2461,6,1,1,-3.3926312923431396,0.8886861801147461,4.281317472457886,0.9486831426620483,0.08985865861177444,0.0,0.4773544371128082,0.1799820214509964,0.6083743842364532,1,0.0,0.026517794836008374,38,0.46491098403930664,1.0,0.46883161152244246,0.9675036927621861,57.46238327026367,0.9782127031019202,0.46892300248146057,0.9981536189069424,0.46892300248146057,0.9981536189069424,6.71586253275791e-09,6.804074637045687e-09,1.4609669030107852e-08,1.0,0.46491095423698425,0.5099407434463501,33,0.9070502519607544,1.0,1.0,1.0,0.4900592565536499,1.0,0.0,1.0
GCN,320,2467,6,1,2,-0.7797831296920776,4.887155532836914,5.666938662528992,0.8660253286361694,0.05142149329185486,-0.003356774104759097,0.5663710236549377,0.08894361555576324,0.24156877605153468,0,0.0,0.04256803907885555,61,0.510749876499176,1.0,0.5547303733912365,0.9911373707533235,68.07324981689453,0.9966765140324964,0.5623791813850403,0.9988921713441654,0.5623791813850403,0.9988921713441654,8.33000246558413e-09,3.088935329742526e-08,6.169092614527472e-08,1.0,0.5107499361038208,0.4102367162704468,57,0.8002895712852478,1.0,1.0,1.0,0.5897632837295532,1.0,0.0,1.0
GCN,320,2474,4,1,2,-4.802733421325684,2.035381317138672,6.8381147384643555,0.8660253286361694,0.07218801975250244,0.0,0.6074058413505554,0.12889625132083893,0.4160666919287609,1,0.0,0.03210048848569435,46,0.5457720756530762,0.9999999403953552,0.5905066800559278,0.9944608567208272,72.59158325195312,0.9977843426883308,0.6018744111061096,0.9996307237813885,0.6018744111061096,0.9996307237813885,9.543216883400873e-09,6.050775169796907e-08,6.258974849515653e-08,1.0,0.5457720756530762,0.36979663372039795,41,0.9392575621604919,1.0,1.0,1.0,0.630203366279602,1.0,0.0,0.9999999403953552
GCN,320,2479,6,1,1,-2.84101939201355,2.074706554412842,4.915725946426392,0.9486831426620483,0.09083700180053711,0.0,0.4775601923465729,0.1769973188638687,0.5987116331943918,1,0.0,0.025819958129797628,37,0.4649110734462738,1.0,0.4660170997155031,0.9667651403249631,58.13424301147461,0.9800590841949779,0.4721941649913788,0.9981536189069424,0.4721941649913788,0.9981536189069424,0.0,5.703162941905759e-10,1.1406325883811519e-09,1.0,0.4649110734462738,0.5099406242370605,32,0.8827813267707825,1.0,1.0,1.0,0.49005937576293945,1.0,0.0,1.0
GCN,320,2483,4,1,2,-2.6846017837524414,3.7109994888305664,6.395601272583008,0.8660253286361694,0.10451503098011017,0.0,0.5968827605247498,0.18808293342590332,0.6347101174687382,1,0.0,0.020237264480111653,29,0.5302566289901733,1.0,0.5789301137600242,0.9940915805022157,71.38794708251953,0.9974150664697193,0.5892415046691895,0.9996307237813885,0.5892415046691895,0.9996307237813885,1.825012141409843e-08,6.053775791770022e-08,6.286418852141651e-08,1.0,0.5302566885948181,0.3877122700214386,24,0.9302297830581665,1.0,1.0,1.0,0.6122877597808838,1.0,0.0,1.0
GCN,320,2489,3,1,1,-3.503946304321289,3.815549850463867,7.319496154785156,0.9486831426620483,0.11761264503002167,0.0,0.5499907732009888,0.21533726155757904,0.7190223569533915,1,0.0,0.013258897418004187,19,0.5324553847312927,1.0,0.5380184456648258,0.9889217134416544,65.68217468261719,0.9940915805022157,0.5410381555557251,0.9988921713441654,0.5410381555557251,0.9988921713441654,0.0,7.526590017903345e-09,1.415465078480338e-08,1.0,0.5324553847312927,0.43874260783195496,14,0.9553043842315674,0.9999999403953552,1.0,0.9999999403953552,0.5612573623657227,1.0,0.0,1.0
GCN,320,2490,4,1,2,-2.370614528656006,5.411617279052734,7.78223180770874,0.8660253286361694,0.045974187552928925,0.0,0.6262039542198181,0.0744134709239006,0.21314892004547176,0,0.0,0.040474528960223306,58,0.5659921169281006,1.0,0.6060021050939098,0.9944608567208272,75.19183349609375,0.9992614475627769,0.6213483214378357,0.9996307237813885,0.6213483214378357,0.9996307237813885,8.586369837360053e-09,6.014966658085541e-08,6.129150165179453e-08,1.0,0.5659921169281006,0.34644851088523865,53,0.8777763843536377,0.9999999403953552,1.0,0.9999999403953552,0.653551459312439,1.0,0.0,1.0
GCN,320,2496,4,1,1,-0.820532500743866,5.866253852844238,6.686786353588104,0.9486831426620483,0.0761379599571228,-0.001505980733782053,0.5520133972167969,0.13917750120162964,0.45187571049640013,1,0.0,0.030006978367062107,43,0.5425822734832764,1.0,0.5403525354964966,0.9889217134416544,66.34904479980469,0.9944608567208272,0.5460986495018005,0.9988921713441654,0.5460986495018005,0.9988921713441654,1.393876036814845e-08,6.132867014230214e-08,6.529323570703127e-08,1.0,0.5425823330879211,0.4280679225921631,39,0.9572792053222656,1.0,1.0,1.0,0.5719320774078369,1.0,4.656612873077393e-10,1.0
GCN,320,2505,1,1,1,-3.4600415229797363,3.6749491691589355,7.134990692138672,0.9486831426620483,0.0778270959854126,0.0,0.5420796275138855,0.14180530607700348,0.46703296703296704,1,0.0,0.026517794836008374,38,0.5324554443359375,1.0,0.52369564011008,0.9863367799113737,64.71586608886719,0.9929837518463811,0.534428060054779,0.9988921713441654,0.534428060054779,0.9988921713441654,1.0370769132350688e-08,1.020478368474187e-08,1.916618508346346e-08,1.0,0.5324554443359375,0.43874257802963257,33,0.9370137453079224,1.0,1.0,1.0,0.5612574219703674,1.0,0.0,1.0
GCN,320,2508,3,1,3,-4.001359462738037,4.253122329711914,8.254481792449951,0.8017836213111877,0.05790316313505173,0.0,0.6922942399978638,0.09834731370210648,0.3090185676392573,0,0.0,0.0314026517794836,45,0.5782320499420166,1.0,0.6669736220092448,0.9977843426883308,82.86652374267578,1.0,0.6875483989715576,1.0,0.6875483989715576,1.0,1.862645149230957e-09,3.725290298461914e-09,5.995181595608301e-08,1.0,0.5782320499420166,0.2788178324699402,40,0.9427751302719116,1.0,1.0,1.0,0.7211821675300598,1.0,0.0,1.0
GCN,320,2509,3,1,5,-6.070313453674316,1.3228249549865723,7.393138408660889,0.7071066498756409,0.02911454439163208,0.0,0.6682101488113403,0.04022594541311264,0.10837438423645321,0,0.0,0.06489881367759945,93,0.4939717650413513,1.0,0.6464047109148948,0.9948301329394387,79.9560546875,1.0,0.6638869047164917,1.0,0.6638869047164917,1.0,8.446330745925934e-09,6.62647625659929e-09,1.3414289234958687e-08,1.0,0.4939717650413513,0.3014183044433594,88,0.6528211832046509,1.0,1.0,1.0,0.6985816955566406,1.0,0.0,1.0
GCN,320,2514,2,1,2,-3.532335042953491,5.139227867126465,8.671562910079956,0.8660253286361694,0.05017181858420372,-0.0003455574333202094,0.6436863541603088,0.08361987769603729,0.22679045092838196,0,0.0,0.03628750872295883,52,0.5815075635910034,1.0,0.6244737078184441,0.9948301329394387,77.02803802490234,0.9996307237813885,0.6390578746795654,1.0,0.6390578746795654,1.0,6.7801306791182014e-09,6.28642737865448e-09,6.052520262755934e-08,1.0,0.5815075635910034,0.328532874584198,48,0.9290830492973328,1.0000001192092896,1.0,1.0000001192092896,0.671467125415802,1.0,0.0,1.0
GCN,320,2523,2,1,2,-3.2756309509277344,5.219926357269287,8.495557308197021,0.8660253286361694,0.05218149349093437,0.0,0.6630628108978271,0.06672336161136627,0.20765441455096628,0,0.0,0.030006978367062107,43,0.5989834666252136,1.0,0.6431316090680732,0.9948301329394387,79.46145629882812,1.0,0.65810227394104,1.0,0.65810227394104,1.0,2.63417798684884e-09,5.970823480083709e-08,1.1932699806038727e-07,1.0,0.5989835262298584,0.30835336446762085,38,0.7342545986175537,1.0,1.0,1.0,0.6916466355323792,1.0,0.0,1.0
GCN,320,2533,0,1,1,-2.5517826080322266,6.562172889709473,9.1139554977417,0.9486831426620483,0.0822051614522934,-0.0037159682251513004,0.5294905304908752,0.15313878655433655,0.5200833649109511,1,0.0,0.024424284717376135,35,0.5187366604804993,1.0,0.520538443689311,0.9863367799113737,63.1314582824707,0.9911373707533235,0.5241381525993347,0.9985228951255539,0.5241381525993347,0.9985228951255539,1.3687590616484613e-08,1.4968312811447504e-08,2.8832554122004694e-08,1.0,0.5187366604804993,0.4532034397125244,32,0.9259238243103027,1.0,1.0,1.0,0.5467965602874756,1.0,0.0,1.0
GCN,320,2540,3,0,1,-7.863780498504639,-2.5342471599578857,5.329533338546753,0.9486831426620483,0.13973881304264069,0.0,0.5557129383087158,0.25674402713775635,0.8090185676392573,1,0.0,0.011165387299371946,16,0.5324555039405823,1.0,0.539695313026584,0.9889217134416544,65.27391815185547,0.9940915805022157,0.5426059365272522,0.9988921713441654,0.5426059365272522,0.9988921713441654,1.4901161193847656e-08,1.4904799172654748e-08,6.584931355746448e-08,1.0,0.5324555039405823,0.4387425184249878,11,0.9686235785484314,1.0,1.0,1.0,0.5612574815750122,1.0,0.0,1.0
GCN,320,2543,3,1,3,-5.018199920654297,4.231949806213379,9.250149726867676,0.8017836213111877,0.03918425366282463,0.0,0.6532754898071289,0.05114690959453583,0.16331943918150815,0,0.0,0.04675505931612003,67,0.54709792137146,1.0000001192092896,0.6332800750759171,0.9948301329394387,78.16094207763672,0.9996307237813885,0.6490479707717896,1.0,0.6490479707717896,1.0,5.890201215663637e-09,6.02217253842241e-09,6.061213042585223e-08,1.0,0.54709792137146,0.3176489472389221,62,0.6836932897567749,1.0,1.0,1.0,0.6823510527610779,1.0,0.0,1.0000001192092896
GCN,320,2549,4,1,1,-3.3020482063293457,3.5839405059814453,6.885988712310791,0.9486831426620483,0.07610095292329788,0.0,0.541807234287262,0.13969966769218445,0.4571807502841986,1,0.0,0.028611304954640614,41,0.5324554443359375,1.0,0.5321144475878531,0.9870753323485968,65.405029296875,0.9940915805022157,0.5371533036231995,0.9988921713441654,0.5371533036231995,0.9988921713441654,5.890201215663637e-09,5.592784013686014e-09,1.0504979996994734e-08,1.0,0.5324554443359375,0.43874257802963257,36,0.94356369972229,1.0,1.0,1.0,0.5612574219703674,1.0,0.0,1.0
GCN,320,2552,3,1,1,-3.0948257446289062,5.993082046508789,9.087907791137695,0.9486831426620483,0.15586954355239868,-0.02835136651992798,0.5746540427207947,0.2832554578781128,0.8529746115953013,1,0.0,0.0209351011863224,30,0.5425821542739868,1.0,0.5512836410568348,0.990029542097489,68.05379486083984,0.9966765140324964,0.5580906271934509,0.9988921713441654,0.5580906271934509,0.9988921713441654,1.053671194739536e-08,6.053775791770022e-08,1.2079863154212944e-07,1.0,0.5425822138786316,0.42806804180145264,26,0.9907057881355286,0.9999999403953552,1.0,0.9999999403953552,0.5719319581985474,1.0,4.656612873077393e-10,1.0
GCN,320,2557,2,1,1,-4.737483024597168,3.0720407962799072,7.809523820877075,0.9486831426620483,0.08323174715042114,0.0,0.5671590566635132,0.151345357298851,0.5178097764304661,1,0.0,0.02721563154221912,39,0.5567970275878906,1.0,0.5529692996438155,0.990029542097489,67.82640838623047,0.9966765140324964,0.5614379048347473,0.9988921713441654,0.5614379048347473,0.9988921713441654,7.679882507716229e-09,5.999264374167979e-08,1.1983694037098758e-07,1.0,0.5567971467971802,0.4130842089653015,34,0.9783767461776733,0.9999998807907104,1.0,0.9999998807907104,0.5869157910346985,1.0,0.0,1.0
GCN,320,2561,2,1,1,-1.4467780590057373,7.291008472442627,8.737786531448364,0.9486831426620483,0.15477439761161804,-0.0008347472758032382,0.5470596551895142,0.29403266310691833,0.8704054566123531,1,0.0,0.022330774598743892,32,0.5187366008758545,1.0,0.5360419469101974,0.9889217134416544,65.3662109375,0.9940915805022157,0.5292856693267822,0.9988921713441654,0.5292856693267822,0.9988921713441654,1.3366993734109656e-08,6.107134709054662e-08,1.219380152406302e-07,1.0,0.5187365412712097,0.4532035291194916,28,0.9859440326690674,0.9999999403953552,1.0,0.9999999403953552,0.546796441078186,1.0,4.656612873077393e-10,1.0
GCN,320,2562,0,1,2,-0.5483860969543457,4.6019487380981445,5.15033483505249,0.8660253286361694,0.08063244819641113,0.0,0.5158107876777649,0.12737369537353516,0.41227737779461915,1,0.0,0.02372644801116539,34,0.4602123498916626,1.0,0.5042016398172068,0.9844903988183161,61.548492431640625,0.9881831610044313,0.5079606771469116,0.9985228951255539,0.5079606771469116,0.9985228951255539,6.71586253275791e-09,3.055053809930541e-08,6.136681207635775e-08,1.0,0.4602123200893402,0.46859249472618103,29,0.7056525945663452,0.9999998807907104,1.0,0.9999998807907104,0.5314074754714966,1.0,0.0,1.0
GCN,320,2566,3,1,2,-1.814955234527588,6.612024784088135,8.426980018615723,0.8660253286361694,0.06715395301580429,0.0,0.5896756649017334,0.10267305374145508,0.3378173550587344,1,0.0,0.026517794836008374,38,0.5302566289901733,1.0,0.5747024678557142,0.9937223042836041,70.52323150634766,0.9974150664697193,0.5843978524208069,0.9996307237813885,0.5843978524208069,0.9996307237813885,8.33000246558413e-09,6.007752517689369e-08,6.127379492681939e-08,1.0,0.5302566885948181,0.3877122402191162,33,0.7807800769805908,1.0,1.0,1.0,0.6122877597808838,1.0,0.0,1.0
GCN,320,2568,3,1,1,-5.31839656829834,2.872326612472534,8.190723180770874,0.9486831426620483,0.07965358346700668,0.0,0.5287392139434814,0.147396057844162,0.4971580143993937,1,0.0,0.027913468248429867,40,0.5187366604804993,1.0,0.5198224047769461,0.9863367799113737,63.70591735839844,0.9918759231905465,0.5229501724243164,0.9985228951255539,0.5229501724243164,0.9985228951255539,1.5017125321037383e-08,1.3946536370212925e-08,2.6886722181984624e-08,1.0,0.5187366604804993,0.4532034397125244,35,0.9282035231590271,1.0,1.0,1.0,0.5467965602874756,1.0,0.0,1.0
GCN,320,2578,0,1,2,-1.4671521186828613,5.725386142730713,7.192538261413574,0.8660253286361694,0.049117445945739746,-0.14747294783592224,0.6151627898216248,0.2844793200492859,0.8529746115953013,1,0.0,0.040474528960223306,58,0.548109233379364,1.0,0.5906970187082093,0.9944608567208272,73.6642837524414,0.9985228951255539,0.6107965707778931,0.9996307237813885,0.6107965707778931,0.9996307237813885,4.368290174028289e-09,5.976676931140901e-08,6.012010800304779e-08,1.0,0.5481092929840088,0.3670978546142578,54,0.8650009632110596,1.0000001192092896,1.0,1.0000001192092896,0.6329021453857422,1.0,2.3283064365386963e-08,1.0
GCN,320,2582,3,1,3,-6.788773059844971,1.715490698814392,8.504263758659363,0.8017836213111877,0.044431619346141815,-0.0017951995832845569,0.6082214117050171,0.06345474720001221,0.2046229632436529,0,0.0,0.0418702023726448,60,0.5085898041725159,1.0,0.594631093447668,0.9944608567208272,72.69209289550781,0.9977843426883308,0.6039556860923767,0.9996307237813885,0.6039556860923767,0.9996307237813885,4.059541147682921e-09,3.0096455105876885e-08,6.017650377998507e-08,1.0,0.5085898041725159,0.36567699909210205,56,0.6748967170715332,0.9999999403953552,1.0,0.9999999403953552,0.634323000907898,1.0,0.0,1.0
GCN,320,2586,5,1,1,-2.3627219200134277,4.389726638793945,6.752448558807373,0.9486831426620483,0.12263746559619904,0.0,0.4853931665420532,0.18144026398658752,0.6085638499431603,1,0.0,0.020237264480111653,29,0.46491098403930664,1.0,0.48183785736975643,0.9763663220088626,58.016719818115234,0.9796898079763663,0.47595348954200745,0.9981536189069424,0.47595348954200745,0.9981536189069424,1.053671194739536e-08,1.0593154797788884e-08,2.2768936958073027e-08,1.0,0.46491095423698425,0.5099407434463501,24,0.6812794208526611,0.9999999403953552,1.0,0.9999999403953552,0.4900592565536499,1.0,0.0,1.0
GCN,320,2592,5,1,2,-3.493584632873535,3.659921169281006,7.153505802154541,0.8660253286361694,0.05470056086778641,-0.0021996062714606524,0.6287845373153687,0.09251613914966583,0.2624100037893141,0,0.0,0.03210048848569435,46,0.5673667788505554,1.0,0.6116166576484702,0.9944608567208272,75.7269515991211,0.9992614475627769,0.6244142055511475,1.0,0.6244142055511475,1.0,9.029507808122617e-09,9.23137566388732e-09,1.6323429719022897e-08,1.0,0.5673667788505554,0.34486132860183716,42,0.9032821655273438,1.0000001192092896,1.0000001192092896,1.0,0.6551387906074524,1.0000001192092896,0.0,1.0
GCN,320,2598,1,1,1,-1.7692651748657227,5.9029388427734375,7.67220401763916,0.9486831426620483,0.08357597142457962,0.0,0.5294113755226135,0.15337257087230682,0.5200833649109511,1,0.0,0.02512212142358688,36,0.5187366604804993,1.0,0.5136594009335261,0.9844903988183161,63.810062408447266,0.9918759231905465,0.5233514904975891,0.9985228951255539,0.5233514904975891,0.9985228951255539,8.119082295365843e-09,3.090777411784984e-08,6.166231969473301e-08,1.0,0.5187366008758545,0.4532034993171692,31,0.92168128490448,1.0,1.0,1.0,0.5467965006828308,1.0,0.0,1.0
GCN,320,2599,3,1,3,-4.2125444412231445,4.16488790512085,8.377432346343994,0.8017836213111877,0.04320725053548813,0.0,0.6457496285438538,0.06328215450048447,0.2046229632436529,0,0.0,0.03977669225401256,57,0.5404232740402222,1.0,0.6261044756906213,0.9948301329394387,77.42794036865234,0.9996307237813885,0.6418517827987671,1.0,0.6418517827987671,1.0,6.035659971814766e-09,5.991940810190499e-08,6.068127333946904e-08,1.0,0.5404232144355774,0.325973778963089,52,0.7583084106445312,1.0,1.0,1.0,0.6740262508392334,1.0,0.0,1.0
GCN,320,2603,3,1,1,-2.287294626235962,5.130433082580566,7.417727708816528,0.9486831426620483,0.07365676015615463,-0.0008458355441689491,0.47432592511177063,0.13902193307876587,0.45187571049640013,1,0.0,0.034891835310537335,50,0.46491098403930664,1.0,0.4690101537398371,0.9675036927621861,57.48313522338867,0.9782127031019202,0.46950918436050415,0.9981536189069424,0.46950918436050415,0.9981536189069424,6.4523919540704355e-09,6.642817851343352e-09,1.423358320096213e-08,1.0,0.46491095423698425,0.5099407434463501,46,0.8493149280548096,1.0,1.0,1.0,0.4900592565536499,1.0,9.313225746154785e-10,1.0
GCN,320,2604,6,1,3,-0.6393579244613647,3.915642738342285,4.55500066280365,0.8017836213111877,0.043947141617536545,0.0,0.6069502234458923,0.07035353034734726,0.21049640015157256,0,0.0,0.04256803907885555,61,0.5076475739479065,1.0,0.5913218489656699,0.9944608567208272,73.0046615600586,0.9981536189069424,0.6029490828514099,0.9996307237813885,0.6029490828514099,0.9996307237813885,8.277775798148923e-09,6.71586253275791e-09,1.3233300677484294e-08,1.0,0.5076475739479065,0.36685216426849365,56,0.779050350189209,1.0,1.0,1.0,0.6331478357315063,1.0,0.0,1.0
GCN,320,2614,2,1,5,-5.784144401550293,0.7639303207397461,6.548074722290039,0.7071066498756409,0.04686826467514038,0.0,0.6154376268386841,0.050595298409461975,0.16331943918150815,0,0.0,0.04675505931612003,67,0.45317479968070984,1.0,0.5998709539875958,0.9944608567208272,73.47232055664062,0.9985228951255539,0.6100993156433105,0.9996307237813885,0.6100993156433105,0.9996307237813885,1.4367745215793093e-08,1.4959255167923402e-08,3.300990059074138e-08,1.0,0.45317479968070984,0.3591139316558838,62,0.469786137342453,0.9999999403953552,1.0,0.9999999403953552,0.6408860683441162,1.0,0.0,1.0
GCN,320,2618,2,1,1,-2.406759262084961,4.9517974853515625,7.358556747436523,0.9486831426620483,0.16227637231349945,0.0,0.4981517195701599,0.3295530080795288,0.9088669950738916,1,0.0,0.01674808094905792,24,0.4649110436439514,1.0,0.4807189817028161,0.9763663220088626,57.47618103027344,0.9782127031019202,0.47282952070236206,0.9981536189069424,0.47282952070236206,0.9981536189069424,1.4784287571956156e-08,3.3270350030534246e-08,6.756037151944838e-08,1.0,0.46491101384162903,0.5099406838417053,19,0.9597383737564087,1.0,1.0,1.0,0.4900593161582947,1.0,0.0,1.0
GCN,320,2631,4,1,1,-4.5770063400268555,2.150287628173828,6.727293968200684,0.9486831426620483,0.10608096420764923,0.0,0.48103955388069153,0.1756933033466339,0.5962485790071997,1,0.0,0.018143754361479414,26,0.4649110436439514,1.0,0.47526061349803733,0.9726735598227474,59.67184066772461,0.982274741506647,0.473315566778183,0.9981536189069424,0.473315566778183,0.9981536189069424,0.0,2.980505087180063e-08,5.960828275419772e-08,1.0,0.46491101384162903,0.5099406838417053,21,0.7558224201202393,1.0,1.0,1.0,0.4900593161582947,1.0,0.0,1.0
GCN,320,2641,2,1,2,-3.3458738327026367,3.8005599975585938,7.1464338302612305,0.8660253286361694,0.05231768637895584,-0.0005179792060516775,0.5903699994087219,0.08788393437862396,0.23796892762410005,0,0.0,0.039078855547801813,56,0.532692015171051,1.0,0.5778063849811049,0.9940915805022157,70.92667388916016,0.9974150664697193,0.5861720442771912,0.9996307237813885,0.5861720442771912,0.9996307237813885,4.5625303535246076e-09,5.101064015633483e-09,6.038607125447015e-08,1.0,0.532692015171051,0.38490018248558044,52,0.8588470220565796,1.0,1.0,1.0,0.6150997877120972,1.0,4.656612873077393e-10,1.0
GCN,320,2642,2,1,4,-5.945146083831787,2.06166410446167,8.006810188293457,0.7499998807907104,0.034271951764822006,0.0,0.6437574625015259,0.047299616038799286,0.1330049261083744,0,0.0,0.04954640614096301,71,0.504448413848877,1.0,0.6244633516457144,0.9948301329394387,77.30757141113281,0.9996307237813885,0.6393662691116333,1.0,0.6393662691116333,1.0,6.7801306791182014e-09,3.05212459750237e-08,6.101754479459487e-08,1.0,0.504448413848877,0.3274019956588745,66,0.6663497686386108,1.0,1.0,1.0,0.6725980043411255,1.0,0.0,1.0
GCN,320,2646,4,1,1,-3.922269105911255,3.2728965282440186,7.195165634155273,0.9486831426620483,0.0707089975476265,0.0,0.551090657711029,0.12670285999774933,0.41114058355437666,1,0.0,0.030006978367062107,43,0.5425822734832764,1.0,0.538126644526327,0.9889217134416544,66.59776306152344,0.9948301329394387,0.5466263890266418,0.9988921713441654,0.5466263890266418,0.9988921713441654,0.0,1.066964072649057e-09,2.0825006163960325e-09,1.0,0.5425822734832764,0.42806798219680786,38,0.9368195533752441,1.0,1.0,1.0,0.5719320178031921,1.0,0.0,1.0
GCN,320,2647,4,1,3,-3.519763469696045,2.940866231918335,6.46062970161438,0.8017836213111877,0.0396854393184185,0.0,0.602107584476471,0.0629412829875946,0.20386510041682457,0,0.0,0.051639916259595256,74,0.503951907157898,1.0,0.5859591416494856,0.9940915805022157,72.14753723144531,0.9977843426883308,0.5978050231933594,0.9996307237813885,0.5978050231933594,0.9996307237813885,4.5625303535246076e-09,4.679837850574131e-09,9.287010271918916e-09,1.0,0.5039518475532532,0.37146154046058655,69,0.7656595706939697,1.0000001192092896,1.0,1.0000001192092896,0.6285384893417358,1.0,0.0,1.0
GCN,320,2653,0,1,2,-0.18208551406860352,5.480367183685303,5.662452697753906,0.8660253286361694,0.05294527858495712,-0.0574619397521019,0.5754550695419312,0.08592093735933304,0.23114816218264495,0,0.0,0.040474528960223306,58,0.5158709287643433,1.0,0.5612494820420354,0.9929837518463811,69.04712677001953,0.9970457902511078,0.5711127519607544,0.9992614475627769,0.5711127519607544,0.9992614475627769,8.736580348056577e-09,3.1168013947535655e-08,6.217565839961026e-08,1.0,0.515870988368988,0.40432342886924744,54,0.8087489604949951,1.0,1.0,1.0,0.5956765413284302,1.0,2.0954757928848267e-08,1.0
GCN,320,2658,2,1,1,-4.550223350524902,3.9290623664855957,8.479285717010498,0.9486831426620483,0.07463280111551285,0.0,0.5279245972633362,0.13824421167373657,0.45073891625615764,1,0.0,0.030704815073272853,44,0.5187366604804993,1.0,0.517233449502427,0.9859675036927622,63.58074188232422,0.991506646971935,0.5222361087799072,0.9985228951255539,0.5222361087799072,0.9985228951255539,0.0,3.0054099653398225e-08,6.007362429727436e-08,1.0,0.5187366008758545,0.4532034993171692,39,0.9277058243751526,1.0,1.0,1.0,0.5467965006828308,1.0,0.0,1.0
GCN,320,2668,3,1,5,-3.597517251968384,3.620276927947998,7.217794179916382,0.7071066498756409,0.02500685304403305,-0.0004424988874234259,0.6839248538017273,0.0396808423101902,0.10837438423645321,0,0.0,0.06489881367759945,93,0.5058621168136597,1.0,0.6618861944748633,0.9955686853766618,81.8612060546875,1.0,0.6798028945922852,1.0,0.6798028945922852,1.0,6.683496867054828e-09,6.372077532290632e-09,1.260063520192034e-08,1.0,0.5058621168136597,0.2846027612686157,89,0.7673882246017456,0.9999999403953552,1.0,0.9999999403953552,0.7153972387313843,1.0,2.3283064365386963e-10,1.0
GCN,320,2669,3,1,1,-3.6850674152374268,3.983786106109619,7.668853521347046,0.9486831426620483,0.08908270299434662,0.0,0.47719284892082214,0.16949176788330078,0.5759757483895415,1,0.0,0.025819958129797628,37,0.4649110436439514,1.0,0.47229772163663797,0.9711964549483013,57.47319030761719,0.9782127031019202,0.4729544520378113,0.9981536189069424,0.4729544520378113,0.9981536189069424,1.0030650976489142e-08,3.14476551466214e-08,6.339278968425788e-08,1.0,0.46491101384162903,0.5099406838417053,32,0.8613315224647522,1.0,1.0,1.0,0.4900593161582947,1.0,0.0,1.0
GCN,320,2681,4,1,5,-2.077357053756714,2.956254243850708,5.033611297607422,0.7071066498756409,0.04261180758476257,-0.059238236397504807,0.5421307682991028,0.2865409851074219,0.8592269799166351,1,0.0,0.056524773203070484,81,0.39640748500823975,1.0,0.5226107373685327,0.9863367799113737,65.01507568359375,0.9937223042836041,0.5375245213508606,0.9988921713441654,0.5375245213508606,0.9988921713441654,1.329379362147165e-08,3.1556929513953946e-08,6.507936944899484e-08,1.0,0.39640742540359497,0.43939512968063354,77,0.6850107908248901,1.0000001192092896,1.0,1.0000001192092896,0.5606048703193665,1.0,2.444721758365631e-08,1.0
GCN,320,2685,2,0,4,-6.955541610717773,-0.3826479911804199,6.5728936195373535,0.7499998807907104,0.05934588238596916,0.0,0.6246085166931152,0.08922058343887329,0.2451686244789693,0,0.0,0.027913468248429867,40,0.4867277145385742,1.0,0.6049216475074337,0.9944608567208272,74.50973510742188,0.9992614475627769,0.6181036233901978,0.9996307237813885,0.6181036233901978,0.9996307237813885,9.856191418577964e-09,3.210108800999478e-08,6.444667377536462e-08,1.0,0.48672768473625183,0.351029634475708,35,0.7042770385742188,1.0000001192092896,1.0,1.0000001192092896,0.648970365524292,1.0,0.0,1.0
GCN,320,2686,3,1,2,-5.1887030601501465,3.7573373317718506,8.946040391921997,0.8660253286361694,0.09780437499284744,0.0,0.6050289869308472,0.15904204547405243,0.5454717696097007,1,0.0,0.015352407536636426,22,0.5391829609870911,1.0,0.592936812233046,0.9944608567208272,73.06318664550781,0.9985228951255539,0.6002445220947266,0.9996307237813885,0.6002445220947266,0.9996307237813885,1.2904783908140871e-08,6.053775791770022e-08,6.276097508362e-08,1.0,0.5391830205917358,0.3774050772190094,17,0.8520408868789673,1.0,1.0,1.0,0.622594952583313,1.0,0.0,1.0
GCN,320,2689,2,1,2,-4.530862808227539,3.933223009109497,8.464085817337036,0.8660253286361694,0.08940719068050385,0.0,0.5652242302894592,0.1611890345811844,0.5492610837438424,1,0.0,0.024424284717376135,35,0.504096508026123,1.0,0.5519792230676479,0.990029542097489,67.88008880615234,0.9966765140324964,0.5587173104286194,0.9988921713441654,0.5587173104286194,0.9988921713441654,0.0,5.961283022770658e-08,1.1922566045541316e-07,1.0,0.5040965676307678,0.417919397354126,30,0.8824994564056396,0.9999998807907104,1.0,0.9999998807907104,0.582080602645874,1.0,0.0,1.0
GCN,320,2690,6,1,1,0.3140016794204712,5.075708389282227,4.761706709861755,0.9486831426620483,0.15704141557216644,0.0,0.49628394842147827,0.3198724687099457,0.9010989010989011,1,0.0,0.015352407536636426,22,0.4649110436439514,1.0,0.4789075997661842,0.9759970457902511,57.854671478271484,0.9793205317577548,0.47290346026420593,0.9981536189069424,0.47290346026420593,0.9981536189069424,1.053671194739536e-08,3.1612707118711114e-08,6.377147343528122e-08,1.0,0.46491101384162903,0.5099406838417053,17,0.9589899778366089,1.0,1.0,1.0,0.4900593161582947,1.0,0.0,1.0
GCN,320,2699,3,1,1,-2.7832155227661133,5.590471267700195,8.373686790466309,0.9486831426620483,0.08612877875566483,0.0,0.509946346282959,0.16473552584648132,0.5625236832133383,1,0.0,0.025819958129797628,37,0.49863380193710327,1.0,0.5043255443977946,0.9844903988183161,63.187889099121094,0.9911373707533235,0.5057499408721924,0.9985228951255539,0.5057499408721924,0.9985228951255539,9.497663988611293e-09,3.12791321732675e-08,6.257408813326037e-08,1.0,0.49863380193710327,0.47439372539520264,32,0.9253044128417969,1.0,1.0,1.0,0.5256062746047974,1.0,0.0,1.0
GCN,320,2700,3,1,1,-1.9634380340576172,5.645096778869629,7.608534812927246,0.9486831426620483,0.08699715882539749,-0.0011377261253073812,0.5102127194404602,0.16633334755897522,0.563849943160288,1,0.0,0.02372644801116539,34,0.49863380193710327,1.0,0.5032106670163276,0.9844903988183161,61.57094192504883,0.9881831610044313,0.505482017993927,0.9985228951255539,0.505482017993927,0.9985228951255539,6.969380184074225e-09,3.0557636421235657e-08,6.112337302965898e-08,1.0,0.49863380193710327,0.47439372539520264,30,0.9171635508537292,0.9999999403953552,1.0,0.9999999403953552,0.5256062746047974,1.0,9.313225746154785e-10,1.0
GCN,320,2702,0,1,2,0.3134274482727051,7.345138072967529,7.031710624694824,0.8660253286361694,0.05912607163190842,-0.0021194475702941418,0.6210536956787109,0.08987896889448166,0.2478211443728685,0,0.0,0.025819958129797628,37,0.5598194599151611,1.0,0.6049400974993939,0.9944608567208272,74.44439697265625,0.9992614475627769,0.6158044338226318,0.9996307237813885,0.6158044338226318,0.9996307237813885,6.969380184074225e-09,7.065940277328764e-09,6.093004145668601e-08,1.0,0.5598194599151611,0.353576123714447,33,0.8175961971282959,1.0,1.0,1.0,0.646423876285553,1.0,4.656612873077393e-10,1.0
GCN,320,2707,3,1,4,-5.348040580749512,2.137216329574585,7.485256910324097,0.7499998807907104,0.03268706053495407,0.0,0.6802307367324829,0.04961366206407547,0.15289882531261842,0,0.0,0.05512909979064899,79,0.5332789421081543,1.0,0.6588992051925532,0.9955686853766618,81.44835662841797,1.0,0.6763799786567688,1.0,0.6763799786567688,1.0,2.4750237415105403e-09,5.963419624777089e-08,5.971200067733662e-08,1.0,0.5332789421081543,0.2889613211154938,74,0.7743598818778992,1.0,1.0,1.0,0.7110387086868286,1.0,0.0,1.0
